"participant","type","svo_angle","luck","merit","political_orientation","economic_ideology","social_ideology","pair","type_in_pair","coop","coop_rel","earn","earn_rel"
"R_1eFTHBHeb8TwvkL","HH",34.88,3,2,3,3,3,"HHHH","HH",75,100,NA,50.1960784313725
"R_1eFTHBHeb8TwvkL","HH",34.88,3,2,3,3,3,"HHHL","HH",75,100,NA,50.2222222222222
"R_1eFTHBHeb8TwvkL","HH",34.88,3,2,3,3,3,"HHHL","HL",75,100,NA,50.2222222222222
"R_1eFTHBHeb8TwvkL","HH",34.88,3,2,3,3,3,"HHLH","HH",75,100,NA,50.5882352941176
"R_1eFTHBHeb8TwvkL","HH",34.88,3,2,3,3,3,"HHLH","LH",25,100,NA,50
"R_1eFTHBHeb8TwvkL","HH",34.88,3,2,3,3,3,"HHLL","HH",75,100,NA,50.625
"R_1eFTHBHeb8TwvkL","HH",34.88,3,2,3,3,3,"HHLL","LL",25,100,NA,50
"R_1eFTHBHeb8TwvkL","HH",34.88,3,2,3,3,3,"HLHL","HL",75,100,NA,50.2564102564103
"R_1eFTHBHeb8TwvkL","HH",34.88,3,2,3,3,3,"HLLH","HL",75,100,NA,50.7142857142857
"R_1eFTHBHeb8TwvkL","HH",34.88,3,2,3,3,3,"HLLH","LH",25,100,NA,50
"R_1eFTHBHeb8TwvkL","HH",34.88,3,2,3,3,3,"HLLL","HL",75,100,NA,50.7692307692308
"R_1eFTHBHeb8TwvkL","HH",34.88,3,2,3,3,3,"HLLL","LL",25,100,NA,50
"R_1eFTHBHeb8TwvkL","HH",34.88,3,2,3,3,3,"LHLH","LH",25,100,NA,50.5882352941176
"R_1eFTHBHeb8TwvkL","HH",34.88,3,2,3,3,3,"LHLL","LH",25,100,NA,50.6666666666667
"R_1eFTHBHeb8TwvkL","HH",34.88,3,2,3,3,3,"LHLL","LL",25,100,NA,50.6666666666667
"R_1eFTHBHeb8TwvkL","HH",34.88,3,2,3,3,3,"LLLL","LL",25,100,NA,50.7692307692308
"R_3dEuhLYzSJsiF3w","HH",30.43,1,2,1,6,1,"HHHH","HH",30,40,NA,50.1960784313725
"R_3dEuhLYzSJsiF3w","HH",30.43,1,2,1,6,1,"HHHL","HH",30,40,NA,56
"R_3dEuhLYzSJsiF3w","HH",30.43,1,2,1,6,1,"HHHL","HL",40,53.3333333333333,NA,44.4444444444444
"R_3dEuhLYzSJsiF3w","HH",30.43,1,2,1,6,1,"HHLH","HH",30,40,NA,58.8235294117647
"R_3dEuhLYzSJsiF3w","HH",30.43,1,2,1,6,1,"HHLH","LH",15,60,NA,41.7647058823529
"R_3dEuhLYzSJsiF3w","HH",30.43,1,2,1,6,1,"HHLL","HH",30,40,NA,75
"R_3dEuhLYzSJsiF3w","HH",30.43,1,2,1,6,1,"HHLL","LL",15,60,NA,25.625
"R_3dEuhLYzSJsiF3w","HH",30.43,1,2,1,6,1,"HLHL","HL",30,40,NA,50.2564102564103
"R_3dEuhLYzSJsiF3w","HH",30.43,1,2,1,6,1,"HLLH","HL",30,40,NA,57.8571428571429
"R_3dEuhLYzSJsiF3w","HH",30.43,1,2,1,6,1,"HLLH","LH",15,60,NA,42.8571428571429
"R_3dEuhLYzSJsiF3w","HH",30.43,1,2,1,6,1,"HLLL","HL",30,40,NA,53.0769230769231
"R_3dEuhLYzSJsiF3w","HH",30.43,1,2,1,6,1,"HLLL","LL",15,60,NA,47.6923076923077
"R_3dEuhLYzSJsiF3w","HH",30.43,1,2,1,6,1,"LHLH","LH",15,60,NA,50.5882352941176
"R_3dEuhLYzSJsiF3w","HH",30.43,1,2,1,6,1,"LHLL","LH",15,60,NA,50.6666666666667
"R_3dEuhLYzSJsiF3w","HH",30.43,1,2,1,6,1,"LHLL","LL",15,60,NA,50.6666666666667
"R_3dEuhLYzSJsiF3w","HH",30.43,1,2,1,6,1,"LLLL","LL",15,60,NA,50.7692307692308
"R_2f9HpGzCTjCXCXP","HH",34.88,4,2,2,4,2,"HHHH","HH",75,100,NA,50.1960784313725
"R_2f9HpGzCTjCXCXP","HH",34.88,4,2,2,4,2,"HHHL","HH",60,80,NA,50.2222222222222
"R_2f9HpGzCTjCXCXP","HH",34.88,4,2,2,4,2,"HHHL","HL",75,100,NA,50.2222222222222
"R_2f9HpGzCTjCXCXP","HH",34.88,4,2,2,4,2,"HHLH","HH",25,33.3333333333333,NA,50.2941176470588
"R_2f9HpGzCTjCXCXP","HH",34.88,4,2,2,4,2,"HHLH","LH",25,100,NA,50.2941176470588
"R_2f9HpGzCTjCXCXP","HH",34.88,4,2,2,4,2,"HHLL","HH",10,13.3333333333333,NA,50.3125
"R_2f9HpGzCTjCXCXP","HH",34.88,4,2,2,4,2,"HHLL","LL",10,40,NA,50.3125
"R_2f9HpGzCTjCXCXP","HH",34.88,4,2,2,4,2,"HLHL","HL",75,100,NA,50.2564102564103
"R_2f9HpGzCTjCXCXP","HH",34.88,4,2,2,4,2,"HLLH","HL",30,40,NA,50.3571428571429
"R_2f9HpGzCTjCXCXP","HH",34.88,4,2,2,4,2,"HLLH","LH",25,100,NA,50.3571428571429
"R_2f9HpGzCTjCXCXP","HH",34.88,4,2,2,4,2,"HLLL","HL",25,33.3333333333333,NA,50.3846153846154
"R_2f9HpGzCTjCXCXP","HH",34.88,4,2,2,4,2,"HLLL","LL",25,100,NA,50.3846153846154
"R_2f9HpGzCTjCXCXP","HH",34.88,4,2,2,4,2,"LHLH","LH",25,100,NA,50.5882352941176
"R_2f9HpGzCTjCXCXP","HH",34.88,4,2,2,4,2,"LHLL","LH",10,40,NA,50.6666666666667
"R_2f9HpGzCTjCXCXP","HH",34.88,4,2,2,4,2,"LHLL","LL",10,40,NA,50.6666666666667
"R_2f9HpGzCTjCXCXP","HH",34.88,4,2,2,4,2,"LLLL","LL",25,100,NA,50.7692307692308
"R_phDrYC2Bcf9FUvT","HH",7.82,3,4,4,4,4,"HHHH","HH",30,40,NA,50.1960784313725
"R_phDrYC2Bcf9FUvT","HH",7.82,3,4,4,4,4,"HHHL","HH",30,40,NA,50.2222222222222
"R_phDrYC2Bcf9FUvT","HH",7.82,3,4,4,4,4,"HHHL","HL",20,26.6666666666667,NA,50.2222222222222
"R_phDrYC2Bcf9FUvT","HH",7.82,3,4,4,4,4,"HHLH","HH",30,40,NA,50.2941176470588
"R_phDrYC2Bcf9FUvT","HH",7.82,3,4,4,4,4,"HHLH","LH",10,40,NA,50.2941176470588
"R_phDrYC2Bcf9FUvT","HH",7.82,3,4,4,4,4,"HHLL","HH",35,46.6666666666667,NA,50.3125
"R_phDrYC2Bcf9FUvT","HH",7.82,3,4,4,4,4,"HHLL","LL",10,40,NA,50.3125
"R_phDrYC2Bcf9FUvT","HH",7.82,3,4,4,4,4,"HLHL","HL",25,33.3333333333333,NA,50.2564102564103
"R_phDrYC2Bcf9FUvT","HH",7.82,3,4,4,4,4,"HLLH","HL",25,33.3333333333333,NA,50.3571428571429
"R_phDrYC2Bcf9FUvT","HH",7.82,3,4,4,4,4,"HLLH","LH",10,40,NA,50.3571428571429
"R_phDrYC2Bcf9FUvT","HH",7.82,3,4,4,4,4,"HLLL","HL",30,40,NA,50.3846153846154
"R_phDrYC2Bcf9FUvT","HH",7.82,3,4,4,4,4,"HLLL","LL",10,40,NA,50.3846153846154
"R_phDrYC2Bcf9FUvT","HH",7.82,3,4,4,4,4,"LHLH","LH",15,60,NA,50.5882352941176
"R_phDrYC2Bcf9FUvT","HH",7.82,3,4,4,4,4,"LHLL","LH",15,60,NA,50.6666666666667
"R_phDrYC2Bcf9FUvT","HH",7.82,3,4,4,4,4,"LHLL","LL",10,40,NA,50.6666666666667
"R_phDrYC2Bcf9FUvT","HH",7.82,3,4,4,4,4,"LLLL","LL",10,40,NA,50.7692307692308
"R_25MhNjDR5Kcw99l","HH",-11.58,1,1,2,1,1,"HHHH","HH",20,26.6666666666667,NA,50.1960784313725
"R_25MhNjDR5Kcw99l","HH",-11.58,1,1,2,1,1,"HHHL","HH",20,26.6666666666667,NA,88.8888888888889
"R_25MhNjDR5Kcw99l","HH",-11.58,1,1,2,1,1,"HHHL","HL",30,40,NA,11.5555555555556
"R_25MhNjDR5Kcw99l","HH",-11.58,1,1,2,1,1,"HHLH","HH",30,40,NA,100.588235294118
"R_25MhNjDR5Kcw99l","HH",-11.58,1,1,2,1,1,"HHLH","LH",15,60,NA,0
"R_25MhNjDR5Kcw99l","HH",-11.58,1,1,2,1,1,"HHLL","HH",45,60,NA,62.5
"R_25MhNjDR5Kcw99l","HH",-11.58,1,1,2,1,1,"HHLL","LL",20,80,NA,38.125
"R_25MhNjDR5Kcw99l","HH",-11.58,1,1,2,1,1,"HLHL","HL",30,40,NA,51.2820512820513
"R_25MhNjDR5Kcw99l","HH",-11.58,1,1,2,1,1,"HLLH","HL",15,20,NA,64.2857142857143
"R_25MhNjDR5Kcw99l","HH",-11.58,1,1,2,1,1,"HLLH","LH",15,60,NA,36.4285714285714
"R_25MhNjDR5Kcw99l","HH",-11.58,1,1,2,1,1,"HLLL","HL",20,26.6666666666667,NA,23.0769230769231
"R_25MhNjDR5Kcw99l","HH",-11.58,1,1,2,1,1,"HLLL","LL",10,40,NA,77.6923076923077
"R_25MhNjDR5Kcw99l","HH",-11.58,1,1,2,1,1,"LHLH","LH",15,60,NA,50.5882352941176
"R_25MhNjDR5Kcw99l","HH",-11.58,1,1,2,1,1,"LHLL","LH",15,60,NA,1.33333333333333
"R_25MhNjDR5Kcw99l","HH",-11.58,1,1,2,1,1,"LHLL","LL",15,60,NA,100
"R_25MhNjDR5Kcw99l","HH",-11.58,1,1,2,1,1,"LLLL","LL",10,40,NA,50.7692307692308
"R_3D0Uq4ctL23d3kf","HH",7.82,4,1,3,3,2,"HHHH","HH",75,100,NA,50.1960784313725
"R_3D0Uq4ctL23d3kf","HH",7.82,4,1,3,3,2,"HHHL","HH",60,80,NA,50.2222222222222
"R_3D0Uq4ctL23d3kf","HH",7.82,4,1,3,3,2,"HHHL","HL",60,80,NA,50.2222222222222
"R_3D0Uq4ctL23d3kf","HH",7.82,4,1,3,3,2,"HHLH","HH",60,80,NA,50.2941176470588
"R_3D0Uq4ctL23d3kf","HH",7.82,4,1,3,3,2,"HHLH","LH",15,60,NA,50.2941176470588
"R_3D0Uq4ctL23d3kf","HH",7.82,4,1,3,3,2,"HHLL","HH",60,80,NA,50.3125
"R_3D0Uq4ctL23d3kf","HH",7.82,4,1,3,3,2,"HHLL","LL",15,60,NA,50.3125
"R_3D0Uq4ctL23d3kf","HH",7.82,4,1,3,3,2,"HLHL","HL",50,66.6666666666667,NA,50.2564102564103
"R_3D0Uq4ctL23d3kf","HH",7.82,4,1,3,3,2,"HLLH","HL",50,66.6666666666667,NA,50.3571428571429
"R_3D0Uq4ctL23d3kf","HH",7.82,4,1,3,3,2,"HLLH","LH",15,60,NA,50.3571428571429
"R_3D0Uq4ctL23d3kf","HH",7.82,4,1,3,3,2,"HLLL","HL",50,66.6666666666667,NA,50.3846153846154
"R_3D0Uq4ctL23d3kf","HH",7.82,4,1,3,3,2,"HLLL","LL",20,80,NA,50.3846153846154
"R_3D0Uq4ctL23d3kf","HH",7.82,4,1,3,3,2,"LHLH","LH",25,100,NA,50.5882352941176
"R_3D0Uq4ctL23d3kf","HH",7.82,4,1,3,3,2,"LHLL","LH",15,60,NA,50.6666666666667
"R_3D0Uq4ctL23d3kf","HH",7.82,4,1,3,3,2,"LHLL","LL",15,60,NA,50.6666666666667
"R_3D0Uq4ctL23d3kf","HH",7.82,4,1,3,3,2,"LLLL","LL",20,80,NA,50.7692307692308
"R_xsgvbGAR7CGVYOt","HH",30.09,3,3,4,4,4,"HHHH","HH",20,26.6666666666667,NA,50.1960784313725
"R_xsgvbGAR7CGVYOt","HH",30.09,3,3,4,4,4,"HHHL","HH",20,26.6666666666667,NA,50.2222222222222
"R_xsgvbGAR7CGVYOt","HH",30.09,3,3,4,4,4,"HHHL","HL",20,26.6666666666667,NA,50.2222222222222
"R_xsgvbGAR7CGVYOt","HH",30.09,3,3,4,4,4,"HHLH","HH",20,26.6666666666667,NA,50.5882352941176
"R_xsgvbGAR7CGVYOt","HH",30.09,3,3,4,4,4,"HHLH","LH",10,40,NA,50
"R_xsgvbGAR7CGVYOt","HH",30.09,3,3,4,4,4,"HHLL","HH",20,26.6666666666667,NA,50
"R_xsgvbGAR7CGVYOt","HH",30.09,3,3,4,4,4,"HHLL","LL",10,40,NA,50.625
"R_xsgvbGAR7CGVYOt","HH",30.09,3,3,4,4,4,"HLHL","HL",20,26.6666666666667,NA,50.2564102564103
"R_xsgvbGAR7CGVYOt","HH",30.09,3,3,4,4,4,"HLLH","HL",20,26.6666666666667,NA,36.4285714285714
"R_xsgvbGAR7CGVYOt","HH",30.09,3,3,4,4,4,"HLLH","LH",10,40,NA,64.2857142857143
"R_xsgvbGAR7CGVYOt","HH",30.09,3,3,4,4,4,"HLLL","HL",20,26.6666666666667,NA,23.8461538461538
"R_xsgvbGAR7CGVYOt","HH",30.09,3,3,4,4,4,"HLLL","LL",10,40,NA,76.9230769230769
"R_xsgvbGAR7CGVYOt","HH",30.09,3,3,4,4,4,"LHLH","LH",10,40,NA,50.5882352941176
"R_xsgvbGAR7CGVYOt","HH",30.09,3,3,4,4,4,"LHLL","LH",10,40,NA,48
"R_xsgvbGAR7CGVYOt","HH",30.09,3,3,4,4,4,"LHLL","LL",10,40,NA,53.3333333333333
"R_xsgvbGAR7CGVYOt","HH",30.09,3,3,4,4,4,"LLLL","LL",10,40,NA,50.7692307692308
"R_BGpFdMWabLAWWOJ","HH",37.48,4,1,1,1,1,"HHHH","HH",60,80,NA,50.1960784313725
"R_BGpFdMWabLAWWOJ","HH",37.48,4,1,1,1,1,"HHHL","HH",60,80,NA,56.8888888888889
"R_BGpFdMWabLAWWOJ","HH",37.48,4,1,1,1,1,"HHHL","HL",60,80,NA,43.5555555555556
"R_BGpFdMWabLAWWOJ","HH",37.48,4,1,1,1,1,"HHLH","HH",60,80,NA,52.9411764705882
"R_BGpFdMWabLAWWOJ","HH",37.48,4,1,1,1,1,"HHLH","LH",15,60,NA,47.6470588235294
"R_BGpFdMWabLAWWOJ","HH",37.48,4,1,1,1,1,"HHLL","HH",60,80,NA,50.625
"R_BGpFdMWabLAWWOJ","HH",37.48,4,1,1,1,1,"HHLL","LL",15,60,NA,50
"R_BGpFdMWabLAWWOJ","HH",37.48,4,1,1,1,1,"HLHL","HL",60,80,NA,50.2564102564103
"R_BGpFdMWabLAWWOJ","HH",37.48,4,1,1,1,1,"HLLH","HL",60,80,NA,70
"R_BGpFdMWabLAWWOJ","HH",37.48,4,1,1,1,1,"HLLH","LH",15,60,NA,30.7142857142857
"R_BGpFdMWabLAWWOJ","HH",37.48,4,1,1,1,1,"HLLL","HL",60,80,NA,53.8461538461538
"R_BGpFdMWabLAWWOJ","HH",37.48,4,1,1,1,1,"HLLL","LL",15,60,NA,46.9230769230769
"R_BGpFdMWabLAWWOJ","HH",37.48,4,1,1,1,1,"LHLH","LH",15,60,NA,50.5882352941176
"R_BGpFdMWabLAWWOJ","HH",37.48,4,1,1,1,1,"LHLL","LH",15,60,NA,57.3333333333333
"R_BGpFdMWabLAWWOJ","HH",37.48,4,1,1,1,1,"LHLL","LL",15,60,NA,44
"R_BGpFdMWabLAWWOJ","HH",37.48,4,1,1,1,1,"LLLL","LL",15,60,NA,50.7692307692308
"R_2ykdrynFXLdzR3K","HH",7.82,4,2,3,5,3,"HHHH","HH",35,46.6666666666667,NA,50.1960784313725
"R_2ykdrynFXLdzR3K","HH",7.82,4,2,3,5,3,"HHHL","HH",30,40,NA,50.2222222222222
"R_2ykdrynFXLdzR3K","HH",7.82,4,2,3,5,3,"HHHL","HL",30,40,NA,50.2222222222222
"R_2ykdrynFXLdzR3K","HH",7.82,4,2,3,5,3,"HHLH","HH",30,40,NA,70.5882352941177
"R_2ykdrynFXLdzR3K","HH",7.82,4,2,3,5,3,"HHLH","LH",20,80,NA,30
"R_2ykdrynFXLdzR3K","HH",7.82,4,2,3,5,3,"HHLL","HH",30,40,NA,68.75
"R_2ykdrynFXLdzR3K","HH",7.82,4,2,3,5,3,"HHLL","LL",20,80,NA,31.875
"R_2ykdrynFXLdzR3K","HH",7.82,4,2,3,5,3,"HLHL","HL",30,40,NA,50.2564102564103
"R_2ykdrynFXLdzR3K","HH",7.82,4,2,3,5,3,"HLLH","HL",30,40,NA,64.2857142857143
"R_2ykdrynFXLdzR3K","HH",7.82,4,2,3,5,3,"HLLH","LH",15,60,NA,36.4285714285714
"R_2ykdrynFXLdzR3K","HH",7.82,4,2,3,5,3,"HLLL","HL",30,40,NA,69.2307692307692
"R_2ykdrynFXLdzR3K","HH",7.82,4,2,3,5,3,"HLLL","LL",20,80,NA,31.5384615384615
"R_2ykdrynFXLdzR3K","HH",7.82,4,2,3,5,3,"LHLH","LH",20,80,NA,50.5882352941176
"R_2ykdrynFXLdzR3K","HH",7.82,4,2,3,5,3,"LHLL","LH",20,80,NA,50.6666666666667
"R_2ykdrynFXLdzR3K","HH",7.82,4,2,3,5,3,"LHLL","LL",20,80,NA,50.6666666666667
"R_2ykdrynFXLdzR3K","HH",7.82,4,2,3,5,3,"LLLL","LL",25,100,NA,50.7692307692308
"R_vfsRkn3slEUmhxL","HH",33.43,4,2,5,3,5,"HHHH","HH",50,66.6666666666667,NA,50.1960784313725
"R_vfsRkn3slEUmhxL","HH",33.43,4,2,5,3,5,"HHHL","HH",50,66.6666666666667,NA,56
"R_vfsRkn3slEUmhxL","HH",33.43,4,2,5,3,5,"HHHL","HL",40,53.3333333333333,NA,44.4444444444444
"R_vfsRkn3slEUmhxL","HH",33.43,4,2,5,3,5,"HHLH","HH",50,66.6666666666667,NA,35.8823529411765
"R_vfsRkn3slEUmhxL","HH",33.43,4,2,5,3,5,"HHLH","LH",15,60,NA,64.7058823529412
"R_vfsRkn3slEUmhxL","HH",33.43,4,2,5,3,5,"HHLL","HH",50,66.6666666666667,NA,75
"R_vfsRkn3slEUmhxL","HH",33.43,4,2,5,3,5,"HHLL","LL",15,60,NA,25.625
"R_vfsRkn3slEUmhxL","HH",33.43,4,2,5,3,5,"HLHL","HL",50,66.6666666666667,NA,50.2564102564103
"R_vfsRkn3slEUmhxL","HH",33.43,4,2,5,3,5,"HLLH","HL",40,53.3333333333333,NA,57.1428571428571
"R_vfsRkn3slEUmhxL","HH",33.43,4,2,5,3,5,"HLLH","LH",15,60,NA,43.5714285714286
"R_vfsRkn3slEUmhxL","HH",33.43,4,2,5,3,5,"HLLL","HL",50,66.6666666666667,NA,76.9230769230769
"R_vfsRkn3slEUmhxL","HH",33.43,4,2,5,3,5,"HLLL","LL",15,60,NA,23.8461538461538
"R_vfsRkn3slEUmhxL","HH",33.43,4,2,5,3,5,"LHLH","LH",15,60,NA,50.5882352941176
"R_vfsRkn3slEUmhxL","HH",33.43,4,2,5,3,5,"LHLL","LH",15,60,NA,53.3333333333333
"R_vfsRkn3slEUmhxL","HH",33.43,4,2,5,3,5,"LHLL","LL",12,48,NA,48
"R_vfsRkn3slEUmhxL","HH",33.43,4,2,5,3,5,"LLLL","LL",15,60,NA,50.7692307692308
"R_2zwpOrQ7dFnOTXu","HH",22.57,4,2,4,5,4,"HHHH","HH",0,0,NA,50.1960784313725
"R_2zwpOrQ7dFnOTXu","HH",22.57,4,2,4,5,4,"HHHL","HH",30,40,NA,50.2222222222222
"R_2zwpOrQ7dFnOTXu","HH",22.57,4,2,4,5,4,"HHHL","HL",50,66.6666666666667,NA,50.2222222222222
"R_2zwpOrQ7dFnOTXu","HH",22.57,4,2,4,5,4,"HHLH","HH",40,53.3333333333333,NA,50
"R_2zwpOrQ7dFnOTXu","HH",22.57,4,2,4,5,4,"HHLH","LH",10,40,NA,50.5882352941176
"R_2zwpOrQ7dFnOTXu","HH",22.57,4,2,4,5,4,"HHLL","HH",50,66.6666666666667,NA,50
"R_2zwpOrQ7dFnOTXu","HH",22.57,4,2,4,5,4,"HHLL","LL",20,80,NA,50.625
"R_2zwpOrQ7dFnOTXu","HH",22.57,4,2,4,5,4,"HLHL","HL",10,13.3333333333333,NA,50.2564102564103
"R_2zwpOrQ7dFnOTXu","HH",22.57,4,2,4,5,4,"HLLH","HL",20,26.6666666666667,NA,29.2857142857143
"R_2zwpOrQ7dFnOTXu","HH",22.57,4,2,4,5,4,"HLLH","LH",10,40,NA,71.4285714285714
"R_2zwpOrQ7dFnOTXu","HH",22.57,4,2,4,5,4,"HLLL","HL",30,40,NA,50
"R_2zwpOrQ7dFnOTXu","HH",22.57,4,2,4,5,4,"HLLL","LL",10,40,NA,50.7692307692308
"R_2zwpOrQ7dFnOTXu","HH",22.57,4,2,4,5,4,"LHLH","LH",10,40,NA,50.5882352941176
"R_2zwpOrQ7dFnOTXu","HH",22.57,4,2,4,5,4,"LHLL","LH",5,20,NA,50.6666666666667
"R_2zwpOrQ7dFnOTXu","HH",22.57,4,2,4,5,4,"LHLL","LL",0,0,NA,50.6666666666667
"R_2zwpOrQ7dFnOTXu","HH",22.57,4,2,4,5,4,"LLLL","LL",0,0,NA,50.7692307692308
"R_1flsjLvQmts3bYJ","HH",34.88,3,1,2,2,2,"HHHH","HH",75,100,NA,50.1960784313725
"R_1flsjLvQmts3bYJ","HH",34.88,3,1,2,2,2,"HHHL","HH",75,100,NA,50.2222222222222
"R_1flsjLvQmts3bYJ","HH",34.88,3,1,2,2,2,"HHHL","HL",75,100,NA,50.2222222222222
"R_1flsjLvQmts3bYJ","HH",34.88,3,1,2,2,2,"HHLH","HH",75,100,NA,50.5882352941176
"R_1flsjLvQmts3bYJ","HH",34.88,3,1,2,2,2,"HHLH","LH",25,100,NA,50
"R_1flsjLvQmts3bYJ","HH",34.88,3,1,2,2,2,"HHLL","HH",75,100,NA,50.625
"R_1flsjLvQmts3bYJ","HH",34.88,3,1,2,2,2,"HHLL","LL",25,100,NA,50
"R_1flsjLvQmts3bYJ","HH",34.88,3,1,2,2,2,"HLHL","HL",75,100,NA,50.2564102564103
"R_1flsjLvQmts3bYJ","HH",34.88,3,1,2,2,2,"HLLH","HL",75,100,NA,50.7142857142857
"R_1flsjLvQmts3bYJ","HH",34.88,3,1,2,2,2,"HLLH","LH",25,100,NA,50
"R_1flsjLvQmts3bYJ","HH",34.88,3,1,2,2,2,"HLLL","HL",75,100,NA,50.7692307692308
"R_1flsjLvQmts3bYJ","HH",34.88,3,1,2,2,2,"HLLL","LL",25,100,NA,50
"R_1flsjLvQmts3bYJ","HH",34.88,3,1,2,2,2,"LHLH","LH",25,100,NA,50.5882352941176
"R_1flsjLvQmts3bYJ","HH",34.88,3,1,2,2,2,"LHLL","LH",25,100,NA,50.6666666666667
"R_1flsjLvQmts3bYJ","HH",34.88,3,1,2,2,2,"LHLL","LL",25,100,NA,50.6666666666667
"R_1flsjLvQmts3bYJ","HH",34.88,3,1,2,2,2,"LLLL","LL",25,100,NA,50.7692307692308
"R_QhTRGdxnzlGvW1j","HH",34.88,4,3,5,3,3,"HHHH","HH",75,100,NA,50.1960784313725
"R_QhTRGdxnzlGvW1j","HH",34.88,4,3,5,3,3,"HHHL","HH",50,66.6666666666667,NA,56
"R_QhTRGdxnzlGvW1j","HH",34.88,4,3,5,3,3,"HHHL","HL",50,66.6666666666667,NA,44.4444444444444
"R_QhTRGdxnzlGvW1j","HH",34.88,4,3,5,3,3,"HHLH","HH",50,66.6666666666667,NA,64.7058823529412
"R_QhTRGdxnzlGvW1j","HH",34.88,4,3,5,3,3,"HHLH","LH",10,40,NA,35.8823529411765
"R_QhTRGdxnzlGvW1j","HH",34.88,4,3,5,3,3,"HHLL","HH",50,66.6666666666667,NA,68.75
"R_QhTRGdxnzlGvW1j","HH",34.88,4,3,5,3,3,"HHLL","LL",10,40,NA,31.875
"R_QhTRGdxnzlGvW1j","HH",34.88,4,3,5,3,3,"HLHL","HL",50,66.6666666666667,NA,50.2564102564103
"R_QhTRGdxnzlGvW1j","HH",34.88,4,3,5,3,3,"HLLH","HL",50,66.6666666666667,NA,64.2857142857143
"R_QhTRGdxnzlGvW1j","HH",34.88,4,3,5,3,3,"HLLH","LH",15,60,NA,36.4285714285714
"R_QhTRGdxnzlGvW1j","HH",34.88,4,3,5,3,3,"HLLL","HL",50,66.6666666666667,NA,70
"R_QhTRGdxnzlGvW1j","HH",34.88,4,3,5,3,3,"HLLL","LL",10,40,NA,30.7692307692308
"R_QhTRGdxnzlGvW1j","HH",34.88,4,3,5,3,3,"LHLH","LH",25,100,NA,50.5882352941176
"R_QhTRGdxnzlGvW1j","HH",34.88,4,3,5,3,3,"LHLL","LH",15,60,NA,50.6666666666667
"R_QhTRGdxnzlGvW1j","HH",34.88,4,3,5,3,3,"LHLL","LL",10,40,NA,50.6666666666667
"R_QhTRGdxnzlGvW1j","HH",34.88,4,3,5,3,3,"LLLL","LL",25,100,NA,50.7692307692308
"R_e5Pfw5PKY8z5gGd","HH",37.48,3,2,3,3,2,"HHHH","HH",60,80,NA,50.1960784313725
"R_e5Pfw5PKY8z5gGd","HH",37.48,3,2,3,3,2,"HHHL","HH",60,80,NA,50.2222222222222
"R_e5Pfw5PKY8z5gGd","HH",37.48,3,2,3,3,2,"HHHL","HL",60,80,NA,50.2222222222222
"R_e5Pfw5PKY8z5gGd","HH",37.48,3,2,3,3,2,"HHLH","HH",60,80,NA,50.5882352941176
"R_e5Pfw5PKY8z5gGd","HH",37.48,3,2,3,3,2,"HHLH","LH",15,60,NA,50
"R_e5Pfw5PKY8z5gGd","HH",37.48,3,2,3,3,2,"HHLL","HH",60,80,NA,50.625
"R_e5Pfw5PKY8z5gGd","HH",37.48,3,2,3,3,2,"HHLL","LL",10,40,NA,50
"R_e5Pfw5PKY8z5gGd","HH",37.48,3,2,3,3,2,"HLHL","HL",60,80,NA,50.2564102564103
"R_e5Pfw5PKY8z5gGd","HH",37.48,3,2,3,3,2,"HLLH","HL",50,66.6666666666667,NA,50.7142857142857
"R_e5Pfw5PKY8z5gGd","HH",37.48,3,2,3,3,2,"HLLH","LH",15,60,NA,50
"R_e5Pfw5PKY8z5gGd","HH",37.48,3,2,3,3,2,"HLLL","HL",50,66.6666666666667,NA,50.7692307692308
"R_e5Pfw5PKY8z5gGd","HH",37.48,3,2,3,3,2,"HLLL","LL",10,40,NA,50
"R_e5Pfw5PKY8z5gGd","HH",37.48,3,2,3,3,2,"LHLH","LH",20,80,NA,50.5882352941176
"R_e5Pfw5PKY8z5gGd","HH",37.48,3,2,3,3,2,"LHLL","LH",15,60,NA,50.6666666666667
"R_e5Pfw5PKY8z5gGd","HH",37.48,3,2,3,3,2,"LHLL","LL",10,40,NA,50.6666666666667
"R_e5Pfw5PKY8z5gGd","HH",37.48,3,2,3,3,2,"LLLL","LL",10,40,NA,50.7692307692308
"R_3fYJEm86G15nhe3","HH",34.88,2,1,4,5,4,"HHHH","HH",25,33.3333333333333,NA,50.1960784313725
"R_3fYJEm86G15nhe3","HH",34.88,2,1,4,5,4,"HHHL","HH",25,33.3333333333333,NA,50.2222222222222
"R_3fYJEm86G15nhe3","HH",34.88,2,1,4,5,4,"HHHL","HL",20,26.6666666666667,NA,50.2222222222222
"R_3fYJEm86G15nhe3","HH",34.88,2,1,4,5,4,"HHLH","HH",25,33.3333333333333,NA,50.5882352941176
"R_3fYJEm86G15nhe3","HH",34.88,2,1,4,5,4,"HHLH","LH",5,20,NA,50
"R_3fYJEm86G15nhe3","HH",34.88,2,1,4,5,4,"HHLL","HH",25,33.3333333333333,NA,50
"R_3fYJEm86G15nhe3","HH",34.88,2,1,4,5,4,"HHLL","LL",5,20,NA,50.625
"R_3fYJEm86G15nhe3","HH",34.88,2,1,4,5,4,"HLHL","HL",25,33.3333333333333,NA,50.2564102564103
"R_3fYJEm86G15nhe3","HH",34.88,2,1,4,5,4,"HLLH","HL",25,33.3333333333333,NA,50
"R_3fYJEm86G15nhe3","HH",34.88,2,1,4,5,4,"HLLH","LH",5,20,NA,50.7142857142857
"R_3fYJEm86G15nhe3","HH",34.88,2,1,4,5,4,"HLLL","HL",25,33.3333333333333,NA,50
"R_3fYJEm86G15nhe3","HH",34.88,2,1,4,5,4,"HLLL","LL",5,20,NA,50.7692307692308
"R_3fYJEm86G15nhe3","HH",34.88,2,1,4,5,4,"LHLH","LH",5,20,NA,50.5882352941176
"R_3fYJEm86G15nhe3","HH",34.88,2,1,4,5,4,"LHLL","LH",5,20,NA,50.6666666666667
"R_3fYJEm86G15nhe3","HH",34.88,2,1,4,5,4,"LHLL","LL",5,20,NA,50.6666666666667
"R_3fYJEm86G15nhe3","HH",34.88,2,1,4,5,4,"LLLL","LL",5,20,NA,50.7692307692308
"R_tVOSglhK00FeEYV","HH",-5.46,5,1,4,4,4,"HHHH","HH",35,46.6666666666667,NA,58.8235294117647
"R_tVOSglhK00FeEYV","HH",-5.46,5,1,4,4,4,"HHHL","HH",40,53.3333333333333,NA,44.4444444444444
"R_tVOSglhK00FeEYV","HH",-5.46,5,1,4,4,4,"HHHL","HL",40,53.3333333333333,NA,56
"R_tVOSglhK00FeEYV","HH",-5.46,5,1,4,4,4,"HHLH","HH",35,46.6666666666667,NA,50.5882352941176
"R_tVOSglhK00FeEYV","HH",-5.46,5,1,4,4,4,"HHLH","LH",10,40,NA,50
"R_tVOSglhK00FeEYV","HH",-5.46,5,1,4,4,4,"HHLL","HH",30,40,NA,38.125
"R_tVOSglhK00FeEYV","HH",-5.46,5,1,4,4,4,"HHLL","LL",10,40,NA,62.5
"R_tVOSglhK00FeEYV","HH",-5.46,5,1,4,4,4,"HLHL","HL",35,46.6666666666667,NA,49.2307692307692
"R_tVOSglhK00FeEYV","HH",-5.46,5,1,4,4,4,"HLLH","HL",45,60,NA,50
"R_tVOSglhK00FeEYV","HH",-5.46,5,1,4,4,4,"HLLH","LH",15,60,NA,50.7142857142857
"R_tVOSglhK00FeEYV","HH",-5.46,5,1,4,4,4,"HLLL","HL",30,40,NA,54.6153846153846
"R_tVOSglhK00FeEYV","HH",-5.46,5,1,4,4,4,"HLLL","LL",20,80,NA,46.1538461538462
"R_tVOSglhK00FeEYV","HH",-5.46,5,1,4,4,4,"LHLH","LH",15,60,NA,47.0588235294118
"R_tVOSglhK00FeEYV","HH",-5.46,5,1,4,4,4,"LHLL","LH",20,80,NA,61.3333333333333
"R_tVOSglhK00FeEYV","HH",-5.46,5,1,4,4,4,"LHLL","LL",20,80,NA,40
"R_tVOSglhK00FeEYV","HH",-5.46,5,1,4,4,4,"LLLL","LL",10,40,NA,55.3846153846154
"R_56gf0LkRynfTGet","HH",37.48,4,2,4,4,3,"HHHH","HH",25,33.3333333333333,NA,50.1960784313725
"R_56gf0LkRynfTGet","HH",37.48,4,2,4,4,3,"HHHL","HH",25,33.3333333333333,NA,50.2222222222222
"R_56gf0LkRynfTGet","HH",37.48,4,2,4,4,3,"HHHL","HL",20,26.6666666666667,NA,50.2222222222222
"R_56gf0LkRynfTGet","HH",37.48,4,2,4,4,3,"HHLH","HH",20,26.6666666666667,NA,50.5882352941176
"R_56gf0LkRynfTGet","HH",37.48,4,2,4,4,3,"HHLH","LH",5,20,NA,50
"R_56gf0LkRynfTGet","HH",37.48,4,2,4,4,3,"HHLL","HH",20,26.6666666666667,NA,50.3125
"R_56gf0LkRynfTGet","HH",37.48,4,2,4,4,3,"HHLL","LL",5,20,NA,50.3125
"R_56gf0LkRynfTGet","HH",37.48,4,2,4,4,3,"HLHL","HL",25,33.3333333333333,NA,50.2564102564103
"R_56gf0LkRynfTGet","HH",37.48,4,2,4,4,3,"HLLH","HL",20,26.6666666666667,NA,50.7142857142857
"R_56gf0LkRynfTGet","HH",37.48,4,2,4,4,3,"HLLH","LH",5,20,NA,50
"R_56gf0LkRynfTGet","HH",37.48,4,2,4,4,3,"HLLL","HL",20,26.6666666666667,NA,50.7692307692308
"R_56gf0LkRynfTGet","HH",37.48,4,2,4,4,3,"HLLL","LL",5,20,NA,50
"R_56gf0LkRynfTGet","HH",37.48,4,2,4,4,3,"LHLH","LH",5,20,NA,50.5882352941176
"R_56gf0LkRynfTGet","HH",37.48,4,2,4,4,3,"LHLL","LH",5,20,NA,50.6666666666667
"R_56gf0LkRynfTGet","HH",37.48,4,2,4,4,3,"LHLL","LL",5,20,NA,50.6666666666667
"R_56gf0LkRynfTGet","HH",37.48,4,2,4,4,3,"LLLL","LL",5,20,NA,50.7692307692308
"R_3rTnF8oVOJlU88e","HH",7.82,1,2,3,3,3,"HHHH","HH",20,26.6666666666667,NA,50.1960784313725
"R_3rTnF8oVOJlU88e","HH",7.82,1,2,3,3,3,"HHHL","HH",25,33.3333333333333,NA,50.2222222222222
"R_3rTnF8oVOJlU88e","HH",7.82,1,2,3,3,3,"HHHL","HL",20,26.6666666666667,NA,50.2222222222222
"R_3rTnF8oVOJlU88e","HH",7.82,1,2,3,3,3,"HHLH","HH",15,20,NA,70.5882352941177
"R_3rTnF8oVOJlU88e","HH",7.82,1,2,3,3,3,"HHLH","LH",10,40,NA,30
"R_3rTnF8oVOJlU88e","HH",7.82,1,2,3,3,3,"HHLL","HH",10,13.3333333333333,NA,68.75
"R_3rTnF8oVOJlU88e","HH",7.82,1,2,3,3,3,"HHLL","LL",10,40,NA,31.875
"R_3rTnF8oVOJlU88e","HH",7.82,1,2,3,3,3,"HLHL","HL",20,26.6666666666667,NA,50.2564102564103
"R_3rTnF8oVOJlU88e","HH",7.82,1,2,3,3,3,"HLLH","HL",10,13.3333333333333,NA,64.2857142857143
"R_3rTnF8oVOJlU88e","HH",7.82,1,2,3,3,3,"HLLH","LH",10,40,NA,36.4285714285714
"R_3rTnF8oVOJlU88e","HH",7.82,1,2,3,3,3,"HLLL","HL",20,26.6666666666667,NA,69.2307692307692
"R_3rTnF8oVOJlU88e","HH",7.82,1,2,3,3,3,"HLLL","LL",10,40,NA,31.5384615384615
"R_3rTnF8oVOJlU88e","HH",7.82,1,2,3,3,3,"LHLH","LH",10,40,NA,50.5882352941176
"R_3rTnF8oVOJlU88e","HH",7.82,1,2,3,3,3,"LHLL","LH",15,60,NA,50.6666666666667
"R_3rTnF8oVOJlU88e","HH",7.82,1,2,3,3,3,"LHLL","LL",10,40,NA,50.6666666666667
"R_3rTnF8oVOJlU88e","HH",7.82,1,2,3,3,3,"LLLL","LL",10,40,NA,50.7692307692308
"R_3lssoIHOXY9sRfI","HH",34.88,4,4,4,3,3,"HHHH","HH",25,33.3333333333333,NA,50.1960784313725
"R_3lssoIHOXY9sRfI","HH",34.88,4,4,4,3,3,"HHHL","HH",25,33.3333333333333,NA,43.5555555555556
"R_3lssoIHOXY9sRfI","HH",34.88,4,4,4,3,3,"HHHL","HL",25,33.3333333333333,NA,56.8888888888889
"R_3lssoIHOXY9sRfI","HH",34.88,4,4,4,3,3,"HHLH","HH",25,33.3333333333333,NA,58.8235294117647
"R_3lssoIHOXY9sRfI","HH",34.88,4,4,4,3,3,"HHLH","LH",10,40,NA,41.7647058823529
"R_3lssoIHOXY9sRfI","HH",34.88,4,4,4,3,3,"HHLL","HH",25,33.3333333333333,NA,62.5
"R_3lssoIHOXY9sRfI","HH",34.88,4,4,4,3,3,"HHLL","LL",10,40,NA,38.125
"R_3lssoIHOXY9sRfI","HH",34.88,4,4,4,3,3,"HLHL","HL",25,33.3333333333333,NA,50.2564102564103
"R_3lssoIHOXY9sRfI","HH",34.88,4,4,4,3,3,"HLLH","HL",25,33.3333333333333,NA,71.4285714285714
"R_3lssoIHOXY9sRfI","HH",34.88,4,4,4,3,3,"HLLH","LH",10,40,NA,29.2857142857143
"R_3lssoIHOXY9sRfI","HH",34.88,4,4,4,3,3,"HLLL","HL",25,33.3333333333333,NA,75.3846153846154
"R_3lssoIHOXY9sRfI","HH",34.88,4,4,4,3,3,"HLLL","LL",10,40,NA,25.3846153846154
"R_3lssoIHOXY9sRfI","HH",34.88,4,4,4,3,3,"LHLH","LH",10,40,NA,50.5882352941176
"R_3lssoIHOXY9sRfI","HH",34.88,4,4,4,3,3,"LHLL","LH",10,40,NA,53.3333333333333
"R_3lssoIHOXY9sRfI","HH",34.88,4,4,4,3,3,"LHLL","LL",10,40,NA,48
"R_3lssoIHOXY9sRfI","HH",34.88,4,4,4,3,3,"LLLL","LL",0,0,NA,50.7692307692308
"R_10pjsaEifL3gYld","HH",37.48,2,2,4,4,4,"HHHH","HH",30,40,NA,50.1960784313725
"R_10pjsaEifL3gYld","HH",37.48,2,2,4,4,4,"HHHL","HH",35,46.6666666666667,NA,50.2222222222222
"R_10pjsaEifL3gYld","HH",37.48,2,2,4,4,4,"HHHL","HL",30,40,NA,50.2222222222222
"R_10pjsaEifL3gYld","HH",37.48,2,2,4,4,4,"HHLH","HH",30,40,NA,50.5882352941176
"R_10pjsaEifL3gYld","HH",37.48,2,2,4,4,4,"HHLH","LH",10,40,NA,50
"R_10pjsaEifL3gYld","HH",37.48,2,2,4,4,4,"HHLL","HH",30,40,NA,65.625
"R_10pjsaEifL3gYld","HH",37.48,2,2,4,4,4,"HHLL","LL",10,40,NA,35
"R_10pjsaEifL3gYld","HH",37.48,2,2,4,4,4,"HLHL","HL",75,100,NA,50.2564102564103
"R_10pjsaEifL3gYld","HH",37.48,2,2,4,4,4,"HLLH","HL",30,40,NA,67.8571428571429
"R_10pjsaEifL3gYld","HH",37.48,2,2,4,4,4,"HLLH","LH",10,40,NA,32.8571428571429
"R_10pjsaEifL3gYld","HH",37.48,2,2,4,4,4,"HLLL","HL",30,40,NA,57.6923076923077
"R_10pjsaEifL3gYld","HH",37.48,2,2,4,4,4,"HLLL","LL",10,40,NA,43.0769230769231
"R_10pjsaEifL3gYld","HH",37.48,2,2,4,4,4,"LHLH","LH",25,100,NA,50.5882352941176
"R_10pjsaEifL3gYld","HH",37.48,2,2,4,4,4,"LHLL","LH",25,100,NA,50.6666666666667
"R_10pjsaEifL3gYld","HH",37.48,2,2,4,4,4,"LHLL","LL",22,88,NA,50.6666666666667
"R_10pjsaEifL3gYld","HH",37.48,2,2,4,4,4,"LLLL","LL",25,100,NA,50.7692307692308
"R_2ZKbL7tIAhEavGk","HH",17.19,4,2,3,2,2,"HHHH","HH",35,46.6666666666667,NA,50.1960784313725
"R_2ZKbL7tIAhEavGk","HH",17.19,4,2,3,2,2,"HHHL","HH",35,46.6666666666667,NA,50.2222222222222
"R_2ZKbL7tIAhEavGk","HH",17.19,4,2,3,2,2,"HHHL","HL",35,46.6666666666667,NA,50.2222222222222
"R_2ZKbL7tIAhEavGk","HH",17.19,4,2,3,2,2,"HHLH","HH",35,46.6666666666667,NA,50
"R_2ZKbL7tIAhEavGk","HH",17.19,4,2,3,2,2,"HHLH","LH",10,40,NA,50.5882352941176
"R_2ZKbL7tIAhEavGk","HH",17.19,4,2,3,2,2,"HHLL","HH",35,46.6666666666667,NA,50
"R_2ZKbL7tIAhEavGk","HH",17.19,4,2,3,2,2,"HHLL","LL",10,40,NA,50.625
"R_2ZKbL7tIAhEavGk","HH",17.19,4,2,3,2,2,"HLHL","HL",35,46.6666666666667,NA,50.2564102564103
"R_2ZKbL7tIAhEavGk","HH",17.19,4,2,3,2,2,"HLLH","HL",35,46.6666666666667,NA,50
"R_2ZKbL7tIAhEavGk","HH",17.19,4,2,3,2,2,"HLLH","LH",10,40,NA,50.7142857142857
"R_2ZKbL7tIAhEavGk","HH",17.19,4,2,3,2,2,"HLLL","HL",35,46.6666666666667,NA,50.7692307692308
"R_2ZKbL7tIAhEavGk","HH",17.19,4,2,3,2,2,"HLLL","LL",10,40,NA,50
"R_2ZKbL7tIAhEavGk","HH",17.19,4,2,3,2,2,"LHLH","LH",10,40,NA,50.5882352941176
"R_2ZKbL7tIAhEavGk","HH",17.19,4,2,3,2,2,"LHLL","LH",10,40,NA,50.6666666666667
"R_2ZKbL7tIAhEavGk","HH",17.19,4,2,3,2,2,"LHLL","LL",10,40,NA,50.6666666666667
"R_2ZKbL7tIAhEavGk","HH",17.19,4,2,3,2,2,"LLLL","LL",10,40,NA,50.7692307692308
"R_1FA3rLITg2AMHzh","HH",21.5,4,1,3,4,1,"HHHH","HH",75,100,NA,50.1960784313725
"R_1FA3rLITg2AMHzh","HH",21.5,4,1,3,4,1,"HHHL","HH",75,100,NA,50.2222222222222
"R_1FA3rLITg2AMHzh","HH",21.5,4,1,3,4,1,"HHHL","HL",75,100,NA,50.2222222222222
"R_1FA3rLITg2AMHzh","HH",21.5,4,1,3,4,1,"HHLH","HH",75,100,NA,50.5882352941176
"R_1FA3rLITg2AMHzh","HH",21.5,4,1,3,4,1,"HHLH","LH",25,100,NA,50
"R_1FA3rLITg2AMHzh","HH",21.5,4,1,3,4,1,"HHLL","HH",75,100,NA,50.625
"R_1FA3rLITg2AMHzh","HH",21.5,4,1,3,4,1,"HHLL","LL",25,100,NA,50
"R_1FA3rLITg2AMHzh","HH",21.5,4,1,3,4,1,"HLHL","HL",75,100,NA,50.2564102564103
"R_1FA3rLITg2AMHzh","HH",21.5,4,1,3,4,1,"HLLH","HL",75,100,NA,50.7142857142857
"R_1FA3rLITg2AMHzh","HH",21.5,4,1,3,4,1,"HLLH","LH",25,100,NA,50
"R_1FA3rLITg2AMHzh","HH",21.5,4,1,3,4,1,"HLLL","HL",75,100,NA,50.7692307692308
"R_1FA3rLITg2AMHzh","HH",21.5,4,1,3,4,1,"HLLL","LL",25,100,NA,50
"R_1FA3rLITg2AMHzh","HH",21.5,4,1,3,4,1,"LHLH","LH",25,100,NA,50.5882352941176
"R_1FA3rLITg2AMHzh","HH",21.5,4,1,3,4,1,"LHLL","LH",25,100,NA,50.6666666666667
"R_1FA3rLITg2AMHzh","HH",21.5,4,1,3,4,1,"LHLL","LL",25,100,NA,50.6666666666667
"R_1FA3rLITg2AMHzh","HH",21.5,4,1,3,4,1,"LLLL","LL",25,100,NA,50.7692307692308
"R_21ARscMcOrjtNpm","HH",34.88,4,2,2,3,2,"HHHH","HH",70,93.3333333333333,NA,50.1960784313725
"R_21ARscMcOrjtNpm","HH",34.88,4,2,2,3,2,"HHHL","HH",70,93.3333333333333,NA,50.2222222222222
"R_21ARscMcOrjtNpm","HH",34.88,4,2,2,3,2,"HHHL","HL",70,93.3333333333333,NA,50.2222222222222
"R_21ARscMcOrjtNpm","HH",34.88,4,2,2,3,2,"HHLH","HH",70,93.3333333333333,NA,50.2941176470588
"R_21ARscMcOrjtNpm","HH",34.88,4,2,2,3,2,"HHLH","LH",15,60,NA,50.2941176470588
"R_21ARscMcOrjtNpm","HH",34.88,4,2,2,3,2,"HHLL","HH",70,93.3333333333333,NA,50.3125
"R_21ARscMcOrjtNpm","HH",34.88,4,2,2,3,2,"HHLL","LL",15,60,NA,50.3125
"R_21ARscMcOrjtNpm","HH",34.88,4,2,2,3,2,"HLHL","HL",65,86.6666666666667,NA,50.2564102564103
"R_21ARscMcOrjtNpm","HH",34.88,4,2,2,3,2,"HLLH","HL",65,86.6666666666667,NA,50.3571428571429
"R_21ARscMcOrjtNpm","HH",34.88,4,2,2,3,2,"HLLH","LH",15,60,NA,50.3571428571429
"R_21ARscMcOrjtNpm","HH",34.88,4,2,2,3,2,"HLLL","HL",70,93.3333333333333,NA,50.3846153846154
"R_21ARscMcOrjtNpm","HH",34.88,4,2,2,3,2,"HLLL","LL",10,40,NA,50.3846153846154
"R_21ARscMcOrjtNpm","HH",34.88,4,2,2,3,2,"LHLH","LH",15,60,NA,50.5882352941176
"R_21ARscMcOrjtNpm","HH",34.88,4,2,2,3,2,"LHLL","LH",15,60,NA,50.6666666666667
"R_21ARscMcOrjtNpm","HH",34.88,4,2,2,3,2,"LHLL","LL",15,60,NA,50.6666666666667
"R_21ARscMcOrjtNpm","HH",34.88,4,2,2,3,2,"LLLL","LL",15,60,NA,50.7692307692308
"R_2VKBqubrkWqPGcB","HH",45,4,1,3,5,2,"HHHH","HH",75,100,NA,50.1960784313725
"R_2VKBqubrkWqPGcB","HH",45,4,1,3,5,2,"HHHL","HH",75,100,NA,50.2222222222222
"R_2VKBqubrkWqPGcB","HH",45,4,1,3,5,2,"HHHL","HL",75,100,NA,50.2222222222222
"R_2VKBqubrkWqPGcB","HH",45,4,1,3,5,2,"HHLH","HH",75,100,NA,50
"R_2VKBqubrkWqPGcB","HH",45,4,1,3,5,2,"HHLH","LH",25,100,NA,50.5882352941176
"R_2VKBqubrkWqPGcB","HH",45,4,1,3,5,2,"HHLL","HH",75,100,NA,50
"R_2VKBqubrkWqPGcB","HH",45,4,1,3,5,2,"HHLL","LL",25,100,NA,50.625
"R_2VKBqubrkWqPGcB","HH",45,4,1,3,5,2,"HLHL","HL",75,100,NA,50.2564102564103
"R_2VKBqubrkWqPGcB","HH",45,4,1,3,5,2,"HLLH","HL",75,100,NA,50.7142857142857
"R_2VKBqubrkWqPGcB","HH",45,4,1,3,5,2,"HLLH","LH",25,100,NA,50
"R_2VKBqubrkWqPGcB","HH",45,4,1,3,5,2,"HLLL","HL",75,100,NA,50.7692307692308
"R_2VKBqubrkWqPGcB","HH",45,4,1,3,5,2,"HLLL","LL",25,100,NA,50
"R_2VKBqubrkWqPGcB","HH",45,4,1,3,5,2,"LHLH","LH",25,100,NA,50.5882352941176
"R_2VKBqubrkWqPGcB","HH",45,4,1,3,5,2,"LHLL","LH",25,100,NA,50.6666666666667
"R_2VKBqubrkWqPGcB","HH",45,4,1,3,5,2,"LHLL","LL",25,100,NA,50.6666666666667
"R_2VKBqubrkWqPGcB","HH",45,4,1,3,5,2,"LLLL","LL",25,100,NA,50.7692307692308
"R_21ptkuYkj6N5EEF","HH",37.09,3,4,4,3,3,"HHHH","HH",75,100,NA,50.1960784313725
"R_21ptkuYkj6N5EEF","HH",37.09,3,4,4,3,3,"HHHL","HH",75,100,NA,50.2222222222222
"R_21ptkuYkj6N5EEF","HH",37.09,3,4,4,3,3,"HHHL","HL",75,100,NA,50.2222222222222
"R_21ptkuYkj6N5EEF","HH",37.09,3,4,4,3,3,"HHLH","HH",75,100,NA,50.5882352941176
"R_21ptkuYkj6N5EEF","HH",37.09,3,4,4,3,3,"HHLH","LH",25,100,NA,50
"R_21ptkuYkj6N5EEF","HH",37.09,3,4,4,3,3,"HHLL","HH",75,100,NA,50.625
"R_21ptkuYkj6N5EEF","HH",37.09,3,4,4,3,3,"HHLL","LL",25,100,NA,50
"R_21ptkuYkj6N5EEF","HH",37.09,3,4,4,3,3,"HLHL","HL",75,100,NA,50.2564102564103
"R_21ptkuYkj6N5EEF","HH",37.09,3,4,4,3,3,"HLLH","HL",75,100,NA,50.7142857142857
"R_21ptkuYkj6N5EEF","HH",37.09,3,4,4,3,3,"HLLH","LH",25,100,NA,50
"R_21ptkuYkj6N5EEF","HH",37.09,3,4,4,3,3,"HLLL","HL",75,100,NA,50.7692307692308
"R_21ptkuYkj6N5EEF","HH",37.09,3,4,4,3,3,"HLLL","LL",25,100,NA,50
"R_21ptkuYkj6N5EEF","HH",37.09,3,4,4,3,3,"LHLH","LH",25,100,NA,50.5882352941176
"R_21ptkuYkj6N5EEF","HH",37.09,3,4,4,3,3,"LHLL","LH",25,100,NA,50.6666666666667
"R_21ptkuYkj6N5EEF","HH",37.09,3,4,4,3,3,"LHLL","LL",25,100,NA,50.6666666666667
"R_21ptkuYkj6N5EEF","HH",37.09,3,4,4,3,3,"LLLL","LL",25,100,NA,50.7692307692308
"R_1hze38OMHpugM8I","HH",5.82,2,4,3,3,3,"HHHH","HH",30,40,NA,50.1960784313725
"R_1hze38OMHpugM8I","HH",5.82,2,4,3,3,3,"HHHL","HH",30,40,NA,50.2222222222222
"R_1hze38OMHpugM8I","HH",5.82,2,4,3,3,3,"HHHL","HL",25,33.3333333333333,NA,50.2222222222222
"R_1hze38OMHpugM8I","HH",5.82,2,4,3,3,3,"HHLH","HH",30,40,NA,58.8235294117647
"R_1hze38OMHpugM8I","HH",5.82,2,4,3,3,3,"HHLH","LH",10,40,NA,41.7647058823529
"R_1hze38OMHpugM8I","HH",5.82,2,4,3,3,3,"HHLL","HH",30,40,NA,63.125
"R_1hze38OMHpugM8I","HH",5.82,2,4,3,3,3,"HHLL","LL",10,40,NA,37.5
"R_1hze38OMHpugM8I","HH",5.82,2,4,3,3,3,"HLHL","HL",25,33.3333333333333,NA,50.2564102564103
"R_1hze38OMHpugM8I","HH",5.82,2,4,3,3,3,"HLLH","HL",30,40,NA,71.4285714285714
"R_1hze38OMHpugM8I","HH",5.82,2,4,3,3,3,"HLLH","LH",10,40,NA,29.2857142857143
"R_1hze38OMHpugM8I","HH",5.82,2,4,3,3,3,"HLLL","HL",20,26.6666666666667,NA,76.9230769230769
"R_1hze38OMHpugM8I","HH",5.82,2,4,3,3,3,"HLLL","LL",15,60,NA,23.8461538461538
"R_1hze38OMHpugM8I","HH",5.82,2,4,3,3,3,"LHLH","LH",10,40,NA,50.5882352941176
"R_1hze38OMHpugM8I","HH",5.82,2,4,3,3,3,"LHLL","LH",10,40,NA,50.6666666666667
"R_1hze38OMHpugM8I","HH",5.82,2,4,3,3,3,"LHLL","LL",15,60,NA,50.6666666666667
"R_1hze38OMHpugM8I","HH",5.82,2,4,3,3,3,"LLLL","LL",10,40,NA,50.7692307692308
"R_3IS7HVHkOOpywIu","HH",37.48,4,1,3,4,3,"HHHH","HH",40,53.3333333333333,NA,50.1960784313725
"R_3IS7HVHkOOpywIu","HH",37.48,4,1,3,4,3,"HHHL","HH",40,53.3333333333333,NA,50.2222222222222
"R_3IS7HVHkOOpywIu","HH",37.48,4,1,3,4,3,"HHHL","HL",40,53.3333333333333,NA,50.2222222222222
"R_3IS7HVHkOOpywIu","HH",37.48,4,1,3,4,3,"HHLH","HH",40,53.3333333333333,NA,50.5882352941176
"R_3IS7HVHkOOpywIu","HH",37.48,4,1,3,4,3,"HHLH","LH",13,52,NA,50
"R_3IS7HVHkOOpywIu","HH",37.48,4,1,3,4,3,"HHLL","HH",40,53.3333333333333,NA,50.625
"R_3IS7HVHkOOpywIu","HH",37.48,4,1,3,4,3,"HHLL","LL",12,48,NA,50
"R_3IS7HVHkOOpywIu","HH",37.48,4,1,3,4,3,"HLHL","HL",40,53.3333333333333,NA,50.2564102564103
"R_3IS7HVHkOOpywIu","HH",37.48,4,1,3,4,3,"HLLH","HL",40,53.3333333333333,NA,50.7142857142857
"R_3IS7HVHkOOpywIu","HH",37.48,4,1,3,4,3,"HLLH","LH",13,52,NA,50
"R_3IS7HVHkOOpywIu","HH",37.48,4,1,3,4,3,"HLLL","HL",40,53.3333333333333,NA,50.7692307692308
"R_3IS7HVHkOOpywIu","HH",37.48,4,1,3,4,3,"HLLL","LL",12,48,NA,50
"R_3IS7HVHkOOpywIu","HH",37.48,4,1,3,4,3,"LHLH","LH",13,52,NA,50.5882352941176
"R_3IS7HVHkOOpywIu","HH",37.48,4,1,3,4,3,"LHLL","LH",13,52,NA,50.6666666666667
"R_3IS7HVHkOOpywIu","HH",37.48,4,1,3,4,3,"LHLL","LL",12,48,NA,50.6666666666667
"R_3IS7HVHkOOpywIu","HH",37.48,4,1,3,4,3,"LLLL","LL",12,48,NA,50.7692307692308
"R_1rlDzfcsWs6ioiL","HH",34.36,3,1,3,2,2,"HHHH","HH",35,46.6666666666667,NA,50.1960784313725
"R_1rlDzfcsWs6ioiL","HH",34.36,3,1,3,2,2,"HHHL","HH",35,46.6666666666667,NA,56.8888888888889
"R_1rlDzfcsWs6ioiL","HH",34.36,3,1,3,2,2,"HHHL","HL",30,40,NA,43.5555555555556
"R_1rlDzfcsWs6ioiL","HH",34.36,3,1,3,2,2,"HHLH","HH",35,46.6666666666667,NA,58.8235294117647
"R_1rlDzfcsWs6ioiL","HH",34.36,3,1,3,2,2,"HHLH","LH",10,40,NA,41.7647058823529
"R_1rlDzfcsWs6ioiL","HH",34.36,3,1,3,2,2,"HHLL","HH",35,46.6666666666667,NA,62.5
"R_1rlDzfcsWs6ioiL","HH",34.36,3,1,3,2,2,"HHLL","LL",13,52,NA,38.125
"R_1rlDzfcsWs6ioiL","HH",34.36,3,1,3,2,2,"HLHL","HL",30,40,NA,50.2564102564103
"R_1rlDzfcsWs6ioiL","HH",34.36,3,1,3,2,2,"HLLH","HL",35,46.6666666666667,NA,70
"R_1rlDzfcsWs6ioiL","HH",34.36,3,1,3,2,2,"HLLH","LH",10,40,NA,30.7142857142857
"R_1rlDzfcsWs6ioiL","HH",34.36,3,1,3,2,2,"HLLL","HL",35,46.6666666666667,NA,51.5384615384615
"R_1rlDzfcsWs6ioiL","HH",34.36,3,1,3,2,2,"HLLL","LL",10,40,NA,49.2307692307692
"R_1rlDzfcsWs6ioiL","HH",34.36,3,1,3,2,2,"LHLH","LH",13,52,NA,50.5882352941176
"R_1rlDzfcsWs6ioiL","HH",34.36,3,1,3,2,2,"LHLL","LH",13,52,NA,44
"R_1rlDzfcsWs6ioiL","HH",34.36,3,1,3,2,2,"LHLL","LL",10,40,NA,57.3333333333333
"R_1rlDzfcsWs6ioiL","HH",34.36,3,1,3,2,2,"LLLL","LL",10,40,NA,50.7692307692308
"R_2uIzvcBD8c2NhQd","HH",33.43,5,2,3,6,3,"HHHH","HH",25,33.3333333333333,NA,50.1960784313725
"R_2uIzvcBD8c2NhQd","HH",33.43,5,2,3,6,3,"HHHL","HH",25,33.3333333333333,NA,56
"R_2uIzvcBD8c2NhQd","HH",33.43,5,2,3,6,3,"HHHL","HL",25,33.3333333333333,NA,44.4444444444444
"R_2uIzvcBD8c2NhQd","HH",33.43,5,2,3,6,3,"HHLH","HH",25,33.3333333333333,NA,64.7058823529412
"R_2uIzvcBD8c2NhQd","HH",33.43,5,2,3,6,3,"HHLH","LH",10,40,NA,35.8823529411765
"R_2uIzvcBD8c2NhQd","HH",33.43,5,2,3,6,3,"HHLL","HH",25,33.3333333333333,NA,87.5
"R_2uIzvcBD8c2NhQd","HH",33.43,5,2,3,6,3,"HHLL","LL",10,40,NA,13.125
"R_2uIzvcBD8c2NhQd","HH",33.43,5,2,3,6,3,"HLHL","HL",25,33.3333333333333,NA,50.2564102564103
"R_2uIzvcBD8c2NhQd","HH",33.43,5,2,3,6,3,"HLLH","HL",25,33.3333333333333,NA,71.4285714285714
"R_2uIzvcBD8c2NhQd","HH",33.43,5,2,3,6,3,"HLLH","LH",10,40,NA,29.2857142857143
"R_2uIzvcBD8c2NhQd","HH",33.43,5,2,3,6,3,"HLLL","HL",25,33.3333333333333,NA,76.9230769230769
"R_2uIzvcBD8c2NhQd","HH",33.43,5,2,3,6,3,"HLLL","LL",10,40,NA,23.8461538461538
"R_2uIzvcBD8c2NhQd","HH",33.43,5,2,3,6,3,"LHLH","LH",10,40,NA,50.5882352941176
"R_2uIzvcBD8c2NhQd","HH",33.43,5,2,3,6,3,"LHLL","LH",10,40,NA,50.6666666666667
"R_2uIzvcBD8c2NhQd","HH",33.43,5,2,3,6,3,"LHLL","LL",10,40,NA,50.6666666666667
"R_2uIzvcBD8c2NhQd","HH",33.43,5,2,3,6,3,"LLLL","LL",10,40,NA,50.7692307692308
"R_xyB9eDfDGbXfYMp","HH",33.82,4,2,2,3,2,"HHHH","HH",75,100,NA,50.1960784313725
"R_xyB9eDfDGbXfYMp","HH",33.82,4,2,2,3,2,"HHHL","HH",60,80,NA,56.8888888888889
"R_xyB9eDfDGbXfYMp","HH",33.82,4,2,2,3,2,"HHHL","HL",60,80,NA,43.5555555555556
"R_xyB9eDfDGbXfYMp","HH",33.82,4,2,2,3,2,"HHLH","HH",70,93.3333333333333,NA,71.1764705882353
"R_xyB9eDfDGbXfYMp","HH",33.82,4,2,2,3,2,"HHLH","LH",20,80,NA,29.4117647058824
"R_xyB9eDfDGbXfYMp","HH",33.82,4,2,2,3,2,"HHLL","HH",45,60,NA,69.375
"R_xyB9eDfDGbXfYMp","HH",33.82,4,2,2,3,2,"HHLL","LL",20,80,NA,31.25
"R_xyB9eDfDGbXfYMp","HH",33.82,4,2,2,3,2,"HLHL","HL",75,100,NA,50.2564102564103
"R_xyB9eDfDGbXfYMp","HH",33.82,4,2,2,3,2,"HLLH","HL",50,66.6666666666667,NA,70
"R_xyB9eDfDGbXfYMp","HH",33.82,4,2,2,3,2,"HLLH","LH",20,80,NA,30.7142857142857
"R_xyB9eDfDGbXfYMp","HH",33.82,4,2,2,3,2,"HLLL","HL",60,80,NA,31.5384615384615
"R_xyB9eDfDGbXfYMp","HH",33.82,4,2,2,3,2,"HLLL","LL",20,80,NA,69.2307692307692
"R_xyB9eDfDGbXfYMp","HH",33.82,4,2,2,3,2,"LHLH","LH",25,100,NA,50.5882352941176
"R_xyB9eDfDGbXfYMp","HH",33.82,4,2,2,3,2,"LHLL","LH",15,60,NA,50.6666666666667
"R_xyB9eDfDGbXfYMp","HH",33.82,4,2,2,3,2,"LHLL","LL",20,80,NA,50.6666666666667
"R_xyB9eDfDGbXfYMp","HH",33.82,4,2,2,3,2,"LLLL","LL",25,100,NA,50.7692307692308
"R_27PD3FNmox2iZ8B","HH",34.88,2,1,4,3,3,"HHHH","HH",50,66.6666666666667,NA,50.1960784313725
"R_27PD3FNmox2iZ8B","HH",34.88,2,1,4,3,3,"HHHL","HH",50,66.6666666666667,NA,50.2222222222222
"R_27PD3FNmox2iZ8B","HH",34.88,2,1,4,3,3,"HHHL","HL",50,66.6666666666667,NA,50.2222222222222
"R_27PD3FNmox2iZ8B","HH",34.88,2,1,4,3,3,"HHLH","HH",50,66.6666666666667,NA,50.2941176470588
"R_27PD3FNmox2iZ8B","HH",34.88,2,1,4,3,3,"HHLH","LH",15,60,NA,50.2941176470588
"R_27PD3FNmox2iZ8B","HH",34.88,2,1,4,3,3,"HHLL","HH",50,66.6666666666667,NA,50.3125
"R_27PD3FNmox2iZ8B","HH",34.88,2,1,4,3,3,"HHLL","LL",15,60,NA,50.3125
"R_27PD3FNmox2iZ8B","HH",34.88,2,1,4,3,3,"HLHL","HL",50,66.6666666666667,NA,50.2564102564103
"R_27PD3FNmox2iZ8B","HH",34.88,2,1,4,3,3,"HLLH","HL",50,66.6666666666667,NA,50.3571428571429
"R_27PD3FNmox2iZ8B","HH",34.88,2,1,4,3,3,"HLLH","LH",15,60,NA,50.3571428571429
"R_27PD3FNmox2iZ8B","HH",34.88,2,1,4,3,3,"HLLL","HL",50,66.6666666666667,NA,50.3846153846154
"R_27PD3FNmox2iZ8B","HH",34.88,2,1,4,3,3,"HLLL","LL",15,60,NA,50.3846153846154
"R_27PD3FNmox2iZ8B","HH",34.88,2,1,4,3,3,"LHLH","LH",15,60,NA,50.5882352941176
"R_27PD3FNmox2iZ8B","HH",34.88,2,1,4,3,3,"LHLL","LH",15,60,NA,50.6666666666667
"R_27PD3FNmox2iZ8B","HH",34.88,2,1,4,3,3,"LHLL","LL",15,60,NA,50.6666666666667
"R_27PD3FNmox2iZ8B","HH",34.88,2,1,4,3,3,"LLLL","LL",15,60,NA,50.7692307692308
"R_1pAy6FsRUnDLbHy","HH",29.71,4,1,2,3,1,"HHHH","HH",75,100,NA,50.1960784313725
"R_1pAy6FsRUnDLbHy","HH",29.71,4,1,2,3,1,"HHHL","HH",50,66.6666666666667,NA,56.8888888888889
"R_1pAy6FsRUnDLbHy","HH",29.71,4,1,2,3,1,"HHHL","HL",60,80,NA,43.5555555555556
"R_1pAy6FsRUnDLbHy","HH",29.71,4,1,2,3,1,"HHLH","HH",40,53.3333333333333,NA,58.8235294117647
"R_1pAy6FsRUnDLbHy","HH",29.71,4,1,2,3,1,"HHLH","LH",10,40,NA,41.7647058823529
"R_1pAy6FsRUnDLbHy","HH",29.71,4,1,2,3,1,"HHLL","HH",50,66.6666666666667,NA,56.25
"R_1pAy6FsRUnDLbHy","HH",29.71,4,1,2,3,1,"HHLL","LL",10,40,NA,44.375
"R_1pAy6FsRUnDLbHy","HH",29.71,4,1,2,3,1,"HLHL","HL",50,66.6666666666667,NA,50.2564102564103
"R_1pAy6FsRUnDLbHy","HH",29.71,4,1,2,3,1,"HLLH","HL",30,40,NA,57.1428571428571
"R_1pAy6FsRUnDLbHy","HH",29.71,4,1,2,3,1,"HLLH","LH",15,60,NA,43.5714285714286
"R_1pAy6FsRUnDLbHy","HH",29.71,4,1,2,3,1,"HLLL","HL",40,53.3333333333333,NA,65.3846153846154
"R_1pAy6FsRUnDLbHy","HH",29.71,4,1,2,3,1,"HLLL","LL",10,40,NA,35.3846153846154
"R_1pAy6FsRUnDLbHy","HH",29.71,4,1,2,3,1,"LHLH","LH",25,100,NA,50.5882352941176
"R_1pAy6FsRUnDLbHy","HH",29.71,4,1,2,3,1,"LHLL","LH",25,100,NA,50.6666666666667
"R_1pAy6FsRUnDLbHy","HH",29.71,4,1,2,3,1,"LHLL","LL",25,100,NA,50.6666666666667
"R_1pAy6FsRUnDLbHy","HH",29.71,4,1,2,3,1,"LLLL","LL",25,100,NA,50.7692307692308
"R_23VLJTxYI1Lj8Jz","HH",45,1,2,3,2,1,"HHHH","HH",50,66.6666666666667,NA,50.1960784313725
"R_23VLJTxYI1Lj8Jz","HH",45,1,2,3,2,1,"HHHL","HH",40,53.3333333333333,NA,50.2222222222222
"R_23VLJTxYI1Lj8Jz","HH",45,1,2,3,2,1,"HHHL","HL",40,53.3333333333333,NA,50.2222222222222
"R_23VLJTxYI1Lj8Jz","HH",45,1,2,3,2,1,"HHLH","HH",50,66.6666666666667,NA,52.9411764705882
"R_23VLJTxYI1Lj8Jz","HH",45,1,2,3,2,1,"HHLH","LH",15,60,NA,47.6470588235294
"R_23VLJTxYI1Lj8Jz","HH",45,1,2,3,2,1,"HHLL","HH",55,73.3333333333333,NA,50
"R_23VLJTxYI1Lj8Jz","HH",45,1,2,3,2,1,"HHLL","LL",10,40,NA,50.625
"R_23VLJTxYI1Lj8Jz","HH",45,1,2,3,2,1,"HLHL","HL",50,66.6666666666667,NA,50.2564102564103
"R_23VLJTxYI1Lj8Jz","HH",45,1,2,3,2,1,"HLLH","HL",50,66.6666666666667,NA,57.8571428571429
"R_23VLJTxYI1Lj8Jz","HH",45,1,2,3,2,1,"HLLH","LH",10,40,NA,42.8571428571429
"R_23VLJTxYI1Lj8Jz","HH",45,1,2,3,2,1,"HLLL","HL",50,66.6666666666667,NA,58.4615384615385
"R_23VLJTxYI1Lj8Jz","HH",45,1,2,3,2,1,"HLLL","LL",15,60,NA,42.3076923076923
"R_23VLJTxYI1Lj8Jz","HH",45,1,2,3,2,1,"LHLH","LH",15,60,NA,50.5882352941176
"R_23VLJTxYI1Lj8Jz","HH",45,1,2,3,2,1,"LHLL","LH",15,60,NA,50.6666666666667
"R_23VLJTxYI1Lj8Jz","HH",45,1,2,3,2,1,"LHLL","LL",10,40,NA,50.6666666666667
"R_23VLJTxYI1Lj8Jz","HH",45,1,2,3,2,1,"LLLL","LL",18,72,NA,50.7692307692308
"R_1reo5dE8qjlAkKV","HH",34.88,5,2,4,4,3,"HHHH","HH",50,66.6666666666667,NA,50.1960784313725
"R_1reo5dE8qjlAkKV","HH",34.88,5,2,4,4,3,"HHHL","HH",40,53.3333333333333,NA,56
"R_1reo5dE8qjlAkKV","HH",34.88,5,2,4,4,3,"HHHL","HL",35,46.6666666666667,NA,44.4444444444444
"R_1reo5dE8qjlAkKV","HH",34.88,5,2,4,4,3,"HHLH","HH",35,46.6666666666667,NA,58.8235294117647
"R_1reo5dE8qjlAkKV","HH",34.88,5,2,4,4,3,"HHLH","LH",10,40,NA,41.7647058823529
"R_1reo5dE8qjlAkKV","HH",34.88,5,2,4,4,3,"HHLL","HH",40,53.3333333333333,NA,38.125
"R_1reo5dE8qjlAkKV","HH",34.88,5,2,4,4,3,"HHLL","LL",15,60,NA,62.5
"R_1reo5dE8qjlAkKV","HH",34.88,5,2,4,4,3,"HLHL","HL",35,46.6666666666667,NA,50.2564102564103
"R_1reo5dE8qjlAkKV","HH",34.88,5,2,4,4,3,"HLLH","HL",35,46.6666666666667,NA,64.2857142857143
"R_1reo5dE8qjlAkKV","HH",34.88,5,2,4,4,3,"HLLH","LH",10,40,NA,36.4285714285714
"R_1reo5dE8qjlAkKV","HH",34.88,5,2,4,4,3,"HLLL","HL",35,46.6666666666667,NA,61.5384615384615
"R_1reo5dE8qjlAkKV","HH",34.88,5,2,4,4,3,"HLLL","LL",10,40,NA,39.2307692307692
"R_1reo5dE8qjlAkKV","HH",34.88,5,2,4,4,3,"LHLH","LH",10,40,NA,50.5882352941176
"R_1reo5dE8qjlAkKV","HH",34.88,5,2,4,4,3,"LHLL","LH",10,40,NA,53.3333333333333
"R_1reo5dE8qjlAkKV","HH",34.88,5,2,4,4,3,"LHLL","LL",10,40,NA,48
"R_1reo5dE8qjlAkKV","HH",34.88,5,2,4,4,3,"LLLL","LL",10,40,NA,50.7692307692308
"R_2c0duw6QVPFHxvp","HH",34.88,3,2,3,5,3,"HHHH","HH",50,66.6666666666667,NA,50.1960784313725
"R_2c0duw6QVPFHxvp","HH",34.88,3,2,3,5,3,"HHHL","HH",50,66.6666666666667,NA,53.3333333333333
"R_2c0duw6QVPFHxvp","HH",34.88,3,2,3,5,3,"HHHL","HL",40,53.3333333333333,NA,47.1111111111111
"R_2c0duw6QVPFHxvp","HH",34.88,3,2,3,5,3,"HHLH","HH",50,66.6666666666667,NA,65.2941176470588
"R_2c0duw6QVPFHxvp","HH",34.88,3,2,3,5,3,"HHLH","LH",15,60,NA,35.2941176470588
"R_2c0duw6QVPFHxvp","HH",34.88,3,2,3,5,3,"HHLL","HH",50,66.6666666666667,NA,62.5
"R_2c0duw6QVPFHxvp","HH",34.88,3,2,3,5,3,"HHLL","LL",15,60,NA,38.125
"R_2c0duw6QVPFHxvp","HH",34.88,3,2,3,5,3,"HLHL","HL",45,60,NA,50.2564102564103
"R_2c0duw6QVPFHxvp","HH",34.88,3,2,3,5,3,"HLLH","HL",40,53.3333333333333,NA,65
"R_2c0duw6QVPFHxvp","HH",34.88,3,2,3,5,3,"HLLH","LH",15,60,NA,35.7142857142857
"R_2c0duw6QVPFHxvp","HH",34.88,3,2,3,5,3,"HLLL","HL",45,60,NA,66.1538461538461
"R_2c0duw6QVPFHxvp","HH",34.88,3,2,3,5,3,"HLLL","LL",10,40,NA,34.6153846153846
"R_2c0duw6QVPFHxvp","HH",34.88,3,2,3,5,3,"LHLH","LH",15,60,NA,50.5882352941176
"R_2c0duw6QVPFHxvp","HH",34.88,3,2,3,5,3,"LHLL","LH",15,60,NA,53.3333333333333
"R_2c0duw6QVPFHxvp","HH",34.88,3,2,3,5,3,"LHLL","LL",10,40,NA,48
"R_2c0duw6QVPFHxvp","HH",34.88,3,2,3,5,3,"LLLL","LL",10,40,NA,50.7692307692308
"R_3DvaBYUsVTUmjL7","HH",42.57,4,1,2,4,1,"HHHH","HH",75,100,NA,50.1960784313725
"R_3DvaBYUsVTUmjL7","HH",42.57,4,1,2,4,1,"HHHL","HH",25,33.3333333333333,NA,53.7777777777778
"R_3DvaBYUsVTUmjL7","HH",42.57,4,1,2,4,1,"HHHL","HL",25,33.3333333333333,NA,46.6666666666667
"R_3DvaBYUsVTUmjL7","HH",42.57,4,1,2,4,1,"HHLH","HH",25,33.3333333333333,NA,58.8235294117647
"R_3DvaBYUsVTUmjL7","HH",42.57,4,1,2,4,1,"HHLH","LH",10,40,NA,41.7647058823529
"R_3DvaBYUsVTUmjL7","HH",42.57,4,1,2,4,1,"HHLL","HH",25,33.3333333333333,NA,62.5
"R_3DvaBYUsVTUmjL7","HH",42.57,4,1,2,4,1,"HHLL","LL",10,40,NA,38.125
"R_3DvaBYUsVTUmjL7","HH",42.57,4,1,2,4,1,"HLHL","HL",25,33.3333333333333,NA,50.2564102564103
"R_3DvaBYUsVTUmjL7","HH",42.57,4,1,2,4,1,"HLLH","HL",25,33.3333333333333,NA,64.2857142857143
"R_3DvaBYUsVTUmjL7","HH",42.57,4,1,2,4,1,"HLLH","LH",10,40,NA,36.4285714285714
"R_3DvaBYUsVTUmjL7","HH",42.57,4,1,2,4,1,"HLLL","HL",25,33.3333333333333,NA,69.2307692307692
"R_3DvaBYUsVTUmjL7","HH",42.57,4,1,2,4,1,"HLLL","LL",5,20,NA,31.5384615384615
"R_3DvaBYUsVTUmjL7","HH",42.57,4,1,2,4,1,"LHLH","LH",10,40,NA,50.5882352941176
"R_3DvaBYUsVTUmjL7","HH",42.57,4,1,2,4,1,"LHLL","LH",25,100,NA,50.6666666666667
"R_3DvaBYUsVTUmjL7","HH",42.57,4,1,2,4,1,"LHLL","LL",25,100,NA,50.6666666666667
"R_3DvaBYUsVTUmjL7","HH",42.57,4,1,2,4,1,"LLLL","LL",5,20,NA,50.7692307692308
"R_2e2qG5ZVpehsBZN","HH",-7.82,4,2,4,4,4,"HHHH","HH",75,100,NA,50.1960784313725
"R_2e2qG5ZVpehsBZN","HH",-7.82,4,2,4,4,4,"HHHL","HH",25,33.3333333333333,NA,56.8888888888889
"R_2e2qG5ZVpehsBZN","HH",-7.82,4,2,4,4,4,"HHHL","HL",20,26.6666666666667,NA,43.5555555555556
"R_2e2qG5ZVpehsBZN","HH",-7.82,4,2,4,4,4,"HHLH","HH",40,53.3333333333333,NA,75.2941176470588
"R_2e2qG5ZVpehsBZN","HH",-7.82,4,2,4,4,4,"HHLH","LH",25,100,NA,25.2941176470588
"R_2e2qG5ZVpehsBZN","HH",-7.82,4,2,4,4,4,"HHLL","HH",35,46.6666666666667,NA,80
"R_2e2qG5ZVpehsBZN","HH",-7.82,4,2,4,4,4,"HHLL","LL",25,100,NA,20.625
"R_2e2qG5ZVpehsBZN","HH",-7.82,4,2,4,4,4,"HLHL","HL",25,33.3333333333333,NA,50.2564102564103
"R_2e2qG5ZVpehsBZN","HH",-7.82,4,2,4,4,4,"HLLH","HL",25,33.3333333333333,NA,70
"R_2e2qG5ZVpehsBZN","HH",-7.82,4,2,4,4,4,"HLLH","LH",25,100,NA,30.7142857142857
"R_2e2qG5ZVpehsBZN","HH",-7.82,4,2,4,4,4,"HLLL","HL",30,40,NA,75.3846153846154
"R_2e2qG5ZVpehsBZN","HH",-7.82,4,2,4,4,4,"HLLL","LL",25,100,NA,25.3846153846154
"R_2e2qG5ZVpehsBZN","HH",-7.82,4,2,4,4,4,"LHLH","LH",25,100,NA,50.5882352941176
"R_2e2qG5ZVpehsBZN","HH",-7.82,4,2,4,4,4,"LHLL","LH",20,80,NA,57.3333333333333
"R_2e2qG5ZVpehsBZN","HH",-7.82,4,2,4,4,4,"LHLL","LL",25,100,NA,44
"R_2e2qG5ZVpehsBZN","HH",-7.82,4,2,4,4,4,"LLLL","LL",25,100,NA,50.7692307692308
"R_3n90o6ggnwH0zp4","HH",23.72,3,2,5,6,3,"HHHH","HH",40,53.3333333333333,NA,50.1960784313725
"R_3n90o6ggnwH0zp4","HH",23.72,3,2,5,6,3,"HHHL","HH",50,66.6666666666667,NA,66.6666666666667
"R_3n90o6ggnwH0zp4","HH",23.72,3,2,5,6,3,"HHHL","HL",25,33.3333333333333,NA,33.7777777777778
"R_3n90o6ggnwH0zp4","HH",23.72,3,2,5,6,3,"HHLH","HH",50,66.6666666666667,NA,81.1764705882353
"R_3n90o6ggnwH0zp4","HH",23.72,3,2,5,6,3,"HHLH","LH",15,60,NA,19.4117647058824
"R_3n90o6ggnwH0zp4","HH",23.72,3,2,5,6,3,"HHLL","HH",50,66.6666666666667,NA,87.5
"R_3n90o6ggnwH0zp4","HH",23.72,3,2,5,6,3,"HHLL","LL",5,20,NA,13.125
"R_3n90o6ggnwH0zp4","HH",23.72,3,2,5,6,3,"HLHL","HL",30,40,NA,50.2564102564103
"R_3n90o6ggnwH0zp4","HH",23.72,3,2,5,6,3,"HLLH","HL",30,40,NA,65
"R_3n90o6ggnwH0zp4","HH",23.72,3,2,5,6,3,"HLLH","LH",15,60,NA,35.7142857142857
"R_3n90o6ggnwH0zp4","HH",23.72,3,2,5,6,3,"HLLL","HL",20,26.6666666666667,NA,62.3076923076923
"R_3n90o6ggnwH0zp4","HH",23.72,3,2,5,6,3,"HLLL","LL",5,20,NA,38.4615384615385
"R_3n90o6ggnwH0zp4","HH",23.72,3,2,5,6,3,"LHLH","LH",15,60,NA,50.5882352941176
"R_3n90o6ggnwH0zp4","HH",23.72,3,2,5,6,3,"LHLL","LH",15,60,NA,61.3333333333333
"R_3n90o6ggnwH0zp4","HH",23.72,3,2,5,6,3,"LHLL","LL",10,40,NA,40
"R_3n90o6ggnwH0zp4","HH",23.72,3,2,5,6,3,"LLLL","LL",5,20,NA,50.7692307692308
"R_1mggVONpnVIH25L","HH",34.88,4,2,4,4,3,"HHHH","HH",75,100,NA,50.1960784313725
"R_1mggVONpnVIH25L","HH",34.88,4,2,4,4,3,"HHHL","HH",50,66.6666666666667,NA,56.8888888888889
"R_1mggVONpnVIH25L","HH",34.88,4,2,4,4,3,"HHHL","HL",25,33.3333333333333,NA,43.5555555555556
"R_1mggVONpnVIH25L","HH",34.88,4,2,4,4,3,"HHLH","HH",50,66.6666666666667,NA,58.8235294117647
"R_1mggVONpnVIH25L","HH",34.88,4,2,4,4,3,"HHLH","LH",15,60,NA,41.7647058823529
"R_1mggVONpnVIH25L","HH",34.88,4,2,4,4,3,"HHLL","HH",50,66.6666666666667,NA,78.75
"R_1mggVONpnVIH25L","HH",34.88,4,2,4,4,3,"HHLL","LL",10,40,NA,21.875
"R_1mggVONpnVIH25L","HH",34.88,4,2,4,4,3,"HLHL","HL",50,66.6666666666667,NA,50.2564102564103
"R_1mggVONpnVIH25L","HH",34.88,4,2,4,4,3,"HLLH","HL",20,26.6666666666667,NA,67.8571428571429
"R_1mggVONpnVIH25L","HH",34.88,4,2,4,4,3,"HLLH","LH",15,60,NA,32.8571428571429
"R_1mggVONpnVIH25L","HH",34.88,4,2,4,4,3,"HLLL","HL",50,66.6666666666667,NA,73.0769230769231
"R_1mggVONpnVIH25L","HH",34.88,4,2,4,4,3,"HLLL","LL",15,60,NA,27.6923076923077
"R_1mggVONpnVIH25L","HH",34.88,4,2,4,4,3,"LHLH","LH",25,100,NA,50.5882352941176
"R_1mggVONpnVIH25L","HH",34.88,4,2,4,4,3,"LHLL","LH",15,60,NA,53.3333333333333
"R_1mggVONpnVIH25L","HH",34.88,4,2,4,4,3,"LHLL","LL",10,40,NA,48
"R_1mggVONpnVIH25L","HH",34.88,4,2,4,4,3,"LLLL","LL",25,100,NA,50.7692307692308
"R_2wGG2cGXfu1sw27","HH",37.48,2,2,3,5,3,"HHHH","HH",35,46.6666666666667,NA,50.1960784313725
"R_2wGG2cGXfu1sw27","HH",37.48,2,2,3,5,3,"HHHL","HH",35,46.6666666666667,NA,56
"R_2wGG2cGXfu1sw27","HH",37.48,2,2,3,5,3,"HHHL","HL",30,40,NA,44.4444444444444
"R_2wGG2cGXfu1sw27","HH",37.48,2,2,3,5,3,"HHLH","HH",35,46.6666666666667,NA,70.5882352941177
"R_2wGG2cGXfu1sw27","HH",37.48,2,2,3,5,3,"HHLH","LH",20,80,NA,30
"R_2wGG2cGXfu1sw27","HH",37.48,2,2,3,5,3,"HHLL","HH",25,33.3333333333333,NA,62.5
"R_2wGG2cGXfu1sw27","HH",37.48,2,2,3,5,3,"HHLL","LL",10,40,NA,38.125
"R_2wGG2cGXfu1sw27","HH",37.48,2,2,3,5,3,"HLHL","HL",30,40,NA,50.2564102564103
"R_2wGG2cGXfu1sw27","HH",37.48,2,2,3,5,3,"HLLH","HL",30,40,NA,57.8571428571429
"R_2wGG2cGXfu1sw27","HH",37.48,2,2,3,5,3,"HLLH","LH",15,60,NA,42.8571428571429
"R_2wGG2cGXfu1sw27","HH",37.48,2,2,3,5,3,"HLLL","HL",30,40,NA,69.2307692307692
"R_2wGG2cGXfu1sw27","HH",37.48,2,2,3,5,3,"HLLL","LL",15,60,NA,31.5384615384615
"R_2wGG2cGXfu1sw27","HH",37.48,2,2,3,5,3,"LHLH","LH",15,60,NA,50.5882352941176
"R_2wGG2cGXfu1sw27","HH",37.48,2,2,3,5,3,"LHLL","LH",15,60,NA,53.3333333333333
"R_2wGG2cGXfu1sw27","HH",37.48,2,2,3,5,3,"LHLL","LL",10,40,NA,48
"R_2wGG2cGXfu1sw27","HH",37.48,2,2,3,5,3,"LLLL","LL",10,40,NA,50.7692307692308
"R_AujbAQubl8SjCyB","HH",34.88,4,2,4,2,6,"HHHH","HH",50,66.6666666666667,NA,50.1960784313725
"R_AujbAQubl8SjCyB","HH",34.88,4,2,4,2,6,"HHHL","HH",50,66.6666666666667,NA,56.8888888888889
"R_AujbAQubl8SjCyB","HH",34.88,4,2,4,2,6,"HHHL","HL",25,33.3333333333333,NA,43.5555555555556
"R_AujbAQubl8SjCyB","HH",34.88,4,2,4,2,6,"HHLH","HH",15,20,NA,25.2941176470588
"R_AujbAQubl8SjCyB","HH",34.88,4,2,4,2,6,"HHLH","LH",15,60,NA,75.2941176470588
"R_AujbAQubl8SjCyB","HH",34.88,4,2,4,2,6,"HHLL","HH",50,66.6666666666667,NA,20.625
"R_AujbAQubl8SjCyB","HH",34.88,4,2,4,2,6,"HHLL","LL",10,40,NA,80
"R_AujbAQubl8SjCyB","HH",34.88,4,2,4,2,6,"HLHL","HL",25,33.3333333333333,NA,50.2564102564103
"R_AujbAQubl8SjCyB","HH",34.88,4,2,4,2,6,"HLLH","HL",25,33.3333333333333,NA,70
"R_AujbAQubl8SjCyB","HH",34.88,4,2,4,2,6,"HLLH","LH",10,40,NA,30.7142857142857
"R_AujbAQubl8SjCyB","HH",34.88,4,2,4,2,6,"HLLL","HL",25,33.3333333333333,NA,75.3846153846154
"R_AujbAQubl8SjCyB","HH",34.88,4,2,4,2,6,"HLLL","LL",5,20,NA,25.3846153846154
"R_AujbAQubl8SjCyB","HH",34.88,4,2,4,2,6,"LHLH","LH",10,40,NA,50.5882352941176
"R_AujbAQubl8SjCyB","HH",34.88,4,2,4,2,6,"LHLL","LH",10,40,NA,57.3333333333333
"R_AujbAQubl8SjCyB","HH",34.88,4,2,4,2,6,"LHLL","LL",10,40,NA,44
"R_AujbAQubl8SjCyB","HH",34.88,4,2,4,2,6,"LLLL","LL",5,20,NA,50.7692307692308
"R_1GI9nfu94clDXJI","HH",37.48,5,2,4,5,5,"HHHH","HH",50,66.6666666666667,NA,50.1960784313725
"R_1GI9nfu94clDXJI","HH",37.48,5,2,4,5,5,"HHHL","HH",30,40,NA,51.5555555555556
"R_1GI9nfu94clDXJI","HH",37.48,5,2,4,5,5,"HHHL","HL",30,40,NA,48.8888888888889
"R_1GI9nfu94clDXJI","HH",37.48,5,2,4,5,5,"HHLH","HH",30,40,NA,67.0588235294118
"R_1GI9nfu94clDXJI","HH",37.48,5,2,4,5,5,"HHLH","LH",15,60,NA,33.5294117647059
"R_1GI9nfu94clDXJI","HH",37.48,5,2,4,5,5,"HHLL","HH",30,40,NA,56.875
"R_1GI9nfu94clDXJI","HH",37.48,5,2,4,5,5,"HHLL","LL",15,60,NA,43.75
"R_1GI9nfu94clDXJI","HH",37.48,5,2,4,5,5,"HLHL","HL",30,40,NA,50.2564102564103
"R_1GI9nfu94clDXJI","HH",37.48,5,2,4,5,5,"HLLH","HL",30,40,NA,53.5714285714286
"R_1GI9nfu94clDXJI","HH",37.48,5,2,4,5,5,"HLLH","LH",15,60,NA,47.1428571428571
"R_1GI9nfu94clDXJI","HH",37.48,5,2,4,5,5,"HLLL","HL",30,40,NA,57.6923076923077
"R_1GI9nfu94clDXJI","HH",37.48,5,2,4,5,5,"HLLL","LL",15,60,NA,43.0769230769231
"R_1GI9nfu94clDXJI","HH",37.48,5,2,4,5,5,"LHLH","LH",15,60,NA,50.5882352941176
"R_1GI9nfu94clDXJI","HH",37.48,5,2,4,5,5,"LHLL","LH",15,60,NA,53.3333333333333
"R_1GI9nfu94clDXJI","HH",37.48,5,2,4,5,5,"LHLL","LL",15,60,NA,48
"R_1GI9nfu94clDXJI","HH",37.48,5,2,4,5,5,"LLLL","LL",15,60,NA,50.7692307692308
"R_1LOTLxqfMTcyRoy","HH",7.82,4,2,4,4,3,"HHHH","HH",75,100,NA,50.1960784313725
"R_1LOTLxqfMTcyRoy","HH",7.82,4,2,4,4,3,"HHHL","HH",75,100,NA,50.2222222222222
"R_1LOTLxqfMTcyRoy","HH",7.82,4,2,4,4,3,"HHHL","HL",75,100,NA,50.2222222222222
"R_1LOTLxqfMTcyRoy","HH",7.82,4,2,4,4,3,"HHLH","HH",25,33.3333333333333,NA,50.5882352941176
"R_1LOTLxqfMTcyRoy","HH",7.82,4,2,4,4,3,"HHLH","LH",25,100,NA,50
"R_1LOTLxqfMTcyRoy","HH",7.82,4,2,4,4,3,"HHLL","HH",25,33.3333333333333,NA,50.625
"R_1LOTLxqfMTcyRoy","HH",7.82,4,2,4,4,3,"HHLL","LL",25,100,NA,50
"R_1LOTLxqfMTcyRoy","HH",7.82,4,2,4,4,3,"HLHL","HL",75,100,NA,50.2564102564103
"R_1LOTLxqfMTcyRoy","HH",7.82,4,2,4,4,3,"HLLH","HL",25,33.3333333333333,NA,50.7142857142857
"R_1LOTLxqfMTcyRoy","HH",7.82,4,2,4,4,3,"HLLH","LH",25,100,NA,50
"R_1LOTLxqfMTcyRoy","HH",7.82,4,2,4,4,3,"HLLL","HL",25,33.3333333333333,NA,50.7692307692308
"R_1LOTLxqfMTcyRoy","HH",7.82,4,2,4,4,3,"HLLL","LL",25,100,NA,50
"R_1LOTLxqfMTcyRoy","HH",7.82,4,2,4,4,3,"LHLH","LH",25,100,NA,50.5882352941176
"R_1LOTLxqfMTcyRoy","HH",7.82,4,2,4,4,3,"LHLL","LH",25,100,NA,50.6666666666667
"R_1LOTLxqfMTcyRoy","HH",7.82,4,2,4,4,3,"LHLL","LL",25,100,NA,50.6666666666667
"R_1LOTLxqfMTcyRoy","HH",7.82,4,2,4,4,3,"LLLL","LL",25,100,NA,50.7692307692308
"R_3oGU5nH5unbhl3b","HH",37.48,3,2,2,3,3,"HHHH","HH",40,53.3333333333333,NA,50.1960784313725
"R_3oGU5nH5unbhl3b","HH",37.48,3,2,2,3,3,"HHHL","HH",40,53.3333333333333,NA,50.2222222222222
"R_3oGU5nH5unbhl3b","HH",37.48,3,2,2,3,3,"HHHL","HL",40,53.3333333333333,NA,50.2222222222222
"R_3oGU5nH5unbhl3b","HH",37.48,3,2,2,3,3,"HHLH","HH",20,26.6666666666667,NA,50.2941176470588
"R_3oGU5nH5unbhl3b","HH",37.48,3,2,2,3,3,"HHLH","LH",20,80,NA,50.2941176470588
"R_3oGU5nH5unbhl3b","HH",37.48,3,2,2,3,3,"HHLL","HH",45,60,NA,50.3125
"R_3oGU5nH5unbhl3b","HH",37.48,3,2,2,3,3,"HHLL","LL",15,60,NA,50.3125
"R_3oGU5nH5unbhl3b","HH",37.48,3,2,2,3,3,"HLHL","HL",30,40,NA,50.2564102564103
"R_3oGU5nH5unbhl3b","HH",37.48,3,2,2,3,3,"HLLH","HL",40,53.3333333333333,NA,50.3571428571429
"R_3oGU5nH5unbhl3b","HH",37.48,3,2,2,3,3,"HLLH","LH",15,60,NA,50.3571428571429
"R_3oGU5nH5unbhl3b","HH",37.48,3,2,2,3,3,"HLLL","HL",45,60,NA,50.3846153846154
"R_3oGU5nH5unbhl3b","HH",37.48,3,2,2,3,3,"HLLL","LL",15,60,NA,50.3846153846154
"R_3oGU5nH5unbhl3b","HH",37.48,3,2,2,3,3,"LHLH","LH",15,60,NA,50.5882352941176
"R_3oGU5nH5unbhl3b","HH",37.48,3,2,2,3,3,"LHLL","LH",20,80,NA,50.6666666666667
"R_3oGU5nH5unbhl3b","HH",37.48,3,2,2,3,3,"LHLL","LL",15,60,NA,50.6666666666667
"R_3oGU5nH5unbhl3b","HH",37.48,3,2,2,3,3,"LLLL","LL",15,60,NA,50.7692307692308
"R_w7S431IBQSzGOgV","HH",37.48,5,2,3,3,3,"HHHH","HH",75,100,NA,50.1960784313725
"R_w7S431IBQSzGOgV","HH",37.48,5,2,3,3,3,"HHHL","HH",75,100,NA,50.2222222222222
"R_w7S431IBQSzGOgV","HH",37.48,5,2,3,3,3,"HHHL","HL",75,100,NA,50.2222222222222
"R_w7S431IBQSzGOgV","HH",37.48,5,2,3,3,3,"HHLH","HH",75,100,NA,50.5882352941176
"R_w7S431IBQSzGOgV","HH",37.48,5,2,3,3,3,"HHLH","LH",25,100,NA,50
"R_w7S431IBQSzGOgV","HH",37.48,5,2,3,3,3,"HHLL","HH",75,100,NA,50.625
"R_w7S431IBQSzGOgV","HH",37.48,5,2,3,3,3,"HHLL","LL",25,100,NA,50
"R_w7S431IBQSzGOgV","HH",37.48,5,2,3,3,3,"HLHL","HL",75,100,NA,50.2564102564103
"R_w7S431IBQSzGOgV","HH",37.48,5,2,3,3,3,"HLLH","HL",55,73.3333333333333,NA,50.7142857142857
"R_w7S431IBQSzGOgV","HH",37.48,5,2,3,3,3,"HLLH","LH",25,100,NA,50
"R_w7S431IBQSzGOgV","HH",37.48,5,2,3,3,3,"HLLL","HL",30,40,NA,50.7692307692308
"R_w7S431IBQSzGOgV","HH",37.48,5,2,3,3,3,"HLLL","LL",25,100,NA,50
"R_w7S431IBQSzGOgV","HH",37.48,5,2,3,3,3,"LHLH","LH",25,100,NA,50.5882352941176
"R_w7S431IBQSzGOgV","HH",37.48,5,2,3,3,3,"LHLL","LH",25,100,NA,50.6666666666667
"R_w7S431IBQSzGOgV","HH",37.48,5,2,3,3,3,"LHLL","LL",25,100,NA,50.6666666666667
"R_w7S431IBQSzGOgV","HH",37.48,5,2,3,3,3,"LLLL","LL",25,100,NA,50.7692307692308
"R_9FxiRrxlPdQWp4l","HH",32.56,3,2,6,5,5,"HHHH","HH",75,100,NA,50.1960784313725
"R_9FxiRrxlPdQWp4l","HH",32.56,3,2,6,5,5,"HHHL","HH",40,53.3333333333333,NA,53.3333333333333
"R_9FxiRrxlPdQWp4l","HH",32.56,3,2,6,5,5,"HHHL","HL",50,66.6666666666667,NA,47.1111111111111
"R_9FxiRrxlPdQWp4l","HH",32.56,3,2,6,5,5,"HHLH","HH",60,80,NA,58.8235294117647
"R_9FxiRrxlPdQWp4l","HH",32.56,3,2,6,5,5,"HHLH","LH",25,100,NA,41.7647058823529
"R_9FxiRrxlPdQWp4l","HH",32.56,3,2,6,5,5,"HHLL","HH",50,66.6666666666667,NA,73.75
"R_9FxiRrxlPdQWp4l","HH",32.56,3,2,6,5,5,"HHLL","LL",25,100,NA,26.875
"R_9FxiRrxlPdQWp4l","HH",32.56,3,2,6,5,5,"HLHL","HL",60,80,NA,50.2564102564103
"R_9FxiRrxlPdQWp4l","HH",32.56,3,2,6,5,5,"HLLH","HL",40,53.3333333333333,NA,70
"R_9FxiRrxlPdQWp4l","HH",32.56,3,2,6,5,5,"HLLH","LH",25,100,NA,30.7142857142857
"R_9FxiRrxlPdQWp4l","HH",32.56,3,2,6,5,5,"HLLL","HL",25,33.3333333333333,NA,66.9230769230769
"R_9FxiRrxlPdQWp4l","HH",32.56,3,2,6,5,5,"HLLL","LL",25,100,NA,33.8461538461538
"R_9FxiRrxlPdQWp4l","HH",32.56,3,2,6,5,5,"LHLH","LH",20,80,NA,50.5882352941176
"R_9FxiRrxlPdQWp4l","HH",32.56,3,2,6,5,5,"LHLL","LH",20,80,NA,53.3333333333333
"R_9FxiRrxlPdQWp4l","HH",32.56,3,2,6,5,5,"LHLL","LL",25,100,NA,48
"R_9FxiRrxlPdQWp4l","HH",32.56,3,2,6,5,5,"LLLL","LL",20,80,NA,50.7692307692308
"R_3G2O1nWX8w2Rtik","HH",9.3,5,5,1,7,1,"HHHH","HH",49,65.3333333333333,NA,50.1960784313725
"R_3G2O1nWX8w2Rtik","HH",9.3,5,5,1,7,1,"HHHL","HH",30,40,NA,50.2222222222222
"R_3G2O1nWX8w2Rtik","HH",9.3,5,5,1,7,1,"HHHL","HL",30,40,NA,50.2222222222222
"R_3G2O1nWX8w2Rtik","HH",9.3,5,5,1,7,1,"HHLH","HH",50,66.6666666666667,NA,58.8235294117647
"R_3G2O1nWX8w2Rtik","HH",9.3,5,5,1,7,1,"HHLH","LH",15,60,NA,41.7647058823529
"R_3G2O1nWX8w2Rtik","HH",9.3,5,5,1,7,1,"HHLL","HH",50,66.6666666666667,NA,63.125
"R_3G2O1nWX8w2Rtik","HH",9.3,5,5,1,7,1,"HHLL","LL",15,60,NA,37.5
"R_3G2O1nWX8w2Rtik","HH",9.3,5,5,1,7,1,"HLHL","HL",55,73.3333333333333,NA,50.2564102564103
"R_3G2O1nWX8w2Rtik","HH",9.3,5,5,1,7,1,"HLLH","HL",40,53.3333333333333,NA,71.4285714285714
"R_3G2O1nWX8w2Rtik","HH",9.3,5,5,1,7,1,"HLLH","LH",15,60,NA,29.2857142857143
"R_3G2O1nWX8w2Rtik","HH",9.3,5,5,1,7,1,"HLLL","HL",60,80,NA,76.9230769230769
"R_3G2O1nWX8w2Rtik","HH",9.3,5,5,1,7,1,"HLLL","LL",10,40,NA,23.8461538461538
"R_3G2O1nWX8w2Rtik","HH",9.3,5,5,1,7,1,"LHLH","LH",10,40,NA,50.5882352941176
"R_3G2O1nWX8w2Rtik","HH",9.3,5,5,1,7,1,"LHLL","LH",25,100,NA,50.6666666666667
"R_3G2O1nWX8w2Rtik","HH",9.3,5,5,1,7,1,"LHLL","LL",15,60,NA,50.6666666666667
"R_3G2O1nWX8w2Rtik","HH",9.3,5,5,1,7,1,"LLLL","LL",20,80,NA,50.7692307692308
"R_3LYBjnG9j6J7z52","HH",45,4,1,3,4,3,"HHHH","HH",75,100,NA,50.1960784313725
"R_3LYBjnG9j6J7z52","HH",45,4,1,3,4,3,"HHHL","HH",75,100,NA,50.2222222222222
"R_3LYBjnG9j6J7z52","HH",45,4,1,3,4,3,"HHHL","HL",75,100,NA,50.2222222222222
"R_3LYBjnG9j6J7z52","HH",45,4,1,3,4,3,"HHLH","HH",75,100,NA,50
"R_3LYBjnG9j6J7z52","HH",45,4,1,3,4,3,"HHLH","LH",25,100,NA,50.5882352941176
"R_3LYBjnG9j6J7z52","HH",45,4,1,3,4,3,"HHLL","HH",75,100,NA,50
"R_3LYBjnG9j6J7z52","HH",45,4,1,3,4,3,"HHLL","LL",25,100,NA,50.625
"R_3LYBjnG9j6J7z52","HH",45,4,1,3,4,3,"HLHL","HL",75,100,NA,50.2564102564103
"R_3LYBjnG9j6J7z52","HH",45,4,1,3,4,3,"HLLH","HL",75,100,NA,50
"R_3LYBjnG9j6J7z52","HH",45,4,1,3,4,3,"HLLH","LH",25,100,NA,50.7142857142857
"R_3LYBjnG9j6J7z52","HH",45,4,1,3,4,3,"HLLL","HL",75,100,NA,50
"R_3LYBjnG9j6J7z52","HH",45,4,1,3,4,3,"HLLL","LL",25,100,NA,50.7692307692308
"R_3LYBjnG9j6J7z52","HH",45,4,1,3,4,3,"LHLH","LH",25,100,NA,50.5882352941176
"R_3LYBjnG9j6J7z52","HH",45,4,1,3,4,3,"LHLL","LH",25,100,NA,50.6666666666667
"R_3LYBjnG9j6J7z52","HH",45,4,1,3,4,3,"LHLL","LL",25,100,NA,50.6666666666667
"R_3LYBjnG9j6J7z52","HH",45,4,1,3,4,3,"LLLL","LL",25,100,NA,50.7692307692308
"R_1KdLGpz2xHVJz8D","HH",45,4,2,3,5,4,"HHHH","HH",75,100,NA,50.1960784313725
"R_1KdLGpz2xHVJz8D","HH",45,4,2,3,5,4,"HHHL","HH",75,100,NA,50.2222222222222
"R_1KdLGpz2xHVJz8D","HH",45,4,2,3,5,4,"HHHL","HL",75,100,NA,50.2222222222222
"R_1KdLGpz2xHVJz8D","HH",45,4,2,3,5,4,"HHLH","HH",75,100,NA,50.5882352941176
"R_1KdLGpz2xHVJz8D","HH",45,4,2,3,5,4,"HHLH","LH",25,100,NA,50
"R_1KdLGpz2xHVJz8D","HH",45,4,2,3,5,4,"HHLL","HH",75,100,NA,50.625
"R_1KdLGpz2xHVJz8D","HH",45,4,2,3,5,4,"HHLL","LL",25,100,NA,50
"R_1KdLGpz2xHVJz8D","HH",45,4,2,3,5,4,"HLHL","HL",75,100,NA,50.2564102564103
"R_1KdLGpz2xHVJz8D","HH",45,4,2,3,5,4,"HLLH","HL",75,100,NA,50.7142857142857
"R_1KdLGpz2xHVJz8D","HH",45,4,2,3,5,4,"HLLH","LH",25,100,NA,50
"R_1KdLGpz2xHVJz8D","HH",45,4,2,3,5,4,"HLLL","HL",75,100,NA,50.7692307692308
"R_1KdLGpz2xHVJz8D","HH",45,4,2,3,5,4,"HLLL","LL",25,100,NA,50
"R_1KdLGpz2xHVJz8D","HH",45,4,2,3,5,4,"LHLH","LH",25,100,NA,50.5882352941176
"R_1KdLGpz2xHVJz8D","HH",45,4,2,3,5,4,"LHLL","LH",25,100,NA,50.6666666666667
"R_1KdLGpz2xHVJz8D","HH",45,4,2,3,5,4,"LHLL","LL",25,100,NA,50.6666666666667
"R_1KdLGpz2xHVJz8D","HH",45,4,2,3,5,4,"LLLL","LL",25,100,NA,50.7692307692308
"R_1jjPO0RDQZ4q6X1","HH",27.31,4,4,6,4,6,"HHHH","HH",50,66.6666666666667,NA,50.1960784313725
"R_1jjPO0RDQZ4q6X1","HH",27.31,4,4,6,4,6,"HHHL","HH",50,66.6666666666667,NA,56.8888888888889
"R_1jjPO0RDQZ4q6X1","HH",27.31,4,4,6,4,6,"HHHL","HL",25,33.3333333333333,NA,43.5555555555556
"R_1jjPO0RDQZ4q6X1","HH",27.31,4,4,6,4,6,"HHLH","HH",50,66.6666666666667,NA,12.3529411764706
"R_1jjPO0RDQZ4q6X1","HH",27.31,4,4,6,4,6,"HHLH","LH",25,100,NA,88.2352941176471
"R_1jjPO0RDQZ4q6X1","HH",27.31,4,4,6,4,6,"HHLL","HH",50,66.6666666666667,NA,93.75
"R_1jjPO0RDQZ4q6X1","HH",27.31,4,4,6,4,6,"HHLL","LL",25,100,NA,6.875
"R_1jjPO0RDQZ4q6X1","HH",27.31,4,4,6,4,6,"HLHL","HL",50,66.6666666666667,NA,50.2564102564103
"R_1jjPO0RDQZ4q6X1","HH",27.31,4,4,6,4,6,"HLLH","HL",25,33.3333333333333,NA,71.4285714285714
"R_1jjPO0RDQZ4q6X1","HH",27.31,4,4,6,4,6,"HLLH","LH",25,100,NA,29.2857142857143
"R_1jjPO0RDQZ4q6X1","HH",27.31,4,4,6,4,6,"HLLL","HL",25,33.3333333333333,NA,76.9230769230769
"R_1jjPO0RDQZ4q6X1","HH",27.31,4,4,6,4,6,"HLLL","LL",0,0,NA,23.8461538461538
"R_1jjPO0RDQZ4q6X1","HH",27.31,4,4,6,4,6,"LHLH","LH",25,100,NA,50.5882352941176
"R_1jjPO0RDQZ4q6X1","HH",27.31,4,4,6,4,6,"LHLL","LH",25,100,NA,50.6666666666667
"R_1jjPO0RDQZ4q6X1","HH",27.31,4,4,6,4,6,"LHLL","LL",0,0,NA,50.6666666666667
"R_1jjPO0RDQZ4q6X1","HH",27.31,4,4,6,4,6,"LLLL","LL",0,0,NA,50.7692307692308
"R_9tdk988ZjBrBpJf","HH",20.72,4,1,4,4,4,"HHHH","HH",15,20,NA,50.1960784313725
"R_9tdk988ZjBrBpJf","HH",20.72,4,1,4,4,4,"HHHL","HH",0,0,NA,57.7777777777778
"R_9tdk988ZjBrBpJf","HH",20.72,4,1,4,4,4,"HHHL","HL",5,6.66666666666667,NA,42.6666666666667
"R_9tdk988ZjBrBpJf","HH",20.72,4,1,4,4,4,"HHLH","HH",10,13.3333333333333,NA,41.7647058823529
"R_9tdk988ZjBrBpJf","HH",20.72,4,1,4,4,4,"HHLH","LH",0,0,NA,58.8235294117647
"R_9tdk988ZjBrBpJf","HH",20.72,4,1,4,4,4,"HHLL","HH",10,13.3333333333333,NA,50
"R_9tdk988ZjBrBpJf","HH",20.72,4,1,4,4,4,"HHLL","LL",0,0,NA,50.625
"R_9tdk988ZjBrBpJf","HH",20.72,4,1,4,4,4,"HLHL","HL",20,26.6666666666667,NA,49.2307692307692
"R_9tdk988ZjBrBpJf","HH",20.72,4,1,4,4,4,"HLLH","HL",15,20,NA,53.5714285714286
"R_9tdk988ZjBrBpJf","HH",20.72,4,1,4,4,4,"HLLH","LH",0,0,NA,47.1428571428571
"R_9tdk988ZjBrBpJf","HH",20.72,4,1,4,4,4,"HLLL","HL",6,8,NA,61.5384615384615
"R_9tdk988ZjBrBpJf","HH",20.72,4,1,4,4,4,"HLLL","LL",0,0,NA,39.2307692307692
"R_9tdk988ZjBrBpJf","HH",20.72,4,1,4,4,4,"LHLH","LH",5,20,NA,50.5882352941176
"R_9tdk988ZjBrBpJf","HH",20.72,4,1,4,4,4,"LHLL","LH",5,20,NA,53.3333333333333
"R_9tdk988ZjBrBpJf","HH",20.72,4,1,4,4,4,"LHLL","LL",0,0,NA,48
"R_9tdk988ZjBrBpJf","HH",20.72,4,1,4,4,4,"LLLL","LL",0,0,NA,55.3846153846154
"R_2dLU3NS3SgEfso0","HH",37.48,1,4,1,3,1,"HHHH","HH",50,66.6666666666667,NA,50.1960784313725
"R_2dLU3NS3SgEfso0","HH",37.48,1,4,1,3,1,"HHHL","HH",30,40,NA,50.2222222222222
"R_2dLU3NS3SgEfso0","HH",37.48,1,4,1,3,1,"HHHL","HL",35,46.6666666666667,NA,50.2222222222222
"R_2dLU3NS3SgEfso0","HH",37.48,1,4,1,3,1,"HHLH","HH",40,53.3333333333333,NA,53.5294117647059
"R_2dLU3NS3SgEfso0","HH",37.48,1,4,1,3,1,"HHLH","LH",10,40,NA,47.0588235294118
"R_2dLU3NS3SgEfso0","HH",37.48,1,4,1,3,1,"HHLL","HH",35,46.6666666666667,NA,53.75
"R_2dLU3NS3SgEfso0","HH",37.48,1,4,1,3,1,"HHLL","LL",10,40,NA,46.875
"R_2dLU3NS3SgEfso0","HH",37.48,1,4,1,3,1,"HLHL","HL",45,60,NA,50.2564102564103
"R_2dLU3NS3SgEfso0","HH",37.48,1,4,1,3,1,"HLLH","HL",35,46.6666666666667,NA,53.5714285714286
"R_2dLU3NS3SgEfso0","HH",37.48,1,4,1,3,1,"HLLH","LH",15,60,NA,47.1428571428571
"R_2dLU3NS3SgEfso0","HH",37.48,1,4,1,3,1,"HLLL","HL",35,46.6666666666667,NA,50.7692307692308
"R_2dLU3NS3SgEfso0","HH",37.48,1,4,1,3,1,"HLLL","LL",10,40,NA,50
"R_2dLU3NS3SgEfso0","HH",37.48,1,4,1,3,1,"LHLH","LH",15,60,NA,50.5882352941176
"R_2dLU3NS3SgEfso0","HH",37.48,1,4,1,3,1,"LHLL","LH",15,60,NA,53.3333333333333
"R_2dLU3NS3SgEfso0","HH",37.48,1,4,1,3,1,"LHLL","LL",10,40,NA,48
"R_2dLU3NS3SgEfso0","HH",37.48,1,4,1,3,1,"LLLL","LL",15,60,NA,50.7692307692308
"R_33xReHH8tjDgpNl","HH",34.88,4,2,4,4,4,"HHHH","HH",75,100,NA,50.1960784313725
"R_33xReHH8tjDgpNl","HH",34.88,4,2,4,4,4,"HHHL","HH",75,100,NA,44.4444444444444
"R_33xReHH8tjDgpNl","HH",34.88,4,2,4,4,4,"HHHL","HL",75,100,NA,56
"R_33xReHH8tjDgpNl","HH",34.88,4,2,4,4,4,"HHLH","HH",25,33.3333333333333,NA,68.2352941176471
"R_33xReHH8tjDgpNl","HH",34.88,4,2,4,4,4,"HHLH","LH",25,100,NA,32.3529411764706
"R_33xReHH8tjDgpNl","HH",34.88,4,2,4,4,4,"HHLL","HH",30,40,NA,75.625
"R_33xReHH8tjDgpNl","HH",34.88,4,2,4,4,4,"HHLL","LL",25,100,NA,25
"R_33xReHH8tjDgpNl","HH",34.88,4,2,4,4,4,"HLHL","HL",75,100,NA,50.2564102564103
"R_33xReHH8tjDgpNl","HH",34.88,4,2,4,4,4,"HLLH","HL",30,40,NA,68.5714285714286
"R_33xReHH8tjDgpNl","HH",34.88,4,2,4,4,4,"HLLH","LH",25,100,NA,32.1428571428571
"R_33xReHH8tjDgpNl","HH",34.88,4,2,4,4,4,"HLLL","HL",25,33.3333333333333,NA,73.8461538461539
"R_33xReHH8tjDgpNl","HH",34.88,4,2,4,4,4,"HLLL","LL",25,100,NA,26.9230769230769
"R_33xReHH8tjDgpNl","HH",34.88,4,2,4,4,4,"LHLH","LH",25,100,NA,50.5882352941176
"R_33xReHH8tjDgpNl","HH",34.88,4,2,4,4,4,"LHLL","LH",25,100,NA,54.6666666666667
"R_33xReHH8tjDgpNl","HH",34.88,4,2,4,4,4,"LHLL","LL",25,100,NA,46.6666666666667
"R_33xReHH8tjDgpNl","HH",34.88,4,2,4,4,4,"LLLL","LL",25,100,NA,50.7692307692308
"R_0VZuYsW5tQ0WRdn","HH",7.82,4,1,3,5,3,"HHHH","HH",50,66.6666666666667,NA,50.1960784313725
"R_0VZuYsW5tQ0WRdn","HH",7.82,4,1,3,5,3,"HHHL","HH",45,60,NA,59.1111111111111
"R_0VZuYsW5tQ0WRdn","HH",7.82,4,1,3,5,3,"HHHL","HL",60,80,NA,41.3333333333333
"R_0VZuYsW5tQ0WRdn","HH",7.82,4,1,3,5,3,"HHLH","HH",55,73.3333333333333,NA,53.5294117647059
"R_0VZuYsW5tQ0WRdn","HH",7.82,4,1,3,5,3,"HHLH","LH",15,60,NA,47.0588235294118
"R_0VZuYsW5tQ0WRdn","HH",7.82,4,1,3,5,3,"HHLL","HH",50,66.6666666666667,NA,40.625
"R_0VZuYsW5tQ0WRdn","HH",7.82,4,1,3,5,3,"HHLL","LL",25,100,NA,60
"R_0VZuYsW5tQ0WRdn","HH",7.82,4,1,3,5,3,"HLHL","HL",60,80,NA,49.2307692307692
"R_0VZuYsW5tQ0WRdn","HH",7.82,4,1,3,5,3,"HLLH","HL",60,80,NA,65
"R_0VZuYsW5tQ0WRdn","HH",7.82,4,1,3,5,3,"HLLH","LH",20,80,NA,35.7142857142857
"R_0VZuYsW5tQ0WRdn","HH",7.82,4,1,3,5,3,"HLLL","HL",65,86.6666666666667,NA,39.2307692307692
"R_0VZuYsW5tQ0WRdn","HH",7.82,4,1,3,5,3,"HLLL","LL",20,80,NA,61.5384615384615
"R_0VZuYsW5tQ0WRdn","HH",7.82,4,1,3,5,3,"LHLH","LH",15,60,NA,50.5882352941176
"R_0VZuYsW5tQ0WRdn","HH",7.82,4,1,3,5,3,"LHLL","LH",10,40,NA,62.6666666666667
"R_0VZuYsW5tQ0WRdn","HH",7.82,4,1,3,5,3,"LHLL","LL",15,60,NA,38.6666666666667
"R_0VZuYsW5tQ0WRdn","HH",7.82,4,1,3,5,3,"LLLL","LL",20,80,NA,50.7692307692308
"R_1qVyBuVDtBJ1yO6","HH",34.88,4,4,4,3,4,"HHHH","HH",50,66.6666666666667,NA,50.1960784313725
"R_1qVyBuVDtBJ1yO6","HH",34.88,4,4,4,3,4,"HHHL","HH",50,66.6666666666667,NA,50.2222222222222
"R_1qVyBuVDtBJ1yO6","HH",34.88,4,4,4,3,4,"HHHL","HL",50,66.6666666666667,NA,50.2222222222222
"R_1qVyBuVDtBJ1yO6","HH",34.88,4,4,4,3,4,"HHLH","HH",30,40,NA,65.2941176470588
"R_1qVyBuVDtBJ1yO6","HH",34.88,4,4,4,3,4,"HHLH","LH",25,100,NA,35.2941176470588
"R_1qVyBuVDtBJ1yO6","HH",34.88,4,4,4,3,4,"HHLL","HH",30,40,NA,69.375
"R_1qVyBuVDtBJ1yO6","HH",34.88,4,4,4,3,4,"HHLL","LL",25,100,NA,31.25
"R_1qVyBuVDtBJ1yO6","HH",34.88,4,4,4,3,4,"HLHL","HL",50,66.6666666666667,NA,50.2564102564103
"R_1qVyBuVDtBJ1yO6","HH",34.88,4,4,4,3,4,"HLLH","HL",30,40,NA,65
"R_1qVyBuVDtBJ1yO6","HH",34.88,4,4,4,3,4,"HLLH","LH",25,100,NA,35.7142857142857
"R_1qVyBuVDtBJ1yO6","HH",34.88,4,4,4,3,4,"HLLL","HL",30,40,NA,66.1538461538461
"R_1qVyBuVDtBJ1yO6","HH",34.88,4,4,4,3,4,"HLLL","LL",25,100,NA,34.6153846153846
"R_1qVyBuVDtBJ1yO6","HH",34.88,4,4,4,3,4,"LHLH","LH",25,100,NA,50.5882352941176
"R_1qVyBuVDtBJ1yO6","HH",34.88,4,4,4,3,4,"LHLL","LH",25,100,NA,50.6666666666667
"R_1qVyBuVDtBJ1yO6","HH",34.88,4,4,4,3,4,"LHLL","LL",25,100,NA,50.6666666666667
"R_1qVyBuVDtBJ1yO6","HH",34.88,4,4,4,3,4,"LLLL","LL",25,100,NA,50.7692307692308
"R_10UgRftWBLCjyne","HH",25.81,5,1,2,3,2,"HHHH","HH",75,100,NA,50.1960784313725
"R_10UgRftWBLCjyne","HH",25.81,5,1,2,3,2,"HHHL","HH",15,20,NA,50.2222222222222
"R_10UgRftWBLCjyne","HH",25.81,5,1,2,3,2,"HHHL","HL",10,13.3333333333333,NA,50.2222222222222
"R_10UgRftWBLCjyne","HH",25.81,5,1,2,3,2,"HHLH","HH",25,33.3333333333333,NA,58.8235294117647
"R_10UgRftWBLCjyne","HH",25.81,5,1,2,3,2,"HHLH","LH",25,100,NA,41.7647058823529
"R_10UgRftWBLCjyne","HH",25.81,5,1,2,3,2,"HHLL","HH",20,26.6666666666667,NA,68.75
"R_10UgRftWBLCjyne","HH",25.81,5,1,2,3,2,"HHLL","LL",0,0,NA,31.875
"R_10UgRftWBLCjyne","HH",25.81,5,1,2,3,2,"HLHL","HL",5,6.66666666666667,NA,50.2564102564103
"R_10UgRftWBLCjyne","HH",25.81,5,1,2,3,2,"HLLH","HL",10,13.3333333333333,NA,64.2857142857143
"R_10UgRftWBLCjyne","HH",25.81,5,1,2,3,2,"HLLH","LH",10,40,NA,36.4285714285714
"R_10UgRftWBLCjyne","HH",25.81,5,1,2,3,2,"HLLL","HL",10,13.3333333333333,NA,62.3076923076923
"R_10UgRftWBLCjyne","HH",25.81,5,1,2,3,2,"HLLL","LL",0,0,NA,38.4615384615385
"R_10UgRftWBLCjyne","HH",25.81,5,1,2,3,2,"LHLH","LH",25,100,NA,50.5882352941176
"R_10UgRftWBLCjyne","HH",25.81,5,1,2,3,2,"LHLL","LH",25,100,NA,50.6666666666667
"R_10UgRftWBLCjyne","HH",25.81,5,1,2,3,2,"LHLL","LL",25,100,NA,50.6666666666667
"R_10UgRftWBLCjyne","HH",25.81,5,1,2,3,2,"LLLL","LL",0,0,NA,50.7692307692308
"R_2qt0aMcRoXo8geP","HH",34.88,4,4,3,3,2,"HHHH","HH",75,100,NA,50.1960784313725
"R_2qt0aMcRoXo8geP","HH",34.88,4,4,3,3,2,"HHHL","HH",75,100,NA,50.2222222222222
"R_2qt0aMcRoXo8geP","HH",34.88,4,4,3,3,2,"HHHL","HL",75,100,NA,50.2222222222222
"R_2qt0aMcRoXo8geP","HH",34.88,4,4,3,3,2,"HHLH","HH",75,100,NA,50.5882352941176
"R_2qt0aMcRoXo8geP","HH",34.88,4,4,3,3,2,"HHLH","LH",25,100,NA,50
"R_2qt0aMcRoXo8geP","HH",34.88,4,4,3,3,2,"HHLL","HH",75,100,NA,50.625
"R_2qt0aMcRoXo8geP","HH",34.88,4,4,3,3,2,"HHLL","LL",25,100,NA,50
"R_2qt0aMcRoXo8geP","HH",34.88,4,4,3,3,2,"HLHL","HL",75,100,NA,50.2564102564103
"R_2qt0aMcRoXo8geP","HH",34.88,4,4,3,3,2,"HLLH","HL",75,100,NA,50.7142857142857
"R_2qt0aMcRoXo8geP","HH",34.88,4,4,3,3,2,"HLLH","LH",25,100,NA,50
"R_2qt0aMcRoXo8geP","HH",34.88,4,4,3,3,2,"HLLL","HL",75,100,NA,50.7692307692308
"R_2qt0aMcRoXo8geP","HH",34.88,4,4,3,3,2,"HLLL","LL",25,100,NA,50
"R_2qt0aMcRoXo8geP","HH",34.88,4,4,3,3,2,"LHLH","LH",25,100,NA,50.5882352941176
"R_2qt0aMcRoXo8geP","HH",34.88,4,4,3,3,2,"LHLL","LH",25,100,NA,50.6666666666667
"R_2qt0aMcRoXo8geP","HH",34.88,4,4,3,3,2,"LHLL","LL",25,100,NA,50.6666666666667
"R_2qt0aMcRoXo8geP","HH",34.88,4,4,3,3,2,"LLLL","LL",25,100,NA,50.7692307692308
"R_vdXbBlObPgFne4V","HH",34.88,4,2,6,4,7,"HHHH","HH",30,40,NA,50.1960784313725
"R_vdXbBlObPgFne4V","HH",34.88,4,2,6,4,7,"HHHL","HH",30,40,NA,50.2222222222222
"R_vdXbBlObPgFne4V","HH",34.88,4,2,6,4,7,"HHHL","HL",30,40,NA,50.2222222222222
"R_vdXbBlObPgFne4V","HH",34.88,4,2,6,4,7,"HHLH","HH",30,40,NA,50.5882352941176
"R_vdXbBlObPgFne4V","HH",34.88,4,2,6,4,7,"HHLH","LH",10,40,NA,50
"R_vdXbBlObPgFne4V","HH",34.88,4,2,6,4,7,"HHLL","HH",30,40,NA,50.625
"R_vdXbBlObPgFne4V","HH",34.88,4,2,6,4,7,"HHLL","LL",12,48,NA,50
"R_vdXbBlObPgFne4V","HH",34.88,4,2,6,4,7,"HLHL","HL",30,40,NA,50.2564102564103
"R_vdXbBlObPgFne4V","HH",34.88,4,2,6,4,7,"HLLH","HL",30,40,NA,50.7142857142857
"R_vdXbBlObPgFne4V","HH",34.88,4,2,6,4,7,"HLLH","LH",12,48,NA,50
"R_vdXbBlObPgFne4V","HH",34.88,4,2,6,4,7,"HLLL","HL",30,40,NA,50.7692307692308
"R_vdXbBlObPgFne4V","HH",34.88,4,2,6,4,7,"HLLL","LL",12,48,NA,50
"R_vdXbBlObPgFne4V","HH",34.88,4,2,6,4,7,"LHLH","LH",12,48,NA,50.5882352941176
"R_vdXbBlObPgFne4V","HH",34.88,4,2,6,4,7,"LHLL","LH",10,40,NA,50.6666666666667
"R_vdXbBlObPgFne4V","HH",34.88,4,2,6,4,7,"LHLL","LL",10,40,NA,50.6666666666667
"R_vdXbBlObPgFne4V","HH",34.88,4,2,6,4,7,"LLLL","LL",10,40,NA,50.7692307692308
"R_3GjMvd7pMzpw8Xd","HH",25.61,3,2,5,5,6,"HHHH","HH",60,80,NA,50.1960784313725
"R_3GjMvd7pMzpw8Xd","HH",25.61,3,2,5,5,6,"HHHL","HH",50,66.6666666666667,NA,50.2222222222222
"R_3GjMvd7pMzpw8Xd","HH",25.61,3,2,5,5,6,"HHHL","HL",40,53.3333333333333,NA,50.2222222222222
"R_3GjMvd7pMzpw8Xd","HH",25.61,3,2,5,5,6,"HHLH","HH",55,73.3333333333333,NA,50
"R_3GjMvd7pMzpw8Xd","HH",25.61,3,2,5,5,6,"HHLH","LH",15,60,NA,50.5882352941176
"R_3GjMvd7pMzpw8Xd","HH",25.61,3,2,5,5,6,"HHLL","HH",50,66.6666666666667,NA,50.625
"R_3GjMvd7pMzpw8Xd","HH",25.61,3,2,5,5,6,"HHLL","LL",10,40,NA,50
"R_3GjMvd7pMzpw8Xd","HH",25.61,3,2,5,5,6,"HLHL","HL",60,80,NA,50.2564102564103
"R_3GjMvd7pMzpw8Xd","HH",25.61,3,2,5,5,6,"HLLH","HL",50,66.6666666666667,NA,50.7142857142857
"R_3GjMvd7pMzpw8Xd","HH",25.61,3,2,5,5,6,"HLLH","LH",15,60,NA,50
"R_3GjMvd7pMzpw8Xd","HH",25.61,3,2,5,5,6,"HLLL","HL",45,60,NA,50
"R_3GjMvd7pMzpw8Xd","HH",25.61,3,2,5,5,6,"HLLL","LL",10,40,NA,50.7692307692308
"R_3GjMvd7pMzpw8Xd","HH",25.61,3,2,5,5,6,"LHLH","LH",20,80,NA,50.5882352941176
"R_3GjMvd7pMzpw8Xd","HH",25.61,3,2,5,5,6,"LHLL","LH",15,60,NA,50.6666666666667
"R_3GjMvd7pMzpw8Xd","HH",25.61,3,2,5,5,6,"LHLL","LL",10,40,NA,50.6666666666667
"R_3GjMvd7pMzpw8Xd","HH",25.61,3,2,5,5,6,"LLLL","LL",20,80,NA,50.7692307692308
"R_3FJSDKyBuGAzSmY","HH",23.84,4,2,5,3,5,"HHHH","HH",75,100,NA,50.1960784313725
"R_3FJSDKyBuGAzSmY","HH",23.84,4,2,5,3,5,"HHHL","HH",75,100,NA,51.5555555555556
"R_3FJSDKyBuGAzSmY","HH",23.84,4,2,5,3,5,"HHHL","HL",60,80,NA,48.8888888888889
"R_3FJSDKyBuGAzSmY","HH",23.84,4,2,5,3,5,"HHLH","HH",75,100,NA,64.7058823529412
"R_3FJSDKyBuGAzSmY","HH",23.84,4,2,5,3,5,"HHLH","LH",25,100,NA,35.8823529411765
"R_3FJSDKyBuGAzSmY","HH",23.84,4,2,5,3,5,"HHLL","HH",50,66.6666666666667,NA,62.5
"R_3FJSDKyBuGAzSmY","HH",23.84,4,2,5,3,5,"HHLL","LL",20,80,NA,38.125
"R_3FJSDKyBuGAzSmY","HH",23.84,4,2,5,3,5,"HLHL","HL",50,66.6666666666667,NA,50.2564102564103
"R_3FJSDKyBuGAzSmY","HH",23.84,4,2,5,3,5,"HLLH","HL",50,66.6666666666667,NA,53.5714285714286
"R_3FJSDKyBuGAzSmY","HH",23.84,4,2,5,3,5,"HLLH","LH",24,96,NA,47.1428571428571
"R_3FJSDKyBuGAzSmY","HH",23.84,4,2,5,3,5,"HLLL","HL",50,66.6666666666667,NA,61.5384615384615
"R_3FJSDKyBuGAzSmY","HH",23.84,4,2,5,3,5,"HLLL","LL",20,80,NA,39.2307692307692
"R_3FJSDKyBuGAzSmY","HH",23.84,4,2,5,3,5,"LHLH","LH",20,80,NA,51.764705882353
"R_3FJSDKyBuGAzSmY","HH",23.84,4,2,5,3,5,"LHLL","LH",25,100,NA,50.6666666666667
"R_3FJSDKyBuGAzSmY","HH",23.84,4,2,5,3,5,"LHLL","LL",20,80,NA,50.6666666666667
"R_3FJSDKyBuGAzSmY","HH",23.84,4,2,5,3,5,"LLLL","LL",25,100,NA,50.7692307692308
"R_2wBIVolFCaPHKGm","HH",34.88,5,1,2,1,2,"HHHH","HH",0,0,NA,50.1960784313725
"R_2wBIVolFCaPHKGm","HH",34.88,5,1,2,1,2,"HHHL","HH",0,0,NA,50.2222222222222
"R_2wBIVolFCaPHKGm","HH",34.88,5,1,2,1,2,"HHHL","HL",0,0,NA,50.2222222222222
"R_2wBIVolFCaPHKGm","HH",34.88,5,1,2,1,2,"HHLH","HH",50,66.6666666666667,NA,50.5882352941176
"R_2wBIVolFCaPHKGm","HH",34.88,5,1,2,1,2,"HHLH","LH",0,0,NA,50
"R_2wBIVolFCaPHKGm","HH",34.88,5,1,2,1,2,"HHLL","HH",50,66.6666666666667,NA,50.625
"R_2wBIVolFCaPHKGm","HH",34.88,5,1,2,1,2,"HHLL","LL",0,0,NA,50
"R_2wBIVolFCaPHKGm","HH",34.88,5,1,2,1,2,"HLHL","HL",0,0,NA,50.2564102564103
"R_2wBIVolFCaPHKGm","HH",34.88,5,1,2,1,2,"HLLH","HL",50,66.6666666666667,NA,50
"R_2wBIVolFCaPHKGm","HH",34.88,5,1,2,1,2,"HLLH","LH",0,0,NA,50.7142857142857
"R_2wBIVolFCaPHKGm","HH",34.88,5,1,2,1,2,"HLLL","HL",50,66.6666666666667,NA,50
"R_2wBIVolFCaPHKGm","HH",34.88,5,1,2,1,2,"HLLL","LL",0,0,NA,50.7692307692308
"R_2wBIVolFCaPHKGm","HH",34.88,5,1,2,1,2,"LHLH","LH",0,0,NA,50.5882352941176
"R_2wBIVolFCaPHKGm","HH",34.88,5,1,2,1,2,"LHLL","LH",0,0,NA,50.6666666666667
"R_2wBIVolFCaPHKGm","HH",34.88,5,1,2,1,2,"LHLL","LL",0,0,NA,50.6666666666667
"R_2wBIVolFCaPHKGm","HH",34.88,5,1,2,1,2,"LLLL","LL",0,0,NA,50.7692307692308
"R_1Hqyr9qwmjup4za","HH",32.56,5,1,3,4,3,"HHHH","HH",20,26.6666666666667,NA,50.1960784313725
"R_1Hqyr9qwmjup4za","HH",32.56,5,1,3,4,3,"HHHL","HH",20,26.6666666666667,NA,50.2222222222222
"R_1Hqyr9qwmjup4za","HH",32.56,5,1,3,4,3,"HHHL","HL",15,20,NA,50.2222222222222
"R_1Hqyr9qwmjup4za","HH",32.56,5,1,3,4,3,"HHLH","HH",20,26.6666666666667,NA,50.2941176470588
"R_1Hqyr9qwmjup4za","HH",32.56,5,1,3,4,3,"HHLH","LH",5,20,NA,50.2941176470588
"R_1Hqyr9qwmjup4za","HH",32.56,5,1,3,4,3,"HHLL","HH",20,26.6666666666667,NA,50.3125
"R_1Hqyr9qwmjup4za","HH",32.56,5,1,3,4,3,"HHLL","LL",5,20,NA,50.3125
"R_1Hqyr9qwmjup4za","HH",32.56,5,1,3,4,3,"HLHL","HL",20,26.6666666666667,NA,50.2564102564103
"R_1Hqyr9qwmjup4za","HH",32.56,5,1,3,4,3,"HLLH","HL",20,26.6666666666667,NA,50.3571428571429
"R_1Hqyr9qwmjup4za","HH",32.56,5,1,3,4,3,"HLLH","LH",5,20,NA,50.3571428571429
"R_1Hqyr9qwmjup4za","HH",32.56,5,1,3,4,3,"HLLL","HL",20,26.6666666666667,NA,50.3846153846154
"R_1Hqyr9qwmjup4za","HH",32.56,5,1,3,4,3,"HLLL","LL",5,20,NA,50.3846153846154
"R_1Hqyr9qwmjup4za","HH",32.56,5,1,3,4,3,"LHLH","LH",5,20,NA,50.5882352941176
"R_1Hqyr9qwmjup4za","HH",32.56,5,1,3,4,3,"LHLL","LH",5,20,NA,50.6666666666667
"R_1Hqyr9qwmjup4za","HH",32.56,5,1,3,4,3,"LHLL","LL",5,20,NA,50.6666666666667
"R_1Hqyr9qwmjup4za","HH",32.56,5,1,3,4,3,"LLLL","LL",5,20,NA,50.7692307692308
"R_3j7BN44ouP2bj57","HH",31.86,2,4,5,4,6,"HHHH","HH",75,100,NA,50.1960784313725
"R_3j7BN44ouP2bj57","HH",31.86,2,4,5,4,6,"HHHL","HH",75,100,NA,53.3333333333333
"R_3j7BN44ouP2bj57","HH",31.86,2,4,5,4,6,"HHHL","HL",75,100,NA,47.1111111111111
"R_3j7BN44ouP2bj57","HH",31.86,2,4,5,4,6,"HHLH","HH",25,33.3333333333333,NA,61.7647058823529
"R_3j7BN44ouP2bj57","HH",31.86,2,4,5,4,6,"HHLH","LH",25,100,NA,38.8235294117647
"R_3j7BN44ouP2bj57","HH",31.86,2,4,5,4,6,"HHLL","HH",25,33.3333333333333,NA,65.625
"R_3j7BN44ouP2bj57","HH",31.86,2,4,5,4,6,"HHLL","LL",25,100,NA,35
"R_3j7BN44ouP2bj57","HH",31.86,2,4,5,4,6,"HLHL","HL",75,100,NA,50.2564102564103
"R_3j7BN44ouP2bj57","HH",31.86,2,4,5,4,6,"HLLH","HL",25,33.3333333333333,NA,60.7142857142857
"R_3j7BN44ouP2bj57","HH",31.86,2,4,5,4,6,"HLLH","LH",25,100,NA,40
"R_3j7BN44ouP2bj57","HH",31.86,2,4,5,4,6,"HLLL","HL",25,33.3333333333333,NA,69.2307692307692
"R_3j7BN44ouP2bj57","HH",31.86,2,4,5,4,6,"HLLL","LL",25,100,NA,31.5384615384615
"R_3j7BN44ouP2bj57","HH",31.86,2,4,5,4,6,"LHLH","LH",25,100,NA,50.5882352941176
"R_3j7BN44ouP2bj57","HH",31.86,2,4,5,4,6,"LHLL","LH",25,100,NA,53.3333333333333
"R_3j7BN44ouP2bj57","HH",31.86,2,4,5,4,6,"LHLL","LL",25,100,NA,48
"R_3j7BN44ouP2bj57","HH",31.86,2,4,5,4,6,"LLLL","LL",25,100,NA,50.7692307692308
"R_12r5aqaB2sfluSl","HH",7.82,4,4,2,4,1,"HHHH","HH",75,100,NA,50.1960784313725
"R_12r5aqaB2sfluSl","HH",7.82,4,4,2,4,1,"HHHL","HH",75,100,NA,50.2222222222222
"R_12r5aqaB2sfluSl","HH",7.82,4,4,2,4,1,"HHHL","HL",75,100,NA,50.2222222222222
"R_12r5aqaB2sfluSl","HH",7.82,4,4,2,4,1,"HHLH","HH",75,100,NA,50
"R_12r5aqaB2sfluSl","HH",7.82,4,4,2,4,1,"HHLH","LH",25,100,NA,50.5882352941176
"R_12r5aqaB2sfluSl","HH",7.82,4,4,2,4,1,"HHLL","HH",75,100,NA,50.625
"R_12r5aqaB2sfluSl","HH",7.82,4,4,2,4,1,"HHLL","LL",10,40,NA,50
"R_12r5aqaB2sfluSl","HH",7.82,4,4,2,4,1,"HLHL","HL",75,100,NA,50.2564102564103
"R_12r5aqaB2sfluSl","HH",7.82,4,4,2,4,1,"HLLH","HL",75,100,NA,43.5714285714286
"R_12r5aqaB2sfluSl","HH",7.82,4,4,2,4,1,"HLLH","LH",25,100,NA,57.1428571428571
"R_12r5aqaB2sfluSl","HH",7.82,4,4,2,4,1,"HLLL","HL",75,100,NA,50
"R_12r5aqaB2sfluSl","HH",7.82,4,4,2,4,1,"HLLL","LL",10,40,NA,50.7692307692308
"R_12r5aqaB2sfluSl","HH",7.82,4,4,2,4,1,"LHLH","LH",25,100,NA,50.5882352941176
"R_12r5aqaB2sfluSl","HH",7.82,4,4,2,4,1,"LHLL","LH",25,100,NA,57.3333333333333
"R_12r5aqaB2sfluSl","HH",7.82,4,4,2,4,1,"LHLL","LL",10,40,NA,44
"R_12r5aqaB2sfluSl","HH",7.82,4,4,2,4,1,"LLLL","LL",25,100,NA,50.7692307692308
"R_1g6B0hrofulBQqB","HH",-3.74,5,1,4,4,4,"HHHH","HH",70,93.3333333333333,NA,98.0392156862745
"R_1g6B0hrofulBQqB","HH",-3.74,5,1,4,4,4,"HHHL","HH",73,97.3333333333333,NA,88.8888888888889
"R_1g6B0hrofulBQqB","HH",-3.74,5,1,4,4,4,"HHHL","HL",73,97.3333333333333,NA,11.5555555555556
"R_1g6B0hrofulBQqB","HH",-3.74,5,1,4,4,4,"HHLH","HH",15,20,NA,100
"R_1g6B0hrofulBQqB","HH",-3.74,5,1,4,4,4,"HHLH","LH",15,60,NA,0.588235294117647
"R_1g6B0hrofulBQqB","HH",-3.74,5,1,4,4,4,"HHLL","HH",14,18.6666666666667,NA,50
"R_1g6B0hrofulBQqB","HH",-3.74,5,1,4,4,4,"HHLL","LL",14,56,NA,50.625
"R_1g6B0hrofulBQqB","HH",-3.74,5,1,4,4,4,"HLHL","HL",20,26.6666666666667,NA,97.4358974358974
"R_1g6B0hrofulBQqB","HH",-3.74,5,1,4,4,4,"HLLH","HL",15,20,NA,50
"R_1g6B0hrofulBQqB","HH",-3.74,5,1,4,4,4,"HLLH","LH",15,60,NA,50.7142857142857
"R_1g6B0hrofulBQqB","HH",-3.74,5,1,4,4,4,"HLLL","HL",13,17.3333333333333,NA,76.9230769230769
"R_1g6B0hrofulBQqB","HH",-3.74,5,1,4,4,4,"HLLL","LL",13,52,NA,23.8461538461538
"R_1g6B0hrofulBQqB","HH",-3.74,5,1,4,4,4,"LHLH","LH",25,100,NA,94.1176470588235
"R_1g6B0hrofulBQqB","HH",-3.74,5,1,4,4,4,"LHLL","LH",15,60,NA,97.3333333333333
"R_1g6B0hrofulBQqB","HH",-3.74,5,1,4,4,4,"LHLL","LL",15,60,NA,4
"R_1g6B0hrofulBQqB","HH",-3.74,5,1,4,4,4,"LLLL","LL",14,56,NA,9.23076923076923
"R_2WwApCPqRqmF8TF","HH",18.43,3,1,4,4,4,"HHHH","HH",30,40,NA,2.35294117647059
"R_2WwApCPqRqmF8TF","HH",18.43,3,1,4,4,4,"HHHL","HH",30,40,NA,97.7777777777778
"R_2WwApCPqRqmF8TF","HH",18.43,3,1,4,4,4,"HHHL","HL",30,40,NA,2.66666666666667
"R_2WwApCPqRqmF8TF","HH",18.43,3,1,4,4,4,"HHLH","HH",20,26.6666666666667,NA,30
"R_2WwApCPqRqmF8TF","HH",18.43,3,1,4,4,4,"HHLH","LH",15,60,NA,70.5882352941177
"R_2WwApCPqRqmF8TF","HH",18.43,3,1,4,4,4,"HHLL","HH",20,26.6666666666667,NA,93.75
"R_2WwApCPqRqmF8TF","HH",18.43,3,1,4,4,4,"HHLL","LL",15,60,NA,6.875
"R_2WwApCPqRqmF8TF","HH",18.43,3,1,4,4,4,"HLHL","HL",20,26.6666666666667,NA,8.2051282051282
"R_2WwApCPqRqmF8TF","HH",18.43,3,1,4,4,4,"HLLH","HL",20,26.6666666666667,NA,7.85714285714286
"R_2WwApCPqRqmF8TF","HH",18.43,3,1,4,4,4,"HLLH","LH",15,60,NA,92.8571428571429
"R_2WwApCPqRqmF8TF","HH",18.43,3,1,4,4,4,"HLLL","HL",20,26.6666666666667,NA,8.46153846153846
"R_2WwApCPqRqmF8TF","HH",18.43,3,1,4,4,4,"HLLL","LL",15,60,NA,92.3076923076923
"R_2WwApCPqRqmF8TF","HH",18.43,3,1,4,4,4,"LHLH","LH",15,60,NA,52.9411764705882
"R_2WwApCPqRqmF8TF","HH",18.43,3,1,4,4,4,"LHLL","LH",15,60,NA,49.3333333333333
"R_2WwApCPqRqmF8TF","HH",18.43,3,1,4,4,4,"LHLL","LL",15,60,NA,52
"R_2WwApCPqRqmF8TF","HH",18.43,3,1,4,4,4,"LLLL","LL",15,60,NA,86.1538461538462
"R_daNfBOzU1X6Ezcd","HH",28.19,3,2,5,4,6,"HHHH","HH",30,40,NA,50.1960784313725
"R_daNfBOzU1X6Ezcd","HH",28.19,3,2,5,4,6,"HHHL","HH",40,53.3333333333333,NA,50.2222222222222
"R_daNfBOzU1X6Ezcd","HH",28.19,3,2,5,4,6,"HHHL","HL",20,26.6666666666667,NA,50.2222222222222
"R_daNfBOzU1X6Ezcd","HH",28.19,3,2,5,4,6,"HHLH","HH",35,46.6666666666667,NA,51.1764705882353
"R_daNfBOzU1X6Ezcd","HH",28.19,3,2,5,4,6,"HHLH","LH",25,100,NA,49.4117647058824
"R_daNfBOzU1X6Ezcd","HH",28.19,3,2,5,4,6,"HHLL","HH",40,53.3333333333333,NA,51.25
"R_daNfBOzU1X6Ezcd","HH",28.19,3,2,5,4,6,"HHLL","LL",15,60,NA,49.375
"R_daNfBOzU1X6Ezcd","HH",28.19,3,2,5,4,6,"HLHL","HL",30,40,NA,50.2564102564103
"R_daNfBOzU1X6Ezcd","HH",28.19,3,2,5,4,6,"HLLH","HL",25,33.3333333333333,NA,50
"R_daNfBOzU1X6Ezcd","HH",28.19,3,2,5,4,6,"HLLH","LH",10,40,NA,50.7142857142857
"R_daNfBOzU1X6Ezcd","HH",28.19,3,2,5,4,6,"HLLL","HL",25,33.3333333333333,NA,51.5384615384615
"R_daNfBOzU1X6Ezcd","HH",28.19,3,2,5,4,6,"HLLL","LL",10,40,NA,49.2307692307692
"R_daNfBOzU1X6Ezcd","HH",28.19,3,2,5,4,6,"LHLH","LH",25,100,NA,50.5882352941176
"R_daNfBOzU1X6Ezcd","HH",28.19,3,2,5,4,6,"LHLL","LH",20,80,NA,50.6666666666667
"R_daNfBOzU1X6Ezcd","HH",28.19,3,2,5,4,6,"LHLL","LL",15,60,NA,50.6666666666667
"R_daNfBOzU1X6Ezcd","HH",28.19,3,2,5,4,6,"LLLL","LL",10,40,NA,50.7692307692308
"R_2w1aP4TsAL8PSms","HH",8.62,4,3,4,4,4,"HHHH","HH",20,26.6666666666667,NA,44.3137254901961
"R_2w1aP4TsAL8PSms","HH",8.62,4,3,4,4,4,"HHHL","HH",30,40,NA,50.2222222222222
"R_2w1aP4TsAL8PSms","HH",8.62,4,3,4,4,4,"HHHL","HL",30,40,NA,50.2222222222222
"R_2w1aP4TsAL8PSms","HH",8.62,4,3,4,4,4,"HHLH","HH",40,53.3333333333333,NA,52.9411764705882
"R_2w1aP4TsAL8PSms","HH",8.62,4,3,4,4,4,"HHLH","LH",10,40,NA,47.6470588235294
"R_2w1aP4TsAL8PSms","HH",8.62,4,3,4,4,4,"HHLL","HH",20,26.6666666666667,NA,62.5
"R_2w1aP4TsAL8PSms","HH",8.62,4,3,4,4,4,"HHLL","LL",10,40,NA,38.125
"R_2w1aP4TsAL8PSms","HH",8.62,4,3,4,4,4,"HLHL","HL",20,26.6666666666667,NA,50.2564102564103
"R_2w1aP4TsAL8PSms","HH",8.62,4,3,4,4,4,"HLLH","HL",20,26.6666666666667,NA,86.4285714285714
"R_2w1aP4TsAL8PSms","HH",8.62,4,3,4,4,4,"HLLH","LH",10,40,NA,14.2857142857143
"R_2w1aP4TsAL8PSms","HH",8.62,4,3,4,4,4,"HLLL","HL",10,13.3333333333333,NA,61.5384615384615
"R_2w1aP4TsAL8PSms","HH",8.62,4,3,4,4,4,"HLLL","LL",20,80,NA,39.2307692307692
"R_2w1aP4TsAL8PSms","HH",8.62,4,3,4,4,4,"LHLH","LH",10,40,NA,50.5882352941176
"R_2w1aP4TsAL8PSms","HH",8.62,4,3,4,4,4,"LHLL","LH",20,80,NA,44
"R_2w1aP4TsAL8PSms","HH",8.62,4,3,4,4,4,"LHLL","LL",10,40,NA,57.3333333333333
"R_2w1aP4TsAL8PSms","HH",8.62,4,3,4,4,4,"LLLL","LL",10,40,NA,66.1538461538461
"R_8fiKCmrYFv9Y6KR","HH",45,4,2,3,2,2,"HHHH","HH",75,100,NA,50.1960784313725
"R_8fiKCmrYFv9Y6KR","HH",45,4,2,3,2,2,"HHHL","HH",75,100,NA,50.2222222222222
"R_8fiKCmrYFv9Y6KR","HH",45,4,2,3,2,2,"HHHL","HL",75,100,NA,50.2222222222222
"R_8fiKCmrYFv9Y6KR","HH",45,4,2,3,2,2,"HHLH","HH",75,100,NA,50
"R_8fiKCmrYFv9Y6KR","HH",45,4,2,3,2,2,"HHLH","LH",25,100,NA,50.5882352941176
"R_8fiKCmrYFv9Y6KR","HH",45,4,2,3,2,2,"HHLL","HH",75,100,NA,50
"R_8fiKCmrYFv9Y6KR","HH",45,4,2,3,2,2,"HHLL","LL",25,100,NA,50.625
"R_8fiKCmrYFv9Y6KR","HH",45,4,2,3,2,2,"HLHL","HL",0,0,NA,50.2564102564103
"R_8fiKCmrYFv9Y6KR","HH",45,4,2,3,2,2,"HLLH","HL",60,80,NA,50
"R_8fiKCmrYFv9Y6KR","HH",45,4,2,3,2,2,"HLLH","LH",25,100,NA,50.7142857142857
"R_8fiKCmrYFv9Y6KR","HH",45,4,2,3,2,2,"HLLL","HL",50,66.6666666666667,NA,50
"R_8fiKCmrYFv9Y6KR","HH",45,4,2,3,2,2,"HLLL","LL",25,100,NA,50.7692307692308
"R_8fiKCmrYFv9Y6KR","HH",45,4,2,3,2,2,"LHLH","LH",25,100,NA,50.5882352941176
"R_8fiKCmrYFv9Y6KR","HH",45,4,2,3,2,2,"LHLL","LH",25,100,NA,50.6666666666667
"R_8fiKCmrYFv9Y6KR","HH",45,4,2,3,2,2,"LHLL","LL",25,100,NA,50.6666666666667
"R_8fiKCmrYFv9Y6KR","HH",45,4,2,3,2,2,"LLLL","LL",0,0,NA,50.7692307692308
"R_8wccPS1yclllMYN","HH",38.44,4,2,3,3,1,"HHHH","HH",10,13.3333333333333,NA,50.1960784313725
"R_8wccPS1yclllMYN","HH",38.44,4,2,3,3,1,"HHHL","HH",10,13.3333333333333,NA,50.2222222222222
"R_8wccPS1yclllMYN","HH",38.44,4,2,3,3,1,"HHHL","HL",7,9.33333333333333,NA,50.2222222222222
"R_8wccPS1yclllMYN","HH",38.44,4,2,3,3,1,"HHLH","HH",10,13.3333333333333,NA,50.5882352941176
"R_8wccPS1yclllMYN","HH",38.44,4,2,3,3,1,"HHLH","LH",7,28,NA,50
"R_8wccPS1yclllMYN","HH",38.44,4,2,3,3,1,"HHLL","HH",10,13.3333333333333,NA,69.375
"R_8wccPS1yclllMYN","HH",38.44,4,2,3,3,1,"HHLL","LL",5,20,NA,31.25
"R_8wccPS1yclllMYN","HH",38.44,4,2,3,3,1,"HLHL","HL",7,9.33333333333333,NA,50.2564102564103
"R_8wccPS1yclllMYN","HH",38.44,4,2,3,3,1,"HLLH","HL",7,9.33333333333333,NA,65
"R_8wccPS1yclllMYN","HH",38.44,4,2,3,3,1,"HLLH","LH",7,28,NA,35.7142857142857
"R_8wccPS1yclllMYN","HH",38.44,4,2,3,3,1,"HLLL","HL",7,9.33333333333333,NA,62.3076923076923
"R_8wccPS1yclllMYN","HH",38.44,4,2,3,3,1,"HLLL","LL",5,20,NA,38.4615384615385
"R_8wccPS1yclllMYN","HH",38.44,4,2,3,3,1,"LHLH","LH",7,28,NA,50.5882352941176
"R_8wccPS1yclllMYN","HH",38.44,4,2,3,3,1,"LHLL","LH",7,28,NA,57.3333333333333
"R_8wccPS1yclllMYN","HH",38.44,4,2,3,3,1,"LHLL","LL",5,20,NA,44
"R_8wccPS1yclllMYN","HH",38.44,4,2,3,3,1,"LLLL","LL",5,20,NA,50.7692307692308
"R_R2gnvL9OPLiQwrn","HH",34.88,4,1,2,2,3,"HHHH","HH",30,40,NA,50.1960784313725
"R_R2gnvL9OPLiQwrn","HH",34.88,4,1,2,2,3,"HHHL","HH",30,40,NA,51.5555555555556
"R_R2gnvL9OPLiQwrn","HH",34.88,4,1,2,2,3,"HHHL","HL",30,40,NA,48.8888888888889
"R_R2gnvL9OPLiQwrn","HH",34.88,4,1,2,2,3,"HHLH","HH",30,40,NA,58.8235294117647
"R_R2gnvL9OPLiQwrn","HH",34.88,4,1,2,2,3,"HHLH","LH",15,60,NA,41.7647058823529
"R_R2gnvL9OPLiQwrn","HH",34.88,4,1,2,2,3,"HHLL","HH",30,40,NA,62.5
"R_R2gnvL9OPLiQwrn","HH",34.88,4,1,2,2,3,"HHLL","LL",15,60,NA,38.125
"R_R2gnvL9OPLiQwrn","HH",34.88,4,1,2,2,3,"HLHL","HL",30,40,NA,50.2564102564103
"R_R2gnvL9OPLiQwrn","HH",34.88,4,1,2,2,3,"HLLH","HL",35,46.6666666666667,NA,60
"R_R2gnvL9OPLiQwrn","HH",34.88,4,1,2,2,3,"HLLH","LH",15,60,NA,40.7142857142857
"R_R2gnvL9OPLiQwrn","HH",34.88,4,1,2,2,3,"HLLL","HL",35,46.6666666666667,NA,61.5384615384615
"R_R2gnvL9OPLiQwrn","HH",34.88,4,1,2,2,3,"HLLL","LL",15,60,NA,39.2307692307692
"R_R2gnvL9OPLiQwrn","HH",34.88,4,1,2,2,3,"LHLH","LH",15,60,NA,50.5882352941176
"R_R2gnvL9OPLiQwrn","HH",34.88,4,1,2,2,3,"LHLL","LH",15,60,NA,53.3333333333333
"R_R2gnvL9OPLiQwrn","HH",34.88,4,1,2,2,3,"LHLL","LL",15,60,NA,48
"R_R2gnvL9OPLiQwrn","HH",34.88,4,1,2,2,3,"LLLL","LL",15,60,NA,50.7692307692308
"R_2uNzwTcTCI29kYw","HH",34.88,5,2,2,6,1,"HHHH","HH",30,40,NA,50.1960784313725
"R_2uNzwTcTCI29kYw","HH",34.88,5,2,2,6,1,"HHHL","HH",30,40,NA,50.2222222222222
"R_2uNzwTcTCI29kYw","HH",34.88,5,2,2,6,1,"HHHL","HL",30,40,NA,50.2222222222222
"R_2uNzwTcTCI29kYw","HH",34.88,5,2,2,6,1,"HHLH","HH",30,40,NA,30
"R_2uNzwTcTCI29kYw","HH",34.88,5,2,2,6,1,"HHLH","LH",5,20,NA,70.5882352941177
"R_2uNzwTcTCI29kYw","HH",34.88,5,2,2,6,1,"HHLL","HH",30,40,NA,38.125
"R_2uNzwTcTCI29kYw","HH",34.88,5,2,2,6,1,"HHLL","LL",5,20,NA,62.5
"R_2uNzwTcTCI29kYw","HH",34.88,5,2,2,6,1,"HLHL","HL",30,40,NA,50.2564102564103
"R_2uNzwTcTCI29kYw","HH",34.88,5,2,2,6,1,"HLLH","HL",30,40,NA,29.2857142857143
"R_2uNzwTcTCI29kYw","HH",34.88,5,2,2,6,1,"HLLH","LH",5,20,NA,71.4285714285714
"R_2uNzwTcTCI29kYw","HH",34.88,5,2,2,6,1,"HLLL","HL",30,40,NA,31.5384615384615
"R_2uNzwTcTCI29kYw","HH",34.88,5,2,2,6,1,"HLLL","LL",5,20,NA,69.2307692307692
"R_2uNzwTcTCI29kYw","HH",34.88,5,2,2,6,1,"LHLH","LH",5,20,NA,50.5882352941176
"R_2uNzwTcTCI29kYw","HH",34.88,5,2,2,6,1,"LHLL","LH",5,20,NA,50.6666666666667
"R_2uNzwTcTCI29kYw","HH",34.88,5,2,2,6,1,"LHLL","LL",5,20,NA,50.6666666666667
"R_2uNzwTcTCI29kYw","HH",34.88,5,2,2,6,1,"LLLL","LL",5,20,NA,50.7692307692308
"R_1jOBXEdMt2vTvfI","HH",45,2,4,6,3,6,"HHHH","HH",40,53.3333333333333,NA,50.1960784313725
"R_1jOBXEdMt2vTvfI","HH",45,2,4,6,3,6,"HHHL","HH",40,53.3333333333333,NA,43.5555555555556
"R_1jOBXEdMt2vTvfI","HH",45,2,4,6,3,6,"HHHL","HL",40,53.3333333333333,NA,56.8888888888889
"R_1jOBXEdMt2vTvfI","HH",45,2,4,6,3,6,"HHLH","HH",40,53.3333333333333,NA,75.2941176470588
"R_1jOBXEdMt2vTvfI","HH",45,2,4,6,3,6,"HHLH","LH",12,48,NA,25.2941176470588
"R_1jOBXEdMt2vTvfI","HH",45,2,4,6,3,6,"HHLL","HH",40,53.3333333333333,NA,80
"R_1jOBXEdMt2vTvfI","HH",45,2,4,6,3,6,"HHLL","LL",12,48,NA,20.625
"R_1jOBXEdMt2vTvfI","HH",45,2,4,6,3,6,"HLHL","HL",40,53.3333333333333,NA,50.2564102564103
"R_1jOBXEdMt2vTvfI","HH",45,2,4,6,3,6,"HLLH","HL",40,53.3333333333333,NA,70
"R_1jOBXEdMt2vTvfI","HH",45,2,4,6,3,6,"HLLH","LH",12,48,NA,30.7142857142857
"R_1jOBXEdMt2vTvfI","HH",45,2,4,6,3,6,"HLLL","HL",40,53.3333333333333,NA,75.3846153846154
"R_1jOBXEdMt2vTvfI","HH",45,2,4,6,3,6,"HLLL","LL",12,48,NA,25.3846153846154
"R_1jOBXEdMt2vTvfI","HH",45,2,4,6,3,6,"LHLH","LH",12,48,NA,50.5882352941176
"R_1jOBXEdMt2vTvfI","HH",45,2,4,6,3,6,"LHLL","LH",12,48,NA,44
"R_1jOBXEdMt2vTvfI","HH",45,2,4,6,3,6,"LHLL","LL",12,48,NA,57.3333333333333
"R_1jOBXEdMt2vTvfI","HH",45,2,4,6,3,6,"LLLL","LL",12,48,NA,50.7692307692308
"R_QnyNV86i3kZJNcJ","HH",20.69,4,1,4,5,2,"HHHH","HH",45,60,NA,50.1960784313725
"R_QnyNV86i3kZJNcJ","HH",20.69,4,1,4,5,2,"HHHL","HH",35,46.6666666666667,NA,48.8888888888889
"R_QnyNV86i3kZJNcJ","HH",20.69,4,1,4,5,2,"HHHL","HL",45,60,NA,51.5555555555556
"R_QnyNV86i3kZJNcJ","HH",20.69,4,1,4,5,2,"HHLH","HH",45,60,NA,49.4117647058824
"R_QnyNV86i3kZJNcJ","HH",20.69,4,1,4,5,2,"HHLH","LH",15,60,NA,51.1764705882353
"R_QnyNV86i3kZJNcJ","HH",20.69,4,1,4,5,2,"HHLL","HH",25,33.3333333333333,NA,47.5
"R_QnyNV86i3kZJNcJ","HH",20.69,4,1,4,5,2,"HHLL","LL",15,60,NA,53.125
"R_QnyNV86i3kZJNcJ","HH",20.69,4,1,4,5,2,"HLHL","HL",20,26.6666666666667,NA,50.2564102564103
"R_QnyNV86i3kZJNcJ","HH",20.69,4,1,4,5,2,"HLLH","HL",30,40,NA,51.4285714285714
"R_QnyNV86i3kZJNcJ","HH",20.69,4,1,4,5,2,"HLLH","LH",15,60,NA,49.2857142857143
"R_QnyNV86i3kZJNcJ","HH",20.69,4,1,4,5,2,"HLLL","HL",30,40,NA,50
"R_QnyNV86i3kZJNcJ","HH",20.69,4,1,4,5,2,"HLLL","LL",10,40,NA,50.7692307692308
"R_QnyNV86i3kZJNcJ","HH",20.69,4,1,4,5,2,"LHLH","LH",12,48,NA,50.5882352941176
"R_QnyNV86i3kZJNcJ","HH",20.69,4,1,4,5,2,"LHLL","LH",8,32,NA,45.3333333333333
"R_QnyNV86i3kZJNcJ","HH",20.69,4,1,4,5,2,"LHLL","LL",10,40,NA,56
"R_QnyNV86i3kZJNcJ","HH",20.69,4,1,4,5,2,"LLLL","LL",10,40,NA,50.7692307692308
"R_3j70zuaMDTknnXg","HH",21.04,4,5,4,4,4,"HHHH","HH",20,26.6666666666667,NA,50.1960784313725
"R_3j70zuaMDTknnXg","HH",21.04,4,5,4,4,4,"HHHL","HH",20,26.6666666666667,NA,50.2222222222222
"R_3j70zuaMDTknnXg","HH",21.04,4,5,4,4,4,"HHHL","HL",20,26.6666666666667,NA,50.2222222222222
"R_3j70zuaMDTknnXg","HH",21.04,4,5,4,4,4,"HHLH","HH",20,26.6666666666667,NA,50.2941176470588
"R_3j70zuaMDTknnXg","HH",21.04,4,5,4,4,4,"HHLH","LH",10,40,NA,50.2941176470588
"R_3j70zuaMDTknnXg","HH",21.04,4,5,4,4,4,"HHLL","HH",20,26.6666666666667,NA,50.3125
"R_3j70zuaMDTknnXg","HH",21.04,4,5,4,4,4,"HHLL","LL",10,40,NA,50.3125
"R_3j70zuaMDTknnXg","HH",21.04,4,5,4,4,4,"HLHL","HL",20,26.6666666666667,NA,50.2564102564103
"R_3j70zuaMDTknnXg","HH",21.04,4,5,4,4,4,"HLLH","HL",20,26.6666666666667,NA,50.3571428571429
"R_3j70zuaMDTknnXg","HH",21.04,4,5,4,4,4,"HLLH","LH",10,40,NA,50.3571428571429
"R_3j70zuaMDTknnXg","HH",21.04,4,5,4,4,4,"HLLL","HL",20,26.6666666666667,NA,50.3846153846154
"R_3j70zuaMDTknnXg","HH",21.04,4,5,4,4,4,"HLLL","LL",10,40,NA,50.3846153846154
"R_3j70zuaMDTknnXg","HH",21.04,4,5,4,4,4,"LHLH","LH",15,60,NA,50.5882352941176
"R_3j70zuaMDTknnXg","HH",21.04,4,5,4,4,4,"LHLL","LH",10,40,NA,50.6666666666667
"R_3j70zuaMDTknnXg","HH",21.04,4,5,4,4,4,"LHLL","LL",10,40,NA,50.6666666666667
"R_3j70zuaMDTknnXg","HH",21.04,4,5,4,4,4,"LLLL","LL",10,40,NA,50.7692307692308
"R_2VOzuV762oTD1iE","HH",37.48,1,1,4,4,4,"HHHH","HH",10,13.3333333333333,NA,50.1960784313725
"R_2VOzuV762oTD1iE","HH",37.48,1,1,4,4,4,"HHHL","HH",15,20,NA,50.2222222222222
"R_2VOzuV762oTD1iE","HH",37.48,1,1,4,4,4,"HHHL","HL",15,20,NA,50.2222222222222
"R_2VOzuV762oTD1iE","HH",37.48,1,1,4,4,4,"HHLH","HH",15,20,NA,47.6470588235294
"R_2VOzuV762oTD1iE","HH",37.48,1,1,4,4,4,"HHLH","LH",15,60,NA,52.9411764705882
"R_2VOzuV762oTD1iE","HH",37.48,1,1,4,4,4,"HHLL","HH",15,20,NA,43.75
"R_2VOzuV762oTD1iE","HH",37.48,1,1,4,4,4,"HHLL","LL",10,40,NA,56.875
"R_2VOzuV762oTD1iE","HH",37.48,1,1,4,4,4,"HLHL","HL",15,20,NA,50.2564102564103
"R_2VOzuV762oTD1iE","HH",37.48,1,1,4,4,4,"HLLH","HL",15,20,NA,36.4285714285714
"R_2VOzuV762oTD1iE","HH",37.48,1,1,4,4,4,"HLLH","LH",10,40,NA,64.2857142857143
"R_2VOzuV762oTD1iE","HH",37.48,1,1,4,4,4,"HLLL","HL",20,26.6666666666667,NA,39.2307692307692
"R_2VOzuV762oTD1iE","HH",37.48,1,1,4,4,4,"HLLL","LL",20,80,NA,61.5384615384615
"R_2VOzuV762oTD1iE","HH",37.48,1,1,4,4,4,"LHLH","LH",10,40,NA,50.5882352941176
"R_2VOzuV762oTD1iE","HH",37.48,1,1,4,4,4,"LHLL","LH",10,40,NA,50.6666666666667
"R_2VOzuV762oTD1iE","HH",37.48,1,1,4,4,4,"LHLL","LL",10,40,NA,50.6666666666667
"R_2VOzuV762oTD1iE","HH",37.48,1,1,4,4,4,"LLLL","LL",10,40,NA,50.7692307692308
"R_3kB3JvbL5BtfguP","HH",7.82,4,1,1,7,1,"HHHH","HH",15,20,NA,50.1960784313725
"R_3kB3JvbL5BtfguP","HH",7.82,4,1,1,7,1,"HHHL","HH",15,20,NA,50.2222222222222
"R_3kB3JvbL5BtfguP","HH",7.82,4,1,1,7,1,"HHHL","HL",15,20,NA,50.2222222222222
"R_3kB3JvbL5BtfguP","HH",7.82,4,1,1,7,1,"HHLH","HH",15,20,NA,50.2941176470588
"R_3kB3JvbL5BtfguP","HH",7.82,4,1,1,7,1,"HHLH","LH",10,40,NA,50.2941176470588
"R_3kB3JvbL5BtfguP","HH",7.82,4,1,1,7,1,"HHLL","HH",15,20,NA,50.3125
"R_3kB3JvbL5BtfguP","HH",7.82,4,1,1,7,1,"HHLL","LL",10,40,NA,50.3125
"R_3kB3JvbL5BtfguP","HH",7.82,4,1,1,7,1,"HLHL","HL",15,20,NA,50.2564102564103
"R_3kB3JvbL5BtfguP","HH",7.82,4,1,1,7,1,"HLLH","HL",10,13.3333333333333,NA,50.3571428571429
"R_3kB3JvbL5BtfguP","HH",7.82,4,1,1,7,1,"HLLH","LH",10,40,NA,50.3571428571429
"R_3kB3JvbL5BtfguP","HH",7.82,4,1,1,7,1,"HLLL","HL",15,20,NA,50.3846153846154
"R_3kB3JvbL5BtfguP","HH",7.82,4,1,1,7,1,"HLLL","LL",10,40,NA,50.3846153846154
"R_3kB3JvbL5BtfguP","HH",7.82,4,1,1,7,1,"LHLH","LH",10,40,NA,50.5882352941176
"R_3kB3JvbL5BtfguP","HH",7.82,4,1,1,7,1,"LHLL","LH",10,40,NA,50.6666666666667
"R_3kB3JvbL5BtfguP","HH",7.82,4,1,1,7,1,"LHLL","LL",10,40,NA,50.6666666666667
"R_3kB3JvbL5BtfguP","HH",7.82,4,1,1,7,1,"LLLL","LL",10,40,NA,50.7692307692308
"R_2AKZa6HT9r2ZOa8","HH",37.09,3,2,4,4,4,"HHHH","HH",20,26.6666666666667,NA,50.1960784313725
"R_2AKZa6HT9r2ZOa8","HH",37.09,3,2,4,4,4,"HHHL","HH",20,26.6666666666667,NA,100.444444444444
"R_2AKZa6HT9r2ZOa8","HH",37.09,3,2,4,4,4,"HHHL","HL",20,26.6666666666667,NA,0
"R_2AKZa6HT9r2ZOa8","HH",37.09,3,2,4,4,4,"HHLH","HH",10,13.3333333333333,NA,100.588235294118
"R_2AKZa6HT9r2ZOa8","HH",37.09,3,2,4,4,4,"HHLH","LH",10,40,NA,0
"R_2AKZa6HT9r2ZOa8","HH",37.09,3,2,4,4,4,"HHLL","HH",20,26.6666666666667,NA,100.625
"R_2AKZa6HT9r2ZOa8","HH",37.09,3,2,4,4,4,"HHLL","LL",10,40,NA,0
"R_2AKZa6HT9r2ZOa8","HH",37.09,3,2,4,4,4,"HLHL","HL",10,13.3333333333333,NA,51.2820512820513
"R_2AKZa6HT9r2ZOa8","HH",37.09,3,2,4,4,4,"HLLH","HL",10,13.3333333333333,NA,47.1428571428571
"R_2AKZa6HT9r2ZOa8","HH",37.09,3,2,4,4,4,"HLLH","LH",10,40,NA,53.5714285714286
"R_2AKZa6HT9r2ZOa8","HH",37.09,3,2,4,4,4,"HLLL","HL",15,20,NA,50
"R_2AKZa6HT9r2ZOa8","HH",37.09,3,2,4,4,4,"HLLL","LL",10,40,NA,50.7692307692308
"R_2AKZa6HT9r2ZOa8","HH",37.09,3,2,4,4,4,"LHLH","LH",10,40,NA,47.0588235294118
"R_2AKZa6HT9r2ZOa8","HH",37.09,3,2,4,4,4,"LHLL","LH",10,40,NA,101.333333333333
"R_2AKZa6HT9r2ZOa8","HH",37.09,3,2,4,4,4,"LHLL","LL",10,40,NA,0
"R_2AKZa6HT9r2ZOa8","HH",37.09,3,2,4,4,4,"LLLL","LL",10,40,NA,50.7692307692308
"R_3qPXraYzZbdXlbI","HH",34.88,5,1,3,7,3,"HHHH","HH",75,100,NA,50.1960784313725
"R_3qPXraYzZbdXlbI","HH",34.88,5,1,3,7,3,"HHHL","HH",45,60,NA,53.3333333333333
"R_3qPXraYzZbdXlbI","HH",34.88,5,1,3,7,3,"HHHL","HL",40,53.3333333333333,NA,47.1111111111111
"R_3qPXraYzZbdXlbI","HH",34.88,5,1,3,7,3,"HHLH","HH",40,53.3333333333333,NA,59.4117647058824
"R_3qPXraYzZbdXlbI","HH",34.88,5,1,3,7,3,"HHLH","LH",10,40,NA,41.1764705882353
"R_3qPXraYzZbdXlbI","HH",34.88,5,1,3,7,3,"HHLL","HH",40,53.3333333333333,NA,62.5
"R_3qPXraYzZbdXlbI","HH",34.88,5,1,3,7,3,"HHLL","LL",10,40,NA,38.125
"R_3qPXraYzZbdXlbI","HH",34.88,5,1,3,7,3,"HLHL","HL",75,100,NA,50.2564102564103
"R_3qPXraYzZbdXlbI","HH",34.88,5,1,3,7,3,"HLLH","HL",40,53.3333333333333,NA,71.4285714285714
"R_3qPXraYzZbdXlbI","HH",34.88,5,1,3,7,3,"HLLH","LH",10,40,NA,29.2857142857143
"R_3qPXraYzZbdXlbI","HH",34.88,5,1,3,7,3,"HLLL","HL",40,53.3333333333333,NA,69.2307692307692
"R_3qPXraYzZbdXlbI","HH",34.88,5,1,3,7,3,"HLLL","LL",10,40,NA,31.5384615384615
"R_3qPXraYzZbdXlbI","HH",34.88,5,1,3,7,3,"LHLH","LH",10,40,NA,50.5882352941176
"R_3qPXraYzZbdXlbI","HH",34.88,5,1,3,7,3,"LHLL","LH",10,40,NA,53.3333333333333
"R_3qPXraYzZbdXlbI","HH",34.88,5,1,3,7,3,"LHLL","LL",10,40,NA,48
"R_3qPXraYzZbdXlbI","HH",34.88,5,1,3,7,3,"LLLL","LL",10,40,NA,50.7692307692308
"R_3RgRmuxuWBxgRWp","HH",45,4,2,1,7,1,"HHHH","HH",50,66.6666666666667,NA,50.1960784313725
"R_3RgRmuxuWBxgRWp","HH",45,4,2,1,7,1,"HHHL","HH",50,66.6666666666667,NA,49.7777777777778
"R_3RgRmuxuWBxgRWp","HH",45,4,2,1,7,1,"HHHL","HL",50,66.6666666666667,NA,50.6666666666667
"R_3RgRmuxuWBxgRWp","HH",45,4,2,1,7,1,"HHLH","HH",50,66.6666666666667,NA,50
"R_3RgRmuxuWBxgRWp","HH",45,4,2,1,7,1,"HHLH","LH",15,60,NA,50.5882352941176
"R_3RgRmuxuWBxgRWp","HH",45,4,2,1,7,1,"HHLL","HH",50,66.6666666666667,NA,50
"R_3RgRmuxuWBxgRWp","HH",45,4,2,1,7,1,"HHLL","LL",10,40,NA,50.625
"R_3RgRmuxuWBxgRWp","HH",45,4,2,1,7,1,"HLHL","HL",50,66.6666666666667,NA,50.2564102564103
"R_3RgRmuxuWBxgRWp","HH",45,4,2,1,7,1,"HLLH","HL",50,66.6666666666667,NA,50
"R_3RgRmuxuWBxgRWp","HH",45,4,2,1,7,1,"HLLH","LH",15,60,NA,50.7142857142857
"R_3RgRmuxuWBxgRWp","HH",45,4,2,1,7,1,"HLLL","HL",50,66.6666666666667,NA,50
"R_3RgRmuxuWBxgRWp","HH",45,4,2,1,7,1,"HLLL","LL",10,40,NA,50.7692307692308
"R_3RgRmuxuWBxgRWp","HH",45,4,2,1,7,1,"LHLH","LH",15,60,NA,50.5882352941176
"R_3RgRmuxuWBxgRWp","HH",45,4,2,1,7,1,"LHLL","LH",15,60,NA,50.6666666666667
"R_3RgRmuxuWBxgRWp","HH",45,4,2,1,7,1,"LHLL","LL",10,40,NA,50.6666666666667
"R_3RgRmuxuWBxgRWp","HH",45,4,2,1,7,1,"LLLL","LL",10,40,NA,50.7692307692308
"R_PRkFzAmeRf6Ytd7","HH",34.88,2,3,4,4,4,"HHHH","HH",55,73.3333333333333,NA,50.1960784313725
"R_PRkFzAmeRf6Ytd7","HH",34.88,2,3,4,4,4,"HHHL","HH",50,66.6666666666667,NA,50.2222222222222
"R_PRkFzAmeRf6Ytd7","HH",34.88,2,3,4,4,4,"HHHL","HL",55,73.3333333333333,NA,50.2222222222222
"R_PRkFzAmeRf6Ytd7","HH",34.88,2,3,4,4,4,"HHLH","HH",50,66.6666666666667,NA,59.4117647058824
"R_PRkFzAmeRf6Ytd7","HH",34.88,2,3,4,4,4,"HHLH","LH",15,60,NA,41.1764705882353
"R_PRkFzAmeRf6Ytd7","HH",34.88,2,3,4,4,4,"HHLL","HH",55,73.3333333333333,NA,56.875
"R_PRkFzAmeRf6Ytd7","HH",34.88,2,3,4,4,4,"HHLL","LL",15,60,NA,43.75
"R_PRkFzAmeRf6Ytd7","HH",34.88,2,3,4,4,4,"HLHL","HL",50,66.6666666666667,NA,50.2564102564103
"R_PRkFzAmeRf6Ytd7","HH",34.88,2,3,4,4,4,"HLLH","HL",50,66.6666666666667,NA,50
"R_PRkFzAmeRf6Ytd7","HH",34.88,2,3,4,4,4,"HLLH","LH",15,60,NA,50.7142857142857
"R_PRkFzAmeRf6Ytd7","HH",34.88,2,3,4,4,4,"HLLL","HL",60,80,NA,50.7692307692308
"R_PRkFzAmeRf6Ytd7","HH",34.88,2,3,4,4,4,"HLLL","LL",15,60,NA,50
"R_PRkFzAmeRf6Ytd7","HH",34.88,2,3,4,4,4,"LHLH","LH",15,60,NA,50.5882352941176
"R_PRkFzAmeRf6Ytd7","HH",34.88,2,3,4,4,4,"LHLL","LH",10,40,NA,52
"R_PRkFzAmeRf6Ytd7","HH",34.88,2,3,4,4,4,"LHLL","LL",15,60,NA,49.3333333333333
"R_PRkFzAmeRf6Ytd7","HH",34.88,2,3,4,4,4,"LLLL","LL",15,60,NA,50.7692307692308
"R_2uDnnqCeYX0ofai","HH",7.82,4,3,3,4,3,"HHHH","HH",75,100,NA,50.1960784313725
"R_2uDnnqCeYX0ofai","HH",7.82,4,3,3,4,3,"HHHL","HH",75,100,NA,50.2222222222222
"R_2uDnnqCeYX0ofai","HH",7.82,4,3,3,4,3,"HHHL","HL",60,80,NA,50.2222222222222
"R_2uDnnqCeYX0ofai","HH",7.82,4,3,3,4,3,"HHLH","HH",75,100,NA,44.7058823529412
"R_2uDnnqCeYX0ofai","HH",7.82,4,3,3,4,3,"HHLH","LH",25,100,NA,55.8823529411765
"R_2uDnnqCeYX0ofai","HH",7.82,4,3,3,4,3,"HHLL","HH",75,100,NA,38.125
"R_2uDnnqCeYX0ofai","HH",7.82,4,3,3,4,3,"HHLL","LL",15,60,NA,62.5
"R_2uDnnqCeYX0ofai","HH",7.82,4,3,3,4,3,"HLHL","HL",75,100,NA,50.2564102564103
"R_2uDnnqCeYX0ofai","HH",7.82,4,3,3,4,3,"HLLH","HL",60,80,NA,42.8571428571429
"R_2uDnnqCeYX0ofai","HH",7.82,4,3,3,4,3,"HLLH","LH",25,100,NA,57.8571428571429
"R_2uDnnqCeYX0ofai","HH",7.82,4,3,3,4,3,"HLLL","HL",75,100,NA,23.8461538461538
"R_2uDnnqCeYX0ofai","HH",7.82,4,3,3,4,3,"HLLL","LL",15,60,NA,76.9230769230769
"R_2uDnnqCeYX0ofai","HH",7.82,4,3,3,4,3,"LHLH","LH",25,100,NA,50.5882352941176
"R_2uDnnqCeYX0ofai","HH",7.82,4,3,3,4,3,"LHLL","LH",25,100,NA,50.6666666666667
"R_2uDnnqCeYX0ofai","HH",7.82,4,3,3,4,3,"LHLL","LL",15,60,NA,50.6666666666667
"R_2uDnnqCeYX0ofai","HH",7.82,4,3,3,4,3,"LLLL","LL",25,100,NA,50.7692307692308
"R_8kzWGMnUfD0Dvyx","HH",4.88,4,4,4,4,4,"HHHH","HH",20,26.6666666666667,NA,50.1960784313725
"R_8kzWGMnUfD0Dvyx","HH",4.88,4,4,4,4,4,"HHHL","HH",20,26.6666666666667,NA,50.2222222222222
"R_8kzWGMnUfD0Dvyx","HH",4.88,4,4,4,4,4,"HHHL","HL",20,26.6666666666667,NA,50.2222222222222
"R_8kzWGMnUfD0Dvyx","HH",4.88,4,4,4,4,4,"HHLH","HH",20,26.6666666666667,NA,58.8235294117647
"R_8kzWGMnUfD0Dvyx","HH",4.88,4,4,4,4,4,"HHLH","LH",10,40,NA,41.7647058823529
"R_8kzWGMnUfD0Dvyx","HH",4.88,4,4,4,4,4,"HHLL","HH",20,26.6666666666667,NA,50.625
"R_8kzWGMnUfD0Dvyx","HH",4.88,4,4,4,4,4,"HHLL","LL",10,40,NA,50
"R_8kzWGMnUfD0Dvyx","HH",4.88,4,4,4,4,4,"HLHL","HL",15,20,NA,50.2564102564103
"R_8kzWGMnUfD0Dvyx","HH",4.88,4,4,4,4,4,"HLLH","HL",10,13.3333333333333,NA,54.2857142857143
"R_8kzWGMnUfD0Dvyx","HH",4.88,4,4,4,4,4,"HLLH","LH",10,40,NA,46.4285714285714
"R_8kzWGMnUfD0Dvyx","HH",4.88,4,4,4,4,4,"HLLL","HL",20,26.6666666666667,NA,50.7692307692308
"R_8kzWGMnUfD0Dvyx","HH",4.88,4,4,4,4,4,"HLLL","LL",10,40,NA,50
"R_8kzWGMnUfD0Dvyx","HH",4.88,4,4,4,4,4,"LHLH","LH",10,40,NA,50.5882352941176
"R_8kzWGMnUfD0Dvyx","HH",4.88,4,4,4,4,4,"LHLL","LH",10,40,NA,50.6666666666667
"R_8kzWGMnUfD0Dvyx","HH",4.88,4,4,4,4,4,"LHLL","LL",12,48,NA,50.6666666666667
"R_8kzWGMnUfD0Dvyx","HH",4.88,4,4,4,4,4,"LLLL","LL",10,40,NA,50.7692307692308
"R_bypk3l14JH86KeR","HH",7.82,4,1,3,6,3,"HHHH","HH",30,40,NA,50.1960784313725
"R_bypk3l14JH86KeR","HH",7.82,4,1,3,6,3,"HHHL","HH",20,26.6666666666667,NA,50.2222222222222
"R_bypk3l14JH86KeR","HH",7.82,4,1,3,6,3,"HHHL","HL",24,32,NA,50.2222222222222
"R_bypk3l14JH86KeR","HH",7.82,4,1,3,6,3,"HHLH","HH",10,13.3333333333333,NA,50.2941176470588
"R_bypk3l14JH86KeR","HH",7.82,4,1,3,6,3,"HHLH","LH",10,40,NA,50.2941176470588
"R_bypk3l14JH86KeR","HH",7.82,4,1,3,6,3,"HHLL","HH",20,26.6666666666667,NA,50.3125
"R_bypk3l14JH86KeR","HH",7.82,4,1,3,6,3,"HHLL","LL",10,40,NA,50.3125
"R_bypk3l14JH86KeR","HH",7.82,4,1,3,6,3,"HLHL","HL",35,46.6666666666667,NA,50.2564102564103
"R_bypk3l14JH86KeR","HH",7.82,4,1,3,6,3,"HLLH","HL",20,26.6666666666667,NA,50.3571428571429
"R_bypk3l14JH86KeR","HH",7.82,4,1,3,6,3,"HLLH","LH",15,60,NA,50.3571428571429
"R_bypk3l14JH86KeR","HH",7.82,4,1,3,6,3,"HLLL","HL",20,26.6666666666667,NA,50.3846153846154
"R_bypk3l14JH86KeR","HH",7.82,4,1,3,6,3,"HLLL","LL",15,60,NA,50.3846153846154
"R_bypk3l14JH86KeR","HH",7.82,4,1,3,6,3,"LHLH","LH",10,40,NA,50.5882352941176
"R_bypk3l14JH86KeR","HH",7.82,4,1,3,6,3,"LHLL","LH",10,40,NA,50.6666666666667
"R_bypk3l14JH86KeR","HH",7.82,4,1,3,6,3,"LHLL","LL",10,40,NA,50.6666666666667
"R_bypk3l14JH86KeR","HH",7.82,4,1,3,6,3,"LLLL","LL",15,60,NA,50.7692307692308
"R_xrx3HiRjZjQeLzr","HH",7.82,4,1,1,7,1,"HHHH","HH",0,0,NA,50.1960784313725
"R_xrx3HiRjZjQeLzr","HH",7.82,4,1,1,7,1,"HHHL","HH",0,0,NA,50.2222222222222
"R_xrx3HiRjZjQeLzr","HH",7.82,4,1,1,7,1,"HHHL","HL",0,0,NA,50.2222222222222
"R_xrx3HiRjZjQeLzr","HH",7.82,4,1,1,7,1,"HHLH","HH",0,0,NA,50
"R_xrx3HiRjZjQeLzr","HH",7.82,4,1,1,7,1,"HHLH","LH",0,0,NA,50.5882352941176
"R_xrx3HiRjZjQeLzr","HH",7.82,4,1,1,7,1,"HHLL","HH",0,0,NA,50
"R_xrx3HiRjZjQeLzr","HH",7.82,4,1,1,7,1,"HHLL","LL",0,0,NA,50.625
"R_xrx3HiRjZjQeLzr","HH",7.82,4,1,1,7,1,"HLHL","HL",0,0,NA,50.2564102564103
"R_xrx3HiRjZjQeLzr","HH",7.82,4,1,1,7,1,"HLLH","HL",0,0,NA,50
"R_xrx3HiRjZjQeLzr","HH",7.82,4,1,1,7,1,"HLLH","LH",0,0,NA,50.7142857142857
"R_xrx3HiRjZjQeLzr","HH",7.82,4,1,1,7,1,"HLLL","HL",0,0,NA,50.7692307692308
"R_xrx3HiRjZjQeLzr","HH",7.82,4,1,1,7,1,"HLLL","LL",0,0,NA,50
"R_xrx3HiRjZjQeLzr","HH",7.82,4,1,1,7,1,"LHLH","LH",0,0,NA,50.5882352941176
"R_xrx3HiRjZjQeLzr","HH",7.82,4,1,1,7,1,"LHLL","LH",0,0,NA,50.6666666666667
"R_xrx3HiRjZjQeLzr","HH",7.82,4,1,1,7,1,"LHLL","LL",0,0,NA,50.6666666666667
"R_xrx3HiRjZjQeLzr","HH",7.82,4,1,1,7,1,"LLLL","LL",0,0,NA,50.7692307692308
"R_2Ui4i8I4sfX7eRu","HH",16.26,4,1,2,4,1,"HHHH","HH",45,60,NA,50.1960784313725
"R_2Ui4i8I4sfX7eRu","HH",16.26,4,1,2,4,1,"HHHL","HH",40,53.3333333333333,NA,50.2222222222222
"R_2Ui4i8I4sfX7eRu","HH",16.26,4,1,2,4,1,"HHHL","HL",50,66.6666666666667,NA,50.2222222222222
"R_2Ui4i8I4sfX7eRu","HH",16.26,4,1,2,4,1,"HHLH","HH",30,40,NA,50.2941176470588
"R_2Ui4i8I4sfX7eRu","HH",16.26,4,1,2,4,1,"HHLH","LH",15,60,NA,50.2941176470588
"R_2Ui4i8I4sfX7eRu","HH",16.26,4,1,2,4,1,"HHLL","HH",30,40,NA,50.3125
"R_2Ui4i8I4sfX7eRu","HH",16.26,4,1,2,4,1,"HHLL","LL",20,80,NA,50.3125
"R_2Ui4i8I4sfX7eRu","HH",16.26,4,1,2,4,1,"HLHL","HL",70,93.3333333333333,NA,50.2564102564103
"R_2Ui4i8I4sfX7eRu","HH",16.26,4,1,2,4,1,"HLLH","HL",35,46.6666666666667,NA,50.3571428571429
"R_2Ui4i8I4sfX7eRu","HH",16.26,4,1,2,4,1,"HLLH","LH",15,60,NA,50.3571428571429
"R_2Ui4i8I4sfX7eRu","HH",16.26,4,1,2,4,1,"HLLL","HL",30,40,NA,50.3846153846154
"R_2Ui4i8I4sfX7eRu","HH",16.26,4,1,2,4,1,"HLLL","LL",20,80,NA,50.3846153846154
"R_2Ui4i8I4sfX7eRu","HH",16.26,4,1,2,4,1,"LHLH","LH",20,80,NA,50.5882352941176
"R_2Ui4i8I4sfX7eRu","HH",16.26,4,1,2,4,1,"LHLL","LH",20,80,NA,50.6666666666667
"R_2Ui4i8I4sfX7eRu","HH",16.26,4,1,2,4,1,"LHLL","LL",15,60,NA,50.6666666666667
"R_2Ui4i8I4sfX7eRu","HH",16.26,4,1,2,4,1,"LLLL","LL",18,72,NA,50.7692307692308
"R_12y9QOXku7Q4e25","HH",19.96,3,4,6,4,6,"HHHH","HH",50,66.6666666666667,NA,50.1960784313725
"R_12y9QOXku7Q4e25","HH",19.96,3,4,6,4,6,"HHHL","HH",20,26.6666666666667,NA,56.8888888888889
"R_12y9QOXku7Q4e25","HH",19.96,3,4,6,4,6,"HHHL","HL",20,26.6666666666667,NA,43.5555555555556
"R_12y9QOXku7Q4e25","HH",19.96,3,4,6,4,6,"HHLH","HH",35,46.6666666666667,NA,75.2941176470588
"R_12y9QOXku7Q4e25","HH",19.96,3,4,6,4,6,"HHLH","LH",20,80,NA,25.2941176470588
"R_12y9QOXku7Q4e25","HH",19.96,3,4,6,4,6,"HHLL","HH",30,40,NA,20.625
"R_12y9QOXku7Q4e25","HH",19.96,3,4,6,4,6,"HHLL","LL",10,40,NA,80
"R_12y9QOXku7Q4e25","HH",19.96,3,4,6,4,6,"HLHL","HL",25,33.3333333333333,NA,50.2564102564103
"R_12y9QOXku7Q4e25","HH",19.96,3,4,6,4,6,"HLLH","HL",25,33.3333333333333,NA,70
"R_12y9QOXku7Q4e25","HH",19.96,3,4,6,4,6,"HLLH","LH",25,100,NA,30.7142857142857
"R_12y9QOXku7Q4e25","HH",19.96,3,4,6,4,6,"HLLL","HL",25,33.3333333333333,NA,25.3846153846154
"R_12y9QOXku7Q4e25","HH",19.96,3,4,6,4,6,"HLLL","LL",10,40,NA,75.3846153846154
"R_12y9QOXku7Q4e25","HH",19.96,3,4,6,4,6,"LHLH","LH",10,40,NA,50.5882352941176
"R_12y9QOXku7Q4e25","HH",19.96,3,4,6,4,6,"LHLL","LH",10,40,NA,44
"R_12y9QOXku7Q4e25","HH",19.96,3,4,6,4,6,"LHLL","LL",10,40,NA,57.3333333333333
"R_12y9QOXku7Q4e25","HH",19.96,3,4,6,4,6,"LLLL","LL",15,60,NA,50.7692307692308
"R_2feNo9hhA4FAcCF","HH",7.82,1,1,6,2,6,"HHHH","HH",10,13.3333333333333,NA,46.6666666666667
"R_2feNo9hhA4FAcCF","HH",7.82,1,1,6,2,6,"HHHL","HH",10,13.3333333333333,NA,48.8888888888889
"R_2feNo9hhA4FAcCF","HH",7.82,1,1,6,2,6,"HHHL","HL",10,13.3333333333333,NA,51.5555555555556
"R_2feNo9hhA4FAcCF","HH",7.82,1,1,6,2,6,"HHLH","HH",10,13.3333333333333,NA,47.0588235294118
"R_2feNo9hhA4FAcCF","HH",7.82,1,1,6,2,6,"HHLH","LH",5,20,NA,53.5294117647059
"R_2feNo9hhA4FAcCF","HH",7.82,1,1,6,2,6,"HHLL","HH",10,13.3333333333333,NA,43.75
"R_2feNo9hhA4FAcCF","HH",7.82,1,1,6,2,6,"HHLL","LL",5,20,NA,56.875
"R_2feNo9hhA4FAcCF","HH",7.82,1,1,6,2,6,"HLHL","HL",10,13.3333333333333,NA,50.2564102564103
"R_2feNo9hhA4FAcCF","HH",7.82,1,1,6,2,6,"HLLH","HL",10,13.3333333333333,NA,50.7142857142857
"R_2feNo9hhA4FAcCF","HH",7.82,1,1,6,2,6,"HLLH","LH",5,20,NA,50
"R_2feNo9hhA4FAcCF","HH",7.82,1,1,6,2,6,"HLLL","HL",10,13.3333333333333,NA,43.0769230769231
"R_2feNo9hhA4FAcCF","HH",7.82,1,1,6,2,6,"HLLL","LL",5,20,NA,57.6923076923077
"R_2feNo9hhA4FAcCF","HH",7.82,1,1,6,2,6,"LHLH","LH",5,20,NA,48.2352941176471
"R_2feNo9hhA4FAcCF","HH",7.82,1,1,6,2,6,"LHLL","LH",5,20,NA,50.6666666666667
"R_2feNo9hhA4FAcCF","HH",7.82,1,1,6,2,6,"LHLL","LL",5,20,NA,50.6666666666667
"R_2feNo9hhA4FAcCF","HH",7.82,1,1,6,2,6,"LLLL","LL",5,20,NA,50.7692307692308
"R_1LYxalDPgZ65hvv","HH",-7.82,3,3,1,7,1,"HHHH","HH",40,53.3333333333333,NA,50.1960784313725
"R_1LYxalDPgZ65hvv","HH",-7.82,3,3,1,7,1,"HHHL","HH",40,53.3333333333333,NA,50.2222222222222
"R_1LYxalDPgZ65hvv","HH",-7.82,3,3,1,7,1,"HHHL","HL",45,60,NA,50.2222222222222
"R_1LYxalDPgZ65hvv","HH",-7.82,3,3,1,7,1,"HHLH","HH",40,53.3333333333333,NA,50.2941176470588
"R_1LYxalDPgZ65hvv","HH",-7.82,3,3,1,7,1,"HHLH","LH",10,40,NA,50.2941176470588
"R_1LYxalDPgZ65hvv","HH",-7.82,3,3,1,7,1,"HHLL","HH",40,53.3333333333333,NA,50.3125
"R_1LYxalDPgZ65hvv","HH",-7.82,3,3,1,7,1,"HHLL","LL",10,40,NA,50.3125
"R_1LYxalDPgZ65hvv","HH",-7.82,3,3,1,7,1,"HLHL","HL",40,53.3333333333333,NA,50.2564102564103
"R_1LYxalDPgZ65hvv","HH",-7.82,3,3,1,7,1,"HLLH","HL",40,53.3333333333333,NA,50.3571428571429
"R_1LYxalDPgZ65hvv","HH",-7.82,3,3,1,7,1,"HLLH","LH",10,40,NA,50.3571428571429
"R_1LYxalDPgZ65hvv","HH",-7.82,3,3,1,7,1,"HLLL","HL",40,53.3333333333333,NA,50.3846153846154
"R_1LYxalDPgZ65hvv","HH",-7.82,3,3,1,7,1,"HLLL","LL",10,40,NA,50.3846153846154
"R_1LYxalDPgZ65hvv","HH",-7.82,3,3,1,7,1,"LHLH","LH",10,40,NA,50.5882352941176
"R_1LYxalDPgZ65hvv","HH",-7.82,3,3,1,7,1,"LHLL","LH",10,40,NA,50.6666666666667
"R_1LYxalDPgZ65hvv","HH",-7.82,3,3,1,7,1,"LHLL","LL",15,60,NA,50.6666666666667
"R_1LYxalDPgZ65hvv","HH",-7.82,3,3,1,7,1,"LLLL","LL",10,40,NA,50.7692307692308
"R_12yfZroBC5DZisu","HH",-7.82,4,3,5,4,6,"HHHH","HH",30,40,NA,50.1960784313725
"R_12yfZroBC5DZisu","HH",-7.82,4,3,5,4,6,"HHHL","HH",30,40,NA,50.2222222222222
"R_12yfZroBC5DZisu","HH",-7.82,4,3,5,4,6,"HHHL","HL",30,40,NA,50.2222222222222
"R_12yfZroBC5DZisu","HH",-7.82,4,3,5,4,6,"HHLH","HH",30,40,NA,50.2941176470588
"R_12yfZroBC5DZisu","HH",-7.82,4,3,5,4,6,"HHLH","LH",10,40,NA,50.2941176470588
"R_12yfZroBC5DZisu","HH",-7.82,4,3,5,4,6,"HHLL","HH",30,40,NA,50.3125
"R_12yfZroBC5DZisu","HH",-7.82,4,3,5,4,6,"HHLL","LL",10,40,NA,50.3125
"R_12yfZroBC5DZisu","HH",-7.82,4,3,5,4,6,"HLHL","HL",30,40,NA,50.2564102564103
"R_12yfZroBC5DZisu","HH",-7.82,4,3,5,4,6,"HLLH","HL",30,40,NA,50.3571428571429
"R_12yfZroBC5DZisu","HH",-7.82,4,3,5,4,6,"HLLH","LH",10,40,NA,50.3571428571429
"R_12yfZroBC5DZisu","HH",-7.82,4,3,5,4,6,"HLLL","HL",30,40,NA,50.3846153846154
"R_12yfZroBC5DZisu","HH",-7.82,4,3,5,4,6,"HLLL","LL",10,40,NA,50.3846153846154
"R_12yfZroBC5DZisu","HH",-7.82,4,3,5,4,6,"LHLH","LH",10,40,NA,50.5882352941176
"R_12yfZroBC5DZisu","HH",-7.82,4,3,5,4,6,"LHLL","LH",10,40,NA,50.6666666666667
"R_12yfZroBC5DZisu","HH",-7.82,4,3,5,4,6,"LHLL","LL",10,40,NA,50.6666666666667
"R_12yfZroBC5DZisu","HH",-7.82,4,3,5,4,6,"LLLL","LL",10,40,NA,50.7692307692308
"R_2fkrpkAZxE93eSm","HH",5.82,4,4,4,4,4,"HHHH","HH",40,53.3333333333333,NA,50.1960784313725
"R_2fkrpkAZxE93eSm","HH",5.82,4,4,4,4,4,"HHHL","HH",35,46.6666666666667,NA,66.6666666666667
"R_2fkrpkAZxE93eSm","HH",5.82,4,4,4,4,4,"HHHL","HL",45,60,NA,33.7777777777778
"R_2fkrpkAZxE93eSm","HH",5.82,4,4,4,4,4,"HHLH","HH",35,46.6666666666667,NA,58.8235294117647
"R_2fkrpkAZxE93eSm","HH",5.82,4,4,4,4,4,"HHLH","LH",10,40,NA,41.7647058823529
"R_2fkrpkAZxE93eSm","HH",5.82,4,4,4,4,4,"HHLL","HH",45,60,NA,62.5
"R_2fkrpkAZxE93eSm","HH",5.82,4,4,4,4,4,"HHLL","LL",10,40,NA,38.125
"R_2fkrpkAZxE93eSm","HH",5.82,4,4,4,4,4,"HLHL","HL",40,53.3333333333333,NA,44.1025641025641
"R_2fkrpkAZxE93eSm","HH",5.82,4,4,4,4,4,"HLLH","HL",40,53.3333333333333,NA,67.8571428571429
"R_2fkrpkAZxE93eSm","HH",5.82,4,4,4,4,4,"HLLH","LH",10,40,NA,32.8571428571429
"R_2fkrpkAZxE93eSm","HH",5.82,4,4,4,4,4,"HLLL","HL",40,53.3333333333333,NA,61.5384615384615
"R_2fkrpkAZxE93eSm","HH",5.82,4,4,4,4,4,"HLLL","LL",10,40,NA,39.2307692307692
"R_2fkrpkAZxE93eSm","HH",5.82,4,4,4,4,4,"LHLH","LH",10,40,NA,50.5882352941176
"R_2fkrpkAZxE93eSm","HH",5.82,4,4,4,4,4,"LHLL","LH",15,60,NA,57.3333333333333
"R_2fkrpkAZxE93eSm","HH",5.82,4,4,4,4,4,"LHLL","LL",10,40,NA,44
"R_2fkrpkAZxE93eSm","HH",5.82,4,4,4,4,4,"LLLL","LL",10,40,NA,50.7692307692308
"R_cAZuTLAGq19mhJn","HH",20.48,5,1,4,4,3,"HHHH","HH",75,100,NA,39.2156862745098
"R_cAZuTLAGq19mhJn","HH",20.48,5,1,4,4,3,"HHHL","HH",75,100,NA,44.4444444444444
"R_cAZuTLAGq19mhJn","HH",20.48,5,1,4,4,3,"HHHL","HL",75,100,NA,56
"R_cAZuTLAGq19mhJn","HH",20.48,5,1,4,4,3,"HHLH","HH",75,100,NA,30
"R_cAZuTLAGq19mhJn","HH",20.48,5,1,4,4,3,"HHLH","LH",25,100,NA,70.5882352941177
"R_cAZuTLAGq19mhJn","HH",20.48,5,1,4,4,3,"HHLL","HH",75,100,NA,37.5
"R_cAZuTLAGq19mhJn","HH",20.48,5,1,4,4,3,"HHLL","LL",25,100,NA,63.125
"R_cAZuTLAGq19mhJn","HH",20.48,5,1,4,4,3,"HLHL","HL",75,100,NA,50.2564102564103
"R_cAZuTLAGq19mhJn","HH",20.48,5,1,4,4,3,"HLLH","HL",75,100,NA,36.4285714285714
"R_cAZuTLAGq19mhJn","HH",20.48,5,1,4,4,3,"HLLH","LH",25,100,NA,64.2857142857143
"R_cAZuTLAGq19mhJn","HH",20.48,5,1,4,4,3,"HLLL","HL",75,100,NA,39.2307692307692
"R_cAZuTLAGq19mhJn","HH",20.48,5,1,4,4,3,"HLLL","LL",25,100,NA,61.5384615384615
"R_cAZuTLAGq19mhJn","HH",20.48,5,1,4,4,3,"LHLH","LH",25,100,NA,50.5882352941176
"R_cAZuTLAGq19mhJn","HH",20.48,5,1,4,4,3,"LHLL","LH",25,100,NA,46.6666666666667
"R_cAZuTLAGq19mhJn","HH",20.48,5,1,4,4,3,"LHLL","LL",25,100,NA,54.6666666666667
"R_cAZuTLAGq19mhJn","HH",20.48,5,1,4,4,3,"LLLL","LL",25,100,NA,50.7692307692308
"R_3iIogLi8A6VJ4CV","HH",16.26,1,1,6,4,6,"HHHH","HH",3,4,NA,50.1960784313725
"R_3iIogLi8A6VJ4CV","HH",16.26,1,1,6,4,6,"HHHL","HH",3,4,NA,50.2222222222222
"R_3iIogLi8A6VJ4CV","HH",16.26,1,1,6,4,6,"HHHL","HL",5,6.66666666666667,NA,50.2222222222222
"R_3iIogLi8A6VJ4CV","HH",16.26,1,1,6,4,6,"HHLH","HH",5,6.66666666666667,NA,50.2941176470588
"R_3iIogLi8A6VJ4CV","HH",16.26,1,1,6,4,6,"HHLH","LH",3,12,NA,50.2941176470588
"R_3iIogLi8A6VJ4CV","HH",16.26,1,1,6,4,6,"HHLL","HH",10,13.3333333333333,NA,50.3125
"R_3iIogLi8A6VJ4CV","HH",16.26,1,1,6,4,6,"HHLL","LL",25,100,NA,50.3125
"R_3iIogLi8A6VJ4CV","HH",16.26,1,1,6,4,6,"HLHL","HL",10,13.3333333333333,NA,50.2564102564103
"R_3iIogLi8A6VJ4CV","HH",16.26,1,1,6,4,6,"HLLH","HL",5,6.66666666666667,NA,50.3571428571429
"R_3iIogLi8A6VJ4CV","HH",16.26,1,1,6,4,6,"HLLH","LH",10,40,NA,50.3571428571429
"R_3iIogLi8A6VJ4CV","HH",16.26,1,1,6,4,6,"HLLL","HL",15,20,NA,50.3846153846154
"R_3iIogLi8A6VJ4CV","HH",16.26,1,1,6,4,6,"HLLL","LL",10,40,NA,50.3846153846154
"R_3iIogLi8A6VJ4CV","HH",16.26,1,1,6,4,6,"LHLH","LH",2,8,NA,50.5882352941176
"R_3iIogLi8A6VJ4CV","HH",16.26,1,1,6,4,6,"LHLL","LH",10,40,NA,50.6666666666667
"R_3iIogLi8A6VJ4CV","HH",16.26,1,1,6,4,6,"LHLL","LL",5,20,NA,50.6666666666667
"R_3iIogLi8A6VJ4CV","HH",16.26,1,1,6,4,6,"LLLL","LL",4,16,NA,50.7692307692308
"R_3NIDGxPCCLVPU6q","HH",29.8,3,1,7,1,7,"HHHH","HH",40,53.3333333333333,NA,45.4901960784314
"R_3NIDGxPCCLVPU6q","HH",29.8,3,1,7,1,7,"HHHL","HH",35,46.6666666666667,NA,56
"R_3NIDGxPCCLVPU6q","HH",29.8,3,1,7,1,7,"HHHL","HL",30,40,NA,44.4444444444444
"R_3NIDGxPCCLVPU6q","HH",29.8,3,1,7,1,7,"HHLH","HH",30,40,NA,64.7058823529412
"R_3NIDGxPCCLVPU6q","HH",29.8,3,1,7,1,7,"HHLH","LH",15,60,NA,35.8823529411765
"R_3NIDGxPCCLVPU6q","HH",29.8,3,1,7,1,7,"HHLL","HH",35,46.6666666666667,NA,75
"R_3NIDGxPCCLVPU6q","HH",29.8,3,1,7,1,7,"HHLL","LL",10,40,NA,25.625
"R_3NIDGxPCCLVPU6q","HH",29.8,3,1,7,1,7,"HLHL","HL",30,40,NA,50.2564102564103
"R_3NIDGxPCCLVPU6q","HH",29.8,3,1,7,1,7,"HLLH","HL",30,40,NA,50.7142857142857
"R_3NIDGxPCCLVPU6q","HH",29.8,3,1,7,1,7,"HLLH","LH",15,60,NA,50
"R_3NIDGxPCCLVPU6q","HH",29.8,3,1,7,1,7,"HLLL","HL",30,40,NA,61.5384615384615
"R_3NIDGxPCCLVPU6q","HH",29.8,3,1,7,1,7,"HLLL","LL",15,60,NA,39.2307692307692
"R_3NIDGxPCCLVPU6q","HH",29.8,3,1,7,1,7,"LHLH","LH",15,60,NA,50.5882352941176
"R_3NIDGxPCCLVPU6q","HH",29.8,3,1,7,1,7,"LHLL","LH",10,40,NA,61.3333333333333
"R_3NIDGxPCCLVPU6q","HH",29.8,3,1,7,1,7,"LHLL","LL",10,40,NA,40
"R_3NIDGxPCCLVPU6q","HH",29.8,3,1,7,1,7,"LLLL","LL",10,40,NA,50.7692307692308
"R_28NvB38W7tPP3Cm","HH",7.82,4,5,2,6,2,"HHHH","HH",25,33.3333333333333,NA,50.1960784313725
"R_28NvB38W7tPP3Cm","HH",7.82,4,5,2,6,2,"HHHL","HH",25,33.3333333333333,NA,50.2222222222222
"R_28NvB38W7tPP3Cm","HH",7.82,4,5,2,6,2,"HHHL","HL",25,33.3333333333333,NA,50.2222222222222
"R_28NvB38W7tPP3Cm","HH",7.82,4,5,2,6,2,"HHLH","HH",25,33.3333333333333,NA,50.5882352941176
"R_28NvB38W7tPP3Cm","HH",7.82,4,5,2,6,2,"HHLH","LH",15,60,NA,50
"R_28NvB38W7tPP3Cm","HH",7.82,4,5,2,6,2,"HHLL","HH",25,33.3333333333333,NA,50
"R_28NvB38W7tPP3Cm","HH",7.82,4,5,2,6,2,"HHLL","LL",15,60,NA,50.625
"R_28NvB38W7tPP3Cm","HH",7.82,4,5,2,6,2,"HLHL","HL",25,33.3333333333333,NA,50.2564102564103
"R_28NvB38W7tPP3Cm","HH",7.82,4,5,2,6,2,"HLLH","HL",25,33.3333333333333,NA,50.7142857142857
"R_28NvB38W7tPP3Cm","HH",7.82,4,5,2,6,2,"HLLH","LH",15,60,NA,50
"R_28NvB38W7tPP3Cm","HH",7.82,4,5,2,6,2,"HLLL","HL",25,33.3333333333333,NA,50.7692307692308
"R_28NvB38W7tPP3Cm","HH",7.82,4,5,2,6,2,"HLLL","LL",15,60,NA,50
"R_28NvB38W7tPP3Cm","HH",7.82,4,5,2,6,2,"LHLH","LH",15,60,NA,50.5882352941176
"R_28NvB38W7tPP3Cm","HH",7.82,4,5,2,6,2,"LHLL","LH",15,60,NA,50.6666666666667
"R_28NvB38W7tPP3Cm","HH",7.82,4,5,2,6,2,"LHLL","LL",15,60,NA,50.6666666666667
"R_28NvB38W7tPP3Cm","HH",7.82,4,5,2,6,2,"LLLL","LL",15,60,NA,50.7692307692308
"R_vv42PJFpNXO3O5r","HH",37.48,4,2,2,6,2,"HHHH","HH",75,100,NA,50.1960784313725
"R_vv42PJFpNXO3O5r","HH",37.48,4,2,2,6,2,"HHHL","HH",75,100,NA,50.2222222222222
"R_vv42PJFpNXO3O5r","HH",37.48,4,2,2,6,2,"HHHL","HL",75,100,NA,50.2222222222222
"R_vv42PJFpNXO3O5r","HH",37.48,4,2,2,6,2,"HHLH","HH",30,40,NA,50.2941176470588
"R_vv42PJFpNXO3O5r","HH",37.48,4,2,2,6,2,"HHLH","LH",15,60,NA,50.2941176470588
"R_vv42PJFpNXO3O5r","HH",37.48,4,2,2,6,2,"HHLL","HH",75,100,NA,50.3125
"R_vv42PJFpNXO3O5r","HH",37.48,4,2,2,6,2,"HHLL","LL",15,60,NA,50.3125
"R_vv42PJFpNXO3O5r","HH",37.48,4,2,2,6,2,"HLHL","HL",75,100,NA,50.2564102564103
"R_vv42PJFpNXO3O5r","HH",37.48,4,2,2,6,2,"HLLH","HL",30,40,NA,50.3571428571429
"R_vv42PJFpNXO3O5r","HH",37.48,4,2,2,6,2,"HLLH","LH",15,60,NA,50.3571428571429
"R_vv42PJFpNXO3O5r","HH",37.48,4,2,2,6,2,"HLLL","HL",30,40,NA,50.3846153846154
"R_vv42PJFpNXO3O5r","HH",37.48,4,2,2,6,2,"HLLL","LL",15,60,NA,50.3846153846154
"R_vv42PJFpNXO3O5r","HH",37.48,4,2,2,6,2,"LHLH","LH",25,100,NA,50.5882352941176
"R_vv42PJFpNXO3O5r","HH",37.48,4,2,2,6,2,"LHLL","LH",15,60,NA,50.6666666666667
"R_vv42PJFpNXO3O5r","HH",37.48,4,2,2,6,2,"LHLL","LL",15,60,NA,50.6666666666667
"R_vv42PJFpNXO3O5r","HH",37.48,4,2,2,6,2,"LLLL","LL",25,100,NA,50.7692307692308
"R_1ClrZ2sdMSFBads","HH",-9.93,1,1,4,5,5,"HHHH","HH",30,40,NA,50.1960784313725
"R_1ClrZ2sdMSFBads","HH",-9.93,1,1,4,5,5,"HHHL","HH",25,33.3333333333333,NA,66.6666666666667
"R_1ClrZ2sdMSFBads","HH",-9.93,1,1,4,5,5,"HHHL","HL",20,26.6666666666667,NA,33.7777777777778
"R_1ClrZ2sdMSFBads","HH",-9.93,1,1,4,5,5,"HHLH","HH",20,26.6666666666667,NA,61.7647058823529
"R_1ClrZ2sdMSFBads","HH",-9.93,1,1,4,5,5,"HHLH","LH",10,40,NA,38.8235294117647
"R_1ClrZ2sdMSFBads","HH",-9.93,1,1,4,5,5,"HHLL","HH",25,33.3333333333333,NA,57.5
"R_1ClrZ2sdMSFBads","HH",-9.93,1,1,4,5,5,"HHLL","LL",10,40,NA,43.125
"R_1ClrZ2sdMSFBads","HH",-9.93,1,1,4,5,5,"HLHL","HL",10,13.3333333333333,NA,50.2564102564103
"R_1ClrZ2sdMSFBads","HH",-9.93,1,1,4,5,5,"HLLH","HL",10,13.3333333333333,NA,52.1428571428571
"R_1ClrZ2sdMSFBads","HH",-9.93,1,1,4,5,5,"HLLH","LH",10,40,NA,48.5714285714286
"R_1ClrZ2sdMSFBads","HH",-9.93,1,1,4,5,5,"HLLL","HL",15,20,NA,50.7692307692308
"R_1ClrZ2sdMSFBads","HH",-9.93,1,1,4,5,5,"HLLL","LL",10,40,NA,50
"R_1ClrZ2sdMSFBads","HH",-9.93,1,1,4,5,5,"LHLH","LH",10,40,NA,50.5882352941176
"R_1ClrZ2sdMSFBads","HH",-9.93,1,1,4,5,5,"LHLL","LH",10,40,NA,50.6666666666667
"R_1ClrZ2sdMSFBads","HH",-9.93,1,1,4,5,5,"LHLL","LL",10,40,NA,50.6666666666667
"R_1ClrZ2sdMSFBads","HH",-9.93,1,1,4,5,5,"LLLL","LL",10,40,NA,50.7692307692308
"R_6Q2vzjyGVyOozrb","HH",7.82,5,1,1,7,1,"HHHH","HH",75,100,NA,50.1960784313725
"R_6Q2vzjyGVyOozrb","HH",7.82,5,1,1,7,1,"HHHL","HH",30,40,NA,53.3333333333333
"R_6Q2vzjyGVyOozrb","HH",7.82,5,1,1,7,1,"HHHL","HL",20,26.6666666666667,NA,47.1111111111111
"R_6Q2vzjyGVyOozrb","HH",7.82,5,1,1,7,1,"HHLH","HH",30,40,NA,70.5882352941177
"R_6Q2vzjyGVyOozrb","HH",7.82,5,1,1,7,1,"HHLH","LH",25,100,NA,30
"R_6Q2vzjyGVyOozrb","HH",7.82,5,1,1,7,1,"HHLL","HH",30,40,NA,62.5
"R_6Q2vzjyGVyOozrb","HH",7.82,5,1,1,7,1,"HHLL","LL",25,100,NA,38.125
"R_6Q2vzjyGVyOozrb","HH",7.82,5,1,1,7,1,"HLHL","HL",75,100,NA,50.2564102564103
"R_6Q2vzjyGVyOozrb","HH",7.82,5,1,1,7,1,"HLLH","HL",20,26.6666666666667,NA,71.4285714285714
"R_6Q2vzjyGVyOozrb","HH",7.82,5,1,1,7,1,"HLLH","LH",25,100,NA,29.2857142857143
"R_6Q2vzjyGVyOozrb","HH",7.82,5,1,1,7,1,"HLLL","HL",20,26.6666666666667,NA,69.2307692307692
"R_6Q2vzjyGVyOozrb","HH",7.82,5,1,1,7,1,"HLLL","LL",25,100,NA,31.5384615384615
"R_6Q2vzjyGVyOozrb","HH",7.82,5,1,1,7,1,"LHLH","LH",25,100,NA,50.5882352941176
"R_6Q2vzjyGVyOozrb","HH",7.82,5,1,1,7,1,"LHLL","LH",25,100,NA,61.3333333333333
"R_6Q2vzjyGVyOozrb","HH",7.82,5,1,1,7,1,"LHLL","LL",25,100,NA,40
"R_6Q2vzjyGVyOozrb","HH",7.82,5,1,1,7,1,"LLLL","LL",25,100,NA,50.7692307692308
"R_1yIhUzY2u1HQA6d","HH",26.98,3,1,2,6,6,"HHHH","HH",30,40,NA,50.1960784313725
"R_1yIhUzY2u1HQA6d","HH",26.98,3,1,2,6,6,"HHHL","HH",20,26.6666666666667,NA,50.2222222222222
"R_1yIhUzY2u1HQA6d","HH",26.98,3,1,2,6,6,"HHHL","HL",15,20,NA,50.2222222222222
"R_1yIhUzY2u1HQA6d","HH",26.98,3,1,2,6,6,"HHLH","HH",10,13.3333333333333,NA,58.8235294117647
"R_1yIhUzY2u1HQA6d","HH",26.98,3,1,2,6,6,"HHLH","LH",5,20,NA,41.7647058823529
"R_1yIhUzY2u1HQA6d","HH",26.98,3,1,2,6,6,"HHLL","HH",30,40,NA,50.625
"R_1yIhUzY2u1HQA6d","HH",26.98,3,1,2,6,6,"HHLL","LL",10,40,NA,50
"R_1yIhUzY2u1HQA6d","HH",26.98,3,1,2,6,6,"HLHL","HL",25,33.3333333333333,NA,50.2564102564103
"R_1yIhUzY2u1HQA6d","HH",26.98,3,1,2,6,6,"HLLH","HL",15,20,NA,50.7142857142857
"R_1yIhUzY2u1HQA6d","HH",26.98,3,1,2,6,6,"HLLH","LH",5,20,NA,50
"R_1yIhUzY2u1HQA6d","HH",26.98,3,1,2,6,6,"HLLL","HL",20,26.6666666666667,NA,50.7692307692308
"R_1yIhUzY2u1HQA6d","HH",26.98,3,1,2,6,6,"HLLL","LL",10,40,NA,50
"R_1yIhUzY2u1HQA6d","HH",26.98,3,1,2,6,6,"LHLH","LH",5,20,NA,50.5882352941176
"R_1yIhUzY2u1HQA6d","HH",26.98,3,1,2,6,6,"LHLL","LH",10,40,NA,50.6666666666667
"R_1yIhUzY2u1HQA6d","HH",26.98,3,1,2,6,6,"LHLL","LL",10,40,NA,50.6666666666667
"R_1yIhUzY2u1HQA6d","HH",26.98,3,1,2,6,6,"LLLL","LL",10,40,NA,50.7692307692308
"R_20ZsnTcPDX9i3SD","HH",45,4,4,2,6,2,"HHHH","HH",30,40,NA,50.1960784313725
"R_20ZsnTcPDX9i3SD","HH",45,4,4,2,6,2,"HHHL","HH",30,40,NA,50.2222222222222
"R_20ZsnTcPDX9i3SD","HH",45,4,4,2,6,2,"HHHL","HL",30,40,NA,50.2222222222222
"R_20ZsnTcPDX9i3SD","HH",45,4,4,2,6,2,"HHLH","HH",30,40,NA,50
"R_20ZsnTcPDX9i3SD","HH",45,4,4,2,6,2,"HHLH","LH",10,40,NA,50.5882352941176
"R_20ZsnTcPDX9i3SD","HH",45,4,4,2,6,2,"HHLL","HH",30,40,NA,50
"R_20ZsnTcPDX9i3SD","HH",45,4,4,2,6,2,"HHLL","LL",10,40,NA,50.625
"R_20ZsnTcPDX9i3SD","HH",45,4,4,2,6,2,"HLHL","HL",30,40,NA,50.2564102564103
"R_20ZsnTcPDX9i3SD","HH",45,4,4,2,6,2,"HLLH","HL",30,40,NA,50
"R_20ZsnTcPDX9i3SD","HH",45,4,4,2,6,2,"HLLH","LH",10,40,NA,50.7142857142857
"R_20ZsnTcPDX9i3SD","HH",45,4,4,2,6,2,"HLLL","HL",30,40,NA,50
"R_20ZsnTcPDX9i3SD","HH",45,4,4,2,6,2,"HLLL","LL",10,40,NA,50.7692307692308
"R_20ZsnTcPDX9i3SD","HH",45,4,4,2,6,2,"LHLH","LH",12,48,NA,50.5882352941176
"R_20ZsnTcPDX9i3SD","HH",45,4,4,2,6,2,"LHLL","LH",10,40,NA,50.6666666666667
"R_20ZsnTcPDX9i3SD","HH",45,4,4,2,6,2,"LHLL","LL",10,40,NA,50.6666666666667
"R_20ZsnTcPDX9i3SD","HH",45,4,4,2,6,2,"LLLL","LL",5,20,NA,50.7692307692308
"R_AvwhyCv3v0CQs4p","HL",34.88,5,4,4,4,4,"HHHH","HH",25,33.3333333333333,NA,50.1960784313725
"R_AvwhyCv3v0CQs4p","HL",34.88,5,4,4,4,4,"HHHL","HH",25,33.3333333333333,NA,56
"R_AvwhyCv3v0CQs4p","HL",34.88,5,4,4,4,4,"HHHL","HL",25,33.3333333333333,NA,44.4444444444444
"R_AvwhyCv3v0CQs4p","HL",34.88,5,4,4,4,4,"HHLH","HH",25,33.3333333333333,NA,70.5882352941177
"R_AvwhyCv3v0CQs4p","HL",34.88,5,4,4,4,4,"HHLH","LH",5,20,NA,30
"R_AvwhyCv3v0CQs4p","HL",34.88,5,4,4,4,4,"HHLL","HH",25,33.3333333333333,NA,68.75
"R_AvwhyCv3v0CQs4p","HL",34.88,5,4,4,4,4,"HHLL","LL",5,20,NA,31.875
"R_AvwhyCv3v0CQs4p","HL",34.88,5,4,4,4,4,"HLHL","HL",20,26.6666666666667,NA,50.2564102564103
"R_AvwhyCv3v0CQs4p","HL",34.88,5,4,4,4,4,"HLLH","HL",20,26.6666666666667,NA,57.1428571428571
"R_AvwhyCv3v0CQs4p","HL",34.88,5,4,4,4,4,"HLLH","LH",5,20,NA,43.5714285714286
"R_AvwhyCv3v0CQs4p","HL",34.88,5,4,4,4,4,"HLLL","HL",25,33.3333333333333,NA,65.3846153846154
"R_AvwhyCv3v0CQs4p","HL",34.88,5,4,4,4,4,"HLLL","LL",5,20,NA,35.3846153846154
"R_AvwhyCv3v0CQs4p","HL",34.88,5,4,4,4,4,"LHLH","LH",5,20,NA,50.5882352941176
"R_AvwhyCv3v0CQs4p","HL",34.88,5,4,4,4,4,"LHLL","LH",5,20,NA,53.3333333333333
"R_AvwhyCv3v0CQs4p","HL",34.88,5,4,4,4,4,"LHLL","LL",5,20,NA,48
"R_AvwhyCv3v0CQs4p","HL",34.88,5,4,4,4,4,"LLLL","LL",5,20,NA,50.7692307692308
"R_3qUrCmWQFVwahT3","HL",24.2,4,1,2,3,2,"HHHH","HH",60,80,NA,50.1960784313725
"R_3qUrCmWQFVwahT3","HL",24.2,4,1,2,3,2,"HHHL","HH",60,80,NA,56
"R_3qUrCmWQFVwahT3","HL",24.2,4,1,2,3,2,"HHHL","HL",25,33.3333333333333,NA,44.4444444444444
"R_3qUrCmWQFVwahT3","HL",24.2,4,1,2,3,2,"HHLH","HH",60,80,NA,58.8235294117647
"R_3qUrCmWQFVwahT3","HL",24.2,4,1,2,3,2,"HHLH","LH",20,80,NA,41.7647058823529
"R_3qUrCmWQFVwahT3","HL",24.2,4,1,2,3,2,"HHLL","HH",60,80,NA,62.5
"R_3qUrCmWQFVwahT3","HL",24.2,4,1,2,3,2,"HHLL","LL",20,80,NA,38.125
"R_3qUrCmWQFVwahT3","HL",24.2,4,1,2,3,2,"HLHL","HL",60,80,NA,50.2564102564103
"R_3qUrCmWQFVwahT3","HL",24.2,4,1,2,3,2,"HLLH","HL",35,46.6666666666667,NA,50.7142857142857
"R_3qUrCmWQFVwahT3","HL",24.2,4,1,2,3,2,"HLLH","LH",20,80,NA,50
"R_3qUrCmWQFVwahT3","HL",24.2,4,1,2,3,2,"HLLL","HL",15,20,NA,53.8461538461538
"R_3qUrCmWQFVwahT3","HL",24.2,4,1,2,3,2,"HLLL","LL",15,60,NA,46.9230769230769
"R_3qUrCmWQFVwahT3","HL",24.2,4,1,2,3,2,"LHLH","LH",20,80,NA,50.5882352941176
"R_3qUrCmWQFVwahT3","HL",24.2,4,1,2,3,2,"LHLL","LH",20,80,NA,53.3333333333333
"R_3qUrCmWQFVwahT3","HL",24.2,4,1,2,3,2,"LHLL","LL",15,60,NA,48
"R_3qUrCmWQFVwahT3","HL",24.2,4,1,2,3,2,"LLLL","LL",15,60,NA,50.7692307692308
"R_1q3XOPgiYeqFUaO","HL",14.2,2,1,2,2,2,"HHHH","HH",50,66.6666666666667,NA,50.1960784313725
"R_1q3XOPgiYeqFUaO","HL",14.2,2,1,2,2,2,"HHHL","HH",40,53.3333333333333,NA,51.5555555555556
"R_1q3XOPgiYeqFUaO","HL",14.2,2,1,2,2,2,"HHHL","HL",35,46.6666666666667,NA,48.8888888888889
"R_1q3XOPgiYeqFUaO","HL",14.2,2,1,2,2,2,"HHLH","HH",40,53.3333333333333,NA,56.4705882352941
"R_1q3XOPgiYeqFUaO","HL",14.2,2,1,2,2,2,"HHLH","LH",15,60,NA,44.1176470588235
"R_1q3XOPgiYeqFUaO","HL",14.2,2,1,2,2,2,"HHLL","HH",30,40,NA,69.375
"R_1q3XOPgiYeqFUaO","HL",14.2,2,1,2,2,2,"HHLL","LL",15,60,NA,31.25
"R_1q3XOPgiYeqFUaO","HL",14.2,2,1,2,2,2,"HLHL","HL",35,46.6666666666667,NA,50.2564102564103
"R_1q3XOPgiYeqFUaO","HL",14.2,2,1,2,2,2,"HLLH","HL",30,40,NA,70
"R_1q3XOPgiYeqFUaO","HL",14.2,2,1,2,2,2,"HLLH","LH",15,60,NA,30.7142857142857
"R_1q3XOPgiYeqFUaO","HL",14.2,2,1,2,2,2,"HLLL","HL",30,40,NA,75.3846153846154
"R_1q3XOPgiYeqFUaO","HL",14.2,2,1,2,2,2,"HLLL","LL",20,80,NA,25.3846153846154
"R_1q3XOPgiYeqFUaO","HL",14.2,2,1,2,2,2,"LHLH","LH",20,80,NA,50.5882352941176
"R_1q3XOPgiYeqFUaO","HL",14.2,2,1,2,2,2,"LHLL","LH",20,80,NA,57.3333333333333
"R_1q3XOPgiYeqFUaO","HL",14.2,2,1,2,2,2,"LHLL","LL",20,80,NA,44
"R_1q3XOPgiYeqFUaO","HL",14.2,2,1,2,2,2,"LLLL","LL",20,80,NA,50.7692307692308
"R_2az7iTbd0YFWY9U","HL",34.88,5,2,3,5,3,"HHHH","HH",75,100,NA,50.1960784313725
"R_2az7iTbd0YFWY9U","HL",34.88,5,2,3,5,3,"HHHL","HH",75,100,NA,50.2222222222222
"R_2az7iTbd0YFWY9U","HL",34.88,5,2,3,5,3,"HHHL","HL",75,100,NA,50.2222222222222
"R_2az7iTbd0YFWY9U","HL",34.88,5,2,3,5,3,"HHLH","HH",75,100,NA,50.5882352941176
"R_2az7iTbd0YFWY9U","HL",34.88,5,2,3,5,3,"HHLH","LH",25,100,NA,50
"R_2az7iTbd0YFWY9U","HL",34.88,5,2,3,5,3,"HHLL","HH",75,100,NA,53.75
"R_2az7iTbd0YFWY9U","HL",34.88,5,2,3,5,3,"HHLL","LL",25,100,NA,46.875
"R_2az7iTbd0YFWY9U","HL",34.88,5,2,3,5,3,"HLHL","HL",75,100,NA,50.2564102564103
"R_2az7iTbd0YFWY9U","HL",34.88,5,2,3,5,3,"HLLH","HL",75,100,NA,50.7142857142857
"R_2az7iTbd0YFWY9U","HL",34.88,5,2,3,5,3,"HLLH","LH",25,100,NA,50
"R_2az7iTbd0YFWY9U","HL",34.88,5,2,3,5,3,"HLLL","HL",75,100,NA,57.6923076923077
"R_2az7iTbd0YFWY9U","HL",34.88,5,2,3,5,3,"HLLL","LL",25,100,NA,43.0769230769231
"R_2az7iTbd0YFWY9U","HL",34.88,5,2,3,5,3,"LHLH","LH",25,100,NA,50.5882352941176
"R_2az7iTbd0YFWY9U","HL",34.88,5,2,3,5,3,"LHLL","LH",25,100,NA,50.6666666666667
"R_2az7iTbd0YFWY9U","HL",34.88,5,2,3,5,3,"LHLL","LL",25,100,NA,50.6666666666667
"R_2az7iTbd0YFWY9U","HL",34.88,5,2,3,5,3,"LLLL","LL",25,100,NA,50.7692307692308
"R_AMq7PpBCHY5XA0V","HL",40.07,4,1,2,2,1,"HHHH","HH",75,100,NA,50.1960784313725
"R_AMq7PpBCHY5XA0V","HL",40.07,4,1,2,2,1,"HHHL","HH",75,100,NA,53.3333333333333
"R_AMq7PpBCHY5XA0V","HL",40.07,4,1,2,2,1,"HHHL","HL",75,100,NA,47.1111111111111
"R_AMq7PpBCHY5XA0V","HL",40.07,4,1,2,2,1,"HHLH","HH",75,100,NA,55.8823529411765
"R_AMq7PpBCHY5XA0V","HL",40.07,4,1,2,2,1,"HHLH","LH",25,100,NA,44.7058823529412
"R_AMq7PpBCHY5XA0V","HL",40.07,4,1,2,2,1,"HHLL","HH",75,100,NA,62.5
"R_AMq7PpBCHY5XA0V","HL",40.07,4,1,2,2,1,"HHLL","LL",25,100,NA,38.125
"R_AMq7PpBCHY5XA0V","HL",40.07,4,1,2,2,1,"HLHL","HL",75,100,NA,50.2564102564103
"R_AMq7PpBCHY5XA0V","HL",40.07,4,1,2,2,1,"HLLH","HL",75,100,NA,60.7142857142857
"R_AMq7PpBCHY5XA0V","HL",40.07,4,1,2,2,1,"HLLH","LH",25,100,NA,40
"R_AMq7PpBCHY5XA0V","HL",40.07,4,1,2,2,1,"HLLL","HL",75,100,NA,65.3846153846154
"R_AMq7PpBCHY5XA0V","HL",40.07,4,1,2,2,1,"HLLL","LL",25,100,NA,35.3846153846154
"R_AMq7PpBCHY5XA0V","HL",40.07,4,1,2,2,1,"LHLH","LH",25,100,NA,50.5882352941176
"R_AMq7PpBCHY5XA0V","HL",40.07,4,1,2,2,1,"LHLL","LH",25,100,NA,53.3333333333333
"R_AMq7PpBCHY5XA0V","HL",40.07,4,1,2,2,1,"LHLL","LL",25,100,NA,48
"R_AMq7PpBCHY5XA0V","HL",40.07,4,1,2,2,1,"LLLL","LL",25,100,NA,50.7692307692308
"R_bHhWYxiURFBlHRT","HL",29.43,5,1,3,4,2,"HHHH","HH",30,40,NA,50.1960784313725
"R_bHhWYxiURFBlHRT","HL",29.43,5,1,3,4,2,"HHHL","HH",30,40,NA,55.5555555555556
"R_bHhWYxiURFBlHRT","HL",29.43,5,1,3,4,2,"HHHL","HL",40,53.3333333333333,NA,44.8888888888889
"R_bHhWYxiURFBlHRT","HL",29.43,5,1,3,4,2,"HHLH","HH",50,66.6666666666667,NA,30
"R_bHhWYxiURFBlHRT","HL",29.43,5,1,3,4,2,"HHLH","LH",15,60,NA,70.5882352941177
"R_bHhWYxiURFBlHRT","HL",29.43,5,1,3,4,2,"HHLL","HH",50,66.6666666666667,NA,78.125
"R_bHhWYxiURFBlHRT","HL",29.43,5,1,3,4,2,"HHLL","LL",15,60,NA,22.5
"R_bHhWYxiURFBlHRT","HL",29.43,5,1,3,4,2,"HLHL","HL",50,66.6666666666667,NA,50.2564102564103
"R_bHhWYxiURFBlHRT","HL",29.43,5,1,3,4,2,"HLLH","HL",50,66.6666666666667,NA,67.8571428571429
"R_bHhWYxiURFBlHRT","HL",29.43,5,1,3,4,2,"HLLH","LH",15,60,NA,32.8571428571429
"R_bHhWYxiURFBlHRT","HL",29.43,5,1,3,4,2,"HLLL","HL",50,66.6666666666667,NA,69.2307692307692
"R_bHhWYxiURFBlHRT","HL",29.43,5,1,3,4,2,"HLLL","LL",15,60,NA,31.5384615384615
"R_bHhWYxiURFBlHRT","HL",29.43,5,1,3,4,2,"LHLH","LH",15,60,NA,50.5882352941176
"R_bHhWYxiURFBlHRT","HL",29.43,5,1,3,4,2,"LHLL","LH",15,60,NA,52
"R_bHhWYxiURFBlHRT","HL",29.43,5,1,3,4,2,"LHLL","LL",15,60,NA,49.3333333333333
"R_bHhWYxiURFBlHRT","HL",29.43,5,1,3,4,2,"LLLL","LL",15,60,NA,50.7692307692308
"R_37O868rechZ46Ax","HL",37.48,4,2,1,4,1,"HHHH","HH",25,33.3333333333333,NA,50.1960784313725
"R_37O868rechZ46Ax","HL",37.48,4,2,1,4,1,"HHHL","HH",25,33.3333333333333,NA,50.2222222222222
"R_37O868rechZ46Ax","HL",37.48,4,2,1,4,1,"HHHL","HL",25,33.3333333333333,NA,50.2222222222222
"R_37O868rechZ46Ax","HL",37.48,4,2,1,4,1,"HHLH","HH",30,40,NA,50
"R_37O868rechZ46Ax","HL",37.48,4,2,1,4,1,"HHLH","LH",10,40,NA,50.5882352941176
"R_37O868rechZ46Ax","HL",37.48,4,2,1,4,1,"HHLL","HH",30,40,NA,50
"R_37O868rechZ46Ax","HL",37.48,4,2,1,4,1,"HHLL","LL",10,40,NA,50.625
"R_37O868rechZ46Ax","HL",37.48,4,2,1,4,1,"HLHL","HL",25,33.3333333333333,NA,50.2564102564103
"R_37O868rechZ46Ax","HL",37.48,4,2,1,4,1,"HLLH","HL",30,40,NA,50
"R_37O868rechZ46Ax","HL",37.48,4,2,1,4,1,"HLLH","LH",10,40,NA,50.7142857142857
"R_37O868rechZ46Ax","HL",37.48,4,2,1,4,1,"HLLL","HL",30,40,NA,50
"R_37O868rechZ46Ax","HL",37.48,4,2,1,4,1,"HLLL","LL",10,40,NA,50.7692307692308
"R_37O868rechZ46Ax","HL",37.48,4,2,1,4,1,"LHLH","LH",10,40,NA,50.5882352941176
"R_37O868rechZ46Ax","HL",37.48,4,2,1,4,1,"LHLL","LH",10,40,NA,50.6666666666667
"R_37O868rechZ46Ax","HL",37.48,4,2,1,4,1,"LHLL","LL",10,40,NA,50.6666666666667
"R_37O868rechZ46Ax","HL",37.48,4,2,1,4,1,"LLLL","LL",10,40,NA,50.7692307692308
"R_1HoCdep4tT6XFGs","HL",34.88,4,1,4,4,4,"HHHH","HH",50,66.6666666666667,NA,50.1960784313725
"R_1HoCdep4tT6XFGs","HL",34.88,4,1,4,4,4,"HHHL","HH",50,66.6666666666667,NA,56.8888888888889
"R_1HoCdep4tT6XFGs","HL",34.88,4,1,4,4,4,"HHHL","HL",35,46.6666666666667,NA,43.5555555555556
"R_1HoCdep4tT6XFGs","HL",34.88,4,1,4,4,4,"HHLH","HH",35,46.6666666666667,NA,75.2941176470588
"R_1HoCdep4tT6XFGs","HL",34.88,4,1,4,4,4,"HHLH","LH",10,40,NA,25.2941176470588
"R_1HoCdep4tT6XFGs","HL",34.88,4,1,4,4,4,"HHLL","HH",35,46.6666666666667,NA,80
"R_1HoCdep4tT6XFGs","HL",34.88,4,1,4,4,4,"HHLL","LL",5,20,NA,20.625
"R_1HoCdep4tT6XFGs","HL",34.88,4,1,4,4,4,"HLHL","HL",35,46.6666666666667,NA,50.2564102564103
"R_1HoCdep4tT6XFGs","HL",34.88,4,1,4,4,4,"HLLH","HL",35,46.6666666666667,NA,70
"R_1HoCdep4tT6XFGs","HL",34.88,4,1,4,4,4,"HLLH","LH",10,40,NA,30.7142857142857
"R_1HoCdep4tT6XFGs","HL",34.88,4,1,4,4,4,"HLLL","HL",25,33.3333333333333,NA,75.3846153846154
"R_1HoCdep4tT6XFGs","HL",34.88,4,1,4,4,4,"HLLL","LL",5,20,NA,25.3846153846154
"R_1HoCdep4tT6XFGs","HL",34.88,4,1,4,4,4,"LHLH","LH",10,40,NA,50.5882352941176
"R_1HoCdep4tT6XFGs","HL",34.88,4,1,4,4,4,"LHLL","LH",10,40,NA,44
"R_1HoCdep4tT6XFGs","HL",34.88,4,1,4,4,4,"LHLL","LL",5,20,NA,57.3333333333333
"R_1HoCdep4tT6XFGs","HL",34.88,4,1,4,4,4,"LLLL","LL",5,20,NA,50.7692307692308
"R_3CPhbiEGcjLNK97","HL",37.48,4,1,4,4,6,"HHHH","HH",25,33.3333333333333,NA,50.1960784313725
"R_3CPhbiEGcjLNK97","HL",37.48,4,1,4,4,6,"HHHL","HH",15,20,NA,56.8888888888889
"R_3CPhbiEGcjLNK97","HL",37.48,4,1,4,4,6,"HHHL","HL",15,20,NA,43.5555555555556
"R_3CPhbiEGcjLNK97","HL",37.48,4,1,4,4,6,"HHLH","HH",30,40,NA,65.2941176470588
"R_3CPhbiEGcjLNK97","HL",37.48,4,1,4,4,6,"HHLH","LH",10,40,NA,35.2941176470588
"R_3CPhbiEGcjLNK97","HL",37.48,4,1,4,4,6,"HHLL","HH",15,20,NA,63.125
"R_3CPhbiEGcjLNK97","HL",37.48,4,1,4,4,6,"HHLL","LL",10,40,NA,37.5
"R_3CPhbiEGcjLNK97","HL",37.48,4,1,4,4,6,"HLHL","HL",10,13.3333333333333,NA,50.2564102564103
"R_3CPhbiEGcjLNK97","HL",37.48,4,1,4,4,6,"HLLH","HL",27,36,NA,70
"R_3CPhbiEGcjLNK97","HL",37.48,4,1,4,4,6,"HLLH","LH",7,28,NA,30.7142857142857
"R_3CPhbiEGcjLNK97","HL",37.48,4,1,4,4,6,"HLLL","HL",25,33.3333333333333,NA,62.3076923076923
"R_3CPhbiEGcjLNK97","HL",37.48,4,1,4,4,6,"HLLL","LL",5,20,NA,38.4615384615385
"R_3CPhbiEGcjLNK97","HL",37.48,4,1,4,4,6,"LHLH","LH",5,20,NA,50.5882352941176
"R_3CPhbiEGcjLNK97","HL",37.48,4,1,4,4,6,"LHLL","LH",5,20,NA,50.6666666666667
"R_3CPhbiEGcjLNK97","HL",37.48,4,1,4,4,6,"LHLL","LL",5,20,NA,50.6666666666667
"R_3CPhbiEGcjLNK97","HL",37.48,4,1,4,4,6,"LLLL","LL",5,20,NA,50.7692307692308
"R_2WOJXn48KXgcQPA","HL",7.82,5,5,5,5,5,"HHHH","HH",20,26.6666666666667,NA,50.1960784313725
"R_2WOJXn48KXgcQPA","HL",7.82,5,5,5,5,5,"HHHL","HH",75,100,NA,11.5555555555556
"R_2WOJXn48KXgcQPA","HL",7.82,5,5,5,5,5,"HHHL","HL",30,40,NA,88.8888888888889
"R_2WOJXn48KXgcQPA","HL",7.82,5,5,5,5,5,"HHLH","HH",50,66.6666666666667,NA,58.8235294117647
"R_2WOJXn48KXgcQPA","HL",7.82,5,5,5,5,5,"HHLH","LH",25,100,NA,41.7647058823529
"R_2WOJXn48KXgcQPA","HL",7.82,5,5,5,5,5,"HHLL","HH",30,40,NA,18.75
"R_2WOJXn48KXgcQPA","HL",7.82,5,5,5,5,5,"HHLL","LL",10,40,NA,81.875
"R_2WOJXn48KXgcQPA","HL",7.82,5,5,5,5,5,"HLHL","HL",25,33.3333333333333,NA,50.2564102564103
"R_2WOJXn48KXgcQPA","HL",7.82,5,5,5,5,5,"HLLH","HL",50,66.6666666666667,NA,92.8571428571429
"R_2WOJXn48KXgcQPA","HL",7.82,5,5,5,5,5,"HLLH","LH",10,40,NA,7.85714285714286
"R_2WOJXn48KXgcQPA","HL",7.82,5,5,5,5,5,"HLLL","HL",10,13.3333333333333,NA,89.2307692307692
"R_2WOJXn48KXgcQPA","HL",7.82,5,5,5,5,5,"HLLL","LL",25,100,NA,11.5384615384615
"R_2WOJXn48KXgcQPA","HL",7.82,5,5,5,5,5,"LHLH","LH",14,56,NA,50.5882352941176
"R_2WOJXn48KXgcQPA","HL",7.82,5,5,5,5,5,"LHLL","LH",25,100,NA,48
"R_2WOJXn48KXgcQPA","HL",7.82,5,5,5,5,5,"LHLL","LL",25,100,NA,53.3333333333333
"R_2WOJXn48KXgcQPA","HL",7.82,5,5,5,5,5,"LLLL","LL",25,100,NA,50.7692307692308
"R_1P0JwyfPSArcPBh","HL",16.26,4,1,4,4,4,"HHHH","HH",75,100,NA,50.1960784313725
"R_1P0JwyfPSArcPBh","HL",16.26,4,1,4,4,4,"HHHL","HH",75,100,NA,50.2222222222222
"R_1P0JwyfPSArcPBh","HL",16.26,4,1,4,4,4,"HHHL","HL",75,100,NA,50.2222222222222
"R_1P0JwyfPSArcPBh","HL",16.26,4,1,4,4,4,"HHLH","HH",75,100,NA,50.5882352941176
"R_1P0JwyfPSArcPBh","HL",16.26,4,1,4,4,4,"HHLH","LH",25,100,NA,50
"R_1P0JwyfPSArcPBh","HL",16.26,4,1,4,4,4,"HHLL","HH",75,100,NA,50.625
"R_1P0JwyfPSArcPBh","HL",16.26,4,1,4,4,4,"HHLL","LL",25,100,NA,50
"R_1P0JwyfPSArcPBh","HL",16.26,4,1,4,4,4,"HLHL","HL",75,100,NA,50.2564102564103
"R_1P0JwyfPSArcPBh","HL",16.26,4,1,4,4,4,"HLLH","HL",75,100,NA,50.7142857142857
"R_1P0JwyfPSArcPBh","HL",16.26,4,1,4,4,4,"HLLH","LH",25,100,NA,50
"R_1P0JwyfPSArcPBh","HL",16.26,4,1,4,4,4,"HLLL","HL",75,100,NA,50.7692307692308
"R_1P0JwyfPSArcPBh","HL",16.26,4,1,4,4,4,"HLLL","LL",25,100,NA,50
"R_1P0JwyfPSArcPBh","HL",16.26,4,1,4,4,4,"LHLH","LH",25,100,NA,50.5882352941176
"R_1P0JwyfPSArcPBh","HL",16.26,4,1,4,4,4,"LHLL","LH",25,100,NA,50.6666666666667
"R_1P0JwyfPSArcPBh","HL",16.26,4,1,4,4,4,"LHLL","LL",25,100,NA,50.6666666666667
"R_1P0JwyfPSArcPBh","HL",16.26,4,1,4,4,4,"LLLL","LL",25,100,NA,50.7692307692308
"R_11dPzWmNJA22fot","HL",37.09,3,2,2,3,4,"HHHH","HH",20,26.6666666666667,NA,41.5686274509804
"R_11dPzWmNJA22fot","HL",37.09,3,2,2,3,4,"HHHL","HH",20,26.6666666666667,NA,53.3333333333333
"R_11dPzWmNJA22fot","HL",37.09,3,2,2,3,4,"HHHL","HL",20,26.6666666666667,NA,47.1111111111111
"R_11dPzWmNJA22fot","HL",37.09,3,2,2,3,4,"HHLH","HH",20,26.6666666666667,NA,47.0588235294118
"R_11dPzWmNJA22fot","HL",37.09,3,2,2,3,4,"HHLH","LH",5,20,NA,53.5294117647059
"R_11dPzWmNJA22fot","HL",37.09,3,2,2,3,4,"HHLL","HH",20,26.6666666666667,NA,44.375
"R_11dPzWmNJA22fot","HL",37.09,3,2,2,3,4,"HHLL","LL",5,20,NA,56.25
"R_11dPzWmNJA22fot","HL",37.09,3,2,2,3,4,"HLHL","HL",20,26.6666666666667,NA,51.2820512820513
"R_11dPzWmNJA22fot","HL",37.09,3,2,2,3,4,"HLLH","HL",20,26.6666666666667,NA,47.1428571428571
"R_11dPzWmNJA22fot","HL",37.09,3,2,2,3,4,"HLLH","LH",5,20,NA,53.5714285714286
"R_11dPzWmNJA22fot","HL",37.09,3,2,2,3,4,"HLLL","HL",20,26.6666666666667,NA,57.6923076923077
"R_11dPzWmNJA22fot","HL",37.09,3,2,2,3,4,"HLLL","LL",5,20,NA,43.0769230769231
"R_11dPzWmNJA22fot","HL",37.09,3,2,2,3,4,"LHLH","LH",5,20,NA,50.5882352941176
"R_11dPzWmNJA22fot","HL",37.09,3,2,2,3,4,"LHLL","LH",5,20,NA,54.6666666666667
"R_11dPzWmNJA22fot","HL",37.09,3,2,2,3,4,"LHLL","LL",5,20,NA,46.6666666666667
"R_11dPzWmNJA22fot","HL",37.09,3,2,2,3,4,"LLLL","LL",5,20,NA,50.7692307692308
"R_3L0awy5mVfW9EbJ","HL",34.88,4,2,3,4,2,"HHHH","HH",75,100,NA,50.1960784313725
"R_3L0awy5mVfW9EbJ","HL",34.88,4,2,3,4,2,"HHHL","HH",75,100,NA,50.2222222222222
"R_3L0awy5mVfW9EbJ","HL",34.88,4,2,3,4,2,"HHHL","HL",75,100,NA,50.2222222222222
"R_3L0awy5mVfW9EbJ","HL",34.88,4,2,3,4,2,"HHLH","HH",30,40,NA,50.5882352941176
"R_3L0awy5mVfW9EbJ","HL",34.88,4,2,3,4,2,"HHLH","LH",15,60,NA,50
"R_3L0awy5mVfW9EbJ","HL",34.88,4,2,3,4,2,"HHLL","HH",30,40,NA,50.625
"R_3L0awy5mVfW9EbJ","HL",34.88,4,2,3,4,2,"HHLL","LL",15,60,NA,50
"R_3L0awy5mVfW9EbJ","HL",34.88,4,2,3,4,2,"HLHL","HL",75,100,NA,50.2564102564103
"R_3L0awy5mVfW9EbJ","HL",34.88,4,2,3,4,2,"HLLH","HL",30,40,NA,50.7142857142857
"R_3L0awy5mVfW9EbJ","HL",34.88,4,2,3,4,2,"HLLH","LH",15,60,NA,50
"R_3L0awy5mVfW9EbJ","HL",34.88,4,2,3,4,2,"HLLL","HL",30,40,NA,50.7692307692308
"R_3L0awy5mVfW9EbJ","HL",34.88,4,2,3,4,2,"HLLL","LL",15,60,NA,50
"R_3L0awy5mVfW9EbJ","HL",34.88,4,2,3,4,2,"LHLH","LH",25,100,NA,50.5882352941176
"R_3L0awy5mVfW9EbJ","HL",34.88,4,2,3,4,2,"LHLL","LH",25,100,NA,50.6666666666667
"R_3L0awy5mVfW9EbJ","HL",34.88,4,2,3,4,2,"LHLL","LL",25,100,NA,50.6666666666667
"R_3L0awy5mVfW9EbJ","HL",34.88,4,2,3,4,2,"LLLL","LL",25,100,NA,50.7692307692308
"R_sShXrvPaq9VJWp3","HL",34.88,4,2,4,3,4,"HHHH","HH",25,33.3333333333333,NA,50.1960784313725
"R_sShXrvPaq9VJWp3","HL",34.88,4,2,4,3,4,"HHHL","HH",25,33.3333333333333,NA,50.2222222222222
"R_sShXrvPaq9VJWp3","HL",34.88,4,2,4,3,4,"HHHL","HL",25,33.3333333333333,NA,50.2222222222222
"R_sShXrvPaq9VJWp3","HL",34.88,4,2,4,3,4,"HHLH","HH",25,33.3333333333333,NA,50.5882352941176
"R_sShXrvPaq9VJWp3","HL",34.88,4,2,4,3,4,"HHLH","LH",10,40,NA,50
"R_sShXrvPaq9VJWp3","HL",34.88,4,2,4,3,4,"HHLL","HH",25,33.3333333333333,NA,50.625
"R_sShXrvPaq9VJWp3","HL",34.88,4,2,4,3,4,"HHLL","LL",10,40,NA,50
"R_sShXrvPaq9VJWp3","HL",34.88,4,2,4,3,4,"HLHL","HL",25,33.3333333333333,NA,50.2564102564103
"R_sShXrvPaq9VJWp3","HL",34.88,4,2,4,3,4,"HLLH","HL",25,33.3333333333333,NA,50.7142857142857
"R_sShXrvPaq9VJWp3","HL",34.88,4,2,4,3,4,"HLLH","LH",10,40,NA,50
"R_sShXrvPaq9VJWp3","HL",34.88,4,2,4,3,4,"HLLL","HL",25,33.3333333333333,NA,50.7692307692308
"R_sShXrvPaq9VJWp3","HL",34.88,4,2,4,3,4,"HLLL","LL",10,40,NA,50
"R_sShXrvPaq9VJWp3","HL",34.88,4,2,4,3,4,"LHLH","LH",25,100,NA,50.5882352941176
"R_sShXrvPaq9VJWp3","HL",34.88,4,2,4,3,4,"LHLL","LH",15,60,NA,50.6666666666667
"R_sShXrvPaq9VJWp3","HL",34.88,4,2,4,3,4,"LHLL","LL",10,40,NA,50.6666666666667
"R_sShXrvPaq9VJWp3","HL",34.88,4,2,4,3,4,"LLLL","LL",25,100,NA,50.7692307692308
"R_2yfHv7gm9an65n7","HL",45,4,1,2,4,2,"HHHH","HH",0,0,NA,50.1960784313725
"R_2yfHv7gm9an65n7","HL",45,4,1,2,4,2,"HHHL","HH",0,0,NA,56.8888888888889
"R_2yfHv7gm9an65n7","HL",45,4,1,2,4,2,"HHHL","HL",0,0,NA,43.5555555555556
"R_2yfHv7gm9an65n7","HL",45,4,1,2,4,2,"HHLH","HH",0,0,NA,75.2941176470588
"R_2yfHv7gm9an65n7","HL",45,4,1,2,4,2,"HHLH","LH",0,0,NA,25.2941176470588
"R_2yfHv7gm9an65n7","HL",45,4,1,2,4,2,"HHLL","HH",0,0,NA,80
"R_2yfHv7gm9an65n7","HL",45,4,1,2,4,2,"HHLL","LL",0,0,NA,20.625
"R_2yfHv7gm9an65n7","HL",45,4,1,2,4,2,"HLHL","HL",0,0,NA,50.2564102564103
"R_2yfHv7gm9an65n7","HL",45,4,1,2,4,2,"HLLH","HL",0,0,NA,70
"R_2yfHv7gm9an65n7","HL",45,4,1,2,4,2,"HLLH","LH",0,0,NA,30.7142857142857
"R_2yfHv7gm9an65n7","HL",45,4,1,2,4,2,"HLLL","HL",0,0,NA,75.3846153846154
"R_2yfHv7gm9an65n7","HL",45,4,1,2,4,2,"HLLL","LL",0,0,NA,25.3846153846154
"R_2yfHv7gm9an65n7","HL",45,4,1,2,4,2,"LHLH","LH",0,0,NA,50.5882352941176
"R_2yfHv7gm9an65n7","HL",45,4,1,2,4,2,"LHLL","LH",0,0,NA,57.3333333333333
"R_2yfHv7gm9an65n7","HL",45,4,1,2,4,2,"LHLL","LL",0,0,NA,44
"R_2yfHv7gm9an65n7","HL",45,4,1,2,4,2,"LLLL","LL",0,0,NA,50.7692307692308
"R_3dR36JiNa3G0jil","HL",34.88,4,4,7,5,4,"HHHH","HH",25,33.3333333333333,NA,50.1960784313725
"R_3dR36JiNa3G0jil","HL",34.88,4,4,7,5,4,"HHHL","HH",25,33.3333333333333,NA,56.8888888888889
"R_3dR36JiNa3G0jil","HL",34.88,4,4,7,5,4,"HHHL","HL",25,33.3333333333333,NA,43.5555555555556
"R_3dR36JiNa3G0jil","HL",34.88,4,4,7,5,4,"HHLH","HH",20,26.6666666666667,NA,75.2941176470588
"R_3dR36JiNa3G0jil","HL",34.88,4,4,7,5,4,"HHLH","LH",20,80,NA,25.2941176470588
"R_3dR36JiNa3G0jil","HL",34.88,4,4,7,5,4,"HHLL","HH",10,13.3333333333333,NA,80
"R_3dR36JiNa3G0jil","HL",34.88,4,4,7,5,4,"HHLL","LL",10,40,NA,20.625
"R_3dR36JiNa3G0jil","HL",34.88,4,4,7,5,4,"HLHL","HL",25,33.3333333333333,NA,50.2564102564103
"R_3dR36JiNa3G0jil","HL",34.88,4,4,7,5,4,"HLLH","HL",10,13.3333333333333,NA,70
"R_3dR36JiNa3G0jil","HL",34.88,4,4,7,5,4,"HLLH","LH",10,40,NA,30.7142857142857
"R_3dR36JiNa3G0jil","HL",34.88,4,4,7,5,4,"HLLL","HL",10,13.3333333333333,NA,75.3846153846154
"R_3dR36JiNa3G0jil","HL",34.88,4,4,7,5,4,"HLLL","LL",10,40,NA,25.3846153846154
"R_3dR36JiNa3G0jil","HL",34.88,4,4,7,5,4,"LHLH","LH",25,100,NA,50.5882352941176
"R_3dR36JiNa3G0jil","HL",34.88,4,4,7,5,4,"LHLL","LH",10,40,NA,57.3333333333333
"R_3dR36JiNa3G0jil","HL",34.88,4,4,7,5,4,"LHLL","LL",10,40,NA,44
"R_3dR36JiNa3G0jil","HL",34.88,4,4,7,5,4,"LLLL","LL",25,100,NA,50.7692307692308
"R_w192wjVdCqQNKCt","HL",31.86,3,2,5,3,5,"HHHH","HH",75,100,NA,50.1960784313725
"R_w192wjVdCqQNKCt","HL",31.86,3,2,5,3,5,"HHHL","HH",75,100,NA,50.2222222222222
"R_w192wjVdCqQNKCt","HL",31.86,3,2,5,3,5,"HHHL","HL",75,100,NA,50.2222222222222
"R_w192wjVdCqQNKCt","HL",31.86,3,2,5,3,5,"HHLH","HH",40,53.3333333333333,NA,75.2941176470588
"R_w192wjVdCqQNKCt","HL",31.86,3,2,5,3,5,"HHLH","LH",25,100,NA,25.2941176470588
"R_w192wjVdCqQNKCt","HL",31.86,3,2,5,3,5,"HHLL","HH",50,66.6666666666667,NA,80
"R_w192wjVdCqQNKCt","HL",31.86,3,2,5,3,5,"HHLL","LL",25,100,NA,20.625
"R_w192wjVdCqQNKCt","HL",31.86,3,2,5,3,5,"HLHL","HL",75,100,NA,50.2564102564103
"R_w192wjVdCqQNKCt","HL",31.86,3,2,5,3,5,"HLLH","HL",30,40,NA,70
"R_w192wjVdCqQNKCt","HL",31.86,3,2,5,3,5,"HLLH","LH",25,100,NA,30.7142857142857
"R_w192wjVdCqQNKCt","HL",31.86,3,2,5,3,5,"HLLL","HL",50,66.6666666666667,NA,50.7692307692308
"R_w192wjVdCqQNKCt","HL",31.86,3,2,5,3,5,"HLLL","LL",25,100,NA,50
"R_w192wjVdCqQNKCt","HL",31.86,3,2,5,3,5,"LHLH","LH",25,100,NA,50.5882352941176
"R_w192wjVdCqQNKCt","HL",31.86,3,2,5,3,5,"LHLL","LH",25,100,NA,50.6666666666667
"R_w192wjVdCqQNKCt","HL",31.86,3,2,5,3,5,"LHLL","LL",25,100,NA,50.6666666666667
"R_w192wjVdCqQNKCt","HL",31.86,3,2,5,3,5,"LLLL","LL",25,100,NA,50.7692307692308
"R_3iQotZDZBi2nyq8","HL",16.61,5,1,3,5,2,"HHHH","HH",30,40,NA,50.1960784313725
"R_3iQotZDZBi2nyq8","HL",16.61,5,1,3,5,2,"HHHL","HH",30,40,NA,33.7777777777778
"R_3iQotZDZBi2nyq8","HL",16.61,5,1,3,5,2,"HHHL","HL",25,33.3333333333333,NA,66.6666666666667
"R_3iQotZDZBi2nyq8","HL",16.61,5,1,3,5,2,"HHLH","HH",30,40,NA,41.7647058823529
"R_3iQotZDZBi2nyq8","HL",16.61,5,1,3,5,2,"HHLH","LH",10,40,NA,58.8235294117647
"R_3iQotZDZBi2nyq8","HL",16.61,5,1,3,5,2,"HHLL","HH",30,40,NA,38.125
"R_3iQotZDZBi2nyq8","HL",16.61,5,1,3,5,2,"HHLL","LL",10,40,NA,62.5
"R_3iQotZDZBi2nyq8","HL",16.61,5,1,3,5,2,"HLHL","HL",20,26.6666666666667,NA,50.2564102564103
"R_3iQotZDZBi2nyq8","HL",16.61,5,1,3,5,2,"HLLH","HL",20,26.6666666666667,NA,50
"R_3iQotZDZBi2nyq8","HL",16.61,5,1,3,5,2,"HLLH","LH",25,100,NA,50.7142857142857
"R_3iQotZDZBi2nyq8","HL",16.61,5,1,3,5,2,"HLLL","HL",25,33.3333333333333,NA,39.2307692307692
"R_3iQotZDZBi2nyq8","HL",16.61,5,1,3,5,2,"HLLL","LL",10,40,NA,61.5384615384615
"R_3iQotZDZBi2nyq8","HL",16.61,5,1,3,5,2,"LHLH","LH",5,20,NA,50.5882352941176
"R_3iQotZDZBi2nyq8","HL",16.61,5,1,3,5,2,"LHLL","LH",20,80,NA,34.6666666666667
"R_3iQotZDZBi2nyq8","HL",16.61,5,1,3,5,2,"LHLL","LL",10,40,NA,66.6666666666667
"R_3iQotZDZBi2nyq8","HL",16.61,5,1,3,5,2,"LLLL","LL",10,40,NA,50.7692307692308
"R_cGZv12mZ2AVYGM9","HL",34.88,2,2,4,5,4,"HHHH","HH",75,100,NA,50.1960784313725
"R_cGZv12mZ2AVYGM9","HL",34.88,2,2,4,5,4,"HHHL","HH",40,53.3333333333333,NA,50.2222222222222
"R_cGZv12mZ2AVYGM9","HL",34.88,2,2,4,5,4,"HHHL","HL",20,26.6666666666667,NA,50.2222222222222
"R_cGZv12mZ2AVYGM9","HL",34.88,2,2,4,5,4,"HHLH","HH",60,80,NA,50.2941176470588
"R_cGZv12mZ2AVYGM9","HL",34.88,2,2,4,5,4,"HHLH","LH",10,40,NA,50.2941176470588
"R_cGZv12mZ2AVYGM9","HL",34.88,2,2,4,5,4,"HHLL","HH",60,80,NA,50.3125
"R_cGZv12mZ2AVYGM9","HL",34.88,2,2,4,5,4,"HHLL","LL",15,60,NA,50.3125
"R_cGZv12mZ2AVYGM9","HL",34.88,2,2,4,5,4,"HLHL","HL",50,66.6666666666667,NA,50.2564102564103
"R_cGZv12mZ2AVYGM9","HL",34.88,2,2,4,5,4,"HLLH","HL",60,80,NA,50.3571428571429
"R_cGZv12mZ2AVYGM9","HL",34.88,2,2,4,5,4,"HLLH","LH",10,40,NA,50.3571428571429
"R_cGZv12mZ2AVYGM9","HL",34.88,2,2,4,5,4,"HLLL","HL",25,33.3333333333333,NA,50.3846153846154
"R_cGZv12mZ2AVYGM9","HL",34.88,2,2,4,5,4,"HLLL","LL",0,0,NA,50.3846153846154
"R_cGZv12mZ2AVYGM9","HL",34.88,2,2,4,5,4,"LHLH","LH",25,100,NA,50.5882352941176
"R_cGZv12mZ2AVYGM9","HL",34.88,2,2,4,5,4,"LHLL","LH",25,100,NA,50.6666666666667
"R_cGZv12mZ2AVYGM9","HL",34.88,2,2,4,5,4,"LHLL","LL",25,100,NA,50.6666666666667
"R_cGZv12mZ2AVYGM9","HL",34.88,2,2,4,5,4,"LLLL","LL",25,100,NA,50.7692307692308
"R_20YXzRUoIp2ypXS","HL",10.39,2,5,6,7,7,"HHHH","HH",20,26.6666666666667,NA,50.1960784313725
"R_20YXzRUoIp2ypXS","HL",10.39,2,5,6,7,7,"HHHL","HH",20,26.6666666666667,NA,50.2222222222222
"R_20YXzRUoIp2ypXS","HL",10.39,2,5,6,7,7,"HHHL","HL",15,20,NA,50.2222222222222
"R_20YXzRUoIp2ypXS","HL",10.39,2,5,6,7,7,"HHLH","HH",20,26.6666666666667,NA,50.5882352941176
"R_20YXzRUoIp2ypXS","HL",10.39,2,5,6,7,7,"HHLH","LH",15,60,NA,50
"R_20YXzRUoIp2ypXS","HL",10.39,2,5,6,7,7,"HHLL","HH",10,13.3333333333333,NA,50.625
"R_20YXzRUoIp2ypXS","HL",10.39,2,5,6,7,7,"HHLL","LL",5,20,NA,50
"R_20YXzRUoIp2ypXS","HL",10.39,2,5,6,7,7,"HLHL","HL",15,20,NA,50.2564102564103
"R_20YXzRUoIp2ypXS","HL",10.39,2,5,6,7,7,"HLLH","HL",15,20,NA,50.7142857142857
"R_20YXzRUoIp2ypXS","HL",10.39,2,5,6,7,7,"HLLH","LH",10,40,NA,50
"R_20YXzRUoIp2ypXS","HL",10.39,2,5,6,7,7,"HLLL","HL",10,13.3333333333333,NA,50.7692307692308
"R_20YXzRUoIp2ypXS","HL",10.39,2,5,6,7,7,"HLLL","LL",10,40,NA,50
"R_20YXzRUoIp2ypXS","HL",10.39,2,5,6,7,7,"LHLH","LH",15,60,NA,50.5882352941176
"R_20YXzRUoIp2ypXS","HL",10.39,2,5,6,7,7,"LHLL","LH",7,28,NA,50.6666666666667
"R_20YXzRUoIp2ypXS","HL",10.39,2,5,6,7,7,"LHLL","LL",5,20,NA,50.6666666666667
"R_20YXzRUoIp2ypXS","HL",10.39,2,5,6,7,7,"LLLL","LL",5,20,NA,50.7692307692308
"R_2rAEJwNYj9ZKKG9","HL",34.88,4,2,4,6,1,"HHHH","HH",50,66.6666666666667,NA,50.1960784313725
"R_2rAEJwNYj9ZKKG9","HL",34.88,4,2,4,6,1,"HHHL","HH",50,66.6666666666667,NA,50.2222222222222
"R_2rAEJwNYj9ZKKG9","HL",34.88,4,2,4,6,1,"HHHL","HL",35,46.6666666666667,NA,50.2222222222222
"R_2rAEJwNYj9ZKKG9","HL",34.88,4,2,4,6,1,"HHLH","HH",50,66.6666666666667,NA,50.2941176470588
"R_2rAEJwNYj9ZKKG9","HL",34.88,4,2,4,6,1,"HHLH","LH",20,80,NA,50.2941176470588
"R_2rAEJwNYj9ZKKG9","HL",34.88,4,2,4,6,1,"HHLL","HH",40,53.3333333333333,NA,50.3125
"R_2rAEJwNYj9ZKKG9","HL",34.88,4,2,4,6,1,"HHLL","LL",15,60,NA,50.3125
"R_2rAEJwNYj9ZKKG9","HL",34.88,4,2,4,6,1,"HLHL","HL",35,46.6666666666667,NA,50.2564102564103
"R_2rAEJwNYj9ZKKG9","HL",34.88,4,2,4,6,1,"HLLH","HL",40,53.3333333333333,NA,50.3571428571429
"R_2rAEJwNYj9ZKKG9","HL",34.88,4,2,4,6,1,"HLLH","LH",15,60,NA,50.3571428571429
"R_2rAEJwNYj9ZKKG9","HL",34.88,4,2,4,6,1,"HLLL","HL",40,53.3333333333333,NA,50.3846153846154
"R_2rAEJwNYj9ZKKG9","HL",34.88,4,2,4,6,1,"HLLL","LL",15,60,NA,50.3846153846154
"R_2rAEJwNYj9ZKKG9","HL",34.88,4,2,4,6,1,"LHLH","LH",15,60,NA,50.5882352941176
"R_2rAEJwNYj9ZKKG9","HL",34.88,4,2,4,6,1,"LHLL","LH",15,60,NA,50.6666666666667
"R_2rAEJwNYj9ZKKG9","HL",34.88,4,2,4,6,1,"LHLL","LL",15,60,NA,50.6666666666667
"R_2rAEJwNYj9ZKKG9","HL",34.88,4,2,4,6,1,"LLLL","LL",10,40,NA,50.7692307692308
"R_54JN7n4yWhqY35v","HL",-16.26,5,1,4,3,2,"HHHH","HH",75,100,NA,50.1960784313725
"R_54JN7n4yWhqY35v","HL",-16.26,5,1,4,3,2,"HHHL","HH",75,100,NA,50.2222222222222
"R_54JN7n4yWhqY35v","HL",-16.26,5,1,4,3,2,"HHHL","HL",75,100,NA,50.2222222222222
"R_54JN7n4yWhqY35v","HL",-16.26,5,1,4,3,2,"HHLH","HH",75,100,NA,50.2941176470588
"R_54JN7n4yWhqY35v","HL",-16.26,5,1,4,3,2,"HHLH","LH",25,100,NA,50.2941176470588
"R_54JN7n4yWhqY35v","HL",-16.26,5,1,4,3,2,"HHLL","HH",75,100,NA,50.3125
"R_54JN7n4yWhqY35v","HL",-16.26,5,1,4,3,2,"HHLL","LL",25,100,NA,50.3125
"R_54JN7n4yWhqY35v","HL",-16.26,5,1,4,3,2,"HLHL","HL",75,100,NA,50.2564102564103
"R_54JN7n4yWhqY35v","HL",-16.26,5,1,4,3,2,"HLLH","HL",75,100,NA,50.3571428571429
"R_54JN7n4yWhqY35v","HL",-16.26,5,1,4,3,2,"HLLH","LH",25,100,NA,50.3571428571429
"R_54JN7n4yWhqY35v","HL",-16.26,5,1,4,3,2,"HLLL","HL",75,100,NA,50.3846153846154
"R_54JN7n4yWhqY35v","HL",-16.26,5,1,4,3,2,"HLLL","LL",25,100,NA,50.3846153846154
"R_54JN7n4yWhqY35v","HL",-16.26,5,1,4,3,2,"LHLH","LH",25,100,NA,50.5882352941176
"R_54JN7n4yWhqY35v","HL",-16.26,5,1,4,3,2,"LHLL","LH",25,100,NA,50.6666666666667
"R_54JN7n4yWhqY35v","HL",-16.26,5,1,4,3,2,"LHLL","LL",25,100,NA,50.6666666666667
"R_54JN7n4yWhqY35v","HL",-16.26,5,1,4,3,2,"LLLL","LL",25,100,NA,50.7692307692308
"R_3J9O5pFOCPUqO1v","HL",34.88,4,1,4,4,4,"HHHH","HH",50,66.6666666666667,NA,50.1960784313725
"R_3J9O5pFOCPUqO1v","HL",34.88,4,1,4,4,4,"HHHL","HH",50,66.6666666666667,NA,50.2222222222222
"R_3J9O5pFOCPUqO1v","HL",34.88,4,1,4,4,4,"HHHL","HL",50,66.6666666666667,NA,50.2222222222222
"R_3J9O5pFOCPUqO1v","HL",34.88,4,1,4,4,4,"HHLH","HH",50,66.6666666666667,NA,50.5882352941176
"R_3J9O5pFOCPUqO1v","HL",34.88,4,1,4,4,4,"HHLH","LH",10,40,NA,50
"R_3J9O5pFOCPUqO1v","HL",34.88,4,1,4,4,4,"HHLL","HH",50,66.6666666666667,NA,50.625
"R_3J9O5pFOCPUqO1v","HL",34.88,4,1,4,4,4,"HHLL","LL",10,40,NA,50
"R_3J9O5pFOCPUqO1v","HL",34.88,4,1,4,4,4,"HLHL","HL",50,66.6666666666667,NA,50.2564102564103
"R_3J9O5pFOCPUqO1v","HL",34.88,4,1,4,4,4,"HLLH","HL",50,66.6666666666667,NA,50.7142857142857
"R_3J9O5pFOCPUqO1v","HL",34.88,4,1,4,4,4,"HLLH","LH",10,40,NA,50
"R_3J9O5pFOCPUqO1v","HL",34.88,4,1,4,4,4,"HLLL","HL",50,66.6666666666667,NA,50.7692307692308
"R_3J9O5pFOCPUqO1v","HL",34.88,4,1,4,4,4,"HLLL","LL",10,40,NA,50
"R_3J9O5pFOCPUqO1v","HL",34.88,4,1,4,4,4,"LHLH","LH",10,40,NA,50.5882352941176
"R_3J9O5pFOCPUqO1v","HL",34.88,4,1,4,4,4,"LHLL","LH",10,40,NA,50.6666666666667
"R_3J9O5pFOCPUqO1v","HL",34.88,4,1,4,4,4,"LHLL","LL",10,40,NA,50.6666666666667
"R_3J9O5pFOCPUqO1v","HL",34.88,4,1,4,4,4,"LLLL","LL",10,40,NA,50.7692307692308
"R_3EmUBgyzf0qCtz5","HL",34.88,3,2,5,4,6,"HHHH","HH",65,86.6666666666667,NA,50.1960784313725
"R_3EmUBgyzf0qCtz5","HL",34.88,3,2,5,4,6,"HHHL","HH",65,86.6666666666667,NA,50.2222222222222
"R_3EmUBgyzf0qCtz5","HL",34.88,3,2,5,4,6,"HHHL","HL",55,73.3333333333333,NA,50.2222222222222
"R_3EmUBgyzf0qCtz5","HL",34.88,3,2,5,4,6,"HHLH","HH",65,86.6666666666667,NA,50
"R_3EmUBgyzf0qCtz5","HL",34.88,3,2,5,4,6,"HHLH","LH",15,60,NA,50.5882352941176
"R_3EmUBgyzf0qCtz5","HL",34.88,3,2,5,4,6,"HHLL","HH",65,86.6666666666667,NA,50
"R_3EmUBgyzf0qCtz5","HL",34.88,3,2,5,4,6,"HHLL","LL",5,20,NA,50.625
"R_3EmUBgyzf0qCtz5","HL",34.88,3,2,5,4,6,"HLHL","HL",55,73.3333333333333,NA,50.2564102564103
"R_3EmUBgyzf0qCtz5","HL",34.88,3,2,5,4,6,"HLLH","HL",55,73.3333333333333,NA,50
"R_3EmUBgyzf0qCtz5","HL",34.88,3,2,5,4,6,"HLLH","LH",15,60,NA,50.7142857142857
"R_3EmUBgyzf0qCtz5","HL",34.88,3,2,5,4,6,"HLLL","HL",35,46.6666666666667,NA,50
"R_3EmUBgyzf0qCtz5","HL",34.88,3,2,5,4,6,"HLLL","LL",5,20,NA,50.7692307692308
"R_3EmUBgyzf0qCtz5","HL",34.88,3,2,5,4,6,"LHLH","LH",20,80,NA,50.5882352941176
"R_3EmUBgyzf0qCtz5","HL",34.88,3,2,5,4,6,"LHLL","LH",10,40,NA,50.6666666666667
"R_3EmUBgyzf0qCtz5","HL",34.88,3,2,5,4,6,"LHLL","LL",5,20,NA,50.6666666666667
"R_3EmUBgyzf0qCtz5","HL",34.88,3,2,5,4,6,"LLLL","LL",5,20,NA,50.7692307692308
"R_3PbkUSErr2PGaSj","HL",37.48,5,1,3,3,3,"HHHH","HH",40,53.3333333333333,NA,50.1960784313725
"R_3PbkUSErr2PGaSj","HL",37.48,5,1,3,3,3,"HHHL","HH",40,53.3333333333333,NA,51.5555555555556
"R_3PbkUSErr2PGaSj","HL",37.48,5,1,3,3,3,"HHHL","HL",20,26.6666666666667,NA,48.8888888888889
"R_3PbkUSErr2PGaSj","HL",37.48,5,1,3,3,3,"HHLH","HH",30,40,NA,65.2941176470588
"R_3PbkUSErr2PGaSj","HL",37.48,5,1,3,3,3,"HHLH","LH",10,40,NA,35.2941176470588
"R_3PbkUSErr2PGaSj","HL",37.48,5,1,3,3,3,"HHLL","HH",40,53.3333333333333,NA,63.125
"R_3PbkUSErr2PGaSj","HL",37.48,5,1,3,3,3,"HHLL","LL",5,20,NA,37.5
"R_3PbkUSErr2PGaSj","HL",37.48,5,1,3,3,3,"HLHL","HL",20,26.6666666666667,NA,50.2564102564103
"R_3PbkUSErr2PGaSj","HL",37.48,5,1,3,3,3,"HLLH","HL",20,26.6666666666667,NA,57.1428571428571
"R_3PbkUSErr2PGaSj","HL",37.48,5,1,3,3,3,"HLLH","LH",10,40,NA,43.5714285714286
"R_3PbkUSErr2PGaSj","HL",37.48,5,1,3,3,3,"HLLL","HL",20,26.6666666666667,NA,53.8461538461538
"R_3PbkUSErr2PGaSj","HL",37.48,5,1,3,3,3,"HLLL","LL",5,20,NA,46.9230769230769
"R_3PbkUSErr2PGaSj","HL",37.48,5,1,3,3,3,"LHLH","LH",10,40,NA,50.5882352941176
"R_3PbkUSErr2PGaSj","HL",37.48,5,1,3,3,3,"LHLL","LH",10,40,NA,44
"R_3PbkUSErr2PGaSj","HL",37.48,5,1,3,3,3,"LHLL","LL",5,20,NA,57.3333333333333
"R_3PbkUSErr2PGaSj","HL",37.48,5,1,3,3,3,"LLLL","LL",5,20,NA,50.7692307692308
"R_pLWupG2ANIYcTex","HL",34.88,3,2,4,4,4,"HHHH","HH",25,33.3333333333333,NA,50.1960784313725
"R_pLWupG2ANIYcTex","HL",34.88,3,2,4,4,4,"HHHL","HH",25,33.3333333333333,NA,50.2222222222222
"R_pLWupG2ANIYcTex","HL",34.88,3,2,4,4,4,"HHHL","HL",25,33.3333333333333,NA,50.2222222222222
"R_pLWupG2ANIYcTex","HL",34.88,3,2,4,4,4,"HHLH","HH",25,33.3333333333333,NA,64.7058823529412
"R_pLWupG2ANIYcTex","HL",34.88,3,2,4,4,4,"HHLH","LH",5,20,NA,35.8823529411765
"R_pLWupG2ANIYcTex","HL",34.88,3,2,4,4,4,"HHLL","HH",25,33.3333333333333,NA,68.75
"R_pLWupG2ANIYcTex","HL",34.88,3,2,4,4,4,"HHLL","LL",5,20,NA,31.875
"R_pLWupG2ANIYcTex","HL",34.88,3,2,4,4,4,"HLHL","HL",25,33.3333333333333,NA,50.2564102564103
"R_pLWupG2ANIYcTex","HL",34.88,3,2,4,4,4,"HLLH","HL",25,33.3333333333333,NA,71.4285714285714
"R_pLWupG2ANIYcTex","HL",34.88,3,2,4,4,4,"HLLH","LH",6,24,NA,29.2857142857143
"R_pLWupG2ANIYcTex","HL",34.88,3,2,4,4,4,"HLLL","HL",25,33.3333333333333,NA,69.2307692307692
"R_pLWupG2ANIYcTex","HL",34.88,3,2,4,4,4,"HLLL","LL",5,20,NA,31.5384615384615
"R_pLWupG2ANIYcTex","HL",34.88,3,2,4,4,4,"LHLH","LH",5,20,NA,50.5882352941176
"R_pLWupG2ANIYcTex","HL",34.88,3,2,4,4,4,"LHLL","LH",5,20,NA,50.6666666666667
"R_pLWupG2ANIYcTex","HL",34.88,3,2,4,4,4,"LHLL","LL",5,20,NA,50.6666666666667
"R_pLWupG2ANIYcTex","HL",34.88,3,2,4,4,4,"LLLL","LL",5,20,NA,50.7692307692308
"R_3FJ4m1T1RsaXgQC","HL",7.82,3,2,3,4,2,"HHHH","HH",75,100,NA,50.1960784313725
"R_3FJ4m1T1RsaXgQC","HL",7.82,3,2,3,4,2,"HHHL","HH",35,46.6666666666667,NA,56.8888888888889
"R_3FJ4m1T1RsaXgQC","HL",7.82,3,2,3,4,2,"HHHL","HL",25,33.3333333333333,NA,43.5555555555556
"R_3FJ4m1T1RsaXgQC","HL",7.82,3,2,3,4,2,"HHLH","HH",35,46.6666666666667,NA,75.2941176470588
"R_3FJ4m1T1RsaXgQC","HL",7.82,3,2,3,4,2,"HHLH","LH",15,60,NA,25.2941176470588
"R_3FJ4m1T1RsaXgQC","HL",7.82,3,2,3,4,2,"HHLL","HH",35,46.6666666666667,NA,80
"R_3FJ4m1T1RsaXgQC","HL",7.82,3,2,3,4,2,"HHLL","LL",10,40,NA,20.625
"R_3FJ4m1T1RsaXgQC","HL",7.82,3,2,3,4,2,"HLHL","HL",35,46.6666666666667,NA,50.2564102564103
"R_3FJ4m1T1RsaXgQC","HL",7.82,3,2,3,4,2,"HLLH","HL",30,40,NA,70
"R_3FJ4m1T1RsaXgQC","HL",7.82,3,2,3,4,2,"HLLH","LH",15,60,NA,30.7142857142857
"R_3FJ4m1T1RsaXgQC","HL",7.82,3,2,3,4,2,"HLLL","HL",35,46.6666666666667,NA,75.3846153846154
"R_3FJ4m1T1RsaXgQC","HL",7.82,3,2,3,4,2,"HLLL","LL",10,40,NA,25.3846153846154
"R_3FJ4m1T1RsaXgQC","HL",7.82,3,2,3,4,2,"LHLH","LH",10,40,NA,50.5882352941176
"R_3FJ4m1T1RsaXgQC","HL",7.82,3,2,3,4,2,"LHLL","LH",15,60,NA,57.3333333333333
"R_3FJ4m1T1RsaXgQC","HL",7.82,3,2,3,4,2,"LHLL","LL",15,60,NA,44
"R_3FJ4m1T1RsaXgQC","HL",7.82,3,2,3,4,2,"LLLL","LL",10,40,NA,50.7692307692308
"R_b4uQuG8wcGOYe9r","HL",7.82,4,1,4,4,4,"HHHH","HH",50,66.6666666666667,NA,50.1960784313725
"R_b4uQuG8wcGOYe9r","HL",7.82,4,1,4,4,4,"HHHL","HH",60,80,NA,56.8888888888889
"R_b4uQuG8wcGOYe9r","HL",7.82,4,1,4,4,4,"HHHL","HL",50,66.6666666666667,NA,43.5555555555556
"R_b4uQuG8wcGOYe9r","HL",7.82,4,1,4,4,4,"HHLH","HH",50,66.6666666666667,NA,75.2941176470588
"R_b4uQuG8wcGOYe9r","HL",7.82,4,1,4,4,4,"HHLH","LH",10,40,NA,25.2941176470588
"R_b4uQuG8wcGOYe9r","HL",7.82,4,1,4,4,4,"HHLL","HH",20,26.6666666666667,NA,80
"R_b4uQuG8wcGOYe9r","HL",7.82,4,1,4,4,4,"HHLL","LL",10,40,NA,20.625
"R_b4uQuG8wcGOYe9r","HL",7.82,4,1,4,4,4,"HLHL","HL",50,66.6666666666667,NA,50.2564102564103
"R_b4uQuG8wcGOYe9r","HL",7.82,4,1,4,4,4,"HLLH","HL",20,26.6666666666667,NA,70
"R_b4uQuG8wcGOYe9r","HL",7.82,4,1,4,4,4,"HLLH","LH",10,40,NA,30.7142857142857
"R_b4uQuG8wcGOYe9r","HL",7.82,4,1,4,4,4,"HLLL","HL",20,26.6666666666667,NA,75.3846153846154
"R_b4uQuG8wcGOYe9r","HL",7.82,4,1,4,4,4,"HLLL","LL",10,40,NA,25.3846153846154
"R_b4uQuG8wcGOYe9r","HL",7.82,4,1,4,4,4,"LHLH","LH",10,40,NA,50.5882352941176
"R_b4uQuG8wcGOYe9r","HL",7.82,4,1,4,4,4,"LHLL","LH",10,40,NA,57.3333333333333
"R_b4uQuG8wcGOYe9r","HL",7.82,4,1,4,4,4,"LHLL","LL",10,40,NA,44
"R_b4uQuG8wcGOYe9r","HL",7.82,4,1,4,4,4,"LLLL","LL",15,60,NA,50.7692307692308
"R_1gFLJmVGwaVHxcd","HL",32.16,4,2,4,4,5,"HHHH","HH",55,73.3333333333333,NA,49.8039215686275
"R_1gFLJmVGwaVHxcd","HL",32.16,4,2,4,4,5,"HHHL","HH",55,73.3333333333333,NA,50.2222222222222
"R_1gFLJmVGwaVHxcd","HL",32.16,4,2,4,4,5,"HHHL","HL",55,73.3333333333333,NA,50.2222222222222
"R_1gFLJmVGwaVHxcd","HL",32.16,4,2,4,4,5,"HHLH","HH",45,60,NA,50
"R_1gFLJmVGwaVHxcd","HL",32.16,4,2,4,4,5,"HHLH","LH",15,60,NA,50.5882352941176
"R_1gFLJmVGwaVHxcd","HL",32.16,4,2,4,4,5,"HHLL","HH",50,66.6666666666667,NA,50.625
"R_1gFLJmVGwaVHxcd","HL",32.16,4,2,4,4,5,"HHLL","LL",20,80,NA,50
"R_1gFLJmVGwaVHxcd","HL",32.16,4,2,4,4,5,"HLHL","HL",40,53.3333333333333,NA,50.2564102564103
"R_1gFLJmVGwaVHxcd","HL",32.16,4,2,4,4,5,"HLLH","HL",45,60,NA,50
"R_1gFLJmVGwaVHxcd","HL",32.16,4,2,4,4,5,"HLLH","LH",15,60,NA,50.7142857142857
"R_1gFLJmVGwaVHxcd","HL",32.16,4,2,4,4,5,"HLLL","HL",45,60,NA,48.4615384615385
"R_1gFLJmVGwaVHxcd","HL",32.16,4,2,4,4,5,"HLLL","LL",15,60,NA,52.3076923076923
"R_1gFLJmVGwaVHxcd","HL",32.16,4,2,4,4,5,"LHLH","LH",20,80,NA,50.5882352941176
"R_1gFLJmVGwaVHxcd","HL",32.16,4,2,4,4,5,"LHLL","LH",20,80,NA,53.3333333333333
"R_1gFLJmVGwaVHxcd","HL",32.16,4,2,4,4,5,"LHLL","LL",20,80,NA,48
"R_1gFLJmVGwaVHxcd","HL",32.16,4,2,4,4,5,"LLLL","LL",15,60,NA,50.7692307692308
"R_1K6IjpFHzjIYMwo","HL",26.87,4,1,1,1,1,"HHHH","HH",50,66.6666666666667,NA,50.1960784313725
"R_1K6IjpFHzjIYMwo","HL",26.87,4,1,1,1,1,"HHHL","HH",50,66.6666666666667,NA,44.4444444444444
"R_1K6IjpFHzjIYMwo","HL",26.87,4,1,1,1,1,"HHHL","HL",50,66.6666666666667,NA,56
"R_1K6IjpFHzjIYMwo","HL",26.87,4,1,1,1,1,"HHLH","HH",50,66.6666666666667,NA,41.7647058823529
"R_1K6IjpFHzjIYMwo","HL",26.87,4,1,1,1,1,"HHLH","LH",15,60,NA,58.8235294117647
"R_1K6IjpFHzjIYMwo","HL",26.87,4,1,1,1,1,"HHLL","HH",50,66.6666666666667,NA,35
"R_1K6IjpFHzjIYMwo","HL",26.87,4,1,1,1,1,"HHLL","LL",10,40,NA,65.625
"R_1K6IjpFHzjIYMwo","HL",26.87,4,1,1,1,1,"HLHL","HL",50,66.6666666666667,NA,50.2564102564103
"R_1K6IjpFHzjIYMwo","HL",26.87,4,1,1,1,1,"HLLH","HL",50,66.6666666666667,NA,43.5714285714286
"R_1K6IjpFHzjIYMwo","HL",26.87,4,1,1,1,1,"HLLH","LH",10,40,NA,57.1428571428571
"R_1K6IjpFHzjIYMwo","HL",26.87,4,1,1,1,1,"HLLL","HL",50,66.6666666666667,NA,31.5384615384615
"R_1K6IjpFHzjIYMwo","HL",26.87,4,1,1,1,1,"HLLL","LL",10,40,NA,69.2307692307692
"R_1K6IjpFHzjIYMwo","HL",26.87,4,1,1,1,1,"LHLH","LH",15,60,NA,50.5882352941176
"R_1K6IjpFHzjIYMwo","HL",26.87,4,1,1,1,1,"LHLL","LH",15,60,NA,50.6666666666667
"R_1K6IjpFHzjIYMwo","HL",26.87,4,1,1,1,1,"LHLL","LL",10,40,NA,50.6666666666667
"R_1K6IjpFHzjIYMwo","HL",26.87,4,1,1,1,1,"LLLL","LL",10,40,NA,50.7692307692308
"R_3g6qXFrhzs2LaTj","HL",45,3,1,4,4,4,"HHHH","HH",75,100,NA,50.1960784313725
"R_3g6qXFrhzs2LaTj","HL",45,3,1,4,4,4,"HHHL","HH",75,100,NA,50.2222222222222
"R_3g6qXFrhzs2LaTj","HL",45,3,1,4,4,4,"HHHL","HL",30,40,NA,50.2222222222222
"R_3g6qXFrhzs2LaTj","HL",45,3,1,4,4,4,"HHLH","HH",75,100,NA,50.5882352941176
"R_3g6qXFrhzs2LaTj","HL",45,3,1,4,4,4,"HHLH","LH",25,100,NA,50
"R_3g6qXFrhzs2LaTj","HL",45,3,1,4,4,4,"HHLL","HH",10,13.3333333333333,NA,50.625
"R_3g6qXFrhzs2LaTj","HL",45,3,1,4,4,4,"HHLL","LL",0,0,NA,50
"R_3g6qXFrhzs2LaTj","HL",45,3,1,4,4,4,"HLHL","HL",75,100,NA,50.2564102564103
"R_3g6qXFrhzs2LaTj","HL",45,3,1,4,4,4,"HLLH","HL",0,0,NA,50.7142857142857
"R_3g6qXFrhzs2LaTj","HL",45,3,1,4,4,4,"HLLH","LH",0,0,NA,50
"R_3g6qXFrhzs2LaTj","HL",45,3,1,4,4,4,"HLLL","HL",25,33.3333333333333,NA,69.2307692307692
"R_3g6qXFrhzs2LaTj","HL",45,3,1,4,4,4,"HLLL","LL",25,100,NA,31.5384615384615
"R_3g6qXFrhzs2LaTj","HL",45,3,1,4,4,4,"LHLH","LH",25,100,NA,50.5882352941176
"R_3g6qXFrhzs2LaTj","HL",45,3,1,4,4,4,"LHLL","LH",0,0,NA,50.6666666666667
"R_3g6qXFrhzs2LaTj","HL",45,3,1,4,4,4,"LHLL","LL",0,0,NA,50.6666666666667
"R_3g6qXFrhzs2LaTj","HL",45,3,1,4,4,4,"LLLL","LL",25,100,NA,50.7692307692308
"R_1esXVSssiEywSzb","HL",37.48,4,3,4,4,4,"HHHH","HH",75,100,NA,50.1960784313725
"R_1esXVSssiEywSzb","HL",37.48,4,3,4,4,4,"HHHL","HH",65,86.6666666666667,NA,56
"R_1esXVSssiEywSzb","HL",37.48,4,3,4,4,4,"HHHL","HL",75,100,NA,44.4444444444444
"R_1esXVSssiEywSzb","HL",37.48,4,3,4,4,4,"HHLH","HH",75,100,NA,58.8235294117647
"R_1esXVSssiEywSzb","HL",37.48,4,3,4,4,4,"HHLH","LH",25,100,NA,41.7647058823529
"R_1esXVSssiEywSzb","HL",37.48,4,3,4,4,4,"HHLL","HH",30,40,NA,63.125
"R_1esXVSssiEywSzb","HL",37.48,4,3,4,4,4,"HHLL","LL",15,60,NA,37.5
"R_1esXVSssiEywSzb","HL",37.48,4,3,4,4,4,"HLHL","HL",75,100,NA,50.2564102564103
"R_1esXVSssiEywSzb","HL",37.48,4,3,4,4,4,"HLLH","HL",20,26.6666666666667,NA,71.4285714285714
"R_1esXVSssiEywSzb","HL",37.48,4,3,4,4,4,"HLLH","LH",15,60,NA,29.2857142857143
"R_1esXVSssiEywSzb","HL",37.48,4,3,4,4,4,"HLLL","HL",75,100,NA,69.2307692307692
"R_1esXVSssiEywSzb","HL",37.48,4,3,4,4,4,"HLLL","LL",25,100,NA,31.5384615384615
"R_1esXVSssiEywSzb","HL",37.48,4,3,4,4,4,"LHLH","LH",25,100,NA,50.5882352941176
"R_1esXVSssiEywSzb","HL",37.48,4,3,4,4,4,"LHLL","LH",25,100,NA,53.3333333333333
"R_1esXVSssiEywSzb","HL",37.48,4,3,4,4,4,"LHLL","LL",25,100,NA,48
"R_1esXVSssiEywSzb","HL",37.48,4,3,4,4,4,"LLLL","LL",25,100,NA,50.7692307692308
"R_2VeGJvNA7b5JoaI","HL",7.82,4,1,4,4,1,"HHHH","HH",0,0,NA,50.1960784313725
"R_2VeGJvNA7b5JoaI","HL",7.82,4,1,4,4,1,"HHHL","HH",0,0,NA,50.2222222222222
"R_2VeGJvNA7b5JoaI","HL",7.82,4,1,4,4,1,"HHHL","HL",0,0,NA,50.2222222222222
"R_2VeGJvNA7b5JoaI","HL",7.82,4,1,4,4,1,"HHLH","HH",0,0,NA,50
"R_2VeGJvNA7b5JoaI","HL",7.82,4,1,4,4,1,"HHLH","LH",0,0,NA,50.5882352941176
"R_2VeGJvNA7b5JoaI","HL",7.82,4,1,4,4,1,"HHLL","HH",0,0,NA,50
"R_2VeGJvNA7b5JoaI","HL",7.82,4,1,4,4,1,"HHLL","LL",0,0,NA,50.625
"R_2VeGJvNA7b5JoaI","HL",7.82,4,1,4,4,1,"HLHL","HL",0,0,NA,50.2564102564103
"R_2VeGJvNA7b5JoaI","HL",7.82,4,1,4,4,1,"HLLH","HL",0,0,NA,50.7142857142857
"R_2VeGJvNA7b5JoaI","HL",7.82,4,1,4,4,1,"HLLH","LH",0,0,NA,50
"R_2VeGJvNA7b5JoaI","HL",7.82,4,1,4,4,1,"HLLL","HL",0,0,NA,50
"R_2VeGJvNA7b5JoaI","HL",7.82,4,1,4,4,1,"HLLL","LL",0,0,NA,50.7692307692308
"R_2VeGJvNA7b5JoaI","HL",7.82,4,1,4,4,1,"LHLH","LH",0,0,NA,50.5882352941176
"R_2VeGJvNA7b5JoaI","HL",7.82,4,1,4,4,1,"LHLL","LH",0,0,NA,50.6666666666667
"R_2VeGJvNA7b5JoaI","HL",7.82,4,1,4,4,1,"LHLL","LL",0,0,NA,50.6666666666667
"R_2VeGJvNA7b5JoaI","HL",7.82,4,1,4,4,1,"LLLL","LL",0,0,NA,50.7692307692308
"R_1HorZbgEPKlrDrC","HL",29.22,4,2,4,4,4,"HHHH","HH",35,46.6666666666667,NA,50.1960784313725
"R_1HorZbgEPKlrDrC","HL",29.22,4,2,4,4,4,"HHHL","HH",35,46.6666666666667,NA,50.2222222222222
"R_1HorZbgEPKlrDrC","HL",29.22,4,2,4,4,4,"HHHL","HL",30,40,NA,50.2222222222222
"R_1HorZbgEPKlrDrC","HL",29.22,4,2,4,4,4,"HHLH","HH",30,40,NA,50.5882352941176
"R_1HorZbgEPKlrDrC","HL",29.22,4,2,4,4,4,"HHLH","LH",5,20,NA,50
"R_1HorZbgEPKlrDrC","HL",29.22,4,2,4,4,4,"HHLL","HH",20,26.6666666666667,NA,50.625
"R_1HorZbgEPKlrDrC","HL",29.22,4,2,4,4,4,"HHLL","LL",5,20,NA,50
"R_1HorZbgEPKlrDrC","HL",29.22,4,2,4,4,4,"HLHL","HL",30,40,NA,50.2564102564103
"R_1HorZbgEPKlrDrC","HL",29.22,4,2,4,4,4,"HLLH","HL",35,46.6666666666667,NA,50.7142857142857
"R_1HorZbgEPKlrDrC","HL",29.22,4,2,4,4,4,"HLLH","LH",6,24,NA,50
"R_1HorZbgEPKlrDrC","HL",29.22,4,2,4,4,4,"HLLL","HL",30,40,NA,50.7692307692308
"R_1HorZbgEPKlrDrC","HL",29.22,4,2,4,4,4,"HLLL","LL",5,20,NA,50
"R_1HorZbgEPKlrDrC","HL",29.22,4,2,4,4,4,"LHLH","LH",6,24,NA,50.5882352941176
"R_1HorZbgEPKlrDrC","HL",29.22,4,2,4,4,4,"LHLL","LH",6,24,NA,50.6666666666667
"R_1HorZbgEPKlrDrC","HL",29.22,4,2,4,4,4,"LHLL","LL",5,20,NA,50.6666666666667
"R_1HorZbgEPKlrDrC","HL",29.22,4,2,4,4,4,"LLLL","LL",8,32,NA,50.7692307692308
"R_2DNqkMDuoA9dZDg","HL",14.62,5,1,4,3,4,"HHHH","HH",75,100,NA,50.1960784313725
"R_2DNqkMDuoA9dZDg","HL",14.62,5,1,4,3,4,"HHHL","HH",75,100,NA,50.2222222222222
"R_2DNqkMDuoA9dZDg","HL",14.62,5,1,4,3,4,"HHHL","HL",75,100,NA,50.2222222222222
"R_2DNqkMDuoA9dZDg","HL",14.62,5,1,4,3,4,"HHLH","HH",75,100,NA,50.5882352941176
"R_2DNqkMDuoA9dZDg","HL",14.62,5,1,4,3,4,"HHLH","LH",25,100,NA,50
"R_2DNqkMDuoA9dZDg","HL",14.62,5,1,4,3,4,"HHLL","HH",75,100,NA,50.625
"R_2DNqkMDuoA9dZDg","HL",14.62,5,1,4,3,4,"HHLL","LL",25,100,NA,50
"R_2DNqkMDuoA9dZDg","HL",14.62,5,1,4,3,4,"HLHL","HL",75,100,NA,50.2564102564103
"R_2DNqkMDuoA9dZDg","HL",14.62,5,1,4,3,4,"HLLH","HL",75,100,NA,50.7142857142857
"R_2DNqkMDuoA9dZDg","HL",14.62,5,1,4,3,4,"HLLH","LH",25,100,NA,50
"R_2DNqkMDuoA9dZDg","HL",14.62,5,1,4,3,4,"HLLL","HL",75,100,NA,50.7692307692308
"R_2DNqkMDuoA9dZDg","HL",14.62,5,1,4,3,4,"HLLL","LL",25,100,NA,50
"R_2DNqkMDuoA9dZDg","HL",14.62,5,1,4,3,4,"LHLH","LH",25,100,NA,50.5882352941176
"R_2DNqkMDuoA9dZDg","HL",14.62,5,1,4,3,4,"LHLL","LH",25,100,NA,50.6666666666667
"R_2DNqkMDuoA9dZDg","HL",14.62,5,1,4,3,4,"LHLL","LL",25,100,NA,50.6666666666667
"R_2DNqkMDuoA9dZDg","HL",14.62,5,1,4,3,4,"LLLL","LL",25,100,NA,50.7692307692308
"R_3emnbzvPNrAIcaO","HL",26.87,2,2,3,4,3,"HHHH","HH",40,53.3333333333333,NA,50.1960784313725
"R_3emnbzvPNrAIcaO","HL",26.87,2,2,3,4,3,"HHHL","HH",30,40,NA,50.2222222222222
"R_3emnbzvPNrAIcaO","HL",26.87,2,2,3,4,3,"HHHL","HL",25,33.3333333333333,NA,50.2222222222222
"R_3emnbzvPNrAIcaO","HL",26.87,2,2,3,4,3,"HHLH","HH",30,40,NA,50.5882352941176
"R_3emnbzvPNrAIcaO","HL",26.87,2,2,3,4,3,"HHLH","LH",10,40,NA,50
"R_3emnbzvPNrAIcaO","HL",26.87,2,2,3,4,3,"HHLL","HH",30,40,NA,50.625
"R_3emnbzvPNrAIcaO","HL",26.87,2,2,3,4,3,"HHLL","LL",10,40,NA,50
"R_3emnbzvPNrAIcaO","HL",26.87,2,2,3,4,3,"HLHL","HL",25,33.3333333333333,NA,50.2564102564103
"R_3emnbzvPNrAIcaO","HL",26.87,2,2,3,4,3,"HLLH","HL",25,33.3333333333333,NA,50.7142857142857
"R_3emnbzvPNrAIcaO","HL",26.87,2,2,3,4,3,"HLLH","LH",10,40,NA,50
"R_3emnbzvPNrAIcaO","HL",26.87,2,2,3,4,3,"HLLL","HL",25,33.3333333333333,NA,50.7692307692308
"R_3emnbzvPNrAIcaO","HL",26.87,2,2,3,4,3,"HLLL","LL",10,40,NA,50
"R_3emnbzvPNrAIcaO","HL",26.87,2,2,3,4,3,"LHLH","LH",10,40,NA,50.5882352941176
"R_3emnbzvPNrAIcaO","HL",26.87,2,2,3,4,3,"LHLL","LH",15,60,NA,50.6666666666667
"R_3emnbzvPNrAIcaO","HL",26.87,2,2,3,4,3,"LHLL","LL",10,40,NA,50.6666666666667
"R_3emnbzvPNrAIcaO","HL",26.87,2,2,3,4,3,"LLLL","LL",10,40,NA,50.7692307692308
"R_XBrigudihdWCtkB","HL",34.88,4,2,4,4,4,"HHHH","HH",15,20,NA,50.1960784313725
"R_XBrigudihdWCtkB","HL",34.88,4,2,4,4,4,"HHHL","HH",15,20,NA,50.2222222222222
"R_XBrigudihdWCtkB","HL",34.88,4,2,4,4,4,"HHHL","HL",15,20,NA,50.2222222222222
"R_XBrigudihdWCtkB","HL",34.88,4,2,4,4,4,"HHLH","HH",15,20,NA,50.2941176470588
"R_XBrigudihdWCtkB","HL",34.88,4,2,4,4,4,"HHLH","LH",10,40,NA,50.2941176470588
"R_XBrigudihdWCtkB","HL",34.88,4,2,4,4,4,"HHLL","HH",15,20,NA,50.3125
"R_XBrigudihdWCtkB","HL",34.88,4,2,4,4,4,"HHLL","LL",10,40,NA,50.3125
"R_XBrigudihdWCtkB","HL",34.88,4,2,4,4,4,"HLHL","HL",15,20,NA,50.2564102564103
"R_XBrigudihdWCtkB","HL",34.88,4,2,4,4,4,"HLLH","HL",15,20,NA,50.3571428571429
"R_XBrigudihdWCtkB","HL",34.88,4,2,4,4,4,"HLLH","LH",10,40,NA,50.3571428571429
"R_XBrigudihdWCtkB","HL",34.88,4,2,4,4,4,"HLLL","HL",20,26.6666666666667,NA,50.3846153846154
"R_XBrigudihdWCtkB","HL",34.88,4,2,4,4,4,"HLLL","LL",10,40,NA,50.3846153846154
"R_XBrigudihdWCtkB","HL",34.88,4,2,4,4,4,"LHLH","LH",10,40,NA,50.5882352941176
"R_XBrigudihdWCtkB","HL",34.88,4,2,4,4,4,"LHLL","LH",10,40,NA,50.6666666666667
"R_XBrigudihdWCtkB","HL",34.88,4,2,4,4,4,"LHLL","LL",10,40,NA,50.6666666666667
"R_XBrigudihdWCtkB","HL",34.88,4,2,4,4,4,"LLLL","LL",10,40,NA,50.7692307692308
"R_2trJPBSxYUxfFV0","HL",11.03,2,1,4,3,3,"HHHH","HH",30,40,NA,50.1960784313725
"R_2trJPBSxYUxfFV0","HL",11.03,2,1,4,3,3,"HHHL","HH",20,26.6666666666667,NA,50.2222222222222
"R_2trJPBSxYUxfFV0","HL",11.03,2,1,4,3,3,"HHHL","HL",20,26.6666666666667,NA,50.2222222222222
"R_2trJPBSxYUxfFV0","HL",11.03,2,1,4,3,3,"HHLH","HH",40,53.3333333333333,NA,50.2941176470588
"R_2trJPBSxYUxfFV0","HL",11.03,2,1,4,3,3,"HHLH","LH",20,80,NA,50.2941176470588
"R_2trJPBSxYUxfFV0","HL",11.03,2,1,4,3,3,"HHLL","HH",40,53.3333333333333,NA,50.3125
"R_2trJPBSxYUxfFV0","HL",11.03,2,1,4,3,3,"HHLL","LL",20,80,NA,50.3125
"R_2trJPBSxYUxfFV0","HL",11.03,2,1,4,3,3,"HLHL","HL",20,26.6666666666667,NA,50.2564102564103
"R_2trJPBSxYUxfFV0","HL",11.03,2,1,4,3,3,"HLLH","HL",30,40,NA,50.3571428571429
"R_2trJPBSxYUxfFV0","HL",11.03,2,1,4,3,3,"HLLH","LH",20,80,NA,50.3571428571429
"R_2trJPBSxYUxfFV0","HL",11.03,2,1,4,3,3,"HLLL","HL",30,40,NA,50.3846153846154
"R_2trJPBSxYUxfFV0","HL",11.03,2,1,4,3,3,"HLLL","LL",20,80,NA,50.3846153846154
"R_2trJPBSxYUxfFV0","HL",11.03,2,1,4,3,3,"LHLH","LH",20,80,NA,50.5882352941176
"R_2trJPBSxYUxfFV0","HL",11.03,2,1,4,3,3,"LHLL","LH",20,80,NA,50.6666666666667
"R_2trJPBSxYUxfFV0","HL",11.03,2,1,4,3,3,"LHLL","LL",20,80,NA,50.6666666666667
"R_2trJPBSxYUxfFV0","HL",11.03,2,1,4,3,3,"LLLL","LL",20,80,NA,50.7692307692308
"R_3HTjcmmXKS38Ynq","HL",34.88,4,3,4,4,4,"HHHH","HH",50,66.6666666666667,NA,50.1960784313725
"R_3HTjcmmXKS38Ynq","HL",34.88,4,3,4,4,4,"HHHL","HH",50,66.6666666666667,NA,50.2222222222222
"R_3HTjcmmXKS38Ynq","HL",34.88,4,3,4,4,4,"HHHL","HL",50,66.6666666666667,NA,50.2222222222222
"R_3HTjcmmXKS38Ynq","HL",34.88,4,3,4,4,4,"HHLH","HH",50,66.6666666666667,NA,50.5882352941176
"R_3HTjcmmXKS38Ynq","HL",34.88,4,3,4,4,4,"HHLH","LH",20,80,NA,50
"R_3HTjcmmXKS38Ynq","HL",34.88,4,3,4,4,4,"HHLL","HH",50,66.6666666666667,NA,50.625
"R_3HTjcmmXKS38Ynq","HL",34.88,4,3,4,4,4,"HHLL","LL",20,80,NA,50
"R_3HTjcmmXKS38Ynq","HL",34.88,4,3,4,4,4,"HLHL","HL",50,66.6666666666667,NA,50.2564102564103
"R_3HTjcmmXKS38Ynq","HL",34.88,4,3,4,4,4,"HLLH","HL",50,66.6666666666667,NA,50.7142857142857
"R_3HTjcmmXKS38Ynq","HL",34.88,4,3,4,4,4,"HLLH","LH",20,80,NA,50
"R_3HTjcmmXKS38Ynq","HL",34.88,4,3,4,4,4,"HLLL","HL",50,66.6666666666667,NA,50.7692307692308
"R_3HTjcmmXKS38Ynq","HL",34.88,4,3,4,4,4,"HLLL","LL",20,80,NA,50
"R_3HTjcmmXKS38Ynq","HL",34.88,4,3,4,4,4,"LHLH","LH",15,60,NA,50.5882352941176
"R_3HTjcmmXKS38Ynq","HL",34.88,4,3,4,4,4,"LHLL","LH",15,60,NA,50.6666666666667
"R_3HTjcmmXKS38Ynq","HL",34.88,4,3,4,4,4,"LHLL","LL",15,60,NA,50.6666666666667
"R_3HTjcmmXKS38Ynq","HL",34.88,4,3,4,4,4,"LLLL","LL",15,60,NA,50.7692307692308
"R_3MS8lBhxzMT1xAG","HL",23.64,2,1,3,3,3,"HHHH","HH",35,46.6666666666667,NA,50.1960784313725
"R_3MS8lBhxzMT1xAG","HL",23.64,2,1,3,3,3,"HHHL","HH",75,100,NA,50.2222222222222
"R_3MS8lBhxzMT1xAG","HL",23.64,2,1,3,3,3,"HHHL","HL",75,100,NA,50.2222222222222
"R_3MS8lBhxzMT1xAG","HL",23.64,2,1,3,3,3,"HHLH","HH",35,46.6666666666667,NA,50
"R_3MS8lBhxzMT1xAG","HL",23.64,2,1,3,3,3,"HHLH","LH",20,80,NA,50.5882352941176
"R_3MS8lBhxzMT1xAG","HL",23.64,2,1,3,3,3,"HHLL","HH",35,46.6666666666667,NA,50
"R_3MS8lBhxzMT1xAG","HL",23.64,2,1,3,3,3,"HHLL","LL",15,60,NA,50.625
"R_3MS8lBhxzMT1xAG","HL",23.64,2,1,3,3,3,"HLHL","HL",75,100,NA,50.2564102564103
"R_3MS8lBhxzMT1xAG","HL",23.64,2,1,3,3,3,"HLLH","HL",50,66.6666666666667,NA,50.7142857142857
"R_3MS8lBhxzMT1xAG","HL",23.64,2,1,3,3,3,"HLLH","LH",15,60,NA,50
"R_3MS8lBhxzMT1xAG","HL",23.64,2,1,3,3,3,"HLLL","HL",25,33.3333333333333,NA,50
"R_3MS8lBhxzMT1xAG","HL",23.64,2,1,3,3,3,"HLLL","LL",10,40,NA,50.7692307692308
"R_3MS8lBhxzMT1xAG","HL",23.64,2,1,3,3,3,"LHLH","LH",25,100,NA,50.5882352941176
"R_3MS8lBhxzMT1xAG","HL",23.64,2,1,3,3,3,"LHLL","LH",15,60,NA,50.6666666666667
"R_3MS8lBhxzMT1xAG","HL",23.64,2,1,3,3,3,"LHLL","LL",15,60,NA,50.6666666666667
"R_3MS8lBhxzMT1xAG","HL",23.64,2,1,3,3,3,"LLLL","LL",15,60,NA,50.7692307692308
"R_RDpYxu4ybxhNTDb","HL",34.36,2,2,4,4,4,"HHHH","HH",75,100,NA,50.1960784313725
"R_RDpYxu4ybxhNTDb","HL",34.36,2,2,4,4,4,"HHHL","HH",60,80,NA,50.2222222222222
"R_RDpYxu4ybxhNTDb","HL",34.36,2,2,4,4,4,"HHHL","HL",65,86.6666666666667,NA,50.2222222222222
"R_RDpYxu4ybxhNTDb","HL",34.36,2,2,4,4,4,"HHLH","HH",50,66.6666666666667,NA,50.5882352941176
"R_RDpYxu4ybxhNTDb","HL",34.36,2,2,4,4,4,"HHLH","LH",15,60,NA,50
"R_RDpYxu4ybxhNTDb","HL",34.36,2,2,4,4,4,"HHLL","HH",70,93.3333333333333,NA,50.625
"R_RDpYxu4ybxhNTDb","HL",34.36,2,2,4,4,4,"HHLL","LL",20,80,NA,50
"R_RDpYxu4ybxhNTDb","HL",34.36,2,2,4,4,4,"HLHL","HL",75,100,NA,50.2564102564103
"R_RDpYxu4ybxhNTDb","HL",34.36,2,2,4,4,4,"HLLH","HL",65,86.6666666666667,NA,50.7142857142857
"R_RDpYxu4ybxhNTDb","HL",34.36,2,2,4,4,4,"HLLH","LH",20,80,NA,50
"R_RDpYxu4ybxhNTDb","HL",34.36,2,2,4,4,4,"HLLL","HL",60,80,NA,50.7692307692308
"R_RDpYxu4ybxhNTDb","HL",34.36,2,2,4,4,4,"HLLL","LL",10,40,NA,50
"R_RDpYxu4ybxhNTDb","HL",34.36,2,2,4,4,4,"LHLH","LH",25,100,NA,50.5882352941176
"R_RDpYxu4ybxhNTDb","HL",34.36,2,2,4,4,4,"LHLL","LH",15,60,NA,50.6666666666667
"R_RDpYxu4ybxhNTDb","HL",34.36,2,2,4,4,4,"LHLL","LL",20,80,NA,50.6666666666667
"R_RDpYxu4ybxhNTDb","HL",34.36,2,2,4,4,4,"LLLL","LL",25,100,NA,50.7692307692308
"R_3MmlRWYZr4ETfza","HL",34.88,4,3,3,3,3,"HHHH","HH",40,53.3333333333333,NA,50.1960784313725
"R_3MmlRWYZr4ETfza","HL",34.88,4,3,3,3,3,"HHHL","HH",25,33.3333333333333,NA,53.3333333333333
"R_3MmlRWYZr4ETfza","HL",34.88,4,3,3,3,3,"HHHL","HL",25,33.3333333333333,NA,47.1111111111111
"R_3MmlRWYZr4ETfza","HL",34.88,4,3,3,3,3,"HHLH","HH",25,33.3333333333333,NA,75.2941176470588
"R_3MmlRWYZr4ETfza","HL",34.88,4,3,3,3,3,"HHLH","LH",10,40,NA,25.2941176470588
"R_3MmlRWYZr4ETfza","HL",34.88,4,3,3,3,3,"HHLL","HH",20,26.6666666666667,NA,69.375
"R_3MmlRWYZr4ETfza","HL",34.88,4,3,3,3,3,"HHLL","LL",10,40,NA,31.25
"R_3MmlRWYZr4ETfza","HL",34.88,4,3,3,3,3,"HLHL","HL",30,40,NA,50.2564102564103
"R_3MmlRWYZr4ETfza","HL",34.88,4,3,3,3,3,"HLLH","HL",25,33.3333333333333,NA,64.2857142857143
"R_3MmlRWYZr4ETfza","HL",34.88,4,3,3,3,3,"HLLH","LH",10,40,NA,36.4285714285714
"R_3MmlRWYZr4ETfza","HL",34.88,4,3,3,3,3,"HLLL","HL",25,33.3333333333333,NA,69.2307692307692
"R_3MmlRWYZr4ETfza","HL",34.88,4,3,3,3,3,"HLLL","LL",10,40,NA,31.5384615384615
"R_3MmlRWYZr4ETfza","HL",34.88,4,3,3,3,3,"LHLH","LH",10,40,NA,50.5882352941176
"R_3MmlRWYZr4ETfza","HL",34.88,4,3,3,3,3,"LHLL","LH",10,40,NA,53.3333333333333
"R_3MmlRWYZr4ETfza","HL",34.88,4,3,3,3,3,"LHLL","LL",10,40,NA,48
"R_3MmlRWYZr4ETfza","HL",34.88,4,3,3,3,3,"LLLL","LL",10,40,NA,50.7692307692308
"R_2f7ma0cQFIf15QK","HL",7.82,4,2,4,4,4,"HHHH","HH",75,100,NA,50.1960784313725
"R_2f7ma0cQFIf15QK","HL",7.82,4,2,4,4,4,"HHHL","HH",75,100,NA,50.2222222222222
"R_2f7ma0cQFIf15QK","HL",7.82,4,2,4,4,4,"HHHL","HL",75,100,NA,50.2222222222222
"R_2f7ma0cQFIf15QK","HL",7.82,4,2,4,4,4,"HHLH","HH",75,100,NA,50.2941176470588
"R_2f7ma0cQFIf15QK","HL",7.82,4,2,4,4,4,"HHLH","LH",25,100,NA,50.2941176470588
"R_2f7ma0cQFIf15QK","HL",7.82,4,2,4,4,4,"HHLL","HH",75,100,NA,50.3125
"R_2f7ma0cQFIf15QK","HL",7.82,4,2,4,4,4,"HHLL","LL",25,100,NA,50.3125
"R_2f7ma0cQFIf15QK","HL",7.82,4,2,4,4,4,"HLHL","HL",75,100,NA,50.2564102564103
"R_2f7ma0cQFIf15QK","HL",7.82,4,2,4,4,4,"HLLH","HL",75,100,NA,50.3571428571429
"R_2f7ma0cQFIf15QK","HL",7.82,4,2,4,4,4,"HLLH","LH",25,100,NA,50.3571428571429
"R_2f7ma0cQFIf15QK","HL",7.82,4,2,4,4,4,"HLLL","HL",75,100,NA,50.3846153846154
"R_2f7ma0cQFIf15QK","HL",7.82,4,2,4,4,4,"HLLL","LL",25,100,NA,50.3846153846154
"R_2f7ma0cQFIf15QK","HL",7.82,4,2,4,4,4,"LHLH","LH",25,100,NA,50.5882352941176
"R_2f7ma0cQFIf15QK","HL",7.82,4,2,4,4,4,"LHLL","LH",25,100,NA,50.6666666666667
"R_2f7ma0cQFIf15QK","HL",7.82,4,2,4,4,4,"LHLL","LL",25,100,NA,50.6666666666667
"R_2f7ma0cQFIf15QK","HL",7.82,4,2,4,4,4,"LLLL","LL",25,100,NA,50.7692307692308
"R_BQGOuzAFUMoBL3P","HL",7.82,2,1,2,6,1,"HHHH","HH",30,40,NA,41.5686274509804
"R_BQGOuzAFUMoBL3P","HL",7.82,2,1,2,6,1,"HHHL","HH",30,40,NA,51.5555555555556
"R_BQGOuzAFUMoBL3P","HL",7.82,2,1,2,6,1,"HHHL","HL",30,40,NA,48.8888888888889
"R_BQGOuzAFUMoBL3P","HL",7.82,2,1,2,6,1,"HHLH","HH",30,40,NA,59.4117647058824
"R_BQGOuzAFUMoBL3P","HL",7.82,2,1,2,6,1,"HHLH","LH",10,40,NA,41.1764705882353
"R_BQGOuzAFUMoBL3P","HL",7.82,2,1,2,6,1,"HHLL","HH",30,40,NA,62.5
"R_BQGOuzAFUMoBL3P","HL",7.82,2,1,2,6,1,"HHLL","LL",10,40,NA,38.125
"R_BQGOuzAFUMoBL3P","HL",7.82,2,1,2,6,1,"HLHL","HL",30,40,NA,49.2307692307692
"R_BQGOuzAFUMoBL3P","HL",7.82,2,1,2,6,1,"HLLH","HL",30,40,NA,72.1428571428571
"R_BQGOuzAFUMoBL3P","HL",7.82,2,1,2,6,1,"HLLH","LH",10,40,NA,28.5714285714286
"R_BQGOuzAFUMoBL3P","HL",7.82,2,1,2,6,1,"HLLL","HL",40,53.3333333333333,NA,23.8461538461538
"R_BQGOuzAFUMoBL3P","HL",7.82,2,1,2,6,1,"HLLL","LL",10,40,NA,76.9230769230769
"R_BQGOuzAFUMoBL3P","HL",7.82,2,1,2,6,1,"LHLH","LH",10,40,NA,47.0588235294118
"R_BQGOuzAFUMoBL3P","HL",7.82,2,1,2,6,1,"LHLL","LH",10,40,NA,93.3333333333333
"R_BQGOuzAFUMoBL3P","HL",7.82,2,1,2,6,1,"LHLL","LL",10,40,NA,8
"R_BQGOuzAFUMoBL3P","HL",7.82,2,1,2,6,1,"LLLL","LL",10,40,NA,92.3076923076923
"R_2Vw5pBFRpDVJs2q","HL",37.48,4,1,4,4,4,"HHHH","HH",25,33.3333333333333,NA,50.1960784313725
"R_2Vw5pBFRpDVJs2q","HL",37.48,4,1,4,4,4,"HHHL","HH",12,16,NA,56
"R_2Vw5pBFRpDVJs2q","HL",37.48,4,1,4,4,4,"HHHL","HL",25,33.3333333333333,NA,44.4444444444444
"R_2Vw5pBFRpDVJs2q","HL",37.48,4,1,4,4,4,"HHLH","HH",25,33.3333333333333,NA,41.7647058823529
"R_2Vw5pBFRpDVJs2q","HL",37.48,4,1,4,4,4,"HHLH","LH",12,48,NA,58.8235294117647
"R_2Vw5pBFRpDVJs2q","HL",37.48,4,1,4,4,4,"HHLL","HH",20,26.6666666666667,NA,50
"R_2Vw5pBFRpDVJs2q","HL",37.48,4,1,4,4,4,"HHLL","LL",10,40,NA,50.625
"R_2Vw5pBFRpDVJs2q","HL",37.48,4,1,4,4,4,"HLHL","HL",12,16,NA,50.2564102564103
"R_2Vw5pBFRpDVJs2q","HL",37.48,4,1,4,4,4,"HLLH","HL",25,33.3333333333333,NA,42.8571428571429
"R_2Vw5pBFRpDVJs2q","HL",37.48,4,1,4,4,4,"HLLH","LH",10,40,NA,57.8571428571429
"R_2Vw5pBFRpDVJs2q","HL",37.48,4,1,4,4,4,"HLLL","HL",15,20,NA,23.0769230769231
"R_2Vw5pBFRpDVJs2q","HL",37.48,4,1,4,4,4,"HLLL","LL",8,32,NA,77.6923076923077
"R_2Vw5pBFRpDVJs2q","HL",37.48,4,1,4,4,4,"LHLH","LH",8,32,NA,50.5882352941176
"R_2Vw5pBFRpDVJs2q","HL",37.48,4,1,4,4,4,"LHLL","LH",10,40,NA,53.3333333333333
"R_2Vw5pBFRpDVJs2q","HL",37.48,4,1,4,4,4,"LHLL","LL",8,32,NA,48
"R_2Vw5pBFRpDVJs2q","HL",37.48,4,1,4,4,4,"LLLL","LL",8,32,NA,50.7692307692308
"R_37YqpqrlIpfB94Z","HL",34.88,3,2,5,5,3,"HHHH","HH",30,40,NA,50.1960784313725
"R_37YqpqrlIpfB94Z","HL",34.88,3,2,5,5,3,"HHHL","HH",30,40,NA,55.5555555555556
"R_37YqpqrlIpfB94Z","HL",34.88,3,2,5,5,3,"HHHL","HL",20,26.6666666666667,NA,44.8888888888889
"R_37YqpqrlIpfB94Z","HL",34.88,3,2,5,5,3,"HHLH","HH",30,40,NA,67.0588235294118
"R_37YqpqrlIpfB94Z","HL",34.88,3,2,5,5,3,"HHLH","LH",10,40,NA,33.5294117647059
"R_37YqpqrlIpfB94Z","HL",34.88,3,2,5,5,3,"HHLL","HH",40,53.3333333333333,NA,66.875
"R_37YqpqrlIpfB94Z","HL",34.88,3,2,5,5,3,"HHLL","LL",5,20,NA,33.75
"R_37YqpqrlIpfB94Z","HL",34.88,3,2,5,5,3,"HLHL","HL",30,40,NA,50.2564102564103
"R_37YqpqrlIpfB94Z","HL",34.88,3,2,5,5,3,"HLLH","HL",35,46.6666666666667,NA,71.4285714285714
"R_37YqpqrlIpfB94Z","HL",34.88,3,2,5,5,3,"HLLH","LH",5,20,NA,29.2857142857143
"R_37YqpqrlIpfB94Z","HL",34.88,3,2,5,5,3,"HLLL","HL",30,40,NA,67.6923076923077
"R_37YqpqrlIpfB94Z","HL",34.88,3,2,5,5,3,"HLLL","LL",10,40,NA,33.0769230769231
"R_37YqpqrlIpfB94Z","HL",34.88,3,2,5,5,3,"LHLH","LH",10,40,NA,50.5882352941176
"R_37YqpqrlIpfB94Z","HL",34.88,3,2,5,5,3,"LHLL","LH",15,60,NA,61.3333333333333
"R_37YqpqrlIpfB94Z","HL",34.88,3,2,5,5,3,"LHLL","LL",10,40,NA,40
"R_37YqpqrlIpfB94Z","HL",34.88,3,2,5,5,3,"LLLL","LL",10,40,NA,50.7692307692308
"R_1nVKYOAobDXhhgZ","HL",37.48,5,1,2,7,2,"HHHH","HH",75,100,NA,50.1960784313725
"R_1nVKYOAobDXhhgZ","HL",37.48,5,1,2,7,2,"HHHL","HH",25,33.3333333333333,NA,50.2222222222222
"R_1nVKYOAobDXhhgZ","HL",37.48,5,1,2,7,2,"HHHL","HL",15,20,NA,50.2222222222222
"R_1nVKYOAobDXhhgZ","HL",37.48,5,1,2,7,2,"HHLH","HH",25,33.3333333333333,NA,50
"R_1nVKYOAobDXhhgZ","HL",37.48,5,1,2,7,2,"HHLH","LH",10,40,NA,50.5882352941176
"R_1nVKYOAobDXhhgZ","HL",37.48,5,1,2,7,2,"HHLL","HH",50,66.6666666666667,NA,50.625
"R_1nVKYOAobDXhhgZ","HL",37.48,5,1,2,7,2,"HHLL","LL",5,20,NA,50
"R_1nVKYOAobDXhhgZ","HL",37.48,5,1,2,7,2,"HLHL","HL",25,33.3333333333333,NA,50.2564102564103
"R_1nVKYOAobDXhhgZ","HL",37.48,5,1,2,7,2,"HLLH","HL",25,33.3333333333333,NA,50.7142857142857
"R_1nVKYOAobDXhhgZ","HL",37.48,5,1,2,7,2,"HLLH","LH",5,20,NA,50
"R_1nVKYOAobDXhhgZ","HL",37.48,5,1,2,7,2,"HLLL","HL",25,33.3333333333333,NA,50
"R_1nVKYOAobDXhhgZ","HL",37.48,5,1,2,7,2,"HLLL","LL",10,40,NA,50.7692307692308
"R_1nVKYOAobDXhhgZ","HL",37.48,5,1,2,7,2,"LHLH","LH",20,80,NA,50.5882352941176
"R_1nVKYOAobDXhhgZ","HL",37.48,5,1,2,7,2,"LHLL","LH",15,60,NA,50.6666666666667
"R_1nVKYOAobDXhhgZ","HL",37.48,5,1,2,7,2,"LHLL","LL",5,20,NA,50.6666666666667
"R_1nVKYOAobDXhhgZ","HL",37.48,5,1,2,7,2,"LLLL","LL",15,60,NA,50.7692307692308
"R_2XdGVrsHrLpevPI","HL",34.88,5,4,2,6,2,"HHHH","HH",75,100,NA,50.1960784313725
"R_2XdGVrsHrLpevPI","HL",34.88,5,4,2,6,2,"HHHL","HH",75,100,NA,52.4444444444444
"R_2XdGVrsHrLpevPI","HL",34.88,5,4,2,6,2,"HHHL","HL",75,100,NA,48
"R_2XdGVrsHrLpevPI","HL",34.88,5,4,2,6,2,"HHLH","HH",75,100,NA,69.4117647058823
"R_2XdGVrsHrLpevPI","HL",34.88,5,4,2,6,2,"HHLH","LH",25,100,NA,31.1764705882353
"R_2XdGVrsHrLpevPI","HL",34.88,5,4,2,6,2,"HHLL","HH",75,100,NA,68.75
"R_2XdGVrsHrLpevPI","HL",34.88,5,4,2,6,2,"HHLL","LL",25,100,NA,31.875
"R_2XdGVrsHrLpevPI","HL",34.88,5,4,2,6,2,"HLHL","HL",75,100,NA,50.2564102564103
"R_2XdGVrsHrLpevPI","HL",34.88,5,4,2,6,2,"HLLH","HL",75,100,NA,64.2857142857143
"R_2XdGVrsHrLpevPI","HL",34.88,5,4,2,6,2,"HLLH","LH",25,100,NA,36.4285714285714
"R_2XdGVrsHrLpevPI","HL",34.88,5,4,2,6,2,"HLLL","HL",75,100,NA,35.3846153846154
"R_2XdGVrsHrLpevPI","HL",34.88,5,4,2,6,2,"HLLL","LL",25,100,NA,65.3846153846154
"R_2XdGVrsHrLpevPI","HL",34.88,5,4,2,6,2,"LHLH","LH",25,100,NA,50.5882352941176
"R_2XdGVrsHrLpevPI","HL",34.88,5,4,2,6,2,"LHLL","LH",25,100,NA,54.6666666666667
"R_2XdGVrsHrLpevPI","HL",34.88,5,4,2,6,2,"LHLL","LL",25,100,NA,46.6666666666667
"R_2XdGVrsHrLpevPI","HL",34.88,5,4,2,6,2,"LLLL","LL",25,100,NA,50.7692307692308
"R_8AI7RKPSDqo7oqd","HL",28.14,4,2,4,5,3,"HHHH","HH",50,66.6666666666667,NA,50.1960784313725
"R_8AI7RKPSDqo7oqd","HL",28.14,4,2,4,5,3,"HHHL","HH",60,80,NA,62.2222222222222
"R_8AI7RKPSDqo7oqd","HL",28.14,4,2,4,5,3,"HHHL","HL",40,53.3333333333333,NA,38.2222222222222
"R_8AI7RKPSDqo7oqd","HL",28.14,4,2,4,5,3,"HHLH","HH",50,66.6666666666667,NA,41.7647058823529
"R_8AI7RKPSDqo7oqd","HL",28.14,4,2,4,5,3,"HHLH","LH",20,80,NA,58.8235294117647
"R_8AI7RKPSDqo7oqd","HL",28.14,4,2,4,5,3,"HHLL","HH",60,80,NA,38.125
"R_8AI7RKPSDqo7oqd","HL",28.14,4,2,4,5,3,"HHLL","LL",15,60,NA,62.5
"R_8AI7RKPSDqo7oqd","HL",28.14,4,2,4,5,3,"HLHL","HL",30,40,NA,50.2564102564103
"R_8AI7RKPSDqo7oqd","HL",28.14,4,2,4,5,3,"HLLH","HL",30,40,NA,35.7142857142857
"R_8AI7RKPSDqo7oqd","HL",28.14,4,2,4,5,3,"HLLH","LH",15,60,NA,65
"R_8AI7RKPSDqo7oqd","HL",28.14,4,2,4,5,3,"HLLL","HL",30,40,NA,23.8461538461538
"R_8AI7RKPSDqo7oqd","HL",28.14,4,2,4,5,3,"HLLL","LL",10,40,NA,76.9230769230769
"R_8AI7RKPSDqo7oqd","HL",28.14,4,2,4,5,3,"LHLH","LH",20,80,NA,50.5882352941176
"R_8AI7RKPSDqo7oqd","HL",28.14,4,2,4,5,3,"LHLL","LH",15,60,NA,53.3333333333333
"R_8AI7RKPSDqo7oqd","HL",28.14,4,2,4,5,3,"LHLL","LL",10,40,NA,48
"R_8AI7RKPSDqo7oqd","HL",28.14,4,2,4,5,3,"LLLL","LL",10,40,NA,50.7692307692308
"R_2WU1JDYkBUARhzB","HL",30.35,2,1,3,2,3,"HHHH","HH",20,26.6666666666667,NA,50.1960784313725
"R_2WU1JDYkBUARhzB","HL",30.35,2,1,3,2,3,"HHHL","HH",20,26.6666666666667,NA,50.2222222222222
"R_2WU1JDYkBUARhzB","HL",30.35,2,1,3,2,3,"HHHL","HL",15,20,NA,50.2222222222222
"R_2WU1JDYkBUARhzB","HL",30.35,2,1,3,2,3,"HHLH","HH",20,26.6666666666667,NA,50.2941176470588
"R_2WU1JDYkBUARhzB","HL",30.35,2,1,3,2,3,"HHLH","LH",20,80,NA,50.2941176470588
"R_2WU1JDYkBUARhzB","HL",30.35,2,1,3,2,3,"HHLL","HH",20,26.6666666666667,NA,50.3125
"R_2WU1JDYkBUARhzB","HL",30.35,2,1,3,2,3,"HHLL","LL",20,80,NA,50.3125
"R_2WU1JDYkBUARhzB","HL",30.35,2,1,3,2,3,"HLHL","HL",15,20,NA,50.2564102564103
"R_2WU1JDYkBUARhzB","HL",30.35,2,1,3,2,3,"HLLH","HL",30,40,NA,50.3571428571429
"R_2WU1JDYkBUARhzB","HL",30.35,2,1,3,2,3,"HLLH","LH",20,80,NA,50.3571428571429
"R_2WU1JDYkBUARhzB","HL",30.35,2,1,3,2,3,"HLLL","HL",20,26.6666666666667,NA,50.3846153846154
"R_2WU1JDYkBUARhzB","HL",30.35,2,1,3,2,3,"HLLL","LL",10,40,NA,50.3846153846154
"R_2WU1JDYkBUARhzB","HL",30.35,2,1,3,2,3,"LHLH","LH",10,40,NA,50.5882352941176
"R_2WU1JDYkBUARhzB","HL",30.35,2,1,3,2,3,"LHLL","LH",20,80,NA,50.6666666666667
"R_2WU1JDYkBUARhzB","HL",30.35,2,1,3,2,3,"LHLL","LL",20,80,NA,50.6666666666667
"R_2WU1JDYkBUARhzB","HL",30.35,2,1,3,2,3,"LLLL","LL",20,80,NA,50.7692307692308
"R_AoYLChQ4urzUzTj","HL",34.88,3,2,3,4,4,"HHHH","HH",75,100,NA,50.1960784313725
"R_AoYLChQ4urzUzTj","HL",34.88,3,2,3,4,4,"HHHL","HH",45,60,NA,50.2222222222222
"R_AoYLChQ4urzUzTj","HL",34.88,3,2,3,4,4,"HHHL","HL",35,46.6666666666667,NA,50.2222222222222
"R_AoYLChQ4urzUzTj","HL",34.88,3,2,3,4,4,"HHLH","HH",45,60,NA,50.5882352941176
"R_AoYLChQ4urzUzTj","HL",34.88,3,2,3,4,4,"HHLH","LH",20,80,NA,50
"R_AoYLChQ4urzUzTj","HL",34.88,3,2,3,4,4,"HHLL","HH",15,20,NA,50.625
"R_AoYLChQ4urzUzTj","HL",34.88,3,2,3,4,4,"HHLL","LL",20,80,NA,50
"R_AoYLChQ4urzUzTj","HL",34.88,3,2,3,4,4,"HLHL","HL",60,80,NA,50.2564102564103
"R_AoYLChQ4urzUzTj","HL",34.88,3,2,3,4,4,"HLLH","HL",35,46.6666666666667,NA,50.7142857142857
"R_AoYLChQ4urzUzTj","HL",34.88,3,2,3,4,4,"HLLH","LH",15,60,NA,50
"R_AoYLChQ4urzUzTj","HL",34.88,3,2,3,4,4,"HLLL","HL",15,20,NA,50.7692307692308
"R_AoYLChQ4urzUzTj","HL",34.88,3,2,3,4,4,"HLLL","LL",15,60,NA,50
"R_AoYLChQ4urzUzTj","HL",34.88,3,2,3,4,4,"LHLH","LH",25,100,NA,50.5882352941176
"R_AoYLChQ4urzUzTj","HL",34.88,3,2,3,4,4,"LHLL","LH",15,60,NA,50.6666666666667
"R_AoYLChQ4urzUzTj","HL",34.88,3,2,3,4,4,"LHLL","LL",17,68,NA,50.6666666666667
"R_AoYLChQ4urzUzTj","HL",34.88,3,2,3,4,4,"LLLL","LL",10,40,NA,50.7692307692308
"R_3dThZ1mmut411ii","HL",25.81,4,2,3,5,3,"HHHH","HH",50,66.6666666666667,NA,50.1960784313725
"R_3dThZ1mmut411ii","HL",25.81,4,2,3,5,3,"HHHL","HH",50,66.6666666666667,NA,50.2222222222222
"R_3dThZ1mmut411ii","HL",25.81,4,2,3,5,3,"HHHL","HL",75,100,NA,50.2222222222222
"R_3dThZ1mmut411ii","HL",25.81,4,2,3,5,3,"HHLH","HH",50,66.6666666666667,NA,58.8235294117647
"R_3dThZ1mmut411ii","HL",25.81,4,2,3,5,3,"HHLH","LH",25,100,NA,41.7647058823529
"R_3dThZ1mmut411ii","HL",25.81,4,2,3,5,3,"HHLL","HH",55,73.3333333333333,NA,62.5
"R_3dThZ1mmut411ii","HL",25.81,4,2,3,5,3,"HHLL","LL",25,100,NA,38.125
"R_3dThZ1mmut411ii","HL",25.81,4,2,3,5,3,"HLHL","HL",55,73.3333333333333,NA,50.2564102564103
"R_3dThZ1mmut411ii","HL",25.81,4,2,3,5,3,"HLLH","HL",75,100,NA,50.7142857142857
"R_3dThZ1mmut411ii","HL",25.81,4,2,3,5,3,"HLLH","LH",25,100,NA,50
"R_3dThZ1mmut411ii","HL",25.81,4,2,3,5,3,"HLLL","HL",55,73.3333333333333,NA,60.7692307692308
"R_3dThZ1mmut411ii","HL",25.81,4,2,3,5,3,"HLLL","LL",25,100,NA,40
"R_3dThZ1mmut411ii","HL",25.81,4,2,3,5,3,"LHLH","LH",25,100,NA,50.5882352941176
"R_3dThZ1mmut411ii","HL",25.81,4,2,3,5,3,"LHLL","LH",25,100,NA,50.6666666666667
"R_3dThZ1mmut411ii","HL",25.81,4,2,3,5,3,"LHLL","LL",25,100,NA,50.6666666666667
"R_3dThZ1mmut411ii","HL",25.81,4,2,3,5,3,"LLLL","LL",25,100,NA,50.7692307692308
"R_2f382V6FP95RWr6","HL",36.92,3,1,4,4,4,"HHHH","HH",25,33.3333333333333,NA,50.1960784313725
"R_2f382V6FP95RWr6","HL",36.92,3,1,4,4,4,"HHHL","HH",20,26.6666666666667,NA,50.2222222222222
"R_2f382V6FP95RWr6","HL",36.92,3,1,4,4,4,"HHHL","HL",20,26.6666666666667,NA,50.2222222222222
"R_2f382V6FP95RWr6","HL",36.92,3,1,4,4,4,"HHLH","HH",30,40,NA,50.2941176470588
"R_2f382V6FP95RWr6","HL",36.92,3,1,4,4,4,"HHLH","LH",5,20,NA,50.2941176470588
"R_2f382V6FP95RWr6","HL",36.92,3,1,4,4,4,"HHLL","HH",30,40,NA,50.3125
"R_2f382V6FP95RWr6","HL",36.92,3,1,4,4,4,"HHLL","LL",5,20,NA,50.3125
"R_2f382V6FP95RWr6","HL",36.92,3,1,4,4,4,"HLHL","HL",25,33.3333333333333,NA,50.2564102564103
"R_2f382V6FP95RWr6","HL",36.92,3,1,4,4,4,"HLLH","HL",30,40,NA,50.3571428571429
"R_2f382V6FP95RWr6","HL",36.92,3,1,4,4,4,"HLLH","LH",5,20,NA,50.3571428571429
"R_2f382V6FP95RWr6","HL",36.92,3,1,4,4,4,"HLLL","HL",30,40,NA,50.3846153846154
"R_2f382V6FP95RWr6","HL",36.92,3,1,4,4,4,"HLLL","LL",5,20,NA,50.3846153846154
"R_2f382V6FP95RWr6","HL",36.92,3,1,4,4,4,"LHLH","LH",5,20,NA,50.5882352941176
"R_2f382V6FP95RWr6","HL",36.92,3,1,4,4,4,"LHLL","LH",5,20,NA,50.6666666666667
"R_2f382V6FP95RWr6","HL",36.92,3,1,4,4,4,"LHLL","LL",5,20,NA,50.6666666666667
"R_2f382V6FP95RWr6","HL",36.92,3,1,4,4,4,"LLLL","LL",5,20,NA,50.7692307692308
"R_2YxoI5z4Q6KWf3a","HL",45,4,1,2,2,6,"HHHH","HH",75,100,NA,50.1960784313725
"R_2YxoI5z4Q6KWf3a","HL",45,4,1,2,2,6,"HHHL","HH",50,66.6666666666667,NA,50.2222222222222
"R_2YxoI5z4Q6KWf3a","HL",45,4,1,2,2,6,"HHHL","HL",50,66.6666666666667,NA,50.2222222222222
"R_2YxoI5z4Q6KWf3a","HL",45,4,1,2,2,6,"HHLH","HH",75,100,NA,50.5882352941176
"R_2YxoI5z4Q6KWf3a","HL",45,4,1,2,2,6,"HHLH","LH",25,100,NA,50
"R_2YxoI5z4Q6KWf3a","HL",45,4,1,2,2,6,"HHLL","HH",50,66.6666666666667,NA,50.625
"R_2YxoI5z4Q6KWf3a","HL",45,4,1,2,2,6,"HHLL","LL",5,20,NA,50
"R_2YxoI5z4Q6KWf3a","HL",45,4,1,2,2,6,"HLHL","HL",75,100,NA,50.2564102564103
"R_2YxoI5z4Q6KWf3a","HL",45,4,1,2,2,6,"HLLH","HL",50,66.6666666666667,NA,50.7142857142857
"R_2YxoI5z4Q6KWf3a","HL",45,4,1,2,2,6,"HLLH","LH",25,100,NA,50
"R_2YxoI5z4Q6KWf3a","HL",45,4,1,2,2,6,"HLLL","HL",38,50.6666666666667,NA,61.5384615384615
"R_2YxoI5z4Q6KWf3a","HL",45,4,1,2,2,6,"HLLL","LL",5,20,NA,39.2307692307692
"R_2YxoI5z4Q6KWf3a","HL",45,4,1,2,2,6,"LHLH","LH",25,100,NA,50.5882352941176
"R_2YxoI5z4Q6KWf3a","HL",45,4,1,2,2,6,"LHLL","LH",20,80,NA,50.6666666666667
"R_2YxoI5z4Q6KWf3a","HL",45,4,1,2,2,6,"LHLL","LL",5,20,NA,50.6666666666667
"R_2YxoI5z4Q6KWf3a","HL",45,4,1,2,2,6,"LLLL","LL",25,100,NA,50.7692307692308
"R_23gySaCKpwEGkFm","HL",16.26,2,2,5,3,5,"HHHH","HH",60,80,NA,49.8039215686275
"R_23gySaCKpwEGkFm","HL",16.26,2,2,5,3,5,"HHHL","HH",60,80,NA,50.2222222222222
"R_23gySaCKpwEGkFm","HL",16.26,2,2,5,3,5,"HHHL","HL",60,80,NA,50.2222222222222
"R_23gySaCKpwEGkFm","HL",16.26,2,2,5,3,5,"HHLH","HH",65,86.6666666666667,NA,58.8235294117647
"R_23gySaCKpwEGkFm","HL",16.26,2,2,5,3,5,"HHLH","LH",15,60,NA,41.7647058823529
"R_23gySaCKpwEGkFm","HL",16.26,2,2,5,3,5,"HHLL","HH",50,66.6666666666667,NA,62.5
"R_23gySaCKpwEGkFm","HL",16.26,2,2,5,3,5,"HHLL","LL",15,60,NA,38.125
"R_23gySaCKpwEGkFm","HL",16.26,2,2,5,3,5,"HLHL","HL",60,80,NA,49.2307692307692
"R_23gySaCKpwEGkFm","HL",16.26,2,2,5,3,5,"HLLH","HL",60,80,NA,71.4285714285714
"R_23gySaCKpwEGkFm","HL",16.26,2,2,5,3,5,"HLLH","LH",15,60,NA,29.2857142857143
"R_23gySaCKpwEGkFm","HL",16.26,2,2,5,3,5,"HLLL","HL",60,80,NA,76.9230769230769
"R_23gySaCKpwEGkFm","HL",16.26,2,2,5,3,5,"HLLL","LL",15,60,NA,23.8461538461538
"R_23gySaCKpwEGkFm","HL",16.26,2,2,5,3,5,"LHLH","LH",10,40,NA,50.5882352941176
"R_23gySaCKpwEGkFm","HL",16.26,2,2,5,3,5,"LHLL","LH",10,40,NA,61.3333333333333
"R_23gySaCKpwEGkFm","HL",16.26,2,2,5,3,5,"LHLL","LL",10,40,NA,40
"R_23gySaCKpwEGkFm","HL",16.26,2,2,5,3,5,"LLLL","LL",10,40,NA,50.7692307692308
"R_3fxj5fVTD535Ocx","HL",34.88,1,2,4,5,3,"HHHH","HH",75,100,NA,50.1960784313725
"R_3fxj5fVTD535Ocx","HL",34.88,1,2,4,5,3,"HHHL","HH",75,100,NA,50.2222222222222
"R_3fxj5fVTD535Ocx","HL",34.88,1,2,4,5,3,"HHHL","HL",75,100,NA,50.2222222222222
"R_3fxj5fVTD535Ocx","HL",34.88,1,2,4,5,3,"HHLH","HH",25,33.3333333333333,NA,50.2941176470588
"R_3fxj5fVTD535Ocx","HL",34.88,1,2,4,5,3,"HHLH","LH",10,40,NA,50.2941176470588
"R_3fxj5fVTD535Ocx","HL",34.88,1,2,4,5,3,"HHLL","HH",25,33.3333333333333,NA,50.3125
"R_3fxj5fVTD535Ocx","HL",34.88,1,2,4,5,3,"HHLL","LL",10,40,NA,50.3125
"R_3fxj5fVTD535Ocx","HL",34.88,1,2,4,5,3,"HLHL","HL",75,100,NA,50.2564102564103
"R_3fxj5fVTD535Ocx","HL",34.88,1,2,4,5,3,"HLLH","HL",25,33.3333333333333,NA,50.3571428571429
"R_3fxj5fVTD535Ocx","HL",34.88,1,2,4,5,3,"HLLH","LH",10,40,NA,50.3571428571429
"R_3fxj5fVTD535Ocx","HL",34.88,1,2,4,5,3,"HLLL","HL",25,33.3333333333333,NA,50.3846153846154
"R_3fxj5fVTD535Ocx","HL",34.88,1,2,4,5,3,"HLLL","LL",10,40,NA,50.3846153846154
"R_3fxj5fVTD535Ocx","HL",34.88,1,2,4,5,3,"LHLH","LH",25,100,NA,50.5882352941176
"R_3fxj5fVTD535Ocx","HL",34.88,1,2,4,5,3,"LHLL","LH",15,60,NA,50.6666666666667
"R_3fxj5fVTD535Ocx","HL",34.88,1,2,4,5,3,"LHLL","LL",10,40,NA,50.6666666666667
"R_3fxj5fVTD535Ocx","HL",34.88,1,2,4,5,3,"LLLL","LL",25,100,NA,50.7692307692308
"R_1Qg7ZRQhZdonAnt","HL",37.48,4,2,1,7,1,"HHHH","HH",75,100,NA,50.1960784313725
"R_1Qg7ZRQhZdonAnt","HL",37.48,4,2,1,7,1,"HHHL","HH",30,40,NA,50.2222222222222
"R_1Qg7ZRQhZdonAnt","HL",37.48,4,2,1,7,1,"HHHL","HL",30,40,NA,50.2222222222222
"R_1Qg7ZRQhZdonAnt","HL",37.48,4,2,1,7,1,"HHLH","HH",30,40,NA,50.5882352941176
"R_1Qg7ZRQhZdonAnt","HL",37.48,4,2,1,7,1,"HHLH","LH",10,40,NA,50
"R_1Qg7ZRQhZdonAnt","HL",37.48,4,2,1,7,1,"HHLL","HH",30,40,NA,50.625
"R_1Qg7ZRQhZdonAnt","HL",37.48,4,2,1,7,1,"HHLL","LL",10,40,NA,50
"R_1Qg7ZRQhZdonAnt","HL",37.48,4,2,1,7,1,"HLHL","HL",75,100,NA,50.2564102564103
"R_1Qg7ZRQhZdonAnt","HL",37.48,4,2,1,7,1,"HLLH","HL",30,40,NA,64.2857142857143
"R_1Qg7ZRQhZdonAnt","HL",37.48,4,2,1,7,1,"HLLH","LH",10,40,NA,36.4285714285714
"R_1Qg7ZRQhZdonAnt","HL",37.48,4,2,1,7,1,"HLLL","HL",30,40,NA,50.7692307692308
"R_1Qg7ZRQhZdonAnt","HL",37.48,4,2,1,7,1,"HLLL","LL",10,40,NA,50
"R_1Qg7ZRQhZdonAnt","HL",37.48,4,2,1,7,1,"LHLH","LH",25,100,NA,50.5882352941176
"R_1Qg7ZRQhZdonAnt","HL",37.48,4,2,1,7,1,"LHLL","LH",25,100,NA,50.6666666666667
"R_1Qg7ZRQhZdonAnt","HL",37.48,4,2,1,7,1,"LHLL","LL",25,100,NA,50.6666666666667
"R_1Qg7ZRQhZdonAnt","HL",37.48,4,2,1,7,1,"LLLL","LL",25,100,NA,50.7692307692308
"R_yF2ePnFZxCBkqL7","HL",36.12,5,1,2,6,2,"HHHH","HH",75,100,NA,50.1960784313725
"R_yF2ePnFZxCBkqL7","HL",36.12,5,1,2,6,2,"HHHL","HH",75,100,NA,50.2222222222222
"R_yF2ePnFZxCBkqL7","HL",36.12,5,1,2,6,2,"HHHL","HL",75,100,NA,50.2222222222222
"R_yF2ePnFZxCBkqL7","HL",36.12,5,1,2,6,2,"HHLH","HH",75,100,NA,50.2941176470588
"R_yF2ePnFZxCBkqL7","HL",36.12,5,1,2,6,2,"HHLH","LH",25,100,NA,50.2941176470588
"R_yF2ePnFZxCBkqL7","HL",36.12,5,1,2,6,2,"HHLL","HH",75,100,NA,50.3125
"R_yF2ePnFZxCBkqL7","HL",36.12,5,1,2,6,2,"HHLL","LL",20,80,NA,50.3125
"R_yF2ePnFZxCBkqL7","HL",36.12,5,1,2,6,2,"HLHL","HL",40,53.3333333333333,NA,50.2564102564103
"R_yF2ePnFZxCBkqL7","HL",36.12,5,1,2,6,2,"HLLH","HL",70,93.3333333333333,NA,50.3571428571429
"R_yF2ePnFZxCBkqL7","HL",36.12,5,1,2,6,2,"HLLH","LH",20,80,NA,50.3571428571429
"R_yF2ePnFZxCBkqL7","HL",36.12,5,1,2,6,2,"HLLL","HL",75,100,NA,50.3846153846154
"R_yF2ePnFZxCBkqL7","HL",36.12,5,1,2,6,2,"HLLL","LL",25,100,NA,50.3846153846154
"R_yF2ePnFZxCBkqL7","HL",36.12,5,1,2,6,2,"LHLH","LH",20,80,NA,50.5882352941176
"R_yF2ePnFZxCBkqL7","HL",36.12,5,1,2,6,2,"LHLL","LH",25,100,NA,50.6666666666667
"R_yF2ePnFZxCBkqL7","HL",36.12,5,1,2,6,2,"LHLL","LL",20,80,NA,50.6666666666667
"R_yF2ePnFZxCBkqL7","HL",36.12,5,1,2,6,2,"LLLL","LL",25,100,NA,50.7692307692308
"R_3F4FCuk3NJjRO9l","HL",37.48,5,1,2,2,1,"HHHH","HH",75,100,NA,50.1960784313725
"R_3F4FCuk3NJjRO9l","HL",37.48,5,1,2,2,1,"HHHL","HH",75,100,NA,50.2222222222222
"R_3F4FCuk3NJjRO9l","HL",37.48,5,1,2,2,1,"HHHL","HL",75,100,NA,50.2222222222222
"R_3F4FCuk3NJjRO9l","HL",37.48,5,1,2,2,1,"HHLH","HH",75,100,NA,52.9411764705882
"R_3F4FCuk3NJjRO9l","HL",37.48,5,1,2,2,1,"HHLH","LH",25,100,NA,47.6470588235294
"R_3F4FCuk3NJjRO9l","HL",37.48,5,1,2,2,1,"HHLL","HH",50,66.6666666666667,NA,56.25
"R_3F4FCuk3NJjRO9l","HL",37.48,5,1,2,2,1,"HHLL","LL",15,60,NA,44.375
"R_3F4FCuk3NJjRO9l","HL",37.48,5,1,2,2,1,"HLHL","HL",75,100,NA,50.2564102564103
"R_3F4FCuk3NJjRO9l","HL",37.48,5,1,2,2,1,"HLLH","HL",50,66.6666666666667,NA,57.8571428571429
"R_3F4FCuk3NJjRO9l","HL",37.48,5,1,2,2,1,"HLLH","LH",20,80,NA,42.8571428571429
"R_3F4FCuk3NJjRO9l","HL",37.48,5,1,2,2,1,"HLLL","HL",15,20,NA,65.3846153846154
"R_3F4FCuk3NJjRO9l","HL",37.48,5,1,2,2,1,"HLLL","LL",8,32,NA,35.3846153846154
"R_3F4FCuk3NJjRO9l","HL",37.48,5,1,2,2,1,"LHLH","LH",15,60,NA,50.5882352941176
"R_3F4FCuk3NJjRO9l","HL",37.48,5,1,2,2,1,"LHLL","LH",15,60,NA,50.6666666666667
"R_3F4FCuk3NJjRO9l","HL",37.48,5,1,2,2,1,"LHLL","LL",10,40,NA,50.6666666666667
"R_3F4FCuk3NJjRO9l","HL",37.48,5,1,2,2,1,"LLLL","LL",25,100,NA,50.7692307692308
"R_31QvSer9fTajxDY","HL",7.82,4,4,6,4,2,"HHHH","HH",25,33.3333333333333,NA,50.1960784313725
"R_31QvSer9fTajxDY","HL",7.82,4,4,6,4,2,"HHHL","HH",25,33.3333333333333,NA,50.2222222222222
"R_31QvSer9fTajxDY","HL",7.82,4,4,6,4,2,"HHHL","HL",10,13.3333333333333,NA,50.2222222222222
"R_31QvSer9fTajxDY","HL",7.82,4,4,6,4,2,"HHLH","HH",15,20,NA,65.2941176470588
"R_31QvSer9fTajxDY","HL",7.82,4,4,6,4,2,"HHLH","LH",0,0,NA,35.2941176470588
"R_31QvSer9fTajxDY","HL",7.82,4,4,6,4,2,"HHLL","HH",25,33.3333333333333,NA,68.75
"R_31QvSer9fTajxDY","HL",7.82,4,4,6,4,2,"HHLL","LL",10,40,NA,31.875
"R_31QvSer9fTajxDY","HL",7.82,4,4,6,4,2,"HLHL","HL",25,33.3333333333333,NA,50.2564102564103
"R_31QvSer9fTajxDY","HL",7.82,4,4,6,4,2,"HLLH","HL",10,13.3333333333333,NA,68.5714285714286
"R_31QvSer9fTajxDY","HL",7.82,4,4,6,4,2,"HLLH","LH",10,40,NA,32.1428571428571
"R_31QvSer9fTajxDY","HL",7.82,4,4,6,4,2,"HLLL","HL",10,13.3333333333333,NA,70
"R_31QvSer9fTajxDY","HL",7.82,4,4,6,4,2,"HLLL","LL",15,60,NA,30.7692307692308
"R_31QvSer9fTajxDY","HL",7.82,4,4,6,4,2,"LHLH","LH",20,80,NA,50.5882352941176
"R_31QvSer9fTajxDY","HL",7.82,4,4,6,4,2,"LHLL","LH",15,60,NA,50.6666666666667
"R_31QvSer9fTajxDY","HL",7.82,4,4,6,4,2,"LHLL","LL",15,60,NA,50.6666666666667
"R_31QvSer9fTajxDY","HL",7.82,4,4,6,4,2,"LLLL","LL",15,60,NA,50.7692307692308
"R_3qerjizV07uCjDW","HL",31.3,4,3,5,5,5,"HHHH","HH",50,66.6666666666667,NA,50.1960784313725
"R_3qerjizV07uCjDW","HL",31.3,4,3,5,5,5,"HHHL","HH",20,26.6666666666667,NA,56
"R_3qerjizV07uCjDW","HL",31.3,4,3,5,5,5,"HHHL","HL",36,48,NA,44.4444444444444
"R_3qerjizV07uCjDW","HL",31.3,4,3,5,5,5,"HHLH","HH",45,60,NA,64.7058823529412
"R_3qerjizV07uCjDW","HL",31.3,4,3,5,5,5,"HHLH","LH",20,80,NA,35.8823529411765
"R_3qerjizV07uCjDW","HL",31.3,4,3,5,5,5,"HHLL","HH",40,53.3333333333333,NA,57.5
"R_3qerjizV07uCjDW","HL",31.3,4,3,5,5,5,"HHLL","LL",15,60,NA,43.125
"R_3qerjizV07uCjDW","HL",31.3,4,3,5,5,5,"HLHL","HL",45,60,NA,50.2564102564103
"R_3qerjizV07uCjDW","HL",31.3,4,3,5,5,5,"HLLH","HL",27,36,NA,64.2857142857143
"R_3qerjizV07uCjDW","HL",31.3,4,3,5,5,5,"HLLH","LH",14,56,NA,36.4285714285714
"R_3qerjizV07uCjDW","HL",31.3,4,3,5,5,5,"HLLL","HL",35,46.6666666666667,NA,66.1538461538461
"R_3qerjizV07uCjDW","HL",31.3,4,3,5,5,5,"HLLL","LL",21,84,NA,34.6153846153846
"R_3qerjizV07uCjDW","HL",31.3,4,3,5,5,5,"LHLH","LH",20,80,NA,50.5882352941176
"R_3qerjizV07uCjDW","HL",31.3,4,3,5,5,5,"LHLL","LH",15,60,NA,53.3333333333333
"R_3qerjizV07uCjDW","HL",31.3,4,3,5,5,5,"LHLL","LL",15,60,NA,48
"R_3qerjizV07uCjDW","HL",31.3,4,3,5,5,5,"LLLL","LL",15,60,NA,50.7692307692308
"R_1GH9AyaOQjRPJZz","HL",7.82,4,2,1,4,1,"HHHH","HH",75,100,NA,50.1960784313725
"R_1GH9AyaOQjRPJZz","HL",7.82,4,2,1,4,1,"HHHL","HH",75,100,NA,50.6666666666667
"R_1GH9AyaOQjRPJZz","HL",7.82,4,2,1,4,1,"HHHL","HL",75,100,NA,49.7777777777778
"R_1GH9AyaOQjRPJZz","HL",7.82,4,2,1,4,1,"HHLH","HH",20,26.6666666666667,NA,55.8823529411765
"R_1GH9AyaOQjRPJZz","HL",7.82,4,2,1,4,1,"HHLH","LH",25,100,NA,44.7058823529412
"R_1GH9AyaOQjRPJZz","HL",7.82,4,2,1,4,1,"HHLL","HH",20,26.6666666666667,NA,62.5
"R_1GH9AyaOQjRPJZz","HL",7.82,4,2,1,4,1,"HHLL","LL",25,100,NA,38.125
"R_1GH9AyaOQjRPJZz","HL",7.82,4,2,1,4,1,"HLHL","HL",75,100,NA,50.2564102564103
"R_1GH9AyaOQjRPJZz","HL",7.82,4,2,1,4,1,"HLLH","HL",20,26.6666666666667,NA,64.2857142857143
"R_1GH9AyaOQjRPJZz","HL",7.82,4,2,1,4,1,"HLLH","LH",25,100,NA,36.4285714285714
"R_1GH9AyaOQjRPJZz","HL",7.82,4,2,1,4,1,"HLLL","HL",20,26.6666666666667,NA,61.5384615384615
"R_1GH9AyaOQjRPJZz","HL",7.82,4,2,1,4,1,"HLLL","LL",25,100,NA,39.2307692307692
"R_1GH9AyaOQjRPJZz","HL",7.82,4,2,1,4,1,"LHLH","LH",25,100,NA,50.5882352941176
"R_1GH9AyaOQjRPJZz","HL",7.82,4,2,1,4,1,"LHLL","LH",25,100,NA,50.6666666666667
"R_1GH9AyaOQjRPJZz","HL",7.82,4,2,1,4,1,"LHLL","LL",25,100,NA,50.6666666666667
"R_1GH9AyaOQjRPJZz","HL",7.82,4,2,1,4,1,"LLLL","LL",25,100,NA,50.7692307692308
"R_e4KkVgxfKk1vKWB","HL",34.88,4,2,5,4,3,"HHHH","HH",50,66.6666666666667,NA,50.1960784313725
"R_e4KkVgxfKk1vKWB","HL",34.88,4,2,5,4,3,"HHHL","HH",50,66.6666666666667,NA,55.5555555555556
"R_e4KkVgxfKk1vKWB","HL",34.88,4,2,5,4,3,"HHHL","HL",50,66.6666666666667,NA,44.8888888888889
"R_e4KkVgxfKk1vKWB","HL",34.88,4,2,5,4,3,"HHLH","HH",15,20,NA,58.8235294117647
"R_e4KkVgxfKk1vKWB","HL",34.88,4,2,5,4,3,"HHLH","LH",10,40,NA,41.7647058823529
"R_e4KkVgxfKk1vKWB","HL",34.88,4,2,5,4,3,"HHLL","HH",15,20,NA,69.375
"R_e4KkVgxfKk1vKWB","HL",34.88,4,2,5,4,3,"HHLL","LL",10,40,NA,31.25
"R_e4KkVgxfKk1vKWB","HL",34.88,4,2,5,4,3,"HLHL","HL",50,66.6666666666667,NA,50.2564102564103
"R_e4KkVgxfKk1vKWB","HL",34.88,4,2,5,4,3,"HLLH","HL",20,26.6666666666667,NA,65
"R_e4KkVgxfKk1vKWB","HL",34.88,4,2,5,4,3,"HLLH","LH",10,40,NA,35.7142857142857
"R_e4KkVgxfKk1vKWB","HL",34.88,4,2,5,4,3,"HLLL","HL",20,26.6666666666667,NA,75.3846153846154
"R_e4KkVgxfKk1vKWB","HL",34.88,4,2,5,4,3,"HLLL","LL",10,40,NA,25.3846153846154
"R_e4KkVgxfKk1vKWB","HL",34.88,4,2,5,4,3,"LHLH","LH",10,40,NA,50.5882352941176
"R_e4KkVgxfKk1vKWB","HL",34.88,4,2,5,4,3,"LHLL","LH",10,40,NA,53.3333333333333
"R_e4KkVgxfKk1vKWB","HL",34.88,4,2,5,4,3,"LHLL","LL",10,40,NA,48
"R_e4KkVgxfKk1vKWB","HL",34.88,4,2,5,4,3,"LLLL","LL",10,40,NA,50.7692307692308
"R_1oqkzT2YCfCHLec","HL",45,5,2,4,3,5,"HHHH","HH",50,66.6666666666667,NA,50.1960784313725
"R_1oqkzT2YCfCHLec","HL",45,5,2,4,3,5,"HHHL","HH",30,40,NA,56.8888888888889
"R_1oqkzT2YCfCHLec","HL",45,5,2,4,3,5,"HHHL","HL",30,40,NA,43.5555555555556
"R_1oqkzT2YCfCHLec","HL",45,5,2,4,3,5,"HHLH","HH",30,40,NA,75.2941176470588
"R_1oqkzT2YCfCHLec","HL",45,5,2,4,3,5,"HHLH","LH",25,100,NA,25.2941176470588
"R_1oqkzT2YCfCHLec","HL",45,5,2,4,3,5,"HHLL","HH",20,26.6666666666667,NA,75.625
"R_1oqkzT2YCfCHLec","HL",45,5,2,4,3,5,"HHLL","LL",25,100,NA,25
"R_1oqkzT2YCfCHLec","HL",45,5,2,4,3,5,"HLHL","HL",30,40,NA,50.2564102564103
"R_1oqkzT2YCfCHLec","HL",45,5,2,4,3,5,"HLLH","HL",30,40,NA,64.2857142857143
"R_1oqkzT2YCfCHLec","HL",45,5,2,4,3,5,"HLLH","LH",25,100,NA,36.4285714285714
"R_1oqkzT2YCfCHLec","HL",45,5,2,4,3,5,"HLLL","HL",20,26.6666666666667,NA,69.2307692307692
"R_1oqkzT2YCfCHLec","HL",45,5,2,4,3,5,"HLLL","LL",10,40,NA,31.5384615384615
"R_1oqkzT2YCfCHLec","HL",45,5,2,4,3,5,"LHLH","LH",25,100,NA,50.5882352941176
"R_1oqkzT2YCfCHLec","HL",45,5,2,4,3,5,"LHLL","LH",25,100,NA,57.3333333333333
"R_1oqkzT2YCfCHLec","HL",45,5,2,4,3,5,"LHLL","LL",25,100,NA,44
"R_1oqkzT2YCfCHLec","HL",45,5,2,4,3,5,"LLLL","LL",10,40,NA,50.7692307692308
"R_1K29InYHZ1fep9X","HL",45,4,2,2,4,2,"HHHH","HH",38,50.6666666666667,NA,50.1960784313725
"R_1K29InYHZ1fep9X","HL",45,4,2,2,4,2,"HHHL","HH",38,50.6666666666667,NA,50.2222222222222
"R_1K29InYHZ1fep9X","HL",45,4,2,2,4,2,"HHHL","HL",38,50.6666666666667,NA,50.2222222222222
"R_1K29InYHZ1fep9X","HL",45,4,2,2,4,2,"HHLH","HH",38,50.6666666666667,NA,50.5882352941176
"R_1K29InYHZ1fep9X","HL",45,4,2,2,4,2,"HHLH","LH",25,100,NA,50
"R_1K29InYHZ1fep9X","HL",45,4,2,2,4,2,"HHLL","HH",38,50.6666666666667,NA,50.625
"R_1K29InYHZ1fep9X","HL",45,4,2,2,4,2,"HHLL","LL",25,100,NA,50
"R_1K29InYHZ1fep9X","HL",45,4,2,2,4,2,"HLHL","HL",38,50.6666666666667,NA,50.2564102564103
"R_1K29InYHZ1fep9X","HL",45,4,2,2,4,2,"HLLH","HL",38,50.6666666666667,NA,50.7142857142857
"R_1K29InYHZ1fep9X","HL",45,4,2,2,4,2,"HLLH","LH",25,100,NA,50
"R_1K29InYHZ1fep9X","HL",45,4,2,2,4,2,"HLLL","HL",38,50.6666666666667,NA,50.7692307692308
"R_1K29InYHZ1fep9X","HL",45,4,2,2,4,2,"HLLL","LL",25,100,NA,50
"R_1K29InYHZ1fep9X","HL",45,4,2,2,4,2,"LHLH","LH",25,100,NA,50.5882352941176
"R_1K29InYHZ1fep9X","HL",45,4,2,2,4,2,"LHLL","LH",25,100,NA,50.6666666666667
"R_1K29InYHZ1fep9X","HL",45,4,2,2,4,2,"LHLL","LL",25,100,NA,50.6666666666667
"R_1K29InYHZ1fep9X","HL",45,4,2,2,4,2,"LLLL","LL",25,100,NA,50.7692307692308
"R_1PTNFpne9N1AHmv","HL",34.88,5,2,2,2,2,"HHHH","HH",50,66.6666666666667,NA,50.1960784313725
"R_1PTNFpne9N1AHmv","HL",34.88,5,2,2,2,2,"HHHL","HH",50,66.6666666666667,NA,56.8888888888889
"R_1PTNFpne9N1AHmv","HL",34.88,5,2,2,2,2,"HHHL","HL",50,66.6666666666667,NA,43.5555555555556
"R_1PTNFpne9N1AHmv","HL",34.88,5,2,2,2,2,"HHLH","HH",25,33.3333333333333,NA,75.2941176470588
"R_1PTNFpne9N1AHmv","HL",34.88,5,2,2,2,2,"HHLH","LH",25,100,NA,25.2941176470588
"R_1PTNFpne9N1AHmv","HL",34.88,5,2,2,2,2,"HHLL","HH",50,66.6666666666667,NA,80
"R_1PTNFpne9N1AHmv","HL",34.88,5,2,2,2,2,"HHLL","LL",25,100,NA,20.625
"R_1PTNFpne9N1AHmv","HL",34.88,5,2,2,2,2,"HLHL","HL",50,66.6666666666667,NA,50.2564102564103
"R_1PTNFpne9N1AHmv","HL",34.88,5,2,2,2,2,"HLLH","HL",50,66.6666666666667,NA,67.8571428571429
"R_1PTNFpne9N1AHmv","HL",34.88,5,2,2,2,2,"HLLH","LH",25,100,NA,32.8571428571429
"R_1PTNFpne9N1AHmv","HL",34.88,5,2,2,2,2,"HLLL","HL",25,33.3333333333333,NA,75.3846153846154
"R_1PTNFpne9N1AHmv","HL",34.88,5,2,2,2,2,"HLLL","LL",25,100,NA,25.3846153846154
"R_1PTNFpne9N1AHmv","HL",34.88,5,2,2,2,2,"LHLH","LH",25,100,NA,50.5882352941176
"R_1PTNFpne9N1AHmv","HL",34.88,5,2,2,2,2,"LHLL","LH",25,100,NA,44
"R_1PTNFpne9N1AHmv","HL",34.88,5,2,2,2,2,"LHLL","LL",25,100,NA,57.3333333333333
"R_1PTNFpne9N1AHmv","HL",34.88,5,2,2,2,2,"LLLL","LL",25,100,NA,50.7692307692308
"R_2zYYEgN1Dr4FG8G","HL",16.26,3,2,2,6,2,"HHHH","HH",75,100,NA,50.1960784313725
"R_2zYYEgN1Dr4FG8G","HL",16.26,3,2,2,6,2,"HHHL","HH",75,100,NA,50.2222222222222
"R_2zYYEgN1Dr4FG8G","HL",16.26,3,2,2,6,2,"HHHL","HL",75,100,NA,50.2222222222222
"R_2zYYEgN1Dr4FG8G","HL",16.26,3,2,2,6,2,"HHLH","HH",75,100,NA,50.5882352941176
"R_2zYYEgN1Dr4FG8G","HL",16.26,3,2,2,6,2,"HHLH","LH",25,100,NA,50
"R_2zYYEgN1Dr4FG8G","HL",16.26,3,2,2,6,2,"HHLL","HH",75,100,NA,50.625
"R_2zYYEgN1Dr4FG8G","HL",16.26,3,2,2,6,2,"HHLL","LL",25,100,NA,50
"R_2zYYEgN1Dr4FG8G","HL",16.26,3,2,2,6,2,"HLHL","HL",75,100,NA,50.2564102564103
"R_2zYYEgN1Dr4FG8G","HL",16.26,3,2,2,6,2,"HLLH","HL",75,100,NA,50.7142857142857
"R_2zYYEgN1Dr4FG8G","HL",16.26,3,2,2,6,2,"HLLH","LH",25,100,NA,50
"R_2zYYEgN1Dr4FG8G","HL",16.26,3,2,2,6,2,"HLLL","HL",75,100,NA,50.7692307692308
"R_2zYYEgN1Dr4FG8G","HL",16.26,3,2,2,6,2,"HLLL","LL",25,100,NA,50
"R_2zYYEgN1Dr4FG8G","HL",16.26,3,2,2,6,2,"LHLH","LH",25,100,NA,50.5882352941176
"R_2zYYEgN1Dr4FG8G","HL",16.26,3,2,2,6,2,"LHLL","LH",25,100,NA,50.6666666666667
"R_2zYYEgN1Dr4FG8G","HL",16.26,3,2,2,6,2,"LHLL","LL",25,100,NA,50.6666666666667
"R_2zYYEgN1Dr4FG8G","HL",16.26,3,2,2,6,2,"LLLL","LL",25,100,NA,50.7692307692308
"R_2bGYlJVwJVd6Du3","HL",6.99,5,1,1,6,2,"HHHH","HH",75,100,NA,50.1960784313725
"R_2bGYlJVwJVd6Du3","HL",6.99,5,1,1,6,2,"HHHL","HH",40,53.3333333333333,NA,50.2222222222222
"R_2bGYlJVwJVd6Du3","HL",6.99,5,1,1,6,2,"HHHL","HL",35,46.6666666666667,NA,50.2222222222222
"R_2bGYlJVwJVd6Du3","HL",6.99,5,1,1,6,2,"HHLH","HH",35,46.6666666666667,NA,64.7058823529412
"R_2bGYlJVwJVd6Du3","HL",6.99,5,1,1,6,2,"HHLH","LH",5,20,NA,35.8823529411765
"R_2bGYlJVwJVd6Du3","HL",6.99,5,1,1,6,2,"HHLL","HH",25,33.3333333333333,NA,62.5
"R_2bGYlJVwJVd6Du3","HL",6.99,5,1,1,6,2,"HHLL","LL",3,12,NA,38.125
"R_2bGYlJVwJVd6Du3","HL",6.99,5,1,1,6,2,"HLHL","HL",75,100,NA,50.2564102564103
"R_2bGYlJVwJVd6Du3","HL",6.99,5,1,1,6,2,"HLLH","HL",25,33.3333333333333,NA,64.2857142857143
"R_2bGYlJVwJVd6Du3","HL",6.99,5,1,1,6,2,"HLLH","LH",7,28,NA,36.4285714285714
"R_2bGYlJVwJVd6Du3","HL",6.99,5,1,1,6,2,"HLLL","HL",30,40,NA,69.2307692307692
"R_2bGYlJVwJVd6Du3","HL",6.99,5,1,1,6,2,"HLLL","LL",5,20,NA,31.5384615384615
"R_2bGYlJVwJVd6Du3","HL",6.99,5,1,1,6,2,"LHLH","LH",25,100,NA,50.5882352941176
"R_2bGYlJVwJVd6Du3","HL",6.99,5,1,1,6,2,"LHLL","LH",10,40,NA,50.6666666666667
"R_2bGYlJVwJVd6Du3","HL",6.99,5,1,1,6,2,"LHLL","LL",8,32,NA,50.6666666666667
"R_2bGYlJVwJVd6Du3","HL",6.99,5,1,1,6,2,"LLLL","LL",25,100,NA,50.7692307692308
"R_30e3i4XxCRMkkTn","HL",45.21,4,5,2,6,4,"HHHH","HH",50,66.6666666666667,NA,50.1960784313725
"R_30e3i4XxCRMkkTn","HL",45.21,4,5,2,6,4,"HHHL","HH",25,33.3333333333333,NA,43.5555555555556
"R_30e3i4XxCRMkkTn","HL",45.21,4,5,2,6,4,"HHHL","HL",40,53.3333333333333,NA,56.8888888888889
"R_30e3i4XxCRMkkTn","HL",45.21,4,5,2,6,4,"HHLH","HH",20,26.6666666666667,NA,25.2941176470588
"R_30e3i4XxCRMkkTn","HL",45.21,4,5,2,6,4,"HHLH","LH",10,40,NA,75.2941176470588
"R_30e3i4XxCRMkkTn","HL",45.21,4,5,2,6,4,"HHLL","HH",15,20,NA,80
"R_30e3i4XxCRMkkTn","HL",45.21,4,5,2,6,4,"HHLL","LL",25,100,NA,20.625
"R_30e3i4XxCRMkkTn","HL",45.21,4,5,2,6,4,"HLHL","HL",40,53.3333333333333,NA,50.2564102564103
"R_30e3i4XxCRMkkTn","HL",45.21,4,5,2,6,4,"HLLH","HL",25,33.3333333333333,NA,70
"R_30e3i4XxCRMkkTn","HL",45.21,4,5,2,6,4,"HLLH","LH",10,40,NA,30.7142857142857
"R_30e3i4XxCRMkkTn","HL",45.21,4,5,2,6,4,"HLLL","HL",20,26.6666666666667,NA,25.3846153846154
"R_30e3i4XxCRMkkTn","HL",45.21,4,5,2,6,4,"HLLL","LL",25,100,NA,75.3846153846154
"R_30e3i4XxCRMkkTn","HL",45.21,4,5,2,6,4,"LHLH","LH",20,80,NA,50.5882352941176
"R_30e3i4XxCRMkkTn","HL",45.21,4,5,2,6,4,"LHLL","LH",15,60,NA,57.3333333333333
"R_30e3i4XxCRMkkTn","HL",45.21,4,5,2,6,4,"LHLL","LL",20,80,NA,44
"R_30e3i4XxCRMkkTn","HL",45.21,4,5,2,6,4,"LLLL","LL",15,60,NA,50.7692307692308
"R_1OZUJTzcE18xVAq","HL",23.89,1,3,7,4,7,"HHHH","HH",15,20,NA,50.1960784313725
"R_1OZUJTzcE18xVAq","HL",23.89,1,3,7,4,7,"HHHL","HH",20,26.6666666666667,NA,43.5555555555556
"R_1OZUJTzcE18xVAq","HL",23.89,1,3,7,4,7,"HHHL","HL",20,26.6666666666667,NA,56.8888888888889
"R_1OZUJTzcE18xVAq","HL",23.89,1,3,7,4,7,"HHLH","HH",10,13.3333333333333,NA,56.4705882352941
"R_1OZUJTzcE18xVAq","HL",23.89,1,3,7,4,7,"HHLH","LH",10,40,NA,44.1176470588235
"R_1OZUJTzcE18xVAq","HL",23.89,1,3,7,4,7,"HHLL","HH",10,13.3333333333333,NA,80
"R_1OZUJTzcE18xVAq","HL",23.89,1,3,7,4,7,"HHLL","LL",10,40,NA,20.625
"R_1OZUJTzcE18xVAq","HL",23.89,1,3,7,4,7,"HLHL","HL",10,13.3333333333333,NA,50.2564102564103
"R_1OZUJTzcE18xVAq","HL",23.89,1,3,7,4,7,"HLLH","HL",10,13.3333333333333,NA,70
"R_1OZUJTzcE18xVAq","HL",23.89,1,3,7,4,7,"HLLH","LH",15,60,NA,30.7142857142857
"R_1OZUJTzcE18xVAq","HL",23.89,1,3,7,4,7,"HLLL","HL",10,13.3333333333333,NA,75.3846153846154
"R_1OZUJTzcE18xVAq","HL",23.89,1,3,7,4,7,"HLLL","LL",15,60,NA,25.3846153846154
"R_1OZUJTzcE18xVAq","HL",23.89,1,3,7,4,7,"LHLH","LH",10,40,NA,50.5882352941176
"R_1OZUJTzcE18xVAq","HL",23.89,1,3,7,4,7,"LHLL","LH",15,60,NA,57.3333333333333
"R_1OZUJTzcE18xVAq","HL",23.89,1,3,7,4,7,"LHLL","LL",15,60,NA,44
"R_1OZUJTzcE18xVAq","HL",23.89,1,3,7,4,7,"LLLL","LL",10,40,NA,50.7692307692308
"R_Xqbu460XwHADi8x","HL",34.88,4,2,4,5,3,"HHHH","HH",75,100,NA,50.1960784313725
"R_Xqbu460XwHADi8x","HL",34.88,4,2,4,5,3,"HHHL","HH",75,100,NA,50.2222222222222
"R_Xqbu460XwHADi8x","HL",34.88,4,2,4,5,3,"HHHL","HL",75,100,NA,50.2222222222222
"R_Xqbu460XwHADi8x","HL",34.88,4,2,4,5,3,"HHLH","HH",50,66.6666666666667,NA,50.5882352941176
"R_Xqbu460XwHADi8x","HL",34.88,4,2,4,5,3,"HHLH","LH",25,100,NA,50
"R_Xqbu460XwHADi8x","HL",34.88,4,2,4,5,3,"HHLL","HH",50,66.6666666666667,NA,50.625
"R_Xqbu460XwHADi8x","HL",34.88,4,2,4,5,3,"HHLL","LL",25,100,NA,50
"R_Xqbu460XwHADi8x","HL",34.88,4,2,4,5,3,"HLHL","HL",75,100,NA,50.2564102564103
"R_Xqbu460XwHADi8x","HL",34.88,4,2,4,5,3,"HLLH","HL",75,100,NA,50.7142857142857
"R_Xqbu460XwHADi8x","HL",34.88,4,2,4,5,3,"HLLH","LH",25,100,NA,50
"R_Xqbu460XwHADi8x","HL",34.88,4,2,4,5,3,"HLLL","HL",75,100,NA,50.7692307692308
"R_Xqbu460XwHADi8x","HL",34.88,4,2,4,5,3,"HLLL","LL",25,100,NA,50
"R_Xqbu460XwHADi8x","HL",34.88,4,2,4,5,3,"LHLH","LH",25,100,NA,50.5882352941176
"R_Xqbu460XwHADi8x","HL",34.88,4,2,4,5,3,"LHLL","LH",25,100,NA,50.6666666666667
"R_Xqbu460XwHADi8x","HL",34.88,4,2,4,5,3,"LHLL","LL",25,100,NA,50.6666666666667
"R_Xqbu460XwHADi8x","HL",34.88,4,2,4,5,3,"LLLL","LL",25,100,NA,50.7692307692308
"R_82eszKjW0QhVYjL","HL",29.2,2,1,6,1,6,"HHHH","HH",30,40,NA,50.1960784313725
"R_82eszKjW0QhVYjL","HL",29.2,2,1,6,1,6,"HHHL","HH",30,40,NA,50.2222222222222
"R_82eszKjW0QhVYjL","HL",29.2,2,1,6,1,6,"HHHL","HL",35,46.6666666666667,NA,50.2222222222222
"R_82eszKjW0QhVYjL","HL",29.2,2,1,6,1,6,"HHLH","HH",25,33.3333333333333,NA,50.2941176470588
"R_82eszKjW0QhVYjL","HL",29.2,2,1,6,1,6,"HHLH","LH",10,40,NA,50.2941176470588
"R_82eszKjW0QhVYjL","HL",29.2,2,1,6,1,6,"HHLL","HH",30,40,NA,50.3125
"R_82eszKjW0QhVYjL","HL",29.2,2,1,6,1,6,"HHLL","LL",10,40,NA,50.3125
"R_82eszKjW0QhVYjL","HL",29.2,2,1,6,1,6,"HLHL","HL",20,26.6666666666667,NA,50.2564102564103
"R_82eszKjW0QhVYjL","HL",29.2,2,1,6,1,6,"HLLH","HL",40,53.3333333333333,NA,50.3571428571429
"R_82eszKjW0QhVYjL","HL",29.2,2,1,6,1,6,"HLLH","LH",15,60,NA,50.3571428571429
"R_82eszKjW0QhVYjL","HL",29.2,2,1,6,1,6,"HLLL","HL",25,33.3333333333333,NA,50.3846153846154
"R_82eszKjW0QhVYjL","HL",29.2,2,1,6,1,6,"HLLL","LL",20,80,NA,50.3846153846154
"R_82eszKjW0QhVYjL","HL",29.2,2,1,6,1,6,"LHLH","LH",15,60,NA,50.5882352941176
"R_82eszKjW0QhVYjL","HL",29.2,2,1,6,1,6,"LHLL","LH",20,80,NA,50.6666666666667
"R_82eszKjW0QhVYjL","HL",29.2,2,1,6,1,6,"LHLL","LL",15,60,NA,50.6666666666667
"R_82eszKjW0QhVYjL","HL",29.2,2,1,6,1,6,"LLLL","LL",10,40,NA,50.7692307692308
"R_8kobkTS4h3Vup6F","HL",37.48,4,1,5,3,5,"HHHH","HH",60,80,NA,50.1960784313725
"R_8kobkTS4h3Vup6F","HL",37.48,4,1,5,3,5,"HHHL","HH",50,66.6666666666667,NA,56.8888888888889
"R_8kobkTS4h3Vup6F","HL",37.48,4,1,5,3,5,"HHHL","HL",60,80,NA,43.5555555555556
"R_8kobkTS4h3Vup6F","HL",37.48,4,1,5,3,5,"HHLH","HH",50,66.6666666666667,NA,75.2941176470588
"R_8kobkTS4h3Vup6F","HL",37.48,4,1,5,3,5,"HHLH","LH",20,80,NA,25.2941176470588
"R_8kobkTS4h3Vup6F","HL",37.48,4,1,5,3,5,"HHLL","HH",50,66.6666666666667,NA,80
"R_8kobkTS4h3Vup6F","HL",37.48,4,1,5,3,5,"HHLL","LL",15,60,NA,20.625
"R_8kobkTS4h3Vup6F","HL",37.48,4,1,5,3,5,"HLHL","HL",50,66.6666666666667,NA,50.2564102564103
"R_8kobkTS4h3Vup6F","HL",37.48,4,1,5,3,5,"HLLH","HL",25,33.3333333333333,NA,50.7142857142857
"R_8kobkTS4h3Vup6F","HL",37.48,4,1,5,3,5,"HLLH","LH",15,60,NA,50
"R_8kobkTS4h3Vup6F","HL",37.48,4,1,5,3,5,"HLLL","HL",25,33.3333333333333,NA,75.3846153846154
"R_8kobkTS4h3Vup6F","HL",37.48,4,1,5,3,5,"HLLL","LL",25,100,NA,25.3846153846154
"R_8kobkTS4h3Vup6F","HL",37.48,4,1,5,3,5,"LHLH","LH",20,80,NA,50.5882352941176
"R_8kobkTS4h3Vup6F","HL",37.48,4,1,5,3,5,"LHLL","LH",15,60,NA,44
"R_8kobkTS4h3Vup6F","HL",37.48,4,1,5,3,5,"LHLL","LL",15,60,NA,57.3333333333333
"R_8kobkTS4h3Vup6F","HL",37.48,4,1,5,3,5,"LLLL","LL",15,60,NA,50.7692307692308
"R_11ZK59RlAQVw2yp","HL",7.82,4,4,5,3,3,"HHHH","HH",75,100,NA,50.1960784313725
"R_11ZK59RlAQVw2yp","HL",7.82,4,4,5,3,3,"HHHL","HH",40,53.3333333333333,NA,50.2222222222222
"R_11ZK59RlAQVw2yp","HL",7.82,4,4,5,3,3,"HHHL","HL",35,46.6666666666667,NA,50.2222222222222
"R_11ZK59RlAQVw2yp","HL",7.82,4,4,5,3,3,"HHLH","HH",35,46.6666666666667,NA,59.4117647058824
"R_11ZK59RlAQVw2yp","HL",7.82,4,4,5,3,3,"HHLH","LH",15,60,NA,41.1764705882353
"R_11ZK59RlAQVw2yp","HL",7.82,4,4,5,3,3,"HHLL","HH",40,53.3333333333333,NA,62.5
"R_11ZK59RlAQVw2yp","HL",7.82,4,4,5,3,3,"HHLL","LL",15,60,NA,38.125
"R_11ZK59RlAQVw2yp","HL",7.82,4,4,5,3,3,"HLHL","HL",40,53.3333333333333,NA,50.2564102564103
"R_11ZK59RlAQVw2yp","HL",7.82,4,4,5,3,3,"HLLH","HL",30,40,NA,50.7142857142857
"R_11ZK59RlAQVw2yp","HL",7.82,4,4,5,3,3,"HLLH","LH",15,60,NA,50
"R_11ZK59RlAQVw2yp","HL",7.82,4,4,5,3,3,"HLLL","HL",40,53.3333333333333,NA,69.2307692307692
"R_11ZK59RlAQVw2yp","HL",7.82,4,4,5,3,3,"HLLL","LL",15,60,NA,31.5384615384615
"R_11ZK59RlAQVw2yp","HL",7.82,4,4,5,3,3,"LHLH","LH",20,80,NA,50.5882352941176
"R_11ZK59RlAQVw2yp","HL",7.82,4,4,5,3,3,"LHLL","LH",15,60,NA,50.6666666666667
"R_11ZK59RlAQVw2yp","HL",7.82,4,4,5,3,3,"LHLL","LL",10,40,NA,50.6666666666667
"R_11ZK59RlAQVw2yp","HL",7.82,4,4,5,3,3,"LLLL","LL",15,60,NA,50.7692307692308
"R_vVyGgOZBbkbDgxb","HL",28.48,5,1,1,7,1,"HHHH","HH",40,53.3333333333333,NA,50.1960784313725
"R_vVyGgOZBbkbDgxb","HL",28.48,5,1,1,7,1,"HHHL","HH",35,46.6666666666667,NA,51.5555555555556
"R_vVyGgOZBbkbDgxb","HL",28.48,5,1,1,7,1,"HHHL","HL",30,40,NA,48.8888888888889
"R_vVyGgOZBbkbDgxb","HL",28.48,5,1,1,7,1,"HHLH","HH",40,53.3333333333333,NA,41.7647058823529
"R_vVyGgOZBbkbDgxb","HL",28.48,5,1,1,7,1,"HHLH","LH",10,40,NA,58.8235294117647
"R_vVyGgOZBbkbDgxb","HL",28.48,5,1,1,7,1,"HHLL","HH",35,46.6666666666667,NA,69.375
"R_vVyGgOZBbkbDgxb","HL",28.48,5,1,1,7,1,"HHLL","LL",10,40,NA,31.25
"R_vVyGgOZBbkbDgxb","HL",28.48,5,1,1,7,1,"HLHL","HL",30,40,NA,50.2564102564103
"R_vVyGgOZBbkbDgxb","HL",28.48,5,1,1,7,1,"HLLH","HL",30,40,NA,65
"R_vVyGgOZBbkbDgxb","HL",28.48,5,1,1,7,1,"HLLH","LH",10,40,NA,35.7142857142857
"R_vVyGgOZBbkbDgxb","HL",28.48,5,1,1,7,1,"HLLL","HL",30,40,NA,53.8461538461538
"R_vVyGgOZBbkbDgxb","HL",28.48,5,1,1,7,1,"HLLL","LL",10,40,NA,46.9230769230769
"R_vVyGgOZBbkbDgxb","HL",28.48,5,1,1,7,1,"LHLH","LH",10,40,NA,50.5882352941176
"R_vVyGgOZBbkbDgxb","HL",28.48,5,1,1,7,1,"LHLL","LH",10,40,NA,52
"R_vVyGgOZBbkbDgxb","HL",28.48,5,1,1,7,1,"LHLL","LL",10,40,NA,49.3333333333333
"R_vVyGgOZBbkbDgxb","HL",28.48,5,1,1,7,1,"LLLL","LL",15,60,NA,50.7692307692308
"R_doOLaWOnN44rhU5","HL",45,1,2,5,5,5,"HHHH","HH",50,66.6666666666667,NA,50.1960784313725
"R_doOLaWOnN44rhU5","HL",45,1,2,5,5,5,"HHHL","HH",50,66.6666666666667,NA,50.2222222222222
"R_doOLaWOnN44rhU5","HL",45,1,2,5,5,5,"HHHL","HL",50,66.6666666666667,NA,50.2222222222222
"R_doOLaWOnN44rhU5","HL",45,1,2,5,5,5,"HHLH","HH",25,33.3333333333333,NA,75.2941176470588
"R_doOLaWOnN44rhU5","HL",45,1,2,5,5,5,"HHLH","LH",15,60,NA,25.2941176470588
"R_doOLaWOnN44rhU5","HL",45,1,2,5,5,5,"HHLL","HH",25,33.3333333333333,NA,31.25
"R_doOLaWOnN44rhU5","HL",45,1,2,5,5,5,"HHLL","LL",15,60,NA,69.375
"R_doOLaWOnN44rhU5","HL",45,1,2,5,5,5,"HLHL","HL",50,66.6666666666667,NA,50.2564102564103
"R_doOLaWOnN44rhU5","HL",45,1,2,5,5,5,"HLLH","HL",25,33.3333333333333,NA,47.1428571428571
"R_doOLaWOnN44rhU5","HL",45,1,2,5,5,5,"HLLH","LH",15,60,NA,53.5714285714286
"R_doOLaWOnN44rhU5","HL",45,1,2,5,5,5,"HLLL","HL",25,33.3333333333333,NA,57.6923076923077
"R_doOLaWOnN44rhU5","HL",45,1,2,5,5,5,"HLLL","LL",15,60,NA,43.0769230769231
"R_doOLaWOnN44rhU5","HL",45,1,2,5,5,5,"LHLH","LH",15,60,NA,50.5882352941176
"R_doOLaWOnN44rhU5","HL",45,1,2,5,5,5,"LHLL","LH",15,60,NA,50.6666666666667
"R_doOLaWOnN44rhU5","HL",45,1,2,5,5,5,"LHLL","LL",15,60,NA,50.6666666666667
"R_doOLaWOnN44rhU5","HL",45,1,2,5,5,5,"LLLL","LL",15,60,NA,50.7692307692308
"R_3nc0e0j40OuIzcV","HL",15.48,3,1,4,4,4,"HHHH","HH",20,26.6666666666667,NA,49.0196078431373
"R_3nc0e0j40OuIzcV","HL",15.48,3,1,4,4,4,"HHHL","HH",15,20,NA,49.3333333333333
"R_3nc0e0j40OuIzcV","HL",15.48,3,1,4,4,4,"HHHL","HL",15,20,NA,51.1111111111111
"R_3nc0e0j40OuIzcV","HL",15.48,3,1,4,4,4,"HHLH","HH",15,20,NA,47.0588235294118
"R_3nc0e0j40OuIzcV","HL",15.48,3,1,4,4,4,"HHLH","LH",15,60,NA,53.5294117647059
"R_3nc0e0j40OuIzcV","HL",15.48,3,1,4,4,4,"HHLL","HH",15,20,NA,50
"R_3nc0e0j40OuIzcV","HL",15.48,3,1,4,4,4,"HHLL","LL",15,60,NA,50.625
"R_3nc0e0j40OuIzcV","HL",15.48,3,1,4,4,4,"HLHL","HL",15,20,NA,50.2564102564103
"R_3nc0e0j40OuIzcV","HL",15.48,3,1,4,4,4,"HLLH","HL",15,20,NA,50
"R_3nc0e0j40OuIzcV","HL",15.48,3,1,4,4,4,"HLLH","LH",15,60,NA,50.7142857142857
"R_3nc0e0j40OuIzcV","HL",15.48,3,1,4,4,4,"HLLL","HL",7,9.33333333333333,NA,50.7692307692308
"R_3nc0e0j40OuIzcV","HL",15.48,3,1,4,4,4,"HLLL","LL",15,60,NA,50
"R_3nc0e0j40OuIzcV","HL",15.48,3,1,4,4,4,"LHLH","LH",20,80,NA,50.5882352941176
"R_3nc0e0j40OuIzcV","HL",15.48,3,1,4,4,4,"LHLL","LH",6,24,NA,48
"R_3nc0e0j40OuIzcV","HL",15.48,3,1,4,4,4,"LHLL","LL",7,28,NA,53.3333333333333
"R_3nc0e0j40OuIzcV","HL",15.48,3,1,4,4,4,"LLLL","LL",15,60,NA,50.7692307692308
"R_1eJgOmJ1ubVLjxB","HL",18.15,3,2,6,4,5,"HHHH","HH",25,33.3333333333333,NA,50.1960784313725
"R_1eJgOmJ1ubVLjxB","HL",18.15,3,2,6,4,5,"HHHL","HH",25,33.3333333333333,NA,50.2222222222222
"R_1eJgOmJ1ubVLjxB","HL",18.15,3,2,6,4,5,"HHHL","HL",25,33.3333333333333,NA,50.2222222222222
"R_1eJgOmJ1ubVLjxB","HL",18.15,3,2,6,4,5,"HHLH","HH",25,33.3333333333333,NA,50.5882352941176
"R_1eJgOmJ1ubVLjxB","HL",18.15,3,2,6,4,5,"HHLH","LH",25,100,NA,50
"R_1eJgOmJ1ubVLjxB","HL",18.15,3,2,6,4,5,"HHLL","HH",25,33.3333333333333,NA,50
"R_1eJgOmJ1ubVLjxB","HL",18.15,3,2,6,4,5,"HHLL","LL",25,100,NA,50.625
"R_1eJgOmJ1ubVLjxB","HL",18.15,3,2,6,4,5,"HLHL","HL",25,33.3333333333333,NA,50.2564102564103
"R_1eJgOmJ1ubVLjxB","HL",18.15,3,2,6,4,5,"HLLH","HL",25,33.3333333333333,NA,50.7142857142857
"R_1eJgOmJ1ubVLjxB","HL",18.15,3,2,6,4,5,"HLLH","LH",25,100,NA,50
"R_1eJgOmJ1ubVLjxB","HL",18.15,3,2,6,4,5,"HLLL","HL",25,33.3333333333333,NA,50
"R_1eJgOmJ1ubVLjxB","HL",18.15,3,2,6,4,5,"HLLL","LL",25,100,NA,50.7692307692308
"R_1eJgOmJ1ubVLjxB","HL",18.15,3,2,6,4,5,"LHLH","LH",25,100,NA,50.5882352941176
"R_1eJgOmJ1ubVLjxB","HL",18.15,3,2,6,4,5,"LHLL","LH",25,100,NA,50.6666666666667
"R_1eJgOmJ1ubVLjxB","HL",18.15,3,2,6,4,5,"LHLL","LL",25,100,NA,50.6666666666667
"R_1eJgOmJ1ubVLjxB","HL",18.15,3,2,6,4,5,"LLLL","LL",25,100,NA,50.7692307692308
"R_2SuWwHmxvGhv6tX","HL",22.15,3,4,1,6,5,"HHHH","HH",75,100,NA,51.3725490196078
"R_2SuWwHmxvGhv6tX","HL",22.15,3,4,1,6,5,"HHHL","HH",25,33.3333333333333,NA,56
"R_2SuWwHmxvGhv6tX","HL",22.15,3,4,1,6,5,"HHHL","HL",75,100,NA,44.4444444444444
"R_2SuWwHmxvGhv6tX","HL",22.15,3,4,1,6,5,"HHLH","HH",75,100,NA,58.8235294117647
"R_2SuWwHmxvGhv6tX","HL",22.15,3,4,1,6,5,"HHLH","LH",25,100,NA,41.7647058823529
"R_2SuWwHmxvGhv6tX","HL",22.15,3,4,1,6,5,"HHLL","HH",75,100,NA,46.875
"R_2SuWwHmxvGhv6tX","HL",22.15,3,4,1,6,5,"HHLL","LL",25,100,NA,53.75
"R_2SuWwHmxvGhv6tX","HL",22.15,3,4,1,6,5,"HLHL","HL",25,33.3333333333333,NA,51.2820512820513
"R_2SuWwHmxvGhv6tX","HL",22.15,3,4,1,6,5,"HLLH","HL",25,33.3333333333333,NA,53.5714285714286
"R_2SuWwHmxvGhv6tX","HL",22.15,3,4,1,6,5,"HLLH","LH",25,100,NA,47.1428571428571
"R_2SuWwHmxvGhv6tX","HL",22.15,3,4,1,6,5,"HLLL","HL",75,100,NA,38.4615384615385
"R_2SuWwHmxvGhv6tX","HL",22.15,3,4,1,6,5,"HLLL","LL",25,100,NA,62.3076923076923
"R_2SuWwHmxvGhv6tX","HL",22.15,3,4,1,6,5,"LHLH","LH",25,100,NA,47.0588235294118
"R_2SuWwHmxvGhv6tX","HL",22.15,3,4,1,6,5,"LHLL","LH",25,100,NA,48
"R_2SuWwHmxvGhv6tX","HL",22.15,3,4,1,6,5,"LHLL","LL",25,100,NA,53.3333333333333
"R_2SuWwHmxvGhv6tX","HL",22.15,3,4,1,6,5,"LLLL","LL",25,100,NA,50.7692307692308
"R_2f1VFRxM758AoLD","HL",7.82,2,4,6,4,4,"HHHH","HH",75,100,NA,50.1960784313725
"R_2f1VFRxM758AoLD","HL",7.82,2,4,6,4,4,"HHHL","HH",75,100,NA,50.2222222222222
"R_2f1VFRxM758AoLD","HL",7.82,2,4,6,4,4,"HHHL","HL",75,100,NA,50.2222222222222
"R_2f1VFRxM758AoLD","HL",7.82,2,4,6,4,4,"HHLH","HH",75,100,NA,50.2941176470588
"R_2f1VFRxM758AoLD","HL",7.82,2,4,6,4,4,"HHLH","LH",25,100,NA,50.2941176470588
"R_2f1VFRxM758AoLD","HL",7.82,2,4,6,4,4,"HHLL","HH",75,100,NA,50.3125
"R_2f1VFRxM758AoLD","HL",7.82,2,4,6,4,4,"HHLL","LL",25,100,NA,50.3125
"R_2f1VFRxM758AoLD","HL",7.82,2,4,6,4,4,"HLHL","HL",75,100,NA,50.2564102564103
"R_2f1VFRxM758AoLD","HL",7.82,2,4,6,4,4,"HLLH","HL",25,33.3333333333333,NA,50.3571428571429
"R_2f1VFRxM758AoLD","HL",7.82,2,4,6,4,4,"HLLH","LH",25,100,NA,50.3571428571429
"R_2f1VFRxM758AoLD","HL",7.82,2,4,6,4,4,"HLLL","HL",75,100,NA,50.3846153846154
"R_2f1VFRxM758AoLD","HL",7.82,2,4,6,4,4,"HLLL","LL",25,100,NA,50.3846153846154
"R_2f1VFRxM758AoLD","HL",7.82,2,4,6,4,4,"LHLH","LH",25,100,NA,50.5882352941176
"R_2f1VFRxM758AoLD","HL",7.82,2,4,6,4,4,"LHLL","LH",25,100,NA,50.6666666666667
"R_2f1VFRxM758AoLD","HL",7.82,2,4,6,4,4,"LHLL","LL",25,100,NA,50.6666666666667
"R_2f1VFRxM758AoLD","HL",7.82,2,4,6,4,4,"LLLL","LL",25,100,NA,50.7692307692308
"R_3mgdiIqBmvCPIqp","HL",45,5,1,1,7,1,"HHHH","HH",75,100,NA,50.1960784313725
"R_3mgdiIqBmvCPIqp","HL",45,5,1,1,7,1,"HHHL","HH",75,100,NA,50.2222222222222
"R_3mgdiIqBmvCPIqp","HL",45,5,1,1,7,1,"HHHL","HL",75,100,NA,50.2222222222222
"R_3mgdiIqBmvCPIqp","HL",45,5,1,1,7,1,"HHLH","HH",75,100,NA,50.5882352941176
"R_3mgdiIqBmvCPIqp","HL",45,5,1,1,7,1,"HHLH","LH",25,100,NA,50
"R_3mgdiIqBmvCPIqp","HL",45,5,1,1,7,1,"HHLL","HH",75,100,NA,50.625
"R_3mgdiIqBmvCPIqp","HL",45,5,1,1,7,1,"HHLL","LL",25,100,NA,50
"R_3mgdiIqBmvCPIqp","HL",45,5,1,1,7,1,"HLHL","HL",75,100,NA,50.2564102564103
"R_3mgdiIqBmvCPIqp","HL",45,5,1,1,7,1,"HLLH","HL",75,100,NA,50.7142857142857
"R_3mgdiIqBmvCPIqp","HL",45,5,1,1,7,1,"HLLH","LH",25,100,NA,50
"R_3mgdiIqBmvCPIqp","HL",45,5,1,1,7,1,"HLLL","HL",75,100,NA,51.5384615384615
"R_3mgdiIqBmvCPIqp","HL",45,5,1,1,7,1,"HLLL","LL",25,100,NA,49.2307692307692
"R_3mgdiIqBmvCPIqp","HL",45,5,1,1,7,1,"LHLH","LH",25,100,NA,50.5882352941176
"R_3mgdiIqBmvCPIqp","HL",45,5,1,1,7,1,"LHLL","LH",25,100,NA,50.6666666666667
"R_3mgdiIqBmvCPIqp","HL",45,5,1,1,7,1,"LHLL","LL",25,100,NA,50.6666666666667
"R_3mgdiIqBmvCPIqp","HL",45,5,1,1,7,1,"LLLL","LL",25,100,NA,50.7692307692308
"R_XNjWAY7aVfIRBTz","HL",16.26,5,1,1,7,1,"HHHH","HH",35,46.6666666666667,NA,50.1960784313725
"R_XNjWAY7aVfIRBTz","HL",16.26,5,1,1,7,1,"HHHL","HH",35,46.6666666666667,NA,50.2222222222222
"R_XNjWAY7aVfIRBTz","HL",16.26,5,1,1,7,1,"HHHL","HL",30,40,NA,50.2222222222222
"R_XNjWAY7aVfIRBTz","HL",16.26,5,1,1,7,1,"HHLH","HH",35,46.6666666666667,NA,50
"R_XNjWAY7aVfIRBTz","HL",16.26,5,1,1,7,1,"HHLH","LH",15,60,NA,50.5882352941176
"R_XNjWAY7aVfIRBTz","HL",16.26,5,1,1,7,1,"HHLL","HH",35,46.6666666666667,NA,50.625
"R_XNjWAY7aVfIRBTz","HL",16.26,5,1,1,7,1,"HHLL","LL",10,40,NA,50
"R_XNjWAY7aVfIRBTz","HL",16.26,5,1,1,7,1,"HLHL","HL",35,46.6666666666667,NA,50.2564102564103
"R_XNjWAY7aVfIRBTz","HL",16.26,5,1,1,7,1,"HLLH","HL",25,33.3333333333333,NA,50
"R_XNjWAY7aVfIRBTz","HL",16.26,5,1,1,7,1,"HLLH","LH",10,40,NA,50.7142857142857
"R_XNjWAY7aVfIRBTz","HL",16.26,5,1,1,7,1,"HLLL","HL",25,33.3333333333333,NA,50.7692307692308
"R_XNjWAY7aVfIRBTz","HL",16.26,5,1,1,7,1,"HLLL","LL",10,40,NA,50
"R_XNjWAY7aVfIRBTz","HL",16.26,5,1,1,7,1,"LHLH","LH",15,60,NA,50.5882352941176
"R_XNjWAY7aVfIRBTz","HL",16.26,5,1,1,7,1,"LHLL","LH",15,60,NA,50.6666666666667
"R_XNjWAY7aVfIRBTz","HL",16.26,5,1,1,7,1,"LHLL","LL",10,40,NA,50.6666666666667
"R_XNjWAY7aVfIRBTz","HL",16.26,5,1,1,7,1,"LLLL","LL",10,40,NA,50.7692307692308
"R_0AiCyM67wmLTRE5","HL",7.82,4,1,2,7,1,"HHHH","HH",75,100,NA,50.1960784313725
"R_0AiCyM67wmLTRE5","HL",7.82,4,1,2,7,1,"HHHL","HH",75,100,NA,50.2222222222222
"R_0AiCyM67wmLTRE5","HL",7.82,4,1,2,7,1,"HHHL","HL",75,100,NA,50.2222222222222
"R_0AiCyM67wmLTRE5","HL",7.82,4,1,2,7,1,"HHLH","HH",75,100,NA,50.2941176470588
"R_0AiCyM67wmLTRE5","HL",7.82,4,1,2,7,1,"HHLH","LH",25,100,NA,50.2941176470588
"R_0AiCyM67wmLTRE5","HL",7.82,4,1,2,7,1,"HHLL","HH",75,100,NA,50.3125
"R_0AiCyM67wmLTRE5","HL",7.82,4,1,2,7,1,"HHLL","LL",25,100,NA,50.3125
"R_0AiCyM67wmLTRE5","HL",7.82,4,1,2,7,1,"HLHL","HL",75,100,NA,50.2564102564103
"R_0AiCyM67wmLTRE5","HL",7.82,4,1,2,7,1,"HLLH","HL",75,100,NA,50.3571428571429
"R_0AiCyM67wmLTRE5","HL",7.82,4,1,2,7,1,"HLLH","LH",25,100,NA,50.3571428571429
"R_0AiCyM67wmLTRE5","HL",7.82,4,1,2,7,1,"HLLL","HL",75,100,NA,50.3846153846154
"R_0AiCyM67wmLTRE5","HL",7.82,4,1,2,7,1,"HLLL","LL",25,100,NA,50.3846153846154
"R_0AiCyM67wmLTRE5","HL",7.82,4,1,2,7,1,"LHLH","LH",25,100,NA,50.5882352941176
"R_0AiCyM67wmLTRE5","HL",7.82,4,1,2,7,1,"LHLL","LH",25,100,NA,50.6666666666667
"R_0AiCyM67wmLTRE5","HL",7.82,4,1,2,7,1,"LHLL","LL",25,100,NA,50.6666666666667
"R_0AiCyM67wmLTRE5","HL",7.82,4,1,2,7,1,"LLLL","LL",25,100,NA,50.7692307692308
"R_1msIuSZan1jNOGZ","HL",31.76,5,1,1,3,1,"HHHH","HH",75,100,NA,50.1960784313725
"R_1msIuSZan1jNOGZ","HL",31.76,5,1,1,3,1,"HHHL","HH",75,100,NA,50.2222222222222
"R_1msIuSZan1jNOGZ","HL",31.76,5,1,1,3,1,"HHHL","HL",75,100,NA,50.2222222222222
"R_1msIuSZan1jNOGZ","HL",31.76,5,1,1,3,1,"HHLH","HH",75,100,NA,70.5882352941177
"R_1msIuSZan1jNOGZ","HL",31.76,5,1,1,3,1,"HHLH","LH",25,100,NA,30
"R_1msIuSZan1jNOGZ","HL",31.76,5,1,1,3,1,"HHLL","HH",75,100,NA,68.75
"R_1msIuSZan1jNOGZ","HL",31.76,5,1,1,3,1,"HHLL","LL",25,100,NA,31.875
"R_1msIuSZan1jNOGZ","HL",31.76,5,1,1,3,1,"HLHL","HL",75,100,NA,50.2564102564103
"R_1msIuSZan1jNOGZ","HL",31.76,5,1,1,3,1,"HLLH","HL",75,100,NA,64.2857142857143
"R_1msIuSZan1jNOGZ","HL",31.76,5,1,1,3,1,"HLLH","LH",25,100,NA,36.4285714285714
"R_1msIuSZan1jNOGZ","HL",31.76,5,1,1,3,1,"HLLL","HL",75,100,NA,69.2307692307692
"R_1msIuSZan1jNOGZ","HL",31.76,5,1,1,3,1,"HLLL","LL",25,100,NA,31.5384615384615
"R_1msIuSZan1jNOGZ","HL",31.76,5,1,1,3,1,"LHLH","LH",25,100,NA,50.5882352941176
"R_1msIuSZan1jNOGZ","HL",31.76,5,1,1,3,1,"LHLL","LH",25,100,NA,57.3333333333333
"R_1msIuSZan1jNOGZ","HL",31.76,5,1,1,3,1,"LHLL","LL",25,100,NA,44
"R_1msIuSZan1jNOGZ","HL",31.76,5,1,1,3,1,"LLLL","LL",25,100,NA,50.7692307692308
"R_u33eMNG0XdzgV3j","HL",-7.82,4,1,2,6,2,"HHHH","HH",20,26.6666666666667,NA,50.1960784313725
"R_u33eMNG0XdzgV3j","HL",-7.82,4,1,2,6,2,"HHHL","HH",10,13.3333333333333,NA,50.2222222222222
"R_u33eMNG0XdzgV3j","HL",-7.82,4,1,2,6,2,"HHHL","HL",11,14.6666666666667,NA,50.2222222222222
"R_u33eMNG0XdzgV3j","HL",-7.82,4,1,2,6,2,"HHLH","HH",10,13.3333333333333,NA,47.6470588235294
"R_u33eMNG0XdzgV3j","HL",-7.82,4,1,2,6,2,"HHLH","LH",10,40,NA,52.9411764705882
"R_u33eMNG0XdzgV3j","HL",-7.82,4,1,2,6,2,"HHLL","HH",5,6.66666666666667,NA,50
"R_u33eMNG0XdzgV3j","HL",-7.82,4,1,2,6,2,"HHLL","LL",10,40,NA,50.625
"R_u33eMNG0XdzgV3j","HL",-7.82,4,1,2,6,2,"HLHL","HL",50,66.6666666666667,NA,50.2564102564103
"R_u33eMNG0XdzgV3j","HL",-7.82,4,1,2,6,2,"HLLH","HL",20,26.6666666666667,NA,50
"R_u33eMNG0XdzgV3j","HL",-7.82,4,1,2,6,2,"HLLH","LH",10,40,NA,50.7142857142857
"R_u33eMNG0XdzgV3j","HL",-7.82,4,1,2,6,2,"HLLL","HL",10,13.3333333333333,NA,43.0769230769231
"R_u33eMNG0XdzgV3j","HL",-7.82,4,1,2,6,2,"HLLL","LL",10,40,NA,57.6923076923077
"R_u33eMNG0XdzgV3j","HL",-7.82,4,1,2,6,2,"LHLH","LH",10,40,NA,50.5882352941176
"R_u33eMNG0XdzgV3j","HL",-7.82,4,1,2,6,2,"LHLL","LH",10,40,NA,41.3333333333333
"R_u33eMNG0XdzgV3j","HL",-7.82,4,1,2,6,2,"LHLL","LL",5,20,NA,60
"R_u33eMNG0XdzgV3j","HL",-7.82,4,1,2,6,2,"LLLL","LL",10,40,NA,50.7692307692308
"R_2VF5gmXCabGdsEX","HL",16.26,1,3,4,6,4,"HHHH","HH",25,33.3333333333333,NA,50.1960784313725
"R_2VF5gmXCabGdsEX","HL",16.26,1,3,4,6,4,"HHHL","HH",25,33.3333333333333,NA,50.2222222222222
"R_2VF5gmXCabGdsEX","HL",16.26,1,3,4,6,4,"HHHL","HL",15,20,NA,50.2222222222222
"R_2VF5gmXCabGdsEX","HL",16.26,1,3,4,6,4,"HHLH","HH",25,33.3333333333333,NA,50.5882352941176
"R_2VF5gmXCabGdsEX","HL",16.26,1,3,4,6,4,"HHLH","LH",10,40,NA,50
"R_2VF5gmXCabGdsEX","HL",16.26,1,3,4,6,4,"HHLL","HH",25,33.3333333333333,NA,50.625
"R_2VF5gmXCabGdsEX","HL",16.26,1,3,4,6,4,"HHLL","LL",10,40,NA,50
"R_2VF5gmXCabGdsEX","HL",16.26,1,3,4,6,4,"HLHL","HL",25,33.3333333333333,NA,50.2564102564103
"R_2VF5gmXCabGdsEX","HL",16.26,1,3,4,6,4,"HLLH","HL",25,33.3333333333333,NA,50
"R_2VF5gmXCabGdsEX","HL",16.26,1,3,4,6,4,"HLLH","LH",10,40,NA,50.7142857142857
"R_2VF5gmXCabGdsEX","HL",16.26,1,3,4,6,4,"HLLL","HL",25,33.3333333333333,NA,50.7692307692308
"R_2VF5gmXCabGdsEX","HL",16.26,1,3,4,6,4,"HLLL","LL",10,40,NA,50
"R_2VF5gmXCabGdsEX","HL",16.26,1,3,4,6,4,"LHLH","LH",10,40,NA,50.5882352941176
"R_2VF5gmXCabGdsEX","HL",16.26,1,3,4,6,4,"LHLL","LH",10,40,NA,50.6666666666667
"R_2VF5gmXCabGdsEX","HL",16.26,1,3,4,6,4,"LHLL","LL",5,20,NA,50.6666666666667
"R_2VF5gmXCabGdsEX","HL",16.26,1,3,4,6,4,"LLLL","LL",25,100,NA,50.7692307692308
"R_3HGKFOUjRAarVGE","HL",-7.82,2,2,2,6,2,"HHHH","HH",30,40,NA,50.1960784313725
"R_3HGKFOUjRAarVGE","HL",-7.82,2,2,2,6,2,"HHHL","HH",25,33.3333333333333,NA,56
"R_3HGKFOUjRAarVGE","HL",-7.82,2,2,2,6,2,"HHHL","HL",35,46.6666666666667,NA,44.4444444444444
"R_3HGKFOUjRAarVGE","HL",-7.82,2,2,2,6,2,"HHLH","HH",20,26.6666666666667,NA,52.9411764705882
"R_3HGKFOUjRAarVGE","HL",-7.82,2,2,2,6,2,"HHLH","LH",10,40,NA,47.6470588235294
"R_3HGKFOUjRAarVGE","HL",-7.82,2,2,2,6,2,"HHLL","HH",15,20,NA,56.25
"R_3HGKFOUjRAarVGE","HL",-7.82,2,2,2,6,2,"HHLL","LL",10,40,NA,44.375
"R_3HGKFOUjRAarVGE","HL",-7.82,2,2,2,6,2,"HLHL","HL",20,26.6666666666667,NA,50.2564102564103
"R_3HGKFOUjRAarVGE","HL",-7.82,2,2,2,6,2,"HLLH","HL",20,26.6666666666667,NA,50
"R_3HGKFOUjRAarVGE","HL",-7.82,2,2,2,6,2,"HLLH","LH",10,40,NA,50.7142857142857
"R_3HGKFOUjRAarVGE","HL",-7.82,2,2,2,6,2,"HLLL","HL",20,26.6666666666667,NA,58.4615384615385
"R_3HGKFOUjRAarVGE","HL",-7.82,2,2,2,6,2,"HLLL","LL",10,40,NA,42.3076923076923
"R_3HGKFOUjRAarVGE","HL",-7.82,2,2,2,6,2,"LHLH","LH",10,40,NA,50.5882352941176
"R_3HGKFOUjRAarVGE","HL",-7.82,2,2,2,6,2,"LHLL","LH",10,40,NA,42.6666666666667
"R_3HGKFOUjRAarVGE","HL",-7.82,2,2,2,6,2,"LHLL","LL",10,40,NA,58.6666666666667
"R_3HGKFOUjRAarVGE","HL",-7.82,2,2,2,6,2,"LLLL","LL",10,40,NA,50.7692307692308
"R_1r6PWU3eS2l5AyJ","HL",33.08,5,1,7,4,7,"HHHH","HH",30,40,NA,50.1960784313725
"R_1r6PWU3eS2l5AyJ","HL",33.08,5,1,7,4,7,"HHHL","HH",15,20,NA,50.2222222222222
"R_1r6PWU3eS2l5AyJ","HL",33.08,5,1,7,4,7,"HHHL","HL",15,20,NA,50.2222222222222
"R_1r6PWU3eS2l5AyJ","HL",33.08,5,1,7,4,7,"HHLH","HH",15,20,NA,50.2941176470588
"R_1r6PWU3eS2l5AyJ","HL",33.08,5,1,7,4,7,"HHLH","LH",5,20,NA,50.2941176470588
"R_1r6PWU3eS2l5AyJ","HL",33.08,5,1,7,4,7,"HHLL","HH",15,20,NA,50.3125
"R_1r6PWU3eS2l5AyJ","HL",33.08,5,1,7,4,7,"HHLL","LL",10,40,NA,50.3125
"R_1r6PWU3eS2l5AyJ","HL",33.08,5,1,7,4,7,"HLHL","HL",15,20,NA,50.2564102564103
"R_1r6PWU3eS2l5AyJ","HL",33.08,5,1,7,4,7,"HLLH","HL",10,13.3333333333333,NA,50.3571428571429
"R_1r6PWU3eS2l5AyJ","HL",33.08,5,1,7,4,7,"HLLH","LH",5,20,NA,50.3571428571429
"R_1r6PWU3eS2l5AyJ","HL",33.08,5,1,7,4,7,"HLLL","HL",10,13.3333333333333,NA,50.3846153846154
"R_1r6PWU3eS2l5AyJ","HL",33.08,5,1,7,4,7,"HLLL","LL",5,20,NA,50.3846153846154
"R_1r6PWU3eS2l5AyJ","HL",33.08,5,1,7,4,7,"LHLH","LH",5,20,NA,50.5882352941176
"R_1r6PWU3eS2l5AyJ","HL",33.08,5,1,7,4,7,"LHLL","LH",5,20,NA,50.6666666666667
"R_1r6PWU3eS2l5AyJ","HL",33.08,5,1,7,4,7,"LHLL","LL",5,20,NA,50.6666666666667
"R_1r6PWU3eS2l5AyJ","HL",33.08,5,1,7,4,7,"LLLL","LL",5,20,NA,50.7692307692308
"R_UikbsyKxUqaW9dD","HL",45,3,2,4,3,3,"HHHH","HH",75,100,NA,50.1960784313725
"R_UikbsyKxUqaW9dD","HL",45,3,2,4,3,3,"HHHL","HH",70,93.3333333333333,NA,50.2222222222222
"R_UikbsyKxUqaW9dD","HL",45,3,2,4,3,3,"HHHL","HL",70,93.3333333333333,NA,50.2222222222222
"R_UikbsyKxUqaW9dD","HL",45,3,2,4,3,3,"HHLH","HH",70,93.3333333333333,NA,50.2941176470588
"R_UikbsyKxUqaW9dD","HL",45,3,2,4,3,3,"HHLH","LH",20,80,NA,50.2941176470588
"R_UikbsyKxUqaW9dD","HL",45,3,2,4,3,3,"HHLL","HH",75,100,NA,50.3125
"R_UikbsyKxUqaW9dD","HL",45,3,2,4,3,3,"HHLL","LL",25,100,NA,50.3125
"R_UikbsyKxUqaW9dD","HL",45,3,2,4,3,3,"HLHL","HL",70,93.3333333333333,NA,50.2564102564103
"R_UikbsyKxUqaW9dD","HL",45,3,2,4,3,3,"HLLH","HL",70,93.3333333333333,NA,50.3571428571429
"R_UikbsyKxUqaW9dD","HL",45,3,2,4,3,3,"HLLH","LH",20,80,NA,50.3571428571429
"R_UikbsyKxUqaW9dD","HL",45,3,2,4,3,3,"HLLL","HL",70,93.3333333333333,NA,50.3846153846154
"R_UikbsyKxUqaW9dD","HL",45,3,2,4,3,3,"HLLL","LL",25,100,NA,50.3846153846154
"R_UikbsyKxUqaW9dD","HL",45,3,2,4,3,3,"LHLH","LH",20,80,NA,50.5882352941176
"R_UikbsyKxUqaW9dD","HL",45,3,2,4,3,3,"LHLL","LH",20,80,NA,50.6666666666667
"R_UikbsyKxUqaW9dD","HL",45,3,2,4,3,3,"LHLL","LL",20,80,NA,50.6666666666667
"R_UikbsyKxUqaW9dD","HL",45,3,2,4,3,3,"LLLL","LL",25,100,NA,50.7692307692308
"R_3MJWG4SV1jZwYBW","HL",7.82,4,3,4,4,4,"HHHH","HH",50,66.6666666666667,NA,50.1960784313725
"R_3MJWG4SV1jZwYBW","HL",7.82,4,3,4,4,4,"HHHL","HH",50,66.6666666666667,NA,50.2222222222222
"R_3MJWG4SV1jZwYBW","HL",7.82,4,3,4,4,4,"HHHL","HL",50,66.6666666666667,NA,50.2222222222222
"R_3MJWG4SV1jZwYBW","HL",7.82,4,3,4,4,4,"HHLH","HH",25,33.3333333333333,NA,50.2941176470588
"R_3MJWG4SV1jZwYBW","HL",7.82,4,3,4,4,4,"HHLH","LH",10,40,NA,50.2941176470588
"R_3MJWG4SV1jZwYBW","HL",7.82,4,3,4,4,4,"HHLL","HH",25,33.3333333333333,NA,50.3125
"R_3MJWG4SV1jZwYBW","HL",7.82,4,3,4,4,4,"HHLL","LL",10,40,NA,50.3125
"R_3MJWG4SV1jZwYBW","HL",7.82,4,3,4,4,4,"HLHL","HL",75,100,NA,50.2564102564103
"R_3MJWG4SV1jZwYBW","HL",7.82,4,3,4,4,4,"HLLH","HL",25,33.3333333333333,NA,50.3571428571429
"R_3MJWG4SV1jZwYBW","HL",7.82,4,3,4,4,4,"HLLH","LH",10,40,NA,50.3571428571429
"R_3MJWG4SV1jZwYBW","HL",7.82,4,3,4,4,4,"HLLL","HL",25,33.3333333333333,NA,50.3846153846154
"R_3MJWG4SV1jZwYBW","HL",7.82,4,3,4,4,4,"HLLL","LL",10,40,NA,50.3846153846154
"R_3MJWG4SV1jZwYBW","HL",7.82,4,3,4,4,4,"LHLH","LH",20,80,NA,50.5882352941176
"R_3MJWG4SV1jZwYBW","HL",7.82,4,3,4,4,4,"LHLL","LH",20,80,NA,50.6666666666667
"R_3MJWG4SV1jZwYBW","HL",7.82,4,3,4,4,4,"LHLL","LL",20,80,NA,50.6666666666667
"R_3MJWG4SV1jZwYBW","HL",7.82,4,3,4,4,4,"LLLL","LL",25,100,NA,50.7692307692308
"R_BEwHkoNP95y3Zux","HL",7.82,5,1,1,1,1,"HHHH","HH",75,100,NA,50.1960784313725
"R_BEwHkoNP95y3Zux","HL",7.82,5,1,1,1,1,"HHHL","HH",75,100,NA,50.2222222222222
"R_BEwHkoNP95y3Zux","HL",7.82,5,1,1,1,1,"HHHL","HL",75,100,NA,50.2222222222222
"R_BEwHkoNP95y3Zux","HL",7.82,5,1,1,1,1,"HHLH","HH",75,100,NA,50.5882352941176
"R_BEwHkoNP95y3Zux","HL",7.82,5,1,1,1,1,"HHLH","LH",25,100,NA,50
"R_BEwHkoNP95y3Zux","HL",7.82,5,1,1,1,1,"HHLL","HH",30,40,NA,50
"R_BEwHkoNP95y3Zux","HL",7.82,5,1,1,1,1,"HHLL","LL",0,0,NA,50.625
"R_BEwHkoNP95y3Zux","HL",7.82,5,1,1,1,1,"HLHL","HL",75,100,NA,50.2564102564103
"R_BEwHkoNP95y3Zux","HL",7.82,5,1,1,1,1,"HLLH","HL",75,100,NA,50
"R_BEwHkoNP95y3Zux","HL",7.82,5,1,1,1,1,"HLLH","LH",25,100,NA,50.7142857142857
"R_BEwHkoNP95y3Zux","HL",7.82,5,1,1,1,1,"HLLL","HL",30,40,NA,50.7692307692308
"R_BEwHkoNP95y3Zux","HL",7.82,5,1,1,1,1,"HLLL","LL",25,100,NA,50
"R_BEwHkoNP95y3Zux","HL",7.82,5,1,1,1,1,"LHLH","LH",25,100,NA,50.5882352941176
"R_BEwHkoNP95y3Zux","HL",7.82,5,1,1,1,1,"LHLL","LH",25,100,NA,50.6666666666667
"R_BEwHkoNP95y3Zux","HL",7.82,5,1,1,1,1,"LHLL","LL",25,100,NA,50.6666666666667
"R_BEwHkoNP95y3Zux","HL",7.82,5,1,1,1,1,"LLLL","LL",25,100,NA,50.7692307692308
"R_AnfEsKpaNUY5T7r","HL",29.29,4,1,4,6,2,"HHHH","HH",25,33.3333333333333,NA,50.1960784313725
"R_AnfEsKpaNUY5T7r","HL",29.29,4,1,4,6,2,"HHHL","HH",25,33.3333333333333,NA,50.2222222222222
"R_AnfEsKpaNUY5T7r","HL",29.29,4,1,4,6,2,"HHHL","HL",25,33.3333333333333,NA,50.2222222222222
"R_AnfEsKpaNUY5T7r","HL",29.29,4,1,4,6,2,"HHLH","HH",25,33.3333333333333,NA,50
"R_AnfEsKpaNUY5T7r","HL",29.29,4,1,4,6,2,"HHLH","LH",10,40,NA,50.5882352941176
"R_AnfEsKpaNUY5T7r","HL",29.29,4,1,4,6,2,"HHLL","HH",10,13.3333333333333,NA,50.625
"R_AnfEsKpaNUY5T7r","HL",29.29,4,1,4,6,2,"HHLL","LL",10,40,NA,50
"R_AnfEsKpaNUY5T7r","HL",29.29,4,1,4,6,2,"HLHL","HL",25,33.3333333333333,NA,50.2564102564103
"R_AnfEsKpaNUY5T7r","HL",29.29,4,1,4,6,2,"HLLH","HL",25,33.3333333333333,NA,51.4285714285714
"R_AnfEsKpaNUY5T7r","HL",29.29,4,1,4,6,2,"HLLH","LH",10,40,NA,49.2857142857143
"R_AnfEsKpaNUY5T7r","HL",29.29,4,1,4,6,2,"HLLL","HL",10,13.3333333333333,NA,50
"R_AnfEsKpaNUY5T7r","HL",29.29,4,1,4,6,2,"HLLL","LL",10,40,NA,50.7692307692308
"R_AnfEsKpaNUY5T7r","HL",29.29,4,1,4,6,2,"LHLH","LH",10,40,NA,50.5882352941176
"R_AnfEsKpaNUY5T7r","HL",29.29,4,1,4,6,2,"LHLL","LH",10,40,NA,50.6666666666667
"R_AnfEsKpaNUY5T7r","HL",29.29,4,1,4,6,2,"LHLL","LL",10,40,NA,50.6666666666667
"R_AnfEsKpaNUY5T7r","HL",29.29,4,1,4,6,2,"LLLL","LL",10,40,NA,50.7692307692308
"R_2cwlgD4VVF8FCLj","HL",18.15,1,3,4,7,4,"HHHH","HH",75,100,NA,50.1960784313725
"R_2cwlgD4VVF8FCLj","HL",18.15,1,3,4,7,4,"HHHL","HH",15,20,NA,50.2222222222222
"R_2cwlgD4VVF8FCLj","HL",18.15,1,3,4,7,4,"HHHL","HL",25,33.3333333333333,NA,50.2222222222222
"R_2cwlgD4VVF8FCLj","HL",18.15,1,3,4,7,4,"HHLH","HH",25,33.3333333333333,NA,50.5882352941176
"R_2cwlgD4VVF8FCLj","HL",18.15,1,3,4,7,4,"HHLH","LH",15,60,NA,50
"R_2cwlgD4VVF8FCLj","HL",18.15,1,3,4,7,4,"HHLL","HH",25,33.3333333333333,NA,50.625
"R_2cwlgD4VVF8FCLj","HL",18.15,1,3,4,7,4,"HHLL","LL",15,60,NA,50
"R_2cwlgD4VVF8FCLj","HL",18.15,1,3,4,7,4,"HLHL","HL",75,100,NA,50.2564102564103
"R_2cwlgD4VVF8FCLj","HL",18.15,1,3,4,7,4,"HLLH","HL",25,33.3333333333333,NA,50
"R_2cwlgD4VVF8FCLj","HL",18.15,1,3,4,7,4,"HLLH","LH",15,60,NA,50.7142857142857
"R_2cwlgD4VVF8FCLj","HL",18.15,1,3,4,7,4,"HLLL","HL",25,33.3333333333333,NA,54.6153846153846
"R_2cwlgD4VVF8FCLj","HL",18.15,1,3,4,7,4,"HLLL","LL",15,60,NA,46.1538461538462
"R_2cwlgD4VVF8FCLj","HL",18.15,1,3,4,7,4,"LHLH","LH",25,100,NA,50.5882352941176
"R_2cwlgD4VVF8FCLj","HL",18.15,1,3,4,7,4,"LHLL","LH",10,40,NA,50.6666666666667
"R_2cwlgD4VVF8FCLj","HL",18.15,1,3,4,7,4,"LHLL","LL",5,20,NA,50.6666666666667
"R_2cwlgD4VVF8FCLj","HL",18.15,1,3,4,7,4,"LLLL","LL",25,100,NA,50.7692307692308
"R_2sXYgNW577d35HB","HL",16.26,5,2,3,5,3,"HHHH","HH",50,66.6666666666667,NA,50.1960784313725
"R_2sXYgNW577d35HB","HL",16.26,5,2,3,5,3,"HHHL","HH",50,66.6666666666667,NA,50.2222222222222
"R_2sXYgNW577d35HB","HL",16.26,5,2,3,5,3,"HHHL","HL",50,66.6666666666667,NA,50.2222222222222
"R_2sXYgNW577d35HB","HL",16.26,5,2,3,5,3,"HHLH","HH",25,33.3333333333333,NA,50.2941176470588
"R_2sXYgNW577d35HB","HL",16.26,5,2,3,5,3,"HHLH","LH",15,60,NA,50.2941176470588
"R_2sXYgNW577d35HB","HL",16.26,5,2,3,5,3,"HHLL","HH",25,33.3333333333333,NA,50.3125
"R_2sXYgNW577d35HB","HL",16.26,5,2,3,5,3,"HHLL","LL",10,40,NA,50.3125
"R_2sXYgNW577d35HB","HL",16.26,5,2,3,5,3,"HLHL","HL",50,66.6666666666667,NA,50.2564102564103
"R_2sXYgNW577d35HB","HL",16.26,5,2,3,5,3,"HLLH","HL",15,20,NA,50.3571428571429
"R_2sXYgNW577d35HB","HL",16.26,5,2,3,5,3,"HLLH","LH",10,40,NA,50.3571428571429
"R_2sXYgNW577d35HB","HL",16.26,5,2,3,5,3,"HLLL","HL",20,26.6666666666667,NA,50.3846153846154
"R_2sXYgNW577d35HB","HL",16.26,5,2,3,5,3,"HLLL","LL",15,60,NA,50.3846153846154
"R_2sXYgNW577d35HB","HL",16.26,5,2,3,5,3,"LHLH","LH",15,60,NA,50.5882352941176
"R_2sXYgNW577d35HB","HL",16.26,5,2,3,5,3,"LHLL","LH",15,60,NA,50.6666666666667
"R_2sXYgNW577d35HB","HL",16.26,5,2,3,5,3,"LHLL","LL",10,40,NA,50.6666666666667
"R_2sXYgNW577d35HB","HL",16.26,5,2,3,5,3,"LLLL","LL",15,60,NA,50.7692307692308
"R_2dFQ4RVWFM1XnBz","HL",34.88,5,1,1,1,1,"HHHH","HH",30,40,NA,50.1960784313725
"R_2dFQ4RVWFM1XnBz","HL",34.88,5,1,1,1,1,"HHHL","HH",30,40,NA,50.2222222222222
"R_2dFQ4RVWFM1XnBz","HL",34.88,5,1,1,1,1,"HHHL","HL",30,40,NA,50.2222222222222
"R_2dFQ4RVWFM1XnBz","HL",34.88,5,1,1,1,1,"HHLH","HH",30,40,NA,50
"R_2dFQ4RVWFM1XnBz","HL",34.88,5,1,1,1,1,"HHLH","LH",10,40,NA,50.5882352941176
"R_2dFQ4RVWFM1XnBz","HL",34.88,5,1,1,1,1,"HHLL","HH",30,40,NA,50
"R_2dFQ4RVWFM1XnBz","HL",34.88,5,1,1,1,1,"HHLL","LL",10,40,NA,50.625
"R_2dFQ4RVWFM1XnBz","HL",34.88,5,1,1,1,1,"HLHL","HL",30,40,NA,50.2564102564103
"R_2dFQ4RVWFM1XnBz","HL",34.88,5,1,1,1,1,"HLLH","HL",30,40,NA,50
"R_2dFQ4RVWFM1XnBz","HL",34.88,5,1,1,1,1,"HLLH","LH",10,40,NA,50.7142857142857
"R_2dFQ4RVWFM1XnBz","HL",34.88,5,1,1,1,1,"HLLL","HL",30,40,NA,50
"R_2dFQ4RVWFM1XnBz","HL",34.88,5,1,1,1,1,"HLLL","LL",10,40,NA,50.7692307692308
"R_2dFQ4RVWFM1XnBz","HL",34.88,5,1,1,1,1,"LHLH","LH",10,40,NA,50.5882352941176
"R_2dFQ4RVWFM1XnBz","HL",34.88,5,1,1,1,1,"LHLL","LH",10,40,NA,50.6666666666667
"R_2dFQ4RVWFM1XnBz","HL",34.88,5,1,1,1,1,"LHLL","LL",10,40,NA,50.6666666666667
"R_2dFQ4RVWFM1XnBz","HL",34.88,5,1,1,1,1,"LLLL","LL",10,40,NA,50.7692307692308
"R_1EXJcvo6R70oikZ","HL",7.82,5,3,4,4,4,"HHHH","HH",60,80,NA,50.1960784313725
"R_1EXJcvo6R70oikZ","HL",7.82,5,3,4,4,4,"HHHL","HH",40,53.3333333333333,NA,56.8888888888889
"R_1EXJcvo6R70oikZ","HL",7.82,5,3,4,4,4,"HHHL","HL",35,46.6666666666667,NA,43.5555555555556
"R_1EXJcvo6R70oikZ","HL",7.82,5,3,4,4,4,"HHLH","HH",20,26.6666666666667,NA,75.2941176470588
"R_1EXJcvo6R70oikZ","HL",7.82,5,3,4,4,4,"HHLH","LH",20,80,NA,25.2941176470588
"R_1EXJcvo6R70oikZ","HL",7.82,5,3,4,4,4,"HHLL","HH",15,20,NA,75.625
"R_1EXJcvo6R70oikZ","HL",7.82,5,3,4,4,4,"HHLL","LL",15,60,NA,25
"R_1EXJcvo6R70oikZ","HL",7.82,5,3,4,4,4,"HLHL","HL",40,53.3333333333333,NA,50.2564102564103
"R_1EXJcvo6R70oikZ","HL",7.82,5,3,4,4,4,"HLLH","HL",20,26.6666666666667,NA,71.4285714285714
"R_1EXJcvo6R70oikZ","HL",7.82,5,3,4,4,4,"HLLH","LH",20,80,NA,29.2857142857143
"R_1EXJcvo6R70oikZ","HL",7.82,5,3,4,4,4,"HLLL","HL",10,13.3333333333333,NA,73.0769230769231
"R_1EXJcvo6R70oikZ","HL",7.82,5,3,4,4,4,"HLLL","LL",10,40,NA,27.6923076923077
"R_1EXJcvo6R70oikZ","HL",7.82,5,3,4,4,4,"LHLH","LH",20,80,NA,50.5882352941176
"R_1EXJcvo6R70oikZ","HL",7.82,5,3,4,4,4,"LHLL","LH",15,60,NA,53.3333333333333
"R_1EXJcvo6R70oikZ","HL",7.82,5,3,4,4,4,"LHLL","LL",15,60,NA,48
"R_1EXJcvo6R70oikZ","HL",7.82,5,3,4,4,4,"LLLL","LL",10,40,NA,50.7692307692308
"R_3I9IPjGEO9e3FL1","HL",13.48,2,2,1,7,1,"HHHH","HH",15,20,NA,50.1960784313725
"R_3I9IPjGEO9e3FL1","HL",13.48,2,2,1,7,1,"HHHL","HH",15,20,NA,50.2222222222222
"R_3I9IPjGEO9e3FL1","HL",13.48,2,2,1,7,1,"HHHL","HL",20,26.6666666666667,NA,50.2222222222222
"R_3I9IPjGEO9e3FL1","HL",13.48,2,2,1,7,1,"HHLH","HH",25,33.3333333333333,NA,50.2941176470588
"R_3I9IPjGEO9e3FL1","HL",13.48,2,2,1,7,1,"HHLH","LH",10,40,NA,50.2941176470588
"R_3I9IPjGEO9e3FL1","HL",13.48,2,2,1,7,1,"HHLL","HH",15,20,NA,80
"R_3I9IPjGEO9e3FL1","HL",13.48,2,2,1,7,1,"HHLL","LL",20,80,NA,20.625
"R_3I9IPjGEO9e3FL1","HL",13.48,2,2,1,7,1,"HLHL","HL",20,26.6666666666667,NA,50.2564102564103
"R_3I9IPjGEO9e3FL1","HL",13.48,2,2,1,7,1,"HLLH","HL",15,20,NA,50.3571428571429
"R_3I9IPjGEO9e3FL1","HL",13.48,2,2,1,7,1,"HLLH","LH",20,80,NA,50.3571428571429
"R_3I9IPjGEO9e3FL1","HL",13.48,2,2,1,7,1,"HLLL","HL",25,33.3333333333333,NA,50.3846153846154
"R_3I9IPjGEO9e3FL1","HL",13.48,2,2,1,7,1,"HLLL","LL",10,40,NA,50.3846153846154
"R_3I9IPjGEO9e3FL1","HL",13.48,2,2,1,7,1,"LHLH","LH",20,80,NA,50.5882352941176
"R_3I9IPjGEO9e3FL1","HL",13.48,2,2,1,7,1,"LHLL","LH",15,60,NA,50.6666666666667
"R_3I9IPjGEO9e3FL1","HL",13.48,2,2,1,7,1,"LHLL","LL",18,72,NA,50.6666666666667
"R_3I9IPjGEO9e3FL1","HL",13.48,2,2,1,7,1,"LLLL","LL",25,100,NA,50.7692307692308
"R_31pkFt0LyfI6oeC","HL",18.94,5,1,2,4,2,"HHHH","HH",75,100,NA,50.1960784313725
"R_31pkFt0LyfI6oeC","HL",18.94,5,1,2,4,2,"HHHL","HH",75,100,NA,55.5555555555556
"R_31pkFt0LyfI6oeC","HL",18.94,5,1,2,4,2,"HHHL","HL",75,100,NA,44.8888888888889
"R_31pkFt0LyfI6oeC","HL",18.94,5,1,2,4,2,"HHLH","HH",75,100,NA,58.8235294117647
"R_31pkFt0LyfI6oeC","HL",18.94,5,1,2,4,2,"HHLH","LH",25,100,NA,41.7647058823529
"R_31pkFt0LyfI6oeC","HL",18.94,5,1,2,4,2,"HHLL","HH",25,33.3333333333333,NA,62.5
"R_31pkFt0LyfI6oeC","HL",18.94,5,1,2,4,2,"HHLL","LL",10,40,NA,38.125
"R_31pkFt0LyfI6oeC","HL",18.94,5,1,2,4,2,"HLHL","HL",75,100,NA,51.2820512820513
"R_31pkFt0LyfI6oeC","HL",18.94,5,1,2,4,2,"HLLH","HL",25,33.3333333333333,NA,65
"R_31pkFt0LyfI6oeC","HL",18.94,5,1,2,4,2,"HLLH","LH",10,40,NA,35.7142857142857
"R_31pkFt0LyfI6oeC","HL",18.94,5,1,2,4,2,"HLLL","HL",10,13.3333333333333,NA,61.5384615384615
"R_31pkFt0LyfI6oeC","HL",18.94,5,1,2,4,2,"HLLL","LL",10,40,NA,39.2307692307692
"R_31pkFt0LyfI6oeC","HL",18.94,5,1,2,4,2,"LHLH","LH",25,100,NA,50.5882352941176
"R_31pkFt0LyfI6oeC","HL",18.94,5,1,2,4,2,"LHLL","LH",10,40,NA,34.6666666666667
"R_31pkFt0LyfI6oeC","HL",18.94,5,1,2,4,2,"LHLL","LL",10,40,NA,66.6666666666667
"R_31pkFt0LyfI6oeC","HL",18.94,5,1,2,4,2,"LLLL","LL",25,100,NA,50.7692307692308
"R_2axENYoiM371h4t","HL",29.8,4,1,4,6,4,"HHHH","HH",75,100,NA,50.1960784313725
"R_2axENYoiM371h4t","HL",29.8,4,1,4,6,4,"HHHL","HH",75,100,NA,50.2222222222222
"R_2axENYoiM371h4t","HL",29.8,4,1,4,6,4,"HHHL","HL",75,100,NA,50.2222222222222
"R_2axENYoiM371h4t","HL",29.8,4,1,4,6,4,"HHLH","HH",35,46.6666666666667,NA,50.5882352941176
"R_2axENYoiM371h4t","HL",29.8,4,1,4,6,4,"HHLH","LH",15,60,NA,50
"R_2axENYoiM371h4t","HL",29.8,4,1,4,6,4,"HHLL","HH",35,46.6666666666667,NA,53.75
"R_2axENYoiM371h4t","HL",29.8,4,1,4,6,4,"HHLL","LL",15,60,NA,46.875
"R_2axENYoiM371h4t","HL",29.8,4,1,4,6,4,"HLHL","HL",75,100,NA,50.2564102564103
"R_2axENYoiM371h4t","HL",29.8,4,1,4,6,4,"HLLH","HL",35,46.6666666666667,NA,54.2857142857143
"R_2axENYoiM371h4t","HL",29.8,4,1,4,6,4,"HLLH","LH",15,60,NA,46.4285714285714
"R_2axENYoiM371h4t","HL",29.8,4,1,4,6,4,"HLLL","HL",35,46.6666666666667,NA,46.1538461538462
"R_2axENYoiM371h4t","HL",29.8,4,1,4,6,4,"HLLL","LL",15,60,NA,54.6153846153846
"R_2axENYoiM371h4t","HL",29.8,4,1,4,6,4,"LHLH","LH",10,40,NA,50.5882352941176
"R_2axENYoiM371h4t","HL",29.8,4,1,4,6,4,"LHLL","LH",10,40,NA,50.6666666666667
"R_2axENYoiM371h4t","HL",29.8,4,1,4,6,4,"LHLL","LL",10,40,NA,50.6666666666667
"R_2axENYoiM371h4t","HL",29.8,4,1,4,6,4,"LLLL","LL",25,100,NA,50.7692307692308
"R_UyZpBV1j8IVRu8N","HL",-2.84,4,4,3,6,4,"HHHH","HH",50,66.6666666666667,NA,50.1960784313725
"R_UyZpBV1j8IVRu8N","HL",-2.84,4,4,3,6,4,"HHHL","HH",50,66.6666666666667,NA,60.4444444444444
"R_UyZpBV1j8IVRu8N","HL",-2.84,4,4,3,6,4,"HHHL","HL",25,33.3333333333333,NA,40
"R_UyZpBV1j8IVRu8N","HL",-2.84,4,4,3,6,4,"HHLH","HH",25,33.3333333333333,NA,75.2941176470588
"R_UyZpBV1j8IVRu8N","HL",-2.84,4,4,3,6,4,"HHLH","LH",5,20,NA,25.2941176470588
"R_UyZpBV1j8IVRu8N","HL",-2.84,4,4,3,6,4,"HHLL","HH",30,40,NA,75
"R_UyZpBV1j8IVRu8N","HL",-2.84,4,4,3,6,4,"HHLL","LL",5,20,NA,25.625
"R_UyZpBV1j8IVRu8N","HL",-2.84,4,4,3,6,4,"HLHL","HL",25,33.3333333333333,NA,50.2564102564103
"R_UyZpBV1j8IVRu8N","HL",-2.84,4,4,3,6,4,"HLLH","HL",25,33.3333333333333,NA,75
"R_UyZpBV1j8IVRu8N","HL",-2.84,4,4,3,6,4,"HLLH","LH",5,20,NA,25.7142857142857
"R_UyZpBV1j8IVRu8N","HL",-2.84,4,4,3,6,4,"HLLL","HL",25,33.3333333333333,NA,75.3846153846154
"R_UyZpBV1j8IVRu8N","HL",-2.84,4,4,3,6,4,"HLLL","LL",5,20,NA,25.3846153846154
"R_UyZpBV1j8IVRu8N","HL",-2.84,4,4,3,6,4,"LHLH","LH",5,20,NA,50.5882352941176
"R_UyZpBV1j8IVRu8N","HL",-2.84,4,4,3,6,4,"LHLL","LH",5,20,NA,60
"R_UyZpBV1j8IVRu8N","HL",-2.84,4,4,3,6,4,"LHLL","LL",5,20,NA,41.3333333333333
"R_UyZpBV1j8IVRu8N","HL",-2.84,4,4,3,6,4,"LLLL","LL",5,20,NA,50.7692307692308
"R_2E0mPvxuGaJaSld","LH",16.26,5,1,3,3,3,"HHHH","HH",10,13.3333333333333,NA,50.1960784313725
"R_2E0mPvxuGaJaSld","LH",16.26,5,1,3,3,3,"HHHL","HH",10,13.3333333333333,NA,50.2222222222222
"R_2E0mPvxuGaJaSld","LH",16.26,5,1,3,3,3,"HHHL","HL",10,13.3333333333333,NA,50.2222222222222
"R_2E0mPvxuGaJaSld","LH",16.26,5,1,3,3,3,"HHLH","HH",10,13.3333333333333,NA,50.5882352941176
"R_2E0mPvxuGaJaSld","LH",16.26,5,1,3,3,3,"HHLH","LH",5,20,NA,50
"R_2E0mPvxuGaJaSld","LH",16.26,5,1,3,3,3,"HHLL","HH",10,13.3333333333333,NA,50.625
"R_2E0mPvxuGaJaSld","LH",16.26,5,1,3,3,3,"HHLL","LL",5,20,NA,50
"R_2E0mPvxuGaJaSld","LH",16.26,5,1,3,3,3,"HLHL","HL",10,13.3333333333333,NA,50.2564102564103
"R_2E0mPvxuGaJaSld","LH",16.26,5,1,3,3,3,"HLLH","HL",10,13.3333333333333,NA,50
"R_2E0mPvxuGaJaSld","LH",16.26,5,1,3,3,3,"HLLH","LH",5,20,NA,50.7142857142857
"R_2E0mPvxuGaJaSld","LH",16.26,5,1,3,3,3,"HLLL","HL",10,13.3333333333333,NA,50.7692307692308
"R_2E0mPvxuGaJaSld","LH",16.26,5,1,3,3,3,"HLLL","LL",5,20,NA,50
"R_2E0mPvxuGaJaSld","LH",16.26,5,1,3,3,3,"LHLH","LH",5,20,NA,50.5882352941176
"R_2E0mPvxuGaJaSld","LH",16.26,5,1,3,3,3,"LHLL","LH",5,20,NA,50.6666666666667
"R_2E0mPvxuGaJaSld","LH",16.26,5,1,3,3,3,"LHLL","LL",5,20,NA,50.6666666666667
"R_2E0mPvxuGaJaSld","LH",16.26,5,1,3,3,3,"LLLL","LL",5,20,NA,50.7692307692308
"R_3Glgth5XyOkObg6","LH",-7.82,4,2,5,4,5,"HHHH","HH",75,100,NA,50.1960784313725
"R_3Glgth5XyOkObg6","LH",-7.82,4,2,5,4,5,"HHHL","HH",75,100,NA,50.2222222222222
"R_3Glgth5XyOkObg6","LH",-7.82,4,2,5,4,5,"HHHL","HL",75,100,NA,50.2222222222222
"R_3Glgth5XyOkObg6","LH",-7.82,4,2,5,4,5,"HHLH","HH",0,0,NA,0
"R_3Glgth5XyOkObg6","LH",-7.82,4,2,5,4,5,"HHLH","LH",25,100,NA,100.588235294118
"R_3Glgth5XyOkObg6","LH",-7.82,4,2,5,4,5,"HHLL","HH",75,100,NA,50.625
"R_3Glgth5XyOkObg6","LH",-7.82,4,2,5,4,5,"HHLL","LL",25,100,NA,50
"R_3Glgth5XyOkObg6","LH",-7.82,4,2,5,4,5,"HLHL","HL",25,33.3333333333333,NA,51.2820512820513
"R_3Glgth5XyOkObg6","LH",-7.82,4,2,5,4,5,"HLLH","HL",0,0,NA,0
"R_3Glgth5XyOkObg6","LH",-7.82,4,2,5,4,5,"HLLH","LH",25,100,NA,100.714285714286
"R_3Glgth5XyOkObg6","LH",-7.82,4,2,5,4,5,"HLLL","HL",25,33.3333333333333,NA,50
"R_3Glgth5XyOkObg6","LH",-7.82,4,2,5,4,5,"HLLL","LL",25,100,NA,50.7692307692308
"R_3Glgth5XyOkObg6","LH",-7.82,4,2,5,4,5,"LHLH","LH",25,100,NA,50.5882352941176
"R_3Glgth5XyOkObg6","LH",-7.82,4,2,5,4,5,"LHLL","LH",25,100,NA,101.333333333333
"R_3Glgth5XyOkObg6","LH",-7.82,4,2,5,4,5,"LHLL","LL",10,40,NA,0
"R_3Glgth5XyOkObg6","LH",-7.82,4,2,5,4,5,"LLLL","LL",10,40,NA,50.7692307692308
"R_z27DTD5bxYceKxX","LH",32.91,5,2,3,3,2,"HHHH","HH",75,100,NA,50.1960784313725
"R_z27DTD5bxYceKxX","LH",32.91,5,2,3,3,2,"HHHL","HH",30,40,NA,53.3333333333333
"R_z27DTD5bxYceKxX","LH",32.91,5,2,3,3,2,"HHHL","HL",25,33.3333333333333,NA,47.1111111111111
"R_z27DTD5bxYceKxX","LH",32.91,5,2,3,3,2,"HHLH","HH",30,40,NA,35.2941176470588
"R_z27DTD5bxYceKxX","LH",32.91,5,2,3,3,2,"HHLH","LH",10,40,NA,65.2941176470588
"R_z27DTD5bxYceKxX","LH",32.91,5,2,3,3,2,"HHLL","HH",25,33.3333333333333,NA,25.625
"R_z27DTD5bxYceKxX","LH",32.91,5,2,3,3,2,"HHLL","LL",10,40,NA,75
"R_z27DTD5bxYceKxX","LH",32.91,5,2,3,3,2,"HLHL","HL",25,33.3333333333333,NA,50.2564102564103
"R_z27DTD5bxYceKxX","LH",32.91,5,2,3,3,2,"HLLH","HL",20,26.6666666666667,NA,57.1428571428571
"R_z27DTD5bxYceKxX","LH",32.91,5,2,3,3,2,"HLLH","LH",10,40,NA,43.5714285714286
"R_z27DTD5bxYceKxX","LH",32.91,5,2,3,3,2,"HLLL","HL",25,33.3333333333333,NA,25.3846153846154
"R_z27DTD5bxYceKxX","LH",32.91,5,2,3,3,2,"HLLL","LL",10,40,NA,75.3846153846154
"R_z27DTD5bxYceKxX","LH",32.91,5,2,3,3,2,"LHLH","LH",10,40,NA,50.5882352941176
"R_z27DTD5bxYceKxX","LH",32.91,5,2,3,3,2,"LHLL","LH",25,100,NA,57.3333333333333
"R_z27DTD5bxYceKxX","LH",32.91,5,2,3,3,2,"LHLL","LL",25,100,NA,44
"R_z27DTD5bxYceKxX","LH",32.91,5,2,3,3,2,"LLLL","LL",25,100,NA,50.7692307692308
"R_Y4wSGJgasUc5f6V","LH",37.48,3,1,1,7,1,"HHHH","HH",75,100,NA,50.1960784313725
"R_Y4wSGJgasUc5f6V","LH",37.48,3,1,1,7,1,"HHHL","HH",75,100,NA,53.3333333333333
"R_Y4wSGJgasUc5f6V","LH",37.48,3,1,1,7,1,"HHHL","HL",60,80,NA,47.1111111111111
"R_Y4wSGJgasUc5f6V","LH",37.48,3,1,1,7,1,"HHLH","HH",70,93.3333333333333,NA,64.7058823529412
"R_Y4wSGJgasUc5f6V","LH",37.48,3,1,1,7,1,"HHLH","LH",20,80,NA,35.8823529411765
"R_Y4wSGJgasUc5f6V","LH",37.48,3,1,1,7,1,"HHLL","HH",70,93.3333333333333,NA,53.125
"R_Y4wSGJgasUc5f6V","LH",37.48,3,1,1,7,1,"HHLL","LL",15,60,NA,47.5
"R_Y4wSGJgasUc5f6V","LH",37.48,3,1,1,7,1,"HLHL","HL",60,80,NA,50.2564102564103
"R_Y4wSGJgasUc5f6V","LH",37.48,3,1,1,7,1,"HLLH","HL",60,80,NA,68.5714285714286
"R_Y4wSGJgasUc5f6V","LH",37.48,3,1,1,7,1,"HLLH","LH",20,80,NA,32.1428571428571
"R_Y4wSGJgasUc5f6V","LH",37.48,3,1,1,7,1,"HLLL","HL",60,80,NA,66.1538461538461
"R_Y4wSGJgasUc5f6V","LH",37.48,3,1,1,7,1,"HLLL","LL",10,40,NA,34.6153846153846
"R_Y4wSGJgasUc5f6V","LH",37.48,3,1,1,7,1,"LHLH","LH",20,80,NA,50.5882352941176
"R_Y4wSGJgasUc5f6V","LH",37.48,3,1,1,7,1,"LHLL","LH",15,60,NA,50.6666666666667
"R_Y4wSGJgasUc5f6V","LH",37.48,3,1,1,7,1,"LHLL","LL",20,80,NA,50.6666666666667
"R_Y4wSGJgasUc5f6V","LH",37.48,3,1,1,7,1,"LLLL","LL",20,80,NA,50.7692307692308
"R_1hA0kvAPnAxchlz","LH",7.82,2,2,4,4,4,"HHHH","HH",0,0,NA,49.0196078431373
"R_1hA0kvAPnAxchlz","LH",7.82,2,2,4,4,4,"HHHL","HH",0,0,NA,44.4444444444444
"R_1hA0kvAPnAxchlz","LH",7.82,2,2,4,4,4,"HHHL","HL",0,0,NA,56
"R_1hA0kvAPnAxchlz","LH",7.82,2,2,4,4,4,"HHLH","HH",0,0,NA,41.7647058823529
"R_1hA0kvAPnAxchlz","LH",7.82,2,2,4,4,4,"HHLH","LH",0,0,NA,58.8235294117647
"R_1hA0kvAPnAxchlz","LH",7.82,2,2,4,4,4,"HHLL","HH",0,0,NA,38.125
"R_1hA0kvAPnAxchlz","LH",7.82,2,2,4,4,4,"HHLL","LL",0,0,NA,62.5
"R_1hA0kvAPnAxchlz","LH",7.82,2,2,4,4,4,"HLHL","HL",0,0,NA,51.2820512820513
"R_1hA0kvAPnAxchlz","LH",7.82,2,2,4,4,4,"HLLH","HL",0,0,NA,29.2857142857143
"R_1hA0kvAPnAxchlz","LH",7.82,2,2,4,4,4,"HLLH","LH",0,0,NA,71.4285714285714
"R_1hA0kvAPnAxchlz","LH",7.82,2,2,4,4,4,"HLLL","HL",0,0,NA,23.8461538461538
"R_1hA0kvAPnAxchlz","LH",7.82,2,2,4,4,4,"HLLL","LL",0,0,NA,76.9230769230769
"R_1hA0kvAPnAxchlz","LH",7.82,2,2,4,4,4,"LHLH","LH",0,0,NA,48.2352941176471
"R_1hA0kvAPnAxchlz","LH",7.82,2,2,4,4,4,"LHLL","LH",0,0,NA,42.6666666666667
"R_1hA0kvAPnAxchlz","LH",7.82,2,2,4,4,4,"LHLL","LL",0,0,NA,58.6666666666667
"R_1hA0kvAPnAxchlz","LH",7.82,2,2,4,4,4,"LLLL","LL",0,0,NA,50.7692307692308
"R_3dWHjl57Jc7ZqVF","LH",28.61,3,1,3,2,2,"HHHH","HH",35,46.6666666666667,NA,50.1960784313725
"R_3dWHjl57Jc7ZqVF","LH",28.61,3,1,3,2,2,"HHHL","HH",35,46.6666666666667,NA,50.2222222222222
"R_3dWHjl57Jc7ZqVF","LH",28.61,3,1,3,2,2,"HHHL","HL",35,46.6666666666667,NA,50.2222222222222
"R_3dWHjl57Jc7ZqVF","LH",28.61,3,1,3,2,2,"HHLH","HH",35,46.6666666666667,NA,50.5882352941176
"R_3dWHjl57Jc7ZqVF","LH",28.61,3,1,3,2,2,"HHLH","LH",15,60,NA,50
"R_3dWHjl57Jc7ZqVF","LH",28.61,3,1,3,2,2,"HHLL","HH",35,46.6666666666667,NA,50.625
"R_3dWHjl57Jc7ZqVF","LH",28.61,3,1,3,2,2,"HHLL","LL",15,60,NA,50
"R_3dWHjl57Jc7ZqVF","LH",28.61,3,1,3,2,2,"HLHL","HL",35,46.6666666666667,NA,50.2564102564103
"R_3dWHjl57Jc7ZqVF","LH",28.61,3,1,3,2,2,"HLLH","HL",35,46.6666666666667,NA,50.7142857142857
"R_3dWHjl57Jc7ZqVF","LH",28.61,3,1,3,2,2,"HLLH","LH",15,60,NA,50
"R_3dWHjl57Jc7ZqVF","LH",28.61,3,1,3,2,2,"HLLL","HL",35,46.6666666666667,NA,50.7692307692308
"R_3dWHjl57Jc7ZqVF","LH",28.61,3,1,3,2,2,"HLLL","LL",10,40,NA,50
"R_3dWHjl57Jc7ZqVF","LH",28.61,3,1,3,2,2,"LHLH","LH",15,60,NA,50.5882352941176
"R_3dWHjl57Jc7ZqVF","LH",28.61,3,1,3,2,2,"LHLL","LH",15,60,NA,50.6666666666667
"R_3dWHjl57Jc7ZqVF","LH",28.61,3,1,3,2,2,"LHLL","LL",15,60,NA,50.6666666666667
"R_3dWHjl57Jc7ZqVF","LH",28.61,3,1,3,2,2,"LLLL","LL",12,48,NA,50.7692307692308
"R_1PZ6cnaAeeyJJka","LH",37.48,3,2,4,4,4,"HHHH","HH",50,66.6666666666667,NA,50.1960784313725
"R_1PZ6cnaAeeyJJka","LH",37.48,3,2,4,4,4,"HHHL","HH",50,66.6666666666667,NA,50.2222222222222
"R_1PZ6cnaAeeyJJka","LH",37.48,3,2,4,4,4,"HHHL","HL",40,53.3333333333333,NA,50.2222222222222
"R_1PZ6cnaAeeyJJka","LH",37.48,3,2,4,4,4,"HHLH","HH",50,66.6666666666667,NA,50.5882352941176
"R_1PZ6cnaAeeyJJka","LH",37.48,3,2,4,4,4,"HHLH","LH",15,60,NA,50
"R_1PZ6cnaAeeyJJka","LH",37.48,3,2,4,4,4,"HHLL","HH",50,66.6666666666667,NA,50.625
"R_1PZ6cnaAeeyJJka","LH",37.48,3,2,4,4,4,"HHLL","LL",12,48,NA,50
"R_1PZ6cnaAeeyJJka","LH",37.48,3,2,4,4,4,"HLHL","HL",40,53.3333333333333,NA,50.2564102564103
"R_1PZ6cnaAeeyJJka","LH",37.48,3,2,4,4,4,"HLLH","HL",40,53.3333333333333,NA,50
"R_1PZ6cnaAeeyJJka","LH",37.48,3,2,4,4,4,"HLLH","LH",15,60,NA,50.7142857142857
"R_1PZ6cnaAeeyJJka","LH",37.48,3,2,4,4,4,"HLLL","HL",40,53.3333333333333,NA,50.7692307692308
"R_1PZ6cnaAeeyJJka","LH",37.48,3,2,4,4,4,"HLLL","LL",12,48,NA,50
"R_1PZ6cnaAeeyJJka","LH",37.48,3,2,4,4,4,"LHLH","LH",15,60,NA,50.5882352941176
"R_1PZ6cnaAeeyJJka","LH",37.48,3,2,4,4,4,"LHLL","LH",15,60,NA,50.6666666666667
"R_1PZ6cnaAeeyJJka","LH",37.48,3,2,4,4,4,"LHLL","LL",10,40,NA,50.6666666666667
"R_1PZ6cnaAeeyJJka","LH",37.48,3,2,4,4,4,"LLLL","LL",12,48,NA,50.7692307692308
"R_2SjAjZOBFPzb53F","LH",7.82,5,1,4,4,4,"HHHH","HH",60,80,NA,50.1960784313725
"R_2SjAjZOBFPzb53F","LH",7.82,5,1,4,4,4,"HHHL","HH",50,66.6666666666667,NA,50.2222222222222
"R_2SjAjZOBFPzb53F","LH",7.82,5,1,4,4,4,"HHHL","HL",50,66.6666666666667,NA,50.2222222222222
"R_2SjAjZOBFPzb53F","LH",7.82,5,1,4,4,4,"HHLH","HH",25,33.3333333333333,NA,50.5882352941176
"R_2SjAjZOBFPzb53F","LH",7.82,5,1,4,4,4,"HHLH","LH",10,40,NA,50
"R_2SjAjZOBFPzb53F","LH",7.82,5,1,4,4,4,"HHLL","HH",40,53.3333333333333,NA,50.625
"R_2SjAjZOBFPzb53F","LH",7.82,5,1,4,4,4,"HHLL","LL",10,40,NA,50
"R_2SjAjZOBFPzb53F","LH",7.82,5,1,4,4,4,"HLHL","HL",45,60,NA,50.2564102564103
"R_2SjAjZOBFPzb53F","LH",7.82,5,1,4,4,4,"HLLH","HL",35,46.6666666666667,NA,50
"R_2SjAjZOBFPzb53F","LH",7.82,5,1,4,4,4,"HLLH","LH",10,40,NA,50.7142857142857
"R_2SjAjZOBFPzb53F","LH",7.82,5,1,4,4,4,"HLLL","HL",25,33.3333333333333,NA,50.7692307692308
"R_2SjAjZOBFPzb53F","LH",7.82,5,1,4,4,4,"HLLL","LL",10,40,NA,50
"R_2SjAjZOBFPzb53F","LH",7.82,5,1,4,4,4,"LHLH","LH",15,60,NA,50.5882352941176
"R_2SjAjZOBFPzb53F","LH",7.82,5,1,4,4,4,"LHLL","LH",15,60,NA,50.6666666666667
"R_2SjAjZOBFPzb53F","LH",7.82,5,1,4,4,4,"LHLL","LL",10,40,NA,50.6666666666667
"R_2SjAjZOBFPzb53F","LH",7.82,5,1,4,4,4,"LLLL","LL",10,40,NA,50.7692307692308
"R_27eTokjWROfFdV9","LH",34.88,2,2,4,5,1,"HHHH","HH",75,100,NA,50.1960784313725
"R_27eTokjWROfFdV9","LH",34.88,2,2,4,5,1,"HHHL","HH",0,0,NA,50.2222222222222
"R_27eTokjWROfFdV9","LH",34.88,2,2,4,5,1,"HHHL","HL",0,0,NA,50.2222222222222
"R_27eTokjWROfFdV9","LH",34.88,2,2,4,5,1,"HHLH","HH",25,33.3333333333333,NA,50.5882352941176
"R_27eTokjWROfFdV9","LH",34.88,2,2,4,5,1,"HHLH","LH",25,100,NA,50
"R_27eTokjWROfFdV9","LH",34.88,2,2,4,5,1,"HHLL","HH",75,100,NA,50.625
"R_27eTokjWROfFdV9","LH",34.88,2,2,4,5,1,"HHLL","LL",0,0,NA,50
"R_27eTokjWROfFdV9","LH",34.88,2,2,4,5,1,"HLHL","HL",0,0,NA,50.2564102564103
"R_27eTokjWROfFdV9","LH",34.88,2,2,4,5,1,"HLLH","HL",0,0,NA,50.7142857142857
"R_27eTokjWROfFdV9","LH",34.88,2,2,4,5,1,"HLLH","LH",25,100,NA,50
"R_27eTokjWROfFdV9","LH",34.88,2,2,4,5,1,"HLLL","HL",0,0,NA,50.7692307692308
"R_27eTokjWROfFdV9","LH",34.88,2,2,4,5,1,"HLLL","LL",0,0,NA,50
"R_27eTokjWROfFdV9","LH",34.88,2,2,4,5,1,"LHLH","LH",25,100,NA,50.5882352941176
"R_27eTokjWROfFdV9","LH",34.88,2,2,4,5,1,"LHLL","LH",25,100,NA,50.6666666666667
"R_27eTokjWROfFdV9","LH",34.88,2,2,4,5,1,"LHLL","LL",0,0,NA,50.6666666666667
"R_27eTokjWROfFdV9","LH",34.88,2,2,4,5,1,"LLLL","LL",0,0,NA,50.7692307692308
"R_Rb1ShInq1Uc7dex","LH",7.82,4,2,3,2,2,"HHHH","HH",25,33.3333333333333,NA,50.1960784313725
"R_Rb1ShInq1Uc7dex","LH",7.82,4,2,3,2,2,"HHHL","HH",25,33.3333333333333,NA,50.2222222222222
"R_Rb1ShInq1Uc7dex","LH",7.82,4,2,3,2,2,"HHHL","HL",25,33.3333333333333,NA,50.2222222222222
"R_Rb1ShInq1Uc7dex","LH",7.82,4,2,3,2,2,"HHLH","HH",25,33.3333333333333,NA,50.2941176470588
"R_Rb1ShInq1Uc7dex","LH",7.82,4,2,3,2,2,"HHLH","LH",10,40,NA,50.2941176470588
"R_Rb1ShInq1Uc7dex","LH",7.82,4,2,3,2,2,"HHLL","HH",25,33.3333333333333,NA,50.3125
"R_Rb1ShInq1Uc7dex","LH",7.82,4,2,3,2,2,"HHLL","LL",10,40,NA,50.3125
"R_Rb1ShInq1Uc7dex","LH",7.82,4,2,3,2,2,"HLHL","HL",25,33.3333333333333,NA,50.2564102564103
"R_Rb1ShInq1Uc7dex","LH",7.82,4,2,3,2,2,"HLLH","HL",25,33.3333333333333,NA,50.3571428571429
"R_Rb1ShInq1Uc7dex","LH",7.82,4,2,3,2,2,"HLLH","LH",10,40,NA,50.3571428571429
"R_Rb1ShInq1Uc7dex","LH",7.82,4,2,3,2,2,"HLLL","HL",25,33.3333333333333,NA,50.3846153846154
"R_Rb1ShInq1Uc7dex","LH",7.82,4,2,3,2,2,"HLLL","LL",10,40,NA,50.3846153846154
"R_Rb1ShInq1Uc7dex","LH",7.82,4,2,3,2,2,"LHLH","LH",10,40,NA,50.5882352941176
"R_Rb1ShInq1Uc7dex","LH",7.82,4,2,3,2,2,"LHLL","LH",10,40,NA,50.6666666666667
"R_Rb1ShInq1Uc7dex","LH",7.82,4,2,3,2,2,"LHLL","LL",10,40,NA,50.6666666666667
"R_Rb1ShInq1Uc7dex","LH",7.82,4,2,3,2,2,"LLLL","LL",10,40,NA,50.7692307692308
"R_3k6RN3ZIoimVgnd","LH",37.48,1,1,4,2,2,"HHHH","HH",60,80,NA,50.1960784313725
"R_3k6RN3ZIoimVgnd","LH",37.48,1,1,4,2,2,"HHHL","HH",60,80,NA,50.2222222222222
"R_3k6RN3ZIoimVgnd","LH",37.48,1,1,4,2,2,"HHHL","HL",60,80,NA,50.2222222222222
"R_3k6RN3ZIoimVgnd","LH",37.48,1,1,4,2,2,"HHLH","HH",60,80,NA,50.5882352941176
"R_3k6RN3ZIoimVgnd","LH",37.48,1,1,4,2,2,"HHLH","LH",15,60,NA,50
"R_3k6RN3ZIoimVgnd","LH",37.48,1,1,4,2,2,"HHLL","HH",60,80,NA,50.625
"R_3k6RN3ZIoimVgnd","LH",37.48,1,1,4,2,2,"HHLL","LL",15,60,NA,50
"R_3k6RN3ZIoimVgnd","LH",37.48,1,1,4,2,2,"HLHL","HL",60,80,NA,50.2564102564103
"R_3k6RN3ZIoimVgnd","LH",37.48,1,1,4,2,2,"HLLH","HL",60,80,NA,50.7142857142857
"R_3k6RN3ZIoimVgnd","LH",37.48,1,1,4,2,2,"HLLH","LH",15,60,NA,50
"R_3k6RN3ZIoimVgnd","LH",37.48,1,1,4,2,2,"HLLL","HL",60,80,NA,50.7692307692308
"R_3k6RN3ZIoimVgnd","LH",37.48,1,1,4,2,2,"HLLL","LL",15,60,NA,50
"R_3k6RN3ZIoimVgnd","LH",37.48,1,1,4,2,2,"LHLH","LH",15,60,NA,50.5882352941176
"R_3k6RN3ZIoimVgnd","LH",37.48,1,1,4,2,2,"LHLL","LH",15,60,NA,50.6666666666667
"R_3k6RN3ZIoimVgnd","LH",37.48,1,1,4,2,2,"LHLL","LL",15,60,NA,50.6666666666667
"R_3k6RN3ZIoimVgnd","LH",37.48,1,1,4,2,2,"LLLL","LL",15,60,NA,50.7692307692308
"R_3IaCwPXUMNVmEt3","LH",-7.94,4,2,3,3,2,"HHHH","HH",30,40,NA,50.1960784313725
"R_3IaCwPXUMNVmEt3","LH",-7.94,4,2,3,3,2,"HHHL","HH",25,33.3333333333333,NA,50.2222222222222
"R_3IaCwPXUMNVmEt3","LH",-7.94,4,2,3,3,2,"HHHL","HL",20,26.6666666666667,NA,50.2222222222222
"R_3IaCwPXUMNVmEt3","LH",-7.94,4,2,3,3,2,"HHLH","HH",25,33.3333333333333,NA,58.8235294117647
"R_3IaCwPXUMNVmEt3","LH",-7.94,4,2,3,3,2,"HHLH","LH",10,40,NA,41.7647058823529
"R_3IaCwPXUMNVmEt3","LH",-7.94,4,2,3,3,2,"HHLL","HH",30,40,NA,62.5
"R_3IaCwPXUMNVmEt3","LH",-7.94,4,2,3,3,2,"HHLL","LL",5,20,NA,38.125
"R_3IaCwPXUMNVmEt3","LH",-7.94,4,2,3,3,2,"HLHL","HL",20,26.6666666666667,NA,50.2564102564103
"R_3IaCwPXUMNVmEt3","LH",-7.94,4,2,3,3,2,"HLLH","HL",15,20,NA,64.2857142857143
"R_3IaCwPXUMNVmEt3","LH",-7.94,4,2,3,3,2,"HLLH","LH",5,20,NA,36.4285714285714
"R_3IaCwPXUMNVmEt3","LH",-7.94,4,2,3,3,2,"HLLL","HL",15,20,NA,69.2307692307692
"R_3IaCwPXUMNVmEt3","LH",-7.94,4,2,3,3,2,"HLLL","LL",5,20,NA,31.5384615384615
"R_3IaCwPXUMNVmEt3","LH",-7.94,4,2,3,3,2,"LHLH","LH",10,40,NA,50.5882352941176
"R_3IaCwPXUMNVmEt3","LH",-7.94,4,2,3,3,2,"LHLL","LH",8,32,NA,50.6666666666667
"R_3IaCwPXUMNVmEt3","LH",-7.94,4,2,3,3,2,"LHLL","LL",5,20,NA,50.6666666666667
"R_3IaCwPXUMNVmEt3","LH",-7.94,4,2,3,3,2,"LLLL","LL",10,40,NA,50.7692307692308
"R_10HRKGvS7EJvqi5","LH",-7.82,4,2,4,4,4,"HHHH","HH",75,100,NA,50.1960784313725
"R_10HRKGvS7EJvqi5","LH",-7.82,4,2,4,4,4,"HHHL","HH",75,100,NA,50.2222222222222
"R_10HRKGvS7EJvqi5","LH",-7.82,4,2,4,4,4,"HHHL","HL",75,100,NA,50.2222222222222
"R_10HRKGvS7EJvqi5","LH",-7.82,4,2,4,4,4,"HHLH","HH",75,100,NA,50.2941176470588
"R_10HRKGvS7EJvqi5","LH",-7.82,4,2,4,4,4,"HHLH","LH",25,100,NA,50.2941176470588
"R_10HRKGvS7EJvqi5","LH",-7.82,4,2,4,4,4,"HHLL","HH",75,100,NA,50.3125
"R_10HRKGvS7EJvqi5","LH",-7.82,4,2,4,4,4,"HHLL","LL",25,100,NA,50.3125
"R_10HRKGvS7EJvqi5","LH",-7.82,4,2,4,4,4,"HLHL","HL",75,100,NA,50.2564102564103
"R_10HRKGvS7EJvqi5","LH",-7.82,4,2,4,4,4,"HLLH","HL",75,100,NA,50.3571428571429
"R_10HRKGvS7EJvqi5","LH",-7.82,4,2,4,4,4,"HLLH","LH",25,100,NA,50.3571428571429
"R_10HRKGvS7EJvqi5","LH",-7.82,4,2,4,4,4,"HLLL","HL",75,100,NA,50.3846153846154
"R_10HRKGvS7EJvqi5","LH",-7.82,4,2,4,4,4,"HLLL","LL",25,100,NA,50.3846153846154
"R_10HRKGvS7EJvqi5","LH",-7.82,4,2,4,4,4,"LHLH","LH",25,100,NA,50.5882352941176
"R_10HRKGvS7EJvqi5","LH",-7.82,4,2,4,4,4,"LHLL","LH",25,100,NA,50.6666666666667
"R_10HRKGvS7EJvqi5","LH",-7.82,4,2,4,4,4,"LHLL","LL",25,100,NA,50.6666666666667
"R_10HRKGvS7EJvqi5","LH",-7.82,4,2,4,4,4,"LLLL","LL",25,100,NA,50.7692307692308
"R_1NDEmBRgmA8AhCl","LH",26.87,3,3,4,4,4,"HHHH","HH",0,0,NA,50.1960784313725
"R_1NDEmBRgmA8AhCl","LH",26.87,3,3,4,4,4,"HHHL","HH",0,0,NA,56
"R_1NDEmBRgmA8AhCl","LH",26.87,3,3,4,4,4,"HHHL","HL",0,0,NA,44.4444444444444
"R_1NDEmBRgmA8AhCl","LH",26.87,3,3,4,4,4,"HHLH","HH",0,0,NA,58.8235294117647
"R_1NDEmBRgmA8AhCl","LH",26.87,3,3,4,4,4,"HHLH","LH",0,0,NA,41.7647058823529
"R_1NDEmBRgmA8AhCl","LH",26.87,3,3,4,4,4,"HHLL","HH",0,0,NA,69.375
"R_1NDEmBRgmA8AhCl","LH",26.87,3,3,4,4,4,"HHLL","LL",0,0,NA,31.25
"R_1NDEmBRgmA8AhCl","LH",26.87,3,3,4,4,4,"HLHL","HL",0,0,NA,50.2564102564103
"R_1NDEmBRgmA8AhCl","LH",26.87,3,3,4,4,4,"HLLH","HL",0,0,NA,57.8571428571429
"R_1NDEmBRgmA8AhCl","LH",26.87,3,3,4,4,4,"HLLH","LH",0,0,NA,42.8571428571429
"R_1NDEmBRgmA8AhCl","LH",26.87,3,3,4,4,4,"HLLL","HL",0,0,NA,62.3076923076923
"R_1NDEmBRgmA8AhCl","LH",26.87,3,3,4,4,4,"HLLL","LL",0,0,NA,38.4615384615385
"R_1NDEmBRgmA8AhCl","LH",26.87,3,3,4,4,4,"LHLH","LH",0,0,NA,50.5882352941176
"R_1NDEmBRgmA8AhCl","LH",26.87,3,3,4,4,4,"LHLL","LH",0,0,NA,50.6666666666667
"R_1NDEmBRgmA8AhCl","LH",26.87,3,3,4,4,4,"LHLL","LL",0,0,NA,50.6666666666667
"R_1NDEmBRgmA8AhCl","LH",26.87,3,3,4,4,4,"LLLL","LL",0,0,NA,50.7692307692308
"R_vDDj1FS8ofWjTDb","LH",22.3,3,3,4,4,4,"HHHH","HH",40,53.3333333333333,NA,41.5686274509804
"R_vDDj1FS8ofWjTDb","LH",22.3,3,3,4,4,4,"HHHL","HH",45,60,NA,11.5555555555556
"R_vDDj1FS8ofWjTDb","LH",22.3,3,3,4,4,4,"HHHL","HL",45,60,NA,88.8888888888889
"R_vDDj1FS8ofWjTDb","LH",22.3,3,3,4,4,4,"HHLH","HH",31,41.3333333333333,NA,41.7647058823529
"R_vDDj1FS8ofWjTDb","LH",22.3,3,3,4,4,4,"HHLH","LH",15,60,NA,58.8235294117647
"R_vDDj1FS8ofWjTDb","LH",22.3,3,3,4,4,4,"HHLL","HH",30,40,NA,38.125
"R_vDDj1FS8ofWjTDb","LH",22.3,3,3,4,4,4,"HHLL","LL",21,84,NA,62.5
"R_vDDj1FS8ofWjTDb","LH",22.3,3,3,4,4,4,"HLHL","HL",50,66.6666666666667,NA,49.2307692307692
"R_vDDj1FS8ofWjTDb","LH",22.3,3,3,4,4,4,"HLLH","HL",12,16,NA,29.2857142857143
"R_vDDj1FS8ofWjTDb","LH",22.3,3,3,4,4,4,"HLLH","LH",16,64,NA,71.4285714285714
"R_vDDj1FS8ofWjTDb","LH",22.3,3,3,4,4,4,"HLLL","HL",40,53.3333333333333,NA,76.9230769230769
"R_vDDj1FS8ofWjTDb","LH",22.3,3,3,4,4,4,"HLLL","LL",20,80,NA,23.8461538461538
"R_vDDj1FS8ofWjTDb","LH",22.3,3,3,4,4,4,"LHLH","LH",20,80,NA,54.1176470588235
"R_vDDj1FS8ofWjTDb","LH",22.3,3,3,4,4,4,"LHLL","LH",12,48,NA,34.6666666666667
"R_vDDj1FS8ofWjTDb","LH",22.3,3,3,4,4,4,"LHLL","LL",12,48,NA,66.6666666666667
"R_vDDj1FS8ofWjTDb","LH",22.3,3,3,4,4,4,"LLLL","LL",20,80,NA,55.3846153846154
"R_1runqq5fD7lxh3l","LH",32.56,3,2,3,3,3,"HHHH","HH",50,66.6666666666667,NA,50.1960784313725
"R_1runqq5fD7lxh3l","LH",32.56,3,2,3,3,3,"HHHL","HH",40,53.3333333333333,NA,50.2222222222222
"R_1runqq5fD7lxh3l","LH",32.56,3,2,3,3,3,"HHHL","HL",40,53.3333333333333,NA,50.2222222222222
"R_1runqq5fD7lxh3l","LH",32.56,3,2,3,3,3,"HHLH","HH",40,53.3333333333333,NA,64.7058823529412
"R_1runqq5fD7lxh3l","LH",32.56,3,2,3,3,3,"HHLH","LH",10,40,NA,35.8823529411765
"R_1runqq5fD7lxh3l","LH",32.56,3,2,3,3,3,"HHLL","HH",40,53.3333333333333,NA,62.5
"R_1runqq5fD7lxh3l","LH",32.56,3,2,3,3,3,"HHLL","LL",10,40,NA,38.125
"R_1runqq5fD7lxh3l","LH",32.56,3,2,3,3,3,"HLHL","HL",40,53.3333333333333,NA,50.2564102564103
"R_1runqq5fD7lxh3l","LH",32.56,3,2,3,3,3,"HLLH","HL",40,53.3333333333333,NA,64.2857142857143
"R_1runqq5fD7lxh3l","LH",32.56,3,2,3,3,3,"HLLH","LH",10,40,NA,36.4285714285714
"R_1runqq5fD7lxh3l","LH",32.56,3,2,3,3,3,"HLLL","HL",10,13.3333333333333,NA,73.0769230769231
"R_1runqq5fD7lxh3l","LH",32.56,3,2,3,3,3,"HLLL","LL",10,40,NA,27.6923076923077
"R_1runqq5fD7lxh3l","LH",32.56,3,2,3,3,3,"LHLH","LH",10,40,NA,50.5882352941176
"R_1runqq5fD7lxh3l","LH",32.56,3,2,3,3,3,"LHLL","LH",10,40,NA,50.6666666666667
"R_1runqq5fD7lxh3l","LH",32.56,3,2,3,3,3,"LHLL","LL",10,40,NA,50.6666666666667
"R_1runqq5fD7lxh3l","LH",32.56,3,2,3,3,3,"LLLL","LL",10,40,NA,50.7692307692308
"R_D1bJvIguOYoOykN","LH",31.5,4,3,5,3,5,"HHHH","HH",40,53.3333333333333,NA,50.1960784313725
"R_D1bJvIguOYoOykN","LH",31.5,4,3,5,3,5,"HHHL","HH",50,66.6666666666667,NA,50.2222222222222
"R_D1bJvIguOYoOykN","LH",31.5,4,3,5,3,5,"HHHL","HL",40,53.3333333333333,NA,50.2222222222222
"R_D1bJvIguOYoOykN","LH",31.5,4,3,5,3,5,"HHLH","HH",40,53.3333333333333,NA,50.5882352941176
"R_D1bJvIguOYoOykN","LH",31.5,4,3,5,3,5,"HHLH","LH",15,60,NA,50
"R_D1bJvIguOYoOykN","LH",31.5,4,3,5,3,5,"HHLL","HH",40,53.3333333333333,NA,50.625
"R_D1bJvIguOYoOykN","LH",31.5,4,3,5,3,5,"HHLL","LL",10,40,NA,50
"R_D1bJvIguOYoOykN","LH",31.5,4,3,5,3,5,"HLHL","HL",50,66.6666666666667,NA,50.2564102564103
"R_D1bJvIguOYoOykN","LH",31.5,4,3,5,3,5,"HLLH","HL",30,40,NA,50
"R_D1bJvIguOYoOykN","LH",31.5,4,3,5,3,5,"HLLH","LH",10,40,NA,50.7142857142857
"R_D1bJvIguOYoOykN","LH",31.5,4,3,5,3,5,"HLLL","HL",40,53.3333333333333,NA,50.7692307692308
"R_D1bJvIguOYoOykN","LH",31.5,4,3,5,3,5,"HLLL","LL",10,40,NA,50
"R_D1bJvIguOYoOykN","LH",31.5,4,3,5,3,5,"LHLH","LH",10,40,NA,50.5882352941176
"R_D1bJvIguOYoOykN","LH",31.5,4,3,5,3,5,"LHLL","LH",12,48,NA,50.6666666666667
"R_D1bJvIguOYoOykN","LH",31.5,4,3,5,3,5,"LHLL","LL",10,40,NA,50.6666666666667
"R_D1bJvIguOYoOykN","LH",31.5,4,3,5,3,5,"LLLL","LL",10,40,NA,50.7692307692308
"R_1QEoRqW0tyGZkfG","LH",7.82,5,1,5,6,5,"HHHH","HH",50,66.6666666666667,NA,50.1960784313725
"R_1QEoRqW0tyGZkfG","LH",7.82,5,1,5,6,5,"HHHL","HH",50,66.6666666666667,NA,56.8888888888889
"R_1QEoRqW0tyGZkfG","LH",7.82,5,1,5,6,5,"HHHL","HL",30,40,NA,43.5555555555556
"R_1QEoRqW0tyGZkfG","LH",7.82,5,1,5,6,5,"HHLH","HH",50,66.6666666666667,NA,50.5882352941176
"R_1QEoRqW0tyGZkfG","LH",7.82,5,1,5,6,5,"HHLH","LH",0,0,NA,50
"R_1QEoRqW0tyGZkfG","LH",7.82,5,1,5,6,5,"HHLL","HH",50,66.6666666666667,NA,50.625
"R_1QEoRqW0tyGZkfG","LH",7.82,5,1,5,6,5,"HHLL","LL",0,0,NA,50
"R_1QEoRqW0tyGZkfG","LH",7.82,5,1,5,6,5,"HLHL","HL",30,40,NA,50.2564102564103
"R_1QEoRqW0tyGZkfG","LH",7.82,5,1,5,6,5,"HLLH","HL",30,40,NA,50.7142857142857
"R_1QEoRqW0tyGZkfG","LH",7.82,5,1,5,6,5,"HLLH","LH",5,20,NA,50
"R_1QEoRqW0tyGZkfG","LH",7.82,5,1,5,6,5,"HLLL","HL",30,40,NA,50.7692307692308
"R_1QEoRqW0tyGZkfG","LH",7.82,5,1,5,6,5,"HLLL","LL",5,20,NA,50
"R_1QEoRqW0tyGZkfG","LH",7.82,5,1,5,6,5,"LHLH","LH",5,20,NA,50.5882352941176
"R_1QEoRqW0tyGZkfG","LH",7.82,5,1,5,6,5,"LHLL","LH",5,20,NA,50.6666666666667
"R_1QEoRqW0tyGZkfG","LH",7.82,5,1,5,6,5,"LHLL","LL",0,0,NA,50.6666666666667
"R_1QEoRqW0tyGZkfG","LH",7.82,5,1,5,6,5,"LLLL","LL",25,100,NA,50.7692307692308
"R_8A04Q2IMQyZlg1r","LH",7.82,4,2,4,3,3,"HHHH","HH",75,100,NA,50.1960784313725
"R_8A04Q2IMQyZlg1r","LH",7.82,4,2,4,3,3,"HHHL","HH",75,100,NA,50.2222222222222
"R_8A04Q2IMQyZlg1r","LH",7.82,4,2,4,3,3,"HHHL","HL",75,100,NA,50.2222222222222
"R_8A04Q2IMQyZlg1r","LH",7.82,4,2,4,3,3,"HHLH","HH",75,100,NA,50.5882352941176
"R_8A04Q2IMQyZlg1r","LH",7.82,4,2,4,3,3,"HHLH","LH",25,100,NA,50
"R_8A04Q2IMQyZlg1r","LH",7.82,4,2,4,3,3,"HHLL","HH",75,100,NA,50.625
"R_8A04Q2IMQyZlg1r","LH",7.82,4,2,4,3,3,"HHLL","LL",5,20,NA,50
"R_8A04Q2IMQyZlg1r","LH",7.82,4,2,4,3,3,"HLHL","HL",75,100,NA,50.2564102564103
"R_8A04Q2IMQyZlg1r","LH",7.82,4,2,4,3,3,"HLLH","HL",75,100,NA,71.4285714285714
"R_8A04Q2IMQyZlg1r","LH",7.82,4,2,4,3,3,"HLLH","LH",20,80,NA,29.2857142857143
"R_8A04Q2IMQyZlg1r","LH",7.82,4,2,4,3,3,"HLLL","HL",50,66.6666666666667,NA,50.7692307692308
"R_8A04Q2IMQyZlg1r","LH",7.82,4,2,4,3,3,"HLLL","LL",0,0,NA,50
"R_8A04Q2IMQyZlg1r","LH",7.82,4,2,4,3,3,"LHLH","LH",25,100,NA,50.5882352941176
"R_8A04Q2IMQyZlg1r","LH",7.82,4,2,4,3,3,"LHLL","LH",25,100,NA,50.6666666666667
"R_8A04Q2IMQyZlg1r","LH",7.82,4,2,4,3,3,"LHLL","LL",25,100,NA,50.6666666666667
"R_8A04Q2IMQyZlg1r","LH",7.82,4,2,4,3,3,"LLLL","LL",25,100,NA,50.7692307692308
"R_ZIxLbr29CBfcAVP","LH",45,4,4,4,4,4,"HHHH","HH",75,100,NA,50.1960784313725
"R_ZIxLbr29CBfcAVP","LH",45,4,4,4,4,4,"HHHL","HH",75,100,NA,50.2222222222222
"R_ZIxLbr29CBfcAVP","LH",45,4,4,4,4,4,"HHHL","HL",75,100,NA,50.2222222222222
"R_ZIxLbr29CBfcAVP","LH",45,4,4,4,4,4,"HHLH","HH",60,80,NA,50.2941176470588
"R_ZIxLbr29CBfcAVP","LH",45,4,4,4,4,4,"HHLH","LH",25,100,NA,50.2941176470588
"R_ZIxLbr29CBfcAVP","LH",45,4,4,4,4,4,"HHLL","HH",60,80,NA,50.3125
"R_ZIxLbr29CBfcAVP","LH",45,4,4,4,4,4,"HHLL","LL",20,80,NA,50.3125
"R_ZIxLbr29CBfcAVP","LH",45,4,4,4,4,4,"HLHL","HL",75,100,NA,50.2564102564103
"R_ZIxLbr29CBfcAVP","LH",45,4,4,4,4,4,"HLLH","HL",60,80,NA,50.3571428571429
"R_ZIxLbr29CBfcAVP","LH",45,4,4,4,4,4,"HLLH","LH",25,100,NA,50.3571428571429
"R_ZIxLbr29CBfcAVP","LH",45,4,4,4,4,4,"HLLL","HL",60,80,NA,50.3846153846154
"R_ZIxLbr29CBfcAVP","LH",45,4,4,4,4,4,"HLLL","LL",25,100,NA,50.3846153846154
"R_ZIxLbr29CBfcAVP","LH",45,4,4,4,4,4,"LHLH","LH",25,100,NA,50.5882352941176
"R_ZIxLbr29CBfcAVP","LH",45,4,4,4,4,4,"LHLL","LH",25,100,NA,50.6666666666667
"R_ZIxLbr29CBfcAVP","LH",45,4,4,4,4,4,"LHLL","LL",25,100,NA,50.6666666666667
"R_ZIxLbr29CBfcAVP","LH",45,4,4,4,4,4,"LLLL","LL",25,100,NA,50.7692307692308
"R_2WJwo4DDlIQVyp2","LH",7.82,3,2,3,5,3,"HHHH","HH",30,40,NA,50.1960784313725
"R_2WJwo4DDlIQVyp2","LH",7.82,3,2,3,5,3,"HHHL","HH",30,40,NA,50.2222222222222
"R_2WJwo4DDlIQVyp2","LH",7.82,3,2,3,5,3,"HHHL","HL",30,40,NA,50.2222222222222
"R_2WJwo4DDlIQVyp2","LH",7.82,3,2,3,5,3,"HHLH","HH",30,40,NA,50.5882352941176
"R_2WJwo4DDlIQVyp2","LH",7.82,3,2,3,5,3,"HHLH","LH",10,40,NA,50
"R_2WJwo4DDlIQVyp2","LH",7.82,3,2,3,5,3,"HHLL","HH",30,40,NA,50.625
"R_2WJwo4DDlIQVyp2","LH",7.82,3,2,3,5,3,"HHLL","LL",10,40,NA,50
"R_2WJwo4DDlIQVyp2","LH",7.82,3,2,3,5,3,"HLHL","HL",10,13.3333333333333,NA,50.2564102564103
"R_2WJwo4DDlIQVyp2","LH",7.82,3,2,3,5,3,"HLLH","HL",30,40,NA,50.7142857142857
"R_2WJwo4DDlIQVyp2","LH",7.82,3,2,3,5,3,"HLLH","LH",10,40,NA,50
"R_2WJwo4DDlIQVyp2","LH",7.82,3,2,3,5,3,"HLLL","HL",30,40,NA,50.7692307692308
"R_2WJwo4DDlIQVyp2","LH",7.82,3,2,3,5,3,"HLLL","LL",10,40,NA,50
"R_2WJwo4DDlIQVyp2","LH",7.82,3,2,3,5,3,"LHLH","LH",10,40,NA,50.5882352941176
"R_2WJwo4DDlIQVyp2","LH",7.82,3,2,3,5,3,"LHLL","LH",10,40,NA,50.6666666666667
"R_2WJwo4DDlIQVyp2","LH",7.82,3,2,3,5,3,"LHLL","LL",10,40,NA,50.6666666666667
"R_2WJwo4DDlIQVyp2","LH",7.82,3,2,3,5,3,"LLLL","LL",10,40,NA,50.7692307692308
"R_24cIR6MNu5B5rYL","LH",37.48,3,4,5,4,6,"HHHH","HH",50,66.6666666666667,NA,50.1960784313725
"R_24cIR6MNu5B5rYL","LH",37.48,3,4,5,4,6,"HHHL","HH",50,66.6666666666667,NA,50.2222222222222
"R_24cIR6MNu5B5rYL","LH",37.48,3,4,5,4,6,"HHHL","HL",20,26.6666666666667,NA,50.2222222222222
"R_24cIR6MNu5B5rYL","LH",37.48,3,4,5,4,6,"HHLH","HH",50,66.6666666666667,NA,50.5882352941176
"R_24cIR6MNu5B5rYL","LH",37.48,3,4,5,4,6,"HHLH","LH",15,60,NA,50
"R_24cIR6MNu5B5rYL","LH",37.48,3,4,5,4,6,"HHLL","HH",50,66.6666666666667,NA,50.625
"R_24cIR6MNu5B5rYL","LH",37.48,3,4,5,4,6,"HHLL","LL",5,20,NA,50
"R_24cIR6MNu5B5rYL","LH",37.48,3,4,5,4,6,"HLHL","HL",25,33.3333333333333,NA,50.2564102564103
"R_24cIR6MNu5B5rYL","LH",37.48,3,4,5,4,6,"HLLH","HL",30,40,NA,50
"R_24cIR6MNu5B5rYL","LH",37.48,3,4,5,4,6,"HLLH","LH",20,80,NA,50.7142857142857
"R_24cIR6MNu5B5rYL","LH",37.48,3,4,5,4,6,"HLLL","HL",15,20,NA,50
"R_24cIR6MNu5B5rYL","LH",37.48,3,4,5,4,6,"HLLL","LL",5,20,NA,50.7692307692308
"R_24cIR6MNu5B5rYL","LH",37.48,3,4,5,4,6,"LHLH","LH",15,60,NA,50.5882352941176
"R_24cIR6MNu5B5rYL","LH",37.48,3,4,5,4,6,"LHLL","LH",15,60,NA,50.6666666666667
"R_24cIR6MNu5B5rYL","LH",37.48,3,4,5,4,6,"LHLL","LL",5,20,NA,50.6666666666667
"R_24cIR6MNu5B5rYL","LH",37.48,3,4,5,4,6,"LLLL","LL",5,20,NA,50.7692307692308
"R_Wd2l20iCjCQCaGt","LH",37.48,4,1,2,3,1,"HHHH","HH",70,93.3333333333333,NA,50.1960784313725
"R_Wd2l20iCjCQCaGt","LH",37.48,4,1,2,3,1,"HHHL","HH",70,93.3333333333333,NA,50.2222222222222
"R_Wd2l20iCjCQCaGt","LH",37.48,4,1,2,3,1,"HHHL","HL",70,93.3333333333333,NA,50.2222222222222
"R_Wd2l20iCjCQCaGt","LH",37.48,4,1,2,3,1,"HHLH","HH",75,100,NA,50.5882352941176
"R_Wd2l20iCjCQCaGt","LH",37.48,4,1,2,3,1,"HHLH","LH",25,100,NA,50
"R_Wd2l20iCjCQCaGt","LH",37.48,4,1,2,3,1,"HHLL","HH",70,93.3333333333333,NA,50.625
"R_Wd2l20iCjCQCaGt","LH",37.48,4,1,2,3,1,"HHLL","LL",20,80,NA,50
"R_Wd2l20iCjCQCaGt","LH",37.48,4,1,2,3,1,"HLHL","HL",70,93.3333333333333,NA,50.2564102564103
"R_Wd2l20iCjCQCaGt","LH",37.48,4,1,2,3,1,"HLLH","HL",70,93.3333333333333,NA,57.8571428571429
"R_Wd2l20iCjCQCaGt","LH",37.48,4,1,2,3,1,"HLLH","LH",20,80,NA,42.8571428571429
"R_Wd2l20iCjCQCaGt","LH",37.48,4,1,2,3,1,"HLLL","HL",70,93.3333333333333,NA,50.7692307692308
"R_Wd2l20iCjCQCaGt","LH",37.48,4,1,2,3,1,"HLLL","LL",20,80,NA,50
"R_Wd2l20iCjCQCaGt","LH",37.48,4,1,2,3,1,"LHLH","LH",25,100,NA,50.5882352941176
"R_Wd2l20iCjCQCaGt","LH",37.48,4,1,2,3,1,"LHLL","LH",25,100,NA,50.6666666666667
"R_Wd2l20iCjCQCaGt","LH",37.48,4,1,2,3,1,"LHLL","LL",20,80,NA,50.6666666666667
"R_Wd2l20iCjCQCaGt","LH",37.48,4,1,2,3,1,"LLLL","LL",20,80,NA,50.7692307692308
"R_57SqI0n83hdYn6x","LH",35.17,4,5,4,4,4,"HHHH","HH",55,73.3333333333333,NA,50.1960784313725
"R_57SqI0n83hdYn6x","LH",35.17,4,5,4,4,4,"HHHL","HH",55,73.3333333333333,NA,66.6666666666667
"R_57SqI0n83hdYn6x","LH",35.17,4,5,4,4,4,"HHHL","HL",35,46.6666666666667,NA,33.7777777777778
"R_57SqI0n83hdYn6x","LH",35.17,4,5,4,4,4,"HHLH","HH",45,60,NA,59.4117647058824
"R_57SqI0n83hdYn6x","LH",35.17,4,5,4,4,4,"HHLH","LH",10,40,NA,41.1764705882353
"R_57SqI0n83hdYn6x","LH",35.17,4,5,4,4,4,"HHLL","HH",65,86.6666666666667,NA,68.75
"R_57SqI0n83hdYn6x","LH",35.17,4,5,4,4,4,"HHLL","LL",10,40,NA,31.875
"R_57SqI0n83hdYn6x","LH",35.17,4,5,4,4,4,"HLHL","HL",40,53.3333333333333,NA,50.2564102564103
"R_57SqI0n83hdYn6x","LH",35.17,4,5,4,4,4,"HLLH","HL",35,46.6666666666667,NA,43.5714285714286
"R_57SqI0n83hdYn6x","LH",35.17,4,5,4,4,4,"HLLH","LH",10,40,NA,57.1428571428571
"R_57SqI0n83hdYn6x","LH",35.17,4,5,4,4,4,"HLLL","HL",35,46.6666666666667,NA,61.5384615384615
"R_57SqI0n83hdYn6x","LH",35.17,4,5,4,4,4,"HLLL","LL",10,40,NA,39.2307692307692
"R_57SqI0n83hdYn6x","LH",35.17,4,5,4,4,4,"LHLH","LH",15,60,NA,50.5882352941176
"R_57SqI0n83hdYn6x","LH",35.17,4,5,4,4,4,"LHLL","LH",15,60,NA,66.6666666666667
"R_57SqI0n83hdYn6x","LH",35.17,4,5,4,4,4,"LHLL","LL",8,32,NA,34.6666666666667
"R_57SqI0n83hdYn6x","LH",35.17,4,5,4,4,4,"LLLL","LL",10,40,NA,50.7692307692308
"R_25KkHMsjM2j3vWK","LH",45,4,2,3,3,2,"HHHH","HH",65,86.6666666666667,NA,50.1960784313725
"R_25KkHMsjM2j3vWK","LH",45,4,2,3,3,2,"HHHL","HH",60,80,NA,53.3333333333333
"R_25KkHMsjM2j3vWK","LH",45,4,2,3,3,2,"HHHL","HL",50,66.6666666666667,NA,47.1111111111111
"R_25KkHMsjM2j3vWK","LH",45,4,2,3,3,2,"HHLH","HH",65,86.6666666666667,NA,52.9411764705882
"R_25KkHMsjM2j3vWK","LH",45,4,2,3,3,2,"HHLH","LH",15,60,NA,47.6470588235294
"R_25KkHMsjM2j3vWK","LH",45,4,2,3,3,2,"HHLL","HH",60,80,NA,56.875
"R_25KkHMsjM2j3vWK","LH",45,4,2,3,3,2,"HHLL","LL",10,40,NA,43.75
"R_25KkHMsjM2j3vWK","LH",45,4,2,3,3,2,"HLHL","HL",50,66.6666666666667,NA,50.2564102564103
"R_25KkHMsjM2j3vWK","LH",45,4,2,3,3,2,"HLLH","HL",50,66.6666666666667,NA,57.1428571428571
"R_25KkHMsjM2j3vWK","LH",45,4,2,3,3,2,"HLLH","LH",10,40,NA,43.5714285714286
"R_25KkHMsjM2j3vWK","LH",45,4,2,3,3,2,"HLLL","HL",60,80,NA,53.8461538461538
"R_25KkHMsjM2j3vWK","LH",45,4,2,3,3,2,"HLLL","LL",10,40,NA,46.9230769230769
"R_25KkHMsjM2j3vWK","LH",45,4,2,3,3,2,"LHLH","LH",15,60,NA,50.5882352941176
"R_25KkHMsjM2j3vWK","LH",45,4,2,3,3,2,"LHLL","LH",15,60,NA,50.6666666666667
"R_25KkHMsjM2j3vWK","LH",45,4,2,3,3,2,"LHLL","LL",10,40,NA,50.6666666666667
"R_25KkHMsjM2j3vWK","LH",45,4,2,3,3,2,"LLLL","LL",25,100,NA,50.7692307692308
"R_yjUAbEnJtZlwPlL","LH",37.48,4,1,5,5,5,"HHHH","HH",75,100,NA,50.1960784313725
"R_yjUAbEnJtZlwPlL","LH",37.48,4,1,5,5,5,"HHHL","HH",75,100,NA,56
"R_yjUAbEnJtZlwPlL","LH",37.48,4,1,5,5,5,"HHHL","HL",75,100,NA,44.4444444444444
"R_yjUAbEnJtZlwPlL","LH",37.48,4,1,5,5,5,"HHLH","HH",75,100,NA,64.7058823529412
"R_yjUAbEnJtZlwPlL","LH",37.48,4,1,5,5,5,"HHLH","LH",25,100,NA,35.8823529411765
"R_yjUAbEnJtZlwPlL","LH",37.48,4,1,5,5,5,"HHLL","HH",75,100,NA,62.5
"R_yjUAbEnJtZlwPlL","LH",37.48,4,1,5,5,5,"HHLL","LL",25,100,NA,38.125
"R_yjUAbEnJtZlwPlL","LH",37.48,4,1,5,5,5,"HLHL","HL",75,100,NA,50.2564102564103
"R_yjUAbEnJtZlwPlL","LH",37.48,4,1,5,5,5,"HLLH","HL",75,100,NA,61.4285714285714
"R_yjUAbEnJtZlwPlL","LH",37.48,4,1,5,5,5,"HLLH","LH",25,100,NA,39.2857142857143
"R_yjUAbEnJtZlwPlL","LH",37.48,4,1,5,5,5,"HLLL","HL",25,33.3333333333333,NA,73.0769230769231
"R_yjUAbEnJtZlwPlL","LH",37.48,4,1,5,5,5,"HLLL","LL",25,100,NA,27.6923076923077
"R_yjUAbEnJtZlwPlL","LH",37.48,4,1,5,5,5,"LHLH","LH",25,100,NA,50.5882352941176
"R_yjUAbEnJtZlwPlL","LH",37.48,4,1,5,5,5,"LHLL","LH",25,100,NA,61.3333333333333
"R_yjUAbEnJtZlwPlL","LH",37.48,4,1,5,5,5,"LHLL","LL",25,100,NA,40
"R_yjUAbEnJtZlwPlL","LH",37.48,4,1,5,5,5,"LLLL","LL",25,100,NA,50.7692307692308
"R_3qZJLd26Fj8LOVs","LH",34.88,4,2,4,4,3,"HHHH","HH",75,100,NA,50.1960784313725
"R_3qZJLd26Fj8LOVs","LH",34.88,4,2,4,4,3,"HHHL","HH",75,100,NA,50.2222222222222
"R_3qZJLd26Fj8LOVs","LH",34.88,4,2,4,4,3,"HHHL","HL",75,100,NA,50.2222222222222
"R_3qZJLd26Fj8LOVs","LH",34.88,4,2,4,4,3,"HHLH","HH",75,100,NA,50.5882352941176
"R_3qZJLd26Fj8LOVs","LH",34.88,4,2,4,4,3,"HHLH","LH",25,100,NA,50
"R_3qZJLd26Fj8LOVs","LH",34.88,4,2,4,4,3,"HHLL","HH",75,100,NA,50.625
"R_3qZJLd26Fj8LOVs","LH",34.88,4,2,4,4,3,"HHLL","LL",25,100,NA,50
"R_3qZJLd26Fj8LOVs","LH",34.88,4,2,4,4,3,"HLHL","HL",75,100,NA,50.2564102564103
"R_3qZJLd26Fj8LOVs","LH",34.88,4,2,4,4,3,"HLLH","HL",75,100,NA,50.7142857142857
"R_3qZJLd26Fj8LOVs","LH",34.88,4,2,4,4,3,"HLLH","LH",25,100,NA,50
"R_3qZJLd26Fj8LOVs","LH",34.88,4,2,4,4,3,"HLLL","HL",75,100,NA,50.7692307692308
"R_3qZJLd26Fj8LOVs","LH",34.88,4,2,4,4,3,"HLLL","LL",25,100,NA,50
"R_3qZJLd26Fj8LOVs","LH",34.88,4,2,4,4,3,"LHLH","LH",25,100,NA,50.5882352941176
"R_3qZJLd26Fj8LOVs","LH",34.88,4,2,4,4,3,"LHLL","LH",25,100,NA,50.6666666666667
"R_3qZJLd26Fj8LOVs","LH",34.88,4,2,4,4,3,"LHLL","LL",25,100,NA,50.6666666666667
"R_3qZJLd26Fj8LOVs","LH",34.88,4,2,4,4,3,"LLLL","LL",25,100,NA,50.7692307692308
"R_2w5DsQxM40nFi7S","LH",34.88,4,2,4,4,4,"HHHH","HH",60,80,NA,50.1960784313725
"R_2w5DsQxM40nFi7S","LH",34.88,4,2,4,4,4,"HHHL","HH",50,66.6666666666667,NA,50.2222222222222
"R_2w5DsQxM40nFi7S","LH",34.88,4,2,4,4,4,"HHHL","HL",40,53.3333333333333,NA,50.2222222222222
"R_2w5DsQxM40nFi7S","LH",34.88,4,2,4,4,4,"HHLH","HH",50,66.6666666666667,NA,50.5882352941176
"R_2w5DsQxM40nFi7S","LH",34.88,4,2,4,4,4,"HHLH","LH",15,60,NA,50
"R_2w5DsQxM40nFi7S","LH",34.88,4,2,4,4,4,"HHLL","HH",50,66.6666666666667,NA,50.625
"R_2w5DsQxM40nFi7S","LH",34.88,4,2,4,4,4,"HHLL","LL",10,40,NA,50
"R_2w5DsQxM40nFi7S","LH",34.88,4,2,4,4,4,"HLHL","HL",40,53.3333333333333,NA,50.2564102564103
"R_2w5DsQxM40nFi7S","LH",34.88,4,2,4,4,4,"HLLH","HL",35,46.6666666666667,NA,50.7142857142857
"R_2w5DsQxM40nFi7S","LH",34.88,4,2,4,4,4,"HLLH","LH",20,80,NA,50
"R_2w5DsQxM40nFi7S","LH",34.88,4,2,4,4,4,"HLLL","HL",50,66.6666666666667,NA,50.7692307692308
"R_2w5DsQxM40nFi7S","LH",34.88,4,2,4,4,4,"HLLL","LL",15,60,NA,50
"R_2w5DsQxM40nFi7S","LH",34.88,4,2,4,4,4,"LHLH","LH",15,60,NA,50.5882352941176
"R_2w5DsQxM40nFi7S","LH",34.88,4,2,4,4,4,"LHLL","LH",15,60,NA,50.6666666666667
"R_2w5DsQxM40nFi7S","LH",34.88,4,2,4,4,4,"LHLL","LL",10,40,NA,50.6666666666667
"R_2w5DsQxM40nFi7S","LH",34.88,4,2,4,4,4,"LLLL","LL",15,60,NA,50.7692307692308
"R_3k7mOolEXb7c11G","LH",17.71,3,4,4,4,3,"HHHH","HH",45,60,NA,50.1960784313725
"R_3k7mOolEXb7c11G","LH",17.71,3,4,4,4,3,"HHHL","HH",50,66.6666666666667,NA,50.2222222222222
"R_3k7mOolEXb7c11G","LH",17.71,3,4,4,4,3,"HHHL","HL",35,46.6666666666667,NA,50.2222222222222
"R_3k7mOolEXb7c11G","LH",17.71,3,4,4,4,3,"HHLH","HH",50,66.6666666666667,NA,50.5882352941176
"R_3k7mOolEXb7c11G","LH",17.71,3,4,4,4,3,"HHLH","LH",15,60,NA,50
"R_3k7mOolEXb7c11G","LH",17.71,3,4,4,4,3,"HHLL","HH",25,33.3333333333333,NA,50.625
"R_3k7mOolEXb7c11G","LH",17.71,3,4,4,4,3,"HHLL","LL",5,20,NA,50
"R_3k7mOolEXb7c11G","LH",17.71,3,4,4,4,3,"HLHL","HL",40,53.3333333333333,NA,50.2564102564103
"R_3k7mOolEXb7c11G","LH",17.71,3,4,4,4,3,"HLLH","HL",25,33.3333333333333,NA,50.7142857142857
"R_3k7mOolEXb7c11G","LH",17.71,3,4,4,4,3,"HLLH","LH",10,40,NA,50
"R_3k7mOolEXb7c11G","LH",17.71,3,4,4,4,3,"HLLL","HL",25,33.3333333333333,NA,50.7692307692308
"R_3k7mOolEXb7c11G","LH",17.71,3,4,4,4,3,"HLLL","LL",10,40,NA,50
"R_3k7mOolEXb7c11G","LH",17.71,3,4,4,4,3,"LHLH","LH",10,40,NA,50.5882352941176
"R_3k7mOolEXb7c11G","LH",17.71,3,4,4,4,3,"LHLL","LH",10,40,NA,50.6666666666667
"R_3k7mOolEXb7c11G","LH",17.71,3,4,4,4,3,"LHLL","LL",5,20,NA,50.6666666666667
"R_3k7mOolEXb7c11G","LH",17.71,3,4,4,4,3,"LLLL","LL",5,20,NA,50.7692307692308
"R_6xwGhvXGRpXw2zL","LH",34.88,2,2,2,3,2,"HHHH","HH",50,66.6666666666667,NA,50.1960784313725
"R_6xwGhvXGRpXw2zL","LH",34.88,2,2,2,3,2,"HHHL","HH",50,66.6666666666667,NA,50.2222222222222
"R_6xwGhvXGRpXw2zL","LH",34.88,2,2,2,3,2,"HHHL","HL",50,66.6666666666667,NA,50.2222222222222
"R_6xwGhvXGRpXw2zL","LH",34.88,2,2,2,3,2,"HHLH","HH",50,66.6666666666667,NA,41.7647058823529
"R_6xwGhvXGRpXw2zL","LH",34.88,2,2,2,3,2,"HHLH","LH",15,60,NA,58.8235294117647
"R_6xwGhvXGRpXw2zL","LH",34.88,2,2,2,3,2,"HHLL","HH",50,66.6666666666667,NA,50
"R_6xwGhvXGRpXw2zL","LH",34.88,2,2,2,3,2,"HHLL","LL",15,60,NA,50.625
"R_6xwGhvXGRpXw2zL","LH",34.88,2,2,2,3,2,"HLHL","HL",50,66.6666666666667,NA,50.2564102564103
"R_6xwGhvXGRpXw2zL","LH",34.88,2,2,2,3,2,"HLLH","HL",50,66.6666666666667,NA,29.2857142857143
"R_6xwGhvXGRpXw2zL","LH",34.88,2,2,2,3,2,"HLLH","LH",15,60,NA,71.4285714285714
"R_6xwGhvXGRpXw2zL","LH",34.88,2,2,2,3,2,"HLLL","HL",50,66.6666666666667,NA,50
"R_6xwGhvXGRpXw2zL","LH",34.88,2,2,2,3,2,"HLLL","LL",15,60,NA,50.7692307692308
"R_6xwGhvXGRpXw2zL","LH",34.88,2,2,2,3,2,"LHLH","LH",20,80,NA,50.5882352941176
"R_6xwGhvXGRpXw2zL","LH",34.88,2,2,2,3,2,"LHLL","LH",15,60,NA,53.3333333333333
"R_6xwGhvXGRpXw2zL","LH",34.88,2,2,2,3,2,"LHLL","LL",15,60,NA,48
"R_6xwGhvXGRpXw2zL","LH",34.88,2,2,2,3,2,"LLLL","LL",15,60,NA,50.7692307692308
"R_3jVw0Mr5lGIr1RD","LH",37.48,5,1,1,1,1,"HHHH","HH",50,66.6666666666667,NA,50.1960784313725
"R_3jVw0Mr5lGIr1RD","LH",37.48,5,1,1,1,1,"HHHL","HH",50,66.6666666666667,NA,50.2222222222222
"R_3jVw0Mr5lGIr1RD","LH",37.48,5,1,1,1,1,"HHHL","HL",50,66.6666666666667,NA,50.2222222222222
"R_3jVw0Mr5lGIr1RD","LH",37.48,5,1,1,1,1,"HHLH","HH",50,66.6666666666667,NA,50
"R_3jVw0Mr5lGIr1RD","LH",37.48,5,1,1,1,1,"HHLH","LH",15,60,NA,50.5882352941176
"R_3jVw0Mr5lGIr1RD","LH",37.48,5,1,1,1,1,"HHLL","HH",50,66.6666666666667,NA,50
"R_3jVw0Mr5lGIr1RD","LH",37.48,5,1,1,1,1,"HHLL","LL",10,40,NA,50.625
"R_3jVw0Mr5lGIr1RD","LH",37.48,5,1,1,1,1,"HLHL","HL",50,66.6666666666667,NA,50.2564102564103
"R_3jVw0Mr5lGIr1RD","LH",37.48,5,1,1,1,1,"HLLH","HL",45,60,NA,50
"R_3jVw0Mr5lGIr1RD","LH",37.48,5,1,1,1,1,"HLLH","LH",15,60,NA,50.7142857142857
"R_3jVw0Mr5lGIr1RD","LH",37.48,5,1,1,1,1,"HLLL","HL",50,66.6666666666667,NA,50
"R_3jVw0Mr5lGIr1RD","LH",37.48,5,1,1,1,1,"HLLL","LL",10,40,NA,50.7692307692308
"R_3jVw0Mr5lGIr1RD","LH",37.48,5,1,1,1,1,"LHLH","LH",15,60,NA,50.5882352941176
"R_3jVw0Mr5lGIr1RD","LH",37.48,5,1,1,1,1,"LHLL","LH",15,60,NA,50.6666666666667
"R_3jVw0Mr5lGIr1RD","LH",37.48,5,1,1,1,1,"LHLL","LL",15,60,NA,50.6666666666667
"R_3jVw0Mr5lGIr1RD","LH",37.48,5,1,1,1,1,"LLLL","LL",10,40,NA,50.7692307692308
"R_tPSlBOIOM3pENAl","LH",37.48,4,1,3,4,3,"HHHH","HH",35,46.6666666666667,NA,50.1960784313725
"R_tPSlBOIOM3pENAl","LH",37.48,4,1,3,4,3,"HHHL","HH",30,40,NA,51.5555555555556
"R_tPSlBOIOM3pENAl","LH",37.48,4,1,3,4,3,"HHHL","HL",25,33.3333333333333,NA,48.8888888888889
"R_tPSlBOIOM3pENAl","LH",37.48,4,1,3,4,3,"HHLH","HH",35,46.6666666666667,NA,47.6470588235294
"R_tPSlBOIOM3pENAl","LH",37.48,4,1,3,4,3,"HHLH","LH",20,80,NA,52.9411764705882
"R_tPSlBOIOM3pENAl","LH",37.48,4,1,3,4,3,"HHLL","HH",30,40,NA,50
"R_tPSlBOIOM3pENAl","LH",37.48,4,1,3,4,3,"HHLL","LL",10,40,NA,50.625
"R_tPSlBOIOM3pENAl","LH",37.48,4,1,3,4,3,"HLHL","HL",30,40,NA,50.2564102564103
"R_tPSlBOIOM3pENAl","LH",37.48,4,1,3,4,3,"HLLH","HL",25,33.3333333333333,NA,50.7142857142857
"R_tPSlBOIOM3pENAl","LH",37.48,4,1,3,4,3,"HLLH","LH",15,60,NA,50
"R_tPSlBOIOM3pENAl","LH",37.48,4,1,3,4,3,"HLLL","HL",30,40,NA,50
"R_tPSlBOIOM3pENAl","LH",37.48,4,1,3,4,3,"HLLL","LL",15,60,NA,50.7692307692308
"R_tPSlBOIOM3pENAl","LH",37.48,4,1,3,4,3,"LHLH","LH",15,60,NA,50.5882352941176
"R_tPSlBOIOM3pENAl","LH",37.48,4,1,3,4,3,"LHLL","LH",10,40,NA,44
"R_tPSlBOIOM3pENAl","LH",37.48,4,1,3,4,3,"LHLL","LL",15,60,NA,57.3333333333333
"R_tPSlBOIOM3pENAl","LH",37.48,4,1,3,4,3,"LLLL","LL",10,40,NA,50.7692307692308
"R_1F2jl9kiEDUq0ec","LH",30.85,5,1,2,1,2,"HHHH","HH",75,100,NA,50.1960784313725
"R_1F2jl9kiEDUq0ec","LH",30.85,5,1,2,1,2,"HHHL","HH",40,53.3333333333333,NA,50.2222222222222
"R_1F2jl9kiEDUq0ec","LH",30.85,5,1,2,1,2,"HHHL","HL",30,40,NA,50.2222222222222
"R_1F2jl9kiEDUq0ec","LH",30.85,5,1,2,1,2,"HHLH","HH",40,53.3333333333333,NA,50.5882352941176
"R_1F2jl9kiEDUq0ec","LH",30.85,5,1,2,1,2,"HHLH","LH",15,60,NA,50
"R_1F2jl9kiEDUq0ec","LH",30.85,5,1,2,1,2,"HHLL","HH",40,53.3333333333333,NA,50.625
"R_1F2jl9kiEDUq0ec","LH",30.85,5,1,2,1,2,"HHLL","LL",10,40,NA,50
"R_1F2jl9kiEDUq0ec","LH",30.85,5,1,2,1,2,"HLHL","HL",30,40,NA,50.2564102564103
"R_1F2jl9kiEDUq0ec","LH",30.85,5,1,2,1,2,"HLLH","HL",30,40,NA,50.7142857142857
"R_1F2jl9kiEDUq0ec","LH",30.85,5,1,2,1,2,"HLLH","LH",15,60,NA,50
"R_1F2jl9kiEDUq0ec","LH",30.85,5,1,2,1,2,"HLLL","HL",30,40,NA,50.7692307692308
"R_1F2jl9kiEDUq0ec","LH",30.85,5,1,2,1,2,"HLLL","LL",10,40,NA,50
"R_1F2jl9kiEDUq0ec","LH",30.85,5,1,2,1,2,"LHLH","LH",15,60,NA,50.5882352941176
"R_1F2jl9kiEDUq0ec","LH",30.85,5,1,2,1,2,"LHLL","LH",15,60,NA,50.6666666666667
"R_1F2jl9kiEDUq0ec","LH",30.85,5,1,2,1,2,"LHLL","LL",10,40,NA,50.6666666666667
"R_1F2jl9kiEDUq0ec","LH",30.85,5,1,2,1,2,"LLLL","LL",10,40,NA,50.7692307692308
"R_3EGMTDWJVR4pUJz","LH",34.88,4,1,2,3,3,"HHHH","HH",75,100,NA,50.1960784313725
"R_3EGMTDWJVR4pUJz","LH",34.88,4,1,2,3,3,"HHHL","HH",75,100,NA,50.2222222222222
"R_3EGMTDWJVR4pUJz","LH",34.88,4,1,2,3,3,"HHHL","HL",75,100,NA,50.2222222222222
"R_3EGMTDWJVR4pUJz","LH",34.88,4,1,2,3,3,"HHLH","HH",75,100,NA,50.5882352941176
"R_3EGMTDWJVR4pUJz","LH",34.88,4,1,2,3,3,"HHLH","LH",25,100,NA,50
"R_3EGMTDWJVR4pUJz","LH",34.88,4,1,2,3,3,"HHLL","HH",75,100,NA,50.625
"R_3EGMTDWJVR4pUJz","LH",34.88,4,1,2,3,3,"HHLL","LL",25,100,NA,50
"R_3EGMTDWJVR4pUJz","LH",34.88,4,1,2,3,3,"HLHL","HL",75,100,NA,50.2564102564103
"R_3EGMTDWJVR4pUJz","LH",34.88,4,1,2,3,3,"HLLH","HL",75,100,NA,50.7142857142857
"R_3EGMTDWJVR4pUJz","LH",34.88,4,1,2,3,3,"HLLH","LH",25,100,NA,50
"R_3EGMTDWJVR4pUJz","LH",34.88,4,1,2,3,3,"HLLL","HL",75,100,NA,50.7692307692308
"R_3EGMTDWJVR4pUJz","LH",34.88,4,1,2,3,3,"HLLL","LL",25,100,NA,50
"R_3EGMTDWJVR4pUJz","LH",34.88,4,1,2,3,3,"LHLH","LH",25,100,NA,50.5882352941176
"R_3EGMTDWJVR4pUJz","LH",34.88,4,1,2,3,3,"LHLL","LH",25,100,NA,50.6666666666667
"R_3EGMTDWJVR4pUJz","LH",34.88,4,1,2,3,3,"LHLL","LL",25,100,NA,50.6666666666667
"R_3EGMTDWJVR4pUJz","LH",34.88,4,1,2,3,3,"LLLL","LL",25,100,NA,50.7692307692308
"R_yIrgYhY737YbOox","LH",32.16,4,3,5,4,4,"HHHH","HH",50,66.6666666666667,NA,51.3725490196078
"R_yIrgYhY737YbOox","LH",32.16,4,3,5,4,4,"HHHL","HH",50,66.6666666666667,NA,50.2222222222222
"R_yIrgYhY737YbOox","LH",32.16,4,3,5,4,4,"HHHL","HL",50,66.6666666666667,NA,50.2222222222222
"R_yIrgYhY737YbOox","LH",32.16,4,3,5,4,4,"HHLH","HH",50,66.6666666666667,NA,58.8235294117647
"R_yIrgYhY737YbOox","LH",32.16,4,3,5,4,4,"HHLH","LH",15,60,NA,41.7647058823529
"R_yIrgYhY737YbOox","LH",32.16,4,3,5,4,4,"HHLL","HH",50,66.6666666666667,NA,62.5
"R_yIrgYhY737YbOox","LH",32.16,4,3,5,4,4,"HHLL","LL",15,60,NA,38.125
"R_yIrgYhY737YbOox","LH",32.16,4,3,5,4,4,"HLHL","HL",50,66.6666666666667,NA,55.3846153846154
"R_yIrgYhY737YbOox","LH",32.16,4,3,5,4,4,"HLLH","HL",50,66.6666666666667,NA,71.4285714285714
"R_yIrgYhY737YbOox","LH",32.16,4,3,5,4,4,"HLLH","LH",15,60,NA,29.2857142857143
"R_yIrgYhY737YbOox","LH",32.16,4,3,5,4,4,"HLLL","HL",50,66.6666666666667,NA,76.9230769230769
"R_yIrgYhY737YbOox","LH",32.16,4,3,5,4,4,"HLLL","LL",15,60,NA,23.8461538461538
"R_yIrgYhY737YbOox","LH",32.16,4,3,5,4,4,"LHLH","LH",15,60,NA,50.5882352941176
"R_yIrgYhY737YbOox","LH",32.16,4,3,5,4,4,"LHLL","LH",15,60,NA,46.6666666666667
"R_yIrgYhY737YbOox","LH",32.16,4,3,5,4,4,"LHLL","LL",15,60,NA,54.6666666666667
"R_yIrgYhY737YbOox","LH",32.16,4,3,5,4,4,"LLLL","LL",15,60,NA,50.7692307692308
"R_3fuY7FKwTzDEMwn","LH",37.09,4,2,4,4,1,"HHHH","HH",75,100,NA,50.1960784313725
"R_3fuY7FKwTzDEMwn","LH",37.09,4,2,4,4,1,"HHHL","HH",75,100,NA,50.2222222222222
"R_3fuY7FKwTzDEMwn","LH",37.09,4,2,4,4,1,"HHHL","HL",75,100,NA,50.2222222222222
"R_3fuY7FKwTzDEMwn","LH",37.09,4,2,4,4,1,"HHLH","HH",25,33.3333333333333,NA,50.5882352941176
"R_3fuY7FKwTzDEMwn","LH",37.09,4,2,4,4,1,"HHLH","LH",25,100,NA,50
"R_3fuY7FKwTzDEMwn","LH",37.09,4,2,4,4,1,"HHLL","HH",25,33.3333333333333,NA,50.625
"R_3fuY7FKwTzDEMwn","LH",37.09,4,2,4,4,1,"HHLL","LL",10,40,NA,50
"R_3fuY7FKwTzDEMwn","LH",37.09,4,2,4,4,1,"HLHL","HL",75,100,NA,50.2564102564103
"R_3fuY7FKwTzDEMwn","LH",37.09,4,2,4,4,1,"HLLH","HL",25,33.3333333333333,NA,50.7142857142857
"R_3fuY7FKwTzDEMwn","LH",37.09,4,2,4,4,1,"HLLH","LH",10,40,NA,50
"R_3fuY7FKwTzDEMwn","LH",37.09,4,2,4,4,1,"HLLL","HL",25,33.3333333333333,NA,50.7692307692308
"R_3fuY7FKwTzDEMwn","LH",37.09,4,2,4,4,1,"HLLL","LL",25,100,NA,50
"R_3fuY7FKwTzDEMwn","LH",37.09,4,2,4,4,1,"LHLH","LH",25,100,NA,50.5882352941176
"R_3fuY7FKwTzDEMwn","LH",37.09,4,2,4,4,1,"LHLL","LH",25,100,NA,50.6666666666667
"R_3fuY7FKwTzDEMwn","LH",37.09,4,2,4,4,1,"LHLL","LL",25,100,NA,50.6666666666667
"R_3fuY7FKwTzDEMwn","LH",37.09,4,2,4,4,1,"LLLL","LL",25,100,NA,50.7692307692308
"R_bPzfvP6dZZ2xJPX","LH",37.48,4,1,2,1,1,"HHHH","HH",45,60,NA,50.1960784313725
"R_bPzfvP6dZZ2xJPX","LH",37.48,4,1,2,1,1,"HHHL","HH",45,60,NA,50.2222222222222
"R_bPzfvP6dZZ2xJPX","LH",37.48,4,1,2,1,1,"HHHL","HL",45,60,NA,50.2222222222222
"R_bPzfvP6dZZ2xJPX","LH",37.48,4,1,2,1,1,"HHLH","HH",45,60,NA,50.5882352941176
"R_bPzfvP6dZZ2xJPX","LH",37.48,4,1,2,1,1,"HHLH","LH",15,60,NA,50
"R_bPzfvP6dZZ2xJPX","LH",37.48,4,1,2,1,1,"HHLL","HH",45,60,NA,50.625
"R_bPzfvP6dZZ2xJPX","LH",37.48,4,1,2,1,1,"HHLL","LL",15,60,NA,50
"R_bPzfvP6dZZ2xJPX","LH",37.48,4,1,2,1,1,"HLHL","HL",45,60,NA,50.2564102564103
"R_bPzfvP6dZZ2xJPX","LH",37.48,4,1,2,1,1,"HLLH","HL",45,60,NA,50.7142857142857
"R_bPzfvP6dZZ2xJPX","LH",37.48,4,1,2,1,1,"HLLH","LH",15,60,NA,50
"R_bPzfvP6dZZ2xJPX","LH",37.48,4,1,2,1,1,"HLLL","HL",45,60,NA,50.7692307692308
"R_bPzfvP6dZZ2xJPX","LH",37.48,4,1,2,1,1,"HLLL","LL",15,60,NA,50
"R_bPzfvP6dZZ2xJPX","LH",37.48,4,1,2,1,1,"LHLH","LH",15,60,NA,50.5882352941176
"R_bPzfvP6dZZ2xJPX","LH",37.48,4,1,2,1,1,"LHLL","LH",15,60,NA,50.6666666666667
"R_bPzfvP6dZZ2xJPX","LH",37.48,4,1,2,1,1,"LHLL","LL",15,60,NA,50.6666666666667
"R_bPzfvP6dZZ2xJPX","LH",37.48,4,1,2,1,1,"LLLL","LL",15,60,NA,50.7692307692308
"R_2D7HtMSvJJmWG2x","LH",10.39,4,4,3,2,3,"HHHH","HH",50,66.6666666666667,NA,50.1960784313725
"R_2D7HtMSvJJmWG2x","LH",10.39,4,4,3,2,3,"HHHL","HH",50,66.6666666666667,NA,50.2222222222222
"R_2D7HtMSvJJmWG2x","LH",10.39,4,4,3,2,3,"HHHL","HL",50,66.6666666666667,NA,50.2222222222222
"R_2D7HtMSvJJmWG2x","LH",10.39,4,4,3,2,3,"HHLH","HH",50,66.6666666666667,NA,50.2941176470588
"R_2D7HtMSvJJmWG2x","LH",10.39,4,4,3,2,3,"HHLH","LH",15,60,NA,50.2941176470588
"R_2D7HtMSvJJmWG2x","LH",10.39,4,4,3,2,3,"HHLL","HH",50,66.6666666666667,NA,50.3125
"R_2D7HtMSvJJmWG2x","LH",10.39,4,4,3,2,3,"HHLL","LL",15,60,NA,50.3125
"R_2D7HtMSvJJmWG2x","LH",10.39,4,4,3,2,3,"HLHL","HL",50,66.6666666666667,NA,50.2564102564103
"R_2D7HtMSvJJmWG2x","LH",10.39,4,4,3,2,3,"HLLH","HL",50,66.6666666666667,NA,50.3571428571429
"R_2D7HtMSvJJmWG2x","LH",10.39,4,4,3,2,3,"HLLH","LH",15,60,NA,50.3571428571429
"R_2D7HtMSvJJmWG2x","LH",10.39,4,4,3,2,3,"HLLL","HL",50,66.6666666666667,NA,50.3846153846154
"R_2D7HtMSvJJmWG2x","LH",10.39,4,4,3,2,3,"HLLL","LL",15,60,NA,50.3846153846154
"R_2D7HtMSvJJmWG2x","LH",10.39,4,4,3,2,3,"LHLH","LH",15,60,NA,50.5882352941176
"R_2D7HtMSvJJmWG2x","LH",10.39,4,4,3,2,3,"LHLL","LH",15,60,NA,50.6666666666667
"R_2D7HtMSvJJmWG2x","LH",10.39,4,4,3,2,3,"LHLL","LL",15,60,NA,50.6666666666667
"R_2D7HtMSvJJmWG2x","LH",10.39,4,4,3,2,3,"LLLL","LL",15,60,NA,50.7692307692308
"R_31vnBgxau15MzzX","LH",37.48,4,1,3,3,1,"HHHH","HH",75,100,NA,50.1960784313725
"R_31vnBgxau15MzzX","LH",37.48,4,1,3,3,1,"HHHL","HH",75,100,NA,50.2222222222222
"R_31vnBgxau15MzzX","LH",37.48,4,1,3,3,1,"HHHL","HL",75,100,NA,50.2222222222222
"R_31vnBgxau15MzzX","LH",37.48,4,1,3,3,1,"HHLH","HH",75,100,NA,50.2941176470588
"R_31vnBgxau15MzzX","LH",37.48,4,1,3,3,1,"HHLH","LH",25,100,NA,50.2941176470588
"R_31vnBgxau15MzzX","LH",37.48,4,1,3,3,1,"HHLL","HH",75,100,NA,50.3125
"R_31vnBgxau15MzzX","LH",37.48,4,1,3,3,1,"HHLL","LL",25,100,NA,50.3125
"R_31vnBgxau15MzzX","LH",37.48,4,1,3,3,1,"HLHL","HL",75,100,NA,50.2564102564103
"R_31vnBgxau15MzzX","LH",37.48,4,1,3,3,1,"HLLH","HL",75,100,NA,50.3571428571429
"R_31vnBgxau15MzzX","LH",37.48,4,1,3,3,1,"HLLH","LH",25,100,NA,50.3571428571429
"R_31vnBgxau15MzzX","LH",37.48,4,1,3,3,1,"HLLL","HL",75,100,NA,50.3846153846154
"R_31vnBgxau15MzzX","LH",37.48,4,1,3,3,1,"HLLL","LL",25,100,NA,50.3846153846154
"R_31vnBgxau15MzzX","LH",37.48,4,1,3,3,1,"LHLH","LH",25,100,NA,50.5882352941176
"R_31vnBgxau15MzzX","LH",37.48,4,1,3,3,1,"LHLL","LH",25,100,NA,50.6666666666667
"R_31vnBgxau15MzzX","LH",37.48,4,1,3,3,1,"LHLL","LL",25,100,NA,50.6666666666667
"R_31vnBgxau15MzzX","LH",37.48,4,1,3,3,1,"LLLL","LL",25,100,NA,50.7692307692308
"R_3J4WJLHrj8n0MtZ","LH",34.88,4,2,4,4,4,"HHHH","HH",65,86.6666666666667,NA,29.8039215686275
"R_3J4WJLHrj8n0MtZ","LH",34.88,4,2,4,4,4,"HHHL","HH",15,20,NA,20.4444444444444
"R_3J4WJLHrj8n0MtZ","LH",34.88,4,2,4,4,4,"HHHL","HL",10,13.3333333333333,NA,80
"R_3J4WJLHrj8n0MtZ","LH",34.88,4,2,4,4,4,"HHLH","HH",50,66.6666666666667,NA,65.2941176470588
"R_3J4WJLHrj8n0MtZ","LH",34.88,4,2,4,4,4,"HHLH","LH",15,60,NA,35.2941176470588
"R_3J4WJLHrj8n0MtZ","LH",34.88,4,2,4,4,4,"HHLL","HH",50,66.6666666666667,NA,43.75
"R_3J4WJLHrj8n0MtZ","LH",34.88,4,2,4,4,4,"HHLL","LL",15,60,NA,56.875
"R_3J4WJLHrj8n0MtZ","LH",34.88,4,2,4,4,4,"HLHL","HL",65,86.6666666666667,NA,34.8717948717949
"R_3J4WJLHrj8n0MtZ","LH",34.88,4,2,4,4,4,"HLLH","HL",55,73.3333333333333,NA,42.8571428571429
"R_3J4WJLHrj8n0MtZ","LH",34.88,4,2,4,4,4,"HLLH","LH",20,80,NA,57.8571428571429
"R_3J4WJLHrj8n0MtZ","LH",34.88,4,2,4,4,4,"HLLL","HL",40,53.3333333333333,NA,38.4615384615385
"R_3J4WJLHrj8n0MtZ","LH",34.88,4,2,4,4,4,"HLLL","LL",20,80,NA,62.3076923076923
"R_3J4WJLHrj8n0MtZ","LH",34.88,4,2,4,4,4,"LHLH","LH",10,40,NA,70.5882352941177
"R_3J4WJLHrj8n0MtZ","LH",34.88,4,2,4,4,4,"LHLL","LH",15,60,NA,34.6666666666667
"R_3J4WJLHrj8n0MtZ","LH",34.88,4,2,4,4,4,"LHLL","LL",10,40,NA,66.6666666666667
"R_3J4WJLHrj8n0MtZ","LH",34.88,4,2,4,4,4,"LLLL","LL",15,60,NA,55.3846153846154
"R_3eblVXCZBnAdOqg","LH",37.48,5,2,2,4,2,"HHHH","HH",25,33.3333333333333,NA,50.1960784313725
"R_3eblVXCZBnAdOqg","LH",37.48,5,2,2,4,2,"HHHL","HH",25,33.3333333333333,NA,56.8888888888889
"R_3eblVXCZBnAdOqg","LH",37.48,5,2,2,4,2,"HHHL","HL",25,33.3333333333333,NA,43.5555555555556
"R_3eblVXCZBnAdOqg","LH",37.48,5,2,2,4,2,"HHLH","HH",25,33.3333333333333,NA,58.8235294117647
"R_3eblVXCZBnAdOqg","LH",37.48,5,2,2,4,2,"HHLH","LH",10,40,NA,41.7647058823529
"R_3eblVXCZBnAdOqg","LH",37.48,5,2,2,4,2,"HHLL","HH",25,33.3333333333333,NA,62.5
"R_3eblVXCZBnAdOqg","LH",37.48,5,2,2,4,2,"HHLL","LL",10,40,NA,38.125
"R_3eblVXCZBnAdOqg","LH",37.48,5,2,2,4,2,"HLHL","HL",25,33.3333333333333,NA,50.2564102564103
"R_3eblVXCZBnAdOqg","LH",37.48,5,2,2,4,2,"HLLH","HL",25,33.3333333333333,NA,71.4285714285714
"R_3eblVXCZBnAdOqg","LH",37.48,5,2,2,4,2,"HLLH","LH",10,40,NA,29.2857142857143
"R_3eblVXCZBnAdOqg","LH",37.48,5,2,2,4,2,"HLLL","HL",25,33.3333333333333,NA,76.9230769230769
"R_3eblVXCZBnAdOqg","LH",37.48,5,2,2,4,2,"HLLL","LL",10,40,NA,23.8461538461538
"R_3eblVXCZBnAdOqg","LH",37.48,5,2,2,4,2,"LHLH","LH",10,40,NA,50.5882352941176
"R_3eblVXCZBnAdOqg","LH",37.48,5,2,2,4,2,"LHLL","LH",10,40,NA,57.3333333333333
"R_3eblVXCZBnAdOqg","LH",37.48,5,2,2,4,2,"LHLL","LL",10,40,NA,44
"R_3eblVXCZBnAdOqg","LH",37.48,5,2,2,4,2,"LLLL","LL",10,40,NA,50.7692307692308
"R_bwmXHrRKs4a33a1","LH",7.82,4,4,4,4,3,"HHHH","HH",0,0,NA,50.1960784313725
"R_bwmXHrRKs4a33a1","LH",7.82,4,4,4,4,3,"HHHL","HH",0,0,NA,50.2222222222222
"R_bwmXHrRKs4a33a1","LH",7.82,4,4,4,4,3,"HHHL","HL",0,0,NA,50.2222222222222
"R_bwmXHrRKs4a33a1","LH",7.82,4,4,4,4,3,"HHLH","HH",0,0,NA,50.2941176470588
"R_bwmXHrRKs4a33a1","LH",7.82,4,4,4,4,3,"HHLH","LH",0,0,NA,50.2941176470588
"R_bwmXHrRKs4a33a1","LH",7.82,4,4,4,4,3,"HHLL","HH",0,0,NA,50.3125
"R_bwmXHrRKs4a33a1","LH",7.82,4,4,4,4,3,"HHLL","LL",0,0,NA,50.3125
"R_bwmXHrRKs4a33a1","LH",7.82,4,4,4,4,3,"HLHL","HL",0,0,NA,50.2564102564103
"R_bwmXHrRKs4a33a1","LH",7.82,4,4,4,4,3,"HLLH","HL",0,0,NA,50.3571428571429
"R_bwmXHrRKs4a33a1","LH",7.82,4,4,4,4,3,"HLLH","LH",0,0,NA,50.3571428571429
"R_bwmXHrRKs4a33a1","LH",7.82,4,4,4,4,3,"HLLL","HL",0,0,NA,50.3846153846154
"R_bwmXHrRKs4a33a1","LH",7.82,4,4,4,4,3,"HLLL","LL",0,0,NA,50.3846153846154
"R_bwmXHrRKs4a33a1","LH",7.82,4,4,4,4,3,"LHLH","LH",0,0,NA,50.5882352941176
"R_bwmXHrRKs4a33a1","LH",7.82,4,4,4,4,3,"LHLL","LH",0,0,NA,50.6666666666667
"R_bwmXHrRKs4a33a1","LH",7.82,4,4,4,4,3,"LHLL","LL",0,0,NA,50.6666666666667
"R_bwmXHrRKs4a33a1","LH",7.82,4,4,4,4,3,"LLLL","LL",0,0,NA,50.7692307692308
"R_xg5ANU35YWpeK5P","LH",37.09,4,2,3,3,3,"HHHH","HH",75,100,NA,50.1960784313725
"R_xg5ANU35YWpeK5P","LH",37.09,4,2,3,3,3,"HHHL","HH",50,66.6666666666667,NA,54.6666666666667
"R_xg5ANU35YWpeK5P","LH",37.09,4,2,3,3,3,"HHHL","HL",75,100,NA,45.7777777777778
"R_xg5ANU35YWpeK5P","LH",37.09,4,2,3,3,3,"HHLH","HH",75,100,NA,62.3529411764706
"R_xg5ANU35YWpeK5P","LH",37.09,4,2,3,3,3,"HHLH","LH",25,100,NA,38.2352941176471
"R_xg5ANU35YWpeK5P","LH",37.09,4,2,3,3,3,"HHLL","HH",50,66.6666666666667,NA,69.375
"R_xg5ANU35YWpeK5P","LH",37.09,4,2,3,3,3,"HHLL","LL",25,100,NA,31.25
"R_xg5ANU35YWpeK5P","LH",37.09,4,2,3,3,3,"HLHL","HL",50,66.6666666666667,NA,50.2564102564103
"R_xg5ANU35YWpeK5P","LH",37.09,4,2,3,3,3,"HLLH","HL",50,66.6666666666667,NA,65
"R_xg5ANU35YWpeK5P","LH",37.09,4,2,3,3,3,"HLLH","LH",25,100,NA,35.7142857142857
"R_xg5ANU35YWpeK5P","LH",37.09,4,2,3,3,3,"HLLL","HL",30,40,NA,70
"R_xg5ANU35YWpeK5P","LH",37.09,4,2,3,3,3,"HLLL","LL",25,100,NA,30.7692307692308
"R_xg5ANU35YWpeK5P","LH",37.09,4,2,3,3,3,"LHLH","LH",25,100,NA,70.5882352941177
"R_xg5ANU35YWpeK5P","LH",37.09,4,2,3,3,3,"LHLL","LH",20,80,NA,49.3333333333333
"R_xg5ANU35YWpeK5P","LH",37.09,4,2,3,3,3,"LHLL","LL",25,100,NA,52
"R_xg5ANU35YWpeK5P","LH",37.09,4,2,3,3,3,"LLLL","LL",25,100,NA,50.7692307692308
"R_8k9pL6TXTV9QKE9","LH",7.82,5,2,2,4,2,"HHHH","HH",75,100,NA,50.1960784313725
"R_8k9pL6TXTV9QKE9","LH",7.82,5,2,2,4,2,"HHHL","HH",75,100,NA,56.8888888888889
"R_8k9pL6TXTV9QKE9","LH",7.82,5,2,2,4,2,"HHHL","HL",75,100,NA,43.5555555555556
"R_8k9pL6TXTV9QKE9","LH",7.82,5,2,2,4,2,"HHLH","HH",25,33.3333333333333,NA,75.2941176470588
"R_8k9pL6TXTV9QKE9","LH",7.82,5,2,2,4,2,"HHLH","LH",25,100,NA,25.2941176470588
"R_8k9pL6TXTV9QKE9","LH",7.82,5,2,2,4,2,"HHLL","HH",25,33.3333333333333,NA,80
"R_8k9pL6TXTV9QKE9","LH",7.82,5,2,2,4,2,"HHLL","LL",25,100,NA,20.625
"R_8k9pL6TXTV9QKE9","LH",7.82,5,2,2,4,2,"HLHL","HL",75,100,NA,50.2564102564103
"R_8k9pL6TXTV9QKE9","LH",7.82,5,2,2,4,2,"HLLH","HL",25,33.3333333333333,NA,70
"R_8k9pL6TXTV9QKE9","LH",7.82,5,2,2,4,2,"HLLH","LH",25,100,NA,30.7142857142857
"R_8k9pL6TXTV9QKE9","LH",7.82,5,2,2,4,2,"HLLL","HL",25,33.3333333333333,NA,75.3846153846154
"R_8k9pL6TXTV9QKE9","LH",7.82,5,2,2,4,2,"HLLL","LL",25,100,NA,25.3846153846154
"R_8k9pL6TXTV9QKE9","LH",7.82,5,2,2,4,2,"LHLH","LH",25,100,NA,50.5882352941176
"R_8k9pL6TXTV9QKE9","LH",7.82,5,2,2,4,2,"LHLL","LH",25,100,NA,57.3333333333333
"R_8k9pL6TXTV9QKE9","LH",7.82,5,2,2,4,2,"LHLL","LL",25,100,NA,44
"R_8k9pL6TXTV9QKE9","LH",7.82,5,2,2,4,2,"LLLL","LL",25,100,NA,50.7692307692308
"R_rirOTycwuXVR7CF","LH",45,1,1,4,4,3,"HHHH","HH",35,46.6666666666667,NA,50.1960784313725
"R_rirOTycwuXVR7CF","LH",45,1,1,4,4,3,"HHHL","HH",35,46.6666666666667,NA,50.2222222222222
"R_rirOTycwuXVR7CF","LH",45,1,1,4,4,3,"HHHL","HL",30,40,NA,50.2222222222222
"R_rirOTycwuXVR7CF","LH",45,1,1,4,4,3,"HHLH","HH",35,46.6666666666667,NA,50
"R_rirOTycwuXVR7CF","LH",45,1,1,4,4,3,"HHLH","LH",12,48,NA,50.5882352941176
"R_rirOTycwuXVR7CF","LH",45,1,1,4,4,3,"HHLL","HH",35,46.6666666666667,NA,50
"R_rirOTycwuXVR7CF","LH",45,1,1,4,4,3,"HHLL","LL",10,40,NA,50.625
"R_rirOTycwuXVR7CF","LH",45,1,1,4,4,3,"HLHL","HL",30,40,NA,50.2564102564103
"R_rirOTycwuXVR7CF","LH",45,1,1,4,4,3,"HLLH","HL",35,46.6666666666667,NA,50
"R_rirOTycwuXVR7CF","LH",45,1,1,4,4,3,"HLLH","LH",13,52,NA,50.7142857142857
"R_rirOTycwuXVR7CF","LH",45,1,1,4,4,3,"HLLL","HL",35,46.6666666666667,NA,50
"R_rirOTycwuXVR7CF","LH",45,1,1,4,4,3,"HLLL","LL",10,40,NA,50.7692307692308
"R_rirOTycwuXVR7CF","LH",45,1,1,4,4,3,"LHLH","LH",12,48,NA,50.5882352941176
"R_rirOTycwuXVR7CF","LH",45,1,1,4,4,3,"LHLL","LH",12,48,NA,50.6666666666667
"R_rirOTycwuXVR7CF","LH",45,1,1,4,4,3,"LHLL","LL",10,40,NA,50.6666666666667
"R_rirOTycwuXVR7CF","LH",45,1,1,4,4,3,"LLLL","LL",10,40,NA,50.7692307692308
"R_WpSrDWkmf7ECbK1","LH",31.5,4,1,1,7,1,"HHHH","HH",10,13.3333333333333,NA,50.1960784313725
"R_WpSrDWkmf7ECbK1","LH",31.5,4,1,1,7,1,"HHHL","HH",10,13.3333333333333,NA,50.2222222222222
"R_WpSrDWkmf7ECbK1","LH",31.5,4,1,1,7,1,"HHHL","HL",3,4,NA,50.2222222222222
"R_WpSrDWkmf7ECbK1","LH",31.5,4,1,1,7,1,"HHLH","HH",10,13.3333333333333,NA,50.5882352941176
"R_WpSrDWkmf7ECbK1","LH",31.5,4,1,1,7,1,"HHLH","LH",1,4,NA,50
"R_WpSrDWkmf7ECbK1","LH",31.5,4,1,1,7,1,"HHLL","HH",10,13.3333333333333,NA,50.625
"R_WpSrDWkmf7ECbK1","LH",31.5,4,1,1,7,1,"HHLL","LL",1,4,NA,50
"R_WpSrDWkmf7ECbK1","LH",31.5,4,1,1,7,1,"HLHL","HL",5,6.66666666666667,NA,48.7179487179487
"R_WpSrDWkmf7ECbK1","LH",31.5,4,1,1,7,1,"HLLH","HL",5,6.66666666666667,NA,50
"R_WpSrDWkmf7ECbK1","LH",31.5,4,1,1,7,1,"HLLH","LH",2,8,NA,50.7142857142857
"R_WpSrDWkmf7ECbK1","LH",31.5,4,1,1,7,1,"HLLL","HL",5,6.66666666666667,NA,50.7692307692308
"R_WpSrDWkmf7ECbK1","LH",31.5,4,1,1,7,1,"HLLL","LL",2,8,NA,50
"R_WpSrDWkmf7ECbK1","LH",31.5,4,1,1,7,1,"LHLH","LH",2,8,NA,50.5882352941176
"R_WpSrDWkmf7ECbK1","LH",31.5,4,1,1,7,1,"LHLL","LH",2,8,NA,50.6666666666667
"R_WpSrDWkmf7ECbK1","LH",31.5,4,1,1,7,1,"LHLL","LL",1,4,NA,50.6666666666667
"R_WpSrDWkmf7ECbK1","LH",31.5,4,1,1,7,1,"LLLL","LL",1,4,NA,50.7692307692308
"R_a32tIlIKSCvwGxH","LH",11.68,5,3,3,3,4,"HHHH","HH",70,93.3333333333333,NA,50.1960784313725
"R_a32tIlIKSCvwGxH","LH",11.68,5,3,3,3,4,"HHHL","HH",70,93.3333333333333,NA,51.5555555555556
"R_a32tIlIKSCvwGxH","LH",11.68,5,3,3,3,4,"HHHL","HL",70,93.3333333333333,NA,48.8888888888889
"R_a32tIlIKSCvwGxH","LH",11.68,5,3,3,3,4,"HHLH","HH",70,93.3333333333333,NA,58.8235294117647
"R_a32tIlIKSCvwGxH","LH",11.68,5,3,3,3,4,"HHLH","LH",20,80,NA,41.7647058823529
"R_a32tIlIKSCvwGxH","LH",11.68,5,3,3,3,4,"HHLL","HH",70,93.3333333333333,NA,62.5
"R_a32tIlIKSCvwGxH","LH",11.68,5,3,3,3,4,"HHLL","LL",20,80,NA,38.125
"R_a32tIlIKSCvwGxH","LH",11.68,5,3,3,3,4,"HLHL","HL",70,93.3333333333333,NA,50.2564102564103
"R_a32tIlIKSCvwGxH","LH",11.68,5,3,3,3,4,"HLLH","HL",70,93.3333333333333,NA,64.2857142857143
"R_a32tIlIKSCvwGxH","LH",11.68,5,3,3,3,4,"HLLH","LH",20,80,NA,36.4285714285714
"R_a32tIlIKSCvwGxH","LH",11.68,5,3,3,3,4,"HLLL","HL",70,93.3333333333333,NA,69.2307692307692
"R_a32tIlIKSCvwGxH","LH",11.68,5,3,3,3,4,"HLLL","LL",20,80,NA,31.5384615384615
"R_a32tIlIKSCvwGxH","LH",11.68,5,3,3,3,4,"LHLH","LH",20,80,NA,50.5882352941176
"R_a32tIlIKSCvwGxH","LH",11.68,5,3,3,3,4,"LHLL","LH",20,80,NA,48
"R_a32tIlIKSCvwGxH","LH",11.68,5,3,3,3,4,"LHLL","LL",20,80,NA,53.3333333333333
"R_a32tIlIKSCvwGxH","LH",11.68,5,3,3,3,4,"LLLL","LL",20,80,NA,50.7692307692308
"R_oZFzAorYcPhMfkZ","LH",7.82,4,2,4,4,4,"HHHH","HH",45,60,NA,50.1960784313725
"R_oZFzAorYcPhMfkZ","LH",7.82,4,2,4,4,4,"HHHL","HH",45,60,NA,50.2222222222222
"R_oZFzAorYcPhMfkZ","LH",7.82,4,2,4,4,4,"HHHL","HL",45,60,NA,50.2222222222222
"R_oZFzAorYcPhMfkZ","LH",7.82,4,2,4,4,4,"HHLH","HH",35,46.6666666666667,NA,58.8235294117647
"R_oZFzAorYcPhMfkZ","LH",7.82,4,2,4,4,4,"HHLH","LH",10,40,NA,41.7647058823529
"R_oZFzAorYcPhMfkZ","LH",7.82,4,2,4,4,4,"HHLL","HH",45,60,NA,62.5
"R_oZFzAorYcPhMfkZ","LH",7.82,4,2,4,4,4,"HHLL","LL",15,60,NA,38.125
"R_oZFzAorYcPhMfkZ","LH",7.82,4,2,4,4,4,"HLHL","HL",45,60,NA,50.2564102564103
"R_oZFzAorYcPhMfkZ","LH",7.82,4,2,4,4,4,"HLLH","HL",25,33.3333333333333,NA,50.7142857142857
"R_oZFzAorYcPhMfkZ","LH",7.82,4,2,4,4,4,"HLLH","LH",10,40,NA,50
"R_oZFzAorYcPhMfkZ","LH",7.82,4,2,4,4,4,"HLLL","HL",25,33.3333333333333,NA,50.7692307692308
"R_oZFzAorYcPhMfkZ","LH",7.82,4,2,4,4,4,"HLLL","LL",10,40,NA,50
"R_oZFzAorYcPhMfkZ","LH",7.82,4,2,4,4,4,"LHLH","LH",10,40,NA,50.5882352941176
"R_oZFzAorYcPhMfkZ","LH",7.82,4,2,4,4,4,"LHLL","LH",10,40,NA,50.6666666666667
"R_oZFzAorYcPhMfkZ","LH",7.82,4,2,4,4,4,"LHLL","LL",10,40,NA,50.6666666666667
"R_oZFzAorYcPhMfkZ","LH",7.82,4,2,4,4,4,"LLLL","LL",10,40,NA,50.7692307692308
"R_1JPWwyeiHifKNUt","LH",34.88,4,2,1,1,1,"HHHH","HH",30,40,NA,50.1960784313725
"R_1JPWwyeiHifKNUt","LH",34.88,4,2,1,1,1,"HHHL","HH",30,40,NA,50.2222222222222
"R_1JPWwyeiHifKNUt","LH",34.88,4,2,1,1,1,"HHHL","HL",30,40,NA,50.2222222222222
"R_1JPWwyeiHifKNUt","LH",34.88,4,2,1,1,1,"HHLH","HH",30,40,NA,50.2941176470588
"R_1JPWwyeiHifKNUt","LH",34.88,4,2,1,1,1,"HHLH","LH",15,60,NA,50.2941176470588
"R_1JPWwyeiHifKNUt","LH",34.88,4,2,1,1,1,"HHLL","HH",30,40,NA,50.3125
"R_1JPWwyeiHifKNUt","LH",34.88,4,2,1,1,1,"HHLL","LL",15,60,NA,50.3125
"R_1JPWwyeiHifKNUt","LH",34.88,4,2,1,1,1,"HLHL","HL",30,40,NA,50.2564102564103
"R_1JPWwyeiHifKNUt","LH",34.88,4,2,1,1,1,"HLLH","HL",30,40,NA,50.3571428571429
"R_1JPWwyeiHifKNUt","LH",34.88,4,2,1,1,1,"HLLH","LH",15,60,NA,50.3571428571429
"R_1JPWwyeiHifKNUt","LH",34.88,4,2,1,1,1,"HLLL","HL",30,40,NA,50.3846153846154
"R_1JPWwyeiHifKNUt","LH",34.88,4,2,1,1,1,"HLLL","LL",15,60,NA,50.3846153846154
"R_1JPWwyeiHifKNUt","LH",34.88,4,2,1,1,1,"LHLH","LH",15,60,NA,50.5882352941176
"R_1JPWwyeiHifKNUt","LH",34.88,4,2,1,1,1,"LHLL","LH",15,60,NA,50.6666666666667
"R_1JPWwyeiHifKNUt","LH",34.88,4,2,1,1,1,"LHLL","LL",15,60,NA,50.6666666666667
"R_1JPWwyeiHifKNUt","LH",34.88,4,2,1,1,1,"LLLL","LL",15,60,NA,50.7692307692308
"R_3KrYIwY1qi1j9O9","LH",28.14,4,2,3,4,2,"HHHH","HH",45,60,NA,50.1960784313725
"R_3KrYIwY1qi1j9O9","LH",28.14,4,2,3,4,2,"HHHL","HH",45,60,NA,53.3333333333333
"R_3KrYIwY1qi1j9O9","LH",28.14,4,2,3,4,2,"HHHL","HL",40,53.3333333333333,NA,47.1111111111111
"R_3KrYIwY1qi1j9O9","LH",28.14,4,2,3,4,2,"HHLH","HH",50,66.6666666666667,NA,64.7058823529412
"R_3KrYIwY1qi1j9O9","LH",28.14,4,2,3,4,2,"HHLH","LH",15,60,NA,35.8823529411765
"R_3KrYIwY1qi1j9O9","LH",28.14,4,2,3,4,2,"HHLL","HH",45,60,NA,62.5
"R_3KrYIwY1qi1j9O9","LH",28.14,4,2,3,4,2,"HHLL","LL",10,40,NA,38.125
"R_3KrYIwY1qi1j9O9","LH",28.14,4,2,3,4,2,"HLHL","HL",40,53.3333333333333,NA,50.2564102564103
"R_3KrYIwY1qi1j9O9","LH",28.14,4,2,3,4,2,"HLLH","HL",45,60,NA,71.4285714285714
"R_3KrYIwY1qi1j9O9","LH",28.14,4,2,3,4,2,"HLLH","LH",15,60,NA,29.2857142857143
"R_3KrYIwY1qi1j9O9","LH",28.14,4,2,3,4,2,"HLLL","HL",45,60,NA,69.2307692307692
"R_3KrYIwY1qi1j9O9","LH",28.14,4,2,3,4,2,"HLLL","LL",10,40,NA,31.5384615384615
"R_3KrYIwY1qi1j9O9","LH",28.14,4,2,3,4,2,"LHLH","LH",15,60,NA,50.5882352941176
"R_3KrYIwY1qi1j9O9","LH",28.14,4,2,3,4,2,"LHLL","LH",15,60,NA,53.3333333333333
"R_3KrYIwY1qi1j9O9","LH",28.14,4,2,3,4,2,"LHLL","LL",10,40,NA,48
"R_3KrYIwY1qi1j9O9","LH",28.14,4,2,3,4,2,"LLLL","LL",10,40,NA,50.7692307692308
"R_ykIf0UH5NzHptYZ","LH",7.82,5,1,2,2,2,"HHHH","HH",75,100,NA,50.1960784313725
"R_ykIf0UH5NzHptYZ","LH",7.82,5,1,2,2,2,"HHHL","HH",75,100,NA,50.2222222222222
"R_ykIf0UH5NzHptYZ","LH",7.82,5,1,2,2,2,"HHHL","HL",75,100,NA,50.2222222222222
"R_ykIf0UH5NzHptYZ","LH",7.82,5,1,2,2,2,"HHLH","HH",75,100,NA,50
"R_ykIf0UH5NzHptYZ","LH",7.82,5,1,2,2,2,"HHLH","LH",25,100,NA,50.5882352941176
"R_ykIf0UH5NzHptYZ","LH",7.82,5,1,2,2,2,"HHLL","HH",75,100,NA,50
"R_ykIf0UH5NzHptYZ","LH",7.82,5,1,2,2,2,"HHLL","LL",25,100,NA,50.625
"R_ykIf0UH5NzHptYZ","LH",7.82,5,1,2,2,2,"HLHL","HL",75,100,NA,50.2564102564103
"R_ykIf0UH5NzHptYZ","LH",7.82,5,1,2,2,2,"HLLH","HL",25,33.3333333333333,NA,50.7142857142857
"R_ykIf0UH5NzHptYZ","LH",7.82,5,1,2,2,2,"HLLH","LH",25,100,NA,50
"R_ykIf0UH5NzHptYZ","LH",7.82,5,1,2,2,2,"HLLL","HL",75,100,NA,48.4615384615385
"R_ykIf0UH5NzHptYZ","LH",7.82,5,1,2,2,2,"HLLL","LL",25,100,NA,52.3076923076923
"R_ykIf0UH5NzHptYZ","LH",7.82,5,1,2,2,2,"LHLH","LH",25,100,NA,50.5882352941176
"R_ykIf0UH5NzHptYZ","LH",7.82,5,1,2,2,2,"LHLL","LH",25,100,NA,50.6666666666667
"R_ykIf0UH5NzHptYZ","LH",7.82,5,1,2,2,2,"LHLL","LL",25,100,NA,50.6666666666667
"R_ykIf0UH5NzHptYZ","LH",7.82,5,1,2,2,2,"LLLL","LL",25,100,NA,50.7692307692308
"R_25T4lu9ZQDo0ljx","LH",16.26,2,2,4,4,4,"HHHH","HH",35,46.6666666666667,NA,50.1960784313725
"R_25T4lu9ZQDo0ljx","LH",16.26,2,2,4,4,4,"HHHL","HH",35,46.6666666666667,NA,62.2222222222222
"R_25T4lu9ZQDo0ljx","LH",16.26,2,2,4,4,4,"HHHL","HL",30,40,NA,38.2222222222222
"R_25T4lu9ZQDo0ljx","LH",16.26,2,2,4,4,4,"HHLH","HH",35,46.6666666666667,NA,35.2941176470588
"R_25T4lu9ZQDo0ljx","LH",16.26,2,2,4,4,4,"HHLH","LH",15,60,NA,65.2941176470588
"R_25T4lu9ZQDo0ljx","LH",16.26,2,2,4,4,4,"HHLL","HH",35,46.6666666666667,NA,56.25
"R_25T4lu9ZQDo0ljx","LH",16.26,2,2,4,4,4,"HHLL","LL",10,40,NA,44.375
"R_25T4lu9ZQDo0ljx","LH",16.26,2,2,4,4,4,"HLHL","HL",30,40,NA,50.2564102564103
"R_25T4lu9ZQDo0ljx","LH",16.26,2,2,4,4,4,"HLLH","HL",25,33.3333333333333,NA,57.1428571428571
"R_25T4lu9ZQDo0ljx","LH",16.26,2,2,4,4,4,"HLLH","LH",15,60,NA,43.5714285714286
"R_25T4lu9ZQDo0ljx","LH",16.26,2,2,4,4,4,"HLLL","HL",25,33.3333333333333,NA,61.5384615384615
"R_25T4lu9ZQDo0ljx","LH",16.26,2,2,4,4,4,"HLLL","LL",10,40,NA,39.2307692307692
"R_25T4lu9ZQDo0ljx","LH",16.26,2,2,4,4,4,"LHLH","LH",15,60,NA,50.5882352941176
"R_25T4lu9ZQDo0ljx","LH",16.26,2,2,4,4,4,"LHLL","LH",15,60,NA,48
"R_25T4lu9ZQDo0ljx","LH",16.26,2,2,4,4,4,"LHLL","LL",10,40,NA,53.3333333333333
"R_25T4lu9ZQDo0ljx","LH",16.26,2,2,4,4,4,"LLLL","LL",10,40,NA,50.7692307692308
"R_1QbghvPmBn5A4WM","LH",37.48,4,1,2,1,3,"HHHH","HH",75,100,NA,50.1960784313725
"R_1QbghvPmBn5A4WM","LH",37.48,4,1,2,1,3,"HHHL","HH",50,66.6666666666667,NA,50.2222222222222
"R_1QbghvPmBn5A4WM","LH",37.48,4,1,2,1,3,"HHHL","HL",50,66.6666666666667,NA,50.2222222222222
"R_1QbghvPmBn5A4WM","LH",37.48,4,1,2,1,3,"HHLH","HH",75,100,NA,50.5882352941176
"R_1QbghvPmBn5A4WM","LH",37.48,4,1,2,1,3,"HHLH","LH",25,100,NA,50
"R_1QbghvPmBn5A4WM","LH",37.48,4,1,2,1,3,"HHLL","HH",50,66.6666666666667,NA,50.625
"R_1QbghvPmBn5A4WM","LH",37.48,4,1,2,1,3,"HHLL","LL",25,100,NA,50
"R_1QbghvPmBn5A4WM","LH",37.48,4,1,2,1,3,"HLHL","HL",50,66.6666666666667,NA,50.2564102564103
"R_1QbghvPmBn5A4WM","LH",37.48,4,1,2,1,3,"HLLH","HL",50,66.6666666666667,NA,50.7142857142857
"R_1QbghvPmBn5A4WM","LH",37.48,4,1,2,1,3,"HLLH","LH",25,100,NA,50
"R_1QbghvPmBn5A4WM","LH",37.48,4,1,2,1,3,"HLLL","HL",50,66.6666666666667,NA,50.7692307692308
"R_1QbghvPmBn5A4WM","LH",37.48,4,1,2,1,3,"HLLL","LL",15,60,NA,50
"R_1QbghvPmBn5A4WM","LH",37.48,4,1,2,1,3,"LHLH","LH",25,100,NA,50.5882352941176
"R_1QbghvPmBn5A4WM","LH",37.48,4,1,2,1,3,"LHLL","LH",25,100,NA,50.6666666666667
"R_1QbghvPmBn5A4WM","LH",37.48,4,1,2,1,3,"LHLL","LL",25,100,NA,50.6666666666667
"R_1QbghvPmBn5A4WM","LH",37.48,4,1,2,1,3,"LLLL","LL",25,100,NA,50.7692307692308
"R_2OT5f8smz1FJyRO","LH",7.82,4,2,1,7,1,"HHHH","HH",75,100,NA,50.1960784313725
"R_2OT5f8smz1FJyRO","LH",7.82,4,2,1,7,1,"HHHL","HH",75,100,NA,50.2222222222222
"R_2OT5f8smz1FJyRO","LH",7.82,4,2,1,7,1,"HHHL","HL",75,100,NA,50.2222222222222
"R_2OT5f8smz1FJyRO","LH",7.82,4,2,1,7,1,"HHLH","HH",50,66.6666666666667,NA,50.5882352941176
"R_2OT5f8smz1FJyRO","LH",7.82,4,2,1,7,1,"HHLH","LH",0,0,NA,50
"R_2OT5f8smz1FJyRO","LH",7.82,4,2,1,7,1,"HHLL","HH",50,66.6666666666667,NA,50.625
"R_2OT5f8smz1FJyRO","LH",7.82,4,2,1,7,1,"HHLL","LL",0,0,NA,50
"R_2OT5f8smz1FJyRO","LH",7.82,4,2,1,7,1,"HLHL","HL",75,100,NA,50.2564102564103
"R_2OT5f8smz1FJyRO","LH",7.82,4,2,1,7,1,"HLLH","HL",50,66.6666666666667,NA,50
"R_2OT5f8smz1FJyRO","LH",7.82,4,2,1,7,1,"HLLH","LH",0,0,NA,50.7142857142857
"R_2OT5f8smz1FJyRO","LH",7.82,4,2,1,7,1,"HLLL","HL",50,66.6666666666667,NA,50.7692307692308
"R_2OT5f8smz1FJyRO","LH",7.82,4,2,1,7,1,"HLLL","LL",0,0,NA,50
"R_2OT5f8smz1FJyRO","LH",7.82,4,2,1,7,1,"LHLH","LH",25,100,NA,50.5882352941176
"R_2OT5f8smz1FJyRO","LH",7.82,4,2,1,7,1,"LHLL","LH",25,100,NA,50.6666666666667
"R_2OT5f8smz1FJyRO","LH",7.82,4,2,1,7,1,"LHLL","LL",25,100,NA,50.6666666666667
"R_2OT5f8smz1FJyRO","LH",7.82,4,2,1,7,1,"LLLL","LL",25,100,NA,50.7692307692308
"R_3HoABU7jBvNBA3B","LH",33.94,5,1,1,4,1,"HHHH","HH",75,100,NA,50.1960784313725
"R_3HoABU7jBvNBA3B","LH",33.94,5,1,1,4,1,"HHHL","HH",40,53.3333333333333,NA,50.2222222222222
"R_3HoABU7jBvNBA3B","LH",33.94,5,1,1,4,1,"HHHL","HL",50,66.6666666666667,NA,50.2222222222222
"R_3HoABU7jBvNBA3B","LH",33.94,5,1,1,4,1,"HHLH","HH",50,66.6666666666667,NA,50.2941176470588
"R_3HoABU7jBvNBA3B","LH",33.94,5,1,1,4,1,"HHLH","LH",10,40,NA,50.2941176470588
"R_3HoABU7jBvNBA3B","LH",33.94,5,1,1,4,1,"HHLL","HH",40,53.3333333333333,NA,50.3125
"R_3HoABU7jBvNBA3B","LH",33.94,5,1,1,4,1,"HHLL","LL",15,60,NA,50.3125
"R_3HoABU7jBvNBA3B","LH",33.94,5,1,1,4,1,"HLHL","HL",75,100,NA,50.2564102564103
"R_3HoABU7jBvNBA3B","LH",33.94,5,1,1,4,1,"HLLH","HL",40,53.3333333333333,NA,50.3571428571429
"R_3HoABU7jBvNBA3B","LH",33.94,5,1,1,4,1,"HLLH","LH",15,60,NA,50.3571428571429
"R_3HoABU7jBvNBA3B","LH",33.94,5,1,1,4,1,"HLLL","HL",60,80,NA,50.3846153846154
"R_3HoABU7jBvNBA3B","LH",33.94,5,1,1,4,1,"HLLL","LL",15,60,NA,50.3846153846154
"R_3HoABU7jBvNBA3B","LH",33.94,5,1,1,4,1,"LHLH","LH",25,100,NA,50.5882352941176
"R_3HoABU7jBvNBA3B","LH",33.94,5,1,1,4,1,"LHLL","LH",15,60,NA,50.6666666666667
"R_3HoABU7jBvNBA3B","LH",33.94,5,1,1,4,1,"LHLL","LL",10,40,NA,50.6666666666667
"R_3HoABU7jBvNBA3B","LH",33.94,5,1,1,4,1,"LLLL","LL",25,100,NA,50.7692307692308
"R_1kRpJg0xeiLQe8F","LH",37.48,4,1,2,2,2,"HHHH","HH",75,100,NA,50.1960784313725
"R_1kRpJg0xeiLQe8F","LH",37.48,4,1,2,2,2,"HHHL","HH",75,100,NA,50.2222222222222
"R_1kRpJg0xeiLQe8F","LH",37.48,4,1,2,2,2,"HHHL","HL",75,100,NA,50.2222222222222
"R_1kRpJg0xeiLQe8F","LH",37.48,4,1,2,2,2,"HHLH","HH",75,100,NA,50.2941176470588
"R_1kRpJg0xeiLQe8F","LH",37.48,4,1,2,2,2,"HHLH","LH",25,100,NA,50.2941176470588
"R_1kRpJg0xeiLQe8F","LH",37.48,4,1,2,2,2,"HHLL","HH",75,100,NA,50.3125
"R_1kRpJg0xeiLQe8F","LH",37.48,4,1,2,2,2,"HHLL","LL",25,100,NA,50.3125
"R_1kRpJg0xeiLQe8F","LH",37.48,4,1,2,2,2,"HLHL","HL",75,100,NA,50.2564102564103
"R_1kRpJg0xeiLQe8F","LH",37.48,4,1,2,2,2,"HLLH","HL",75,100,NA,50.3571428571429
"R_1kRpJg0xeiLQe8F","LH",37.48,4,1,2,2,2,"HLLH","LH",25,100,NA,50.3571428571429
"R_1kRpJg0xeiLQe8F","LH",37.48,4,1,2,2,2,"HLLL","HL",75,100,NA,50.3846153846154
"R_1kRpJg0xeiLQe8F","LH",37.48,4,1,2,2,2,"HLLL","LL",25,100,NA,50.3846153846154
"R_1kRpJg0xeiLQe8F","LH",37.48,4,1,2,2,2,"LHLH","LH",25,100,NA,50.5882352941176
"R_1kRpJg0xeiLQe8F","LH",37.48,4,1,2,2,2,"LHLL","LH",25,100,NA,50.6666666666667
"R_1kRpJg0xeiLQe8F","LH",37.48,4,1,2,2,2,"LHLL","LL",25,100,NA,50.6666666666667
"R_1kRpJg0xeiLQe8F","LH",37.48,4,1,2,2,2,"LLLL","LL",25,100,NA,50.7692307692308
"R_26kDpv8yRLi4TLC","LH",32.91,3,4,4,4,3,"HHHH","HH",35,46.6666666666667,NA,50.1960784313725
"R_26kDpv8yRLi4TLC","LH",32.91,3,4,4,4,3,"HHHL","HH",35,46.6666666666667,NA,51.1111111111111
"R_26kDpv8yRLi4TLC","LH",32.91,3,4,4,4,3,"HHHL","HL",22,29.3333333333333,NA,49.3333333333333
"R_26kDpv8yRLi4TLC","LH",32.91,3,4,4,4,3,"HHLH","HH",35,46.6666666666667,NA,55.8823529411765
"R_26kDpv8yRLi4TLC","LH",32.91,3,4,4,4,3,"HHLH","LH",13,52,NA,44.7058823529412
"R_26kDpv8yRLi4TLC","LH",32.91,3,4,4,4,3,"HHLL","HH",35,46.6666666666667,NA,53.75
"R_26kDpv8yRLi4TLC","LH",32.91,3,4,4,4,3,"HHLL","LL",13,52,NA,46.875
"R_26kDpv8yRLi4TLC","LH",32.91,3,4,4,4,3,"HLHL","HL",25,33.3333333333333,NA,50.2564102564103
"R_26kDpv8yRLi4TLC","LH",32.91,3,4,4,4,3,"HLLH","HL",25,33.3333333333333,NA,57.1428571428571
"R_26kDpv8yRLi4TLC","LH",32.91,3,4,4,4,3,"HLLH","LH",12,48,NA,43.5714285714286
"R_26kDpv8yRLi4TLC","LH",32.91,3,4,4,4,3,"HLLL","HL",30,40,NA,62.3076923076923
"R_26kDpv8yRLi4TLC","LH",32.91,3,4,4,4,3,"HLLL","LL",12,48,NA,38.4615384615385
"R_26kDpv8yRLi4TLC","LH",32.91,3,4,4,4,3,"LHLH","LH",12,48,NA,50.5882352941176
"R_26kDpv8yRLi4TLC","LH",32.91,3,4,4,4,3,"LHLL","LH",10,40,NA,50.6666666666667
"R_26kDpv8yRLi4TLC","LH",32.91,3,4,4,4,3,"LHLL","LL",11,44,NA,50.6666666666667
"R_26kDpv8yRLi4TLC","LH",32.91,3,4,4,4,3,"LLLL","LL",15,60,NA,50.7692307692308
"R_1j7IhrmLkz933N8","LH",32.56,1,3,4,4,4,"HHHH","HH",10,13.3333333333333,NA,49.8039215686275
"R_1j7IhrmLkz933N8","LH",32.56,1,3,4,4,4,"HHHL","HH",20,26.6666666666667,NA,50.2222222222222
"R_1j7IhrmLkz933N8","LH",32.56,1,3,4,4,4,"HHHL","HL",10,13.3333333333333,NA,50.2222222222222
"R_1j7IhrmLkz933N8","LH",32.56,1,3,4,4,4,"HHLH","HH",25,33.3333333333333,NA,50
"R_1j7IhrmLkz933N8","LH",32.56,1,3,4,4,4,"HHLH","LH",10,40,NA,50.5882352941176
"R_1j7IhrmLkz933N8","LH",32.56,1,3,4,4,4,"HHLL","HH",10,13.3333333333333,NA,50
"R_1j7IhrmLkz933N8","LH",32.56,1,3,4,4,4,"HHLL","LL",5,20,NA,50.625
"R_1j7IhrmLkz933N8","LH",32.56,1,3,4,4,4,"HLHL","HL",10,13.3333333333333,NA,49.2307692307692
"R_1j7IhrmLkz933N8","LH",32.56,1,3,4,4,4,"HLLH","HL",20,26.6666666666667,NA,50
"R_1j7IhrmLkz933N8","LH",32.56,1,3,4,4,4,"HLLH","LH",10,40,NA,50.7142857142857
"R_1j7IhrmLkz933N8","LH",32.56,1,3,4,4,4,"HLLL","HL",10,13.3333333333333,NA,50.7692307692308
"R_1j7IhrmLkz933N8","LH",32.56,1,3,4,4,4,"HLLL","LL",5,20,NA,50
"R_1j7IhrmLkz933N8","LH",32.56,1,3,4,4,4,"LHLH","LH",10,40,NA,50.5882352941176
"R_1j7IhrmLkz933N8","LH",32.56,1,3,4,4,4,"LHLL","LH",10,40,NA,52
"R_1j7IhrmLkz933N8","LH",32.56,1,3,4,4,4,"LHLL","LL",5,20,NA,49.3333333333333
"R_1j7IhrmLkz933N8","LH",32.56,1,3,4,4,4,"LLLL","LL",5,20,NA,50.7692307692308
"R_3Dto19hlX2Cny7Y","LH",34.88,4,1,5,3,5,"HHHH","HH",75,100,NA,50.1960784313725
"R_3Dto19hlX2Cny7Y","LH",34.88,4,1,5,3,5,"HHHL","HH",5,6.66666666666667,NA,43.5555555555556
"R_3Dto19hlX2Cny7Y","LH",34.88,4,1,5,3,5,"HHHL","HL",10,13.3333333333333,NA,56.8888888888889
"R_3Dto19hlX2Cny7Y","LH",34.88,4,1,5,3,5,"HHLH","HH",15,20,NA,25.2941176470588
"R_3Dto19hlX2Cny7Y","LH",34.88,4,1,5,3,5,"HHLH","LH",15,60,NA,75.2941176470588
"R_3Dto19hlX2Cny7Y","LH",34.88,4,1,5,3,5,"HHLL","HH",5,6.66666666666667,NA,80
"R_3Dto19hlX2Cny7Y","LH",34.88,4,1,5,3,5,"HHLL","LL",10,40,NA,20.625
"R_3Dto19hlX2Cny7Y","LH",34.88,4,1,5,3,5,"HLHL","HL",75,100,NA,50.2564102564103
"R_3Dto19hlX2Cny7Y","LH",34.88,4,1,5,3,5,"HLLH","HL",10,13.3333333333333,NA,70
"R_3Dto19hlX2Cny7Y","LH",34.88,4,1,5,3,5,"HLLH","LH",5,20,NA,30.7142857142857
"R_3Dto19hlX2Cny7Y","LH",34.88,4,1,5,3,5,"HLLL","HL",5,6.66666666666667,NA,75.3846153846154
"R_3Dto19hlX2Cny7Y","LH",34.88,4,1,5,3,5,"HLLL","LL",5,20,NA,25.3846153846154
"R_3Dto19hlX2Cny7Y","LH",34.88,4,1,5,3,5,"LHLH","LH",25,100,NA,50.5882352941176
"R_3Dto19hlX2Cny7Y","LH",34.88,4,1,5,3,5,"LHLL","LH",5,20,NA,44
"R_3Dto19hlX2Cny7Y","LH",34.88,4,1,5,3,5,"LHLL","LL",10,40,NA,57.3333333333333
"R_3Dto19hlX2Cny7Y","LH",34.88,4,1,5,3,5,"LLLL","LL",25,100,NA,50.7692307692308
"R_2dT7Qd38DzIUN2b","LH",37.09,3,2,4,4,4,"HHHH","HH",70,93.3333333333333,NA,50.1960784313725
"R_2dT7Qd38DzIUN2b","LH",37.09,3,2,4,4,4,"HHHL","HH",70,93.3333333333333,NA,56
"R_2dT7Qd38DzIUN2b","LH",37.09,3,2,4,4,4,"HHHL","HL",65,86.6666666666667,NA,44.4444444444444
"R_2dT7Qd38DzIUN2b","LH",37.09,3,2,4,4,4,"HHLH","HH",65,86.6666666666667,NA,71.1764705882353
"R_2dT7Qd38DzIUN2b","LH",37.09,3,2,4,4,4,"HHLH","LH",15,60,NA,29.4117647058824
"R_2dT7Qd38DzIUN2b","LH",37.09,3,2,4,4,4,"HHLL","HH",70,93.3333333333333,NA,63.125
"R_2dT7Qd38DzIUN2b","LH",37.09,3,2,4,4,4,"HHLL","LL",15,60,NA,37.5
"R_2dT7Qd38DzIUN2b","LH",37.09,3,2,4,4,4,"HLHL","HL",70,93.3333333333333,NA,50.2564102564103
"R_2dT7Qd38DzIUN2b","LH",37.09,3,2,4,4,4,"HLLH","HL",70,93.3333333333333,NA,60.7142857142857
"R_2dT7Qd38DzIUN2b","LH",37.09,3,2,4,4,4,"HLLH","LH",20,80,NA,40
"R_2dT7Qd38DzIUN2b","LH",37.09,3,2,4,4,4,"HLLL","HL",65,86.6666666666667,NA,63.0769230769231
"R_2dT7Qd38DzIUN2b","LH",37.09,3,2,4,4,4,"HLLL","LL",10,40,NA,37.6923076923077
"R_2dT7Qd38DzIUN2b","LH",37.09,3,2,4,4,4,"LHLH","LH",20,80,NA,50.5882352941176
"R_2dT7Qd38DzIUN2b","LH",37.09,3,2,4,4,4,"LHLL","LH",20,80,NA,58.6666666666667
"R_2dT7Qd38DzIUN2b","LH",37.09,3,2,4,4,4,"LHLL","LL",15,60,NA,42.6666666666667
"R_2dT7Qd38DzIUN2b","LH",37.09,3,2,4,4,4,"LLLL","LL",10,40,NA,50.7692307692308
"R_3j8cj4vnlUktxJF","LH",36.08,4,4,4,4,3,"HHHH","HH",50,66.6666666666667,NA,50.1960784313725
"R_3j8cj4vnlUktxJF","LH",36.08,4,4,4,4,3,"HHHL","HH",50,66.6666666666667,NA,50.2222222222222
"R_3j8cj4vnlUktxJF","LH",36.08,4,4,4,4,3,"HHHL","HL",45,60,NA,50.2222222222222
"R_3j8cj4vnlUktxJF","LH",36.08,4,4,4,4,3,"HHLH","HH",40,53.3333333333333,NA,70.5882352941177
"R_3j8cj4vnlUktxJF","LH",36.08,4,4,4,4,3,"HHLH","LH",15,60,NA,30
"R_3j8cj4vnlUktxJF","LH",36.08,4,4,4,4,3,"HHLL","HH",40,53.3333333333333,NA,71.875
"R_3j8cj4vnlUktxJF","LH",36.08,4,4,4,4,3,"HHLL","LL",15,60,NA,28.75
"R_3j8cj4vnlUktxJF","LH",36.08,4,4,4,4,3,"HLHL","HL",50,66.6666666666667,NA,50.2564102564103
"R_3j8cj4vnlUktxJF","LH",36.08,4,4,4,4,3,"HLLH","HL",40,53.3333333333333,NA,71.4285714285714
"R_3j8cj4vnlUktxJF","LH",36.08,4,4,4,4,3,"HLLH","LH",15,60,NA,29.2857142857143
"R_3j8cj4vnlUktxJF","LH",36.08,4,4,4,4,3,"HLLL","HL",50,66.6666666666667,NA,75.3846153846154
"R_3j8cj4vnlUktxJF","LH",36.08,4,4,4,4,3,"HLLL","LL",20,80,NA,25.3846153846154
"R_3j8cj4vnlUktxJF","LH",36.08,4,4,4,4,3,"LHLH","LH",20,80,NA,50.5882352941176
"R_3j8cj4vnlUktxJF","LH",36.08,4,4,4,4,3,"LHLL","LH",15,60,NA,50.6666666666667
"R_3j8cj4vnlUktxJF","LH",36.08,4,4,4,4,3,"LHLL","LL",15,60,NA,50.6666666666667
"R_3j8cj4vnlUktxJF","LH",36.08,4,4,4,4,3,"LLLL","LL",15,60,NA,50.7692307692308
"R_33DBSE6yYM82Cp0","LH",7.53,3,4,4,3,2,"HHHH","HH",25,33.3333333333333,NA,50.1960784313725
"R_33DBSE6yYM82Cp0","LH",7.53,3,4,4,3,2,"HHHL","HH",25,33.3333333333333,NA,56.8888888888889
"R_33DBSE6yYM82Cp0","LH",7.53,3,4,4,3,2,"HHHL","HL",25,33.3333333333333,NA,43.5555555555556
"R_33DBSE6yYM82Cp0","LH",7.53,3,4,4,3,2,"HHLH","HH",25,33.3333333333333,NA,75.2941176470588
"R_33DBSE6yYM82Cp0","LH",7.53,3,4,4,3,2,"HHLH","LH",25,100,NA,25.2941176470588
"R_33DBSE6yYM82Cp0","LH",7.53,3,4,4,3,2,"HHLL","HH",25,33.3333333333333,NA,80
"R_33DBSE6yYM82Cp0","LH",7.53,3,4,4,3,2,"HHLL","LL",25,100,NA,20.625
"R_33DBSE6yYM82Cp0","LH",7.53,3,4,4,3,2,"HLHL","HL",25,33.3333333333333,NA,50.2564102564103
"R_33DBSE6yYM82Cp0","LH",7.53,3,4,4,3,2,"HLLH","HL",25,33.3333333333333,NA,70
"R_33DBSE6yYM82Cp0","LH",7.53,3,4,4,3,2,"HLLH","LH",25,100,NA,30.7142857142857
"R_33DBSE6yYM82Cp0","LH",7.53,3,4,4,3,2,"HLLL","HL",25,33.3333333333333,NA,75.3846153846154
"R_33DBSE6yYM82Cp0","LH",7.53,3,4,4,3,2,"HLLL","LL",25,100,NA,25.3846153846154
"R_33DBSE6yYM82Cp0","LH",7.53,3,4,4,3,2,"LHLH","LH",25,100,NA,50.5882352941176
"R_33DBSE6yYM82Cp0","LH",7.53,3,4,4,3,2,"LHLL","LH",25,100,NA,57.3333333333333
"R_33DBSE6yYM82Cp0","LH",7.53,3,4,4,3,2,"LHLL","LL",25,100,NA,44
"R_33DBSE6yYM82Cp0","LH",7.53,3,4,4,3,2,"LLLL","LL",25,100,NA,50.7692307692308
"R_1rojioDxr9H3dsE","LH",7.82,3,3,4,4,4,"HHHH","HH",75,100,NA,50.1960784313725
"R_1rojioDxr9H3dsE","LH",7.82,3,3,4,4,4,"HHHL","HH",50,66.6666666666667,NA,50.2222222222222
"R_1rojioDxr9H3dsE","LH",7.82,3,3,4,4,4,"HHHL","HL",40,53.3333333333333,NA,50.2222222222222
"R_1rojioDxr9H3dsE","LH",7.82,3,3,4,4,4,"HHLH","HH",65,86.6666666666667,NA,50
"R_1rojioDxr9H3dsE","LH",7.82,3,3,4,4,4,"HHLH","LH",15,60,NA,50.5882352941176
"R_1rojioDxr9H3dsE","LH",7.82,3,3,4,4,4,"HHLL","HH",55,73.3333333333333,NA,50.625
"R_1rojioDxr9H3dsE","LH",7.82,3,3,4,4,4,"HHLL","LL",15,60,NA,50
"R_1rojioDxr9H3dsE","LH",7.82,3,3,4,4,4,"HLHL","HL",50,66.6666666666667,NA,50.2564102564103
"R_1rojioDxr9H3dsE","LH",7.82,3,3,4,4,4,"HLLH","HL",55,73.3333333333333,NA,50
"R_1rojioDxr9H3dsE","LH",7.82,3,3,4,4,4,"HLLH","LH",20,80,NA,50.7142857142857
"R_1rojioDxr9H3dsE","LH",7.82,3,3,4,4,4,"HLLL","HL",65,86.6666666666667,NA,50.7692307692308
"R_1rojioDxr9H3dsE","LH",7.82,3,3,4,4,4,"HLLL","LL",10,40,NA,50
"R_1rojioDxr9H3dsE","LH",7.82,3,3,4,4,4,"LHLH","LH",15,60,NA,50.5882352941176
"R_1rojioDxr9H3dsE","LH",7.82,3,3,4,4,4,"LHLL","LH",15,60,NA,50.6666666666667
"R_1rojioDxr9H3dsE","LH",7.82,3,3,4,4,4,"LHLL","LL",10,40,NA,50.6666666666667
"R_1rojioDxr9H3dsE","LH",7.82,3,3,4,4,4,"LLLL","LL",5,20,NA,50.7692307692308
"R_2fcFcb2ep6nqK7g","LH",45,4,1,1,3,1,"HHHH","HH",30,40,NA,50.1960784313725
"R_2fcFcb2ep6nqK7g","LH",45,4,1,1,3,1,"HHHL","HH",30,40,NA,50.2222222222222
"R_2fcFcb2ep6nqK7g","LH",45,4,1,1,3,1,"HHHL","HL",30,40,NA,50.2222222222222
"R_2fcFcb2ep6nqK7g","LH",45,4,1,1,3,1,"HHLH","HH",30,40,NA,50.5882352941176
"R_2fcFcb2ep6nqK7g","LH",45,4,1,1,3,1,"HHLH","LH",10,40,NA,50
"R_2fcFcb2ep6nqK7g","LH",45,4,1,1,3,1,"HHLL","HH",30,40,NA,50.625
"R_2fcFcb2ep6nqK7g","LH",45,4,1,1,3,1,"HHLL","LL",10,40,NA,50
"R_2fcFcb2ep6nqK7g","LH",45,4,1,1,3,1,"HLHL","HL",30,40,NA,50.2564102564103
"R_2fcFcb2ep6nqK7g","LH",45,4,1,1,3,1,"HLLH","HL",30,40,NA,50.7142857142857
"R_2fcFcb2ep6nqK7g","LH",45,4,1,1,3,1,"HLLH","LH",10,40,NA,50
"R_2fcFcb2ep6nqK7g","LH",45,4,1,1,3,1,"HLLL","HL",30,40,NA,50.7692307692308
"R_2fcFcb2ep6nqK7g","LH",45,4,1,1,3,1,"HLLL","LL",10,40,NA,50
"R_2fcFcb2ep6nqK7g","LH",45,4,1,1,3,1,"LHLH","LH",10,40,NA,50.5882352941176
"R_2fcFcb2ep6nqK7g","LH",45,4,1,1,3,1,"LHLL","LH",10,40,NA,50.6666666666667
"R_2fcFcb2ep6nqK7g","LH",45,4,1,1,3,1,"LHLL","LL",10,40,NA,50.6666666666667
"R_2fcFcb2ep6nqK7g","LH",45,4,1,1,3,1,"LLLL","LL",10,40,NA,50.7692307692308
"R_3lxY5KozrdocVan","LH",7.82,3,2,3,4,1,"HHHH","HH",75,100,NA,50.1960784313725
"R_3lxY5KozrdocVan","LH",7.82,3,2,3,4,1,"HHHL","HH",75,100,NA,50.2222222222222
"R_3lxY5KozrdocVan","LH",7.82,3,2,3,4,1,"HHHL","HL",75,100,NA,50.2222222222222
"R_3lxY5KozrdocVan","LH",7.82,3,2,3,4,1,"HHLH","HH",75,100,NA,50.5882352941176
"R_3lxY5KozrdocVan","LH",7.82,3,2,3,4,1,"HHLH","LH",25,100,NA,50
"R_3lxY5KozrdocVan","LH",7.82,3,2,3,4,1,"HHLL","HH",75,100,NA,50.625
"R_3lxY5KozrdocVan","LH",7.82,3,2,3,4,1,"HHLL","LL",25,100,NA,50
"R_3lxY5KozrdocVan","LH",7.82,3,2,3,4,1,"HLHL","HL",75,100,NA,50.2564102564103
"R_3lxY5KozrdocVan","LH",7.82,3,2,3,4,1,"HLLH","HL",75,100,NA,50.7142857142857
"R_3lxY5KozrdocVan","LH",7.82,3,2,3,4,1,"HLLH","LH",25,100,NA,50
"R_3lxY5KozrdocVan","LH",7.82,3,2,3,4,1,"HLLL","HL",25,33.3333333333333,NA,50.7692307692308
"R_3lxY5KozrdocVan","LH",7.82,3,2,3,4,1,"HLLL","LL",25,100,NA,50
"R_3lxY5KozrdocVan","LH",7.82,3,2,3,4,1,"LHLH","LH",25,100,NA,50.5882352941176
"R_3lxY5KozrdocVan","LH",7.82,3,2,3,4,1,"LHLL","LH",25,100,NA,50.6666666666667
"R_3lxY5KozrdocVan","LH",7.82,3,2,3,4,1,"LHLL","LL",25,100,NA,50.6666666666667
"R_3lxY5KozrdocVan","LH",7.82,3,2,3,4,1,"LLLL","LL",25,100,NA,50.7692307692308
"R_3PStMh9V9n3WWAt","LH",-3.74,4,2,4,4,4,"HHHH","HH",25,33.3333333333333,NA,50.1960784313725
"R_3PStMh9V9n3WWAt","LH",-3.74,4,2,4,4,4,"HHHL","HH",25,33.3333333333333,NA,56
"R_3PStMh9V9n3WWAt","LH",-3.74,4,2,4,4,4,"HHHL","HL",25,33.3333333333333,NA,44.4444444444444
"R_3PStMh9V9n3WWAt","LH",-3.74,4,2,4,4,4,"HHLH","HH",25,33.3333333333333,NA,56.1764705882353
"R_3PStMh9V9n3WWAt","LH",-3.74,4,2,4,4,4,"HHLH","LH",5,20,NA,44.4117647058823
"R_3PStMh9V9n3WWAt","LH",-3.74,4,2,4,4,4,"HHLL","HH",25,33.3333333333333,NA,62.5
"R_3PStMh9V9n3WWAt","LH",-3.74,4,2,4,4,4,"HHLL","LL",5,20,NA,38.125
"R_3PStMh9V9n3WWAt","LH",-3.74,4,2,4,4,4,"HLHL","HL",15,20,NA,50.2564102564103
"R_3PStMh9V9n3WWAt","LH",-3.74,4,2,4,4,4,"HLLH","HL",25,33.3333333333333,NA,50.3571428571429
"R_3PStMh9V9n3WWAt","LH",-3.74,4,2,4,4,4,"HLLH","LH",5,20,NA,50.3571428571429
"R_3PStMh9V9n3WWAt","LH",-3.74,4,2,4,4,4,"HLLL","HL",15,20,NA,50.3846153846154
"R_3PStMh9V9n3WWAt","LH",-3.74,4,2,4,4,4,"HLLL","LL",5,20,NA,50.3846153846154
"R_3PStMh9V9n3WWAt","LH",-3.74,4,2,4,4,4,"LHLH","LH",10,40,NA,50.5882352941176
"R_3PStMh9V9n3WWAt","LH",-3.74,4,2,4,4,4,"LHLL","LH",10,40,NA,50.6666666666667
"R_3PStMh9V9n3WWAt","LH",-3.74,4,2,4,4,4,"LHLL","LL",10,40,NA,50.6666666666667
"R_3PStMh9V9n3WWAt","LH",-3.74,4,2,4,4,4,"LLLL","LL",5,20,NA,50.7692307692308
"R_NURwVl8l0Domag9","LH",16.26,5,1,3,5,3,"HHHH","HH",75,100,NA,50.1960784313725
"R_NURwVl8l0Domag9","LH",16.26,5,1,3,5,3,"HHHL","HH",75,100,NA,56.8888888888889
"R_NURwVl8l0Domag9","LH",16.26,5,1,3,5,3,"HHHL","HL",75,100,NA,43.5555555555556
"R_NURwVl8l0Domag9","LH",16.26,5,1,3,5,3,"HHLH","HH",75,100,NA,75.2941176470588
"R_NURwVl8l0Domag9","LH",16.26,5,1,3,5,3,"HHLH","LH",25,100,NA,25.2941176470588
"R_NURwVl8l0Domag9","LH",16.26,5,1,3,5,3,"HHLL","HH",75,100,NA,80
"R_NURwVl8l0Domag9","LH",16.26,5,1,3,5,3,"HHLL","LL",25,100,NA,20.625
"R_NURwVl8l0Domag9","LH",16.26,5,1,3,5,3,"HLHL","HL",75,100,NA,50.2564102564103
"R_NURwVl8l0Domag9","LH",16.26,5,1,3,5,3,"HLLH","HL",75,100,NA,70
"R_NURwVl8l0Domag9","LH",16.26,5,1,3,5,3,"HLLH","LH",25,100,NA,30.7142857142857
"R_NURwVl8l0Domag9","LH",16.26,5,1,3,5,3,"HLLL","HL",75,100,NA,75.3846153846154
"R_NURwVl8l0Domag9","LH",16.26,5,1,3,5,3,"HLLL","LL",25,100,NA,25.3846153846154
"R_NURwVl8l0Domag9","LH",16.26,5,1,3,5,3,"LHLH","LH",25,100,NA,50.5882352941176
"R_NURwVl8l0Domag9","LH",16.26,5,1,3,5,3,"LHLL","LH",25,100,NA,57.3333333333333
"R_NURwVl8l0Domag9","LH",16.26,5,1,3,5,3,"LHLL","LL",25,100,NA,44
"R_NURwVl8l0Domag9","LH",16.26,5,1,3,5,3,"LLLL","LL",25,100,NA,50.7692307692308
"R_Ua70qCqrGJai2oV","LH",34.88,5,2,1,7,1,"HHHH","HH",75,100,NA,50.1960784313725
"R_Ua70qCqrGJai2oV","LH",34.88,5,2,1,7,1,"HHHL","HH",75,100,NA,50.2222222222222
"R_Ua70qCqrGJai2oV","LH",34.88,5,2,1,7,1,"HHHL","HL",75,100,NA,50.2222222222222
"R_Ua70qCqrGJai2oV","LH",34.88,5,2,1,7,1,"HHLH","HH",75,100,NA,50
"R_Ua70qCqrGJai2oV","LH",34.88,5,2,1,7,1,"HHLH","LH",25,100,NA,50.5882352941176
"R_Ua70qCqrGJai2oV","LH",34.88,5,2,1,7,1,"HHLL","HH",75,100,NA,50
"R_Ua70qCqrGJai2oV","LH",34.88,5,2,1,7,1,"HHLL","LL",25,100,NA,50.625
"R_Ua70qCqrGJai2oV","LH",34.88,5,2,1,7,1,"HLHL","HL",75,100,NA,50.2564102564103
"R_Ua70qCqrGJai2oV","LH",34.88,5,2,1,7,1,"HLLH","HL",75,100,NA,50
"R_Ua70qCqrGJai2oV","LH",34.88,5,2,1,7,1,"HLLH","LH",25,100,NA,50.7142857142857
"R_Ua70qCqrGJai2oV","LH",34.88,5,2,1,7,1,"HLLL","HL",75,100,NA,50
"R_Ua70qCqrGJai2oV","LH",34.88,5,2,1,7,1,"HLLL","LL",25,100,NA,50.7692307692308
"R_Ua70qCqrGJai2oV","LH",34.88,5,2,1,7,1,"LHLH","LH",25,100,NA,50.5882352941176
"R_Ua70qCqrGJai2oV","LH",34.88,5,2,1,7,1,"LHLL","LH",25,100,NA,50.6666666666667
"R_Ua70qCqrGJai2oV","LH",34.88,5,2,1,7,1,"LHLL","LL",25,100,NA,50.6666666666667
"R_Ua70qCqrGJai2oV","LH",34.88,5,2,1,7,1,"LLLL","LL",25,100,NA,50.7692307692308
"R_2OIQNycnPluvyYz","LH",35.67,3,1,4,4,4,"HHHH","HH",20,26.6666666666667,NA,50.1960784313725
"R_2OIQNycnPluvyYz","LH",35.67,3,1,4,4,4,"HHHL","HH",20,26.6666666666667,NA,50.2222222222222
"R_2OIQNycnPluvyYz","LH",35.67,3,1,4,4,4,"HHHL","HL",20,26.6666666666667,NA,50.2222222222222
"R_2OIQNycnPluvyYz","LH",35.67,3,1,4,4,4,"HHLH","HH",20,26.6666666666667,NA,50.2941176470588
"R_2OIQNycnPluvyYz","LH",35.67,3,1,4,4,4,"HHLH","LH",6,24,NA,50.2941176470588
"R_2OIQNycnPluvyYz","LH",35.67,3,1,4,4,4,"HHLL","HH",20,26.6666666666667,NA,50.3125
"R_2OIQNycnPluvyYz","LH",35.67,3,1,4,4,4,"HHLL","LL",6,24,NA,50.3125
"R_2OIQNycnPluvyYz","LH",35.67,3,1,4,4,4,"HLHL","HL",20,26.6666666666667,NA,50.2564102564103
"R_2OIQNycnPluvyYz","LH",35.67,3,1,4,4,4,"HLLH","HL",20,26.6666666666667,NA,50.3571428571429
"R_2OIQNycnPluvyYz","LH",35.67,3,1,4,4,4,"HLLH","LH",6,24,NA,50.3571428571429
"R_2OIQNycnPluvyYz","LH",35.67,3,1,4,4,4,"HLLL","HL",20,26.6666666666667,NA,50.3846153846154
"R_2OIQNycnPluvyYz","LH",35.67,3,1,4,4,4,"HLLL","LL",6,24,NA,50.3846153846154
"R_2OIQNycnPluvyYz","LH",35.67,3,1,4,4,4,"LHLH","LH",6,24,NA,50.5882352941176
"R_2OIQNycnPluvyYz","LH",35.67,3,1,4,4,4,"LHLL","LH",6,24,NA,50.6666666666667
"R_2OIQNycnPluvyYz","LH",35.67,3,1,4,4,4,"LHLL","LL",6,24,NA,50.6666666666667
"R_2OIQNycnPluvyYz","LH",35.67,3,1,4,4,4,"LLLL","LL",6,24,NA,50.7692307692308
"R_3Kvja5yphYkudQC","LH",30.29,3,4,4,4,4,"HHHH","HH",35,46.6666666666667,NA,50.1960784313725
"R_3Kvja5yphYkudQC","LH",30.29,3,4,4,4,4,"HHHL","HH",35,46.6666666666667,NA,56.8888888888889
"R_3Kvja5yphYkudQC","LH",30.29,3,4,4,4,4,"HHHL","HL",30,40,NA,43.5555555555556
"R_3Kvja5yphYkudQC","LH",30.29,3,4,4,4,4,"HHLH","HH",35,46.6666666666667,NA,75.2941176470588
"R_3Kvja5yphYkudQC","LH",30.29,3,4,4,4,4,"HHLH","LH",15,60,NA,25.2941176470588
"R_3Kvja5yphYkudQC","LH",30.29,3,4,4,4,4,"HHLL","HH",30,40,NA,80
"R_3Kvja5yphYkudQC","LH",30.29,3,4,4,4,4,"HHLL","LL",13,52,NA,20.625
"R_3Kvja5yphYkudQC","LH",30.29,3,4,4,4,4,"HLHL","HL",30,40,NA,50.2564102564103
"R_3Kvja5yphYkudQC","LH",30.29,3,4,4,4,4,"HLLH","HL",35,46.6666666666667,NA,70
"R_3Kvja5yphYkudQC","LH",30.29,3,4,4,4,4,"HLLH","LH",15,60,NA,30.7142857142857
"R_3Kvja5yphYkudQC","LH",30.29,3,4,4,4,4,"HLLL","HL",30,40,NA,75.3846153846154
"R_3Kvja5yphYkudQC","LH",30.29,3,4,4,4,4,"HLLL","LL",13,52,NA,25.3846153846154
"R_3Kvja5yphYkudQC","LH",30.29,3,4,4,4,4,"LHLH","LH",15,60,NA,50.5882352941176
"R_3Kvja5yphYkudQC","LH",30.29,3,4,4,4,4,"LHLL","LH",15,60,NA,57.3333333333333
"R_3Kvja5yphYkudQC","LH",30.29,3,4,4,4,4,"LHLL","LL",15,60,NA,44
"R_3Kvja5yphYkudQC","LH",30.29,3,4,4,4,4,"LLLL","LL",10,40,NA,50.7692307692308
"R_12tlLP5vcnlirQd","LH",37.48,4,2,3,5,2,"HHHH","HH",75,100,NA,50.1960784313725
"R_12tlLP5vcnlirQd","LH",37.48,4,2,3,5,2,"HHHL","HH",40,53.3333333333333,NA,50.2222222222222
"R_12tlLP5vcnlirQd","LH",37.48,4,2,3,5,2,"HHHL","HL",40,53.3333333333333,NA,50.2222222222222
"R_12tlLP5vcnlirQd","LH",37.48,4,2,3,5,2,"HHLH","HH",30,40,NA,50.2941176470588
"R_12tlLP5vcnlirQd","LH",37.48,4,2,3,5,2,"HHLH","LH",10,40,NA,50.2941176470588
"R_12tlLP5vcnlirQd","LH",37.48,4,2,3,5,2,"HHLL","HH",30,40,NA,75
"R_12tlLP5vcnlirQd","LH",37.48,4,2,3,5,2,"HHLL","LL",10,40,NA,25.625
"R_12tlLP5vcnlirQd","LH",37.48,4,2,3,5,2,"HLHL","HL",75,100,NA,50.2564102564103
"R_12tlLP5vcnlirQd","LH",37.48,4,2,3,5,2,"HLLH","HL",75,100,NA,70
"R_12tlLP5vcnlirQd","LH",37.48,4,2,3,5,2,"HLLH","LH",25,100,NA,30.7142857142857
"R_12tlLP5vcnlirQd","LH",37.48,4,2,3,5,2,"HLLL","HL",30,40,NA,75.3846153846154
"R_12tlLP5vcnlirQd","LH",37.48,4,2,3,5,2,"HLLL","LL",10,40,NA,25.3846153846154
"R_12tlLP5vcnlirQd","LH",37.48,4,2,3,5,2,"LHLH","LH",25,100,NA,50.5882352941176
"R_12tlLP5vcnlirQd","LH",37.48,4,2,3,5,2,"LHLL","LH",10,40,NA,50.6666666666667
"R_12tlLP5vcnlirQd","LH",37.48,4,2,3,5,2,"LHLL","LL",10,40,NA,50.6666666666667
"R_12tlLP5vcnlirQd","LH",37.48,4,2,3,5,2,"LLLL","LL",25,100,NA,50.7692307692308
"R_ABvmDsL3jKmTtIZ","LH",7.82,5,1,1,7,1,"HHHH","HH",75,100,NA,50.1960784313725
"R_ABvmDsL3jKmTtIZ","LH",7.82,5,1,1,7,1,"HHHL","HH",75,100,NA,50.2222222222222
"R_ABvmDsL3jKmTtIZ","LH",7.82,5,1,1,7,1,"HHHL","HL",75,100,NA,50.2222222222222
"R_ABvmDsL3jKmTtIZ","LH",7.82,5,1,1,7,1,"HHLH","HH",25,33.3333333333333,NA,65.2941176470588
"R_ABvmDsL3jKmTtIZ","LH",7.82,5,1,1,7,1,"HHLH","LH",25,100,NA,35.2941176470588
"R_ABvmDsL3jKmTtIZ","LH",7.82,5,1,1,7,1,"HHLL","HH",25,33.3333333333333,NA,69.375
"R_ABvmDsL3jKmTtIZ","LH",7.82,5,1,1,7,1,"HHLL","LL",25,100,NA,31.25
"R_ABvmDsL3jKmTtIZ","LH",7.82,5,1,1,7,1,"HLHL","HL",75,100,NA,50.2564102564103
"R_ABvmDsL3jKmTtIZ","LH",7.82,5,1,1,7,1,"HLLH","HL",25,33.3333333333333,NA,60.7142857142857
"R_ABvmDsL3jKmTtIZ","LH",7.82,5,1,1,7,1,"HLLH","LH",25,100,NA,40
"R_ABvmDsL3jKmTtIZ","LH",7.82,5,1,1,7,1,"HLLL","HL",25,33.3333333333333,NA,65.3846153846154
"R_ABvmDsL3jKmTtIZ","LH",7.82,5,1,1,7,1,"HLLL","LL",25,100,NA,35.3846153846154
"R_ABvmDsL3jKmTtIZ","LH",7.82,5,1,1,7,1,"LHLH","LH",25,100,NA,50.5882352941176
"R_ABvmDsL3jKmTtIZ","LH",7.82,5,1,1,7,1,"LHLL","LH",25,100,NA,50.6666666666667
"R_ABvmDsL3jKmTtIZ","LH",7.82,5,1,1,7,1,"LHLL","LL",25,100,NA,50.6666666666667
"R_ABvmDsL3jKmTtIZ","LH",7.82,5,1,1,7,1,"LLLL","LL",25,100,NA,50.7692307692308
"R_3lE3bwvq3dQo0Kx","LH",40.07,3,1,2,7,1,"HHHH","HH",25,33.3333333333333,NA,50.1960784313725
"R_3lE3bwvq3dQo0Kx","LH",40.07,3,1,2,7,1,"HHHL","HH",15,20,NA,50.2222222222222
"R_3lE3bwvq3dQo0Kx","LH",40.07,3,1,2,7,1,"HHHL","HL",15,20,NA,50.2222222222222
"R_3lE3bwvq3dQo0Kx","LH",40.07,3,1,2,7,1,"HHLH","HH",25,33.3333333333333,NA,53.5294117647059
"R_3lE3bwvq3dQo0Kx","LH",40.07,3,1,2,7,1,"HHLH","LH",10,40,NA,47.0588235294118
"R_3lE3bwvq3dQo0Kx","LH",40.07,3,1,2,7,1,"HHLL","HH",25,33.3333333333333,NA,50.625
"R_3lE3bwvq3dQo0Kx","LH",40.07,3,1,2,7,1,"HHLL","LL",5,20,NA,50
"R_3lE3bwvq3dQo0Kx","LH",40.07,3,1,2,7,1,"HLHL","HL",25,33.3333333333333,NA,50.2564102564103
"R_3lE3bwvq3dQo0Kx","LH",40.07,3,1,2,7,1,"HLLH","HL",15,20,NA,57.8571428571429
"R_3lE3bwvq3dQo0Kx","LH",40.07,3,1,2,7,1,"HLLH","LH",10,40,NA,42.8571428571429
"R_3lE3bwvq3dQo0Kx","LH",40.07,3,1,2,7,1,"HLLL","HL",25,33.3333333333333,NA,50
"R_3lE3bwvq3dQo0Kx","LH",40.07,3,1,2,7,1,"HLLL","LL",5,20,NA,50.7692307692308
"R_3lE3bwvq3dQo0Kx","LH",40.07,3,1,2,7,1,"LHLH","LH",5,20,NA,50.5882352941176
"R_3lE3bwvq3dQo0Kx","LH",40.07,3,1,2,7,1,"LHLL","LH",5,20,NA,50.6666666666667
"R_3lE3bwvq3dQo0Kx","LH",40.07,3,1,2,7,1,"LHLL","LL",5,20,NA,50.6666666666667
"R_3lE3bwvq3dQo0Kx","LH",40.07,3,1,2,7,1,"LLLL","LL",5,20,NA,50.7692307692308
"R_3KNOsBqiSGz0oMG","LH",34.88,5,1,2,6,1,"HHHH","HH",75,100,NA,50.1960784313725
"R_3KNOsBqiSGz0oMG","LH",34.88,5,1,2,6,1,"HHHL","HH",75,100,NA,50.2222222222222
"R_3KNOsBqiSGz0oMG","LH",34.88,5,1,2,6,1,"HHHL","HL",75,100,NA,50.2222222222222
"R_3KNOsBqiSGz0oMG","LH",34.88,5,1,2,6,1,"HHLH","HH",75,100,NA,58.8235294117647
"R_3KNOsBqiSGz0oMG","LH",34.88,5,1,2,6,1,"HHLH","LH",25,100,NA,41.7647058823529
"R_3KNOsBqiSGz0oMG","LH",34.88,5,1,2,6,1,"HHLL","HH",75,100,NA,56.25
"R_3KNOsBqiSGz0oMG","LH",34.88,5,1,2,6,1,"HHLL","LL",25,100,NA,44.375
"R_3KNOsBqiSGz0oMG","LH",34.88,5,1,2,6,1,"HLHL","HL",75,100,NA,50.2564102564103
"R_3KNOsBqiSGz0oMG","LH",34.88,5,1,2,6,1,"HLLH","HL",75,100,NA,60.7142857142857
"R_3KNOsBqiSGz0oMG","LH",34.88,5,1,2,6,1,"HLLH","LH",25,100,NA,40
"R_3KNOsBqiSGz0oMG","LH",34.88,5,1,2,6,1,"HLLL","HL",75,100,NA,61.5384615384615
"R_3KNOsBqiSGz0oMG","LH",34.88,5,1,2,6,1,"HLLL","LL",25,100,NA,39.2307692307692
"R_3KNOsBqiSGz0oMG","LH",34.88,5,1,2,6,1,"LHLH","LH",25,100,NA,50.5882352941176
"R_3KNOsBqiSGz0oMG","LH",34.88,5,1,2,6,1,"LHLL","LH",25,100,NA,57.3333333333333
"R_3KNOsBqiSGz0oMG","LH",34.88,5,1,2,6,1,"LHLL","LL",25,100,NA,44
"R_3KNOsBqiSGz0oMG","LH",34.88,5,1,2,6,1,"LLLL","LL",25,100,NA,50.7692307692308
"R_3kIp72dVxcJsnoS","LH",7.82,2,4,2,7,2,"HHHH","HH",75,100,NA,50.1960784313725
"R_3kIp72dVxcJsnoS","LH",7.82,2,4,2,7,2,"HHHL","HH",70,93.3333333333333,NA,50.2222222222222
"R_3kIp72dVxcJsnoS","LH",7.82,2,4,2,7,2,"HHHL","HL",75,100,NA,50.2222222222222
"R_3kIp72dVxcJsnoS","LH",7.82,2,4,2,7,2,"HHLH","HH",25,33.3333333333333,NA,58.8235294117647
"R_3kIp72dVxcJsnoS","LH",7.82,2,4,2,7,2,"HHLH","LH",25,100,NA,41.7647058823529
"R_3kIp72dVxcJsnoS","LH",7.82,2,4,2,7,2,"HHLL","HH",25,33.3333333333333,NA,62.5
"R_3kIp72dVxcJsnoS","LH",7.82,2,4,2,7,2,"HHLL","LL",25,100,NA,38.125
"R_3kIp72dVxcJsnoS","LH",7.82,2,4,2,7,2,"HLHL","HL",75,100,NA,50.2564102564103
"R_3kIp72dVxcJsnoS","LH",7.82,2,4,2,7,2,"HLLH","HL",75,100,NA,71.4285714285714
"R_3kIp72dVxcJsnoS","LH",7.82,2,4,2,7,2,"HLLH","LH",25,100,NA,29.2857142857143
"R_3kIp72dVxcJsnoS","LH",7.82,2,4,2,7,2,"HLLL","HL",25,33.3333333333333,NA,69.2307692307692
"R_3kIp72dVxcJsnoS","LH",7.82,2,4,2,7,2,"HLLL","LL",25,100,NA,31.5384615384615
"R_3kIp72dVxcJsnoS","LH",7.82,2,4,2,7,2,"LHLH","LH",25,100,NA,50.5882352941176
"R_3kIp72dVxcJsnoS","LH",7.82,2,4,2,7,2,"LHLL","LH",25,100,NA,50.6666666666667
"R_3kIp72dVxcJsnoS","LH",7.82,2,4,2,7,2,"LHLL","LL",25,100,NA,50.6666666666667
"R_3kIp72dVxcJsnoS","LH",7.82,2,4,2,7,2,"LLLL","LL",25,100,NA,50.7692307692308
"R_Rtrc79LwP9Hn4wp","LH",18.15,4,5,3,3,3,"HHHH","HH",50,66.6666666666667,NA,50.1960784313725
"R_Rtrc79LwP9Hn4wp","LH",18.15,4,5,3,3,3,"HHHL","HH",50,66.6666666666667,NA,50.2222222222222
"R_Rtrc79LwP9Hn4wp","LH",18.15,4,5,3,3,3,"HHHL","HL",50,66.6666666666667,NA,50.2222222222222
"R_Rtrc79LwP9Hn4wp","LH",18.15,4,5,3,3,3,"HHLH","HH",50,66.6666666666667,NA,50.2941176470588
"R_Rtrc79LwP9Hn4wp","LH",18.15,4,5,3,3,3,"HHLH","LH",19,76,NA,50.2941176470588
"R_Rtrc79LwP9Hn4wp","LH",18.15,4,5,3,3,3,"HHLL","HH",40,53.3333333333333,NA,50.3125
"R_Rtrc79LwP9Hn4wp","LH",18.15,4,5,3,3,3,"HHLL","LL",15,60,NA,50.3125
"R_Rtrc79LwP9Hn4wp","LH",18.15,4,5,3,3,3,"HLHL","HL",50,66.6666666666667,NA,50.2564102564103
"R_Rtrc79LwP9Hn4wp","LH",18.15,4,5,3,3,3,"HLLH","HL",40,53.3333333333333,NA,50.3571428571429
"R_Rtrc79LwP9Hn4wp","LH",18.15,4,5,3,3,3,"HLLH","LH",10,40,NA,50.3571428571429
"R_Rtrc79LwP9Hn4wp","LH",18.15,4,5,3,3,3,"HLLL","HL",40,53.3333333333333,NA,50.3846153846154
"R_Rtrc79LwP9Hn4wp","LH",18.15,4,5,3,3,3,"HLLL","LL",10,40,NA,50.3846153846154
"R_Rtrc79LwP9Hn4wp","LH",18.15,4,5,3,3,3,"LHLH","LH",10,40,NA,50.5882352941176
"R_Rtrc79LwP9Hn4wp","LH",18.15,4,5,3,3,3,"LHLL","LH",10,40,NA,50.6666666666667
"R_Rtrc79LwP9Hn4wp","LH",18.15,4,5,3,3,3,"LHLL","LL",10,40,NA,50.6666666666667
"R_Rtrc79LwP9Hn4wp","LH",18.15,4,5,3,3,3,"LLLL","LL",10,40,NA,50.7692307692308
"R_2v8rUCjcn6n1vdt","LH",37.48,4,2,2,3,2,"HHHH","HH",75,100,NA,50.1960784313725
"R_2v8rUCjcn6n1vdt","LH",37.48,4,2,2,3,2,"HHHL","HH",75,100,NA,50.2222222222222
"R_2v8rUCjcn6n1vdt","LH",37.48,4,2,2,3,2,"HHHL","HL",75,100,NA,50.2222222222222
"R_2v8rUCjcn6n1vdt","LH",37.48,4,2,2,3,2,"HHLH","HH",75,100,NA,50.5882352941176
"R_2v8rUCjcn6n1vdt","LH",37.48,4,2,2,3,2,"HHLH","LH",25,100,NA,50
"R_2v8rUCjcn6n1vdt","LH",37.48,4,2,2,3,2,"HHLL","HH",75,100,NA,50.625
"R_2v8rUCjcn6n1vdt","LH",37.48,4,2,2,3,2,"HHLL","LL",25,100,NA,50
"R_2v8rUCjcn6n1vdt","LH",37.48,4,2,2,3,2,"HLHL","HL",75,100,NA,50.2564102564103
"R_2v8rUCjcn6n1vdt","LH",37.48,4,2,2,3,2,"HLLH","HL",75,100,NA,50.7142857142857
"R_2v8rUCjcn6n1vdt","LH",37.48,4,2,2,3,2,"HLLH","LH",25,100,NA,50
"R_2v8rUCjcn6n1vdt","LH",37.48,4,2,2,3,2,"HLLL","HL",75,100,NA,50.7692307692308
"R_2v8rUCjcn6n1vdt","LH",37.48,4,2,2,3,2,"HLLL","LL",25,100,NA,50
"R_2v8rUCjcn6n1vdt","LH",37.48,4,2,2,3,2,"LHLH","LH",25,100,NA,50.5882352941176
"R_2v8rUCjcn6n1vdt","LH",37.48,4,2,2,3,2,"LHLL","LH",25,100,NA,50.6666666666667
"R_2v8rUCjcn6n1vdt","LH",37.48,4,2,2,3,2,"LHLL","LL",25,100,NA,50.6666666666667
"R_2v8rUCjcn6n1vdt","LH",37.48,4,2,2,3,2,"LLLL","LL",25,100,NA,50.7692307692308
"R_9M2Ba980JeunZER","LH",30.43,4,1,2,2,1,"HHHH","HH",75,100,NA,50.1960784313725
"R_9M2Ba980JeunZER","LH",30.43,4,1,2,2,1,"HHHL","HH",75,100,NA,50.2222222222222
"R_9M2Ba980JeunZER","LH",30.43,4,1,2,2,1,"HHHL","HL",75,100,NA,50.2222222222222
"R_9M2Ba980JeunZER","LH",30.43,4,1,2,2,1,"HHLH","HH",75,100,NA,50.2941176470588
"R_9M2Ba980JeunZER","LH",30.43,4,1,2,2,1,"HHLH","LH",25,100,NA,50.2941176470588
"R_9M2Ba980JeunZER","LH",30.43,4,1,2,2,1,"HHLL","HH",75,100,NA,50.3125
"R_9M2Ba980JeunZER","LH",30.43,4,1,2,2,1,"HHLL","LL",25,100,NA,50.3125
"R_9M2Ba980JeunZER","LH",30.43,4,1,2,2,1,"HLHL","HL",75,100,NA,50.2564102564103
"R_9M2Ba980JeunZER","LH",30.43,4,1,2,2,1,"HLLH","HL",75,100,NA,50.3571428571429
"R_9M2Ba980JeunZER","LH",30.43,4,1,2,2,1,"HLLH","LH",25,100,NA,50.3571428571429
"R_9M2Ba980JeunZER","LH",30.43,4,1,2,2,1,"HLLL","HL",75,100,NA,50.3846153846154
"R_9M2Ba980JeunZER","LH",30.43,4,1,2,2,1,"HLLL","LL",25,100,NA,50.3846153846154
"R_9M2Ba980JeunZER","LH",30.43,4,1,2,2,1,"LHLH","LH",25,100,NA,50.5882352941176
"R_9M2Ba980JeunZER","LH",30.43,4,1,2,2,1,"LHLL","LH",25,100,NA,50.6666666666667
"R_9M2Ba980JeunZER","LH",30.43,4,1,2,2,1,"LHLL","LL",25,100,NA,50.6666666666667
"R_9M2Ba980JeunZER","LH",30.43,4,1,2,2,1,"LLLL","LL",25,100,NA,50.7692307692308
"R_2aRjRcqX3nBaNtd","LH",37.48,4,2,2,7,1,"HHHH","HH",75,100,NA,50.1960784313725
"R_2aRjRcqX3nBaNtd","LH",37.48,4,2,2,7,1,"HHHL","HH",55,73.3333333333333,NA,56.8888888888889
"R_2aRjRcqX3nBaNtd","LH",37.48,4,2,2,7,1,"HHHL","HL",75,100,NA,43.5555555555556
"R_2aRjRcqX3nBaNtd","LH",37.48,4,2,2,7,1,"HHLH","HH",30,40,NA,75.2941176470588
"R_2aRjRcqX3nBaNtd","LH",37.48,4,2,2,7,1,"HHLH","LH",20,80,NA,25.2941176470588
"R_2aRjRcqX3nBaNtd","LH",37.48,4,2,2,7,1,"HHLL","HH",25,33.3333333333333,NA,80
"R_2aRjRcqX3nBaNtd","LH",37.48,4,2,2,7,1,"HHLL","LL",20,80,NA,20.625
"R_2aRjRcqX3nBaNtd","LH",37.48,4,2,2,7,1,"HLHL","HL",75,100,NA,50.2564102564103
"R_2aRjRcqX3nBaNtd","LH",37.48,4,2,2,7,1,"HLLH","HL",30,40,NA,70
"R_2aRjRcqX3nBaNtd","LH",37.48,4,2,2,7,1,"HLLH","LH",20,80,NA,30.7142857142857
"R_2aRjRcqX3nBaNtd","LH",37.48,4,2,2,7,1,"HLLL","HL",20,26.6666666666667,NA,75.3846153846154
"R_2aRjRcqX3nBaNtd","LH",37.48,4,2,2,7,1,"HLLL","LL",20,80,NA,25.3846153846154
"R_2aRjRcqX3nBaNtd","LH",37.48,4,2,2,7,1,"LHLH","LH",25,100,NA,50.5882352941176
"R_2aRjRcqX3nBaNtd","LH",37.48,4,2,2,7,1,"LHLL","LH",20,80,NA,57.3333333333333
"R_2aRjRcqX3nBaNtd","LH",37.48,4,2,2,7,1,"LHLL","LL",25,100,NA,44
"R_2aRjRcqX3nBaNtd","LH",37.48,4,2,2,7,1,"LLLL","LL",15,60,NA,50.7692307692308
"R_3fkn337NmPf6TY0","LH",37.48,1,5,1,2,2,"HHHH","HH",60,80,NA,50.1960784313725
"R_3fkn337NmPf6TY0","LH",37.48,1,5,1,2,2,"HHHL","HH",50,66.6666666666667,NA,50.2222222222222
"R_3fkn337NmPf6TY0","LH",37.48,1,5,1,2,2,"HHHL","HL",50,66.6666666666667,NA,50.2222222222222
"R_3fkn337NmPf6TY0","LH",37.48,1,5,1,2,2,"HHLH","HH",50,66.6666666666667,NA,53.5294117647059
"R_3fkn337NmPf6TY0","LH",37.48,1,5,1,2,2,"HHLH","LH",15,60,NA,47.0588235294118
"R_3fkn337NmPf6TY0","LH",37.48,1,5,1,2,2,"HHLL","HH",40,53.3333333333333,NA,50
"R_3fkn337NmPf6TY0","LH",37.48,1,5,1,2,2,"HHLL","LL",15,60,NA,50.625
"R_3fkn337NmPf6TY0","LH",37.48,1,5,1,2,2,"HLHL","HL",60,80,NA,50.2564102564103
"R_3fkn337NmPf6TY0","LH",37.48,1,5,1,2,2,"HLLH","HL",50,66.6666666666667,NA,50.7142857142857
"R_3fkn337NmPf6TY0","LH",37.48,1,5,1,2,2,"HLLH","LH",15,60,NA,50
"R_3fkn337NmPf6TY0","LH",37.48,1,5,1,2,2,"HLLL","HL",50,66.6666666666667,NA,54.6153846153846
"R_3fkn337NmPf6TY0","LH",37.48,1,5,1,2,2,"HLLL","LL",15,60,NA,46.1538461538462
"R_3fkn337NmPf6TY0","LH",37.48,1,5,1,2,2,"LHLH","LH",15,60,NA,50.5882352941176
"R_3fkn337NmPf6TY0","LH",37.48,1,5,1,2,2,"LHLL","LH",15,60,NA,50.6666666666667
"R_3fkn337NmPf6TY0","LH",37.48,1,5,1,2,2,"LHLL","LL",10,40,NA,50.6666666666667
"R_3fkn337NmPf6TY0","LH",37.48,1,5,1,2,2,"LLLL","LL",20,80,NA,50.7692307692308
"R_10o8tMaiPyZ2hfq","LH",30.84,3,4,7,1,7,"HHHH","HH",50,66.6666666666667,NA,49.4117647058824
"R_10o8tMaiPyZ2hfq","LH",30.84,3,4,7,1,7,"HHHL","HH",75,100,NA,50.2222222222222
"R_10o8tMaiPyZ2hfq","LH",30.84,3,4,7,1,7,"HHHL","HL",75,100,NA,50.2222222222222
"R_10o8tMaiPyZ2hfq","LH",30.84,3,4,7,1,7,"HHLH","HH",25,33.3333333333333,NA,88.8235294117647
"R_10o8tMaiPyZ2hfq","LH",30.84,3,4,7,1,7,"HHLH","LH",25,100,NA,11.7647058823529
"R_10o8tMaiPyZ2hfq","LH",30.84,3,4,7,1,7,"HHLL","HH",75,100,NA,50.625
"R_10o8tMaiPyZ2hfq","LH",30.84,3,4,7,1,7,"HHLL","LL",25,100,NA,50
"R_10o8tMaiPyZ2hfq","LH",30.84,3,4,7,1,7,"HLHL","HL",50,66.6666666666667,NA,50.2564102564103
"R_10o8tMaiPyZ2hfq","LH",30.84,3,4,7,1,7,"HLLH","HL",75,100,NA,72.1428571428571
"R_10o8tMaiPyZ2hfq","LH",30.84,3,4,7,1,7,"HLLH","LH",25,100,NA,28.5714285714286
"R_10o8tMaiPyZ2hfq","LH",30.84,3,4,7,1,7,"HLLL","HL",50,66.6666666666667,NA,77.6923076923077
"R_10o8tMaiPyZ2hfq","LH",30.84,3,4,7,1,7,"HLLL","LL",15,60,NA,23.0769230769231
"R_10o8tMaiPyZ2hfq","LH",30.84,3,4,7,1,7,"LHLH","LH",15,60,NA,50.5882352941176
"R_10o8tMaiPyZ2hfq","LH",30.84,3,4,7,1,7,"LHLL","LH",15,60,NA,50.6666666666667
"R_10o8tMaiPyZ2hfq","LH",30.84,3,4,7,1,7,"LHLL","LL",15,60,NA,50.6666666666667
"R_10o8tMaiPyZ2hfq","LH",30.84,3,4,7,1,7,"LLLL","LL",25,100,NA,50.7692307692308
"R_YbIWZCq4vVINHRD","LH",34.88,4,4,5,6,6,"HHHH","HH",30,40,NA,50.1960784313725
"R_YbIWZCq4vVINHRD","LH",34.88,4,4,5,6,6,"HHHL","HH",30,40,NA,50.2222222222222
"R_YbIWZCq4vVINHRD","LH",34.88,4,4,5,6,6,"HHHL","HL",30,40,NA,50.2222222222222
"R_YbIWZCq4vVINHRD","LH",34.88,4,4,5,6,6,"HHLH","HH",25,33.3333333333333,NA,50.2941176470588
"R_YbIWZCq4vVINHRD","LH",34.88,4,4,5,6,6,"HHLH","LH",10,40,NA,50.2941176470588
"R_YbIWZCq4vVINHRD","LH",34.88,4,4,5,6,6,"HHLL","HH",25,33.3333333333333,NA,50.3125
"R_YbIWZCq4vVINHRD","LH",34.88,4,4,5,6,6,"HHLL","LL",10,40,NA,50.3125
"R_YbIWZCq4vVINHRD","LH",34.88,4,4,5,6,6,"HLHL","HL",30,40,NA,50.2564102564103
"R_YbIWZCq4vVINHRD","LH",34.88,4,4,5,6,6,"HLLH","HL",25,33.3333333333333,NA,50.3571428571429
"R_YbIWZCq4vVINHRD","LH",34.88,4,4,5,6,6,"HLLH","LH",10,40,NA,50.3571428571429
"R_YbIWZCq4vVINHRD","LH",34.88,4,4,5,6,6,"HLLL","HL",25,33.3333333333333,NA,50.3846153846154
"R_YbIWZCq4vVINHRD","LH",34.88,4,4,5,6,6,"HLLL","LL",10,40,NA,50.3846153846154
"R_YbIWZCq4vVINHRD","LH",34.88,4,4,5,6,6,"LHLH","LH",10,40,NA,50.5882352941176
"R_YbIWZCq4vVINHRD","LH",34.88,4,4,5,6,6,"LHLL","LH",10,40,NA,50.6666666666667
"R_YbIWZCq4vVINHRD","LH",34.88,4,4,5,6,6,"LHLL","LL",10,40,NA,50.6666666666667
"R_YbIWZCq4vVINHRD","LH",34.88,4,4,5,6,6,"LLLL","LL",10,40,NA,50.7692307692308
"R_2yd6MdbY8eDRHZN","LH",7.82,5,1,1,1,1,"HHHH","HH",30,40,NA,50.1960784313725
"R_2yd6MdbY8eDRHZN","LH",7.82,5,1,1,1,1,"HHHL","HH",30,40,NA,50.2222222222222
"R_2yd6MdbY8eDRHZN","LH",7.82,5,1,1,1,1,"HHHL","HL",30,40,NA,50.2222222222222
"R_2yd6MdbY8eDRHZN","LH",7.82,5,1,1,1,1,"HHLH","HH",30,40,NA,50
"R_2yd6MdbY8eDRHZN","LH",7.82,5,1,1,1,1,"HHLH","LH",0,0,NA,50.5882352941176
"R_2yd6MdbY8eDRHZN","LH",7.82,5,1,1,1,1,"HHLL","HH",30,40,NA,50
"R_2yd6MdbY8eDRHZN","LH",7.82,5,1,1,1,1,"HHLL","LL",0,0,NA,50.625
"R_2yd6MdbY8eDRHZN","LH",7.82,5,1,1,1,1,"HLHL","HL",30,40,NA,50.2564102564103
"R_2yd6MdbY8eDRHZN","LH",7.82,5,1,1,1,1,"HLLH","HL",30,40,NA,50
"R_2yd6MdbY8eDRHZN","LH",7.82,5,1,1,1,1,"HLLH","LH",0,0,NA,50.7142857142857
"R_2yd6MdbY8eDRHZN","LH",7.82,5,1,1,1,1,"HLLL","HL",30,40,NA,50
"R_2yd6MdbY8eDRHZN","LH",7.82,5,1,1,1,1,"HLLL","LL",0,0,NA,50.7692307692308
"R_2yd6MdbY8eDRHZN","LH",7.82,5,1,1,1,1,"LHLH","LH",0,0,NA,50.5882352941176
"R_2yd6MdbY8eDRHZN","LH",7.82,5,1,1,1,1,"LHLL","LH",0,0,NA,50.6666666666667
"R_2yd6MdbY8eDRHZN","LH",7.82,5,1,1,1,1,"LHLL","LL",0,0,NA,50.6666666666667
"R_2yd6MdbY8eDRHZN","LH",7.82,5,1,1,1,1,"LLLL","LL",0,0,NA,50.7692307692308
"R_3Jb108Ogh06gt0D","LH",-7.82,4,1,5,2,5,"HHHH","HH",74,98.6666666666667,NA,50.1960784313725
"R_3Jb108Ogh06gt0D","LH",-7.82,4,1,5,2,5,"HHHL","HH",60,80,NA,50.2222222222222
"R_3Jb108Ogh06gt0D","LH",-7.82,4,1,5,2,5,"HHHL","HL",56,74.6666666666667,NA,50.2222222222222
"R_3Jb108Ogh06gt0D","LH",-7.82,4,1,5,2,5,"HHLH","HH",56,74.6666666666667,NA,50.5882352941176
"R_3Jb108Ogh06gt0D","LH",-7.82,4,1,5,2,5,"HHLH","LH",18,72,NA,50
"R_3Jb108Ogh06gt0D","LH",-7.82,4,1,5,2,5,"HHLL","HH",56,74.6666666666667,NA,50.625
"R_3Jb108Ogh06gt0D","LH",-7.82,4,1,5,2,5,"HHLL","LL",5,20,NA,50
"R_3Jb108Ogh06gt0D","LH",-7.82,4,1,5,2,5,"HLHL","HL",74,98.6666666666667,NA,50.2564102564103
"R_3Jb108Ogh06gt0D","LH",-7.82,4,1,5,2,5,"HLLH","HL",74,98.6666666666667,NA,29.2857142857143
"R_3Jb108Ogh06gt0D","LH",-7.82,4,1,5,2,5,"HLLH","LH",18,72,NA,71.4285714285714
"R_3Jb108Ogh06gt0D","LH",-7.82,4,1,5,2,5,"HLLL","HL",56,74.6666666666667,NA,51.5384615384615
"R_3Jb108Ogh06gt0D","LH",-7.82,4,1,5,2,5,"HLLL","LL",18,72,NA,49.2307692307692
"R_3Jb108Ogh06gt0D","LH",-7.82,4,1,5,2,5,"LHLH","LH",22,88,NA,50.5882352941176
"R_3Jb108Ogh06gt0D","LH",-7.82,4,1,5,2,5,"LHLL","LH",24,96,NA,53.3333333333333
"R_3Jb108Ogh06gt0D","LH",-7.82,4,1,5,2,5,"LHLL","LL",22,88,NA,48
"R_3Jb108Ogh06gt0D","LH",-7.82,4,1,5,2,5,"LLLL","LL",18,72,NA,50.7692307692308
"R_3DbdNZlSLqCfcgi","LH",7.82,4,1,2,6,2,"HHHH","HH",56,74.6666666666667,NA,50.1960784313725
"R_3DbdNZlSLqCfcgi","LH",7.82,4,1,2,6,2,"HHHL","HH",56,74.6666666666667,NA,51.5555555555556
"R_3DbdNZlSLqCfcgi","LH",7.82,4,1,2,6,2,"HHHL","HL",56,74.6666666666667,NA,48.8888888888889
"R_3DbdNZlSLqCfcgi","LH",7.82,4,1,2,6,2,"HHLH","HH",56,74.6666666666667,NA,50.5882352941176
"R_3DbdNZlSLqCfcgi","LH",7.82,4,1,2,6,2,"HHLH","LH",18,72,NA,50
"R_3DbdNZlSLqCfcgi","LH",7.82,4,1,2,6,2,"HHLL","HH",56,74.6666666666667,NA,50.625
"R_3DbdNZlSLqCfcgi","LH",7.82,4,1,2,6,2,"HHLL","LL",15,60,NA,50
"R_3DbdNZlSLqCfcgi","LH",7.82,4,1,2,6,2,"HLHL","HL",74,98.6666666666667,NA,50.2564102564103
"R_3DbdNZlSLqCfcgi","LH",7.82,4,1,2,6,2,"HLLH","HL",56,74.6666666666667,NA,50.7142857142857
"R_3DbdNZlSLqCfcgi","LH",7.82,4,1,2,6,2,"HLLH","LH",0,0,NA,50
"R_3DbdNZlSLqCfcgi","LH",7.82,4,1,2,6,2,"HLLL","HL",56,74.6666666666667,NA,53.8461538461538
"R_3DbdNZlSLqCfcgi","LH",7.82,4,1,2,6,2,"HLLL","LL",18,72,NA,46.9230769230769
"R_3DbdNZlSLqCfcgi","LH",7.82,4,1,2,6,2,"LHLH","LH",20,80,NA,50.5882352941176
"R_3DbdNZlSLqCfcgi","LH",7.82,4,1,2,6,2,"LHLL","LH",15,60,NA,53.3333333333333
"R_3DbdNZlSLqCfcgi","LH",7.82,4,1,2,6,2,"LHLL","LL",18,72,NA,48
"R_3DbdNZlSLqCfcgi","LH",7.82,4,1,2,6,2,"LLLL","LL",24,96,NA,50.7692307692308
"R_3Gdl6q3MtnAVXnb","LH",61.39,5,4,4,4,4,"HHHH","HH",50,66.6666666666667,NA,50.1960784313725
"R_3Gdl6q3MtnAVXnb","LH",61.39,5,4,4,4,4,"HHHL","HH",55,73.3333333333333,NA,50.2222222222222
"R_3Gdl6q3MtnAVXnb","LH",61.39,5,4,4,4,4,"HHHL","HL",50,66.6666666666667,NA,50.2222222222222
"R_3Gdl6q3MtnAVXnb","LH",61.39,5,4,4,4,4,"HHLH","HH",20,26.6666666666667,NA,41.7647058823529
"R_3Gdl6q3MtnAVXnb","LH",61.39,5,4,4,4,4,"HHLH","LH",15,60,NA,58.8235294117647
"R_3Gdl6q3MtnAVXnb","LH",61.39,5,4,4,4,4,"HHLL","HH",15,20,NA,38.125
"R_3Gdl6q3MtnAVXnb","LH",61.39,5,4,4,4,4,"HHLL","LL",10,40,NA,62.5
"R_3Gdl6q3MtnAVXnb","LH",61.39,5,4,4,4,4,"HLHL","HL",50,66.6666666666667,NA,50.2564102564103
"R_3Gdl6q3MtnAVXnb","LH",61.39,5,4,4,4,4,"HLLH","HL",50,66.6666666666667,NA,29.2857142857143
"R_3Gdl6q3MtnAVXnb","LH",61.39,5,4,4,4,4,"HLLH","LH",12,48,NA,71.4285714285714
"R_3Gdl6q3MtnAVXnb","LH",61.39,5,4,4,4,4,"HLLL","HL",50,66.6666666666667,NA,50
"R_3Gdl6q3MtnAVXnb","LH",61.39,5,4,4,4,4,"HLLL","LL",15,60,NA,50.7692307692308
"R_3Gdl6q3MtnAVXnb","LH",61.39,5,4,4,4,4,"LHLH","LH",10,40,NA,50.5882352941176
"R_3Gdl6q3MtnAVXnb","LH",61.39,5,4,4,4,4,"LHLL","LH",15,60,NA,50.6666666666667
"R_3Gdl6q3MtnAVXnb","LH",61.39,5,4,4,4,4,"LHLL","LL",15,60,NA,50.6666666666667
"R_3Gdl6q3MtnAVXnb","LH",61.39,5,4,4,4,4,"LLLL","LL",10,40,NA,50.7692307692308
"R_T6NXA30uhxtO3Bv","LH",34.88,5,1,2,3,1,"HHHH","HH",50,66.6666666666667,NA,50.1960784313725
"R_T6NXA30uhxtO3Bv","LH",34.88,5,1,2,3,1,"HHHL","HH",50,66.6666666666667,NA,50.2222222222222
"R_T6NXA30uhxtO3Bv","LH",34.88,5,1,2,3,1,"HHHL","HL",40,53.3333333333333,NA,50.2222222222222
"R_T6NXA30uhxtO3Bv","LH",34.88,5,1,2,3,1,"HHLH","HH",50,66.6666666666667,NA,50.2941176470588
"R_T6NXA30uhxtO3Bv","LH",34.88,5,1,2,3,1,"HHLH","LH",15,60,NA,50.2941176470588
"R_T6NXA30uhxtO3Bv","LH",34.88,5,1,2,3,1,"HHLL","HH",50,66.6666666666667,NA,50.3125
"R_T6NXA30uhxtO3Bv","LH",34.88,5,1,2,3,1,"HHLL","LL",10,40,NA,50.3125
"R_T6NXA30uhxtO3Bv","LH",34.88,5,1,2,3,1,"HLHL","HL",40,53.3333333333333,NA,50.2564102564103
"R_T6NXA30uhxtO3Bv","LH",34.88,5,1,2,3,1,"HLLH","HL",50,66.6666666666667,NA,50.3571428571429
"R_T6NXA30uhxtO3Bv","LH",34.88,5,1,2,3,1,"HLLH","LH",15,60,NA,50.3571428571429
"R_T6NXA30uhxtO3Bv","LH",34.88,5,1,2,3,1,"HLLL","HL",50,66.6666666666667,NA,50.3846153846154
"R_T6NXA30uhxtO3Bv","LH",34.88,5,1,2,3,1,"HLLL","LL",10,40,NA,50.3846153846154
"R_T6NXA30uhxtO3Bv","LH",34.88,5,1,2,3,1,"LHLH","LH",15,60,NA,50.5882352941176
"R_T6NXA30uhxtO3Bv","LH",34.88,5,1,2,3,1,"LHLL","LH",15,60,NA,50.6666666666667
"R_T6NXA30uhxtO3Bv","LH",34.88,5,1,2,3,1,"LHLL","LL",10,40,NA,50.6666666666667
"R_T6NXA30uhxtO3Bv","LH",34.88,5,1,2,3,1,"LLLL","LL",10,40,NA,50.7692307692308
"R_1F3z6W3xvZsWwae","LH",7.82,5,1,2,4,1,"HHHH","HH",35,46.6666666666667,NA,50.1960784313725
"R_1F3z6W3xvZsWwae","LH",7.82,5,1,2,4,1,"HHHL","HH",35,46.6666666666667,NA,50.2222222222222
"R_1F3z6W3xvZsWwae","LH",7.82,5,1,2,4,1,"HHHL","HL",35,46.6666666666667,NA,50.2222222222222
"R_1F3z6W3xvZsWwae","LH",7.82,5,1,2,4,1,"HHLH","HH",35,46.6666666666667,NA,50.5882352941176
"R_1F3z6W3xvZsWwae","LH",7.82,5,1,2,4,1,"HHLH","LH",12,48,NA,50
"R_1F3z6W3xvZsWwae","LH",7.82,5,1,2,4,1,"HHLL","HH",35,46.6666666666667,NA,50.625
"R_1F3z6W3xvZsWwae","LH",7.82,5,1,2,4,1,"HHLL","LL",12,48,NA,50
"R_1F3z6W3xvZsWwae","LH",7.82,5,1,2,4,1,"HLHL","HL",35,46.6666666666667,NA,50.2564102564103
"R_1F3z6W3xvZsWwae","LH",7.82,5,1,2,4,1,"HLLH","HL",35,46.6666666666667,NA,50
"R_1F3z6W3xvZsWwae","LH",7.82,5,1,2,4,1,"HLLH","LH",12,48,NA,50.7142857142857
"R_1F3z6W3xvZsWwae","LH",7.82,5,1,2,4,1,"HLLL","HL",35,46.6666666666667,NA,50.7692307692308
"R_1F3z6W3xvZsWwae","LH",7.82,5,1,2,4,1,"HLLL","LL",12,48,NA,50
"R_1F3z6W3xvZsWwae","LH",7.82,5,1,2,4,1,"LHLH","LH",12,48,NA,50.5882352941176
"R_1F3z6W3xvZsWwae","LH",7.82,5,1,2,4,1,"LHLL","LH",12,48,NA,50.6666666666667
"R_1F3z6W3xvZsWwae","LH",7.82,5,1,2,4,1,"LHLL","LL",12,48,NA,50.6666666666667
"R_1F3z6W3xvZsWwae","LH",7.82,5,1,2,4,1,"LLLL","LL",12,48,NA,50.7692307692308
"R_1JPAGgYFsCFF8tG","LH",23.61,4,2,2,7,2,"HHHH","HH",25,33.3333333333333,NA,50.1960784313725
"R_1JPAGgYFsCFF8tG","LH",23.61,4,2,2,7,2,"HHHL","HH",20,26.6666666666667,NA,50.2222222222222
"R_1JPAGgYFsCFF8tG","LH",23.61,4,2,2,7,2,"HHHL","HL",15,20,NA,50.2222222222222
"R_1JPAGgYFsCFF8tG","LH",23.61,4,2,2,7,2,"HHLH","HH",15,20,NA,35.2941176470588
"R_1JPAGgYFsCFF8tG","LH",23.61,4,2,2,7,2,"HHLH","LH",10,40,NA,65.2941176470588
"R_1JPAGgYFsCFF8tG","LH",23.61,4,2,2,7,2,"HHLL","HH",25,33.3333333333333,NA,38.125
"R_1JPAGgYFsCFF8tG","LH",23.61,4,2,2,7,2,"HHLL","LL",10,40,NA,62.5
"R_1JPAGgYFsCFF8tG","LH",23.61,4,2,2,7,2,"HLHL","HL",15,20,NA,50.2564102564103
"R_1JPAGgYFsCFF8tG","LH",23.61,4,2,2,7,2,"HLLH","HL",20,26.6666666666667,NA,35.7142857142857
"R_1JPAGgYFsCFF8tG","LH",23.61,4,2,2,7,2,"HLLH","LH",10,40,NA,65
"R_1JPAGgYFsCFF8tG","LH",23.61,4,2,2,7,2,"HLLL","HL",20,26.6666666666667,NA,38.4615384615385
"R_1JPAGgYFsCFF8tG","LH",23.61,4,2,2,7,2,"HLLL","LL",10,40,NA,62.3076923076923
"R_1JPAGgYFsCFF8tG","LH",23.61,4,2,2,7,2,"LHLH","LH",10,40,NA,50.5882352941176
"R_1JPAGgYFsCFF8tG","LH",23.61,4,2,2,7,2,"LHLL","LH",20,80,NA,50.6666666666667
"R_1JPAGgYFsCFF8tG","LH",23.61,4,2,2,7,2,"LHLL","LL",20,80,NA,50.6666666666667
"R_1JPAGgYFsCFF8tG","LH",23.61,4,2,2,7,2,"LLLL","LL",20,80,NA,50.7692307692308
"R_s83dWcjM9jYlcqd","LH",34.36,4,1,2,5,1,"HHHH","HH",70,93.3333333333333,NA,50.1960784313725
"R_s83dWcjM9jYlcqd","LH",34.36,4,1,2,5,1,"HHHL","HH",40,53.3333333333333,NA,50.2222222222222
"R_s83dWcjM9jYlcqd","LH",34.36,4,1,2,5,1,"HHHL","HL",50,66.6666666666667,NA,50.2222222222222
"R_s83dWcjM9jYlcqd","LH",34.36,4,1,2,5,1,"HHLH","HH",50,66.6666666666667,NA,41.7647058823529
"R_s83dWcjM9jYlcqd","LH",34.36,4,1,2,5,1,"HHLH","LH",20,80,NA,58.8235294117647
"R_s83dWcjM9jYlcqd","LH",34.36,4,1,2,5,1,"HHLL","HH",45,60,NA,56.25
"R_s83dWcjM9jYlcqd","LH",34.36,4,1,2,5,1,"HHLL","LL",15,60,NA,44.375
"R_s83dWcjM9jYlcqd","LH",34.36,4,1,2,5,1,"HLHL","HL",65,86.6666666666667,NA,50.2564102564103
"R_s83dWcjM9jYlcqd","LH",34.36,4,1,2,5,1,"HLLH","HL",50,66.6666666666667,NA,57.1428571428571
"R_s83dWcjM9jYlcqd","LH",34.36,4,1,2,5,1,"HLLH","LH",20,80,NA,43.5714285714286
"R_s83dWcjM9jYlcqd","LH",34.36,4,1,2,5,1,"HLLL","HL",45,60,NA,57.6923076923077
"R_s83dWcjM9jYlcqd","LH",34.36,4,1,2,5,1,"HLLL","LL",15,60,NA,43.0769230769231
"R_s83dWcjM9jYlcqd","LH",34.36,4,1,2,5,1,"LHLH","LH",20,80,NA,50.5882352941176
"R_s83dWcjM9jYlcqd","LH",34.36,4,1,2,5,1,"LHLL","LH",10,40,NA,50.6666666666667
"R_s83dWcjM9jYlcqd","LH",34.36,4,1,2,5,1,"LHLL","LL",15,60,NA,50.6666666666667
"R_s83dWcjM9jYlcqd","LH",34.36,4,1,2,5,1,"LLLL","LL",15,60,NA,50.7692307692308
"R_2WwNHjTYtoVMtOS","LH",-7.82,4,2,3,3,3,"HHHH","HH",50,66.6666666666667,NA,50.1960784313725
"R_2WwNHjTYtoVMtOS","LH",-7.82,4,2,3,3,3,"HHHL","HH",50,66.6666666666667,NA,50.2222222222222
"R_2WwNHjTYtoVMtOS","LH",-7.82,4,2,3,3,3,"HHHL","HL",50,66.6666666666667,NA,50.2222222222222
"R_2WwNHjTYtoVMtOS","LH",-7.82,4,2,3,3,3,"HHLH","HH",50,66.6666666666667,NA,50.2941176470588
"R_2WwNHjTYtoVMtOS","LH",-7.82,4,2,3,3,3,"HHLH","LH",10,40,NA,50.2941176470588
"R_2WwNHjTYtoVMtOS","LH",-7.82,4,2,3,3,3,"HHLL","HH",50,66.6666666666667,NA,50.3125
"R_2WwNHjTYtoVMtOS","LH",-7.82,4,2,3,3,3,"HHLL","LL",10,40,NA,50.3125
"R_2WwNHjTYtoVMtOS","LH",-7.82,4,2,3,3,3,"HLHL","HL",50,66.6666666666667,NA,50.2564102564103
"R_2WwNHjTYtoVMtOS","LH",-7.82,4,2,3,3,3,"HLLH","HL",50,66.6666666666667,NA,50.3571428571429
"R_2WwNHjTYtoVMtOS","LH",-7.82,4,2,3,3,3,"HLLH","LH",15,60,NA,50.3571428571429
"R_2WwNHjTYtoVMtOS","LH",-7.82,4,2,3,3,3,"HLLL","HL",50,66.6666666666667,NA,50.3846153846154
"R_2WwNHjTYtoVMtOS","LH",-7.82,4,2,3,3,3,"HLLL","LL",10,40,NA,50.3846153846154
"R_2WwNHjTYtoVMtOS","LH",-7.82,4,2,3,3,3,"LHLH","LH",10,40,NA,50.5882352941176
"R_2WwNHjTYtoVMtOS","LH",-7.82,4,2,3,3,3,"LHLL","LH",10,40,NA,50.6666666666667
"R_2WwNHjTYtoVMtOS","LH",-7.82,4,2,3,3,3,"LHLL","LL",10,40,NA,50.6666666666667
"R_2WwNHjTYtoVMtOS","LH",-7.82,4,2,3,3,3,"LLLL","LL",10,40,NA,50.7692307692308
"R_2U9l5CX9V6i3rxo","LH",7.82,4,2,1,1,1,"HHHH","HH",60,80,NA,50.1960784313725
"R_2U9l5CX9V6i3rxo","LH",7.82,4,2,1,1,1,"HHHL","HH",52,69.3333333333333,NA,51.1111111111111
"R_2U9l5CX9V6i3rxo","LH",7.82,4,2,1,1,1,"HHHL","HL",50,66.6666666666667,NA,49.3333333333333
"R_2U9l5CX9V6i3rxo","LH",7.82,4,2,1,1,1,"HHLH","HH",25,33.3333333333333,NA,58.8235294117647
"R_2U9l5CX9V6i3rxo","LH",7.82,4,2,1,1,1,"HHLH","LH",5,20,NA,41.7647058823529
"R_2U9l5CX9V6i3rxo","LH",7.82,4,2,1,1,1,"HHLL","HH",20,26.6666666666667,NA,62.5
"R_2U9l5CX9V6i3rxo","LH",7.82,4,2,1,1,1,"HHLL","LL",5,20,NA,38.125
"R_2U9l5CX9V6i3rxo","LH",7.82,4,2,1,1,1,"HLHL","HL",50,66.6666666666667,NA,50.2564102564103
"R_2U9l5CX9V6i3rxo","LH",7.82,4,2,1,1,1,"HLLH","HL",20,26.6666666666667,NA,61.4285714285714
"R_2U9l5CX9V6i3rxo","LH",7.82,4,2,1,1,1,"HLLH","LH",5,20,NA,39.2857142857143
"R_2U9l5CX9V6i3rxo","LH",7.82,4,2,1,1,1,"HLLL","HL",25,33.3333333333333,NA,69.2307692307692
"R_2U9l5CX9V6i3rxo","LH",7.82,4,2,1,1,1,"HLLL","LL",5,20,NA,31.5384615384615
"R_2U9l5CX9V6i3rxo","LH",7.82,4,2,1,1,1,"LHLH","LH",15,60,NA,50.5882352941176
"R_2U9l5CX9V6i3rxo","LH",7.82,4,2,1,1,1,"LHLL","LH",5,20,NA,52
"R_2U9l5CX9V6i3rxo","LH",7.82,4,2,1,1,1,"LHLL","LL",5,20,NA,49.3333333333333
"R_2U9l5CX9V6i3rxo","LH",7.82,4,2,1,1,1,"LLLL","LL",10,40,NA,50.7692307692308
"R_1gvAa2gxG0imYdJ","LH",33.82,3,2,2,3,2,"HHHH","HH",75,100,NA,50.1960784313725
"R_1gvAa2gxG0imYdJ","LH",33.82,3,2,2,3,2,"HHHL","HH",30,40,NA,50.2222222222222
"R_1gvAa2gxG0imYdJ","LH",33.82,3,2,2,3,2,"HHHL","HL",40,53.3333333333333,NA,50.2222222222222
"R_1gvAa2gxG0imYdJ","LH",33.82,3,2,2,3,2,"HHLH","HH",40,53.3333333333333,NA,75.2941176470588
"R_1gvAa2gxG0imYdJ","LH",33.82,3,2,2,3,2,"HHLH","LH",20,80,NA,25.2941176470588
"R_1gvAa2gxG0imYdJ","LH",33.82,3,2,2,3,2,"HHLL","HH",30,40,NA,75.625
"R_1gvAa2gxG0imYdJ","LH",33.82,3,2,2,3,2,"HHLL","LL",20,80,NA,25
"R_1gvAa2gxG0imYdJ","LH",33.82,3,2,2,3,2,"HLHL","HL",75,100,NA,50.2564102564103
"R_1gvAa2gxG0imYdJ","LH",33.82,3,2,2,3,2,"HLLH","HL",30,40,NA,75.7142857142857
"R_1gvAa2gxG0imYdJ","LH",33.82,3,2,2,3,2,"HLLH","LH",20,80,NA,25
"R_1gvAa2gxG0imYdJ","LH",33.82,3,2,2,3,2,"HLLL","HL",30,40,NA,75.3846153846154
"R_1gvAa2gxG0imYdJ","LH",33.82,3,2,2,3,2,"HLLL","LL",20,80,NA,25.3846153846154
"R_1gvAa2gxG0imYdJ","LH",33.82,3,2,2,3,2,"LHLH","LH",25,100,NA,50.5882352941176
"R_1gvAa2gxG0imYdJ","LH",33.82,3,2,2,3,2,"LHLL","LH",15,60,NA,50.6666666666667
"R_1gvAa2gxG0imYdJ","LH",33.82,3,2,2,3,2,"LHLL","LL",20,80,NA,50.6666666666667
"R_1gvAa2gxG0imYdJ","LH",33.82,3,2,2,3,2,"LLLL","LL",20,80,NA,50.7692307692308
"R_1BY0NABLlULUxHE","LH",34.88,3,4,7,1,7,"HHHH","HH",75,100,NA,49.4117647058824
"R_1BY0NABLlULUxHE","LH",34.88,3,4,7,1,7,"HHHL","HH",55,73.3333333333333,NA,50.2222222222222
"R_1BY0NABLlULUxHE","LH",34.88,3,4,7,1,7,"HHHL","HL",55,73.3333333333333,NA,50.2222222222222
"R_1BY0NABLlULUxHE","LH",34.88,3,4,7,1,7,"HHLH","HH",50,66.6666666666667,NA,77.0588235294118
"R_1BY0NABLlULUxHE","LH",34.88,3,4,7,1,7,"HHLH","LH",25,100,NA,23.5294117647059
"R_1BY0NABLlULUxHE","LH",34.88,3,4,7,1,7,"HHLL","HH",50,66.6666666666667,NA,50
"R_1BY0NABLlULUxHE","LH",34.88,3,4,7,1,7,"HHLL","LL",25,100,NA,50.625
"R_1BY0NABLlULUxHE","LH",34.88,3,4,7,1,7,"HLHL","HL",40,53.3333333333333,NA,50.2564102564103
"R_1BY0NABLlULUxHE","LH",34.88,3,4,7,1,7,"HLLH","HL",50,66.6666666666667,NA,79.2857142857143
"R_1BY0NABLlULUxHE","LH",34.88,3,4,7,1,7,"HLLH","LH",20,80,NA,21.4285714285714
"R_1BY0NABLlULUxHE","LH",34.88,3,4,7,1,7,"HLLL","HL",40,53.3333333333333,NA,77.6923076923077
"R_1BY0NABLlULUxHE","LH",34.88,3,4,7,1,7,"HLLL","LL",25,100,NA,23.0769230769231
"R_1BY0NABLlULUxHE","LH",34.88,3,4,7,1,7,"LHLH","LH",25,100,NA,50.5882352941176
"R_1BY0NABLlULUxHE","LH",34.88,3,4,7,1,7,"LHLL","LH",25,100,NA,50.6666666666667
"R_1BY0NABLlULUxHE","LH",34.88,3,4,7,1,7,"LHLL","LL",25,100,NA,50.6666666666667
"R_1BY0NABLlULUxHE","LH",34.88,3,4,7,1,7,"LLLL","LL",25,100,NA,50.7692307692308
"R_1Iutgxn4WhXwAvu","LH",37.48,4,1,4,3,2,"HHHH","HH",75,100,NA,50.1960784313725
"R_1Iutgxn4WhXwAvu","LH",37.48,4,1,4,3,2,"HHHL","HH",75,100,NA,50.2222222222222
"R_1Iutgxn4WhXwAvu","LH",37.48,4,1,4,3,2,"HHHL","HL",75,100,NA,50.2222222222222
"R_1Iutgxn4WhXwAvu","LH",37.48,4,1,4,3,2,"HHLH","HH",25,33.3333333333333,NA,50.2941176470588
"R_1Iutgxn4WhXwAvu","LH",37.48,4,1,4,3,2,"HHLH","LH",25,100,NA,50.2941176470588
"R_1Iutgxn4WhXwAvu","LH",37.48,4,1,4,3,2,"HHLL","HH",25,33.3333333333333,NA,50.3125
"R_1Iutgxn4WhXwAvu","LH",37.48,4,1,4,3,2,"HHLL","LL",25,100,NA,50.3125
"R_1Iutgxn4WhXwAvu","LH",37.48,4,1,4,3,2,"HLHL","HL",75,100,NA,50.2564102564103
"R_1Iutgxn4WhXwAvu","LH",37.48,4,1,4,3,2,"HLLH","HL",25,33.3333333333333,NA,50.3571428571429
"R_1Iutgxn4WhXwAvu","LH",37.48,4,1,4,3,2,"HLLH","LH",25,100,NA,50.3571428571429
"R_1Iutgxn4WhXwAvu","LH",37.48,4,1,4,3,2,"HLLL","HL",10,13.3333333333333,NA,50.3846153846154
"R_1Iutgxn4WhXwAvu","LH",37.48,4,1,4,3,2,"HLLL","LL",25,100,NA,50.3846153846154
"R_1Iutgxn4WhXwAvu","LH",37.48,4,1,4,3,2,"LHLH","LH",25,100,NA,50.5882352941176
"R_1Iutgxn4WhXwAvu","LH",37.48,4,1,4,3,2,"LHLL","LH",25,100,NA,50.6666666666667
"R_1Iutgxn4WhXwAvu","LH",37.48,4,1,4,3,2,"LHLL","LL",25,100,NA,50.6666666666667
"R_1Iutgxn4WhXwAvu","LH",37.48,4,1,4,3,2,"LLLL","LL",25,100,NA,50.7692307692308
"R_2Y3T84KPBFDqrGS","LH",37.48,2,1,2,5,1,"HHHH","HH",35,46.6666666666667,NA,50.1960784313725
"R_2Y3T84KPBFDqrGS","LH",37.48,2,1,2,5,1,"HHHL","HH",30,40,NA,53.3333333333333
"R_2Y3T84KPBFDqrGS","LH",37.48,2,1,2,5,1,"HHHL","HL",10,13.3333333333333,NA,47.1111111111111
"R_2Y3T84KPBFDqrGS","LH",37.48,2,1,2,5,1,"HHLH","HH",30,40,NA,67.6470588235294
"R_2Y3T84KPBFDqrGS","LH",37.48,2,1,2,5,1,"HHLH","LH",20,80,NA,32.9411764705882
"R_2Y3T84KPBFDqrGS","LH",37.48,2,1,2,5,1,"HHLL","HH",25,33.3333333333333,NA,80
"R_2Y3T84KPBFDqrGS","LH",37.48,2,1,2,5,1,"HHLL","LL",15,60,NA,20.625
"R_2Y3T84KPBFDqrGS","LH",37.48,2,1,2,5,1,"HLHL","HL",20,26.6666666666667,NA,50.2564102564103
"R_2Y3T84KPBFDqrGS","LH",37.48,2,1,2,5,1,"HLLH","HL",10,13.3333333333333,NA,53.5714285714286
"R_2Y3T84KPBFDqrGS","LH",37.48,2,1,2,5,1,"HLLH","LH",15,60,NA,47.1428571428571
"R_2Y3T84KPBFDqrGS","LH",37.48,2,1,2,5,1,"HLLL","HL",25,33.3333333333333,NA,75.3846153846154
"R_2Y3T84KPBFDqrGS","LH",37.48,2,1,2,5,1,"HLLL","LL",15,60,NA,25.3846153846154
"R_2Y3T84KPBFDqrGS","LH",37.48,2,1,2,5,1,"LHLH","LH",20,80,NA,50.5882352941176
"R_2Y3T84KPBFDqrGS","LH",37.48,2,1,2,5,1,"LHLL","LH",20,80,NA,57.3333333333333
"R_2Y3T84KPBFDqrGS","LH",37.48,2,1,2,5,1,"LHLL","LL",10,40,NA,44
"R_2Y3T84KPBFDqrGS","LH",37.48,2,1,2,5,1,"LLLL","LL",15,60,NA,50.7692307692308
"R_2Ey0xokKKSXOfxd","LH",21.85,4,2,4,6,3,"HHHH","HH",75,100,NA,50.1960784313725
"R_2Ey0xokKKSXOfxd","LH",21.85,4,2,4,6,3,"HHHL","HH",65,86.6666666666667,NA,51.5555555555556
"R_2Ey0xokKKSXOfxd","LH",21.85,4,2,4,6,3,"HHHL","HL",55,73.3333333333333,NA,48.8888888888889
"R_2Ey0xokKKSXOfxd","LH",21.85,4,2,4,6,3,"HHLH","HH",50,66.6666666666667,NA,53.5294117647059
"R_2Ey0xokKKSXOfxd","LH",21.85,4,2,4,6,3,"HHLH","LH",15,60,NA,47.0588235294118
"R_2Ey0xokKKSXOfxd","LH",21.85,4,2,4,6,3,"HHLL","HH",50,66.6666666666667,NA,65.625
"R_2Ey0xokKKSXOfxd","LH",21.85,4,2,4,6,3,"HHLL","LL",10,40,NA,35
"R_2Ey0xokKKSXOfxd","LH",21.85,4,2,4,6,3,"HLHL","HL",75,100,NA,50.2564102564103
"R_2Ey0xokKKSXOfxd","LH",21.85,4,2,4,6,3,"HLLH","HL",50,66.6666666666667,NA,57.1428571428571
"R_2Ey0xokKKSXOfxd","LH",21.85,4,2,4,6,3,"HLLH","LH",10,40,NA,43.5714285714286
"R_2Ey0xokKKSXOfxd","LH",21.85,4,2,4,6,3,"HLLL","HL",50,66.6666666666667,NA,58.4615384615385
"R_2Ey0xokKKSXOfxd","LH",21.85,4,2,4,6,3,"HLLL","LL",15,60,NA,42.3076923076923
"R_2Ey0xokKKSXOfxd","LH",21.85,4,2,4,6,3,"LHLH","LH",15,60,NA,50.5882352941176
"R_2Ey0xokKKSXOfxd","LH",21.85,4,2,4,6,3,"LHLL","LH",15,60,NA,56
"R_2Ey0xokKKSXOfxd","LH",21.85,4,2,4,6,3,"LHLL","LL",12,48,NA,45.3333333333333
"R_2Ey0xokKKSXOfxd","LH",21.85,4,2,4,6,3,"LLLL","LL",25,100,NA,50.7692307692308
"R_20Nj0reRMf2gGys","LH",7.82,4,1,4,4,5,"HHHH","HH",75,100,NA,50.1960784313725
"R_20Nj0reRMf2gGys","LH",7.82,4,1,4,4,5,"HHHL","HH",50,66.6666666666667,NA,56
"R_20Nj0reRMf2gGys","LH",7.82,4,1,4,4,5,"HHHL","HL",75,100,NA,44.4444444444444
"R_20Nj0reRMf2gGys","LH",7.82,4,1,4,4,5,"HHLH","HH",50,66.6666666666667,NA,71.1764705882353
"R_20Nj0reRMf2gGys","LH",7.82,4,1,4,4,5,"HHLH","LH",25,100,NA,29.4117647058824
"R_20Nj0reRMf2gGys","LH",7.82,4,1,4,4,5,"HHLL","HH",25,33.3333333333333,NA,53.75
"R_20Nj0reRMf2gGys","LH",7.82,4,1,4,4,5,"HHLL","LL",25,100,NA,46.875
"R_20Nj0reRMf2gGys","LH",7.82,4,1,4,4,5,"HLHL","HL",75,100,NA,50.2564102564103
"R_20Nj0reRMf2gGys","LH",7.82,4,1,4,4,5,"HLLH","HL",25,33.3333333333333,NA,57.1428571428571
"R_20Nj0reRMf2gGys","LH",7.82,4,1,4,4,5,"HLLH","LH",25,100,NA,43.5714285714286
"R_20Nj0reRMf2gGys","LH",7.82,4,1,4,4,5,"HLLL","HL",25,33.3333333333333,NA,62.3076923076923
"R_20Nj0reRMf2gGys","LH",7.82,4,1,4,4,5,"HLLL","LL",0,0,NA,38.4615384615385
"R_20Nj0reRMf2gGys","LH",7.82,4,1,4,4,5,"LHLH","LH",25,100,NA,50.5882352941176
"R_20Nj0reRMf2gGys","LH",7.82,4,1,4,4,5,"LHLL","LH",25,100,NA,53.3333333333333
"R_20Nj0reRMf2gGys","LH",7.82,4,1,4,4,5,"LHLL","LL",25,100,NA,48
"R_20Nj0reRMf2gGys","LH",7.82,4,1,4,4,5,"LLLL","LL",25,100,NA,50.7692307692308
"R_2cwk5vPzuQp24cL","LH",37.48,3,4,6,2,6,"HHHH","HH",70,93.3333333333333,NA,50.1960784313725
"R_2cwk5vPzuQp24cL","LH",37.48,3,4,6,2,6,"HHHL","HH",15,20,NA,50.2222222222222
"R_2cwk5vPzuQp24cL","LH",37.48,3,4,6,2,6,"HHHL","HL",15,20,NA,50.2222222222222
"R_2cwk5vPzuQp24cL","LH",37.48,3,4,6,2,6,"HHLH","HH",20,26.6666666666667,NA,50.2941176470588
"R_2cwk5vPzuQp24cL","LH",37.48,3,4,6,2,6,"HHLH","LH",15,60,NA,50.2941176470588
"R_2cwk5vPzuQp24cL","LH",37.48,3,4,6,2,6,"HHLL","HH",20,26.6666666666667,NA,50.3125
"R_2cwk5vPzuQp24cL","LH",37.48,3,4,6,2,6,"HHLL","LL",15,60,NA,50.3125
"R_2cwk5vPzuQp24cL","LH",37.48,3,4,6,2,6,"HLHL","HL",50,66.6666666666667,NA,50.2564102564103
"R_2cwk5vPzuQp24cL","LH",37.48,3,4,6,2,6,"HLLH","HL",10,13.3333333333333,NA,50.3571428571429
"R_2cwk5vPzuQp24cL","LH",37.48,3,4,6,2,6,"HLLH","LH",10,40,NA,50.3571428571429
"R_2cwk5vPzuQp24cL","LH",37.48,3,4,6,2,6,"HLLL","HL",15,20,NA,50.3846153846154
"R_2cwk5vPzuQp24cL","LH",37.48,3,4,6,2,6,"HLLL","LL",15,60,NA,50.3846153846154
"R_2cwk5vPzuQp24cL","LH",37.48,3,4,6,2,6,"LHLH","LH",24,96,NA,50.5882352941176
"R_2cwk5vPzuQp24cL","LH",37.48,3,4,6,2,6,"LHLL","LH",10,40,NA,50.6666666666667
"R_2cwk5vPzuQp24cL","LH",37.48,3,4,6,2,6,"LHLL","LL",10,40,NA,50.6666666666667
"R_2cwk5vPzuQp24cL","LH",37.48,3,4,6,2,6,"LLLL","LL",20,80,NA,50.7692307692308
"R_2vjFkwPkUuCcnn1","LH",34.88,4,2,4,4,4,"HHHH","HH",75,100,NA,50.1960784313725
"R_2vjFkwPkUuCcnn1","LH",34.88,4,2,4,4,4,"HHHL","HH",75,100,NA,56.8888888888889
"R_2vjFkwPkUuCcnn1","LH",34.88,4,2,4,4,4,"HHHL","HL",75,100,NA,43.5555555555556
"R_2vjFkwPkUuCcnn1","LH",34.88,4,2,4,4,4,"HHLH","HH",75,100,NA,75.2941176470588
"R_2vjFkwPkUuCcnn1","LH",34.88,4,2,4,4,4,"HHLH","LH",25,100,NA,25.2941176470588
"R_2vjFkwPkUuCcnn1","LH",34.88,4,2,4,4,4,"HHLL","HH",75,100,NA,80
"R_2vjFkwPkUuCcnn1","LH",34.88,4,2,4,4,4,"HHLL","LL",25,100,NA,20.625
"R_2vjFkwPkUuCcnn1","LH",34.88,4,2,4,4,4,"HLHL","HL",75,100,NA,50.2564102564103
"R_2vjFkwPkUuCcnn1","LH",34.88,4,2,4,4,4,"HLLH","HL",75,100,NA,70
"R_2vjFkwPkUuCcnn1","LH",34.88,4,2,4,4,4,"HLLH","LH",25,100,NA,30.7142857142857
"R_2vjFkwPkUuCcnn1","LH",34.88,4,2,4,4,4,"HLLL","HL",75,100,NA,75.3846153846154
"R_2vjFkwPkUuCcnn1","LH",34.88,4,2,4,4,4,"HLLL","LL",25,100,NA,25.3846153846154
"R_2vjFkwPkUuCcnn1","LH",34.88,4,2,4,4,4,"LHLH","LH",25,100,NA,50.5882352941176
"R_2vjFkwPkUuCcnn1","LH",34.88,4,2,4,4,4,"LHLL","LH",25,100,NA,44
"R_2vjFkwPkUuCcnn1","LH",34.88,4,2,4,4,4,"LHLL","LL",25,100,NA,57.3333333333333
"R_2vjFkwPkUuCcnn1","LH",34.88,4,2,4,4,4,"LLLL","LL",25,100,NA,50.7692307692308
"R_30eCvEqkTPSRVcy","LL",27.79,4,2,4,3,4,"HHHH","HH",50,66.6666666666667,NA,50.1960784313725
"R_30eCvEqkTPSRVcy","LL",27.79,4,2,4,3,4,"HHHL","HH",50,66.6666666666667,NA,50.2222222222222
"R_30eCvEqkTPSRVcy","LL",27.79,4,2,4,3,4,"HHHL","HL",50,66.6666666666667,NA,50.2222222222222
"R_30eCvEqkTPSRVcy","LL",27.79,4,2,4,3,4,"HHLH","HH",50,66.6666666666667,NA,58.8235294117647
"R_30eCvEqkTPSRVcy","LL",27.79,4,2,4,3,4,"HHLH","LH",10,40,NA,41.7647058823529
"R_30eCvEqkTPSRVcy","LL",27.79,4,2,4,3,4,"HHLL","HH",50,66.6666666666667,NA,56.25
"R_30eCvEqkTPSRVcy","LL",27.79,4,2,4,3,4,"HHLL","LL",10,40,NA,44.375
"R_30eCvEqkTPSRVcy","LL",27.79,4,2,4,3,4,"HLHL","HL",50,66.6666666666667,NA,50.2564102564103
"R_30eCvEqkTPSRVcy","LL",27.79,4,2,4,3,4,"HLLH","HL",50,66.6666666666667,NA,57.8571428571429
"R_30eCvEqkTPSRVcy","LL",27.79,4,2,4,3,4,"HLLH","LH",10,40,NA,42.8571428571429
"R_30eCvEqkTPSRVcy","LL",27.79,4,2,4,3,4,"HLLL","HL",50,66.6666666666667,NA,50
"R_30eCvEqkTPSRVcy","LL",27.79,4,2,4,3,4,"HLLL","LL",10,40,NA,50.7692307692308
"R_30eCvEqkTPSRVcy","LL",27.79,4,2,4,3,4,"LHLH","LH",10,40,NA,50.5882352941176
"R_30eCvEqkTPSRVcy","LL",27.79,4,2,4,3,4,"LHLL","LH",10,40,NA,50.6666666666667
"R_30eCvEqkTPSRVcy","LL",27.79,4,2,4,3,4,"LHLL","LL",10,40,NA,50.6666666666667
"R_30eCvEqkTPSRVcy","LL",27.79,4,2,4,3,4,"LLLL","LL",10,40,NA,50.7692307692308
"R_6l2VLWSl4OxQZk5","LL",12.82,2,2,5,5,6,"HHHH","HH",75,100,NA,50.1960784313725
"R_6l2VLWSl4OxQZk5","LL",12.82,2,2,5,5,6,"HHHL","HH",75,100,NA,50.2222222222222
"R_6l2VLWSl4OxQZk5","LL",12.82,2,2,5,5,6,"HHHL","HL",75,100,NA,50.2222222222222
"R_6l2VLWSl4OxQZk5","LL",12.82,2,2,5,5,6,"HHLH","HH",75,100,NA,50.5882352941176
"R_6l2VLWSl4OxQZk5","LL",12.82,2,2,5,5,6,"HHLH","LH",25,100,NA,50
"R_6l2VLWSl4OxQZk5","LL",12.82,2,2,5,5,6,"HHLL","HH",75,100,NA,50.625
"R_6l2VLWSl4OxQZk5","LL",12.82,2,2,5,5,6,"HHLL","LL",25,100,NA,50
"R_6l2VLWSl4OxQZk5","LL",12.82,2,2,5,5,6,"HLHL","HL",75,100,NA,50.2564102564103
"R_6l2VLWSl4OxQZk5","LL",12.82,2,2,5,5,6,"HLLH","HL",75,100,NA,50.7142857142857
"R_6l2VLWSl4OxQZk5","LL",12.82,2,2,5,5,6,"HLLH","LH",25,100,NA,50
"R_6l2VLWSl4OxQZk5","LL",12.82,2,2,5,5,6,"HLLL","HL",75,100,NA,50.7692307692308
"R_6l2VLWSl4OxQZk5","LL",12.82,2,2,5,5,6,"HLLL","LL",25,100,NA,50
"R_6l2VLWSl4OxQZk5","LL",12.82,2,2,5,5,6,"LHLH","LH",25,100,NA,50.5882352941176
"R_6l2VLWSl4OxQZk5","LL",12.82,2,2,5,5,6,"LHLL","LH",25,100,NA,50.6666666666667
"R_6l2VLWSl4OxQZk5","LL",12.82,2,2,5,5,6,"LHLL","LL",25,100,NA,50.6666666666667
"R_6l2VLWSl4OxQZk5","LL",12.82,2,2,5,5,6,"LLLL","LL",25,100,NA,50.7692307692308
"R_2VC8zHfXIGv3coE","LL",29.43,2,5,5,4,5,"HHHH","HH",25,33.3333333333333,NA,50.1960784313725
"R_2VC8zHfXIGv3coE","LL",29.43,2,5,5,4,5,"HHHL","HH",25,33.3333333333333,NA,50.2222222222222
"R_2VC8zHfXIGv3coE","LL",29.43,2,5,5,4,5,"HHHL","HL",25,33.3333333333333,NA,50.2222222222222
"R_2VC8zHfXIGv3coE","LL",29.43,2,5,5,4,5,"HHLH","HH",25,33.3333333333333,NA,50.5882352941176
"R_2VC8zHfXIGv3coE","LL",29.43,2,5,5,4,5,"HHLH","LH",25,100,NA,50
"R_2VC8zHfXIGv3coE","LL",29.43,2,5,5,4,5,"HHLL","HH",25,33.3333333333333,NA,50.625
"R_2VC8zHfXIGv3coE","LL",29.43,2,5,5,4,5,"HHLL","LL",25,100,NA,50
"R_2VC8zHfXIGv3coE","LL",29.43,2,5,5,4,5,"HLHL","HL",50,66.6666666666667,NA,50.2564102564103
"R_2VC8zHfXIGv3coE","LL",29.43,2,5,5,4,5,"HLLH","HL",25,33.3333333333333,NA,50.7142857142857
"R_2VC8zHfXIGv3coE","LL",29.43,2,5,5,4,5,"HLLH","LH",25,100,NA,50
"R_2VC8zHfXIGv3coE","LL",29.43,2,5,5,4,5,"HLLL","HL",25,33.3333333333333,NA,50.7692307692308
"R_2VC8zHfXIGv3coE","LL",29.43,2,5,5,4,5,"HLLL","LL",25,100,NA,50
"R_2VC8zHfXIGv3coE","LL",29.43,2,5,5,4,5,"LHLH","LH",25,100,NA,50.5882352941176
"R_2VC8zHfXIGv3coE","LL",29.43,2,5,5,4,5,"LHLL","LH",25,100,NA,52
"R_2VC8zHfXIGv3coE","LL",29.43,2,5,5,4,5,"LHLL","LL",25,100,NA,49.3333333333333
"R_2VC8zHfXIGv3coE","LL",29.43,2,5,5,4,5,"LLLL","LL",25,100,NA,50.7692307692308
"R_3pfoj5kAjAMLTGl","LL",37.48,4,1,3,4,4,"HHHH","HH",75,100,NA,50.1960784313725
"R_3pfoj5kAjAMLTGl","LL",37.48,4,1,3,4,4,"HHHL","HH",75,100,NA,50.2222222222222
"R_3pfoj5kAjAMLTGl","LL",37.48,4,1,3,4,4,"HHHL","HL",75,100,NA,50.2222222222222
"R_3pfoj5kAjAMLTGl","LL",37.48,4,1,3,4,4,"HHLH","HH",50,66.6666666666667,NA,50.2941176470588
"R_3pfoj5kAjAMLTGl","LL",37.48,4,1,3,4,4,"HHLH","LH",0,0,NA,50.2941176470588
"R_3pfoj5kAjAMLTGl","LL",37.48,4,1,3,4,4,"HHLL","HH",50,66.6666666666667,NA,50.3125
"R_3pfoj5kAjAMLTGl","LL",37.48,4,1,3,4,4,"HHLL","LL",0,0,NA,50.3125
"R_3pfoj5kAjAMLTGl","LL",37.48,4,1,3,4,4,"HLHL","HL",75,100,NA,50.2564102564103
"R_3pfoj5kAjAMLTGl","LL",37.48,4,1,3,4,4,"HLLH","HL",50,66.6666666666667,NA,50.3571428571429
"R_3pfoj5kAjAMLTGl","LL",37.48,4,1,3,4,4,"HLLH","LH",0,0,NA,50.3571428571429
"R_3pfoj5kAjAMLTGl","LL",37.48,4,1,3,4,4,"HLLL","HL",50,66.6666666666667,NA,50.3846153846154
"R_3pfoj5kAjAMLTGl","LL",37.48,4,1,3,4,4,"HLLL","LL",0,0,NA,50.3846153846154
"R_3pfoj5kAjAMLTGl","LL",37.48,4,1,3,4,4,"LHLH","LH",25,100,NA,50.5882352941176
"R_3pfoj5kAjAMLTGl","LL",37.48,4,1,3,4,4,"LHLL","LH",0,0,NA,50.6666666666667
"R_3pfoj5kAjAMLTGl","LL",37.48,4,1,3,4,4,"LHLL","LL",0,0,NA,50.6666666666667
"R_3pfoj5kAjAMLTGl","LL",37.48,4,1,3,4,4,"LLLL","LL",25,100,NA,50.7692307692308
"R_2P7Pf7cFG2UtbPE","LL",15.86,4,2,1,4,1,"HHHH","HH",10,13.3333333333333,NA,50.1960784313725
"R_2P7Pf7cFG2UtbPE","LL",15.86,4,2,1,4,1,"HHHL","HH",30,40,NA,47.1111111111111
"R_2P7Pf7cFG2UtbPE","LL",15.86,4,2,1,4,1,"HHHL","HL",25,33.3333333333333,NA,53.3333333333333
"R_2P7Pf7cFG2UtbPE","LL",15.86,4,2,1,4,1,"HHLH","HH",25,33.3333333333333,NA,41.7647058823529
"R_2P7Pf7cFG2UtbPE","LL",15.86,4,2,1,4,1,"HHLH","LH",5,20,NA,58.8235294117647
"R_2P7Pf7cFG2UtbPE","LL",15.86,4,2,1,4,1,"HHLL","HH",30,40,NA,28.75
"R_2P7Pf7cFG2UtbPE","LL",15.86,4,2,1,4,1,"HHLL","LL",5,20,NA,71.875
"R_2P7Pf7cFG2UtbPE","LL",15.86,4,2,1,4,1,"HLHL","HL",25,33.3333333333333,NA,50.2564102564103
"R_2P7Pf7cFG2UtbPE","LL",15.86,4,2,1,4,1,"HLLH","HL",25,33.3333333333333,NA,29.2857142857143
"R_2P7Pf7cFG2UtbPE","LL",15.86,4,2,1,4,1,"HLLH","LH",5,20,NA,71.4285714285714
"R_2P7Pf7cFG2UtbPE","LL",15.86,4,2,1,4,1,"HLLL","HL",25,33.3333333333333,NA,23.8461538461538
"R_2P7Pf7cFG2UtbPE","LL",15.86,4,2,1,4,1,"HLLL","LL",5,20,NA,76.9230769230769
"R_2P7Pf7cFG2UtbPE","LL",15.86,4,2,1,4,1,"LHLH","LH",5,20,NA,56.4705882352941
"R_2P7Pf7cFG2UtbPE","LL",15.86,4,2,1,4,1,"LHLL","LH",10,40,NA,61.3333333333333
"R_2P7Pf7cFG2UtbPE","LL",15.86,4,2,1,4,1,"LHLL","LL",5,20,NA,40
"R_2P7Pf7cFG2UtbPE","LL",15.86,4,2,1,4,1,"LLLL","LL",5,20,NA,50.7692307692308
"R_3IS2dN69UOoB7SJ","LL",7.82,3,4,4,4,4,"HHHH","HH",25,33.3333333333333,NA,50.1960784313725
"R_3IS2dN69UOoB7SJ","LL",7.82,3,4,4,4,4,"HHHL","HH",25,33.3333333333333,NA,50.2222222222222
"R_3IS2dN69UOoB7SJ","LL",7.82,3,4,4,4,4,"HHHL","HL",20,26.6666666666667,NA,50.2222222222222
"R_3IS2dN69UOoB7SJ","LL",7.82,3,4,4,4,4,"HHLH","HH",25,33.3333333333333,NA,50.5882352941176
"R_3IS2dN69UOoB7SJ","LL",7.82,3,4,4,4,4,"HHLH","LH",5,20,NA,50
"R_3IS2dN69UOoB7SJ","LL",7.82,3,4,4,4,4,"HHLL","HH",25,33.3333333333333,NA,50.625
"R_3IS2dN69UOoB7SJ","LL",7.82,3,4,4,4,4,"HHLL","LL",3,12,NA,50
"R_3IS2dN69UOoB7SJ","LL",7.82,3,4,4,4,4,"HLHL","HL",25,33.3333333333333,NA,50.2564102564103
"R_3IS2dN69UOoB7SJ","LL",7.82,3,4,4,4,4,"HLLH","HL",30,40,NA,50.7142857142857
"R_3IS2dN69UOoB7SJ","LL",7.82,3,4,4,4,4,"HLLH","LH",7,28,NA,50
"R_3IS2dN69UOoB7SJ","LL",7.82,3,4,4,4,4,"HLLL","HL",20,26.6666666666667,NA,50.7692307692308
"R_3IS2dN69UOoB7SJ","LL",7.82,3,4,4,4,4,"HLLL","LL",4,16,NA,50
"R_3IS2dN69UOoB7SJ","LL",7.82,3,4,4,4,4,"LHLH","LH",10,40,NA,50.5882352941176
"R_3IS2dN69UOoB7SJ","LL",7.82,3,4,4,4,4,"LHLL","LH",20,80,NA,50.6666666666667
"R_3IS2dN69UOoB7SJ","LL",7.82,3,4,4,4,4,"LHLL","LL",20,80,NA,50.6666666666667
"R_3IS2dN69UOoB7SJ","LL",7.82,3,4,4,4,4,"LLLL","LL",7,28,NA,50.7692307692308
"R_3njzRbLzOoS3nPF","LL",-7.82,4,1,2,3,2,"HHHH","HH",75,100,NA,50.1960784313725
"R_3njzRbLzOoS3nPF","LL",-7.82,4,1,2,3,2,"HHHL","HH",74,98.6666666666667,NA,50.2222222222222
"R_3njzRbLzOoS3nPF","LL",-7.82,4,1,2,3,2,"HHHL","HL",74,98.6666666666667,NA,50.2222222222222
"R_3njzRbLzOoS3nPF","LL",-7.82,4,1,2,3,2,"HHLH","HH",1,1.33333333333333,NA,50
"R_3njzRbLzOoS3nPF","LL",-7.82,4,1,2,3,2,"HHLH","LH",1,4,NA,50.5882352941176
"R_3njzRbLzOoS3nPF","LL",-7.82,4,1,2,3,2,"HHLL","HH",1,1.33333333333333,NA,50
"R_3njzRbLzOoS3nPF","LL",-7.82,4,1,2,3,2,"HHLL","LL",1,4,NA,50.625
"R_3njzRbLzOoS3nPF","LL",-7.82,4,1,2,3,2,"HLHL","HL",74,98.6666666666667,NA,50.2564102564103
"R_3njzRbLzOoS3nPF","LL",-7.82,4,1,2,3,2,"HLLH","HL",1,1.33333333333333,NA,50
"R_3njzRbLzOoS3nPF","LL",-7.82,4,1,2,3,2,"HLLH","LH",1,4,NA,50.7142857142857
"R_3njzRbLzOoS3nPF","LL",-7.82,4,1,2,3,2,"HLLL","HL",1,1.33333333333333,NA,50.3846153846154
"R_3njzRbLzOoS3nPF","LL",-7.82,4,1,2,3,2,"HLLL","LL",1,4,NA,50.3846153846154
"R_3njzRbLzOoS3nPF","LL",-7.82,4,1,2,3,2,"LHLH","LH",24,96,NA,50.5882352941176
"R_3njzRbLzOoS3nPF","LL",-7.82,4,1,2,3,2,"LHLL","LH",1,4,NA,50.6666666666667
"R_3njzRbLzOoS3nPF","LL",-7.82,4,1,2,3,2,"LHLL","LL",20,80,NA,50.6666666666667
"R_3njzRbLzOoS3nPF","LL",-7.82,4,1,2,3,2,"LLLL","LL",1,4,NA,50.7692307692308
"R_2QzE4ELjH7u5r5a","LL",7.82,4,2,5,4,5,"HHHH","HH",75,100,NA,50.1960784313725
"R_2QzE4ELjH7u5r5a","LL",7.82,4,2,5,4,5,"HHHL","HH",75,100,NA,50.2222222222222
"R_2QzE4ELjH7u5r5a","LL",7.82,4,2,5,4,5,"HHHL","HL",75,100,NA,50.2222222222222
"R_2QzE4ELjH7u5r5a","LL",7.82,4,2,5,4,5,"HHLH","HH",75,100,NA,50
"R_2QzE4ELjH7u5r5a","LL",7.82,4,2,5,4,5,"HHLH","LH",25,100,NA,50.5882352941176
"R_2QzE4ELjH7u5r5a","LL",7.82,4,2,5,4,5,"HHLL","HH",75,100,NA,0
"R_2QzE4ELjH7u5r5a","LL",7.82,4,2,5,4,5,"HHLL","LL",0,0,NA,100.625
"R_2QzE4ELjH7u5r5a","LL",7.82,4,2,5,4,5,"HLHL","HL",75,100,NA,50.2564102564103
"R_2QzE4ELjH7u5r5a","LL",7.82,4,2,5,4,5,"HLLH","HL",75,100,NA,50
"R_2QzE4ELjH7u5r5a","LL",7.82,4,2,5,4,5,"HLLH","LH",25,100,NA,50.7142857142857
"R_2QzE4ELjH7u5r5a","LL",7.82,4,2,5,4,5,"HLLL","HL",75,100,NA,0
"R_2QzE4ELjH7u5r5a","LL",7.82,4,2,5,4,5,"HLLL","LL",0,0,NA,100.769230769231
"R_2QzE4ELjH7u5r5a","LL",7.82,4,2,5,4,5,"LHLH","LH",25,100,NA,50.5882352941176
"R_2QzE4ELjH7u5r5a","LL",7.82,4,2,5,4,5,"LHLL","LH",25,100,NA,0
"R_2QzE4ELjH7u5r5a","LL",7.82,4,2,5,4,5,"LHLL","LL",0,0,NA,101.333333333333
"R_2QzE4ELjH7u5r5a","LL",7.82,4,2,5,4,5,"LLLL","LL",0,0,NA,50.7692307692308
"R_8le7WceAWCkqPDj","LL",7.82,5,2,5,5,4,"HHHH","HH",75,100,NA,50.1960784313725
"R_8le7WceAWCkqPDj","LL",7.82,5,2,5,5,4,"HHHL","HH",30,40,NA,50.2222222222222
"R_8le7WceAWCkqPDj","LL",7.82,5,2,5,5,4,"HHHL","HL",20,26.6666666666667,NA,50.2222222222222
"R_8le7WceAWCkqPDj","LL",7.82,5,2,5,5,4,"HHLH","HH",30,40,NA,50.2941176470588
"R_8le7WceAWCkqPDj","LL",7.82,5,2,5,5,4,"HHLH","LH",0,0,NA,50.2941176470588
"R_8le7WceAWCkqPDj","LL",7.82,5,2,5,5,4,"HHLL","HH",20,26.6666666666667,NA,50.3125
"R_8le7WceAWCkqPDj","LL",7.82,5,2,5,5,4,"HHLL","LL",0,0,NA,50.3125
"R_8le7WceAWCkqPDj","LL",7.82,5,2,5,5,4,"HLHL","HL",0,0,NA,50.2564102564103
"R_8le7WceAWCkqPDj","LL",7.82,5,2,5,5,4,"HLLH","HL",0,0,NA,50.3571428571429
"R_8le7WceAWCkqPDj","LL",7.82,5,2,5,5,4,"HLLH","LH",0,0,NA,50.3571428571429
"R_8le7WceAWCkqPDj","LL",7.82,5,2,5,5,4,"HLLL","HL",0,0,NA,50.3846153846154
"R_8le7WceAWCkqPDj","LL",7.82,5,2,5,5,4,"HLLL","LL",0,0,NA,50.3846153846154
"R_8le7WceAWCkqPDj","LL",7.82,5,2,5,5,4,"LHLH","LH",25,100,NA,50.5882352941176
"R_8le7WceAWCkqPDj","LL",7.82,5,2,5,5,4,"LHLL","LH",0,0,NA,50.6666666666667
"R_8le7WceAWCkqPDj","LL",7.82,5,2,5,5,4,"LHLL","LL",0,0,NA,50.6666666666667
"R_8le7WceAWCkqPDj","LL",7.82,5,2,5,5,4,"LLLL","LL",0,0,NA,50.7692307692308
"R_1gqMmwz11kNJGde","LL",37.48,5,1,3,3,3,"HHHH","HH",30,40,NA,50.1960784313725
"R_1gqMmwz11kNJGde","LL",37.48,5,1,3,3,3,"HHHL","HH",30,40,NA,50.2222222222222
"R_1gqMmwz11kNJGde","LL",37.48,5,1,3,3,3,"HHHL","HL",30,40,NA,50.2222222222222
"R_1gqMmwz11kNJGde","LL",37.48,5,1,3,3,3,"HHLH","HH",30,40,NA,58.8235294117647
"R_1gqMmwz11kNJGde","LL",37.48,5,1,3,3,3,"HHLH","LH",10,40,NA,41.7647058823529
"R_1gqMmwz11kNJGde","LL",37.48,5,1,3,3,3,"HHLL","HH",30,40,NA,62.5
"R_1gqMmwz11kNJGde","LL",37.48,5,1,3,3,3,"HHLL","LL",10,40,NA,38.125
"R_1gqMmwz11kNJGde","LL",37.48,5,1,3,3,3,"HLHL","HL",30,40,NA,50.2564102564103
"R_1gqMmwz11kNJGde","LL",37.48,5,1,3,3,3,"HLLH","HL",30,40,NA,57.8571428571429
"R_1gqMmwz11kNJGde","LL",37.48,5,1,3,3,3,"HLLH","LH",10,40,NA,42.8571428571429
"R_1gqMmwz11kNJGde","LL",37.48,5,1,3,3,3,"HLLL","HL",30,40,NA,62.3076923076923
"R_1gqMmwz11kNJGde","LL",37.48,5,1,3,3,3,"HLLL","LL",10,40,NA,38.4615384615385
"R_1gqMmwz11kNJGde","LL",37.48,5,1,3,3,3,"LHLH","LH",10,40,NA,50.5882352941176
"R_1gqMmwz11kNJGde","LL",37.48,5,1,3,3,3,"LHLL","LH",10,40,NA,50.6666666666667
"R_1gqMmwz11kNJGde","LL",37.48,5,1,3,3,3,"LHLL","LL",10,40,NA,50.6666666666667
"R_1gqMmwz11kNJGde","LL",37.48,5,1,3,3,3,"LLLL","LL",10,40,NA,50.7692307692308
"R_R3LMFEGWHEke3Rf","LL",37.48,4,1,3,2,3,"HHHH","HH",75,100,NA,50.1960784313725
"R_R3LMFEGWHEke3Rf","LL",37.48,4,1,3,2,3,"HHHL","HH",40,53.3333333333333,NA,56
"R_R3LMFEGWHEke3Rf","LL",37.48,4,1,3,2,3,"HHHL","HL",50,66.6666666666667,NA,44.4444444444444
"R_R3LMFEGWHEke3Rf","LL",37.48,4,1,3,2,3,"HHLH","HH",50,66.6666666666667,NA,65.2941176470588
"R_R3LMFEGWHEke3Rf","LL",37.48,4,1,3,2,3,"HHLH","LH",25,100,NA,35.2941176470588
"R_R3LMFEGWHEke3Rf","LL",37.48,4,1,3,2,3,"HHLL","HH",50,66.6666666666667,NA,69.375
"R_R3LMFEGWHEke3Rf","LL",37.48,4,1,3,2,3,"HHLL","LL",25,100,NA,31.25
"R_R3LMFEGWHEke3Rf","LL",37.48,4,1,3,2,3,"HLHL","HL",75,100,NA,50.2564102564103
"R_R3LMFEGWHEke3Rf","LL",37.48,4,1,3,2,3,"HLLH","HL",50,66.6666666666667,NA,68.5714285714286
"R_R3LMFEGWHEke3Rf","LL",37.48,4,1,3,2,3,"HLLH","LH",25,100,NA,32.1428571428571
"R_R3LMFEGWHEke3Rf","LL",37.48,4,1,3,2,3,"HLLL","HL",50,66.6666666666667,NA,70
"R_R3LMFEGWHEke3Rf","LL",37.48,4,1,3,2,3,"HLLL","LL",25,100,NA,30.7692307692308
"R_R3LMFEGWHEke3Rf","LL",37.48,4,1,3,2,3,"LHLH","LH",25,100,NA,50.5882352941176
"R_R3LMFEGWHEke3Rf","LL",37.48,4,1,3,2,3,"LHLL","LH",20,80,NA,50.6666666666667
"R_R3LMFEGWHEke3Rf","LL",37.48,4,1,3,2,3,"LHLL","LL",25,100,NA,50.6666666666667
"R_R3LMFEGWHEke3Rf","LL",37.48,4,1,3,2,3,"LLLL","LL",25,100,NA,50.7692307692308
"R_3JyMooWpeZZ3hKi","LL",34.88,4,1,2,2,2,"HHHH","HH",75,100,NA,50.1960784313725
"R_3JyMooWpeZZ3hKi","LL",34.88,4,1,2,2,2,"HHHL","HH",75,100,NA,50.2222222222222
"R_3JyMooWpeZZ3hKi","LL",34.88,4,1,2,2,2,"HHHL","HL",75,100,NA,50.2222222222222
"R_3JyMooWpeZZ3hKi","LL",34.88,4,1,2,2,2,"HHLH","HH",75,100,NA,50.2941176470588
"R_3JyMooWpeZZ3hKi","LL",34.88,4,1,2,2,2,"HHLH","LH",25,100,NA,50.2941176470588
"R_3JyMooWpeZZ3hKi","LL",34.88,4,1,2,2,2,"HHLL","HH",75,100,NA,50.3125
"R_3JyMooWpeZZ3hKi","LL",34.88,4,1,2,2,2,"HHLL","LL",25,100,NA,50.3125
"R_3JyMooWpeZZ3hKi","LL",34.88,4,1,2,2,2,"HLHL","HL",75,100,NA,50.2564102564103
"R_3JyMooWpeZZ3hKi","LL",34.88,4,1,2,2,2,"HLLH","HL",75,100,NA,50.3571428571429
"R_3JyMooWpeZZ3hKi","LL",34.88,4,1,2,2,2,"HLLH","LH",25,100,NA,50.3571428571429
"R_3JyMooWpeZZ3hKi","LL",34.88,4,1,2,2,2,"HLLL","HL",75,100,NA,50.3846153846154
"R_3JyMooWpeZZ3hKi","LL",34.88,4,1,2,2,2,"HLLL","LL",25,100,NA,50.3846153846154
"R_3JyMooWpeZZ3hKi","LL",34.88,4,1,2,2,2,"LHLH","LH",25,100,NA,50.5882352941176
"R_3JyMooWpeZZ3hKi","LL",34.88,4,1,2,2,2,"LHLL","LH",25,100,NA,50.6666666666667
"R_3JyMooWpeZZ3hKi","LL",34.88,4,1,2,2,2,"LHLL","LL",25,100,NA,50.6666666666667
"R_3JyMooWpeZZ3hKi","LL",34.88,4,1,2,2,2,"LLLL","LL",25,100,NA,50.7692307692308
"R_1dBrDMjRdA7lm2W","LL",7.82,5,1,3,3,2,"HHHH","HH",75,100,NA,50.1960784313725
"R_1dBrDMjRdA7lm2W","LL",7.82,5,1,3,3,2,"HHHL","HH",75,100,NA,53.3333333333333
"R_1dBrDMjRdA7lm2W","LL",7.82,5,1,3,3,2,"HHHL","HL",75,100,NA,47.1111111111111
"R_1dBrDMjRdA7lm2W","LL",7.82,5,1,3,3,2,"HHLH","HH",75,100,NA,58.8235294117647
"R_1dBrDMjRdA7lm2W","LL",7.82,5,1,3,3,2,"HHLH","LH",25,100,NA,41.7647058823529
"R_1dBrDMjRdA7lm2W","LL",7.82,5,1,3,3,2,"HHLL","HH",75,100,NA,65.625
"R_1dBrDMjRdA7lm2W","LL",7.82,5,1,3,3,2,"HHLL","LL",25,100,NA,35
"R_1dBrDMjRdA7lm2W","LL",7.82,5,1,3,3,2,"HLHL","HL",75,100,NA,50.2564102564103
"R_1dBrDMjRdA7lm2W","LL",7.82,5,1,3,3,2,"HLLH","HL",75,100,NA,50
"R_1dBrDMjRdA7lm2W","LL",7.82,5,1,3,3,2,"HLLH","LH",25,100,NA,50.7142857142857
"R_1dBrDMjRdA7lm2W","LL",7.82,5,1,3,3,2,"HLLL","HL",75,100,NA,69.2307692307692
"R_1dBrDMjRdA7lm2W","LL",7.82,5,1,3,3,2,"HLLL","LL",25,100,NA,31.5384615384615
"R_1dBrDMjRdA7lm2W","LL",7.82,5,1,3,3,2,"LHLH","LH",25,100,NA,50.5882352941176
"R_1dBrDMjRdA7lm2W","LL",7.82,5,1,3,3,2,"LHLL","LH",25,100,NA,50.6666666666667
"R_1dBrDMjRdA7lm2W","LL",7.82,5,1,3,3,2,"LHLL","LL",25,100,NA,50.6666666666667
"R_1dBrDMjRdA7lm2W","LL",7.82,5,1,3,3,2,"LLLL","LL",25,100,NA,50.7692307692308
"R_3MSRNJbwJHZB0xJ","LL",34.88,5,1,4,4,4,"HHHH","HH",75,100,NA,52.9411764705882
"R_3MSRNJbwJHZB0xJ","LL",34.88,5,1,4,4,4,"HHHL","HH",35,46.6666666666667,NA,50.2222222222222
"R_3MSRNJbwJHZB0xJ","LL",34.88,5,1,4,4,4,"HHHL","HL",35,46.6666666666667,NA,50.2222222222222
"R_3MSRNJbwJHZB0xJ","LL",34.88,5,1,4,4,4,"HHLH","HH",35,46.6666666666667,NA,47.0588235294118
"R_3MSRNJbwJHZB0xJ","LL",34.88,5,1,4,4,4,"HHLH","LH",15,60,NA,53.5294117647059
"R_3MSRNJbwJHZB0xJ","LL",34.88,5,1,4,4,4,"HHLL","HH",35,46.6666666666667,NA,50.625
"R_3MSRNJbwJHZB0xJ","LL",34.88,5,1,4,4,4,"HHLL","LL",15,60,NA,50
"R_3MSRNJbwJHZB0xJ","LL",34.88,5,1,4,4,4,"HLHL","HL",35,46.6666666666667,NA,50.2564102564103
"R_3MSRNJbwJHZB0xJ","LL",34.88,5,1,4,4,4,"HLLH","HL",35,46.6666666666667,NA,50.7142857142857
"R_3MSRNJbwJHZB0xJ","LL",34.88,5,1,4,4,4,"HLLH","LH",15,60,NA,50
"R_3MSRNJbwJHZB0xJ","LL",34.88,5,1,4,4,4,"HLLL","HL",35,46.6666666666667,NA,50.7692307692308
"R_3MSRNJbwJHZB0xJ","LL",34.88,5,1,4,4,4,"HLLL","LL",15,60,NA,50
"R_3MSRNJbwJHZB0xJ","LL",34.88,5,1,4,4,4,"LHLH","LH",15,60,NA,50.5882352941176
"R_3MSRNJbwJHZB0xJ","LL",34.88,5,1,4,4,4,"LHLL","LH",25,100,NA,54.6666666666667
"R_3MSRNJbwJHZB0xJ","LL",34.88,5,1,4,4,4,"LHLL","LL",25,100,NA,46.6666666666667
"R_3MSRNJbwJHZB0xJ","LL",34.88,5,1,4,4,4,"LLLL","LL",25,100,NA,50.7692307692308
"R_26a3WArEMtfRMtb","LL",34.88,4,3,4,4,4,"HHHH","HH",30,40,NA,50.1960784313725
"R_26a3WArEMtfRMtb","LL",34.88,4,3,4,4,4,"HHHL","HH",50,66.6666666666667,NA,50.2222222222222
"R_26a3WArEMtfRMtb","LL",34.88,4,3,4,4,4,"HHHL","HL",30,40,NA,50.2222222222222
"R_26a3WArEMtfRMtb","LL",34.88,4,3,4,4,4,"HHLH","HH",25,33.3333333333333,NA,50.2941176470588
"R_26a3WArEMtfRMtb","LL",34.88,4,3,4,4,4,"HHLH","LH",15,60,NA,50.2941176470588
"R_26a3WArEMtfRMtb","LL",34.88,4,3,4,4,4,"HHLL","HH",50,66.6666666666667,NA,50.3125
"R_26a3WArEMtfRMtb","LL",34.88,4,3,4,4,4,"HHLL","LL",15,60,NA,50.3125
"R_26a3WArEMtfRMtb","LL",34.88,4,3,4,4,4,"HLHL","HL",25,33.3333333333333,NA,50.2564102564103
"R_26a3WArEMtfRMtb","LL",34.88,4,3,4,4,4,"HLLH","HL",30,40,NA,50.3571428571429
"R_26a3WArEMtfRMtb","LL",34.88,4,3,4,4,4,"HLLH","LH",15,60,NA,50.3571428571429
"R_26a3WArEMtfRMtb","LL",34.88,4,3,4,4,4,"HLLL","HL",50,66.6666666666667,NA,50.3846153846154
"R_26a3WArEMtfRMtb","LL",34.88,4,3,4,4,4,"HLLL","LL",15,60,NA,50.3846153846154
"R_26a3WArEMtfRMtb","LL",34.88,4,3,4,4,4,"LHLH","LH",15,60,NA,50.5882352941176
"R_26a3WArEMtfRMtb","LL",34.88,4,3,4,4,4,"LHLL","LH",15,60,NA,50.6666666666667
"R_26a3WArEMtfRMtb","LL",34.88,4,3,4,4,4,"LHLL","LL",10,40,NA,50.6666666666667
"R_26a3WArEMtfRMtb","LL",34.88,4,3,4,4,4,"LLLL","LL",10,40,NA,50.7692307692308
"R_33syHYcYnq8noSF","LL",32.56,4,2,2,5,2,"HHHH","HH",25,33.3333333333333,NA,50.1960784313725
"R_33syHYcYnq8noSF","LL",32.56,4,2,2,5,2,"HHHL","HH",25,33.3333333333333,NA,50.2222222222222
"R_33syHYcYnq8noSF","LL",32.56,4,2,2,5,2,"HHHL","HL",25,33.3333333333333,NA,50.2222222222222
"R_33syHYcYnq8noSF","LL",32.56,4,2,2,5,2,"HHLH","HH",25,33.3333333333333,NA,50.5882352941176
"R_33syHYcYnq8noSF","LL",32.56,4,2,2,5,2,"HHLH","LH",8,32,NA,50
"R_33syHYcYnq8noSF","LL",32.56,4,2,2,5,2,"HHLL","HH",25,33.3333333333333,NA,50.625
"R_33syHYcYnq8noSF","LL",32.56,4,2,2,5,2,"HHLL","LL",8,32,NA,50
"R_33syHYcYnq8noSF","LL",32.56,4,2,2,5,2,"HLHL","HL",25,33.3333333333333,NA,50.2564102564103
"R_33syHYcYnq8noSF","LL",32.56,4,2,2,5,2,"HLLH","HL",25,33.3333333333333,NA,50.7142857142857
"R_33syHYcYnq8noSF","LL",32.56,4,2,2,5,2,"HLLH","LH",8,32,NA,50
"R_33syHYcYnq8noSF","LL",32.56,4,2,2,5,2,"HLLL","HL",7,9.33333333333333,NA,50.7692307692308
"R_33syHYcYnq8noSF","LL",32.56,4,2,2,5,2,"HLLL","LL",25,100,NA,50
"R_33syHYcYnq8noSF","LL",32.56,4,2,2,5,2,"LHLH","LH",8,32,NA,50.5882352941176
"R_33syHYcYnq8noSF","LL",32.56,4,2,2,5,2,"LHLL","LH",8,32,NA,50.6666666666667
"R_33syHYcYnq8noSF","LL",32.56,4,2,2,5,2,"LHLL","LL",7,28,NA,50.6666666666667
"R_33syHYcYnq8noSF","LL",32.56,4,2,2,5,2,"LLLL","LL",7,28,NA,50.7692307692308
"R_3irNncOMugnwuTi","LL",32.16,3,3,3,4,4,"HHHH","HH",30,40,NA,50.1960784313725
"R_3irNncOMugnwuTi","LL",32.16,3,3,3,4,4,"HHHL","HH",30,40,NA,50.2222222222222
"R_3irNncOMugnwuTi","LL",32.16,3,3,3,4,4,"HHHL","HL",20,26.6666666666667,NA,50.2222222222222
"R_3irNncOMugnwuTi","LL",32.16,3,3,3,4,4,"HHLH","HH",20,26.6666666666667,NA,50
"R_3irNncOMugnwuTi","LL",32.16,3,3,3,4,4,"HHLH","LH",10,40,NA,50.5882352941176
"R_3irNncOMugnwuTi","LL",32.16,3,3,3,4,4,"HHLL","HH",30,40,NA,50.625
"R_3irNncOMugnwuTi","LL",32.16,3,3,3,4,4,"HHLL","LL",10,40,NA,50
"R_3irNncOMugnwuTi","LL",32.16,3,3,3,4,4,"HLHL","HL",20,26.6666666666667,NA,50.2564102564103
"R_3irNncOMugnwuTi","LL",32.16,3,3,3,4,4,"HLLH","HL",20,26.6666666666667,NA,50
"R_3irNncOMugnwuTi","LL",32.16,3,3,3,4,4,"HLLH","LH",10,40,NA,50.7142857142857
"R_3irNncOMugnwuTi","LL",32.16,3,3,3,4,4,"HLLL","HL",20,26.6666666666667,NA,50
"R_3irNncOMugnwuTi","LL",32.16,3,3,3,4,4,"HLLL","LL",10,40,NA,50.7692307692308
"R_3irNncOMugnwuTi","LL",32.16,3,3,3,4,4,"LHLH","LH",10,40,NA,50.5882352941176
"R_3irNncOMugnwuTi","LL",32.16,3,3,3,4,4,"LHLL","LH",10,40,NA,50.6666666666667
"R_3irNncOMugnwuTi","LL",32.16,3,3,3,4,4,"LHLL","LL",10,40,NA,50.6666666666667
"R_3irNncOMugnwuTi","LL",32.16,3,3,3,4,4,"LLLL","LL",10,40,NA,50.7692307692308
"R_3hoa8kNFZWBUkr3","LL",32.16,3,2,2,2,2,"HHHH","HH",50,66.6666666666667,NA,50.1960784313725
"R_3hoa8kNFZWBUkr3","LL",32.16,3,2,2,2,2,"HHHL","HH",50,66.6666666666667,NA,50.2222222222222
"R_3hoa8kNFZWBUkr3","LL",32.16,3,2,2,2,2,"HHHL","HL",50,66.6666666666667,NA,50.2222222222222
"R_3hoa8kNFZWBUkr3","LL",32.16,3,2,2,2,2,"HHLH","HH",50,66.6666666666667,NA,58.8235294117647
"R_3hoa8kNFZWBUkr3","LL",32.16,3,2,2,2,2,"HHLH","LH",10,40,NA,41.7647058823529
"R_3hoa8kNFZWBUkr3","LL",32.16,3,2,2,2,2,"HHLL","HH",50,66.6666666666667,NA,56.25
"R_3hoa8kNFZWBUkr3","LL",32.16,3,2,2,2,2,"HHLL","LL",10,40,NA,44.375
"R_3hoa8kNFZWBUkr3","LL",32.16,3,2,2,2,2,"HLHL","HL",50,66.6666666666667,NA,50.2564102564103
"R_3hoa8kNFZWBUkr3","LL",32.16,3,2,2,2,2,"HLLH","HL",50,66.6666666666667,NA,57.1428571428571
"R_3hoa8kNFZWBUkr3","LL",32.16,3,2,2,2,2,"HLLH","LH",10,40,NA,43.5714285714286
"R_3hoa8kNFZWBUkr3","LL",32.16,3,2,2,2,2,"HLLL","HL",50,66.6666666666667,NA,53.8461538461538
"R_3hoa8kNFZWBUkr3","LL",32.16,3,2,2,2,2,"HLLL","LL",10,40,NA,46.9230769230769
"R_3hoa8kNFZWBUkr3","LL",32.16,3,2,2,2,2,"LHLH","LH",10,40,NA,50.5882352941176
"R_3hoa8kNFZWBUkr3","LL",32.16,3,2,2,2,2,"LHLL","LH",10,40,NA,50.6666666666667
"R_3hoa8kNFZWBUkr3","LL",32.16,3,2,2,2,2,"LHLL","LL",10,40,NA,50.6666666666667
"R_3hoa8kNFZWBUkr3","LL",32.16,3,2,2,2,2,"LLLL","LL",10,40,NA,50.7692307692308
"R_3n7BHUFsH6emdj8","LL",28.61,4,4,4,5,5,"HHHH","HH",75,100,NA,50.1960784313725
"R_3n7BHUFsH6emdj8","LL",28.61,4,4,4,5,5,"HHHL","HH",75,100,NA,50.2222222222222
"R_3n7BHUFsH6emdj8","LL",28.61,4,4,4,5,5,"HHHL","HL",70,93.3333333333333,NA,50.2222222222222
"R_3n7BHUFsH6emdj8","LL",28.61,4,4,4,5,5,"HHLH","HH",71,94.6666666666667,NA,52.9411764705882
"R_3n7BHUFsH6emdj8","LL",28.61,4,4,4,5,5,"HHLH","LH",21,84,NA,47.6470588235294
"R_3n7BHUFsH6emdj8","LL",28.61,4,4,4,5,5,"HHLL","HH",70,93.3333333333333,NA,62.5
"R_3n7BHUFsH6emdj8","LL",28.61,4,4,4,5,5,"HHLL","LL",20,80,NA,38.125
"R_3n7BHUFsH6emdj8","LL",28.61,4,4,4,5,5,"HLHL","HL",70,93.3333333333333,NA,50.2564102564103
"R_3n7BHUFsH6emdj8","LL",28.61,4,4,4,5,5,"HLLH","HL",70,93.3333333333333,NA,50.7142857142857
"R_3n7BHUFsH6emdj8","LL",28.61,4,4,4,5,5,"HLLH","LH",25,100,NA,50
"R_3n7BHUFsH6emdj8","LL",28.61,4,4,4,5,5,"HLLL","HL",70,93.3333333333333,NA,54.6153846153846
"R_3n7BHUFsH6emdj8","LL",28.61,4,4,4,5,5,"HLLL","LL",15,60,NA,46.1538461538462
"R_3n7BHUFsH6emdj8","LL",28.61,4,4,4,5,5,"LHLH","LH",20,80,NA,50.5882352941176
"R_3n7BHUFsH6emdj8","LL",28.61,4,4,4,5,5,"LHLL","LH",21,84,NA,50.6666666666667
"R_3n7BHUFsH6emdj8","LL",28.61,4,4,4,5,5,"LHLL","LL",20,80,NA,50.6666666666667
"R_3n7BHUFsH6emdj8","LL",28.61,4,4,4,5,5,"LLLL","LL",15,60,NA,50.7692307692308
"R_2pSRzuZ4wrAaFBC","LL",37.48,5,1,4,4,4,"HHHH","HH",30,40,NA,50.1960784313725
"R_2pSRzuZ4wrAaFBC","LL",37.48,5,1,4,4,4,"HHHL","HH",30,40,NA,56
"R_2pSRzuZ4wrAaFBC","LL",37.48,5,1,4,4,4,"HHHL","HL",20,26.6666666666667,NA,44.4444444444444
"R_2pSRzuZ4wrAaFBC","LL",37.48,5,1,4,4,4,"HHLH","HH",30,40,NA,58.8235294117647
"R_2pSRzuZ4wrAaFBC","LL",37.48,5,1,4,4,4,"HHLH","LH",10,40,NA,41.7647058823529
"R_2pSRzuZ4wrAaFBC","LL",37.48,5,1,4,4,4,"HHLL","HH",30,40,NA,53.125
"R_2pSRzuZ4wrAaFBC","LL",37.48,5,1,4,4,4,"HHLL","LL",10,40,NA,47.5
"R_2pSRzuZ4wrAaFBC","LL",37.48,5,1,4,4,4,"HLHL","HL",30,40,NA,50.2564102564103
"R_2pSRzuZ4wrAaFBC","LL",37.48,5,1,4,4,4,"HLLH","HL",30,40,NA,60.7142857142857
"R_2pSRzuZ4wrAaFBC","LL",37.48,5,1,4,4,4,"HLLH","LH",10,40,NA,40
"R_2pSRzuZ4wrAaFBC","LL",37.48,5,1,4,4,4,"HLLL","HL",30,40,NA,53.8461538461538
"R_2pSRzuZ4wrAaFBC","LL",37.48,5,1,4,4,4,"HLLL","LL",10,40,NA,46.9230769230769
"R_2pSRzuZ4wrAaFBC","LL",37.48,5,1,4,4,4,"LHLH","LH",10,40,NA,50.5882352941176
"R_2pSRzuZ4wrAaFBC","LL",37.48,5,1,4,4,4,"LHLL","LH",10,40,NA,57.3333333333333
"R_2pSRzuZ4wrAaFBC","LL",37.48,5,1,4,4,4,"LHLL","LL",10,40,NA,44
"R_2pSRzuZ4wrAaFBC","LL",37.48,5,1,4,4,4,"LLLL","LL",10,40,NA,50.7692307692308
"R_bsxQIjvtIYey4M1","LL",7.82,5,1,1,4,3,"HHHH","HH",75,100,NA,21.9607843137255
"R_bsxQIjvtIYey4M1","LL",7.82,5,1,1,4,3,"HHHL","HH",75,100,NA,56
"R_bsxQIjvtIYey4M1","LL",7.82,5,1,1,4,3,"HHHL","HL",60,80,NA,44.4444444444444
"R_bsxQIjvtIYey4M1","LL",7.82,5,1,1,4,3,"HHLH","HH",60,80,NA,41.7647058823529
"R_bsxQIjvtIYey4M1","LL",7.82,5,1,1,4,3,"HHLH","LH",10,40,NA,58.8235294117647
"R_bsxQIjvtIYey4M1","LL",7.82,5,1,1,4,3,"HHLL","HH",70,93.3333333333333,NA,38.125
"R_bsxQIjvtIYey4M1","LL",7.82,5,1,1,4,3,"HHLL","LL",5,20,NA,62.5
"R_bsxQIjvtIYey4M1","LL",7.82,5,1,1,4,3,"HLHL","HL",70,93.3333333333333,NA,51.2820512820513
"R_bsxQIjvtIYey4M1","LL",7.82,5,1,1,4,3,"HLLH","HL",60,80,NA,29.2857142857143
"R_bsxQIjvtIYey4M1","LL",7.82,5,1,1,4,3,"HLLH","LH",15,60,NA,71.4285714285714
"R_bsxQIjvtIYey4M1","LL",7.82,5,1,1,4,3,"HLLL","HL",60,80,NA,39.2307692307692
"R_bsxQIjvtIYey4M1","LL",7.82,5,1,1,4,3,"HLLL","LL",10,40,NA,61.5384615384615
"R_bsxQIjvtIYey4M1","LL",7.82,5,1,1,4,3,"LHLH","LH",10,40,NA,50.5882352941176
"R_bsxQIjvtIYey4M1","LL",7.82,5,1,1,4,3,"LHLL","LH",15,60,NA,53.3333333333333
"R_bsxQIjvtIYey4M1","LL",7.82,5,1,1,4,3,"LHLL","LL",10,40,NA,48
"R_bsxQIjvtIYey4M1","LL",7.82,5,1,1,4,3,"LLLL","LL",10,40,NA,50.7692307692308
"R_3fBGaWEiJfMIFuK","LL",40.07,3,3,4,5,4,"HHHH","HH",40,53.3333333333333,NA,50.1960784313725
"R_3fBGaWEiJfMIFuK","LL",40.07,3,3,4,5,4,"HHHL","HH",40,53.3333333333333,NA,50.2222222222222
"R_3fBGaWEiJfMIFuK","LL",40.07,3,3,4,5,4,"HHHL","HL",40,53.3333333333333,NA,50.2222222222222
"R_3fBGaWEiJfMIFuK","LL",40.07,3,3,4,5,4,"HHLH","HH",40,53.3333333333333,NA,58.8235294117647
"R_3fBGaWEiJfMIFuK","LL",40.07,3,3,4,5,4,"HHLH","LH",15,60,NA,41.7647058823529
"R_3fBGaWEiJfMIFuK","LL",40.07,3,3,4,5,4,"HHLL","HH",40,53.3333333333333,NA,56.875
"R_3fBGaWEiJfMIFuK","LL",40.07,3,3,4,5,4,"HHLL","LL",15,60,NA,43.75
"R_3fBGaWEiJfMIFuK","LL",40.07,3,3,4,5,4,"HLHL","HL",40,53.3333333333333,NA,50.2564102564103
"R_3fBGaWEiJfMIFuK","LL",40.07,3,3,4,5,4,"HLLH","HL",40,53.3333333333333,NA,67.8571428571429
"R_3fBGaWEiJfMIFuK","LL",40.07,3,3,4,5,4,"HLLH","LH",15,60,NA,32.8571428571429
"R_3fBGaWEiJfMIFuK","LL",40.07,3,3,4,5,4,"HLLL","HL",40,53.3333333333333,NA,69.2307692307692
"R_3fBGaWEiJfMIFuK","LL",40.07,3,3,4,5,4,"HLLL","LL",15,60,NA,31.5384615384615
"R_3fBGaWEiJfMIFuK","LL",40.07,3,3,4,5,4,"LHLH","LH",15,60,NA,50.5882352941176
"R_3fBGaWEiJfMIFuK","LL",40.07,3,3,4,5,4,"LHLL","LH",15,60,NA,50.6666666666667
"R_3fBGaWEiJfMIFuK","LL",40.07,3,3,4,5,4,"LHLL","LL",15,60,NA,50.6666666666667
"R_3fBGaWEiJfMIFuK","LL",40.07,3,3,4,5,4,"LLLL","LL",15,60,NA,50.7692307692308
"R_2fjp0mfs1lOjmDI","LL",37.48,5,1,2,5,2,"HHHH","HH",50,66.6666666666667,NA,50.1960784313725
"R_2fjp0mfs1lOjmDI","LL",37.48,5,1,2,5,2,"HHHL","HH",50,66.6666666666667,NA,50.2222222222222
"R_2fjp0mfs1lOjmDI","LL",37.48,5,1,2,5,2,"HHHL","HL",50,66.6666666666667,NA,50.2222222222222
"R_2fjp0mfs1lOjmDI","LL",37.48,5,1,2,5,2,"HHLH","HH",50,66.6666666666667,NA,50
"R_2fjp0mfs1lOjmDI","LL",37.48,5,1,2,5,2,"HHLH","LH",15,60,NA,50.5882352941176
"R_2fjp0mfs1lOjmDI","LL",37.48,5,1,2,5,2,"HHLL","HH",50,66.6666666666667,NA,50
"R_2fjp0mfs1lOjmDI","LL",37.48,5,1,2,5,2,"HHLL","LL",15,60,NA,50.625
"R_2fjp0mfs1lOjmDI","LL",37.48,5,1,2,5,2,"HLHL","HL",50,66.6666666666667,NA,50.7692307692308
"R_2fjp0mfs1lOjmDI","LL",37.48,5,1,2,5,2,"HLLH","HL",50,66.6666666666667,NA,50.7142857142857
"R_2fjp0mfs1lOjmDI","LL",37.48,5,1,2,5,2,"HLLH","LH",15,60,NA,50
"R_2fjp0mfs1lOjmDI","LL",37.48,5,1,2,5,2,"HLLL","HL",50,66.6666666666667,NA,50
"R_2fjp0mfs1lOjmDI","LL",37.48,5,1,2,5,2,"HLLL","LL",15,60,NA,50.7692307692308
"R_2fjp0mfs1lOjmDI","LL",37.48,5,1,2,5,2,"LHLH","LH",15,60,NA,50.5882352941176
"R_2fjp0mfs1lOjmDI","LL",37.48,5,1,2,5,2,"LHLL","LH",15,60,NA,50.6666666666667
"R_2fjp0mfs1lOjmDI","LL",37.48,5,1,2,5,2,"LHLL","LL",15,60,NA,50.6666666666667
"R_2fjp0mfs1lOjmDI","LL",37.48,5,1,2,5,2,"LLLL","LL",15,60,NA,50.7692307692308
"R_2E9NWkzaDwR3p4t","LL",37.09,3,1,4,4,4,"HHHH","HH",35,46.6666666666667,NA,50.1960784313725
"R_2E9NWkzaDwR3p4t","LL",37.09,3,1,4,4,4,"HHHL","HH",35,46.6666666666667,NA,50.2222222222222
"R_2E9NWkzaDwR3p4t","LL",37.09,3,1,4,4,4,"HHHL","HL",35,46.6666666666667,NA,50.2222222222222
"R_2E9NWkzaDwR3p4t","LL",37.09,3,1,4,4,4,"HHLH","HH",35,46.6666666666667,NA,50.2941176470588
"R_2E9NWkzaDwR3p4t","LL",37.09,3,1,4,4,4,"HHLH","LH",10,40,NA,50.2941176470588
"R_2E9NWkzaDwR3p4t","LL",37.09,3,1,4,4,4,"HHLL","HH",35,46.6666666666667,NA,50.3125
"R_2E9NWkzaDwR3p4t","LL",37.09,3,1,4,4,4,"HHLL","LL",10,40,NA,50.3125
"R_2E9NWkzaDwR3p4t","LL",37.09,3,1,4,4,4,"HLHL","HL",35,46.6666666666667,NA,50.2564102564103
"R_2E9NWkzaDwR3p4t","LL",37.09,3,1,4,4,4,"HLLH","HL",35,46.6666666666667,NA,50.3571428571429
"R_2E9NWkzaDwR3p4t","LL",37.09,3,1,4,4,4,"HLLH","LH",10,40,NA,50.3571428571429
"R_2E9NWkzaDwR3p4t","LL",37.09,3,1,4,4,4,"HLLL","HL",35,46.6666666666667,NA,50.3846153846154
"R_2E9NWkzaDwR3p4t","LL",37.09,3,1,4,4,4,"HLLL","LL",10,40,NA,50.3846153846154
"R_2E9NWkzaDwR3p4t","LL",37.09,3,1,4,4,4,"LHLH","LH",10,40,NA,50.5882352941176
"R_2E9NWkzaDwR3p4t","LL",37.09,3,1,4,4,4,"LHLL","LH",10,40,NA,50.6666666666667
"R_2E9NWkzaDwR3p4t","LL",37.09,3,1,4,4,4,"LHLL","LL",10,40,NA,50.6666666666667
"R_2E9NWkzaDwR3p4t","LL",37.09,3,1,4,4,4,"LLLL","LL",10,40,NA,50.7692307692308
"R_1FG1MQg5fBzC5Hp","LL",37.48,5,1,1,7,1,"HHHH","HH",75,100,NA,50.1960784313725
"R_1FG1MQg5fBzC5Hp","LL",37.48,5,1,1,7,1,"HHHL","HH",75,100,NA,50.2222222222222
"R_1FG1MQg5fBzC5Hp","LL",37.48,5,1,1,7,1,"HHHL","HL",75,100,NA,50.2222222222222
"R_1FG1MQg5fBzC5Hp","LL",37.48,5,1,1,7,1,"HHLH","HH",75,100,NA,50.5882352941176
"R_1FG1MQg5fBzC5Hp","LL",37.48,5,1,1,7,1,"HHLH","LH",25,100,NA,50
"R_1FG1MQg5fBzC5Hp","LL",37.48,5,1,1,7,1,"HHLL","HH",75,100,NA,50.625
"R_1FG1MQg5fBzC5Hp","LL",37.48,5,1,1,7,1,"HHLL","LL",25,100,NA,50
"R_1FG1MQg5fBzC5Hp","LL",37.48,5,1,1,7,1,"HLHL","HL",25,33.3333333333333,NA,50.2564102564103
"R_1FG1MQg5fBzC5Hp","LL",37.48,5,1,1,7,1,"HLLH","HL",40,53.3333333333333,NA,50.7142857142857
"R_1FG1MQg5fBzC5Hp","LL",37.48,5,1,1,7,1,"HLLH","LH",15,60,NA,50
"R_1FG1MQg5fBzC5Hp","LL",37.48,5,1,1,7,1,"HLLL","HL",75,100,NA,50.7692307692308
"R_1FG1MQg5fBzC5Hp","LL",37.48,5,1,1,7,1,"HLLL","LL",25,100,NA,50
"R_1FG1MQg5fBzC5Hp","LL",37.48,5,1,1,7,1,"LHLH","LH",25,100,NA,50.5882352941176
"R_1FG1MQg5fBzC5Hp","LL",37.48,5,1,1,7,1,"LHLL","LH",25,100,NA,50.6666666666667
"R_1FG1MQg5fBzC5Hp","LL",37.48,5,1,1,7,1,"LHLL","LL",25,100,NA,50.6666666666667
"R_1FG1MQg5fBzC5Hp","LL",37.48,5,1,1,7,1,"LLLL","LL",25,100,NA,50.7692307692308
"R_yqZ7jGCnRAgXBPH","LL",7.82,5,1,2,3,2,"HHHH","HH",0,0,NA,50.1960784313725
"R_yqZ7jGCnRAgXBPH","LL",7.82,5,1,2,3,2,"HHHL","HH",25,33.3333333333333,NA,50.2222222222222
"R_yqZ7jGCnRAgXBPH","LL",7.82,5,1,2,3,2,"HHHL","HL",25,33.3333333333333,NA,50.2222222222222
"R_yqZ7jGCnRAgXBPH","LL",7.82,5,1,2,3,2,"HHLH","HH",25,33.3333333333333,NA,50
"R_yqZ7jGCnRAgXBPH","LL",7.82,5,1,2,3,2,"HHLH","LH",0,0,NA,50.5882352941176
"R_yqZ7jGCnRAgXBPH","LL",7.82,5,1,2,3,2,"HHLL","HH",25,33.3333333333333,NA,50
"R_yqZ7jGCnRAgXBPH","LL",7.82,5,1,2,3,2,"HHLL","LL",0,0,NA,50.625
"R_yqZ7jGCnRAgXBPH","LL",7.82,5,1,2,3,2,"HLHL","HL",25,33.3333333333333,NA,50.2564102564103
"R_yqZ7jGCnRAgXBPH","LL",7.82,5,1,2,3,2,"HLLH","HL",25,33.3333333333333,NA,50
"R_yqZ7jGCnRAgXBPH","LL",7.82,5,1,2,3,2,"HLLH","LH",0,0,NA,50.7142857142857
"R_yqZ7jGCnRAgXBPH","LL",7.82,5,1,2,3,2,"HLLL","HL",25,33.3333333333333,NA,50
"R_yqZ7jGCnRAgXBPH","LL",7.82,5,1,2,3,2,"HLLL","LL",0,0,NA,50.7692307692308
"R_yqZ7jGCnRAgXBPH","LL",7.82,5,1,2,3,2,"LHLH","LH",0,0,NA,50.5882352941176
"R_yqZ7jGCnRAgXBPH","LL",7.82,5,1,2,3,2,"LHLL","LH",0,0,NA,50.6666666666667
"R_yqZ7jGCnRAgXBPH","LL",7.82,5,1,2,3,2,"LHLL","LL",0,0,NA,50.6666666666667
"R_yqZ7jGCnRAgXBPH","LL",7.82,5,1,2,3,2,"LLLL","LL",0,0,NA,50.7692307692308
"R_vIhfaTfarYBbxnP","LL",37.48,4,2,2,3,2,"HHHH","HH",75,100,NA,50.1960784313725
"R_vIhfaTfarYBbxnP","LL",37.48,4,2,2,3,2,"HHHL","HH",25,33.3333333333333,NA,50.2222222222222
"R_vIhfaTfarYBbxnP","LL",37.48,4,2,2,3,2,"HHHL","HL",25,33.3333333333333,NA,50.2222222222222
"R_vIhfaTfarYBbxnP","LL",37.48,4,2,2,3,2,"HHLH","HH",25,33.3333333333333,NA,50.5882352941176
"R_vIhfaTfarYBbxnP","LL",37.48,4,2,2,3,2,"HHLH","LH",10,40,NA,50
"R_vIhfaTfarYBbxnP","LL",37.48,4,2,2,3,2,"HHLL","HH",25,33.3333333333333,NA,50.625
"R_vIhfaTfarYBbxnP","LL",37.48,4,2,2,3,2,"HHLL","LL",10,40,NA,50
"R_vIhfaTfarYBbxnP","LL",37.48,4,2,2,3,2,"HLHL","HL",25,33.3333333333333,NA,50.2564102564103
"R_vIhfaTfarYBbxnP","LL",37.48,4,2,2,3,2,"HLLH","HL",25,33.3333333333333,NA,50.7142857142857
"R_vIhfaTfarYBbxnP","LL",37.48,4,2,2,3,2,"HLLH","LH",10,40,NA,50
"R_vIhfaTfarYBbxnP","LL",37.48,4,2,2,3,2,"HLLL","HL",25,33.3333333333333,NA,50
"R_vIhfaTfarYBbxnP","LL",37.48,4,2,2,3,2,"HLLL","LL",10,40,NA,50.7692307692308
"R_vIhfaTfarYBbxnP","LL",37.48,4,2,2,3,2,"LHLH","LH",25,100,NA,50.5882352941176
"R_vIhfaTfarYBbxnP","LL",37.48,4,2,2,3,2,"LHLL","LH",10,40,NA,50.6666666666667
"R_vIhfaTfarYBbxnP","LL",37.48,4,2,2,3,2,"LHLL","LL",10,40,NA,50.6666666666667
"R_vIhfaTfarYBbxnP","LL",37.48,4,2,2,3,2,"LLLL","LL",10,40,NA,50.7692307692308
"R_22QdTPBwpRvSfF4","LL",34.88,4,2,5,4,4,"HHHH","HH",75,100,NA,50.1960784313725
"R_22QdTPBwpRvSfF4","LL",34.88,4,2,5,4,4,"HHHL","HH",75,100,NA,50.2222222222222
"R_22QdTPBwpRvSfF4","LL",34.88,4,2,5,4,4,"HHHL","HL",75,100,NA,50.2222222222222
"R_22QdTPBwpRvSfF4","LL",34.88,4,2,5,4,4,"HHLH","HH",25,33.3333333333333,NA,59.4117647058824
"R_22QdTPBwpRvSfF4","LL",34.88,4,2,5,4,4,"HHLH","LH",25,100,NA,41.1764705882353
"R_22QdTPBwpRvSfF4","LL",34.88,4,2,5,4,4,"HHLL","HH",50,66.6666666666667,NA,68.75
"R_22QdTPBwpRvSfF4","LL",34.88,4,2,5,4,4,"HHLL","LL",5,20,NA,31.875
"R_22QdTPBwpRvSfF4","LL",34.88,4,2,5,4,4,"HLHL","HL",40,53.3333333333333,NA,50.2564102564103
"R_22QdTPBwpRvSfF4","LL",34.88,4,2,5,4,4,"HLLH","HL",25,33.3333333333333,NA,65
"R_22QdTPBwpRvSfF4","LL",34.88,4,2,5,4,4,"HLLH","LH",25,100,NA,35.7142857142857
"R_22QdTPBwpRvSfF4","LL",34.88,4,2,5,4,4,"HLLL","HL",35,46.6666666666667,NA,73.8461538461539
"R_22QdTPBwpRvSfF4","LL",34.88,4,2,5,4,4,"HLLL","LL",5,20,NA,26.9230769230769
"R_22QdTPBwpRvSfF4","LL",34.88,4,2,5,4,4,"LHLH","LH",20,80,NA,50.5882352941176
"R_22QdTPBwpRvSfF4","LL",34.88,4,2,5,4,4,"LHLL","LH",20,80,NA,50.6666666666667
"R_22QdTPBwpRvSfF4","LL",34.88,4,2,5,4,4,"LHLL","LL",25,100,NA,50.6666666666667
"R_22QdTPBwpRvSfF4","LL",34.88,4,2,5,4,4,"LLLL","LL",25,100,NA,50.7692307692308
"R_3KPDDmqSXWY2w2b","LL",12.55,1,1,4,4,4,"HHHH","HH",75,100,NA,50.1960784313725
"R_3KPDDmqSXWY2w2b","LL",12.55,1,1,4,4,4,"HHHL","HH",60,80,NA,51.5555555555556
"R_3KPDDmqSXWY2w2b","LL",12.55,1,1,4,4,4,"HHHL","HL",60,80,NA,48.8888888888889
"R_3KPDDmqSXWY2w2b","LL",12.55,1,1,4,4,4,"HHLH","HH",55,73.3333333333333,NA,64.7058823529412
"R_3KPDDmqSXWY2w2b","LL",12.55,1,1,4,4,4,"HHLH","LH",20,80,NA,35.8823529411765
"R_3KPDDmqSXWY2w2b","LL",12.55,1,1,4,4,4,"HHLL","HH",50,66.6666666666667,NA,75
"R_3KPDDmqSXWY2w2b","LL",12.55,1,1,4,4,4,"HHLL","LL",20,80,NA,25.625
"R_3KPDDmqSXWY2w2b","LL",12.55,1,1,4,4,4,"HLHL","HL",50,66.6666666666667,NA,50.2564102564103
"R_3KPDDmqSXWY2w2b","LL",12.55,1,1,4,4,4,"HLLH","HL",50,66.6666666666667,NA,67.8571428571429
"R_3KPDDmqSXWY2w2b","LL",12.55,1,1,4,4,4,"HLLH","LH",20,80,NA,32.8571428571429
"R_3KPDDmqSXWY2w2b","LL",12.55,1,1,4,4,4,"HLLL","HL",50,66.6666666666667,NA,69.2307692307692
"R_3KPDDmqSXWY2w2b","LL",12.55,1,1,4,4,4,"HLLL","LL",20,80,NA,31.5384615384615
"R_3KPDDmqSXWY2w2b","LL",12.55,1,1,4,4,4,"LHLH","LH",15,60,NA,50.5882352941176
"R_3KPDDmqSXWY2w2b","LL",12.55,1,1,4,4,4,"LHLL","LH",20,80,NA,53.3333333333333
"R_3KPDDmqSXWY2w2b","LL",12.55,1,1,4,4,4,"LHLL","LL",15,60,NA,48
"R_3KPDDmqSXWY2w2b","LL",12.55,1,1,4,4,4,"LLLL","LL",20,80,NA,50.7692307692308
"R_yCspAyyNihi8Sg9","LL",16.26,5,1,3,6,2,"HHHH","HH",50,66.6666666666667,NA,50.1960784313725
"R_yCspAyyNihi8Sg9","LL",16.26,5,1,3,6,2,"HHHL","HH",50,66.6666666666667,NA,50.2222222222222
"R_yCspAyyNihi8Sg9","LL",16.26,5,1,3,6,2,"HHHL","HL",50,66.6666666666667,NA,50.2222222222222
"R_yCspAyyNihi8Sg9","LL",16.26,5,1,3,6,2,"HHLH","HH",50,66.6666666666667,NA,50.5882352941176
"R_yCspAyyNihi8Sg9","LL",16.26,5,1,3,6,2,"HHLH","LH",25,100,NA,50
"R_yCspAyyNihi8Sg9","LL",16.26,5,1,3,6,2,"HHLL","HH",75,100,NA,50.625
"R_yCspAyyNihi8Sg9","LL",16.26,5,1,3,6,2,"HHLL","LL",0,0,NA,50
"R_yCspAyyNihi8Sg9","LL",16.26,5,1,3,6,2,"HLHL","HL",25,33.3333333333333,NA,50.2564102564103
"R_yCspAyyNihi8Sg9","LL",16.26,5,1,3,6,2,"HLLH","HL",25,33.3333333333333,NA,50.7142857142857
"R_yCspAyyNihi8Sg9","LL",16.26,5,1,3,6,2,"HLLH","LH",10,40,NA,50
"R_yCspAyyNihi8Sg9","LL",16.26,5,1,3,6,2,"HLLL","HL",50,66.6666666666667,NA,50.7692307692308
"R_yCspAyyNihi8Sg9","LL",16.26,5,1,3,6,2,"HLLL","LL",0,0,NA,50
"R_yCspAyyNihi8Sg9","LL",16.26,5,1,3,6,2,"LHLH","LH",5,20,NA,50.5882352941176
"R_yCspAyyNihi8Sg9","LL",16.26,5,1,3,6,2,"LHLL","LH",25,100,NA,50.6666666666667
"R_yCspAyyNihi8Sg9","LL",16.26,5,1,3,6,2,"LHLL","LL",0,0,NA,50.6666666666667
"R_yCspAyyNihi8Sg9","LL",16.26,5,1,3,6,2,"LLLL","LL",0,0,NA,50.7692307692308
"R_VVcDc2ataEQB8lP","LL",35.26,2,2,4,4,4,"HHHH","HH",75,100,NA,53.3333333333333
"R_VVcDc2ataEQB8lP","LL",35.26,2,2,4,4,4,"HHHL","HH",25,33.3333333333333,NA,49.3333333333333
"R_VVcDc2ataEQB8lP","LL",35.26,2,2,4,4,4,"HHHL","HL",25,33.3333333333333,NA,51.1111111111111
"R_VVcDc2ataEQB8lP","LL",35.26,2,2,4,4,4,"HHLH","HH",75,100,NA,41.1764705882353
"R_VVcDc2ataEQB8lP","LL",35.26,2,2,4,4,4,"HHLH","LH",25,100,NA,59.4117647058824
"R_VVcDc2ataEQB8lP","LL",35.26,2,2,4,4,4,"HHLL","HH",55,73.3333333333333,NA,63.125
"R_VVcDc2ataEQB8lP","LL",35.26,2,2,4,4,4,"HHLL","LL",25,100,NA,37.5
"R_VVcDc2ataEQB8lP","LL",35.26,2,2,4,4,4,"HLHL","HL",25,33.3333333333333,NA,77.4358974358974
"R_VVcDc2ataEQB8lP","LL",35.26,2,2,4,4,4,"HLLH","HL",25,33.3333333333333,NA,50
"R_VVcDc2ataEQB8lP","LL",35.26,2,2,4,4,4,"HLLH","LH",25,100,NA,50.7142857142857
"R_VVcDc2ataEQB8lP","LL",35.26,2,2,4,4,4,"HLLL","HL",75,100,NA,53.8461538461538
"R_VVcDc2ataEQB8lP","LL",35.26,2,2,4,4,4,"HLLL","LL",25,100,NA,46.9230769230769
"R_VVcDc2ataEQB8lP","LL",35.26,2,2,4,4,4,"LHLH","LH",25,100,NA,52.9411764705882
"R_VVcDc2ataEQB8lP","LL",35.26,2,2,4,4,4,"LHLL","LH",25,100,NA,40
"R_VVcDc2ataEQB8lP","LL",35.26,2,2,4,4,4,"LHLL","LL",25,100,NA,61.3333333333333
"R_VVcDc2ataEQB8lP","LL",35.26,2,2,4,4,4,"LLLL","LL",25,100,NA,50.7692307692308
"R_ZftcgaNG5XzYWGZ","LL",34.88,4,4,6,2,6,"HHHH","HH",75,100,NA,50.1960784313725
"R_ZftcgaNG5XzYWGZ","LL",34.88,4,4,6,2,6,"HHHL","HH",75,100,NA,50.2222222222222
"R_ZftcgaNG5XzYWGZ","LL",34.88,4,4,6,2,6,"HHHL","HL",75,100,NA,50.2222222222222
"R_ZftcgaNG5XzYWGZ","LL",34.88,4,4,6,2,6,"HHLH","HH",25,33.3333333333333,NA,50.2941176470588
"R_ZftcgaNG5XzYWGZ","LL",34.88,4,4,6,2,6,"HHLH","LH",25,100,NA,50.2941176470588
"R_ZftcgaNG5XzYWGZ","LL",34.88,4,4,6,2,6,"HHLL","HH",25,33.3333333333333,NA,50.3125
"R_ZftcgaNG5XzYWGZ","LL",34.88,4,4,6,2,6,"HHLL","LL",25,100,NA,50.3125
"R_ZftcgaNG5XzYWGZ","LL",34.88,4,4,6,2,6,"HLHL","HL",75,100,NA,50.2564102564103
"R_ZftcgaNG5XzYWGZ","LL",34.88,4,4,6,2,6,"HLLH","HL",25,33.3333333333333,NA,50.3571428571429
"R_ZftcgaNG5XzYWGZ","LL",34.88,4,4,6,2,6,"HLLH","LH",25,100,NA,50.3571428571429
"R_ZftcgaNG5XzYWGZ","LL",34.88,4,4,6,2,6,"HLLL","HL",25,33.3333333333333,NA,50.3846153846154
"R_ZftcgaNG5XzYWGZ","LL",34.88,4,4,6,2,6,"HLLL","LL",25,100,NA,50.3846153846154
"R_ZftcgaNG5XzYWGZ","LL",34.88,4,4,6,2,6,"LHLH","LH",25,100,NA,50.5882352941176
"R_ZftcgaNG5XzYWGZ","LL",34.88,4,4,6,2,6,"LHLL","LH",25,100,NA,50.6666666666667
"R_ZftcgaNG5XzYWGZ","LL",34.88,4,4,6,2,6,"LHLL","LL",25,100,NA,50.6666666666667
"R_ZftcgaNG5XzYWGZ","LL",34.88,4,4,6,2,6,"LLLL","LL",25,100,NA,50.7692307692308
"R_PIk1FFlybfnDyk9","LL",37.09,4,1,2,4,1,"HHHH","HH",75,100,NA,50.1960784313725
"R_PIk1FFlybfnDyk9","LL",37.09,4,1,2,4,1,"HHHL","HH",75,100,NA,50.2222222222222
"R_PIk1FFlybfnDyk9","LL",37.09,4,1,2,4,1,"HHHL","HL",75,100,NA,50.2222222222222
"R_PIk1FFlybfnDyk9","LL",37.09,4,1,2,4,1,"HHLH","HH",75,100,NA,50.5882352941176
"R_PIk1FFlybfnDyk9","LL",37.09,4,1,2,4,1,"HHLH","LH",25,100,NA,50
"R_PIk1FFlybfnDyk9","LL",37.09,4,1,2,4,1,"HHLL","HH",75,100,NA,50.625
"R_PIk1FFlybfnDyk9","LL",37.09,4,1,2,4,1,"HHLL","LL",25,100,NA,50
"R_PIk1FFlybfnDyk9","LL",37.09,4,1,2,4,1,"HLHL","HL",75,100,NA,50.2564102564103
"R_PIk1FFlybfnDyk9","LL",37.09,4,1,2,4,1,"HLLH","HL",75,100,NA,50.7142857142857
"R_PIk1FFlybfnDyk9","LL",37.09,4,1,2,4,1,"HLLH","LH",25,100,NA,50
"R_PIk1FFlybfnDyk9","LL",37.09,4,1,2,4,1,"HLLL","HL",75,100,NA,50.7692307692308
"R_PIk1FFlybfnDyk9","LL",37.09,4,1,2,4,1,"HLLL","LL",25,100,NA,50
"R_PIk1FFlybfnDyk9","LL",37.09,4,1,2,4,1,"LHLH","LH",25,100,NA,50.5882352941176
"R_PIk1FFlybfnDyk9","LL",37.09,4,1,2,4,1,"LHLL","LH",25,100,NA,50.6666666666667
"R_PIk1FFlybfnDyk9","LL",37.09,4,1,2,4,1,"LHLL","LL",25,100,NA,50.6666666666667
"R_PIk1FFlybfnDyk9","LL",37.09,4,1,2,4,1,"LLLL","LL",25,100,NA,50.7692307692308
"R_1hYXvvGQ2oTIak2","LL",37.01,3,2,4,5,3,"HHHH","HH",75,100,NA,50.1960784313725
"R_1hYXvvGQ2oTIak2","LL",37.01,3,2,4,5,3,"HHHL","HH",25,33.3333333333333,NA,50.2222222222222
"R_1hYXvvGQ2oTIak2","LL",37.01,3,2,4,5,3,"HHHL","HL",50,66.6666666666667,NA,50.2222222222222
"R_1hYXvvGQ2oTIak2","LL",37.01,3,2,4,5,3,"HHLH","HH",75,100,NA,69.4117647058823
"R_1hYXvvGQ2oTIak2","LL",37.01,3,2,4,5,3,"HHLH","LH",25,100,NA,31.1764705882353
"R_1hYXvvGQ2oTIak2","LL",37.01,3,2,4,5,3,"HHLL","HH",50,66.6666666666667,NA,69.375
"R_1hYXvvGQ2oTIak2","LL",37.01,3,2,4,5,3,"HHLL","LL",25,100,NA,31.25
"R_1hYXvvGQ2oTIak2","LL",37.01,3,2,4,5,3,"HLHL","HL",75,100,NA,50.2564102564103
"R_1hYXvvGQ2oTIak2","LL",37.01,3,2,4,5,3,"HLLH","HL",50,66.6666666666667,NA,29.2857142857143
"R_1hYXvvGQ2oTIak2","LL",37.01,3,2,4,5,3,"HLLH","LH",25,100,NA,71.4285714285714
"R_1hYXvvGQ2oTIak2","LL",37.01,3,2,4,5,3,"HLLL","HL",75,100,NA,31.5384615384615
"R_1hYXvvGQ2oTIak2","LL",37.01,3,2,4,5,3,"HLLL","LL",25,100,NA,69.2307692307692
"R_1hYXvvGQ2oTIak2","LL",37.01,3,2,4,5,3,"LHLH","LH",25,100,NA,50.5882352941176
"R_1hYXvvGQ2oTIak2","LL",37.01,3,2,4,5,3,"LHLL","LH",25,100,NA,50.6666666666667
"R_1hYXvvGQ2oTIak2","LL",37.01,3,2,4,5,3,"LHLL","LL",20,80,NA,50.6666666666667
"R_1hYXvvGQ2oTIak2","LL",37.01,3,2,4,5,3,"LLLL","LL",25,100,NA,50.7692307692308
"R_UtgwMD8jL33PWSd","LL",34.88,4,2,4,4,4,"HHHH","HH",25,33.3333333333333,NA,50.1960784313725
"R_UtgwMD8jL33PWSd","LL",34.88,4,2,4,4,4,"HHHL","HH",25,33.3333333333333,NA,50.2222222222222
"R_UtgwMD8jL33PWSd","LL",34.88,4,2,4,4,4,"HHHL","HL",15,20,NA,50.2222222222222
"R_UtgwMD8jL33PWSd","LL",34.88,4,2,4,4,4,"HHLH","HH",25,33.3333333333333,NA,64.7058823529412
"R_UtgwMD8jL33PWSd","LL",34.88,4,2,4,4,4,"HHLH","LH",10,40,NA,35.8823529411765
"R_UtgwMD8jL33PWSd","LL",34.88,4,2,4,4,4,"HHLL","HH",25,33.3333333333333,NA,62.5
"R_UtgwMD8jL33PWSd","LL",34.88,4,2,4,4,4,"HHLL","LL",0,0,NA,38.125
"R_UtgwMD8jL33PWSd","LL",34.88,4,2,4,4,4,"HLHL","HL",25,33.3333333333333,NA,50.2564102564103
"R_UtgwMD8jL33PWSd","LL",34.88,4,2,4,4,4,"HLLH","HL",25,33.3333333333333,NA,72.1428571428571
"R_UtgwMD8jL33PWSd","LL",34.88,4,2,4,4,4,"HLLH","LH",5,20,NA,28.5714285714286
"R_UtgwMD8jL33PWSd","LL",34.88,4,2,4,4,4,"HLLL","HL",25,33.3333333333333,NA,69.2307692307692
"R_UtgwMD8jL33PWSd","LL",34.88,4,2,4,4,4,"HLLL","LL",5,20,NA,31.5384615384615
"R_UtgwMD8jL33PWSd","LL",34.88,4,2,4,4,4,"LHLH","LH",10,40,NA,50.5882352941176
"R_UtgwMD8jL33PWSd","LL",34.88,4,2,4,4,4,"LHLL","LH",5,20,NA,54.6666666666667
"R_UtgwMD8jL33PWSd","LL",34.88,4,2,4,4,4,"LHLL","LL",0,0,NA,46.6666666666667
"R_UtgwMD8jL33PWSd","LL",34.88,4,2,4,4,4,"LLLL","LL",0,0,NA,50.7692307692308
"R_3NPRhbAgaw3OLYS","LL",-16.26,4,3,7,4,7,"HHHH","HH",25,33.3333333333333,NA,50.1960784313725
"R_3NPRhbAgaw3OLYS","LL",-16.26,4,3,7,4,7,"HHHL","HH",35,46.6666666666667,NA,82.6666666666667
"R_3NPRhbAgaw3OLYS","LL",-16.26,4,3,7,4,7,"HHHL","HL",30,40,NA,17.7777777777778
"R_3NPRhbAgaw3OLYS","LL",-16.26,4,3,7,4,7,"HHLH","HH",15,20,NA,75.2941176470588
"R_3NPRhbAgaw3OLYS","LL",-16.26,4,3,7,4,7,"HHLH","LH",10,40,NA,25.2941176470588
"R_3NPRhbAgaw3OLYS","LL",-16.26,4,3,7,4,7,"HHLL","HH",20,26.6666666666667,NA,62.5
"R_3NPRhbAgaw3OLYS","LL",-16.26,4,3,7,4,7,"HHLL","LL",5,20,NA,38.125
"R_3NPRhbAgaw3OLYS","LL",-16.26,4,3,7,4,7,"HLHL","HL",10,13.3333333333333,NA,50.2564102564103
"R_3NPRhbAgaw3OLYS","LL",-16.26,4,3,7,4,7,"HLLH","HL",40,53.3333333333333,NA,71.4285714285714
"R_3NPRhbAgaw3OLYS","LL",-16.26,4,3,7,4,7,"HLLH","LH",20,80,NA,29.2857142857143
"R_3NPRhbAgaw3OLYS","LL",-16.26,4,3,7,4,7,"HLLL","HL",10,13.3333333333333,NA,62.3076923076923
"R_3NPRhbAgaw3OLYS","LL",-16.26,4,3,7,4,7,"HLLL","LL",15,60,NA,38.4615384615385
"R_3NPRhbAgaw3OLYS","LL",-16.26,4,3,7,4,7,"LHLH","LH",10,40,NA,50.5882352941176
"R_3NPRhbAgaw3OLYS","LL",-16.26,4,3,7,4,7,"LHLL","LH",15,60,NA,74.6666666666667
"R_3NPRhbAgaw3OLYS","LL",-16.26,4,3,7,4,7,"LHLL","LL",10,40,NA,26.6666666666667
"R_3NPRhbAgaw3OLYS","LL",-16.26,4,3,7,4,7,"LLLL","LL",10,40,NA,50.7692307692308
"R_0OjEIaunoe5Ya0F","LL",34.88,4,1,3,3,3,"HHHH","HH",25,33.3333333333333,NA,50.1960784313725
"R_0OjEIaunoe5Ya0F","LL",34.88,4,1,3,3,3,"HHHL","HH",25,33.3333333333333,NA,50.2222222222222
"R_0OjEIaunoe5Ya0F","LL",34.88,4,1,3,3,3,"HHHL","HL",20,26.6666666666667,NA,50.2222222222222
"R_0OjEIaunoe5Ya0F","LL",34.88,4,1,3,3,3,"HHLH","HH",25,33.3333333333333,NA,70.5882352941177
"R_0OjEIaunoe5Ya0F","LL",34.88,4,1,3,3,3,"HHLH","LH",0,0,NA,30
"R_0OjEIaunoe5Ya0F","LL",34.88,4,1,3,3,3,"HHLL","HH",25,33.3333333333333,NA,62.5
"R_0OjEIaunoe5Ya0F","LL",34.88,4,1,3,3,3,"HHLL","LL",0,0,NA,38.125
"R_0OjEIaunoe5Ya0F","LL",34.88,4,1,3,3,3,"HLHL","HL",15,20,NA,50.2564102564103
"R_0OjEIaunoe5Ya0F","LL",34.88,4,1,3,3,3,"HLLH","HL",15,20,NA,70
"R_0OjEIaunoe5Ya0F","LL",34.88,4,1,3,3,3,"HLLH","LH",5,20,NA,30.7142857142857
"R_0OjEIaunoe5Ya0F","LL",34.88,4,1,3,3,3,"HLLL","HL",20,26.6666666666667,NA,61.5384615384615
"R_0OjEIaunoe5Ya0F","LL",34.88,4,1,3,3,3,"HLLL","LL",0,0,NA,39.2307692307692
"R_0OjEIaunoe5Ya0F","LL",34.88,4,1,3,3,3,"LHLH","LH",5,20,NA,50.5882352941176
"R_0OjEIaunoe5Ya0F","LL",34.88,4,1,3,3,3,"LHLL","LH",5,20,NA,57.3333333333333
"R_0OjEIaunoe5Ya0F","LL",34.88,4,1,3,3,3,"LHLL","LL",5,20,NA,44
"R_0OjEIaunoe5Ya0F","LL",34.88,4,1,3,3,3,"LLLL","LL",5,20,NA,50.7692307692308
"R_1onZdofHtnk8Rzq","LL",7.82,4,2,2,2,2,"HHHH","HH",20,26.6666666666667,NA,50.1960784313725
"R_1onZdofHtnk8Rzq","LL",7.82,4,2,2,2,2,"HHHL","HH",30,40,NA,50.2222222222222
"R_1onZdofHtnk8Rzq","LL",7.82,4,2,2,2,2,"HHHL","HL",20,26.6666666666667,NA,50.2222222222222
"R_1onZdofHtnk8Rzq","LL",7.82,4,2,2,2,2,"HHLH","HH",20,26.6666666666667,NA,50.5882352941176
"R_1onZdofHtnk8Rzq","LL",7.82,4,2,2,2,2,"HHLH","LH",10,40,NA,50
"R_1onZdofHtnk8Rzq","LL",7.82,4,2,2,2,2,"HHLL","HH",30,40,NA,50.625
"R_1onZdofHtnk8Rzq","LL",7.82,4,2,2,2,2,"HHLL","LL",5,20,NA,50
"R_1onZdofHtnk8Rzq","LL",7.82,4,2,2,2,2,"HLHL","HL",20,26.6666666666667,NA,50.2564102564103
"R_1onZdofHtnk8Rzq","LL",7.82,4,2,2,2,2,"HLLH","HL",20,26.6666666666667,NA,50
"R_1onZdofHtnk8Rzq","LL",7.82,4,2,2,2,2,"HLLH","LH",10,40,NA,50.7142857142857
"R_1onZdofHtnk8Rzq","LL",7.82,4,2,2,2,2,"HLLL","HL",20,26.6666666666667,NA,50.7692307692308
"R_1onZdofHtnk8Rzq","LL",7.82,4,2,2,2,2,"HLLL","LL",5,20,NA,50
"R_1onZdofHtnk8Rzq","LL",7.82,4,2,2,2,2,"LHLH","LH",10,40,NA,50.5882352941176
"R_1onZdofHtnk8Rzq","LL",7.82,4,2,2,2,2,"LHLL","LH",10,40,NA,50.6666666666667
"R_1onZdofHtnk8Rzq","LL",7.82,4,2,2,2,2,"LHLL","LL",5,20,NA,50.6666666666667
"R_1onZdofHtnk8Rzq","LL",7.82,4,2,2,2,2,"LLLL","LL",5,20,NA,50.7692307692308
"R_1hG5bzA1eptYrNK","LL",-16.26,1,5,4,6,4,"HHHH","HH",60,80,NA,50.1960784313725
"R_1hG5bzA1eptYrNK","LL",-16.26,1,5,4,6,4,"HHHL","HH",60,80,NA,50.2222222222222
"R_1hG5bzA1eptYrNK","LL",-16.26,1,5,4,6,4,"HHHL","HL",60,80,NA,50.2222222222222
"R_1hG5bzA1eptYrNK","LL",-16.26,1,5,4,6,4,"HHLH","HH",60,80,NA,50.2941176470588
"R_1hG5bzA1eptYrNK","LL",-16.26,1,5,4,6,4,"HHLH","LH",15,60,NA,50.2941176470588
"R_1hG5bzA1eptYrNK","LL",-16.26,1,5,4,6,4,"HHLL","HH",50,66.6666666666667,NA,50.3125
"R_1hG5bzA1eptYrNK","LL",-16.26,1,5,4,6,4,"HHLL","LL",15,60,NA,50.3125
"R_1hG5bzA1eptYrNK","LL",-16.26,1,5,4,6,4,"HLHL","HL",60,80,NA,50.2564102564103
"R_1hG5bzA1eptYrNK","LL",-16.26,1,5,4,6,4,"HLLH","HL",50,66.6666666666667,NA,50.3571428571429
"R_1hG5bzA1eptYrNK","LL",-16.26,1,5,4,6,4,"HLLH","LH",15,60,NA,50.3571428571429
"R_1hG5bzA1eptYrNK","LL",-16.26,1,5,4,6,4,"HLLL","HL",50,66.6666666666667,NA,50.3846153846154
"R_1hG5bzA1eptYrNK","LL",-16.26,1,5,4,6,4,"HLLL","LL",15,60,NA,50.3846153846154
"R_1hG5bzA1eptYrNK","LL",-16.26,1,5,4,6,4,"LHLH","LH",20,80,NA,50.5882352941176
"R_1hG5bzA1eptYrNK","LL",-16.26,1,5,4,6,4,"LHLL","LH",15,60,NA,50.6666666666667
"R_1hG5bzA1eptYrNK","LL",-16.26,1,5,4,6,4,"LHLL","LL",15,60,NA,50.6666666666667
"R_1hG5bzA1eptYrNK","LL",-16.26,1,5,4,6,4,"LLLL","LL",15,60,NA,50.7692307692308
"R_28HiKYCufF9pubN","LL",37.01,2,3,5,3,5,"HHHH","HH",50,66.6666666666667,NA,50.1960784313725
"R_28HiKYCufF9pubN","LL",37.01,2,3,5,3,5,"HHHL","HH",50,66.6666666666667,NA,50.2222222222222
"R_28HiKYCufF9pubN","LL",37.01,2,3,5,3,5,"HHHL","HL",50,66.6666666666667,NA,50.2222222222222
"R_28HiKYCufF9pubN","LL",37.01,2,3,5,3,5,"HHLH","HH",50,66.6666666666667,NA,71.1764705882353
"R_28HiKYCufF9pubN","LL",37.01,2,3,5,3,5,"HHLH","LH",15,60,NA,29.4117647058824
"R_28HiKYCufF9pubN","LL",37.01,2,3,5,3,5,"HHLL","HH",50,66.6666666666667,NA,69.375
"R_28HiKYCufF9pubN","LL",37.01,2,3,5,3,5,"HHLL","LL",10,40,NA,31.25
"R_28HiKYCufF9pubN","LL",37.01,2,3,5,3,5,"HLHL","HL",50,66.6666666666667,NA,50.2564102564103
"R_28HiKYCufF9pubN","LL",37.01,2,3,5,3,5,"HLLH","HL",25,33.3333333333333,NA,65
"R_28HiKYCufF9pubN","LL",37.01,2,3,5,3,5,"HLLH","LH",15,60,NA,35.7142857142857
"R_28HiKYCufF9pubN","LL",37.01,2,3,5,3,5,"HLLL","HL",50,66.6666666666667,NA,69.2307692307692
"R_28HiKYCufF9pubN","LL",37.01,2,3,5,3,5,"HLLL","LL",15,60,NA,31.5384615384615
"R_28HiKYCufF9pubN","LL",37.01,2,3,5,3,5,"LHLH","LH",15,60,NA,50.5882352941176
"R_28HiKYCufF9pubN","LL",37.01,2,3,5,3,5,"LHLL","LH",15,60,NA,50.6666666666667
"R_28HiKYCufF9pubN","LL",37.01,2,3,5,3,5,"LHLL","LL",15,60,NA,50.6666666666667
"R_28HiKYCufF9pubN","LL",37.01,2,3,5,3,5,"LLLL","LL",15,60,NA,50.7692307692308
"R_qC06ibaxHxA8C3f","LL",37.48,4,1,2,2,1,"HHHH","HH",75,100,NA,50.1960784313725
"R_qC06ibaxHxA8C3f","LL",37.48,4,1,2,2,1,"HHHL","HH",75,100,NA,50.2222222222222
"R_qC06ibaxHxA8C3f","LL",37.48,4,1,2,2,1,"HHHL","HL",75,100,NA,50.2222222222222
"R_qC06ibaxHxA8C3f","LL",37.48,4,1,2,2,1,"HHLH","HH",75,100,NA,62.3529411764706
"R_qC06ibaxHxA8C3f","LL",37.48,4,1,2,2,1,"HHLH","LH",25,100,NA,38.2352941176471
"R_qC06ibaxHxA8C3f","LL",37.48,4,1,2,2,1,"HHLL","HH",75,100,NA,62.5
"R_qC06ibaxHxA8C3f","LL",37.48,4,1,2,2,1,"HHLL","LL",25,100,NA,38.125
"R_qC06ibaxHxA8C3f","LL",37.48,4,1,2,2,1,"HLHL","HL",75,100,NA,50.2564102564103
"R_qC06ibaxHxA8C3f","LL",37.48,4,1,2,2,1,"HLLH","HL",65,86.6666666666667,NA,65
"R_qC06ibaxHxA8C3f","LL",37.48,4,1,2,2,1,"HLLH","LH",25,100,NA,35.7142857142857
"R_qC06ibaxHxA8C3f","LL",37.48,4,1,2,2,1,"HLLL","HL",60,80,NA,69.2307692307692
"R_qC06ibaxHxA8C3f","LL",37.48,4,1,2,2,1,"HLLL","LL",25,100,NA,31.5384615384615
"R_qC06ibaxHxA8C3f","LL",37.48,4,1,2,2,1,"LHLH","LH",25,100,NA,50.5882352941176
"R_qC06ibaxHxA8C3f","LL",37.48,4,1,2,2,1,"LHLL","LH",25,100,NA,50.6666666666667
"R_qC06ibaxHxA8C3f","LL",37.48,4,1,2,2,1,"LHLL","LL",25,100,NA,50.6666666666667
"R_qC06ibaxHxA8C3f","LL",37.48,4,1,2,2,1,"LLLL","LL",25,100,NA,50.7692307692308
"R_SNweaDetwXJuZTX","LL",7.82,3,2,3,3,3,"HHHH","HH",15,20,NA,50.1960784313725
"R_SNweaDetwXJuZTX","LL",7.82,3,2,3,3,3,"HHHL","HH",15,20,NA,50.2222222222222
"R_SNweaDetwXJuZTX","LL",7.82,3,2,3,3,3,"HHHL","HL",15,20,NA,50.2222222222222
"R_SNweaDetwXJuZTX","LL",7.82,3,2,3,3,3,"HHLH","HH",15,20,NA,44.7058823529412
"R_SNweaDetwXJuZTX","LL",7.82,3,2,3,3,3,"HHLH","LH",5,20,NA,55.8823529411765
"R_SNweaDetwXJuZTX","LL",7.82,3,2,3,3,3,"HHLL","HH",15,20,NA,41.25
"R_SNweaDetwXJuZTX","LL",7.82,3,2,3,3,3,"HHLL","LL",5,20,NA,59.375
"R_SNweaDetwXJuZTX","LL",7.82,3,2,3,3,3,"HLHL","HL",15,20,NA,50.2564102564103
"R_SNweaDetwXJuZTX","LL",7.82,3,2,3,3,3,"HLLH","HL",15,20,NA,36.4285714285714
"R_SNweaDetwXJuZTX","LL",7.82,3,2,3,3,3,"HLLH","LH",5,20,NA,64.2857142857143
"R_SNweaDetwXJuZTX","LL",7.82,3,2,3,3,3,"HLLL","HL",15,20,NA,39.2307692307692
"R_SNweaDetwXJuZTX","LL",7.82,3,2,3,3,3,"HLLL","LL",5,20,NA,61.5384615384615
"R_SNweaDetwXJuZTX","LL",7.82,3,2,3,3,3,"LHLH","LH",5,20,NA,50.5882352941176
"R_SNweaDetwXJuZTX","LL",7.82,3,2,3,3,3,"LHLL","LH",5,20,NA,50.6666666666667
"R_SNweaDetwXJuZTX","LL",7.82,3,2,3,3,3,"LHLL","LL",5,20,NA,50.6666666666667
"R_SNweaDetwXJuZTX","LL",7.82,3,2,3,3,3,"LLLL","LL",5,20,NA,50.7692307692308
"R_Au4rdAo4RS8bkmR","LL",34.93,2,2,3,3,5,"HHHH","HH",72,96,NA,47.0588235294118
"R_Au4rdAo4RS8bkmR","LL",34.93,2,2,3,3,5,"HHHL","HH",60,80,NA,88.8888888888889
"R_Au4rdAo4RS8bkmR","LL",34.93,2,2,3,3,5,"HHHL","HL",60,80,NA,11.5555555555556
"R_Au4rdAo4RS8bkmR","LL",34.93,2,2,3,3,5,"HHLH","HH",69,92,NA,70.5882352941177
"R_Au4rdAo4RS8bkmR","LL",34.93,2,2,3,3,5,"HHLH","LH",17,68,NA,30
"R_Au4rdAo4RS8bkmR","LL",34.93,2,2,3,3,5,"HHLL","HH",65,86.6666666666667,NA,75.625
"R_Au4rdAo4RS8bkmR","LL",34.93,2,2,3,3,5,"HHLL","LL",19,76,NA,25
"R_Au4rdAo4RS8bkmR","LL",34.93,2,2,3,3,5,"HLHL","HL",66,88,NA,51.2820512820513
"R_Au4rdAo4RS8bkmR","LL",34.93,2,2,3,3,5,"HLLH","HL",68,90.6666666666667,NA,29.2857142857143
"R_Au4rdAo4RS8bkmR","LL",34.93,2,2,3,3,5,"HLLH","LH",20,80,NA,71.4285714285714
"R_Au4rdAo4RS8bkmR","LL",34.93,2,2,3,3,5,"HLLL","HL",66,88,NA,76.9230769230769
"R_Au4rdAo4RS8bkmR","LL",34.93,2,2,3,3,5,"HLLL","LL",16,64,NA,23.8461538461538
"R_Au4rdAo4RS8bkmR","LL",34.93,2,2,3,3,5,"LHLH","LH",17,68,NA,50.5882352941176
"R_Au4rdAo4RS8bkmR","LL",34.93,2,2,3,3,5,"LHLL","LH",24,96,NA,66.6666666666667
"R_Au4rdAo4RS8bkmR","LL",34.93,2,2,3,3,5,"LHLL","LL",21,84,NA,34.6666666666667
"R_Au4rdAo4RS8bkmR","LL",34.93,2,2,3,3,5,"LLLL","LL",20,80,NA,49.2307692307692
"R_b7uj0tuqnzkrhXH","LL",7.82,5,1,1,1,1,"HHHH","HH",75,100,NA,50.1960784313725
"R_b7uj0tuqnzkrhXH","LL",7.82,5,1,1,1,1,"HHHL","HH",75,100,NA,56
"R_b7uj0tuqnzkrhXH","LL",7.82,5,1,1,1,1,"HHHL","HL",75,100,NA,44.4444444444444
"R_b7uj0tuqnzkrhXH","LL",7.82,5,1,1,1,1,"HHLH","HH",75,100,NA,64.7058823529412
"R_b7uj0tuqnzkrhXH","LL",7.82,5,1,1,1,1,"HHLH","LH",25,100,NA,35.8823529411765
"R_b7uj0tuqnzkrhXH","LL",7.82,5,1,1,1,1,"HHLL","HH",75,100,NA,62.5
"R_b7uj0tuqnzkrhXH","LL",7.82,5,1,1,1,1,"HHLL","LL",25,100,NA,38.125
"R_b7uj0tuqnzkrhXH","LL",7.82,5,1,1,1,1,"HLHL","HL",75,100,NA,50.2564102564103
"R_b7uj0tuqnzkrhXH","LL",7.82,5,1,1,1,1,"HLLH","HL",75,100,NA,71.4285714285714
"R_b7uj0tuqnzkrhXH","LL",7.82,5,1,1,1,1,"HLLH","LH",25,100,NA,29.2857142857143
"R_b7uj0tuqnzkrhXH","LL",7.82,5,1,1,1,1,"HLLL","HL",50,66.6666666666667,NA,69.2307692307692
"R_b7uj0tuqnzkrhXH","LL",7.82,5,1,1,1,1,"HLLL","LL",25,100,NA,31.5384615384615
"R_b7uj0tuqnzkrhXH","LL",7.82,5,1,1,1,1,"LHLH","LH",25,100,NA,50.5882352941176
"R_b7uj0tuqnzkrhXH","LL",7.82,5,1,1,1,1,"LHLL","LH",25,100,NA,60
"R_b7uj0tuqnzkrhXH","LL",7.82,5,1,1,1,1,"LHLL","LL",25,100,NA,41.3333333333333
"R_b7uj0tuqnzkrhXH","LL",7.82,5,1,1,1,1,"LLLL","LL",25,100,NA,50.7692307692308
"R_1hTsDydQCqeHcus","LL",7.82,4,2,3,6,1,"HHHH","HH",35,46.6666666666667,NA,50.1960784313725
"R_1hTsDydQCqeHcus","LL",7.82,4,2,3,6,1,"HHHL","HH",35,46.6666666666667,NA,50.2222222222222
"R_1hTsDydQCqeHcus","LL",7.82,4,2,3,6,1,"HHHL","HL",35,46.6666666666667,NA,50.2222222222222
"R_1hTsDydQCqeHcus","LL",7.82,4,2,3,6,1,"HHLH","HH",35,46.6666666666667,NA,58.8235294117647
"R_1hTsDydQCqeHcus","LL",7.82,4,2,3,6,1,"HHLH","LH",10,40,NA,41.7647058823529
"R_1hTsDydQCqeHcus","LL",7.82,4,2,3,6,1,"HHLL","HH",35,46.6666666666667,NA,62.5
"R_1hTsDydQCqeHcus","LL",7.82,4,2,3,6,1,"HHLL","LL",10,40,NA,38.125
"R_1hTsDydQCqeHcus","LL",7.82,4,2,3,6,1,"HLHL","HL",35,46.6666666666667,NA,50.2564102564103
"R_1hTsDydQCqeHcus","LL",7.82,4,2,3,6,1,"HLLH","HL",35,46.6666666666667,NA,70
"R_1hTsDydQCqeHcus","LL",7.82,4,2,3,6,1,"HLLH","LH",10,40,NA,30.7142857142857
"R_1hTsDydQCqeHcus","LL",7.82,4,2,3,6,1,"HLLL","HL",35,46.6666666666667,NA,75.3846153846154
"R_1hTsDydQCqeHcus","LL",7.82,4,2,3,6,1,"HLLL","LL",10,40,NA,25.3846153846154
"R_1hTsDydQCqeHcus","LL",7.82,4,2,3,6,1,"LHLH","LH",10,40,NA,50.5882352941176
"R_1hTsDydQCqeHcus","LL",7.82,4,2,3,6,1,"LHLL","LH",10,40,NA,50.6666666666667
"R_1hTsDydQCqeHcus","LL",7.82,4,2,3,6,1,"LHLL","LL",10,40,NA,50.6666666666667
"R_1hTsDydQCqeHcus","LL",7.82,4,2,3,6,1,"LLLL","LL",10,40,NA,50.7692307692308
"R_2ymjSrBgJVAoqEZ","LL",28.73,3,3,4,3,6,"HHHH","HH",75,100,NA,50.1960784313725
"R_2ymjSrBgJVAoqEZ","LL",28.73,3,3,4,3,6,"HHHL","HH",75,100,NA,54.6666666666667
"R_2ymjSrBgJVAoqEZ","LL",28.73,3,3,4,3,6,"HHHL","HL",75,100,NA,45.7777777777778
"R_2ymjSrBgJVAoqEZ","LL",28.73,3,3,4,3,6,"HHLH","HH",25,33.3333333333333,NA,71.1764705882353
"R_2ymjSrBgJVAoqEZ","LL",28.73,3,3,4,3,6,"HHLH","LH",25,100,NA,29.4117647058824
"R_2ymjSrBgJVAoqEZ","LL",28.73,3,3,4,3,6,"HHLL","HH",25,33.3333333333333,NA,63.125
"R_2ymjSrBgJVAoqEZ","LL",28.73,3,3,4,3,6,"HHLL","LL",25,100,NA,37.5
"R_2ymjSrBgJVAoqEZ","LL",28.73,3,3,4,3,6,"HLHL","HL",75,100,NA,50.2564102564103
"R_2ymjSrBgJVAoqEZ","LL",28.73,3,3,4,3,6,"HLLH","HL",50,66.6666666666667,NA,65
"R_2ymjSrBgJVAoqEZ","LL",28.73,3,3,4,3,6,"HLLH","LH",25,100,NA,35.7142857142857
"R_2ymjSrBgJVAoqEZ","LL",28.73,3,3,4,3,6,"HLLL","HL",50,66.6666666666667,NA,73.0769230769231
"R_2ymjSrBgJVAoqEZ","LL",28.73,3,3,4,3,6,"HLLL","LL",25,100,NA,27.6923076923077
"R_2ymjSrBgJVAoqEZ","LL",28.73,3,3,4,3,6,"LHLH","LH",25,100,NA,50.5882352941176
"R_2ymjSrBgJVAoqEZ","LL",28.73,3,3,4,3,6,"LHLL","LH",25,100,NA,57.3333333333333
"R_2ymjSrBgJVAoqEZ","LL",28.73,3,3,4,3,6,"LHLL","LL",25,100,NA,44
"R_2ymjSrBgJVAoqEZ","LL",28.73,3,3,4,3,6,"LLLL","LL",25,100,NA,50.7692307692308
"R_1LTkKKPIKetMfGH","LL",7.82,4,1,4,4,4,"HHHH","HH",35,46.6666666666667,NA,50.1960784313725
"R_1LTkKKPIKetMfGH","LL",7.82,4,1,4,4,4,"HHHL","HH",35,46.6666666666667,NA,56.8888888888889
"R_1LTkKKPIKetMfGH","LL",7.82,4,1,4,4,4,"HHHL","HL",25,33.3333333333333,NA,43.5555555555556
"R_1LTkKKPIKetMfGH","LL",7.82,4,1,4,4,4,"HHLH","HH",35,46.6666666666667,NA,50.5882352941176
"R_1LTkKKPIKetMfGH","LL",7.82,4,1,4,4,4,"HHLH","LH",20,80,NA,50
"R_1LTkKKPIKetMfGH","LL",7.82,4,1,4,4,4,"HHLL","HH",35,46.6666666666667,NA,50.625
"R_1LTkKKPIKetMfGH","LL",7.82,4,1,4,4,4,"HHLL","LL",20,80,NA,50
"R_1LTkKKPIKetMfGH","LL",7.82,4,1,4,4,4,"HLHL","HL",30,40,NA,50.2564102564103
"R_1LTkKKPIKetMfGH","LL",7.82,4,1,4,4,4,"HLLH","HL",30,40,NA,50.7142857142857
"R_1LTkKKPIKetMfGH","LL",7.82,4,1,4,4,4,"HLLH","LH",20,80,NA,50
"R_1LTkKKPIKetMfGH","LL",7.82,4,1,4,4,4,"HLLL","HL",35,46.6666666666667,NA,50.7692307692308
"R_1LTkKKPIKetMfGH","LL",7.82,4,1,4,4,4,"HLLL","LL",20,80,NA,50
"R_1LTkKKPIKetMfGH","LL",7.82,4,1,4,4,4,"LHLH","LH",20,80,NA,50.5882352941176
"R_1LTkKKPIKetMfGH","LL",7.82,4,1,4,4,4,"LHLL","LH",20,80,NA,57.3333333333333
"R_1LTkKKPIKetMfGH","LL",7.82,4,1,4,4,4,"LHLL","LL",15,60,NA,44
"R_1LTkKKPIKetMfGH","LL",7.82,4,1,4,4,4,"LLLL","LL",15,60,NA,50.7692307692308
"R_10usrQiM85lxP91","LL",35.21,3,2,4,5,4,"HHHH","HH",40,53.3333333333333,NA,50.1960784313725
"R_10usrQiM85lxP91","LL",35.21,3,2,4,5,4,"HHHL","HH",35,46.6666666666667,NA,48
"R_10usrQiM85lxP91","LL",35.21,3,2,4,5,4,"HHHL","HL",35,46.6666666666667,NA,52.4444444444444
"R_10usrQiM85lxP91","LL",35.21,3,2,4,5,4,"HHLH","HH",40,53.3333333333333,NA,70.5882352941177
"R_10usrQiM85lxP91","LL",35.21,3,2,4,5,4,"HHLH","LH",12,48,NA,30
"R_10usrQiM85lxP91","LL",35.21,3,2,4,5,4,"HHLL","HH",40,53.3333333333333,NA,62.5
"R_10usrQiM85lxP91","LL",35.21,3,2,4,5,4,"HHLL","LL",10,40,NA,38.125
"R_10usrQiM85lxP91","LL",35.21,3,2,4,5,4,"HLHL","HL",35,46.6666666666667,NA,50.2564102564103
"R_10usrQiM85lxP91","LL",35.21,3,2,4,5,4,"HLLH","HL",35,46.6666666666667,NA,70
"R_10usrQiM85lxP91","LL",35.21,3,2,4,5,4,"HLLH","LH",12,48,NA,30.7142857142857
"R_10usrQiM85lxP91","LL",35.21,3,2,4,5,4,"HLLL","HL",35,46.6666666666667,NA,62.3076923076923
"R_10usrQiM85lxP91","LL",35.21,3,2,4,5,4,"HLLL","LL",10,40,NA,38.4615384615385
"R_10usrQiM85lxP91","LL",35.21,3,2,4,5,4,"LHLH","LH",15,60,NA,50.5882352941176
"R_10usrQiM85lxP91","LL",35.21,3,2,4,5,4,"LHLL","LH",12,48,NA,53.3333333333333
"R_10usrQiM85lxP91","LL",35.21,3,2,4,5,4,"LHLL","LL",10,40,NA,48
"R_10usrQiM85lxP91","LL",35.21,3,2,4,5,4,"LLLL","LL",12,48,NA,50.7692307692308
"R_2bO9YtyOuMX1epZ","LL",7.82,2,4,4,4,4,"HHHH","HH",50,66.6666666666667,NA,50.1960784313725
"R_2bO9YtyOuMX1epZ","LL",7.82,2,4,4,4,4,"HHHL","HH",60,80,NA,43.5555555555556
"R_2bO9YtyOuMX1epZ","LL",7.82,2,4,4,4,4,"HHHL","HL",40,53.3333333333333,NA,56.8888888888889
"R_2bO9YtyOuMX1epZ","LL",7.82,2,4,4,4,4,"HHLH","HH",50,66.6666666666667,NA,25.2941176470588
"R_2bO9YtyOuMX1epZ","LL",7.82,2,4,4,4,4,"HHLH","LH",15,60,NA,75.2941176470588
"R_2bO9YtyOuMX1epZ","LL",7.82,2,4,4,4,4,"HHLL","HH",50,66.6666666666667,NA,80
"R_2bO9YtyOuMX1epZ","LL",7.82,2,4,4,4,4,"HHLL","LL",2,8,NA,20.625
"R_2bO9YtyOuMX1epZ","LL",7.82,2,4,4,4,4,"HLHL","HL",25,33.3333333333333,NA,50.2564102564103
"R_2bO9YtyOuMX1epZ","LL",7.82,2,4,4,4,4,"HLLH","HL",15,20,NA,70
"R_2bO9YtyOuMX1epZ","LL",7.82,2,4,4,4,4,"HLLH","LH",15,60,NA,30.7142857142857
"R_2bO9YtyOuMX1epZ","LL",7.82,2,4,4,4,4,"HLLL","HL",20,26.6666666666667,NA,75.3846153846154
"R_2bO9YtyOuMX1epZ","LL",7.82,2,4,4,4,4,"HLLL","LL",5,20,NA,25.3846153846154
"R_2bO9YtyOuMX1epZ","LL",7.82,2,4,4,4,4,"LHLH","LH",25,100,NA,50.5882352941176
"R_2bO9YtyOuMX1epZ","LL",7.82,2,4,4,4,4,"LHLL","LH",15,60,NA,44
"R_2bO9YtyOuMX1epZ","LL",7.82,2,4,4,4,4,"LHLL","LL",2,8,NA,57.3333333333333
"R_2bO9YtyOuMX1epZ","LL",7.82,2,4,4,4,4,"LLLL","LL",15,60,NA,50.7692307692308
"R_2bTOUhYQYfaRBwm","LL",34.88,4,3,4,4,6,"HHHH","HH",55,73.3333333333333,NA,50.1960784313725
"R_2bTOUhYQYfaRBwm","LL",34.88,4,3,4,4,6,"HHHL","HH",50,66.6666666666667,NA,50.2222222222222
"R_2bTOUhYQYfaRBwm","LL",34.88,4,3,4,4,6,"HHHL","HL",50,66.6666666666667,NA,50.2222222222222
"R_2bTOUhYQYfaRBwm","LL",34.88,4,3,4,4,6,"HHLH","HH",50,66.6666666666667,NA,49.4117647058824
"R_2bTOUhYQYfaRBwm","LL",34.88,4,3,4,4,6,"HHLH","LH",15,60,NA,51.1764705882353
"R_2bTOUhYQYfaRBwm","LL",34.88,4,3,4,4,6,"HHLL","HH",50,66.6666666666667,NA,50
"R_2bTOUhYQYfaRBwm","LL",34.88,4,3,4,4,6,"HHLL","LL",15,60,NA,50.625
"R_2bTOUhYQYfaRBwm","LL",34.88,4,3,4,4,6,"HLHL","HL",50,66.6666666666667,NA,50.2564102564103
"R_2bTOUhYQYfaRBwm","LL",34.88,4,3,4,4,6,"HLLH","HL",50,66.6666666666667,NA,50
"R_2bTOUhYQYfaRBwm","LL",34.88,4,3,4,4,6,"HLLH","LH",15,60,NA,50.7142857142857
"R_2bTOUhYQYfaRBwm","LL",34.88,4,3,4,4,6,"HLLL","HL",50,66.6666666666667,NA,46.9230769230769
"R_2bTOUhYQYfaRBwm","LL",34.88,4,3,4,4,6,"HLLL","LL",15,60,NA,53.8461538461538
"R_2bTOUhYQYfaRBwm","LL",34.88,4,3,4,4,6,"LHLH","LH",19,76,NA,50.5882352941176
"R_2bTOUhYQYfaRBwm","LL",34.88,4,3,4,4,6,"LHLL","LH",18,72,NA,44
"R_2bTOUhYQYfaRBwm","LL",34.88,4,3,4,4,6,"LHLL","LL",15,60,NA,57.3333333333333
"R_2bTOUhYQYfaRBwm","LL",34.88,4,3,4,4,6,"LLLL","LL",15,60,NA,50.7692307692308
"R_31Abaa0qkfIArnD","LL",-7.82,4,2,4,4,4,"HHHH","HH",25,33.3333333333333,NA,50.1960784313725
"R_31Abaa0qkfIArnD","LL",-7.82,4,2,4,4,4,"HHHL","HH",35,46.6666666666667,NA,43.5555555555556
"R_31Abaa0qkfIArnD","LL",-7.82,4,2,4,4,4,"HHHL","HL",50,66.6666666666667,NA,56.8888888888889
"R_31Abaa0qkfIArnD","LL",-7.82,4,2,4,4,4,"HHLH","HH",20,26.6666666666667,NA,75.2941176470588
"R_31Abaa0qkfIArnD","LL",-7.82,4,2,4,4,4,"HHLH","LH",20,80,NA,25.2941176470588
"R_31Abaa0qkfIArnD","LL",-7.82,4,2,4,4,4,"HHLL","HH",35,46.6666666666667,NA,80
"R_31Abaa0qkfIArnD","LL",-7.82,4,2,4,4,4,"HHLL","LL",10,40,NA,20.625
"R_31Abaa0qkfIArnD","LL",-7.82,4,2,4,4,4,"HLHL","HL",75,100,NA,50.2564102564103
"R_31Abaa0qkfIArnD","LL",-7.82,4,2,4,4,4,"HLLH","HL",50,66.6666666666667,NA,70
"R_31Abaa0qkfIArnD","LL",-7.82,4,2,4,4,4,"HLLH","LH",20,80,NA,30.7142857142857
"R_31Abaa0qkfIArnD","LL",-7.82,4,2,4,4,4,"HLLL","HL",35,46.6666666666667,NA,75.3846153846154
"R_31Abaa0qkfIArnD","LL",-7.82,4,2,4,4,4,"HLLL","LL",20,80,NA,25.3846153846154
"R_31Abaa0qkfIArnD","LL",-7.82,4,2,4,4,4,"LHLH","LH",25,100,NA,50.5882352941176
"R_31Abaa0qkfIArnD","LL",-7.82,4,2,4,4,4,"LHLL","LH",20,80,NA,57.3333333333333
"R_31Abaa0qkfIArnD","LL",-7.82,4,2,4,4,4,"LHLL","LL",20,80,NA,44
"R_31Abaa0qkfIArnD","LL",-7.82,4,2,4,4,4,"LLLL","LL",25,100,NA,50.7692307692308
"R_27jkJW1QYl01igi","LL",34.88,4,2,4,4,3,"HHHH","HH",25,33.3333333333333,NA,50.1960784313725
"R_27jkJW1QYl01igi","LL",34.88,4,2,4,4,3,"HHHL","HH",25,33.3333333333333,NA,50.2222222222222
"R_27jkJW1QYl01igi","LL",34.88,4,2,4,4,3,"HHHL","HL",30,40,NA,50.2222222222222
"R_27jkJW1QYl01igi","LL",34.88,4,2,4,4,3,"HHLH","HH",25,33.3333333333333,NA,75.2941176470588
"R_27jkJW1QYl01igi","LL",34.88,4,2,4,4,3,"HHLH","LH",15,60,NA,25.2941176470588
"R_27jkJW1QYl01igi","LL",34.88,4,2,4,4,3,"HHLL","HH",25,33.3333333333333,NA,80
"R_27jkJW1QYl01igi","LL",34.88,4,2,4,4,3,"HHLL","LL",15,60,NA,20.625
"R_27jkJW1QYl01igi","LL",34.88,4,2,4,4,3,"HLHL","HL",25,33.3333333333333,NA,50.2564102564103
"R_27jkJW1QYl01igi","LL",34.88,4,2,4,4,3,"HLLH","HL",25,33.3333333333333,NA,30.7142857142857
"R_27jkJW1QYl01igi","LL",34.88,4,2,4,4,3,"HLLH","LH",15,60,NA,70
"R_27jkJW1QYl01igi","LL",34.88,4,2,4,4,3,"HLLL","HL",25,33.3333333333333,NA,75.3846153846154
"R_27jkJW1QYl01igi","LL",34.88,4,2,4,4,3,"HLLL","LL",15,60,NA,25.3846153846154
"R_27jkJW1QYl01igi","LL",34.88,4,2,4,4,3,"LHLH","LH",15,60,NA,50.5882352941176
"R_27jkJW1QYl01igi","LL",34.88,4,2,4,4,3,"LHLL","LH",14,56,NA,57.3333333333333
"R_27jkJW1QYl01igi","LL",34.88,4,2,4,4,3,"LHLL","LL",15,60,NA,44
"R_27jkJW1QYl01igi","LL",34.88,4,2,4,4,3,"LLLL","LL",10,40,NA,50.7692307692308
"R_32XhP17ZXdjCe2t","LL",7.82,4,2,4,4,3,"HHHH","HH",75,100,NA,50.1960784313725
"R_32XhP17ZXdjCe2t","LL",7.82,4,2,4,4,3,"HHHL","HH",75,100,NA,50.2222222222222
"R_32XhP17ZXdjCe2t","LL",7.82,4,2,4,4,3,"HHHL","HL",75,100,NA,50.2222222222222
"R_32XhP17ZXdjCe2t","LL",7.82,4,2,4,4,3,"HHLH","HH",75,100,NA,50
"R_32XhP17ZXdjCe2t","LL",7.82,4,2,4,4,3,"HHLH","LH",25,100,NA,50.5882352941176
"R_32XhP17ZXdjCe2t","LL",7.82,4,2,4,4,3,"HHLL","HH",75,100,NA,50.625
"R_32XhP17ZXdjCe2t","LL",7.82,4,2,4,4,3,"HHLL","LL",25,100,NA,50
"R_32XhP17ZXdjCe2t","LL",7.82,4,2,4,4,3,"HLHL","HL",75,100,NA,50.2564102564103
"R_32XhP17ZXdjCe2t","LL",7.82,4,2,4,4,3,"HLLH","HL",75,100,NA,50.7142857142857
"R_32XhP17ZXdjCe2t","LL",7.82,4,2,4,4,3,"HLLH","LH",25,100,NA,50
"R_32XhP17ZXdjCe2t","LL",7.82,4,2,4,4,3,"HLLL","HL",75,100,NA,50.7692307692308
"R_32XhP17ZXdjCe2t","LL",7.82,4,2,4,4,3,"HLLL","LL",0,0,NA,50
"R_32XhP17ZXdjCe2t","LL",7.82,4,2,4,4,3,"LHLH","LH",25,100,NA,50.5882352941176
"R_32XhP17ZXdjCe2t","LL",7.82,4,2,4,4,3,"LHLL","LH",25,100,NA,50.6666666666667
"R_32XhP17ZXdjCe2t","LL",7.82,4,2,4,4,3,"LHLL","LL",25,100,NA,50.6666666666667
"R_32XhP17ZXdjCe2t","LL",7.82,4,2,4,4,3,"LLLL","LL",25,100,NA,50.7692307692308
"R_3oM8TPdfHN18OAq","LL",34.88,4,1,1,3,1,"HHHH","HH",30,40,NA,50.1960784313725
"R_3oM8TPdfHN18OAq","LL",34.88,4,1,1,3,1,"HHHL","HH",25,33.3333333333333,NA,50.2222222222222
"R_3oM8TPdfHN18OAq","LL",34.88,4,1,1,3,1,"HHHL","HL",20,26.6666666666667,NA,50.2222222222222
"R_3oM8TPdfHN18OAq","LL",34.88,4,1,1,3,1,"HHLH","HH",30,40,NA,50.5882352941176
"R_3oM8TPdfHN18OAq","LL",34.88,4,1,1,3,1,"HHLH","LH",5,20,NA,50
"R_3oM8TPdfHN18OAq","LL",34.88,4,1,1,3,1,"HHLL","HH",25,33.3333333333333,NA,50.625
"R_3oM8TPdfHN18OAq","LL",34.88,4,1,1,3,1,"HHLL","LL",5,20,NA,50
"R_3oM8TPdfHN18OAq","LL",34.88,4,1,1,3,1,"HLHL","HL",25,33.3333333333333,NA,50.2564102564103
"R_3oM8TPdfHN18OAq","LL",34.88,4,1,1,3,1,"HLLH","HL",20,26.6666666666667,NA,50.7142857142857
"R_3oM8TPdfHN18OAq","LL",34.88,4,1,1,3,1,"HLLH","LH",5,20,NA,50
"R_3oM8TPdfHN18OAq","LL",34.88,4,1,1,3,1,"HLLL","HL",20,26.6666666666667,NA,50.7692307692308
"R_3oM8TPdfHN18OAq","LL",34.88,4,1,1,3,1,"HLLL","LL",5,20,NA,50
"R_3oM8TPdfHN18OAq","LL",34.88,4,1,1,3,1,"LHLH","LH",10,40,NA,50.5882352941176
"R_3oM8TPdfHN18OAq","LL",34.88,4,1,1,3,1,"LHLL","LH",10,40,NA,50.6666666666667
"R_3oM8TPdfHN18OAq","LL",34.88,4,1,1,3,1,"LHLL","LL",5,20,NA,50.6666666666667
"R_3oM8TPdfHN18OAq","LL",34.88,4,1,1,3,1,"LLLL","LL",5,20,NA,50.7692307692308
"R_2dZkThvOzHjhlXK","LL",45,4,2,2,3,2,"HHHH","HH",75,100,NA,50.1960784313725
"R_2dZkThvOzHjhlXK","LL",45,4,2,2,3,2,"HHHL","HH",75,100,NA,50.2222222222222
"R_2dZkThvOzHjhlXK","LL",45,4,2,2,3,2,"HHHL","HL",75,100,NA,50.2222222222222
"R_2dZkThvOzHjhlXK","LL",45,4,2,2,3,2,"HHLH","HH",75,100,NA,50.2941176470588
"R_2dZkThvOzHjhlXK","LL",45,4,2,2,3,2,"HHLH","LH",25,100,NA,50.2941176470588
"R_2dZkThvOzHjhlXK","LL",45,4,2,2,3,2,"HHLL","HH",75,100,NA,50.3125
"R_2dZkThvOzHjhlXK","LL",45,4,2,2,3,2,"HHLL","LL",25,100,NA,50.3125
"R_2dZkThvOzHjhlXK","LL",45,4,2,2,3,2,"HLHL","HL",75,100,NA,50.2564102564103
"R_2dZkThvOzHjhlXK","LL",45,4,2,2,3,2,"HLLH","HL",75,100,NA,50.3571428571429
"R_2dZkThvOzHjhlXK","LL",45,4,2,2,3,2,"HLLH","LH",25,100,NA,50.3571428571429
"R_2dZkThvOzHjhlXK","LL",45,4,2,2,3,2,"HLLL","HL",75,100,NA,50.3846153846154
"R_2dZkThvOzHjhlXK","LL",45,4,2,2,3,2,"HLLL","LL",25,100,NA,50.3846153846154
"R_2dZkThvOzHjhlXK","LL",45,4,2,2,3,2,"LHLH","LH",25,100,NA,50.5882352941176
"R_2dZkThvOzHjhlXK","LL",45,4,2,2,3,2,"LHLL","LH",25,100,NA,50.6666666666667
"R_2dZkThvOzHjhlXK","LL",45,4,2,2,3,2,"LHLL","LL",25,100,NA,50.6666666666667
"R_2dZkThvOzHjhlXK","LL",45,4,2,2,3,2,"LLLL","LL",25,100,NA,50.7692307692308
"R_XmHYOHYFyzezmYV","LL",28.61,4,1,1,7,1,"HHHH","HH",50,66.6666666666667,NA,50.1960784313725
"R_XmHYOHYFyzezmYV","LL",28.61,4,1,1,7,1,"HHHL","HH",50,66.6666666666667,NA,50.2222222222222
"R_XmHYOHYFyzezmYV","LL",28.61,4,1,1,7,1,"HHHL","HL",50,66.6666666666667,NA,50.2222222222222
"R_XmHYOHYFyzezmYV","LL",28.61,4,1,1,7,1,"HHLH","HH",50,66.6666666666667,NA,50
"R_XmHYOHYFyzezmYV","LL",28.61,4,1,1,7,1,"HHLH","LH",15,60,NA,50.5882352941176
"R_XmHYOHYFyzezmYV","LL",28.61,4,1,1,7,1,"HHLL","HH",50,66.6666666666667,NA,50.625
"R_XmHYOHYFyzezmYV","LL",28.61,4,1,1,7,1,"HHLL","LL",10,40,NA,50
"R_XmHYOHYFyzezmYV","LL",28.61,4,1,1,7,1,"HLHL","HL",50,66.6666666666667,NA,50.2564102564103
"R_XmHYOHYFyzezmYV","LL",28.61,4,1,1,7,1,"HLLH","HL",50,66.6666666666667,NA,50.7142857142857
"R_XmHYOHYFyzezmYV","LL",28.61,4,1,1,7,1,"HLLH","LH",15,60,NA,50
"R_XmHYOHYFyzezmYV","LL",28.61,4,1,1,7,1,"HLLL","HL",50,66.6666666666667,NA,50.7692307692308
"R_XmHYOHYFyzezmYV","LL",28.61,4,1,1,7,1,"HLLL","LL",10,40,NA,50
"R_XmHYOHYFyzezmYV","LL",28.61,4,1,1,7,1,"LHLH","LH",15,60,NA,50.5882352941176
"R_XmHYOHYFyzezmYV","LL",28.61,4,1,1,7,1,"LHLL","LH",15,60,NA,50.6666666666667
"R_XmHYOHYFyzezmYV","LL",28.61,4,1,1,7,1,"LHLL","LL",10,40,NA,50.6666666666667
"R_XmHYOHYFyzezmYV","LL",28.61,4,1,1,7,1,"LLLL","LL",10,40,NA,50.7692307692308
"R_4T9VlwZWJZ22ZVf","LL",34.88,2,1,2,5,2,"HHHH","HH",75,100,NA,50.1960784313725
"R_4T9VlwZWJZ22ZVf","LL",34.88,2,1,2,5,2,"HHHL","HH",75,100,NA,50.2222222222222
"R_4T9VlwZWJZ22ZVf","LL",34.88,2,1,2,5,2,"HHHL","HL",75,100,NA,50.2222222222222
"R_4T9VlwZWJZ22ZVf","LL",34.88,2,1,2,5,2,"HHLH","HH",60,80,NA,58.8235294117647
"R_4T9VlwZWJZ22ZVf","LL",34.88,2,1,2,5,2,"HHLH","LH",25,100,NA,41.7647058823529
"R_4T9VlwZWJZ22ZVf","LL",34.88,2,1,2,5,2,"HHLL","HH",60,80,NA,62.5
"R_4T9VlwZWJZ22ZVf","LL",34.88,2,1,2,5,2,"HHLL","LL",25,100,NA,38.125
"R_4T9VlwZWJZ22ZVf","LL",34.88,2,1,2,5,2,"HLHL","HL",75,100,NA,50.2564102564103
"R_4T9VlwZWJZ22ZVf","LL",34.88,2,1,2,5,2,"HLLH","HL",50,66.6666666666667,NA,60.7142857142857
"R_4T9VlwZWJZ22ZVf","LL",34.88,2,1,2,5,2,"HLLH","LH",25,100,NA,40
"R_4T9VlwZWJZ22ZVf","LL",34.88,2,1,2,5,2,"HLLL","HL",50,66.6666666666667,NA,62.3076923076923
"R_4T9VlwZWJZ22ZVf","LL",34.88,2,1,2,5,2,"HLLL","LL",25,100,NA,38.4615384615385
"R_4T9VlwZWJZ22ZVf","LL",34.88,2,1,2,5,2,"LHLH","LH",25,100,NA,50.5882352941176
"R_4T9VlwZWJZ22ZVf","LL",34.88,2,1,2,5,2,"LHLL","LH",25,100,NA,50.6666666666667
"R_4T9VlwZWJZ22ZVf","LL",34.88,2,1,2,5,2,"LHLL","LL",25,100,NA,50.6666666666667
"R_4T9VlwZWJZ22ZVf","LL",34.88,2,1,2,5,2,"LLLL","LL",25,100,NA,50.7692307692308
"R_10Miei4vDSdjKgW","LL",26.87,4,2,2,1,3,"HHHH","HH",75,100,NA,50.1960784313725
"R_10Miei4vDSdjKgW","LL",26.87,4,2,2,1,3,"HHHL","HH",75,100,NA,50.2222222222222
"R_10Miei4vDSdjKgW","LL",26.87,4,2,2,1,3,"HHHL","HL",60,80,NA,50.2222222222222
"R_10Miei4vDSdjKgW","LL",26.87,4,2,2,1,3,"HHLH","HH",75,100,NA,50.5882352941176
"R_10Miei4vDSdjKgW","LL",26.87,4,2,2,1,3,"HHLH","LH",25,100,NA,50
"R_10Miei4vDSdjKgW","LL",26.87,4,2,2,1,3,"HHLL","HH",75,100,NA,50.625
"R_10Miei4vDSdjKgW","LL",26.87,4,2,2,1,3,"HHLL","LL",15,60,NA,50
"R_10Miei4vDSdjKgW","LL",26.87,4,2,2,1,3,"HLHL","HL",60,80,NA,50.2564102564103
"R_10Miei4vDSdjKgW","LL",26.87,4,2,2,1,3,"HLLH","HL",60,80,NA,50.7142857142857
"R_10Miei4vDSdjKgW","LL",26.87,4,2,2,1,3,"HLLH","LH",25,100,NA,50
"R_10Miei4vDSdjKgW","LL",26.87,4,2,2,1,3,"HLLL","HL",60,80,NA,50.7692307692308
"R_10Miei4vDSdjKgW","LL",26.87,4,2,2,1,3,"HLLL","LL",15,60,NA,50
"R_10Miei4vDSdjKgW","LL",26.87,4,2,2,1,3,"LHLH","LH",25,100,NA,50.5882352941176
"R_10Miei4vDSdjKgW","LL",26.87,4,2,2,1,3,"LHLL","LH",20,80,NA,50.6666666666667
"R_10Miei4vDSdjKgW","LL",26.87,4,2,2,1,3,"LHLL","LL",20,80,NA,50.6666666666667
"R_10Miei4vDSdjKgW","LL",26.87,4,2,2,1,3,"LLLL","LL",15,60,NA,50.7692307692308
"R_3hlvNKLlrWNzNaf","LL",11.35,4,2,5,3,5,"HHHH","HH",25,33.3333333333333,NA,50.1960784313725
"R_3hlvNKLlrWNzNaf","LL",11.35,4,2,5,3,5,"HHHL","HH",25,33.3333333333333,NA,50.2222222222222
"R_3hlvNKLlrWNzNaf","LL",11.35,4,2,5,3,5,"HHHL","HL",25,33.3333333333333,NA,50.2222222222222
"R_3hlvNKLlrWNzNaf","LL",11.35,4,2,5,3,5,"HHLH","HH",25,33.3333333333333,NA,50.2941176470588
"R_3hlvNKLlrWNzNaf","LL",11.35,4,2,5,3,5,"HHLH","LH",15,60,NA,50.2941176470588
"R_3hlvNKLlrWNzNaf","LL",11.35,4,2,5,3,5,"HHLL","HH",25,33.3333333333333,NA,50.3125
"R_3hlvNKLlrWNzNaf","LL",11.35,4,2,5,3,5,"HHLL","LL",10,40,NA,50.3125
"R_3hlvNKLlrWNzNaf","LL",11.35,4,2,5,3,5,"HLHL","HL",25,33.3333333333333,NA,50.2564102564103
"R_3hlvNKLlrWNzNaf","LL",11.35,4,2,5,3,5,"HLLH","HL",25,33.3333333333333,NA,50.3571428571429
"R_3hlvNKLlrWNzNaf","LL",11.35,4,2,5,3,5,"HLLH","LH",10,40,NA,50.3571428571429
"R_3hlvNKLlrWNzNaf","LL",11.35,4,2,5,3,5,"HLLL","HL",20,26.6666666666667,NA,50.3846153846154
"R_3hlvNKLlrWNzNaf","LL",11.35,4,2,5,3,5,"HLLL","LL",10,40,NA,50.3846153846154
"R_3hlvNKLlrWNzNaf","LL",11.35,4,2,5,3,5,"LHLH","LH",10,40,NA,50.5882352941176
"R_3hlvNKLlrWNzNaf","LL",11.35,4,2,5,3,5,"LHLL","LH",10,40,NA,50.6666666666667
"R_3hlvNKLlrWNzNaf","LL",11.35,4,2,5,3,5,"LHLL","LL",10,40,NA,50.6666666666667
"R_3hlvNKLlrWNzNaf","LL",11.35,4,2,5,3,5,"LLLL","LL",10,40,NA,50.7692307692308
"R_pF7VR7i9MGMnNG9","LL",37.48,1,1,4,4,4,"HHHH","HH",65,86.6666666666667,NA,50.1960784313725
"R_pF7VR7i9MGMnNG9","LL",37.48,1,1,4,4,4,"HHHL","HH",65,86.6666666666667,NA,56.8888888888889
"R_pF7VR7i9MGMnNG9","LL",37.48,1,1,4,4,4,"HHHL","HL",65,86.6666666666667,NA,43.5555555555556
"R_pF7VR7i9MGMnNG9","LL",37.48,1,1,4,4,4,"HHLH","HH",65,86.6666666666667,NA,75.2941176470588
"R_pF7VR7i9MGMnNG9","LL",37.48,1,1,4,4,4,"HHLH","LH",20,80,NA,25.2941176470588
"R_pF7VR7i9MGMnNG9","LL",37.48,1,1,4,4,4,"HHLL","HH",65,86.6666666666667,NA,80
"R_pF7VR7i9MGMnNG9","LL",37.48,1,1,4,4,4,"HHLL","LL",15,60,NA,20.625
"R_pF7VR7i9MGMnNG9","LL",37.48,1,1,4,4,4,"HLHL","HL",60,80,NA,50.2564102564103
"R_pF7VR7i9MGMnNG9","LL",37.48,1,1,4,4,4,"HLLH","HL",65,86.6666666666667,NA,70
"R_pF7VR7i9MGMnNG9","LL",37.48,1,1,4,4,4,"HLLH","LH",15,60,NA,30.7142857142857
"R_pF7VR7i9MGMnNG9","LL",37.48,1,1,4,4,4,"HLLL","HL",60,80,NA,75.3846153846154
"R_pF7VR7i9MGMnNG9","LL",37.48,1,1,4,4,4,"HLLL","LL",15,60,NA,25.3846153846154
"R_pF7VR7i9MGMnNG9","LL",37.48,1,1,4,4,4,"LHLH","LH",20,80,NA,50.5882352941176
"R_pF7VR7i9MGMnNG9","LL",37.48,1,1,4,4,4,"LHLL","LH",20,80,NA,57.3333333333333
"R_pF7VR7i9MGMnNG9","LL",37.48,1,1,4,4,4,"LHLL","LL",15,60,NA,44
"R_pF7VR7i9MGMnNG9","LL",37.48,1,1,4,4,4,"LLLL","LL",15,60,NA,50.7692307692308
"R_sT4juY0fB82eLuh","LL",34.88,4,1,1,1,1,"HHHH","HH",75,100,NA,50.1960784313725
"R_sT4juY0fB82eLuh","LL",34.88,4,1,1,1,1,"HHHL","HH",75,100,NA,50.2222222222222
"R_sT4juY0fB82eLuh","LL",34.88,4,1,1,1,1,"HHHL","HL",75,100,NA,50.2222222222222
"R_sT4juY0fB82eLuh","LL",34.88,4,1,1,1,1,"HHLH","HH",45,60,NA,50.5882352941176
"R_sT4juY0fB82eLuh","LL",34.88,4,1,1,1,1,"HHLH","LH",15,60,NA,50
"R_sT4juY0fB82eLuh","LL",34.88,4,1,1,1,1,"HHLL","HH",75,100,NA,50.625
"R_sT4juY0fB82eLuh","LL",34.88,4,1,1,1,1,"HHLL","LL",25,100,NA,50
"R_sT4juY0fB82eLuh","LL",34.88,4,1,1,1,1,"HLHL","HL",75,100,NA,50.2564102564103
"R_sT4juY0fB82eLuh","LL",34.88,4,1,1,1,1,"HLLH","HL",75,100,NA,50.7142857142857
"R_sT4juY0fB82eLuh","LL",34.88,4,1,1,1,1,"HLLH","LH",25,100,NA,50
"R_sT4juY0fB82eLuh","LL",34.88,4,1,1,1,1,"HLLL","HL",30,40,NA,50.7692307692308
"R_sT4juY0fB82eLuh","LL",34.88,4,1,1,1,1,"HLLL","LL",0,0,NA,50
"R_sT4juY0fB82eLuh","LL",34.88,4,1,1,1,1,"LHLH","LH",25,100,NA,50.5882352941176
"R_sT4juY0fB82eLuh","LL",34.88,4,1,1,1,1,"LHLL","LH",20,80,NA,50.6666666666667
"R_sT4juY0fB82eLuh","LL",34.88,4,1,1,1,1,"LHLL","LL",25,100,NA,50.6666666666667
"R_sT4juY0fB82eLuh","LL",34.88,4,1,1,1,1,"LLLL","LL",25,100,NA,50.7692307692308
"R_cT3Us6fHCkvFUHf","LL",34.88,4,1,2,6,2,"HHHH","HH",25,33.3333333333333,NA,50.1960784313725
"R_cT3Us6fHCkvFUHf","LL",34.88,4,1,2,6,2,"HHHL","HH",25,33.3333333333333,NA,50.2222222222222
"R_cT3Us6fHCkvFUHf","LL",34.88,4,1,2,6,2,"HHHL","HL",25,33.3333333333333,NA,50.2222222222222
"R_cT3Us6fHCkvFUHf","LL",34.88,4,1,2,6,2,"HHLH","HH",25,33.3333333333333,NA,50.5882352941176
"R_cT3Us6fHCkvFUHf","LL",34.88,4,1,2,6,2,"HHLH","LH",15,60,NA,50
"R_cT3Us6fHCkvFUHf","LL",34.88,4,1,2,6,2,"HHLL","HH",25,33.3333333333333,NA,50
"R_cT3Us6fHCkvFUHf","LL",34.88,4,1,2,6,2,"HHLL","LL",15,60,NA,50.625
"R_cT3Us6fHCkvFUHf","LL",34.88,4,1,2,6,2,"HLHL","HL",25,33.3333333333333,NA,50.2564102564103
"R_cT3Us6fHCkvFUHf","LL",34.88,4,1,2,6,2,"HLLH","HL",25,33.3333333333333,NA,50.7142857142857
"R_cT3Us6fHCkvFUHf","LL",34.88,4,1,2,6,2,"HLLH","LH",10,40,NA,50
"R_cT3Us6fHCkvFUHf","LL",34.88,4,1,2,6,2,"HLLL","HL",25,33.3333333333333,NA,50.7692307692308
"R_cT3Us6fHCkvFUHf","LL",34.88,4,1,2,6,2,"HLLL","LL",15,60,NA,50
"R_cT3Us6fHCkvFUHf","LL",34.88,4,1,2,6,2,"LHLH","LH",15,60,NA,50.5882352941176
"R_cT3Us6fHCkvFUHf","LL",34.88,4,1,2,6,2,"LHLL","LH",15,60,NA,50.6666666666667
"R_cT3Us6fHCkvFUHf","LL",34.88,4,1,2,6,2,"LHLL","LL",15,60,NA,50.6666666666667
"R_cT3Us6fHCkvFUHf","LL",34.88,4,1,2,6,2,"LLLL","LL",15,60,NA,50.7692307692308
"R_3QDmmOjymcGP9I8","LL",37.09,4,1,4,4,4,"HHHH","HH",75,100,NA,50.1960784313725
"R_3QDmmOjymcGP9I8","LL",37.09,4,1,4,4,4,"HHHL","HH",75,100,NA,56.8888888888889
"R_3QDmmOjymcGP9I8","LL",37.09,4,1,4,4,4,"HHHL","HL",75,100,NA,43.5555555555556
"R_3QDmmOjymcGP9I8","LL",37.09,4,1,4,4,4,"HHLH","HH",25,33.3333333333333,NA,75.2941176470588
"R_3QDmmOjymcGP9I8","LL",37.09,4,1,4,4,4,"HHLH","LH",25,100,NA,25.2941176470588
"R_3QDmmOjymcGP9I8","LL",37.09,4,1,4,4,4,"HHLL","HH",25,33.3333333333333,NA,80
"R_3QDmmOjymcGP9I8","LL",37.09,4,1,4,4,4,"HHLL","LL",25,100,NA,20.625
"R_3QDmmOjymcGP9I8","LL",37.09,4,1,4,4,4,"HLHL","HL",75,100,NA,50.2564102564103
"R_3QDmmOjymcGP9I8","LL",37.09,4,1,4,4,4,"HLLH","HL",25,33.3333333333333,NA,61.4285714285714
"R_3QDmmOjymcGP9I8","LL",37.09,4,1,4,4,4,"HLLH","LH",25,100,NA,39.2857142857143
"R_3QDmmOjymcGP9I8","LL",37.09,4,1,4,4,4,"HLLL","HL",25,33.3333333333333,NA,75.3846153846154
"R_3QDmmOjymcGP9I8","LL",37.09,4,1,4,4,4,"HLLL","LL",25,100,NA,25.3846153846154
"R_3QDmmOjymcGP9I8","LL",37.09,4,1,4,4,4,"LHLH","LH",25,100,NA,50.5882352941176
"R_3QDmmOjymcGP9I8","LL",37.09,4,1,4,4,4,"LHLL","LH",25,100,NA,57.3333333333333
"R_3QDmmOjymcGP9I8","LL",37.09,4,1,4,4,4,"LHLL","LL",25,100,NA,44
"R_3QDmmOjymcGP9I8","LL",37.09,4,1,4,4,4,"LLLL","LL",25,100,NA,50.7692307692308
"R_1C1igUcP0BWEnke","LL",7.82,5,1,1,1,1,"HHHH","HH",50,66.6666666666667,NA,50.1960784313725
"R_1C1igUcP0BWEnke","LL",7.82,5,1,1,1,1,"HHHL","HH",50,66.6666666666667,NA,50.2222222222222
"R_1C1igUcP0BWEnke","LL",7.82,5,1,1,1,1,"HHHL","HL",45,60,NA,50.2222222222222
"R_1C1igUcP0BWEnke","LL",7.82,5,1,1,1,1,"HHLH","HH",35,46.6666666666667,NA,50.2941176470588
"R_1C1igUcP0BWEnke","LL",7.82,5,1,1,1,1,"HHLH","LH",5,20,NA,50.2941176470588
"R_1C1igUcP0BWEnke","LL",7.82,5,1,1,1,1,"HHLL","HH",25,33.3333333333333,NA,50.3125
"R_1C1igUcP0BWEnke","LL",7.82,5,1,1,1,1,"HHLL","LL",5,20,NA,50.3125
"R_1C1igUcP0BWEnke","LL",7.82,5,1,1,1,1,"HLHL","HL",30,40,NA,50.2564102564103
"R_1C1igUcP0BWEnke","LL",7.82,5,1,1,1,1,"HLLH","HL",25,33.3333333333333,NA,50.3571428571429
"R_1C1igUcP0BWEnke","LL",7.82,5,1,1,1,1,"HLLH","LH",5,20,NA,50.3571428571429
"R_1C1igUcP0BWEnke","LL",7.82,5,1,1,1,1,"HLLL","HL",25,33.3333333333333,NA,50.3846153846154
"R_1C1igUcP0BWEnke","LL",7.82,5,1,1,1,1,"HLLL","LL",5,20,NA,50.3846153846154
"R_1C1igUcP0BWEnke","LL",7.82,5,1,1,1,1,"LHLH","LH",5,20,NA,50.5882352941176
"R_1C1igUcP0BWEnke","LL",7.82,5,1,1,1,1,"LHLL","LH",5,20,NA,50.6666666666667
"R_1C1igUcP0BWEnke","LL",7.82,5,1,1,1,1,"LHLL","LL",5,20,NA,50.6666666666667
"R_1C1igUcP0BWEnke","LL",7.82,5,1,1,1,1,"LLLL","LL",5,20,NA,50.7692307692308
"R_zedy7uZpsbTGlot","LL",7.82,5,1,4,2,6,"HHHH","HH",50,66.6666666666667,NA,50.1960784313725
"R_zedy7uZpsbTGlot","LL",7.82,5,1,4,2,6,"HHHL","HH",50,66.6666666666667,NA,50.2222222222222
"R_zedy7uZpsbTGlot","LL",7.82,5,1,4,2,6,"HHHL","HL",50,66.6666666666667,NA,50.2222222222222
"R_zedy7uZpsbTGlot","LL",7.82,5,1,4,2,6,"HHLH","HH",50,66.6666666666667,NA,50
"R_zedy7uZpsbTGlot","LL",7.82,5,1,4,2,6,"HHLH","LH",10,40,NA,50.5882352941176
"R_zedy7uZpsbTGlot","LL",7.82,5,1,4,2,6,"HHLL","HH",50,66.6666666666667,NA,50
"R_zedy7uZpsbTGlot","LL",7.82,5,1,4,2,6,"HHLL","LL",10,40,NA,50.625
"R_zedy7uZpsbTGlot","LL",7.82,5,1,4,2,6,"HLHL","HL",50,66.6666666666667,NA,50.2564102564103
"R_zedy7uZpsbTGlot","LL",7.82,5,1,4,2,6,"HLLH","HL",50,66.6666666666667,NA,50
"R_zedy7uZpsbTGlot","LL",7.82,5,1,4,2,6,"HLLH","LH",10,40,NA,50.7142857142857
"R_zedy7uZpsbTGlot","LL",7.82,5,1,4,2,6,"HLLL","HL",50,66.6666666666667,NA,50
"R_zedy7uZpsbTGlot","LL",7.82,5,1,4,2,6,"HLLL","LL",10,40,NA,50.7692307692308
"R_zedy7uZpsbTGlot","LL",7.82,5,1,4,2,6,"LHLH","LH",0,0,NA,50.5882352941176
"R_zedy7uZpsbTGlot","LL",7.82,5,1,4,2,6,"LHLL","LH",0,0,NA,50.6666666666667
"R_zedy7uZpsbTGlot","LL",7.82,5,1,4,2,6,"LHLL","LL",0,0,NA,50.6666666666667
"R_zedy7uZpsbTGlot","LL",7.82,5,1,4,2,6,"LLLL","LL",0,0,NA,50.7692307692308
"R_1QJImzj4EvaIdCc","LL",36.12,4,2,2,3,2,"HHHH","HH",75,100,NA,50.1960784313725
"R_1QJImzj4EvaIdCc","LL",36.12,4,2,2,3,2,"HHHL","HH",40,53.3333333333333,NA,56.8888888888889
"R_1QJImzj4EvaIdCc","LL",36.12,4,2,2,3,2,"HHHL","HL",30,40,NA,43.5555555555556
"R_1QJImzj4EvaIdCc","LL",36.12,4,2,2,3,2,"HHLH","HH",40,53.3333333333333,NA,62.9411764705882
"R_1QJImzj4EvaIdCc","LL",36.12,4,2,2,3,2,"HHLH","LH",15,60,NA,37.6470588235294
"R_1QJImzj4EvaIdCc","LL",36.12,4,2,2,3,2,"HHLL","HH",40,53.3333333333333,NA,62.5
"R_1QJImzj4EvaIdCc","LL",36.12,4,2,2,3,2,"HHLL","LL",10,40,NA,38.125
"R_1QJImzj4EvaIdCc","LL",36.12,4,2,2,3,2,"HLHL","HL",75,100,NA,50.2564102564103
"R_1QJImzj4EvaIdCc","LL",36.12,4,2,2,3,2,"HLLH","HL",35,46.6666666666667,NA,71.4285714285714
"R_1QJImzj4EvaIdCc","LL",36.12,4,2,2,3,2,"HLLH","LH",20,80,NA,29.2857142857143
"R_1QJImzj4EvaIdCc","LL",36.12,4,2,2,3,2,"HLLL","HL",35,46.6666666666667,NA,70.7692307692308
"R_1QJImzj4EvaIdCc","LL",36.12,4,2,2,3,2,"HLLL","LL",10,40,NA,30
"R_1QJImzj4EvaIdCc","LL",36.12,4,2,2,3,2,"LHLH","LH",25,100,NA,50.5882352941176
"R_1QJImzj4EvaIdCc","LL",36.12,4,2,2,3,2,"LHLL","LH",20,80,NA,53.3333333333333
"R_1QJImzj4EvaIdCc","LL",36.12,4,2,2,3,2,"LHLL","LL",15,60,NA,48
"R_1QJImzj4EvaIdCc","LL",36.12,4,2,2,3,2,"LLLL","LL",25,100,NA,50.7692307692308
"R_bE4H00cDJgdztU5","LL",37.48,4,1,1,4,1,"HHHH","HH",75,100,NA,50.1960784313725
"R_bE4H00cDJgdztU5","LL",37.48,4,1,1,4,1,"HHHL","HH",75,100,NA,50.2222222222222
"R_bE4H00cDJgdztU5","LL",37.48,4,1,1,4,1,"HHHL","HL",75,100,NA,50.2222222222222
"R_bE4H00cDJgdztU5","LL",37.48,4,1,1,4,1,"HHLH","HH",75,100,NA,51.764705882353
"R_bE4H00cDJgdztU5","LL",37.48,4,1,1,4,1,"HHLH","LH",25,100,NA,48.8235294117647
"R_bE4H00cDJgdztU5","LL",37.48,4,1,1,4,1,"HHLL","HH",75,100,NA,50.625
"R_bE4H00cDJgdztU5","LL",37.48,4,1,1,4,1,"HHLL","LL",25,100,NA,50
"R_bE4H00cDJgdztU5","LL",37.48,4,1,1,4,1,"HLHL","HL",75,100,NA,50.2564102564103
"R_bE4H00cDJgdztU5","LL",37.48,4,1,1,4,1,"HLLH","HL",75,100,NA,50.7142857142857
"R_bE4H00cDJgdztU5","LL",37.48,4,1,1,4,1,"HLLH","LH",25,100,NA,50
"R_bE4H00cDJgdztU5","LL",37.48,4,1,1,4,1,"HLLL","HL",75,100,NA,50.7692307692308
"R_bE4H00cDJgdztU5","LL",37.48,4,1,1,4,1,"HLLL","LL",25,100,NA,50
"R_bE4H00cDJgdztU5","LL",37.48,4,1,1,4,1,"LHLH","LH",25,100,NA,50.5882352941176
"R_bE4H00cDJgdztU5","LL",37.48,4,1,1,4,1,"LHLL","LH",25,100,NA,57.3333333333333
"R_bE4H00cDJgdztU5","LL",37.48,4,1,1,4,1,"LHLL","LL",25,100,NA,44
"R_bE4H00cDJgdztU5","LL",37.48,4,1,1,4,1,"LLLL","LL",25,100,NA,50.7692307692308
"R_24f69hRyTtVUtY1","LL",45,5,2,4,4,4,"HHHH","HH",60,80,NA,50.1960784313725
"R_24f69hRyTtVUtY1","LL",45,5,2,4,4,4,"HHHL","HH",60,80,NA,50.2222222222222
"R_24f69hRyTtVUtY1","LL",45,5,2,4,4,4,"HHHL","HL",60,80,NA,50.2222222222222
"R_24f69hRyTtVUtY1","LL",45,5,2,4,4,4,"HHLH","HH",60,80,NA,50.2941176470588
"R_24f69hRyTtVUtY1","LL",45,5,2,4,4,4,"HHLH","LH",15,60,NA,50.2941176470588
"R_24f69hRyTtVUtY1","LL",45,5,2,4,4,4,"HHLL","HH",60,80,NA,50.3125
"R_24f69hRyTtVUtY1","LL",45,5,2,4,4,4,"HHLL","LL",15,60,NA,50.3125
"R_24f69hRyTtVUtY1","LL",45,5,2,4,4,4,"HLHL","HL",60,80,NA,50.2564102564103
"R_24f69hRyTtVUtY1","LL",45,5,2,4,4,4,"HLLH","HL",15,20,NA,50.3571428571429
"R_24f69hRyTtVUtY1","LL",45,5,2,4,4,4,"HLLH","LH",15,60,NA,50.3571428571429
"R_24f69hRyTtVUtY1","LL",45,5,2,4,4,4,"HLLL","HL",60,80,NA,50.3846153846154
"R_24f69hRyTtVUtY1","LL",45,5,2,4,4,4,"HLLL","LL",15,60,NA,50.3846153846154
"R_24f69hRyTtVUtY1","LL",45,5,2,4,4,4,"LHLH","LH",15,60,NA,50.5882352941176
"R_24f69hRyTtVUtY1","LL",45,5,2,4,4,4,"LHLL","LH",15,60,NA,50.6666666666667
"R_24f69hRyTtVUtY1","LL",45,5,2,4,4,4,"LHLL","LL",15,60,NA,50.6666666666667
"R_24f69hRyTtVUtY1","LL",45,5,2,4,4,4,"LLLL","LL",15,60,NA,50.7692307692308
"R_3RkEKkskyDr3pC4","LL",7.82,5,4,6,2,5,"HHHH","HH",5,6.66666666666667,NA,50.1960784313725
"R_3RkEKkskyDr3pC4","LL",7.82,5,4,6,2,5,"HHHL","HH",5,6.66666666666667,NA,50.2222222222222
"R_3RkEKkskyDr3pC4","LL",7.82,5,4,6,2,5,"HHHL","HL",2,2.66666666666667,NA,50.2222222222222
"R_3RkEKkskyDr3pC4","LL",7.82,5,4,6,2,5,"HHLH","HH",5,6.66666666666667,NA,53.5294117647059
"R_3RkEKkskyDr3pC4","LL",7.82,5,4,6,2,5,"HHLH","LH",5,20,NA,47.0588235294118
"R_3RkEKkskyDr3pC4","LL",7.82,5,4,6,2,5,"HHLL","HH",5,6.66666666666667,NA,50
"R_3RkEKkskyDr3pC4","LL",7.82,5,4,6,2,5,"HHLL","LL",1,4,NA,50.625
"R_3RkEKkskyDr3pC4","LL",7.82,5,4,6,2,5,"HLHL","HL",3,4,NA,50.2564102564103
"R_3RkEKkskyDr3pC4","LL",7.82,5,4,6,2,5,"HLLH","HL",3,4,NA,50
"R_3RkEKkskyDr3pC4","LL",7.82,5,4,6,2,5,"HLLH","LH",5,20,NA,50.7142857142857
"R_3RkEKkskyDr3pC4","LL",7.82,5,4,6,2,5,"HLLL","HL",5,6.66666666666667,NA,46.9230769230769
"R_3RkEKkskyDr3pC4","LL",7.82,5,4,6,2,5,"HLLL","LL",2,8,NA,53.8461538461538
"R_3RkEKkskyDr3pC4","LL",7.82,5,4,6,2,5,"LHLH","LH",5,20,NA,50.5882352941176
"R_3RkEKkskyDr3pC4","LL",7.82,5,4,6,2,5,"LHLL","LH",5,20,NA,50.6666666666667
"R_3RkEKkskyDr3pC4","LL",7.82,5,4,6,2,5,"LHLL","LL",1,4,NA,50.6666666666667
"R_3RkEKkskyDr3pC4","LL",7.82,5,4,6,2,5,"LLLL","LL",2,8,NA,50.7692307692308
"R_3h9AIA1rvr9wPIG","LL",23.87,2,4,5,6,4,"HHHH","HH",75,100,NA,50.1960784313725
"R_3h9AIA1rvr9wPIG","LL",23.87,2,4,5,6,4,"HHHL","HH",75,100,NA,56.8888888888889
"R_3h9AIA1rvr9wPIG","LL",23.87,2,4,5,6,4,"HHHL","HL",75,100,NA,43.5555555555556
"R_3h9AIA1rvr9wPIG","LL",23.87,2,4,5,6,4,"HHLH","HH",75,100,NA,91.7647058823529
"R_3h9AIA1rvr9wPIG","LL",23.87,2,4,5,6,4,"HHLH","LH",25,100,NA,8.82352941176471
"R_3h9AIA1rvr9wPIG","LL",23.87,2,4,5,6,4,"HHLL","HH",75,100,NA,75.625
"R_3h9AIA1rvr9wPIG","LL",23.87,2,4,5,6,4,"HHLL","LL",25,100,NA,25
"R_3h9AIA1rvr9wPIG","LL",23.87,2,4,5,6,4,"HLHL","HL",75,100,NA,50.2564102564103
"R_3h9AIA1rvr9wPIG","LL",23.87,2,4,5,6,4,"HLLH","HL",75,100,NA,15
"R_3h9AIA1rvr9wPIG","LL",23.87,2,4,5,6,4,"HLLH","LH",25,100,NA,85.7142857142857
"R_3h9AIA1rvr9wPIG","LL",23.87,2,4,5,6,4,"HLLL","HL",75,100,NA,76.9230769230769
"R_3h9AIA1rvr9wPIG","LL",23.87,2,4,5,6,4,"HLLL","LL",25,100,NA,23.8461538461538
"R_3h9AIA1rvr9wPIG","LL",23.87,2,4,5,6,4,"LHLH","LH",25,100,NA,52.9411764705882
"R_3h9AIA1rvr9wPIG","LL",23.87,2,4,5,6,4,"LHLL","LH",25,100,NA,85.3333333333333
"R_3h9AIA1rvr9wPIG","LL",23.87,2,4,5,6,4,"LHLL","LL",25,100,NA,16
"R_3h9AIA1rvr9wPIG","LL",23.87,2,4,5,6,4,"LLLL","LL",25,100,NA,50.7692307692308
"R_BIYly9Ph4P5Kstb","LL",28.48,3,2,3,4,3,"HHHH","HH",50,66.6666666666667,NA,50.1960784313725
"R_BIYly9Ph4P5Kstb","LL",28.48,3,2,3,4,3,"HHHL","HH",50,66.6666666666667,NA,53.3333333333333
"R_BIYly9Ph4P5Kstb","LL",28.48,3,2,3,4,3,"HHHL","HL",30,40,NA,47.1111111111111
"R_BIYly9Ph4P5Kstb","LL",28.48,3,2,3,4,3,"HHLH","HH",50,66.6666666666667,NA,53.5294117647059
"R_BIYly9Ph4P5Kstb","LL",28.48,3,2,3,4,3,"HHLH","LH",10,40,NA,47.0588235294118
"R_BIYly9Ph4P5Kstb","LL",28.48,3,2,3,4,3,"HHLL","HH",50,66.6666666666667,NA,50.625
"R_BIYly9Ph4P5Kstb","LL",28.48,3,2,3,4,3,"HHLL","LL",15,60,NA,50
"R_BIYly9Ph4P5Kstb","LL",28.48,3,2,3,4,3,"HLHL","HL",30,40,NA,50.2564102564103
"R_BIYly9Ph4P5Kstb","LL",28.48,3,2,3,4,3,"HLLH","HL",25,33.3333333333333,NA,50.7142857142857
"R_BIYly9Ph4P5Kstb","LL",28.48,3,2,3,4,3,"HLLH","LH",15,60,NA,50
"R_BIYly9Ph4P5Kstb","LL",28.48,3,2,3,4,3,"HLLL","HL",30,40,NA,50.7692307692308
"R_BIYly9Ph4P5Kstb","LL",28.48,3,2,3,4,3,"HLLL","LL",10,40,NA,50
"R_BIYly9Ph4P5Kstb","LL",28.48,3,2,3,4,3,"LHLH","LH",15,60,NA,50.5882352941176
"R_BIYly9Ph4P5Kstb","LL",28.48,3,2,3,4,3,"LHLL","LH",15,60,NA,53.3333333333333
"R_BIYly9Ph4P5Kstb","LL",28.48,3,2,3,4,3,"LHLL","LL",10,40,NA,48
"R_BIYly9Ph4P5Kstb","LL",28.48,3,2,3,4,3,"LLLL","LL",10,40,NA,50.7692307692308
"R_3EnAuXlwI8RpPZK","LL",37.48,4,1,2,2,3,"HHHH","HH",75,100,NA,50.1960784313725
"R_3EnAuXlwI8RpPZK","LL",37.48,4,1,2,2,3,"HHHL","HH",75,100,NA,50.2222222222222
"R_3EnAuXlwI8RpPZK","LL",37.48,4,1,2,2,3,"HHHL","HL",75,100,NA,50.2222222222222
"R_3EnAuXlwI8RpPZK","LL",37.48,4,1,2,2,3,"HHLH","HH",75,100,NA,50.2941176470588
"R_3EnAuXlwI8RpPZK","LL",37.48,4,1,2,2,3,"HHLH","LH",25,100,NA,50.2941176470588
"R_3EnAuXlwI8RpPZK","LL",37.48,4,1,2,2,3,"HHLL","HH",75,100,NA,50.3125
"R_3EnAuXlwI8RpPZK","LL",37.48,4,1,2,2,3,"HHLL","LL",25,100,NA,50.3125
"R_3EnAuXlwI8RpPZK","LL",37.48,4,1,2,2,3,"HLHL","HL",75,100,NA,50.2564102564103
"R_3EnAuXlwI8RpPZK","LL",37.48,4,1,2,2,3,"HLLH","HL",75,100,NA,50.3571428571429
"R_3EnAuXlwI8RpPZK","LL",37.48,4,1,2,2,3,"HLLH","LH",25,100,NA,50.3571428571429
"R_3EnAuXlwI8RpPZK","LL",37.48,4,1,2,2,3,"HLLL","HL",75,100,NA,50.3846153846154
"R_3EnAuXlwI8RpPZK","LL",37.48,4,1,2,2,3,"HLLL","LL",25,100,NA,50.3846153846154
"R_3EnAuXlwI8RpPZK","LL",37.48,4,1,2,2,3,"LHLH","LH",25,100,NA,50.5882352941176
"R_3EnAuXlwI8RpPZK","LL",37.48,4,1,2,2,3,"LHLL","LH",25,100,NA,50.6666666666667
"R_3EnAuXlwI8RpPZK","LL",37.48,4,1,2,2,3,"LHLL","LL",25,100,NA,50.6666666666667
"R_3EnAuXlwI8RpPZK","LL",37.48,4,1,2,2,3,"LLLL","LL",25,100,NA,50.7692307692308
"R_4GUN4Jd9mlViDex","LL",34.88,4,2,4,2,6,"HHHH","HH",75,100,NA,50.1960784313725
"R_4GUN4Jd9mlViDex","LL",34.88,4,2,4,2,6,"HHHL","HH",50,66.6666666666667,NA,56.8888888888889
"R_4GUN4Jd9mlViDex","LL",34.88,4,2,4,2,6,"HHHL","HL",30,40,NA,43.5555555555556
"R_4GUN4Jd9mlViDex","LL",34.88,4,2,4,2,6,"HHLH","HH",50,66.6666666666667,NA,75.2941176470588
"R_4GUN4Jd9mlViDex","LL",34.88,4,2,4,2,6,"HHLH","LH",15,60,NA,25.2941176470588
"R_4GUN4Jd9mlViDex","LL",34.88,4,2,4,2,6,"HHLL","HH",50,66.6666666666667,NA,80
"R_4GUN4Jd9mlViDex","LL",34.88,4,2,4,2,6,"HHLL","LL",15,60,NA,20.625
"R_4GUN4Jd9mlViDex","LL",34.88,4,2,4,2,6,"HLHL","HL",75,100,NA,50.2564102564103
"R_4GUN4Jd9mlViDex","LL",34.88,4,2,4,2,6,"HLLH","HL",50,66.6666666666667,NA,70
"R_4GUN4Jd9mlViDex","LL",34.88,4,2,4,2,6,"HLLH","LH",25,100,NA,30.7142857142857
"R_4GUN4Jd9mlViDex","LL",34.88,4,2,4,2,6,"HLLL","HL",50,66.6666666666667,NA,75.3846153846154
"R_4GUN4Jd9mlViDex","LL",34.88,4,2,4,2,6,"HLLL","LL",15,60,NA,25.3846153846154
"R_4GUN4Jd9mlViDex","LL",34.88,4,2,4,2,6,"LHLH","LH",25,100,NA,50.5882352941176
"R_4GUN4Jd9mlViDex","LL",34.88,4,2,4,2,6,"LHLL","LH",25,100,NA,57.3333333333333
"R_4GUN4Jd9mlViDex","LL",34.88,4,2,4,2,6,"LHLL","LL",15,60,NA,44
"R_4GUN4Jd9mlViDex","LL",34.88,4,2,4,2,6,"LLLL","LL",25,100,NA,50.7692307692308
"R_s6DMDB3lxaWtG6J","LL",37.48,2,2,3,4,3,"HHHH","HH",15,20,NA,50.1960784313725
"R_s6DMDB3lxaWtG6J","LL",37.48,2,2,3,4,3,"HHHL","HH",15,20,NA,56
"R_s6DMDB3lxaWtG6J","LL",37.48,2,2,3,4,3,"HHHL","HL",10,13.3333333333333,NA,44.4444444444444
"R_s6DMDB3lxaWtG6J","LL",37.48,2,2,3,4,3,"HHLH","HH",15,20,NA,64.7058823529412
"R_s6DMDB3lxaWtG6J","LL",37.48,2,2,3,4,3,"HHLH","LH",5,20,NA,35.8823529411765
"R_s6DMDB3lxaWtG6J","LL",37.48,2,2,3,4,3,"HHLL","HH",10,13.3333333333333,NA,60
"R_s6DMDB3lxaWtG6J","LL",37.48,2,2,3,4,3,"HHLL","LL",2,8,NA,40.625
"R_s6DMDB3lxaWtG6J","LL",37.48,2,2,3,4,3,"HLHL","HL",2,2.66666666666667,NA,50.2564102564103
"R_s6DMDB3lxaWtG6J","LL",37.48,2,2,3,4,3,"HLLH","HL",15,20,NA,57.1428571428571
"R_s6DMDB3lxaWtG6J","LL",37.48,2,2,3,4,3,"HLLH","LH",2,8,NA,43.5714285714286
"R_s6DMDB3lxaWtG6J","LL",37.48,2,2,3,4,3,"HLLL","HL",10,13.3333333333333,NA,62.3076923076923
"R_s6DMDB3lxaWtG6J","LL",37.48,2,2,3,4,3,"HLLL","LL",2,8,NA,38.4615384615385
"R_s6DMDB3lxaWtG6J","LL",37.48,2,2,3,4,3,"LHLH","LH",2,8,NA,50.5882352941176
"R_s6DMDB3lxaWtG6J","LL",37.48,2,2,3,4,3,"LHLL","LH",5,20,NA,53.3333333333333
"R_s6DMDB3lxaWtG6J","LL",37.48,2,2,3,4,3,"LHLL","LL",2,8,NA,48
"R_s6DMDB3lxaWtG6J","LL",37.48,2,2,3,4,3,"LLLL","LL",2,8,NA,50.7692307692308
"R_22Qct4AQc7nPwep","LL",7.82,4,4,5,4,6,"HHHH","HH",75,100,NA,50.1960784313725
"R_22Qct4AQc7nPwep","LL",7.82,4,4,5,4,6,"HHHL","HH",75,100,NA,56.8888888888889
"R_22Qct4AQc7nPwep","LL",7.82,4,4,5,4,6,"HHHL","HL",75,100,NA,43.5555555555556
"R_22Qct4AQc7nPwep","LL",7.82,4,4,5,4,6,"HHLH","HH",35,46.6666666666667,NA,75.2941176470588
"R_22Qct4AQc7nPwep","LL",7.82,4,4,5,4,6,"HHLH","LH",12,48,NA,25.2941176470588
"R_22Qct4AQc7nPwep","LL",7.82,4,4,5,4,6,"HHLL","HH",35,46.6666666666667,NA,75.625
"R_22Qct4AQc7nPwep","LL",7.82,4,4,5,4,6,"HHLL","LL",12,48,NA,25
"R_22Qct4AQc7nPwep","LL",7.82,4,4,5,4,6,"HLHL","HL",75,100,NA,50.2564102564103
"R_22Qct4AQc7nPwep","LL",7.82,4,4,5,4,6,"HLLH","HL",35,46.6666666666667,NA,70
"R_22Qct4AQc7nPwep","LL",7.82,4,4,5,4,6,"HLLH","LH",12,48,NA,30.7142857142857
"R_22Qct4AQc7nPwep","LL",7.82,4,4,5,4,6,"HLLL","HL",35,46.6666666666667,NA,70
"R_22Qct4AQc7nPwep","LL",7.82,4,4,5,4,6,"HLLL","LL",12,48,NA,30.7692307692308
"R_22Qct4AQc7nPwep","LL",7.82,4,4,5,4,6,"LHLH","LH",25,100,NA,50.5882352941176
"R_22Qct4AQc7nPwep","LL",7.82,4,4,5,4,6,"LHLL","LH",25,100,NA,50.6666666666667
"R_22Qct4AQc7nPwep","LL",7.82,4,4,5,4,6,"LHLL","LL",25,100,NA,50.6666666666667
"R_22Qct4AQc7nPwep","LL",7.82,4,4,5,4,6,"LLLL","LL",12,48,NA,50.7692307692308
"R_1kSOlbrXjNLSr3B","LL",37.09,4,3,5,5,4,"HHHH","HH",30,40,NA,50.1960784313725
"R_1kSOlbrXjNLSr3B","LL",37.09,4,3,5,5,4,"HHHL","HH",30,40,NA,50.2222222222222
"R_1kSOlbrXjNLSr3B","LL",37.09,4,3,5,5,4,"HHHL","HL",30,40,NA,50.2222222222222
"R_1kSOlbrXjNLSr3B","LL",37.09,4,3,5,5,4,"HHLH","HH",30,40,NA,50.2941176470588
"R_1kSOlbrXjNLSr3B","LL",37.09,4,3,5,5,4,"HHLH","LH",15,60,NA,50.2941176470588
"R_1kSOlbrXjNLSr3B","LL",37.09,4,3,5,5,4,"HHLL","HH",30,40,NA,50.3125
"R_1kSOlbrXjNLSr3B","LL",37.09,4,3,5,5,4,"HHLL","LL",15,60,NA,50.3125
"R_1kSOlbrXjNLSr3B","LL",37.09,4,3,5,5,4,"HLHL","HL",25,33.3333333333333,NA,50.2564102564103
"R_1kSOlbrXjNLSr3B","LL",37.09,4,3,5,5,4,"HLLH","HL",30,40,NA,50.3571428571429
"R_1kSOlbrXjNLSr3B","LL",37.09,4,3,5,5,4,"HLLH","LH",15,60,NA,50.3571428571429
"R_1kSOlbrXjNLSr3B","LL",37.09,4,3,5,5,4,"HLLL","HL",30,40,NA,50.3846153846154
"R_1kSOlbrXjNLSr3B","LL",37.09,4,3,5,5,4,"HLLL","LL",15,60,NA,50.3846153846154
"R_1kSOlbrXjNLSr3B","LL",37.09,4,3,5,5,4,"LHLH","LH",15,60,NA,50.5882352941176
"R_1kSOlbrXjNLSr3B","LL",37.09,4,3,5,5,4,"LHLL","LH",10,40,NA,50.6666666666667
"R_1kSOlbrXjNLSr3B","LL",37.09,4,3,5,5,4,"LHLL","LL",15,60,NA,50.6666666666667
"R_1kSOlbrXjNLSr3B","LL",37.09,4,3,5,5,4,"LLLL","LL",15,60,NA,50.7692307692308
"R_1rd1EUAcWvjAfkx","LL",19.78,3,2,4,3,3,"HHHH","HH",75,100,NA,50.1960784313725
"R_1rd1EUAcWvjAfkx","LL",19.78,3,2,4,3,3,"HHHL","HH",75,100,NA,50.2222222222222
"R_1rd1EUAcWvjAfkx","LL",19.78,3,2,4,3,3,"HHHL","HL",75,100,NA,50.2222222222222
"R_1rd1EUAcWvjAfkx","LL",19.78,3,2,4,3,3,"HHLH","HH",30,40,NA,52.9411764705882
"R_1rd1EUAcWvjAfkx","LL",19.78,3,2,4,3,3,"HHLH","LH",25,100,NA,47.6470588235294
"R_1rd1EUAcWvjAfkx","LL",19.78,3,2,4,3,3,"HHLL","HH",25,33.3333333333333,NA,53.75
"R_1rd1EUAcWvjAfkx","LL",19.78,3,2,4,3,3,"HHLL","LL",25,100,NA,46.875
"R_1rd1EUAcWvjAfkx","LL",19.78,3,2,4,3,3,"HLHL","HL",75,100,NA,50.2564102564103
"R_1rd1EUAcWvjAfkx","LL",19.78,3,2,4,3,3,"HLLH","HL",32,42.6666666666667,NA,57.1428571428571
"R_1rd1EUAcWvjAfkx","LL",19.78,3,2,4,3,3,"HLLH","LH",25,100,NA,43.5714285714286
"R_1rd1EUAcWvjAfkx","LL",19.78,3,2,4,3,3,"HLLL","HL",35,46.6666666666667,NA,54.6153846153846
"R_1rd1EUAcWvjAfkx","LL",19.78,3,2,4,3,3,"HLLL","LL",25,100,NA,46.1538461538462
"R_1rd1EUAcWvjAfkx","LL",19.78,3,2,4,3,3,"LHLH","LH",25,100,NA,50.5882352941176
"R_1rd1EUAcWvjAfkx","LL",19.78,3,2,4,3,3,"LHLL","LH",25,100,NA,50.6666666666667
"R_1rd1EUAcWvjAfkx","LL",19.78,3,2,4,3,3,"LHLL","LL",25,100,NA,50.6666666666667
"R_1rd1EUAcWvjAfkx","LL",19.78,3,2,4,3,3,"LLLL","LL",25,100,NA,50.7692307692308
"R_12yA1wBCwDMgY02","LL",7.82,4,4,4,5,5,"HHHH","HH",30,40,NA,50.1960784313725
"R_12yA1wBCwDMgY02","LL",7.82,4,4,4,5,5,"HHHL","HH",30,40,NA,56.8888888888889
"R_12yA1wBCwDMgY02","LL",7.82,4,4,4,5,5,"HHHL","HL",30,40,NA,43.5555555555556
"R_12yA1wBCwDMgY02","LL",7.82,4,4,4,5,5,"HHLH","HH",30,40,NA,75.2941176470588
"R_12yA1wBCwDMgY02","LL",7.82,4,4,4,5,5,"HHLH","LH",10,40,NA,25.2941176470588
"R_12yA1wBCwDMgY02","LL",7.82,4,4,4,5,5,"HHLL","HH",30,40,NA,20.625
"R_12yA1wBCwDMgY02","LL",7.82,4,4,4,5,5,"HHLL","LL",10,40,NA,80
"R_12yA1wBCwDMgY02","LL",7.82,4,4,4,5,5,"HLHL","HL",30,40,NA,50.2564102564103
"R_12yA1wBCwDMgY02","LL",7.82,4,4,4,5,5,"HLLH","HL",30,40,NA,30.7142857142857
"R_12yA1wBCwDMgY02","LL",7.82,4,4,4,5,5,"HLLH","LH",10,40,NA,70
"R_12yA1wBCwDMgY02","LL",7.82,4,4,4,5,5,"HLLL","HL",30,40,NA,75.3846153846154
"R_12yA1wBCwDMgY02","LL",7.82,4,4,4,5,5,"HLLL","LL",15,60,NA,25.3846153846154
"R_12yA1wBCwDMgY02","LL",7.82,4,4,4,5,5,"LHLH","LH",10,40,NA,50.5882352941176
"R_12yA1wBCwDMgY02","LL",7.82,4,4,4,5,5,"LHLL","LH",10,40,NA,57.3333333333333
"R_12yA1wBCwDMgY02","LL",7.82,4,4,4,5,5,"LHLL","LL",10,40,NA,44
"R_12yA1wBCwDMgY02","LL",7.82,4,4,4,5,5,"LLLL","LL",10,40,NA,50.7692307692308
"R_1JWbjM6yVqccCPn","LL",31.5,3,4,6,5,4,"HHHH","HH",70,93.3333333333333,NA,51.3725490196078
"R_1JWbjM6yVqccCPn","LL",31.5,3,4,6,5,4,"HHHL","HH",45,60,NA,43.5555555555556
"R_1JWbjM6yVqccCPn","LL",31.5,3,4,6,5,4,"HHHL","HL",69,92,NA,56.8888888888889
"R_1JWbjM6yVqccCPn","LL",31.5,3,4,6,5,4,"HHLH","HH",60,80,NA,50
"R_1JWbjM6yVqccCPn","LL",31.5,3,4,6,5,4,"HHLH","LH",20,80,NA,50.5882352941176
"R_1JWbjM6yVqccCPn","LL",31.5,3,4,6,5,4,"HHLL","HH",60,80,NA,50.625
"R_1JWbjM6yVqccCPn","LL",31.5,3,4,6,5,4,"HHLL","LL",25,100,NA,50
"R_1JWbjM6yVqccCPn","LL",31.5,3,4,6,5,4,"HLHL","HL",50,66.6666666666667,NA,41.025641025641
"R_1JWbjM6yVqccCPn","LL",31.5,3,4,6,5,4,"HLLH","HL",50,66.6666666666667,NA,71.4285714285714
"R_1JWbjM6yVqccCPn","LL",31.5,3,4,6,5,4,"HLLH","LH",15,60,NA,29.2857142857143
"R_1JWbjM6yVqccCPn","LL",31.5,3,4,6,5,4,"HLLL","HL",60,80,NA,76.9230769230769
"R_1JWbjM6yVqccCPn","LL",31.5,3,4,6,5,4,"HLLL","LL",15,60,NA,23.8461538461538
"R_1JWbjM6yVqccCPn","LL",31.5,3,4,6,5,4,"LHLH","LH",15,60,NA,50.5882352941176
"R_1JWbjM6yVqccCPn","LL",31.5,3,4,6,5,4,"LHLL","LH",10,40,NA,46.6666666666667
"R_1JWbjM6yVqccCPn","LL",31.5,3,4,6,5,4,"LHLL","LL",15,60,NA,54.6666666666667
"R_1JWbjM6yVqccCPn","LL",31.5,3,4,6,5,4,"LLLL","LL",20,80,NA,50.7692307692308
"R_2rPElB2bFrkPZkO","LL",28.61,5,5,4,4,4,"HHHH","HH",75,100,NA,50.1960784313725
"R_2rPElB2bFrkPZkO","LL",28.61,5,5,4,4,4,"HHHL","HH",75,100,NA,40
"R_2rPElB2bFrkPZkO","LL",28.61,5,5,4,4,4,"HHHL","HL",20,26.6666666666667,NA,60.4444444444444
"R_2rPElB2bFrkPZkO","LL",28.61,5,5,4,4,4,"HHLH","HH",75,100,NA,50
"R_2rPElB2bFrkPZkO","LL",28.61,5,5,4,4,4,"HHLH","LH",25,100,NA,50.5882352941176
"R_2rPElB2bFrkPZkO","LL",28.61,5,5,4,4,4,"HHLL","HH",75,100,NA,50
"R_2rPElB2bFrkPZkO","LL",28.61,5,5,4,4,4,"HHLL","LL",5,20,NA,50.625
"R_2rPElB2bFrkPZkO","LL",28.61,5,5,4,4,4,"HLHL","HL",20,26.6666666666667,NA,50.2564102564103
"R_2rPElB2bFrkPZkO","LL",28.61,5,5,4,4,4,"HLLH","HL",20,26.6666666666667,NA,50
"R_2rPElB2bFrkPZkO","LL",28.61,5,5,4,4,4,"HLLH","LH",25,100,NA,50.7142857142857
"R_2rPElB2bFrkPZkO","LL",28.61,5,5,4,4,4,"HLLL","HL",10,13.3333333333333,NA,50
"R_2rPElB2bFrkPZkO","LL",28.61,5,5,4,4,4,"HLLL","LL",5,20,NA,50.7692307692308
"R_2rPElB2bFrkPZkO","LL",28.61,5,5,4,4,4,"LHLH","LH",25,100,NA,50.5882352941176
"R_2rPElB2bFrkPZkO","LL",28.61,5,5,4,4,4,"LHLL","LH",8,32,NA,61.3333333333333
"R_2rPElB2bFrkPZkO","LL",28.61,5,5,4,4,4,"LHLL","LL",5,20,NA,40
"R_2rPElB2bFrkPZkO","LL",28.61,5,5,4,4,4,"LLLL","LL",25,100,NA,50.7692307692308
"R_31nLTD51EzU9cs8","LL",-16.26,3,1,4,5,6,"HHHH","HH",75,100,NA,50.1960784313725
"R_31nLTD51EzU9cs8","LL",-16.26,3,1,4,5,6,"HHHL","HH",75,100,NA,56.8888888888889
"R_31nLTD51EzU9cs8","LL",-16.26,3,1,4,5,6,"HHHL","HL",25,33.3333333333333,NA,43.5555555555556
"R_31nLTD51EzU9cs8","LL",-16.26,3,1,4,5,6,"HHLH","HH",75,100,NA,75.2941176470588
"R_31nLTD51EzU9cs8","LL",-16.26,3,1,4,5,6,"HHLH","LH",25,100,NA,25.2941176470588
"R_31nLTD51EzU9cs8","LL",-16.26,3,1,4,5,6,"HHLL","HH",75,100,NA,80
"R_31nLTD51EzU9cs8","LL",-16.26,3,1,4,5,6,"HHLL","LL",0,0,NA,20.625
"R_31nLTD51EzU9cs8","LL",-16.26,3,1,4,5,6,"HLHL","HL",25,33.3333333333333,NA,50.2564102564103
"R_31nLTD51EzU9cs8","LL",-16.26,3,1,4,5,6,"HLLH","HL",25,33.3333333333333,NA,30.7142857142857
"R_31nLTD51EzU9cs8","LL",-16.26,3,1,4,5,6,"HLLH","LH",25,100,NA,70
"R_31nLTD51EzU9cs8","LL",-16.26,3,1,4,5,6,"HLLL","HL",25,33.3333333333333,NA,0
"R_31nLTD51EzU9cs8","LL",-16.26,3,1,4,5,6,"HLLL","LL",0,0,NA,100.769230769231
"R_31nLTD51EzU9cs8","LL",-16.26,3,1,4,5,6,"LHLH","LH",25,100,NA,50.5882352941176
"R_31nLTD51EzU9cs8","LL",-16.26,3,1,4,5,6,"LHLL","LH",25,100,NA,0
"R_31nLTD51EzU9cs8","LL",-16.26,3,1,4,5,6,"LHLL","LL",0,0,NA,101.333333333333
"R_31nLTD51EzU9cs8","LL",-16.26,3,1,4,5,6,"LLLL","LL",25,100,NA,50.7692307692308
"R_OP4odoH24WWdtW9","LL",7.82,4,2,4,4,5,"HHHH","HH",50,66.6666666666667,NA,50.1960784313725
"R_OP4odoH24WWdtW9","LL",7.82,4,2,4,4,5,"HHHL","HH",50,66.6666666666667,NA,50.2222222222222
"R_OP4odoH24WWdtW9","LL",7.82,4,2,4,4,5,"HHHL","HL",55,73.3333333333333,NA,50.2222222222222
"R_OP4odoH24WWdtW9","LL",7.82,4,2,4,4,5,"HHLH","HH",50,66.6666666666667,NA,50.2941176470588
"R_OP4odoH24WWdtW9","LL",7.82,4,2,4,4,5,"HHLH","LH",15,60,NA,50.2941176470588
"R_OP4odoH24WWdtW9","LL",7.82,4,2,4,4,5,"HHLL","HH",50,66.6666666666667,NA,50.3125
"R_OP4odoH24WWdtW9","LL",7.82,4,2,4,4,5,"HHLL","LL",10,40,NA,50.3125
"R_OP4odoH24WWdtW9","LL",7.82,4,2,4,4,5,"HLHL","HL",35,46.6666666666667,NA,50.2564102564103
"R_OP4odoH24WWdtW9","LL",7.82,4,2,4,4,5,"HLLH","HL",40,53.3333333333333,NA,50.3571428571429
"R_OP4odoH24WWdtW9","LL",7.82,4,2,4,4,5,"HLLH","LH",15,60,NA,50.3571428571429
"R_OP4odoH24WWdtW9","LL",7.82,4,2,4,4,5,"HLLL","HL",25,33.3333333333333,NA,50.3846153846154
"R_OP4odoH24WWdtW9","LL",7.82,4,2,4,4,5,"HLLL","LL",10,40,NA,50.3846153846154
"R_OP4odoH24WWdtW9","LL",7.82,4,2,4,4,5,"LHLH","LH",15,60,NA,50.5882352941176
"R_OP4odoH24WWdtW9","LL",7.82,4,2,4,4,5,"LHLL","LH",15,60,NA,50.6666666666667
"R_OP4odoH24WWdtW9","LL",7.82,4,2,4,4,5,"LHLL","LL",10,40,NA,50.6666666666667
"R_OP4odoH24WWdtW9","LL",7.82,4,2,4,4,5,"LLLL","LL",10,40,NA,50.7692307692308
"R_2RXsJNumpys1bRy","LL",34.88,4,2,2,6,2,"HHHH","HH",50,66.6666666666667,NA,50.1960784313725
"R_2RXsJNumpys1bRy","LL",34.88,4,2,2,6,2,"HHHL","HH",40,53.3333333333333,NA,54.6666666666667
"R_2RXsJNumpys1bRy","LL",34.88,4,2,2,6,2,"HHHL","HL",50,66.6666666666667,NA,45.7777777777778
"R_2RXsJNumpys1bRy","LL",34.88,4,2,2,6,2,"HHLH","HH",70,93.3333333333333,NA,37.0588235294118
"R_2RXsJNumpys1bRy","LL",34.88,4,2,2,6,2,"HHLH","LH",20,80,NA,63.5294117647059
"R_2RXsJNumpys1bRy","LL",34.88,4,2,2,6,2,"HHLL","HH",70,93.3333333333333,NA,63.125
"R_2RXsJNumpys1bRy","LL",34.88,4,2,2,6,2,"HHLL","LL",20,80,NA,37.5
"R_2RXsJNumpys1bRy","LL",34.88,4,2,2,6,2,"HLHL","HL",70,93.3333333333333,NA,50.2564102564103
"R_2RXsJNumpys1bRy","LL",34.88,4,2,2,6,2,"HLLH","HL",50,66.6666666666667,NA,60.7142857142857
"R_2RXsJNumpys1bRy","LL",34.88,4,2,2,6,2,"HLLH","LH",20,80,NA,40
"R_2RXsJNumpys1bRy","LL",34.88,4,2,2,6,2,"HLLL","HL",50,66.6666666666667,NA,62.3076923076923
"R_2RXsJNumpys1bRy","LL",34.88,4,2,2,6,2,"HLLL","LL",20,80,NA,38.4615384615385
"R_2RXsJNumpys1bRy","LL",34.88,4,2,2,6,2,"LHLH","LH",20,80,NA,50.5882352941176
"R_2RXsJNumpys1bRy","LL",34.88,4,2,2,6,2,"LHLL","LH",20,80,NA,50.6666666666667
"R_2RXsJNumpys1bRy","LL",34.88,4,2,2,6,2,"LHLL","LL",20,80,NA,50.6666666666667
"R_2RXsJNumpys1bRy","LL",34.88,4,2,2,6,2,"LLLL","LL",20,80,NA,50.7692307692308
"R_9ZRzC96wWsVf7KF","LL",37.48,2,4,4,4,4,"HHHH","HH",75,100,NA,50.1960784313725
"R_9ZRzC96wWsVf7KF","LL",37.48,2,4,4,4,4,"HHHL","HH",75,100,NA,50.2222222222222
"R_9ZRzC96wWsVf7KF","LL",37.48,2,4,4,4,4,"HHHL","HL",75,100,NA,50.2222222222222
"R_9ZRzC96wWsVf7KF","LL",37.48,2,4,4,4,4,"HHLH","HH",75,100,NA,50.2941176470588
"R_9ZRzC96wWsVf7KF","LL",37.48,2,4,4,4,4,"HHLH","LH",25,100,NA,50.2941176470588
"R_9ZRzC96wWsVf7KF","LL",37.48,2,4,4,4,4,"HHLL","HH",75,100,NA,50.3125
"R_9ZRzC96wWsVf7KF","LL",37.48,2,4,4,4,4,"HHLL","LL",25,100,NA,50.3125
"R_9ZRzC96wWsVf7KF","LL",37.48,2,4,4,4,4,"HLHL","HL",75,100,NA,50.2564102564103
"R_9ZRzC96wWsVf7KF","LL",37.48,2,4,4,4,4,"HLLH","HL",75,100,NA,50.3571428571429
"R_9ZRzC96wWsVf7KF","LL",37.48,2,4,4,4,4,"HLLH","LH",25,100,NA,50.3571428571429
"R_9ZRzC96wWsVf7KF","LL",37.48,2,4,4,4,4,"HLLL","HL",75,100,NA,50.3846153846154
"R_9ZRzC96wWsVf7KF","LL",37.48,2,4,4,4,4,"HLLL","LL",25,100,NA,50.3846153846154
"R_9ZRzC96wWsVf7KF","LL",37.48,2,4,4,4,4,"LHLH","LH",25,100,NA,50.5882352941176
"R_9ZRzC96wWsVf7KF","LL",37.48,2,4,4,4,4,"LHLL","LH",25,100,NA,50.6666666666667
"R_9ZRzC96wWsVf7KF","LL",37.48,2,4,4,4,4,"LHLL","LL",25,100,NA,50.6666666666667
"R_9ZRzC96wWsVf7KF","LL",37.48,2,4,4,4,4,"LLLL","LL",25,100,NA,50.7692307692308
"R_3lVua6IE8qWMxwI","LL",7.82,4,1,1,2,2,"HHHH","HH",75,100,NA,50.1960784313725
"R_3lVua6IE8qWMxwI","LL",7.82,4,1,1,2,2,"HHHL","HH",75,100,NA,50.2222222222222
"R_3lVua6IE8qWMxwI","LL",7.82,4,1,1,2,2,"HHHL","HL",75,100,NA,50.2222222222222
"R_3lVua6IE8qWMxwI","LL",7.82,4,1,1,2,2,"HHLH","HH",75,100,NA,50.5882352941176
"R_3lVua6IE8qWMxwI","LL",7.82,4,1,1,2,2,"HHLH","LH",25,100,NA,50
"R_3lVua6IE8qWMxwI","LL",7.82,4,1,1,2,2,"HHLL","HH",75,100,NA,50.625
"R_3lVua6IE8qWMxwI","LL",7.82,4,1,1,2,2,"HHLL","LL",25,100,NA,50
"R_3lVua6IE8qWMxwI","LL",7.82,4,1,1,2,2,"HLHL","HL",75,100,NA,50.2564102564103
"R_3lVua6IE8qWMxwI","LL",7.82,4,1,1,2,2,"HLLH","HL",25,33.3333333333333,NA,50.7142857142857
"R_3lVua6IE8qWMxwI","LL",7.82,4,1,1,2,2,"HLLH","LH",25,100,NA,50
"R_3lVua6IE8qWMxwI","LL",7.82,4,1,1,2,2,"HLLL","HL",75,100,NA,50.7692307692308
"R_3lVua6IE8qWMxwI","LL",7.82,4,1,1,2,2,"HLLL","LL",25,100,NA,50
"R_3lVua6IE8qWMxwI","LL",7.82,4,1,1,2,2,"LHLH","LH",25,100,NA,50.5882352941176
"R_3lVua6IE8qWMxwI","LL",7.82,4,1,1,2,2,"LHLL","LH",25,100,NA,50.6666666666667
"R_3lVua6IE8qWMxwI","LL",7.82,4,1,1,2,2,"LHLL","LL",25,100,NA,50.6666666666667
"R_3lVua6IE8qWMxwI","LL",7.82,4,1,1,2,2,"LLLL","LL",25,100,NA,50.7692307692308
"R_2YR5jzzJYZj5buG","LL",18.73,3,4,4,4,4,"HHHH","HH",20,26.6666666666667,NA,50.1960784313725
"R_2YR5jzzJYZj5buG","LL",18.73,3,4,4,4,4,"HHHL","HH",15,20,NA,50.2222222222222
"R_2YR5jzzJYZj5buG","LL",18.73,3,4,4,4,4,"HHHL","HL",10,13.3333333333333,NA,50.2222222222222
"R_2YR5jzzJYZj5buG","LL",18.73,3,4,4,4,4,"HHLH","HH",20,26.6666666666667,NA,41.1764705882353
"R_2YR5jzzJYZj5buG","LL",18.73,3,4,4,4,4,"HHLH","LH",10,40,NA,59.4117647058824
"R_2YR5jzzJYZj5buG","LL",18.73,3,4,4,4,4,"HHLL","HH",20,26.6666666666667,NA,44.375
"R_2YR5jzzJYZj5buG","LL",18.73,3,4,4,4,4,"HHLL","LL",5,20,NA,56.25
"R_2YR5jzzJYZj5buG","LL",18.73,3,4,4,4,4,"HLHL","HL",15,20,NA,50.2564102564103
"R_2YR5jzzJYZj5buG","LL",18.73,3,4,4,4,4,"HLLH","HL",15,20,NA,43.5714285714286
"R_2YR5jzzJYZj5buG","LL",18.73,3,4,4,4,4,"HLLH","LH",10,40,NA,57.1428571428571
"R_2YR5jzzJYZj5buG","LL",18.73,3,4,4,4,4,"HLLL","HL",10,13.3333333333333,NA,50.7692307692308
"R_2YR5jzzJYZj5buG","LL",18.73,3,4,4,4,4,"HLLL","LL",5,20,NA,50
"R_2YR5jzzJYZj5buG","LL",18.73,3,4,4,4,4,"LHLH","LH",10,40,NA,50.5882352941176
"R_2YR5jzzJYZj5buG","LL",18.73,3,4,4,4,4,"LHLL","LH",10,40,NA,50.6666666666667
"R_2YR5jzzJYZj5buG","LL",18.73,3,4,4,4,4,"LHLL","LL",10,40,NA,50.6666666666667
"R_2YR5jzzJYZj5buG","LL",18.73,3,4,4,4,4,"LLLL","LL",10,40,NA,50.7692307692308
"R_1gBg4kriJdsJRLP","LL",37.09,4,3,4,4,4,"HHHH","HH",35,46.6666666666667,NA,50.1960784313725
"R_1gBg4kriJdsJRLP","LL",37.09,4,3,4,4,4,"HHHL","HH",35,46.6666666666667,NA,50.2222222222222
"R_1gBg4kriJdsJRLP","LL",37.09,4,3,4,4,4,"HHHL","HL",40,53.3333333333333,NA,50.2222222222222
"R_1gBg4kriJdsJRLP","LL",37.09,4,3,4,4,4,"HHLH","HH",35,46.6666666666667,NA,50.2941176470588
"R_1gBg4kriJdsJRLP","LL",37.09,4,3,4,4,4,"HHLH","LH",10,40,NA,50.2941176470588
"R_1gBg4kriJdsJRLP","LL",37.09,4,3,4,4,4,"HHLL","HH",35,46.6666666666667,NA,50.3125
"R_1gBg4kriJdsJRLP","LL",37.09,4,3,4,4,4,"HHLL","LL",15,60,NA,50.3125
"R_1gBg4kriJdsJRLP","LL",37.09,4,3,4,4,4,"HLHL","HL",40,53.3333333333333,NA,50.2564102564103
"R_1gBg4kriJdsJRLP","LL",37.09,4,3,4,4,4,"HLLH","HL",35,46.6666666666667,NA,50.3571428571429
"R_1gBg4kriJdsJRLP","LL",37.09,4,3,4,4,4,"HLLH","LH",10,40,NA,50.3571428571429
"R_1gBg4kriJdsJRLP","LL",37.09,4,3,4,4,4,"HLLL","HL",40,53.3333333333333,NA,50.3846153846154
"R_1gBg4kriJdsJRLP","LL",37.09,4,3,4,4,4,"HLLL","LL",15,60,NA,50.3846153846154
"R_1gBg4kriJdsJRLP","LL",37.09,4,3,4,4,4,"LHLH","LH",15,60,NA,50.5882352941176
"R_1gBg4kriJdsJRLP","LL",37.09,4,3,4,4,4,"LHLL","LH",10,40,NA,50.6666666666667
"R_1gBg4kriJdsJRLP","LL",37.09,4,3,4,4,4,"LHLL","LL",15,60,NA,50.6666666666667
"R_1gBg4kriJdsJRLP","LL",37.09,4,3,4,4,4,"LLLL","LL",15,60,NA,50.7692307692308
"R_3Gv2HyYaWcdXxOj","LL",7.82,5,1,3,3,4,"HHHH","HH",50,66.6666666666667,NA,50.1960784313725
"R_3Gv2HyYaWcdXxOj","LL",7.82,5,1,3,3,4,"HHHL","HH",50,66.6666666666667,NA,50.2222222222222
"R_3Gv2HyYaWcdXxOj","LL",7.82,5,1,3,3,4,"HHHL","HL",50,66.6666666666667,NA,50.2222222222222
"R_3Gv2HyYaWcdXxOj","LL",7.82,5,1,3,3,4,"HHLH","HH",50,66.6666666666667,NA,12.3529411764706
"R_3Gv2HyYaWcdXxOj","LL",7.82,5,1,3,3,4,"HHLH","LH",0,0,NA,88.2352941176471
"R_3Gv2HyYaWcdXxOj","LL",7.82,5,1,3,3,4,"HHLL","HH",0,0,NA,0
"R_3Gv2HyYaWcdXxOj","LL",7.82,5,1,3,3,4,"HHLL","LL",0,0,NA,100.625
"R_3Gv2HyYaWcdXxOj","LL",7.82,5,1,3,3,4,"HLHL","HL",50,66.6666666666667,NA,50.2564102564103
"R_3Gv2HyYaWcdXxOj","LL",7.82,5,1,3,3,4,"HLLH","HL",0,0,NA,0
"R_3Gv2HyYaWcdXxOj","LL",7.82,5,1,3,3,4,"HLLH","LH",0,0,NA,100.714285714286
"R_3Gv2HyYaWcdXxOj","LL",7.82,5,1,3,3,4,"HLLL","HL",50,66.6666666666667,NA,0
"R_3Gv2HyYaWcdXxOj","LL",7.82,5,1,3,3,4,"HLLL","LL",0,0,NA,100.769230769231
"R_3Gv2HyYaWcdXxOj","LL",7.82,5,1,3,3,4,"LHLH","LH",0,0,NA,50.5882352941176
"R_3Gv2HyYaWcdXxOj","LL",7.82,5,1,3,3,4,"LHLL","LH",0,0,NA,50.6666666666667
"R_3Gv2HyYaWcdXxOj","LL",7.82,5,1,3,3,4,"LHLL","LL",0,0,NA,50.6666666666667
"R_3Gv2HyYaWcdXxOj","LL",7.82,5,1,3,3,4,"LLLL","LL",0,0,NA,50.7692307692308
"R_2v0NCYNYB0wL5Sd","LL",33.18,4,2,2,6,2,"HHHH","HH",60,80,NA,50.1960784313725
"R_2v0NCYNYB0wL5Sd","LL",33.18,4,2,2,6,2,"HHHL","HH",60,80,NA,50.2222222222222
"R_2v0NCYNYB0wL5Sd","LL",33.18,4,2,2,6,2,"HHHL","HL",50,66.6666666666667,NA,50.2222222222222
"R_2v0NCYNYB0wL5Sd","LL",33.18,4,2,2,6,2,"HHLH","HH",50,66.6666666666667,NA,50.2941176470588
"R_2v0NCYNYB0wL5Sd","LL",33.18,4,2,2,6,2,"HHLH","LH",15,60,NA,50.2941176470588
"R_2v0NCYNYB0wL5Sd","LL",33.18,4,2,2,6,2,"HHLL","HH",50,66.6666666666667,NA,50.3125
"R_2v0NCYNYB0wL5Sd","LL",33.18,4,2,2,6,2,"HHLL","LL",10,40,NA,50.3125
"R_2v0NCYNYB0wL5Sd","LL",33.18,4,2,2,6,2,"HLHL","HL",30,40,NA,50.2564102564103
"R_2v0NCYNYB0wL5Sd","LL",33.18,4,2,2,6,2,"HLLH","HL",50,66.6666666666667,NA,50.3571428571429
"R_2v0NCYNYB0wL5Sd","LL",33.18,4,2,2,6,2,"HLLH","LH",20,80,NA,50.3571428571429
"R_2v0NCYNYB0wL5Sd","LL",33.18,4,2,2,6,2,"HLLL","HL",50,66.6666666666667,NA,50.3846153846154
"R_2v0NCYNYB0wL5Sd","LL",33.18,4,2,2,6,2,"HLLL","LL",15,60,NA,50.3846153846154
"R_2v0NCYNYB0wL5Sd","LL",33.18,4,2,2,6,2,"LHLH","LH",20,80,NA,50.5882352941176
"R_2v0NCYNYB0wL5Sd","LL",33.18,4,2,2,6,2,"LHLL","LH",15,60,NA,50.6666666666667
"R_2v0NCYNYB0wL5Sd","LL",33.18,4,2,2,6,2,"LHLL","LL",15,60,NA,50.6666666666667
"R_2v0NCYNYB0wL5Sd","LL",33.18,4,2,2,6,2,"LLLL","LL",10,40,NA,50.7692307692308
"R_SGENkKD7HcjdsY1","LL",7.82,4,2,1,2,1,"HHHH","HH",75,100,NA,50.1960784313725
"R_SGENkKD7HcjdsY1","LL",7.82,4,2,1,2,1,"HHHL","HH",75,100,NA,56
"R_SGENkKD7HcjdsY1","LL",7.82,4,2,1,2,1,"HHHL","HL",75,100,NA,44.4444444444444
"R_SGENkKD7HcjdsY1","LL",7.82,4,2,1,2,1,"HHLH","HH",75,100,NA,73.5294117647059
"R_SGENkKD7HcjdsY1","LL",7.82,4,2,1,2,1,"HHLH","LH",25,100,NA,27.0588235294118
"R_SGENkKD7HcjdsY1","LL",7.82,4,2,1,2,1,"HHLL","HH",75,100,NA,68.75
"R_SGENkKD7HcjdsY1","LL",7.82,4,2,1,2,1,"HHLL","LL",25,100,NA,31.875
"R_SGENkKD7HcjdsY1","LL",7.82,4,2,1,2,1,"HLHL","HL",75,100,NA,50.2564102564103
"R_SGENkKD7HcjdsY1","LL",7.82,4,2,1,2,1,"HLLH","HL",75,100,NA,71.4285714285714
"R_SGENkKD7HcjdsY1","LL",7.82,4,2,1,2,1,"HLLH","LH",25,100,NA,29.2857142857143
"R_SGENkKD7HcjdsY1","LL",7.82,4,2,1,2,1,"HLLL","HL",75,100,NA,76.9230769230769
"R_SGENkKD7HcjdsY1","LL",7.82,4,2,1,2,1,"HLLL","LL",25,100,NA,23.8461538461538
"R_SGENkKD7HcjdsY1","LL",7.82,4,2,1,2,1,"LHLH","LH",25,100,NA,50.5882352941176
"R_SGENkKD7HcjdsY1","LL",7.82,4,2,1,2,1,"LHLL","LH",25,100,NA,60
"R_SGENkKD7HcjdsY1","LL",7.82,4,2,1,2,1,"LHLL","LL",25,100,NA,41.3333333333333
"R_SGENkKD7HcjdsY1","LL",7.82,4,2,1,2,1,"LLLL","LL",25,100,NA,50.7692307692308
"R_54M96vpWvwz2vxD","LL",37.09,3,2,5,5,4,"HHHH","HH",20,26.6666666666667,NA,50.1960784313725
"R_54M96vpWvwz2vxD","LL",37.09,3,2,5,5,4,"HHHL","HH",20,26.6666666666667,NA,50.2222222222222
"R_54M96vpWvwz2vxD","LL",37.09,3,2,5,5,4,"HHHL","HL",20,26.6666666666667,NA,50.2222222222222
"R_54M96vpWvwz2vxD","LL",37.09,3,2,5,5,4,"HHLH","HH",10,13.3333333333333,NA,50.5882352941176
"R_54M96vpWvwz2vxD","LL",37.09,3,2,5,5,4,"HHLH","LH",10,40,NA,50
"R_54M96vpWvwz2vxD","LL",37.09,3,2,5,5,4,"HHLL","HH",20,26.6666666666667,NA,50.625
"R_54M96vpWvwz2vxD","LL",37.09,3,2,5,5,4,"HHLL","LL",20,80,NA,50
"R_54M96vpWvwz2vxD","LL",37.09,3,2,5,5,4,"HLHL","HL",10,13.3333333333333,NA,50.2564102564103
"R_54M96vpWvwz2vxD","LL",37.09,3,2,5,5,4,"HLLH","HL",10,13.3333333333333,NA,50.7142857142857
"R_54M96vpWvwz2vxD","LL",37.09,3,2,5,5,4,"HLLH","LH",10,40,NA,50
"R_54M96vpWvwz2vxD","LL",37.09,3,2,5,5,4,"HLLL","HL",10,13.3333333333333,NA,50.7692307692308
"R_54M96vpWvwz2vxD","LL",37.09,3,2,5,5,4,"HLLL","LL",10,40,NA,50
"R_54M96vpWvwz2vxD","LL",37.09,3,2,5,5,4,"LHLH","LH",10,40,NA,50.5882352941176
"R_54M96vpWvwz2vxD","LL",37.09,3,2,5,5,4,"LHLL","LH",10,40,NA,50.6666666666667
"R_54M96vpWvwz2vxD","LL",37.09,3,2,5,5,4,"LHLL","LL",10,40,NA,50.6666666666667
"R_54M96vpWvwz2vxD","LL",37.09,3,2,5,5,4,"LLLL","LL",10,40,NA,50.7692307692308
"R_3rUsir0k4qtacTz","LL",23.84,2,2,3,5,3,"HHHH","HH",75,100,NA,50.1960784313725
"R_3rUsir0k4qtacTz","LL",23.84,2,2,3,5,3,"HHHL","HH",75,100,NA,50.2222222222222
"R_3rUsir0k4qtacTz","LL",23.84,2,2,3,5,3,"HHHL","HL",75,100,NA,50.2222222222222
"R_3rUsir0k4qtacTz","LL",23.84,2,2,3,5,3,"HHLH","HH",75,100,NA,51.764705882353
"R_3rUsir0k4qtacTz","LL",23.84,2,2,3,5,3,"HHLH","LH",5,20,NA,48.8235294117647
"R_3rUsir0k4qtacTz","LL",23.84,2,2,3,5,3,"HHLL","HH",75,100,NA,50.625
"R_3rUsir0k4qtacTz","LL",23.84,2,2,3,5,3,"HHLL","LL",5,20,NA,50
"R_3rUsir0k4qtacTz","LL",23.84,2,2,3,5,3,"HLHL","HL",75,100,NA,50.2564102564103
"R_3rUsir0k4qtacTz","LL",23.84,2,2,3,5,3,"HLLH","HL",75,100,NA,57.1428571428571
"R_3rUsir0k4qtacTz","LL",23.84,2,2,3,5,3,"HLLH","LH",5,20,NA,43.5714285714286
"R_3rUsir0k4qtacTz","LL",23.84,2,2,3,5,3,"HLLL","HL",75,100,NA,61.5384615384615
"R_3rUsir0k4qtacTz","LL",23.84,2,2,3,5,3,"HLLL","LL",5,20,NA,39.2307692307692
"R_3rUsir0k4qtacTz","LL",23.84,2,2,3,5,3,"LHLH","LH",5,20,NA,50.5882352941176
"R_3rUsir0k4qtacTz","LL",23.84,2,2,3,5,3,"LHLL","LH",5,20,NA,50.6666666666667
"R_3rUsir0k4qtacTz","LL",23.84,2,2,3,5,3,"LHLL","LL",5,20,NA,50.6666666666667
"R_3rUsir0k4qtacTz","LL",23.84,2,2,3,5,3,"LLLL","LL",5,20,NA,50.7692307692308
"R_9vQ5xjeByKSJtbH","LL",34.88,5,1,1,7,1,"HHHH","HH",35,46.6666666666667,NA,50.1960784313725
"R_9vQ5xjeByKSJtbH","LL",34.88,5,1,1,7,1,"HHHL","HH",33,44,NA,50.2222222222222
"R_9vQ5xjeByKSJtbH","LL",34.88,5,1,1,7,1,"HHHL","HL",32,42.6666666666667,NA,50.2222222222222
"R_9vQ5xjeByKSJtbH","LL",34.88,5,1,1,7,1,"HHLH","HH",30,40,NA,50.5882352941176
"R_9vQ5xjeByKSJtbH","LL",34.88,5,1,1,7,1,"HHLH","LH",12,48,NA,50
"R_9vQ5xjeByKSJtbH","LL",34.88,5,1,1,7,1,"HHLL","HH",30,40,NA,50.625
"R_9vQ5xjeByKSJtbH","LL",34.88,5,1,1,7,1,"HHLL","LL",10,40,NA,50
"R_9vQ5xjeByKSJtbH","LL",34.88,5,1,1,7,1,"HLHL","HL",35,46.6666666666667,NA,50.2564102564103
"R_9vQ5xjeByKSJtbH","LL",34.88,5,1,1,7,1,"HLLH","HL",30,40,NA,50.7142857142857
"R_9vQ5xjeByKSJtbH","LL",34.88,5,1,1,7,1,"HLLH","LH",12,48,NA,50
"R_9vQ5xjeByKSJtbH","LL",34.88,5,1,1,7,1,"HLLL","HL",30,40,NA,50.7692307692308
"R_9vQ5xjeByKSJtbH","LL",34.88,5,1,1,7,1,"HLLL","LL",10,40,NA,50
"R_9vQ5xjeByKSJtbH","LL",34.88,5,1,1,7,1,"LHLH","LH",25,100,NA,50.5882352941176
"R_9vQ5xjeByKSJtbH","LL",34.88,5,1,1,7,1,"LHLL","LH",22,88,NA,52
"R_9vQ5xjeByKSJtbH","LL",34.88,5,1,1,7,1,"LHLL","LL",21,84,NA,49.3333333333333
"R_9vQ5xjeByKSJtbH","LL",34.88,5,1,1,7,1,"LLLL","LL",25,100,NA,50.7692307692308
"R_3EQ3AEgNtBFaMtX","LL",37.48,1,2,6,2,6,"HHHH","HH",60,80,NA,50.1960784313725
"R_3EQ3AEgNtBFaMtX","LL",37.48,1,2,6,2,6,"HHHL","HH",60,80,NA,44.4444444444444
"R_3EQ3AEgNtBFaMtX","LL",37.48,1,2,6,2,6,"HHHL","HL",50,66.6666666666667,NA,56
"R_3EQ3AEgNtBFaMtX","LL",37.48,1,2,6,2,6,"HHLH","HH",50,66.6666666666667,NA,26.4705882352941
"R_3EQ3AEgNtBFaMtX","LL",37.48,1,2,6,2,6,"HHLH","LH",15,60,NA,74.1176470588235
"R_3EQ3AEgNtBFaMtX","LL",37.48,1,2,6,2,6,"HHLL","HH",60,80,NA,75
"R_3EQ3AEgNtBFaMtX","LL",37.48,1,2,6,2,6,"HHLL","LL",10,40,NA,25.625
"R_3EQ3AEgNtBFaMtX","LL",37.48,1,2,6,2,6,"HLHL","HL",50,66.6666666666667,NA,50.2564102564103
"R_3EQ3AEgNtBFaMtX","LL",37.48,1,2,6,2,6,"HLLH","HL",50,66.6666666666667,NA,67.8571428571429
"R_3EQ3AEgNtBFaMtX","LL",37.48,1,2,6,2,6,"HLLH","LH",15,60,NA,32.8571428571429
"R_3EQ3AEgNtBFaMtX","LL",37.48,1,2,6,2,6,"HLLL","HL",50,66.6666666666667,NA,27.6923076923077
"R_3EQ3AEgNtBFaMtX","LL",37.48,1,2,6,2,6,"HLLL","LL",15,60,NA,73.0769230769231
"R_3EQ3AEgNtBFaMtX","LL",37.48,1,2,6,2,6,"LHLH","LH",15,60,NA,50.5882352941176
"R_3EQ3AEgNtBFaMtX","LL",37.48,1,2,6,2,6,"LHLL","LH",15,60,NA,48
"R_3EQ3AEgNtBFaMtX","LL",37.48,1,2,6,2,6,"LHLL","LL",10,40,NA,53.3333333333333
"R_3EQ3AEgNtBFaMtX","LL",37.48,1,2,6,2,6,"LLLL","LL",10,40,NA,50.7692307692308
"R_2f2GpDRMyRmgXP8","LL",7.82,5,1,1,2,1,"HHHH","HH",25,33.3333333333333,NA,50.1960784313725
"R_2f2GpDRMyRmgXP8","LL",7.82,5,1,1,2,1,"HHHL","HH",25,33.3333333333333,NA,50.2222222222222
"R_2f2GpDRMyRmgXP8","LL",7.82,5,1,1,2,1,"HHHL","HL",25,33.3333333333333,NA,50.2222222222222
"R_2f2GpDRMyRmgXP8","LL",7.82,5,1,1,2,1,"HHLH","HH",25,33.3333333333333,NA,50
"R_2f2GpDRMyRmgXP8","LL",7.82,5,1,1,2,1,"HHLH","LH",5,20,NA,50.5882352941176
"R_2f2GpDRMyRmgXP8","LL",7.82,5,1,1,2,1,"HHLL","HH",25,33.3333333333333,NA,50
"R_2f2GpDRMyRmgXP8","LL",7.82,5,1,1,2,1,"HHLL","LL",5,20,NA,50.625
"R_2f2GpDRMyRmgXP8","LL",7.82,5,1,1,2,1,"HLHL","HL",25,33.3333333333333,NA,50.2564102564103
"R_2f2GpDRMyRmgXP8","LL",7.82,5,1,1,2,1,"HLLH","HL",25,33.3333333333333,NA,50
"R_2f2GpDRMyRmgXP8","LL",7.82,5,1,1,2,1,"HLLH","LH",5,20,NA,50.7142857142857
"R_2f2GpDRMyRmgXP8","LL",7.82,5,1,1,2,1,"HLLL","HL",25,33.3333333333333,NA,50
"R_2f2GpDRMyRmgXP8","LL",7.82,5,1,1,2,1,"HLLL","LL",5,20,NA,50.7692307692308
"R_2f2GpDRMyRmgXP8","LL",7.82,5,1,1,2,1,"LHLH","LH",5,20,NA,50.5882352941176
"R_2f2GpDRMyRmgXP8","LL",7.82,5,1,1,2,1,"LHLL","LH",5,20,NA,50.6666666666667
"R_2f2GpDRMyRmgXP8","LL",7.82,5,1,1,2,1,"LHLL","LL",5,20,NA,50.6666666666667
"R_2f2GpDRMyRmgXP8","LL",7.82,5,1,1,2,1,"LLLL","LL",5,20,NA,50.7692307692308
"R_wMqTGhVfEqLiB5n","LL",5.82,3,2,3,3,3,"HHHH","HH",10,13.3333333333333,NA,50.1960784313725
"R_wMqTGhVfEqLiB5n","LL",5.82,3,2,3,3,3,"HHHL","HH",10,13.3333333333333,NA,56.8888888888889
"R_wMqTGhVfEqLiB5n","LL",5.82,3,2,3,3,3,"HHHL","HL",10,13.3333333333333,NA,43.5555555555556
"R_wMqTGhVfEqLiB5n","LL",5.82,3,2,3,3,3,"HHLH","HH",10,13.3333333333333,NA,75.2941176470588
"R_wMqTGhVfEqLiB5n","LL",5.82,3,2,3,3,3,"HHLH","LH",5,20,NA,25.2941176470588
"R_wMqTGhVfEqLiB5n","LL",5.82,3,2,3,3,3,"HHLL","HH",10,13.3333333333333,NA,80
"R_wMqTGhVfEqLiB5n","LL",5.82,3,2,3,3,3,"HHLL","LL",5,20,NA,20.625
"R_wMqTGhVfEqLiB5n","LL",5.82,3,2,3,3,3,"HLHL","HL",10,13.3333333333333,NA,50.2564102564103
"R_wMqTGhVfEqLiB5n","LL",5.82,3,2,3,3,3,"HLLH","HL",10,13.3333333333333,NA,70
"R_wMqTGhVfEqLiB5n","LL",5.82,3,2,3,3,3,"HLLH","LH",5,20,NA,30.7142857142857
"R_wMqTGhVfEqLiB5n","LL",5.82,3,2,3,3,3,"HLLL","HL",10,13.3333333333333,NA,75.3846153846154
"R_wMqTGhVfEqLiB5n","LL",5.82,3,2,3,3,3,"HLLL","LL",5,20,NA,25.3846153846154
"R_wMqTGhVfEqLiB5n","LL",5.82,3,2,3,3,3,"LHLH","LH",10,40,NA,50.5882352941176
"R_wMqTGhVfEqLiB5n","LL",5.82,3,2,3,3,3,"LHLL","LH",10,40,NA,57.3333333333333
"R_wMqTGhVfEqLiB5n","LL",5.82,3,2,3,3,3,"LHLL","LL",10,40,NA,44
"R_wMqTGhVfEqLiB5n","LL",5.82,3,2,3,3,3,"LLLL","LL",5,20,NA,50.7692307692308
"R_bpX0v5sjbQIvwLn","LL",-7.82,4,1,4,4,5,"HHHH","HH",75,100,NA,50.1960784313725
"R_bpX0v5sjbQIvwLn","LL",-7.82,4,1,4,4,5,"HHHL","HH",75,100,NA,50.2222222222222
"R_bpX0v5sjbQIvwLn","LL",-7.82,4,1,4,4,5,"HHHL","HL",75,100,NA,50.2222222222222
"R_bpX0v5sjbQIvwLn","LL",-7.82,4,1,4,4,5,"HHLH","HH",75,100,NA,50.5882352941176
"R_bpX0v5sjbQIvwLn","LL",-7.82,4,1,4,4,5,"HHLH","LH",25,100,NA,50
"R_bpX0v5sjbQIvwLn","LL",-7.82,4,1,4,4,5,"HHLL","HH",75,100,NA,50.625
"R_bpX0v5sjbQIvwLn","LL",-7.82,4,1,4,4,5,"HHLL","LL",25,100,NA,50
"R_bpX0v5sjbQIvwLn","LL",-7.82,4,1,4,4,5,"HLHL","HL",75,100,NA,50.2564102564103
"R_bpX0v5sjbQIvwLn","LL",-7.82,4,1,4,4,5,"HLLH","HL",75,100,NA,50.7142857142857
"R_bpX0v5sjbQIvwLn","LL",-7.82,4,1,4,4,5,"HLLH","LH",25,100,NA,50
"R_bpX0v5sjbQIvwLn","LL",-7.82,4,1,4,4,5,"HLLL","HL",75,100,NA,50.7692307692308
"R_bpX0v5sjbQIvwLn","LL",-7.82,4,1,4,4,5,"HLLL","LL",25,100,NA,50
"R_bpX0v5sjbQIvwLn","LL",-7.82,4,1,4,4,5,"LHLH","LH",25,100,NA,50.5882352941176
"R_bpX0v5sjbQIvwLn","LL",-7.82,4,1,4,4,5,"LHLL","LH",25,100,NA,50.6666666666667
"R_bpX0v5sjbQIvwLn","LL",-7.82,4,1,4,4,5,"LHLL","LL",25,100,NA,50.6666666666667
"R_bpX0v5sjbQIvwLn","LL",-7.82,4,1,4,4,5,"LLLL","LL",25,100,NA,50.7692307692308
"R_2Xh4jsfVh9DKzpm","LL",26.87,4,4,7,2,7,"HHHH","HH",20,26.6666666666667,NA,50.1960784313725
"R_2Xh4jsfVh9DKzpm","LL",26.87,4,4,7,2,7,"HHHL","HH",20,26.6666666666667,NA,50.2222222222222
"R_2Xh4jsfVh9DKzpm","LL",26.87,4,4,7,2,7,"HHHL","HL",10,13.3333333333333,NA,50.2222222222222
"R_2Xh4jsfVh9DKzpm","LL",26.87,4,4,7,2,7,"HHLH","HH",20,26.6666666666667,NA,50.2941176470588
"R_2Xh4jsfVh9DKzpm","LL",26.87,4,4,7,2,7,"HHLH","LH",10,40,NA,50.2941176470588
"R_2Xh4jsfVh9DKzpm","LL",26.87,4,4,7,2,7,"HHLL","HH",20,26.6666666666667,NA,50.3125
"R_2Xh4jsfVh9DKzpm","LL",26.87,4,4,7,2,7,"HHLL","LL",10,40,NA,50.3125
"R_2Xh4jsfVh9DKzpm","LL",26.87,4,4,7,2,7,"HLHL","HL",20,26.6666666666667,NA,50.2564102564103
"R_2Xh4jsfVh9DKzpm","LL",26.87,4,4,7,2,7,"HLLH","HL",20,26.6666666666667,NA,50.3571428571429
"R_2Xh4jsfVh9DKzpm","LL",26.87,4,4,7,2,7,"HLLH","LH",10,40,NA,50.3571428571429
"R_2Xh4jsfVh9DKzpm","LL",26.87,4,4,7,2,7,"HLLL","HL",20,26.6666666666667,NA,50.3846153846154
"R_2Xh4jsfVh9DKzpm","LL",26.87,4,4,7,2,7,"HLLL","LL",10,40,NA,50.3846153846154
"R_2Xh4jsfVh9DKzpm","LL",26.87,4,4,7,2,7,"LHLH","LH",10,40,NA,50.5882352941176
"R_2Xh4jsfVh9DKzpm","LL",26.87,4,4,7,2,7,"LHLL","LH",10,40,NA,50.6666666666667
"R_2Xh4jsfVh9DKzpm","LL",26.87,4,4,7,2,7,"LHLL","LL",10,40,NA,50.6666666666667
"R_2Xh4jsfVh9DKzpm","LL",26.87,4,4,7,2,7,"LLLL","LL",10,40,NA,50.7692307692308
"R_2QVDCWAkHHTQJvb","LL",7.82,2,4,6,7,6,"HHHH","HH",75,100,NA,50.1960784313725
"R_2QVDCWAkHHTQJvb","LL",7.82,2,4,6,7,6,"HHHL","HH",75,100,NA,50.2222222222222
"R_2QVDCWAkHHTQJvb","LL",7.82,2,4,6,7,6,"HHHL","HL",75,100,NA,50.2222222222222
"R_2QVDCWAkHHTQJvb","LL",7.82,2,4,6,7,6,"HHLH","HH",75,100,NA,50.5882352941176
"R_2QVDCWAkHHTQJvb","LL",7.82,2,4,6,7,6,"HHLH","LH",25,100,NA,50
"R_2QVDCWAkHHTQJvb","LL",7.82,2,4,6,7,6,"HHLL","HH",75,100,NA,50.625
"R_2QVDCWAkHHTQJvb","LL",7.82,2,4,6,7,6,"HHLL","LL",25,100,NA,50
"R_2QVDCWAkHHTQJvb","LL",7.82,2,4,6,7,6,"HLHL","HL",75,100,NA,50.2564102564103
"R_2QVDCWAkHHTQJvb","LL",7.82,2,4,6,7,6,"HLLH","HL",75,100,NA,50.7142857142857
"R_2QVDCWAkHHTQJvb","LL",7.82,2,4,6,7,6,"HLLH","LH",25,100,NA,50
"R_2QVDCWAkHHTQJvb","LL",7.82,2,4,6,7,6,"HLLL","HL",75,100,NA,50.7692307692308
"R_2QVDCWAkHHTQJvb","LL",7.82,2,4,6,7,6,"HLLL","LL",25,100,NA,50
"R_2QVDCWAkHHTQJvb","LL",7.82,2,4,6,7,6,"LHLH","LH",25,100,NA,50.5882352941176
"R_2QVDCWAkHHTQJvb","LL",7.82,2,4,6,7,6,"LHLL","LH",25,100,NA,50.6666666666667
"R_2QVDCWAkHHTQJvb","LL",7.82,2,4,6,7,6,"LHLL","LL",25,100,NA,50.6666666666667
"R_2QVDCWAkHHTQJvb","LL",7.82,2,4,6,7,6,"LLLL","LL",25,100,NA,50.7692307692308
"R_1NFacRcJeOpRlxc","LL",45,5,1,1,5,1,"HHHH","HH",75,100,NA,50.1960784313725
"R_1NFacRcJeOpRlxc","LL",45,5,1,1,5,1,"HHHL","HH",75,100,NA,50.2222222222222
"R_1NFacRcJeOpRlxc","LL",45,5,1,1,5,1,"HHHL","HL",75,100,NA,50.2222222222222
"R_1NFacRcJeOpRlxc","LL",45,5,1,1,5,1,"HHLH","HH",75,100,NA,50.2941176470588
"R_1NFacRcJeOpRlxc","LL",45,5,1,1,5,1,"HHLH","LH",25,100,NA,50.2941176470588
"R_1NFacRcJeOpRlxc","LL",45,5,1,1,5,1,"HHLL","HH",75,100,NA,50.3125
"R_1NFacRcJeOpRlxc","LL",45,5,1,1,5,1,"HHLL","LL",25,100,NA,50.3125
"R_1NFacRcJeOpRlxc","LL",45,5,1,1,5,1,"HLHL","HL",75,100,NA,50.2564102564103
"R_1NFacRcJeOpRlxc","LL",45,5,1,1,5,1,"HLLH","HL",75,100,NA,50.3571428571429
"R_1NFacRcJeOpRlxc","LL",45,5,1,1,5,1,"HLLH","LH",25,100,NA,50.3571428571429
"R_1NFacRcJeOpRlxc","LL",45,5,1,1,5,1,"HLLL","HL",75,100,NA,50.3846153846154
"R_1NFacRcJeOpRlxc","LL",45,5,1,1,5,1,"HLLL","LL",25,100,NA,50.3846153846154
"R_1NFacRcJeOpRlxc","LL",45,5,1,1,5,1,"LHLH","LH",25,100,NA,50.5882352941176
"R_1NFacRcJeOpRlxc","LL",45,5,1,1,5,1,"LHLL","LH",25,100,NA,50.6666666666667
"R_1NFacRcJeOpRlxc","LL",45,5,1,1,5,1,"LHLL","LL",25,100,NA,50.6666666666667
"R_1NFacRcJeOpRlxc","LL",45,5,1,1,5,1,"LLLL","LL",25,100,NA,50.7692307692308
"R_27TmFya3wQYGkF5","TP",7.82,3,1,2,2,2,"HHHH","HH",50,66.6666666666667,NA,50.1960784313725
"R_27TmFya3wQYGkF5","TP",7.82,3,1,2,2,2,"HHHL","HH",50,66.6666666666667,NA,50.2222222222222
"R_27TmFya3wQYGkF5","TP",7.82,3,1,2,2,2,"HHHL","HL",50,66.6666666666667,NA,50.2222222222222
"R_27TmFya3wQYGkF5","TP",7.82,3,1,2,2,2,"HHLH","HH",50,66.6666666666667,NA,50
"R_27TmFya3wQYGkF5","TP",7.82,3,1,2,2,2,"HHLH","LH",15,60,NA,50.5882352941176
"R_27TmFya3wQYGkF5","TP",7.82,3,1,2,2,2,"HHLL","HH",50,66.6666666666667,NA,50
"R_27TmFya3wQYGkF5","TP",7.82,3,1,2,2,2,"HHLL","LL",15,60,NA,50.625
"R_27TmFya3wQYGkF5","TP",7.82,3,1,2,2,2,"HLHL","HL",50,66.6666666666667,NA,50.2564102564103
"R_27TmFya3wQYGkF5","TP",7.82,3,1,2,2,2,"HLLH","HL",50,66.6666666666667,NA,50
"R_27TmFya3wQYGkF5","TP",7.82,3,1,2,2,2,"HLLH","LH",15,60,NA,50.7142857142857
"R_27TmFya3wQYGkF5","TP",7.82,3,1,2,2,2,"HLLL","HL",50,66.6666666666667,NA,50
"R_27TmFya3wQYGkF5","TP",7.82,3,1,2,2,2,"HLLL","LL",15,60,NA,50.7692307692308
"R_27TmFya3wQYGkF5","TP",7.82,3,1,2,2,2,"LHLH","LH",15,60,NA,50.5882352941176
"R_27TmFya3wQYGkF5","TP",7.82,3,1,2,2,2,"LHLL","LH",15,60,NA,50.6666666666667
"R_27TmFya3wQYGkF5","TP",7.82,3,1,2,2,2,"LHLL","LL",15,60,NA,50.6666666666667
"R_27TmFya3wQYGkF5","TP",7.82,3,1,2,2,2,"LLLL","LL",15,60,NA,50.7692307692308
"R_1dHuoOA8KUJGLx1","TP",-13.47,4,2,3,3,3,"HHHH","HH",30,40,NA,50.1960784313725
"R_1dHuoOA8KUJGLx1","TP",-13.47,4,2,3,3,3,"HHHL","HH",40,53.3333333333333,NA,56.8888888888889
"R_1dHuoOA8KUJGLx1","TP",-13.47,4,2,3,3,3,"HHHL","HL",25,33.3333333333333,NA,43.5555555555556
"R_1dHuoOA8KUJGLx1","TP",-13.47,4,2,3,3,3,"HHLH","HH",35,46.6666666666667,NA,75.2941176470588
"R_1dHuoOA8KUJGLx1","TP",-13.47,4,2,3,3,3,"HHLH","LH",12,48,NA,25.2941176470588
"R_1dHuoOA8KUJGLx1","TP",-13.47,4,2,3,3,3,"HHLL","HH",25,33.3333333333333,NA,80
"R_1dHuoOA8KUJGLx1","TP",-13.47,4,2,3,3,3,"HHLL","LL",10,40,NA,20.625
"R_1dHuoOA8KUJGLx1","TP",-13.47,4,2,3,3,3,"HLHL","HL",25,33.3333333333333,NA,50.2564102564103
"R_1dHuoOA8KUJGLx1","TP",-13.47,4,2,3,3,3,"HLLH","HL",20,26.6666666666667,NA,70
"R_1dHuoOA8KUJGLx1","TP",-13.47,4,2,3,3,3,"HLLH","LH",12,48,NA,30.7142857142857
"R_1dHuoOA8KUJGLx1","TP",-13.47,4,2,3,3,3,"HLLL","HL",25,33.3333333333333,NA,75.3846153846154
"R_1dHuoOA8KUJGLx1","TP",-13.47,4,2,3,3,3,"HLLL","LL",10,40,NA,25.3846153846154
"R_1dHuoOA8KUJGLx1","TP",-13.47,4,2,3,3,3,"LHLH","LH",12,48,NA,50.5882352941176
"R_1dHuoOA8KUJGLx1","TP",-13.47,4,2,3,3,3,"LHLL","LH",12,48,NA,57.3333333333333
"R_1dHuoOA8KUJGLx1","TP",-13.47,4,2,3,3,3,"LHLL","LL",10,40,NA,44
"R_1dHuoOA8KUJGLx1","TP",-13.47,4,2,3,3,3,"LLLL","LL",12,48,NA,50.7692307692308
"R_TcoZ0LSGOVgRZjX","TP",45,3,1,2,4,3,"HHHH","HH",50,66.6666666666667,NA,49.8039215686275
"R_TcoZ0LSGOVgRZjX","TP",45,3,1,2,4,3,"HHHL","HH",60,80,NA,50.2222222222222
"R_TcoZ0LSGOVgRZjX","TP",45,3,1,2,4,3,"HHHL","HL",50,66.6666666666667,NA,50.2222222222222
"R_TcoZ0LSGOVgRZjX","TP",45,3,1,2,4,3,"HHLH","HH",65,86.6666666666667,NA,50
"R_TcoZ0LSGOVgRZjX","TP",45,3,1,2,4,3,"HHLH","LH",15,60,NA,50.5882352941176
"R_TcoZ0LSGOVgRZjX","TP",45,3,1,2,4,3,"HHLL","HH",60,80,NA,50
"R_TcoZ0LSGOVgRZjX","TP",45,3,1,2,4,3,"HHLL","LL",10,40,NA,50.625
"R_TcoZ0LSGOVgRZjX","TP",45,3,1,2,4,3,"HLHL","HL",50,66.6666666666667,NA,50.2564102564103
"R_TcoZ0LSGOVgRZjX","TP",45,3,1,2,4,3,"HLLH","HL",50,66.6666666666667,NA,50
"R_TcoZ0LSGOVgRZjX","TP",45,3,1,2,4,3,"HLLH","LH",20,80,NA,50.7142857142857
"R_TcoZ0LSGOVgRZjX","TP",45,3,1,2,4,3,"HLLL","HL",35,46.6666666666667,NA,50
"R_TcoZ0LSGOVgRZjX","TP",45,3,1,2,4,3,"HLLL","LL",10,40,NA,50.7692307692308
"R_TcoZ0LSGOVgRZjX","TP",45,3,1,2,4,3,"LHLH","LH",15,60,NA,50.5882352941176
"R_TcoZ0LSGOVgRZjX","TP",45,3,1,2,4,3,"LHLL","LH",15,60,NA,50.6666666666667
"R_TcoZ0LSGOVgRZjX","TP",45,3,1,2,4,3,"LHLL","LL",10,40,NA,50.6666666666667
"R_TcoZ0LSGOVgRZjX","TP",45,3,1,2,4,3,"LLLL","LL",15,60,NA,50.7692307692308
"R_11hZCphgPRmd7TB","TP",7.82,4,2,4,4,4,"HHHH","HH",50,66.6666666666667,NA,50.1960784313725
"R_11hZCphgPRmd7TB","TP",7.82,4,2,4,4,4,"HHHL","HH",50,66.6666666666667,NA,50.2222222222222
"R_11hZCphgPRmd7TB","TP",7.82,4,2,4,4,4,"HHHL","HL",50,66.6666666666667,NA,50.2222222222222
"R_11hZCphgPRmd7TB","TP",7.82,4,2,4,4,4,"HHLH","HH",50,66.6666666666667,NA,50.5882352941176
"R_11hZCphgPRmd7TB","TP",7.82,4,2,4,4,4,"HHLH","LH",15,60,NA,50
"R_11hZCphgPRmd7TB","TP",7.82,4,2,4,4,4,"HHLL","HH",50,66.6666666666667,NA,50
"R_11hZCphgPRmd7TB","TP",7.82,4,2,4,4,4,"HHLL","LL",10,40,NA,50.625
"R_11hZCphgPRmd7TB","TP",7.82,4,2,4,4,4,"HLHL","HL",50,66.6666666666667,NA,50.2564102564103
"R_11hZCphgPRmd7TB","TP",7.82,4,2,4,4,4,"HLLH","HL",50,66.6666666666667,NA,50.7142857142857
"R_11hZCphgPRmd7TB","TP",7.82,4,2,4,4,4,"HLLH","LH",15,60,NA,50
"R_11hZCphgPRmd7TB","TP",7.82,4,2,4,4,4,"HLLL","HL",50,66.6666666666667,NA,50
"R_11hZCphgPRmd7TB","TP",7.82,4,2,4,4,4,"HLLL","LL",0,0,NA,50.7692307692308
"R_11hZCphgPRmd7TB","TP",7.82,4,2,4,4,4,"LHLH","LH",10,40,NA,50.5882352941176
"R_11hZCphgPRmd7TB","TP",7.82,4,2,4,4,4,"LHLL","LH",10,40,NA,50.6666666666667
"R_11hZCphgPRmd7TB","TP",7.82,4,2,4,4,4,"LHLL","LL",10,40,NA,50.6666666666667
"R_11hZCphgPRmd7TB","TP",7.82,4,2,4,4,4,"LLLL","LL",10,40,NA,50.7692307692308
"R_1dBnmYzSsx8TECm","TP",-7.82,3,2,3,3,1,"HHHH","HH",25,33.3333333333333,NA,50.1960784313725
"R_1dBnmYzSsx8TECm","TP",-7.82,3,2,3,3,1,"HHHL","HH",25,33.3333333333333,NA,50.2222222222222
"R_1dBnmYzSsx8TECm","TP",-7.82,3,2,3,3,1,"HHHL","HL",20,26.6666666666667,NA,50.2222222222222
"R_1dBnmYzSsx8TECm","TP",-7.82,3,2,3,3,1,"HHLH","HH",25,33.3333333333333,NA,50.5882352941176
"R_1dBnmYzSsx8TECm","TP",-7.82,3,2,3,3,1,"HHLH","LH",10,40,NA,50
"R_1dBnmYzSsx8TECm","TP",-7.82,3,2,3,3,1,"HHLL","HH",25,33.3333333333333,NA,50.625
"R_1dBnmYzSsx8TECm","TP",-7.82,3,2,3,3,1,"HHLL","LL",5,20,NA,50
"R_1dBnmYzSsx8TECm","TP",-7.82,3,2,3,3,1,"HLHL","HL",20,26.6666666666667,NA,50.2564102564103
"R_1dBnmYzSsx8TECm","TP",-7.82,3,2,3,3,1,"HLLH","HL",20,26.6666666666667,NA,50.7142857142857
"R_1dBnmYzSsx8TECm","TP",-7.82,3,2,3,3,1,"HLLH","LH",10,40,NA,50
"R_1dBnmYzSsx8TECm","TP",-7.82,3,2,3,3,1,"HLLL","HL",25,33.3333333333333,NA,50.7692307692308
"R_1dBnmYzSsx8TECm","TP",-7.82,3,2,3,3,1,"HLLL","LL",5,20,NA,50
"R_1dBnmYzSsx8TECm","TP",-7.82,3,2,3,3,1,"LHLH","LH",10,40,NA,50.5882352941176
"R_1dBnmYzSsx8TECm","TP",-7.82,3,2,3,3,1,"LHLL","LH",15,60,NA,50.6666666666667
"R_1dBnmYzSsx8TECm","TP",-7.82,3,2,3,3,1,"LHLL","LL",5,20,NA,50.6666666666667
"R_1dBnmYzSsx8TECm","TP",-7.82,3,2,3,3,1,"LLLL","LL",5,20,NA,50.7692307692308
"R_3NQYwdGYQfFUf3E","TP",7.82,4,2,4,3,3,"HHHH","HH",40,53.3333333333333,NA,50.1960784313725
"R_3NQYwdGYQfFUf3E","TP",7.82,4,2,4,3,3,"HHHL","HH",40,53.3333333333333,NA,50.2222222222222
"R_3NQYwdGYQfFUf3E","TP",7.82,4,2,4,3,3,"HHHL","HL",40,53.3333333333333,NA,50.2222222222222
"R_3NQYwdGYQfFUf3E","TP",7.82,4,2,4,3,3,"HHLH","HH",40,53.3333333333333,NA,52.9411764705882
"R_3NQYwdGYQfFUf3E","TP",7.82,4,2,4,3,3,"HHLH","LH",10,40,NA,47.6470588235294
"R_3NQYwdGYQfFUf3E","TP",7.82,4,2,4,3,3,"HHLL","HH",40,53.3333333333333,NA,50.625
"R_3NQYwdGYQfFUf3E","TP",7.82,4,2,4,3,3,"HHLL","LL",10,40,NA,50
"R_3NQYwdGYQfFUf3E","TP",7.82,4,2,4,3,3,"HLHL","HL",40,53.3333333333333,NA,50.2564102564103
"R_3NQYwdGYQfFUf3E","TP",7.82,4,2,4,3,3,"HLLH","HL",40,53.3333333333333,NA,50
"R_3NQYwdGYQfFUf3E","TP",7.82,4,2,4,3,3,"HLLH","LH",10,40,NA,50.7142857142857
"R_3NQYwdGYQfFUf3E","TP",7.82,4,2,4,3,3,"HLLL","HL",40,53.3333333333333,NA,50.7692307692308
"R_3NQYwdGYQfFUf3E","TP",7.82,4,2,4,3,3,"HLLL","LL",10,40,NA,50
"R_3NQYwdGYQfFUf3E","TP",7.82,4,2,4,3,3,"LHLH","LH",10,40,NA,50.5882352941176
"R_3NQYwdGYQfFUf3E","TP",7.82,4,2,4,3,3,"LHLL","LH",10,40,NA,50.6666666666667
"R_3NQYwdGYQfFUf3E","TP",7.82,4,2,4,3,3,"LHLL","LL",10,40,NA,50.6666666666667
"R_3NQYwdGYQfFUf3E","TP",7.82,4,2,4,3,3,"LLLL","LL",10,40,NA,50.7692307692308
"R_1dK70mBkfvwhQqe","TP",34.88,5,2,4,4,3,"HHHH","HH",60,80,NA,50.1960784313725
"R_1dK70mBkfvwhQqe","TP",34.88,5,2,4,4,3,"HHHL","HH",60,80,NA,50.2222222222222
"R_1dK70mBkfvwhQqe","TP",34.88,5,2,4,4,3,"HHHL","HL",50,66.6666666666667,NA,50.2222222222222
"R_1dK70mBkfvwhQqe","TP",34.88,5,2,4,4,3,"HHLH","HH",50,66.6666666666667,NA,50.5882352941176
"R_1dK70mBkfvwhQqe","TP",34.88,5,2,4,4,3,"HHLH","LH",15,60,NA,50
"R_1dK70mBkfvwhQqe","TP",34.88,5,2,4,4,3,"HHLL","HH",60,80,NA,50
"R_1dK70mBkfvwhQqe","TP",34.88,5,2,4,4,3,"HHLL","LL",15,60,NA,50.625
"R_1dK70mBkfvwhQqe","TP",34.88,5,2,4,4,3,"HLHL","HL",50,66.6666666666667,NA,50.2564102564103
"R_1dK70mBkfvwhQqe","TP",34.88,5,2,4,4,3,"HLLH","HL",50,66.6666666666667,NA,50
"R_1dK70mBkfvwhQqe","TP",34.88,5,2,4,4,3,"HLLH","LH",15,60,NA,50.7142857142857
"R_1dK70mBkfvwhQqe","TP",34.88,5,2,4,4,3,"HLLL","HL",50,66.6666666666667,NA,50
"R_1dK70mBkfvwhQqe","TP",34.88,5,2,4,4,3,"HLLL","LL",15,60,NA,50.7692307692308
"R_1dK70mBkfvwhQqe","TP",34.88,5,2,4,4,3,"LHLH","LH",20,80,NA,50.5882352941176
"R_1dK70mBkfvwhQqe","TP",34.88,5,2,4,4,3,"LHLL","LH",15,60,NA,50.6666666666667
"R_1dK70mBkfvwhQqe","TP",34.88,5,2,4,4,3,"LHLL","LL",15,60,NA,50.6666666666667
"R_1dK70mBkfvwhQqe","TP",34.88,5,2,4,4,3,"LLLL","LL",15,60,NA,50.7692307692308
"R_1OSGVqBulySaH0w","TP",37.48,5,1,2,2,2,"HHHH","HH",30,40,NA,50.1960784313725
"R_1OSGVqBulySaH0w","TP",37.48,5,1,2,2,2,"HHHL","HH",30,40,NA,50.2222222222222
"R_1OSGVqBulySaH0w","TP",37.48,5,1,2,2,2,"HHHL","HL",25,33.3333333333333,NA,50.2222222222222
"R_1OSGVqBulySaH0w","TP",37.48,5,1,2,2,2,"HHLH","HH",30,40,NA,52.9411764705882
"R_1OSGVqBulySaH0w","TP",37.48,5,1,2,2,2,"HHLH","LH",10,40,NA,47.6470588235294
"R_1OSGVqBulySaH0w","TP",37.48,5,1,2,2,2,"HHLL","HH",30,40,NA,53.125
"R_1OSGVqBulySaH0w","TP",37.48,5,1,2,2,2,"HHLL","LL",8,32,NA,47.5
"R_1OSGVqBulySaH0w","TP",37.48,5,1,2,2,2,"HLHL","HL",25,33.3333333333333,NA,50.2564102564103
"R_1OSGVqBulySaH0w","TP",37.48,5,1,2,2,2,"HLLH","HL",25,33.3333333333333,NA,53.5714285714286
"R_1OSGVqBulySaH0w","TP",37.48,5,1,2,2,2,"HLLH","LH",10,40,NA,47.1428571428571
"R_1OSGVqBulySaH0w","TP",37.48,5,1,2,2,2,"HLLL","HL",25,33.3333333333333,NA,53.8461538461538
"R_1OSGVqBulySaH0w","TP",37.48,5,1,2,2,2,"HLLL","LL",8,32,NA,46.9230769230769
"R_1OSGVqBulySaH0w","TP",37.48,5,1,2,2,2,"LHLH","LH",10,40,NA,50.5882352941176
"R_1OSGVqBulySaH0w","TP",37.48,5,1,2,2,2,"LHLL","LH",10,40,NA,50.6666666666667
"R_1OSGVqBulySaH0w","TP",37.48,5,1,2,2,2,"LHLL","LL",8,32,NA,50.6666666666667
"R_1OSGVqBulySaH0w","TP",37.48,5,1,2,2,2,"LLLL","LL",8,32,NA,50.7692307692308
"R_z8zh0so743LmLPb","TP",7.82,4,2,3,3,3,"HHHH","HH",60,80,NA,50.1960784313725
"R_z8zh0so743LmLPb","TP",7.82,4,2,3,3,3,"HHHL","HH",50,66.6666666666667,NA,50.2222222222222
"R_z8zh0so743LmLPb","TP",7.82,4,2,3,3,3,"HHHL","HL",40,53.3333333333333,NA,50.2222222222222
"R_z8zh0so743LmLPb","TP",7.82,4,2,3,3,3,"HHLH","HH",60,80,NA,50.5882352941176
"R_z8zh0so743LmLPb","TP",7.82,4,2,3,3,3,"HHLH","LH",10,40,NA,50
"R_z8zh0so743LmLPb","TP",7.82,4,2,3,3,3,"HHLL","HH",50,66.6666666666667,NA,50.625
"R_z8zh0so743LmLPb","TP",7.82,4,2,3,3,3,"HHLL","LL",10,40,NA,50
"R_z8zh0so743LmLPb","TP",7.82,4,2,3,3,3,"HLHL","HL",40,53.3333333333333,NA,50.2564102564103
"R_z8zh0so743LmLPb","TP",7.82,4,2,3,3,3,"HLLH","HL",40,53.3333333333333,NA,50.7142857142857
"R_z8zh0so743LmLPb","TP",7.82,4,2,3,3,3,"HLLH","LH",10,40,NA,50
"R_z8zh0so743LmLPb","TP",7.82,4,2,3,3,3,"HLLL","HL",40,53.3333333333333,NA,50.7692307692308
"R_z8zh0so743LmLPb","TP",7.82,4,2,3,3,3,"HLLL","LL",10,40,NA,50
"R_z8zh0so743LmLPb","TP",7.82,4,2,3,3,3,"LHLH","LH",10,40,NA,50.5882352941176
"R_z8zh0so743LmLPb","TP",7.82,4,2,3,3,3,"LHLL","LH",10,40,NA,50.6666666666667
"R_z8zh0so743LmLPb","TP",7.82,4,2,3,3,3,"LHLL","LL",5,20,NA,50.6666666666667
"R_z8zh0so743LmLPb","TP",7.82,4,2,3,3,3,"LLLL","LL",10,40,NA,50.7692307692308
"R_3rPugs9DFdyF6Yb","TP",45,4,2,3,3,4,"HHHH","HH",75,100,NA,50.1960784313725
"R_3rPugs9DFdyF6Yb","TP",45,4,2,3,3,4,"HHHL","HH",75,100,NA,50.2222222222222
"R_3rPugs9DFdyF6Yb","TP",45,4,2,3,3,4,"HHHL","HL",75,100,NA,50.2222222222222
"R_3rPugs9DFdyF6Yb","TP",45,4,2,3,3,4,"HHLH","HH",75,100,NA,50
"R_3rPugs9DFdyF6Yb","TP",45,4,2,3,3,4,"HHLH","LH",25,100,NA,50.5882352941176
"R_3rPugs9DFdyF6Yb","TP",45,4,2,3,3,4,"HHLL","HH",75,100,NA,50
"R_3rPugs9DFdyF6Yb","TP",45,4,2,3,3,4,"HHLL","LL",25,100,NA,50.625
"R_3rPugs9DFdyF6Yb","TP",45,4,2,3,3,4,"HLHL","HL",75,100,NA,50.2564102564103
"R_3rPugs9DFdyF6Yb","TP",45,4,2,3,3,4,"HLLH","HL",75,100,NA,50.7142857142857
"R_3rPugs9DFdyF6Yb","TP",45,4,2,3,3,4,"HLLH","LH",25,100,NA,50
"R_3rPugs9DFdyF6Yb","TP",45,4,2,3,3,4,"HLLL","HL",75,100,NA,50.7692307692308
"R_3rPugs9DFdyF6Yb","TP",45,4,2,3,3,4,"HLLL","LL",25,100,NA,50
"R_3rPugs9DFdyF6Yb","TP",45,4,2,3,3,4,"LHLH","LH",25,100,NA,50.5882352941176
"R_3rPugs9DFdyF6Yb","TP",45,4,2,3,3,4,"LHLL","LH",25,100,NA,50.6666666666667
"R_3rPugs9DFdyF6Yb","TP",45,4,2,3,3,4,"LHLL","LL",25,100,NA,50.6666666666667
"R_3rPugs9DFdyF6Yb","TP",45,4,2,3,3,4,"LLLL","LL",25,100,NA,50.7692307692308
"R_22EXTyR6eFsk44r","TP",7.82,1,1,3,2,2,"HHHH","HH",50,66.6666666666667,NA,50.1960784313725
"R_22EXTyR6eFsk44r","TP",7.82,1,1,3,2,2,"HHHL","HH",50,66.6666666666667,NA,50.2222222222222
"R_22EXTyR6eFsk44r","TP",7.82,1,1,3,2,2,"HHHL","HL",40,53.3333333333333,NA,50.2222222222222
"R_22EXTyR6eFsk44r","TP",7.82,1,1,3,2,2,"HHLH","HH",50,66.6666666666667,NA,50.5882352941176
"R_22EXTyR6eFsk44r","TP",7.82,1,1,3,2,2,"HHLH","LH",15,60,NA,50
"R_22EXTyR6eFsk44r","TP",7.82,1,1,3,2,2,"HHLL","HH",40,53.3333333333333,NA,50.625
"R_22EXTyR6eFsk44r","TP",7.82,1,1,3,2,2,"HHLL","LL",15,60,NA,50
"R_22EXTyR6eFsk44r","TP",7.82,1,1,3,2,2,"HLHL","HL",40,53.3333333333333,NA,50.2564102564103
"R_22EXTyR6eFsk44r","TP",7.82,1,1,3,2,2,"HLLH","HL",40,53.3333333333333,NA,50
"R_22EXTyR6eFsk44r","TP",7.82,1,1,3,2,2,"HLLH","LH",15,60,NA,50.7142857142857
"R_22EXTyR6eFsk44r","TP",7.82,1,1,3,2,2,"HLLL","HL",40,53.3333333333333,NA,50.7692307692308
"R_22EXTyR6eFsk44r","TP",7.82,1,1,3,2,2,"HLLL","LL",10,40,NA,50
"R_22EXTyR6eFsk44r","TP",7.82,1,1,3,2,2,"LHLH","LH",15,60,NA,50.5882352941176
"R_22EXTyR6eFsk44r","TP",7.82,1,1,3,2,2,"LHLL","LH",15,60,NA,50.6666666666667
"R_22EXTyR6eFsk44r","TP",7.82,1,1,3,2,2,"LHLL","LL",10,40,NA,50.6666666666667
"R_22EXTyR6eFsk44r","TP",7.82,1,1,3,2,2,"LLLL","LL",10,40,NA,50.7692307692308
"R_3EQoyFx4EFgl9gR","TP",7.82,5,2,4,4,4,"HHHH","HH",25,33.3333333333333,NA,50.1960784313725
"R_3EQoyFx4EFgl9gR","TP",7.82,5,2,4,4,4,"HHHL","HH",30,40,NA,56.8888888888889
"R_3EQoyFx4EFgl9gR","TP",7.82,5,2,4,4,4,"HHHL","HL",30,40,NA,43.5555555555556
"R_3EQoyFx4EFgl9gR","TP",7.82,5,2,4,4,4,"HHLH","HH",35,46.6666666666667,NA,75.2941176470588
"R_3EQoyFx4EFgl9gR","TP",7.82,5,2,4,4,4,"HHLH","LH",25,100,NA,25.2941176470588
"R_3EQoyFx4EFgl9gR","TP",7.82,5,2,4,4,4,"HHLL","HH",40,53.3333333333333,NA,81.25
"R_3EQoyFx4EFgl9gR","TP",7.82,5,2,4,4,4,"HHLL","LL",0,0,NA,19.375
"R_3EQoyFx4EFgl9gR","TP",7.82,5,2,4,4,4,"HLHL","HL",75,100,NA,50.2564102564103
"R_3EQoyFx4EFgl9gR","TP",7.82,5,2,4,4,4,"HLLH","HL",75,100,NA,70
"R_3EQoyFx4EFgl9gR","TP",7.82,5,2,4,4,4,"HLLH","LH",0,0,NA,30.7142857142857
"R_3EQoyFx4EFgl9gR","TP",7.82,5,2,4,4,4,"HLLL","HL",75,100,NA,75.3846153846154
"R_3EQoyFx4EFgl9gR","TP",7.82,5,2,4,4,4,"HLLL","LL",0,0,NA,25.3846153846154
"R_3EQoyFx4EFgl9gR","TP",7.82,5,2,4,4,4,"LHLH","LH",0,0,NA,50.5882352941176
"R_3EQoyFx4EFgl9gR","TP",7.82,5,2,4,4,4,"LHLL","LH",0,0,NA,50.6666666666667
"R_3EQoyFx4EFgl9gR","TP",7.82,5,2,4,4,4,"LHLL","LL",0,0,NA,50.6666666666667
"R_3EQoyFx4EFgl9gR","TP",7.82,5,2,4,4,4,"LLLL","LL",0,0,NA,50.7692307692308
"R_1LcneNZ5i6VVm88","TP",-7.82,4,1,4,4,4,"HHHH","HH",50,66.6666666666667,NA,50.1960784313725
"R_1LcneNZ5i6VVm88","TP",-7.82,4,1,4,4,4,"HHHL","HH",50,66.6666666666667,NA,50.2222222222222
"R_1LcneNZ5i6VVm88","TP",-7.82,4,1,4,4,4,"HHHL","HL",50,66.6666666666667,NA,50.2222222222222
"R_1LcneNZ5i6VVm88","TP",-7.82,4,1,4,4,4,"HHLH","HH",50,66.6666666666667,NA,41.7647058823529
"R_1LcneNZ5i6VVm88","TP",-7.82,4,1,4,4,4,"HHLH","LH",10,40,NA,58.8235294117647
"R_1LcneNZ5i6VVm88","TP",-7.82,4,1,4,4,4,"HHLL","HH",50,66.6666666666667,NA,50
"R_1LcneNZ5i6VVm88","TP",-7.82,4,1,4,4,4,"HHLL","LL",10,40,NA,50.625
"R_1LcneNZ5i6VVm88","TP",-7.82,4,1,4,4,4,"HLHL","HL",50,66.6666666666667,NA,50.2564102564103
"R_1LcneNZ5i6VVm88","TP",-7.82,4,1,4,4,4,"HLLH","HL",50,66.6666666666667,NA,29.2857142857143
"R_1LcneNZ5i6VVm88","TP",-7.82,4,1,4,4,4,"HLLH","LH",10,40,NA,71.4285714285714
"R_1LcneNZ5i6VVm88","TP",-7.82,4,1,4,4,4,"HLLL","HL",50,66.6666666666667,NA,23.8461538461538
"R_1LcneNZ5i6VVm88","TP",-7.82,4,1,4,4,4,"HLLL","LL",10,40,NA,76.9230769230769
"R_1LcneNZ5i6VVm88","TP",-7.82,4,1,4,4,4,"LHLH","LH",10,40,NA,50.5882352941176
"R_1LcneNZ5i6VVm88","TP",-7.82,4,1,4,4,4,"LHLL","LH",10,40,NA,50.6666666666667
"R_1LcneNZ5i6VVm88","TP",-7.82,4,1,4,4,4,"LHLL","LL",10,40,NA,50.6666666666667
"R_1LcneNZ5i6VVm88","TP",-7.82,4,1,4,4,4,"LLLL","LL",10,40,NA,50.7692307692308
"R_1j6xzkS7WtlMusP","TP",34.88,4,2,3,5,4,"HHHH","HH",50,66.6666666666667,NA,50.1960784313725
"R_1j6xzkS7WtlMusP","TP",34.88,4,2,3,5,4,"HHHL","HH",50,66.6666666666667,NA,56
"R_1j6xzkS7WtlMusP","TP",34.88,4,2,3,5,4,"HHHL","HL",45,60,NA,44.4444444444444
"R_1j6xzkS7WtlMusP","TP",34.88,4,2,3,5,4,"HHLH","HH",50,66.6666666666667,NA,76.4705882352941
"R_1j6xzkS7WtlMusP","TP",34.88,4,2,3,5,4,"HHLH","LH",15,60,NA,24.1176470588235
"R_1j6xzkS7WtlMusP","TP",34.88,4,2,3,5,4,"HHLL","HH",50,66.6666666666667,NA,81.25
"R_1j6xzkS7WtlMusP","TP",34.88,4,2,3,5,4,"HHLL","LL",15,60,NA,19.375
"R_1j6xzkS7WtlMusP","TP",34.88,4,2,3,5,4,"HLHL","HL",50,66.6666666666667,NA,50.2564102564103
"R_1j6xzkS7WtlMusP","TP",34.88,4,2,3,5,4,"HLLH","HL",50,66.6666666666667,NA,71.4285714285714
"R_1j6xzkS7WtlMusP","TP",34.88,4,2,3,5,4,"HLLH","LH",15,60,NA,29.2857142857143
"R_1j6xzkS7WtlMusP","TP",34.88,4,2,3,5,4,"HLLL","HL",50,66.6666666666667,NA,73.8461538461539
"R_1j6xzkS7WtlMusP","TP",34.88,4,2,3,5,4,"HLLL","LL",15,60,NA,26.9230769230769
"R_1j6xzkS7WtlMusP","TP",34.88,4,2,3,5,4,"LHLH","LH",15,60,NA,50.5882352941176
"R_1j6xzkS7WtlMusP","TP",34.88,4,2,3,5,4,"LHLL","LH",15,60,NA,37.3333333333333
"R_1j6xzkS7WtlMusP","TP",34.88,4,2,3,5,4,"LHLL","LL",10,40,NA,64
"R_1j6xzkS7WtlMusP","TP",34.88,4,2,3,5,4,"LLLL","LL",15,60,NA,50.7692307692308
"R_3FIfbMIMdxEfupm","TP",34.88,4,2,5,5,5,"HHHH","HH",60,80,NA,50.1960784313725
"R_3FIfbMIMdxEfupm","TP",34.88,4,2,5,5,5,"HHHL","HH",40,53.3333333333333,NA,50.2222222222222
"R_3FIfbMIMdxEfupm","TP",34.88,4,2,5,5,5,"HHHL","HL",40,53.3333333333333,NA,50.2222222222222
"R_3FIfbMIMdxEfupm","TP",34.88,4,2,5,5,5,"HHLH","HH",40,53.3333333333333,NA,50.5882352941176
"R_3FIfbMIMdxEfupm","TP",34.88,4,2,5,5,5,"HHLH","LH",10,40,NA,50
"R_3FIfbMIMdxEfupm","TP",34.88,4,2,5,5,5,"HHLL","HH",40,53.3333333333333,NA,50.625
"R_3FIfbMIMdxEfupm","TP",34.88,4,2,5,5,5,"HHLL","LL",10,40,NA,50
"R_3FIfbMIMdxEfupm","TP",34.88,4,2,5,5,5,"HLHL","HL",40,53.3333333333333,NA,50.2564102564103
"R_3FIfbMIMdxEfupm","TP",34.88,4,2,5,5,5,"HLLH","HL",40,53.3333333333333,NA,50.7142857142857
"R_3FIfbMIMdxEfupm","TP",34.88,4,2,5,5,5,"HLLH","LH",10,40,NA,50
"R_3FIfbMIMdxEfupm","TP",34.88,4,2,5,5,5,"HLLL","HL",40,53.3333333333333,NA,50.7692307692308
"R_3FIfbMIMdxEfupm","TP",34.88,4,2,5,5,5,"HLLL","LL",10,40,NA,50
"R_3FIfbMIMdxEfupm","TP",34.88,4,2,5,5,5,"LHLH","LH",10,40,NA,50.5882352941176
"R_3FIfbMIMdxEfupm","TP",34.88,4,2,5,5,5,"LHLL","LH",10,40,NA,50.6666666666667
"R_3FIfbMIMdxEfupm","TP",34.88,4,2,5,5,5,"LHLL","LL",10,40,NA,50.6666666666667
"R_3FIfbMIMdxEfupm","TP",34.88,4,2,5,5,5,"LLLL","LL",10,40,NA,50.7692307692308
"R_2OVIvKu8wG44dwW","TP",7.82,5,1,5,6,2,"HHHH","HH",75,100,NA,50.1960784313725
"R_2OVIvKu8wG44dwW","TP",7.82,5,1,5,6,2,"HHHL","HH",75,100,NA,50.2222222222222
"R_2OVIvKu8wG44dwW","TP",7.82,5,1,5,6,2,"HHHL","HL",75,100,NA,50.2222222222222
"R_2OVIvKu8wG44dwW","TP",7.82,5,1,5,6,2,"HHLH","HH",25,33.3333333333333,NA,50.5882352941176
"R_2OVIvKu8wG44dwW","TP",7.82,5,1,5,6,2,"HHLH","LH",25,100,NA,50
"R_2OVIvKu8wG44dwW","TP",7.82,5,1,5,6,2,"HHLL","HH",75,100,NA,50.625
"R_2OVIvKu8wG44dwW","TP",7.82,5,1,5,6,2,"HHLL","LL",25,100,NA,50
"R_2OVIvKu8wG44dwW","TP",7.82,5,1,5,6,2,"HLHL","HL",75,100,NA,50.2564102564103
"R_2OVIvKu8wG44dwW","TP",7.82,5,1,5,6,2,"HLLH","HL",75,100,NA,50
"R_2OVIvKu8wG44dwW","TP",7.82,5,1,5,6,2,"HLLH","LH",25,100,NA,50.7142857142857
"R_2OVIvKu8wG44dwW","TP",7.82,5,1,5,6,2,"HLLL","HL",25,33.3333333333333,NA,50.7692307692308
"R_2OVIvKu8wG44dwW","TP",7.82,5,1,5,6,2,"HLLL","LL",25,100,NA,50
"R_2OVIvKu8wG44dwW","TP",7.82,5,1,5,6,2,"LHLH","LH",25,100,NA,50.5882352941176
"R_2OVIvKu8wG44dwW","TP",7.82,5,1,5,6,2,"LHLL","LH",25,100,NA,50.6666666666667
"R_2OVIvKu8wG44dwW","TP",7.82,5,1,5,6,2,"LHLL","LL",25,100,NA,50.6666666666667
"R_2OVIvKu8wG44dwW","TP",7.82,5,1,5,6,2,"LLLL","LL",25,100,NA,50.7692307692308
"R_WlM0JAFkQXg9nEt","TP",7.82,3,3,3,3,3,"HHHH","HH",50,66.6666666666667,NA,50.1960784313725
"R_WlM0JAFkQXg9nEt","TP",7.82,3,3,3,3,3,"HHHL","HH",55,73.3333333333333,NA,50.2222222222222
"R_WlM0JAFkQXg9nEt","TP",7.82,3,3,3,3,3,"HHHL","HL",50,66.6666666666667,NA,50.2222222222222
"R_WlM0JAFkQXg9nEt","TP",7.82,3,3,3,3,3,"HHLH","HH",55,73.3333333333333,NA,50
"R_WlM0JAFkQXg9nEt","TP",7.82,3,3,3,3,3,"HHLH","LH",15,60,NA,50.5882352941176
"R_WlM0JAFkQXg9nEt","TP",7.82,3,3,3,3,3,"HHLL","HH",50,66.6666666666667,NA,50
"R_WlM0JAFkQXg9nEt","TP",7.82,3,3,3,3,3,"HHLL","LL",15,60,NA,50.625
"R_WlM0JAFkQXg9nEt","TP",7.82,3,3,3,3,3,"HLHL","HL",55,73.3333333333333,NA,50.2564102564103
"R_WlM0JAFkQXg9nEt","TP",7.82,3,3,3,3,3,"HLLH","HL",50,66.6666666666667,NA,50.7142857142857
"R_WlM0JAFkQXg9nEt","TP",7.82,3,3,3,3,3,"HLLH","LH",15,60,NA,50
"R_WlM0JAFkQXg9nEt","TP",7.82,3,3,3,3,3,"HLLL","HL",55,73.3333333333333,NA,50
"R_WlM0JAFkQXg9nEt","TP",7.82,3,3,3,3,3,"HLLL","LL",15,60,NA,50.7692307692308
"R_WlM0JAFkQXg9nEt","TP",7.82,3,3,3,3,3,"LHLH","LH",15,60,NA,50.5882352941176
"R_WlM0JAFkQXg9nEt","TP",7.82,3,3,3,3,3,"LHLL","LH",15,60,NA,50.6666666666667
"R_WlM0JAFkQXg9nEt","TP",7.82,3,3,3,3,3,"LHLL","LL",20,80,NA,50.6666666666667
"R_WlM0JAFkQXg9nEt","TP",7.82,3,3,3,3,3,"LLLL","LL",15,60,NA,50.7692307692308
"R_31hnfEqwNDe2sA0","TP",22.77,4,3,4,4,4,"HHHH","HH",75,100,NA,50.1960784313725
"R_31hnfEqwNDe2sA0","TP",22.77,4,3,4,4,4,"HHHL","HH",75,100,NA,50.2222222222222
"R_31hnfEqwNDe2sA0","TP",22.77,4,3,4,4,4,"HHHL","HL",75,100,NA,50.2222222222222
"R_31hnfEqwNDe2sA0","TP",22.77,4,3,4,4,4,"HHLH","HH",75,100,NA,50.5882352941176
"R_31hnfEqwNDe2sA0","TP",22.77,4,3,4,4,4,"HHLH","LH",25,100,NA,50
"R_31hnfEqwNDe2sA0","TP",22.77,4,3,4,4,4,"HHLL","HH",75,100,NA,50.625
"R_31hnfEqwNDe2sA0","TP",22.77,4,3,4,4,4,"HHLL","LL",25,100,NA,50
"R_31hnfEqwNDe2sA0","TP",22.77,4,3,4,4,4,"HLHL","HL",75,100,NA,50.2564102564103
"R_31hnfEqwNDe2sA0","TP",22.77,4,3,4,4,4,"HLLH","HL",75,100,NA,50.7142857142857
"R_31hnfEqwNDe2sA0","TP",22.77,4,3,4,4,4,"HLLH","LH",25,100,NA,50
"R_31hnfEqwNDe2sA0","TP",22.77,4,3,4,4,4,"HLLL","HL",75,100,NA,50.7692307692308
"R_31hnfEqwNDe2sA0","TP",22.77,4,3,4,4,4,"HLLL","LL",25,100,NA,50
"R_31hnfEqwNDe2sA0","TP",22.77,4,3,4,4,4,"LHLH","LH",25,100,NA,50.5882352941176
"R_31hnfEqwNDe2sA0","TP",22.77,4,3,4,4,4,"LHLL","LH",25,100,NA,50.6666666666667
"R_31hnfEqwNDe2sA0","TP",22.77,4,3,4,4,4,"LHLL","LL",25,100,NA,50.6666666666667
"R_31hnfEqwNDe2sA0","TP",22.77,4,3,4,4,4,"LLLL","LL",25,100,NA,50.7692307692308
"R_3gO53REqVWnYM1B","TP",34.88,4,1,2,3,1,"HHHH","HH",30,40,NA,50.1960784313725
"R_3gO53REqVWnYM1B","TP",34.88,4,1,2,3,1,"HHHL","HH",40,53.3333333333333,NA,56
"R_3gO53REqVWnYM1B","TP",34.88,4,1,2,3,1,"HHHL","HL",30,40,NA,44.4444444444444
"R_3gO53REqVWnYM1B","TP",34.88,4,1,2,3,1,"HHLH","HH",35,46.6666666666667,NA,58.8235294117647
"R_3gO53REqVWnYM1B","TP",34.88,4,1,2,3,1,"HHLH","LH",5,20,NA,41.7647058823529
"R_3gO53REqVWnYM1B","TP",34.88,4,1,2,3,1,"HHLL","HH",40,53.3333333333333,NA,66.875
"R_3gO53REqVWnYM1B","TP",34.88,4,1,2,3,1,"HHLL","LL",5,20,NA,33.75
"R_3gO53REqVWnYM1B","TP",34.88,4,1,2,3,1,"HLHL","HL",30,40,NA,50.2564102564103
"R_3gO53REqVWnYM1B","TP",34.88,4,1,2,3,1,"HLLH","HL",30,40,NA,64.2857142857143
"R_3gO53REqVWnYM1B","TP",34.88,4,1,2,3,1,"HLLH","LH",10,40,NA,36.4285714285714
"R_3gO53REqVWnYM1B","TP",34.88,4,1,2,3,1,"HLLL","HL",30,40,NA,61.5384615384615
"R_3gO53REqVWnYM1B","TP",34.88,4,1,2,3,1,"HLLL","LL",5,20,NA,39.2307692307692
"R_3gO53REqVWnYM1B","TP",34.88,4,1,2,3,1,"LHLH","LH",10,40,NA,50.5882352941176
"R_3gO53REqVWnYM1B","TP",34.88,4,1,2,3,1,"LHLL","LH",10,40,NA,57.3333333333333
"R_3gO53REqVWnYM1B","TP",34.88,4,1,2,3,1,"LHLL","LL",5,20,NA,44
"R_3gO53REqVWnYM1B","TP",34.88,4,1,2,3,1,"LLLL","LL",10,40,NA,50.7692307692308
"R_xcuFpnzLP9nhgpH","TP",37.09,2,4,4,3,3,"HHHH","HH",75,100,NA,50.1960784313725
"R_xcuFpnzLP9nhgpH","TP",37.09,2,4,4,3,3,"HHHL","HH",75,100,NA,50.2222222222222
"R_xcuFpnzLP9nhgpH","TP",37.09,2,4,4,3,3,"HHHL","HL",75,100,NA,50.2222222222222
"R_xcuFpnzLP9nhgpH","TP",37.09,2,4,4,3,3,"HHLH","HH",75,100,NA,50.2941176470588
"R_xcuFpnzLP9nhgpH","TP",37.09,2,4,4,3,3,"HHLH","LH",25,100,NA,50.2941176470588
"R_xcuFpnzLP9nhgpH","TP",37.09,2,4,4,3,3,"HHLL","HH",75,100,NA,50.3125
"R_xcuFpnzLP9nhgpH","TP",37.09,2,4,4,3,3,"HHLL","LL",25,100,NA,50.3125
"R_xcuFpnzLP9nhgpH","TP",37.09,2,4,4,3,3,"HLHL","HL",75,100,NA,50.2564102564103
"R_xcuFpnzLP9nhgpH","TP",37.09,2,4,4,3,3,"HLLH","HL",75,100,NA,50.3571428571429
"R_xcuFpnzLP9nhgpH","TP",37.09,2,4,4,3,3,"HLLH","LH",25,100,NA,50.3571428571429
"R_xcuFpnzLP9nhgpH","TP",37.09,2,4,4,3,3,"HLLL","HL",75,100,NA,50.3846153846154
"R_xcuFpnzLP9nhgpH","TP",37.09,2,4,4,3,3,"HLLL","LL",25,100,NA,50.3846153846154
"R_xcuFpnzLP9nhgpH","TP",37.09,2,4,4,3,3,"LHLH","LH",25,100,NA,50.5882352941176
"R_xcuFpnzLP9nhgpH","TP",37.09,2,4,4,3,3,"LHLL","LH",25,100,NA,50.6666666666667
"R_xcuFpnzLP9nhgpH","TP",37.09,2,4,4,3,3,"LHLL","LL",25,100,NA,50.6666666666667
"R_xcuFpnzLP9nhgpH","TP",37.09,2,4,4,3,3,"LLLL","LL",25,100,NA,50.7692307692308
"R_3JfkjOZhHZSreVX","TP",24.2,3,2,5,4,4,"HHHH","HH",75,100,NA,50.1960784313725
"R_3JfkjOZhHZSreVX","TP",24.2,3,2,5,4,4,"HHHL","HH",50,66.6666666666667,NA,50.2222222222222
"R_3JfkjOZhHZSreVX","TP",24.2,3,2,5,4,4,"HHHL","HL",40,53.3333333333333,NA,50.2222222222222
"R_3JfkjOZhHZSreVX","TP",24.2,3,2,5,4,4,"HHLH","HH",45,60,NA,50.5882352941176
"R_3JfkjOZhHZSreVX","TP",24.2,3,2,5,4,4,"HHLH","LH",10,40,NA,50
"R_3JfkjOZhHZSreVX","TP",24.2,3,2,5,4,4,"HHLL","HH",50,66.6666666666667,NA,62.5
"R_3JfkjOZhHZSreVX","TP",24.2,3,2,5,4,4,"HHLL","LL",5,20,NA,38.125
"R_3JfkjOZhHZSreVX","TP",24.2,3,2,5,4,4,"HLHL","HL",75,100,NA,50.2564102564103
"R_3JfkjOZhHZSreVX","TP",24.2,3,2,5,4,4,"HLLH","HL",60,80,NA,50.7142857142857
"R_3JfkjOZhHZSreVX","TP",24.2,3,2,5,4,4,"HLLH","LH",10,40,NA,50
"R_3JfkjOZhHZSreVX","TP",24.2,3,2,5,4,4,"HLLL","HL",60,80,NA,50.7692307692308
"R_3JfkjOZhHZSreVX","TP",24.2,3,2,5,4,4,"HLLL","LL",10,40,NA,50
"R_3JfkjOZhHZSreVX","TP",24.2,3,2,5,4,4,"LHLH","LH",25,100,NA,50.5882352941176
"R_3JfkjOZhHZSreVX","TP",24.2,3,2,5,4,4,"LHLL","LH",10,40,NA,50.6666666666667
"R_3JfkjOZhHZSreVX","TP",24.2,3,2,5,4,4,"LHLL","LL",7,28,NA,50.6666666666667
"R_3JfkjOZhHZSreVX","TP",24.2,3,2,5,4,4,"LLLL","LL",25,100,NA,50.7692307692308
"R_2ceKRtxDE1SEqvM","TP",37.48,3,2,3,4,4,"HHHH","HH",40,53.3333333333333,NA,50.1960784313725
"R_2ceKRtxDE1SEqvM","TP",37.48,3,2,3,4,4,"HHHL","HH",30,40,NA,50.2222222222222
"R_2ceKRtxDE1SEqvM","TP",37.48,3,2,3,4,4,"HHHL","HL",30,40,NA,50.2222222222222
"R_2ceKRtxDE1SEqvM","TP",37.48,3,2,3,4,4,"HHLH","HH",40,53.3333333333333,NA,50
"R_2ceKRtxDE1SEqvM","TP",37.48,3,2,3,4,4,"HHLH","LH",15,60,NA,50.5882352941176
"R_2ceKRtxDE1SEqvM","TP",37.48,3,2,3,4,4,"HHLL","HH",40,53.3333333333333,NA,50
"R_2ceKRtxDE1SEqvM","TP",37.48,3,2,3,4,4,"HHLL","LL",10,40,NA,50.625
"R_2ceKRtxDE1SEqvM","TP",37.48,3,2,3,4,4,"HLHL","HL",30,40,NA,50.2564102564103
"R_2ceKRtxDE1SEqvM","TP",37.48,3,2,3,4,4,"HLLH","HL",30,40,NA,50
"R_2ceKRtxDE1SEqvM","TP",37.48,3,2,3,4,4,"HLLH","LH",15,60,NA,50.7142857142857
"R_2ceKRtxDE1SEqvM","TP",37.48,3,2,3,4,4,"HLLL","HL",30,40,NA,50
"R_2ceKRtxDE1SEqvM","TP",37.48,3,2,3,4,4,"HLLL","LL",10,40,NA,50.7692307692308
"R_2ceKRtxDE1SEqvM","TP",37.48,3,2,3,4,4,"LHLH","LH",10,40,NA,50.5882352941176
"R_2ceKRtxDE1SEqvM","TP",37.48,3,2,3,4,4,"LHLL","LH",15,60,NA,50.6666666666667
"R_2ceKRtxDE1SEqvM","TP",37.48,3,2,3,4,4,"LHLL","LL",10,40,NA,50.6666666666667
"R_2ceKRtxDE1SEqvM","TP",37.48,3,2,3,4,4,"LLLL","LL",10,40,NA,50.7692307692308
"R_82jv720DIWmmGEV","TP",45,4,2,4,4,4,"HHHH","HH",75,100,NA,50.1960784313725
"R_82jv720DIWmmGEV","TP",45,4,2,4,4,4,"HHHL","HH",75,100,NA,50.2222222222222
"R_82jv720DIWmmGEV","TP",45,4,2,4,4,4,"HHHL","HL",75,100,NA,50.2222222222222
"R_82jv720DIWmmGEV","TP",45,4,2,4,4,4,"HHLH","HH",55,73.3333333333333,NA,50.5882352941176
"R_82jv720DIWmmGEV","TP",45,4,2,4,4,4,"HHLH","LH",15,60,NA,50
"R_82jv720DIWmmGEV","TP",45,4,2,4,4,4,"HHLL","HH",55,73.3333333333333,NA,50.625
"R_82jv720DIWmmGEV","TP",45,4,2,4,4,4,"HHLL","LL",15,60,NA,50
"R_82jv720DIWmmGEV","TP",45,4,2,4,4,4,"HLHL","HL",75,100,NA,50.2564102564103
"R_82jv720DIWmmGEV","TP",45,4,2,4,4,4,"HLLH","HL",55,73.3333333333333,NA,50.7142857142857
"R_82jv720DIWmmGEV","TP",45,4,2,4,4,4,"HLLH","LH",15,60,NA,50
"R_82jv720DIWmmGEV","TP",45,4,2,4,4,4,"HLLL","HL",55,73.3333333333333,NA,50.7692307692308
"R_82jv720DIWmmGEV","TP",45,4,2,4,4,4,"HLLL","LL",15,60,NA,50
"R_82jv720DIWmmGEV","TP",45,4,2,4,4,4,"LHLH","LH",25,100,NA,50.5882352941176
"R_82jv720DIWmmGEV","TP",45,4,2,4,4,4,"LHLL","LH",25,100,NA,50.6666666666667
"R_82jv720DIWmmGEV","TP",45,4,2,4,4,4,"LHLL","LL",25,100,NA,50.6666666666667
"R_82jv720DIWmmGEV","TP",45,4,2,4,4,4,"LLLL","LL",25,100,NA,50.7692307692308
"R_3MljEdPMy846DMx","TP",29.54,4,1,4,4,4,"HHHH","HH",75,100,NA,50.1960784313725
"R_3MljEdPMy846DMx","TP",29.54,4,1,4,4,4,"HHHL","HH",75,100,NA,50.2222222222222
"R_3MljEdPMy846DMx","TP",29.54,4,1,4,4,4,"HHHL","HL",75,100,NA,50.2222222222222
"R_3MljEdPMy846DMx","TP",29.54,4,1,4,4,4,"HHLH","HH",75,100,NA,50.5882352941176
"R_3MljEdPMy846DMx","TP",29.54,4,1,4,4,4,"HHLH","LH",25,100,NA,50
"R_3MljEdPMy846DMx","TP",29.54,4,1,4,4,4,"HHLL","HH",75,100,NA,50.625
"R_3MljEdPMy846DMx","TP",29.54,4,1,4,4,4,"HHLL","LL",25,100,NA,50
"R_3MljEdPMy846DMx","TP",29.54,4,1,4,4,4,"HLHL","HL",75,100,NA,50.2564102564103
"R_3MljEdPMy846DMx","TP",29.54,4,1,4,4,4,"HLLH","HL",75,100,NA,50.7142857142857
"R_3MljEdPMy846DMx","TP",29.54,4,1,4,4,4,"HLLH","LH",25,100,NA,50
"R_3MljEdPMy846DMx","TP",29.54,4,1,4,4,4,"HLLL","HL",75,100,NA,50.7692307692308
"R_3MljEdPMy846DMx","TP",29.54,4,1,4,4,4,"HLLL","LL",25,100,NA,50
"R_3MljEdPMy846DMx","TP",29.54,4,1,4,4,4,"LHLH","LH",25,100,NA,50.5882352941176
"R_3MljEdPMy846DMx","TP",29.54,4,1,4,4,4,"LHLL","LH",25,100,NA,50.6666666666667
"R_3MljEdPMy846DMx","TP",29.54,4,1,4,4,4,"LHLL","LL",25,100,NA,50.6666666666667
"R_3MljEdPMy846DMx","TP",29.54,4,1,4,4,4,"LLLL","LL",25,100,NA,50.7692307692308
"R_2wcxTM7FAoxRkMS","TP",34.88,4,2,2,5,1,"HHHH","HH",50,66.6666666666667,NA,50.1960784313725
"R_2wcxTM7FAoxRkMS","TP",34.88,4,2,2,5,1,"HHHL","HH",40,53.3333333333333,NA,50.2222222222222
"R_2wcxTM7FAoxRkMS","TP",34.88,4,2,2,5,1,"HHHL","HL",40,53.3333333333333,NA,50.2222222222222
"R_2wcxTM7FAoxRkMS","TP",34.88,4,2,2,5,1,"HHLH","HH",50,66.6666666666667,NA,50.5882352941176
"R_2wcxTM7FAoxRkMS","TP",34.88,4,2,2,5,1,"HHLH","LH",25,100,NA,50
"R_2wcxTM7FAoxRkMS","TP",34.88,4,2,2,5,1,"HHLL","HH",50,66.6666666666667,NA,50.625
"R_2wcxTM7FAoxRkMS","TP",34.88,4,2,2,5,1,"HHLL","LL",25,100,NA,50
"R_2wcxTM7FAoxRkMS","TP",34.88,4,2,2,5,1,"HLHL","HL",35,46.6666666666667,NA,50.2564102564103
"R_2wcxTM7FAoxRkMS","TP",34.88,4,2,2,5,1,"HLLH","HL",40,53.3333333333333,NA,50.7142857142857
"R_2wcxTM7FAoxRkMS","TP",34.88,4,2,2,5,1,"HLLH","LH",25,100,NA,50
"R_2wcxTM7FAoxRkMS","TP",34.88,4,2,2,5,1,"HLLL","HL",50,66.6666666666667,NA,50.7692307692308
"R_2wcxTM7FAoxRkMS","TP",34.88,4,2,2,5,1,"HLLL","LL",20,80,NA,50
"R_2wcxTM7FAoxRkMS","TP",34.88,4,2,2,5,1,"LHLH","LH",25,100,NA,50.5882352941176
"R_2wcxTM7FAoxRkMS","TP",34.88,4,2,2,5,1,"LHLL","LH",25,100,NA,50.6666666666667
"R_2wcxTM7FAoxRkMS","TP",34.88,4,2,2,5,1,"LHLL","LL",15,60,NA,50.6666666666667
"R_2wcxTM7FAoxRkMS","TP",34.88,4,2,2,5,1,"LLLL","LL",20,80,NA,50.7692307692308
"R_24kZVPmZb3XpQjm","TP",16.26,4,4,3,3,3,"HHHH","HH",75,100,NA,50.1960784313725
"R_24kZVPmZb3XpQjm","TP",16.26,4,4,3,3,3,"HHHL","HH",30,40,NA,50.2222222222222
"R_24kZVPmZb3XpQjm","TP",16.26,4,4,3,3,3,"HHHL","HL",25,33.3333333333333,NA,50.2222222222222
"R_24kZVPmZb3XpQjm","TP",16.26,4,4,3,3,3,"HHLH","HH",50,66.6666666666667,NA,50.5882352941176
"R_24kZVPmZb3XpQjm","TP",16.26,4,4,3,3,3,"HHLH","LH",20,80,NA,50
"R_24kZVPmZb3XpQjm","TP",16.26,4,4,3,3,3,"HHLL","HH",30,40,NA,50.625
"R_24kZVPmZb3XpQjm","TP",16.26,4,4,3,3,3,"HHLL","LL",5,20,NA,50
"R_24kZVPmZb3XpQjm","TP",16.26,4,4,3,3,3,"HLHL","HL",75,100,NA,50.2564102564103
"R_24kZVPmZb3XpQjm","TP",16.26,4,4,3,3,3,"HLLH","HL",30,40,NA,71.4285714285714
"R_24kZVPmZb3XpQjm","TP",16.26,4,4,3,3,3,"HLLH","LH",5,20,NA,29.2857142857143
"R_24kZVPmZb3XpQjm","TP",16.26,4,4,3,3,3,"HLLL","HL",30,40,NA,76.9230769230769
"R_24kZVPmZb3XpQjm","TP",16.26,4,4,3,3,3,"HLLL","LL",5,20,NA,23.8461538461538
"R_24kZVPmZb3XpQjm","TP",16.26,4,4,3,3,3,"LHLH","LH",25,100,NA,50.5882352941176
"R_24kZVPmZb3XpQjm","TP",16.26,4,4,3,3,3,"LHLL","LH",10,40,NA,50.6666666666667
"R_24kZVPmZb3XpQjm","TP",16.26,4,4,3,3,3,"LHLL","LL",5,20,NA,50.6666666666667
"R_24kZVPmZb3XpQjm","TP",16.26,4,4,3,3,3,"LLLL","LL",25,100,NA,50.7692307692308
"R_9QUO2w8yTFTtk8p","TP",34.88,3,3,4,4,4,"HHHH","HH",65,86.6666666666667,NA,50.1960784313725
"R_9QUO2w8yTFTtk8p","TP",34.88,3,3,4,4,4,"HHHL","HH",50,66.6666666666667,NA,50.2222222222222
"R_9QUO2w8yTFTtk8p","TP",34.88,3,3,4,4,4,"HHHL","HL",45,60,NA,50.2222222222222
"R_9QUO2w8yTFTtk8p","TP",34.88,3,3,4,4,4,"HHLH","HH",50,66.6666666666667,NA,47.6470588235294
"R_9QUO2w8yTFTtk8p","TP",34.88,3,3,4,4,4,"HHLH","LH",10,40,NA,52.9411764705882
"R_9QUO2w8yTFTtk8p","TP",34.88,3,3,4,4,4,"HHLL","HH",50,66.6666666666667,NA,50.625
"R_9QUO2w8yTFTtk8p","TP",34.88,3,3,4,4,4,"HHLL","LL",10,40,NA,50
"R_9QUO2w8yTFTtk8p","TP",34.88,3,3,4,4,4,"HLHL","HL",50,66.6666666666667,NA,50.2564102564103
"R_9QUO2w8yTFTtk8p","TP",34.88,3,3,4,4,4,"HLLH","HL",45,60,NA,50
"R_9QUO2w8yTFTtk8p","TP",34.88,3,3,4,4,4,"HLLH","LH",10,40,NA,50.7142857142857
"R_9QUO2w8yTFTtk8p","TP",34.88,3,3,4,4,4,"HLLL","HL",50,66.6666666666667,NA,53.8461538461538
"R_9QUO2w8yTFTtk8p","TP",34.88,3,3,4,4,4,"HLLL","LL",10,40,NA,46.9230769230769
"R_9QUO2w8yTFTtk8p","TP",34.88,3,3,4,4,4,"LHLH","LH",20,80,NA,50.5882352941176
"R_9QUO2w8yTFTtk8p","TP",34.88,3,3,4,4,4,"LHLL","LH",10,40,NA,50.6666666666667
"R_9QUO2w8yTFTtk8p","TP",34.88,3,3,4,4,4,"LHLL","LL",10,40,NA,50.6666666666667
"R_9QUO2w8yTFTtk8p","TP",34.88,3,3,4,4,4,"LLLL","LL",10,40,NA,50.7692307692308
"R_Cah9ecTf0GSfIQh","TP",17.47,3,2,4,4,3,"HHHH","HH",25,33.3333333333333,NA,50.1960784313725
"R_Cah9ecTf0GSfIQh","TP",17.47,3,2,4,4,3,"HHHL","HH",25,33.3333333333333,NA,50.2222222222222
"R_Cah9ecTf0GSfIQh","TP",17.47,3,2,4,4,3,"HHHL","HL",25,33.3333333333333,NA,50.2222222222222
"R_Cah9ecTf0GSfIQh","TP",17.47,3,2,4,4,3,"HHLH","HH",25,33.3333333333333,NA,44.1176470588235
"R_Cah9ecTf0GSfIQh","TP",17.47,3,2,4,4,3,"HHLH","LH",5,20,NA,56.4705882352941
"R_Cah9ecTf0GSfIQh","TP",17.47,3,2,4,4,3,"HHLL","HH",25,33.3333333333333,NA,46.875
"R_Cah9ecTf0GSfIQh","TP",17.47,3,2,4,4,3,"HHLL","LL",5,20,NA,53.75
"R_Cah9ecTf0GSfIQh","TP",17.47,3,2,4,4,3,"HLHL","HL",25,33.3333333333333,NA,50.2564102564103
"R_Cah9ecTf0GSfIQh","TP",17.47,3,2,4,4,3,"HLLH","HL",25,33.3333333333333,NA,50.7142857142857
"R_Cah9ecTf0GSfIQh","TP",17.47,3,2,4,4,3,"HLLH","LH",5,20,NA,50
"R_Cah9ecTf0GSfIQh","TP",17.47,3,2,4,4,3,"HLLL","HL",25,33.3333333333333,NA,50
"R_Cah9ecTf0GSfIQh","TP",17.47,3,2,4,4,3,"HLLL","LL",6,24,NA,50.7692307692308
"R_Cah9ecTf0GSfIQh","TP",17.47,3,2,4,4,3,"LHLH","LH",5,20,NA,50.5882352941176
"R_Cah9ecTf0GSfIQh","TP",17.47,3,2,4,4,3,"LHLL","LH",5,20,NA,50.6666666666667
"R_Cah9ecTf0GSfIQh","TP",17.47,3,2,4,4,3,"LHLL","LL",5,20,NA,50.6666666666667
"R_Cah9ecTf0GSfIQh","TP",17.47,3,2,4,4,3,"LLLL","LL",25,100,NA,50.7692307692308
"R_22tUjGoNNkbJHlU","TP",37.48,3,2,4,4,4,"HHHH","HH",30,40,NA,50.1960784313725
"R_22tUjGoNNkbJHlU","TP",37.48,3,2,4,4,4,"HHHL","HH",30,40,NA,50.2222222222222
"R_22tUjGoNNkbJHlU","TP",37.48,3,2,4,4,4,"HHHL","HL",40,53.3333333333333,NA,50.2222222222222
"R_22tUjGoNNkbJHlU","TP",37.48,3,2,4,4,4,"HHLH","HH",30,40,NA,50.5882352941176
"R_22tUjGoNNkbJHlU","TP",37.48,3,2,4,4,4,"HHLH","LH",15,60,NA,50
"R_22tUjGoNNkbJHlU","TP",37.48,3,2,4,4,4,"HHLL","HH",30,40,NA,50.625
"R_22tUjGoNNkbJHlU","TP",37.48,3,2,4,4,4,"HHLL","LL",10,40,NA,50
"R_22tUjGoNNkbJHlU","TP",37.48,3,2,4,4,4,"HLHL","HL",30,40,NA,50.2564102564103
"R_22tUjGoNNkbJHlU","TP",37.48,3,2,4,4,4,"HLLH","HL",30,40,NA,50.7142857142857
"R_22tUjGoNNkbJHlU","TP",37.48,3,2,4,4,4,"HLLH","LH",10,40,NA,50
"R_22tUjGoNNkbJHlU","TP",37.48,3,2,4,4,4,"HLLL","HL",25,33.3333333333333,NA,50.7692307692308
"R_22tUjGoNNkbJHlU","TP",37.48,3,2,4,4,4,"HLLL","LL",10,40,NA,50
"R_22tUjGoNNkbJHlU","TP",37.48,3,2,4,4,4,"LHLH","LH",10,40,NA,50.5882352941176
"R_22tUjGoNNkbJHlU","TP",37.48,3,2,4,4,4,"LHLL","LH",10,40,NA,57.3333333333333
"R_22tUjGoNNkbJHlU","TP",37.48,3,2,4,4,4,"LHLL","LL",5,20,NA,44
"R_22tUjGoNNkbJHlU","TP",37.48,3,2,4,4,4,"LLLL","LL",10,40,NA,50.7692307692308
"R_2f9eYOJqPdWL784","TP",29.54,3,3,4,4,3,"HHHH","HH",60,80,NA,50.1960784313725
"R_2f9eYOJqPdWL784","TP",29.54,3,3,4,4,3,"HHHL","HH",40,53.3333333333333,NA,50.2222222222222
"R_2f9eYOJqPdWL784","TP",29.54,3,3,4,4,3,"HHHL","HL",40,53.3333333333333,NA,50.2222222222222
"R_2f9eYOJqPdWL784","TP",29.54,3,3,4,4,3,"HHLH","HH",40,53.3333333333333,NA,50.5882352941176
"R_2f9eYOJqPdWL784","TP",29.54,3,3,4,4,3,"HHLH","LH",15,60,NA,50
"R_2f9eYOJqPdWL784","TP",29.54,3,3,4,4,3,"HHLL","HH",40,53.3333333333333,NA,50.625
"R_2f9eYOJqPdWL784","TP",29.54,3,3,4,4,3,"HHLL","LL",15,60,NA,50
"R_2f9eYOJqPdWL784","TP",29.54,3,3,4,4,3,"HLHL","HL",50,66.6666666666667,NA,50.2564102564103
"R_2f9eYOJqPdWL784","TP",29.54,3,3,4,4,3,"HLLH","HL",40,53.3333333333333,NA,50.7142857142857
"R_2f9eYOJqPdWL784","TP",29.54,3,3,4,4,3,"HLLH","LH",15,60,NA,50
"R_2f9eYOJqPdWL784","TP",29.54,3,3,4,4,3,"HLLL","HL",40,53.3333333333333,NA,50.7692307692308
"R_2f9eYOJqPdWL784","TP",29.54,3,3,4,4,3,"HLLL","LL",15,60,NA,50
"R_2f9eYOJqPdWL784","TP",29.54,3,3,4,4,3,"LHLH","LH",15,60,NA,50.5882352941176
"R_2f9eYOJqPdWL784","TP",29.54,3,3,4,4,3,"LHLL","LH",15,60,NA,50.6666666666667
"R_2f9eYOJqPdWL784","TP",29.54,3,3,4,4,3,"LHLL","LL",15,60,NA,50.6666666666667
"R_2f9eYOJqPdWL784","TP",29.54,3,3,4,4,3,"LLLL","LL",15,60,NA,50.7692307692308
"R_CkqTSwneZwC4GKR","TP",17.16,4,1,2,3,2,"HHHH","HH",35,46.6666666666667,NA,50.1960784313725
"R_CkqTSwneZwC4GKR","TP",17.16,4,1,2,3,2,"HHHL","HH",35,46.6666666666667,NA,50.2222222222222
"R_CkqTSwneZwC4GKR","TP",17.16,4,1,2,3,2,"HHHL","HL",25,33.3333333333333,NA,50.2222222222222
"R_CkqTSwneZwC4GKR","TP",17.16,4,1,2,3,2,"HHLH","HH",25,33.3333333333333,NA,50
"R_CkqTSwneZwC4GKR","TP",17.16,4,1,2,3,2,"HHLH","LH",5,20,NA,50.5882352941176
"R_CkqTSwneZwC4GKR","TP",17.16,4,1,2,3,2,"HHLL","HH",30,40,NA,50
"R_CkqTSwneZwC4GKR","TP",17.16,4,1,2,3,2,"HHLL","LL",5,20,NA,50.625
"R_CkqTSwneZwC4GKR","TP",17.16,4,1,2,3,2,"HLHL","HL",25,33.3333333333333,NA,50.2564102564103
"R_CkqTSwneZwC4GKR","TP",17.16,4,1,2,3,2,"HLLH","HL",25,33.3333333333333,NA,50
"R_CkqTSwneZwC4GKR","TP",17.16,4,1,2,3,2,"HLLH","LH",5,20,NA,50.7142857142857
"R_CkqTSwneZwC4GKR","TP",17.16,4,1,2,3,2,"HLLL","HL",25,33.3333333333333,NA,50
"R_CkqTSwneZwC4GKR","TP",17.16,4,1,2,3,2,"HLLL","LL",5,20,NA,50.7692307692308
"R_CkqTSwneZwC4GKR","TP",17.16,4,1,2,3,2,"LHLH","LH",10,40,NA,50.5882352941176
"R_CkqTSwneZwC4GKR","TP",17.16,4,1,2,3,2,"LHLL","LH",10,40,NA,50.6666666666667
"R_CkqTSwneZwC4GKR","TP",17.16,4,1,2,3,2,"LHLL","LL",5,20,NA,50.6666666666667
"R_CkqTSwneZwC4GKR","TP",17.16,4,1,2,3,2,"LLLL","LL",10,40,NA,50.7692307692308
"R_2qrqKGgpCRCG2Rz","TP",7.82,3,2,4,5,3,"HHHH","HH",75,100,NA,50.1960784313725
"R_2qrqKGgpCRCG2Rz","TP",7.82,3,2,4,5,3,"HHHL","HH",75,100,NA,56
"R_2qrqKGgpCRCG2Rz","TP",7.82,3,2,4,5,3,"HHHL","HL",75,100,NA,44.4444444444444
"R_2qrqKGgpCRCG2Rz","TP",7.82,3,2,4,5,3,"HHLH","HH",75,100,NA,64.7058823529412
"R_2qrqKGgpCRCG2Rz","TP",7.82,3,2,4,5,3,"HHLH","LH",25,100,NA,35.8823529411765
"R_2qrqKGgpCRCG2Rz","TP",7.82,3,2,4,5,3,"HHLL","HH",75,100,NA,72.5
"R_2qrqKGgpCRCG2Rz","TP",7.82,3,2,4,5,3,"HHLL","LL",25,100,NA,28.125
"R_2qrqKGgpCRCG2Rz","TP",7.82,3,2,4,5,3,"HLHL","HL",75,100,NA,50.2564102564103
"R_2qrqKGgpCRCG2Rz","TP",7.82,3,2,4,5,3,"HLLH","HL",75,100,NA,71.4285714285714
"R_2qrqKGgpCRCG2Rz","TP",7.82,3,2,4,5,3,"HLLH","LH",25,100,NA,29.2857142857143
"R_2qrqKGgpCRCG2Rz","TP",7.82,3,2,4,5,3,"HLLL","HL",75,100,NA,76.9230769230769
"R_2qrqKGgpCRCG2Rz","TP",7.82,3,2,4,5,3,"HLLL","LL",25,100,NA,23.8461538461538
"R_2qrqKGgpCRCG2Rz","TP",7.82,3,2,4,5,3,"LHLH","LH",25,100,NA,50.5882352941176
"R_2qrqKGgpCRCG2Rz","TP",7.82,3,2,4,5,3,"LHLL","LH",25,100,NA,53.3333333333333
"R_2qrqKGgpCRCG2Rz","TP",7.82,3,2,4,5,3,"LHLL","LL",25,100,NA,48
"R_2qrqKGgpCRCG2Rz","TP",7.82,3,2,4,5,3,"LLLL","LL",25,100,NA,50.7692307692308
"R_2tbWVGS8YOLEAyZ","TP",15.05,2,2,4,4,4,"HHHH","HH",60,80,NA,50.1960784313725
"R_2tbWVGS8YOLEAyZ","TP",15.05,2,2,4,4,4,"HHHL","HH",70,93.3333333333333,NA,50.2222222222222
"R_2tbWVGS8YOLEAyZ","TP",15.05,2,2,4,4,4,"HHHL","HL",60,80,NA,50.2222222222222
"R_2tbWVGS8YOLEAyZ","TP",15.05,2,2,4,4,4,"HHLH","HH",60,80,NA,50.5882352941176
"R_2tbWVGS8YOLEAyZ","TP",15.05,2,2,4,4,4,"HHLH","LH",15,60,NA,50
"R_2tbWVGS8YOLEAyZ","TP",15.05,2,2,4,4,4,"HHLL","HH",65,86.6666666666667,NA,50.625
"R_2tbWVGS8YOLEAyZ","TP",15.05,2,2,4,4,4,"HHLL","LL",15,60,NA,50
"R_2tbWVGS8YOLEAyZ","TP",15.05,2,2,4,4,4,"HLHL","HL",60,80,NA,50.2564102564103
"R_2tbWVGS8YOLEAyZ","TP",15.05,2,2,4,4,4,"HLLH","HL",15,20,NA,50.7142857142857
"R_2tbWVGS8YOLEAyZ","TP",15.05,2,2,4,4,4,"HLLH","LH",20,80,NA,50
"R_2tbWVGS8YOLEAyZ","TP",15.05,2,2,4,4,4,"HLLL","HL",60,80,NA,50.7692307692308
"R_2tbWVGS8YOLEAyZ","TP",15.05,2,2,4,4,4,"HLLL","LL",15,60,NA,50
"R_2tbWVGS8YOLEAyZ","TP",15.05,2,2,4,4,4,"LHLH","LH",20,80,NA,50.5882352941176
"R_2tbWVGS8YOLEAyZ","TP",15.05,2,2,4,4,4,"LHLL","LH",23,92,NA,50.6666666666667
"R_2tbWVGS8YOLEAyZ","TP",15.05,2,2,4,4,4,"LHLL","LL",20,80,NA,50.6666666666667
"R_2tbWVGS8YOLEAyZ","TP",15.05,2,2,4,4,4,"LLLL","LL",20,80,NA,50.7692307692308
"R_AhThEW0kwSsHLl7","TP",7.82,5,4,4,4,4,"HHHH","HH",50,66.6666666666667,NA,49.8039215686275
"R_AhThEW0kwSsHLl7","TP",7.82,5,4,4,4,4,"HHHL","HH",40,53.3333333333333,NA,50.2222222222222
"R_AhThEW0kwSsHLl7","TP",7.82,5,4,4,4,4,"HHHL","HL",40,53.3333333333333,NA,50.2222222222222
"R_AhThEW0kwSsHLl7","TP",7.82,5,4,4,4,4,"HHLH","HH",40,53.3333333333333,NA,50
"R_AhThEW0kwSsHLl7","TP",7.82,5,4,4,4,4,"HHLH","LH",15,60,NA,50.5882352941176
"R_AhThEW0kwSsHLl7","TP",7.82,5,4,4,4,4,"HHLL","HH",40,53.3333333333333,NA,50
"R_AhThEW0kwSsHLl7","TP",7.82,5,4,4,4,4,"HHLL","LL",15,60,NA,50.625
"R_AhThEW0kwSsHLl7","TP",7.82,5,4,4,4,4,"HLHL","HL",40,53.3333333333333,NA,50.2564102564103
"R_AhThEW0kwSsHLl7","TP",7.82,5,4,4,4,4,"HLLH","HL",40,53.3333333333333,NA,50.7142857142857
"R_AhThEW0kwSsHLl7","TP",7.82,5,4,4,4,4,"HLLH","LH",15,60,NA,50
"R_AhThEW0kwSsHLl7","TP",7.82,5,4,4,4,4,"HLLL","HL",40,53.3333333333333,NA,50
"R_AhThEW0kwSsHLl7","TP",7.82,5,4,4,4,4,"HLLL","LL",15,60,NA,50.7692307692308
"R_AhThEW0kwSsHLl7","TP",7.82,5,4,4,4,4,"LHLH","LH",15,60,NA,50.5882352941176
"R_AhThEW0kwSsHLl7","TP",7.82,5,4,4,4,4,"LHLL","LH",15,60,NA,50.6666666666667
"R_AhThEW0kwSsHLl7","TP",7.82,5,4,4,4,4,"LHLL","LL",15,60,NA,50.6666666666667
"R_AhThEW0kwSsHLl7","TP",7.82,5,4,4,4,4,"LLLL","LL",15,60,NA,55.3846153846154
"R_DGmtMTxfBIHdPln","TP",1.68,4,1,3,6,2,"HHHH","HH",75,100,NA,61.1764705882353
"R_DGmtMTxfBIHdPln","TP",1.68,4,1,3,6,2,"HHHL","HH",10,13.3333333333333,NA,56
"R_DGmtMTxfBIHdPln","TP",1.68,4,1,3,6,2,"HHHL","HL",20,26.6666666666667,NA,44.4444444444444
"R_DGmtMTxfBIHdPln","TP",1.68,4,1,3,6,2,"HHLH","HH",75,100,NA,58.8235294117647
"R_DGmtMTxfBIHdPln","TP",1.68,4,1,3,6,2,"HHLH","LH",25,100,NA,41.7647058823529
"R_DGmtMTxfBIHdPln","TP",1.68,4,1,3,6,2,"HHLL","HH",75,100,NA,38.125
"R_DGmtMTxfBIHdPln","TP",1.68,4,1,3,6,2,"HHLL","LL",25,100,NA,62.5
"R_DGmtMTxfBIHdPln","TP",1.68,4,1,3,6,2,"HLHL","HL",75,100,NA,49.2307692307692
"R_DGmtMTxfBIHdPln","TP",1.68,4,1,3,6,2,"HLLH","HL",75,100,NA,29.2857142857143
"R_DGmtMTxfBIHdPln","TP",1.68,4,1,3,6,2,"HLLH","LH",25,100,NA,71.4285714285714
"R_DGmtMTxfBIHdPln","TP",1.68,4,1,3,6,2,"HLLL","HL",75,100,NA,23.8461538461538
"R_DGmtMTxfBIHdPln","TP",1.68,4,1,3,6,2,"HLLL","LL",20,80,NA,76.9230769230769
"R_DGmtMTxfBIHdPln","TP",1.68,4,1,3,6,2,"LHLH","LH",15,60,NA,50.5882352941176
"R_DGmtMTxfBIHdPln","TP",1.68,4,1,3,6,2,"LHLL","LH",15,60,NA,48
"R_DGmtMTxfBIHdPln","TP",1.68,4,1,3,6,2,"LHLL","LL",20,80,NA,53.3333333333333
"R_DGmtMTxfBIHdPln","TP",1.68,4,1,3,6,2,"LLLL","LL",25,100,NA,55.3846153846154
"R_30dHZOIn2s3juZj","TP",7.82,4,2,4,3,3,"HHHH","HH",20,26.6666666666667,NA,50.1960784313725
"R_30dHZOIn2s3juZj","TP",7.82,4,2,4,3,3,"HHHL","HH",20,26.6666666666667,NA,50.2222222222222
"R_30dHZOIn2s3juZj","TP",7.82,4,2,4,3,3,"HHHL","HL",10,13.3333333333333,NA,50.2222222222222
"R_30dHZOIn2s3juZj","TP",7.82,4,2,4,3,3,"HHLH","HH",20,26.6666666666667,NA,47.6470588235294
"R_30dHZOIn2s3juZj","TP",7.82,4,2,4,3,3,"HHLH","LH",5,20,NA,52.9411764705882
"R_30dHZOIn2s3juZj","TP",7.82,4,2,4,3,3,"HHLL","HH",20,26.6666666666667,NA,31.25
"R_30dHZOIn2s3juZj","TP",7.82,4,2,4,3,3,"HHLL","LL",5,20,NA,69.375
"R_30dHZOIn2s3juZj","TP",7.82,4,2,4,3,3,"HLHL","HL",10,13.3333333333333,NA,50.2564102564103
"R_30dHZOIn2s3juZj","TP",7.82,4,2,4,3,3,"HLLH","HL",20,26.6666666666667,NA,47.1428571428571
"R_30dHZOIn2s3juZj","TP",7.82,4,2,4,3,3,"HLLH","LH",5,20,NA,53.5714285714286
"R_30dHZOIn2s3juZj","TP",7.82,4,2,4,3,3,"HLLL","HL",20,26.6666666666667,NA,50
"R_30dHZOIn2s3juZj","TP",7.82,4,2,4,3,3,"HLLL","LL",5,20,NA,50.7692307692308
"R_30dHZOIn2s3juZj","TP",7.82,4,2,4,3,3,"LHLH","LH",5,20,NA,50.5882352941176
"R_30dHZOIn2s3juZj","TP",7.82,4,2,4,3,3,"LHLL","LH",10,40,NA,50.6666666666667
"R_30dHZOIn2s3juZj","TP",7.82,4,2,4,3,3,"LHLL","LL",5,20,NA,50.6666666666667
"R_30dHZOIn2s3juZj","TP",7.82,4,2,4,3,3,"LLLL","LL",5,20,NA,50.7692307692308
"R_1DptAWDAOdsp1Ge","TP",34.88,5,1,2,4,2,"HHHH","HH",50,66.6666666666667,NA,50.1960784313725
"R_1DptAWDAOdsp1Ge","TP",34.88,5,1,2,4,2,"HHHL","HH",50,66.6666666666667,NA,50.2222222222222
"R_1DptAWDAOdsp1Ge","TP",34.88,5,1,2,4,2,"HHHL","HL",50,66.6666666666667,NA,50.2222222222222
"R_1DptAWDAOdsp1Ge","TP",34.88,5,1,2,4,2,"HHLH","HH",50,66.6666666666667,NA,50.2941176470588
"R_1DptAWDAOdsp1Ge","TP",34.88,5,1,2,4,2,"HHLH","LH",10,40,NA,50.2941176470588
"R_1DptAWDAOdsp1Ge","TP",34.88,5,1,2,4,2,"HHLL","HH",50,66.6666666666667,NA,50.3125
"R_1DptAWDAOdsp1Ge","TP",34.88,5,1,2,4,2,"HHLL","LL",10,40,NA,50.3125
"R_1DptAWDAOdsp1Ge","TP",34.88,5,1,2,4,2,"HLHL","HL",50,66.6666666666667,NA,50.2564102564103
"R_1DptAWDAOdsp1Ge","TP",34.88,5,1,2,4,2,"HLLH","HL",50,66.6666666666667,NA,50.3571428571429
"R_1DptAWDAOdsp1Ge","TP",34.88,5,1,2,4,2,"HLLH","LH",10,40,NA,50.3571428571429
"R_1DptAWDAOdsp1Ge","TP",34.88,5,1,2,4,2,"HLLL","HL",50,66.6666666666667,NA,50.3846153846154
"R_1DptAWDAOdsp1Ge","TP",34.88,5,1,2,4,2,"HLLL","LL",10,40,NA,50.3846153846154
"R_1DptAWDAOdsp1Ge","TP",34.88,5,1,2,4,2,"LHLH","LH",10,40,NA,50.5882352941176
"R_1DptAWDAOdsp1Ge","TP",34.88,5,1,2,4,2,"LHLL","LH",10,40,NA,50.6666666666667
"R_1DptAWDAOdsp1Ge","TP",34.88,5,1,2,4,2,"LHLL","LL",10,40,NA,50.6666666666667
"R_1DptAWDAOdsp1Ge","TP",34.88,5,1,2,4,2,"LLLL","LL",10,40,NA,50.7692307692308
"R_3qxvZl450e9BiHr","TP",27.65,5,1,4,4,4,"HHHH","HH",50,66.6666666666667,NA,50.1960784313725
"R_3qxvZl450e9BiHr","TP",27.65,5,1,4,4,4,"HHHL","HH",25,33.3333333333333,NA,56.8888888888889
"R_3qxvZl450e9BiHr","TP",27.65,5,1,4,4,4,"HHHL","HL",25,33.3333333333333,NA,43.5555555555556
"R_3qxvZl450e9BiHr","TP",27.65,5,1,4,4,4,"HHLH","HH",25,33.3333333333333,NA,75.2941176470588
"R_3qxvZl450e9BiHr","TP",27.65,5,1,4,4,4,"HHLH","LH",10,40,NA,25.2941176470588
"R_3qxvZl450e9BiHr","TP",27.65,5,1,4,4,4,"HHLL","HH",25,33.3333333333333,NA,80
"R_3qxvZl450e9BiHr","TP",27.65,5,1,4,4,4,"HHLL","LL",10,40,NA,20.625
"R_3qxvZl450e9BiHr","TP",27.65,5,1,4,4,4,"HLHL","HL",25,33.3333333333333,NA,50.2564102564103
"R_3qxvZl450e9BiHr","TP",27.65,5,1,4,4,4,"HLLH","HL",25,33.3333333333333,NA,70
"R_3qxvZl450e9BiHr","TP",27.65,5,1,4,4,4,"HLLH","LH",10,40,NA,30.7142857142857
"R_3qxvZl450e9BiHr","TP",27.65,5,1,4,4,4,"HLLL","HL",25,33.3333333333333,NA,75.3846153846154
"R_3qxvZl450e9BiHr","TP",27.65,5,1,4,4,4,"HLLL","LL",10,40,NA,25.3846153846154
"R_3qxvZl450e9BiHr","TP",27.65,5,1,4,4,4,"LHLH","LH",20,80,NA,50.5882352941176
"R_3qxvZl450e9BiHr","TP",27.65,5,1,4,4,4,"LHLL","LH",10,40,NA,57.3333333333333
"R_3qxvZl450e9BiHr","TP",27.65,5,1,4,4,4,"LHLL","LL",10,40,NA,44
"R_3qxvZl450e9BiHr","TP",27.65,5,1,4,4,4,"LLLL","LL",10,40,NA,50.7692307692308
"R_3dXHMS9wzf7DOvw","TP",34.32,5,2,4,4,4,"HHHH","HH",50,66.6666666666667,NA,50.1960784313725
"R_3dXHMS9wzf7DOvw","TP",34.32,5,2,4,4,4,"HHHL","HH",50,66.6666666666667,NA,56
"R_3dXHMS9wzf7DOvw","TP",34.32,5,2,4,4,4,"HHHL","HL",25,33.3333333333333,NA,44.4444444444444
"R_3dXHMS9wzf7DOvw","TP",34.32,5,2,4,4,4,"HHLH","HH",50,66.6666666666667,NA,50.5882352941176
"R_3dXHMS9wzf7DOvw","TP",34.32,5,2,4,4,4,"HHLH","LH",20,80,NA,50
"R_3dXHMS9wzf7DOvw","TP",34.32,5,2,4,4,4,"HHLL","HH",50,66.6666666666667,NA,62.5
"R_3dXHMS9wzf7DOvw","TP",34.32,5,2,4,4,4,"HHLL","LL",10,40,NA,38.125
"R_3dXHMS9wzf7DOvw","TP",34.32,5,2,4,4,4,"HLHL","HL",25,33.3333333333333,NA,50.2564102564103
"R_3dXHMS9wzf7DOvw","TP",34.32,5,2,4,4,4,"HLLH","HL",25,33.3333333333333,NA,50.7142857142857
"R_3dXHMS9wzf7DOvw","TP",34.32,5,2,4,4,4,"HLLH","LH",20,80,NA,50
"R_3dXHMS9wzf7DOvw","TP",34.32,5,2,4,4,4,"HLLL","HL",25,33.3333333333333,NA,61.5384615384615
"R_3dXHMS9wzf7DOvw","TP",34.32,5,2,4,4,4,"HLLL","LL",9,36,NA,39.2307692307692
"R_3dXHMS9wzf7DOvw","TP",34.32,5,2,4,4,4,"LHLH","LH",20,80,NA,50.5882352941176
"R_3dXHMS9wzf7DOvw","TP",34.32,5,2,4,4,4,"LHLL","LH",20,80,NA,50.6666666666667
"R_3dXHMS9wzf7DOvw","TP",34.32,5,2,4,4,4,"LHLL","LL",10,40,NA,50.6666666666667
"R_3dXHMS9wzf7DOvw","TP",34.32,5,2,4,4,4,"LLLL","LL",10,40,NA,50.7692307692308
"R_1oB9U6NmUmOAKIj","TP",34.88,4,2,4,4,4,"HHHH","HH",75,100,NA,50.1960784313725
"R_1oB9U6NmUmOAKIj","TP",34.88,4,2,4,4,4,"HHHL","HH",75,100,NA,50.2222222222222
"R_1oB9U6NmUmOAKIj","TP",34.88,4,2,4,4,4,"HHHL","HL",75,100,NA,50.2222222222222
"R_1oB9U6NmUmOAKIj","TP",34.88,4,2,4,4,4,"HHLH","HH",75,100,NA,50
"R_1oB9U6NmUmOAKIj","TP",34.88,4,2,4,4,4,"HHLH","LH",25,100,NA,50.5882352941176
"R_1oB9U6NmUmOAKIj","TP",34.88,4,2,4,4,4,"HHLL","HH",75,100,NA,50
"R_1oB9U6NmUmOAKIj","TP",34.88,4,2,4,4,4,"HHLL","LL",25,100,NA,50.625
"R_1oB9U6NmUmOAKIj","TP",34.88,4,2,4,4,4,"HLHL","HL",75,100,NA,50.2564102564103
"R_1oB9U6NmUmOAKIj","TP",34.88,4,2,4,4,4,"HLLH","HL",75,100,NA,50
"R_1oB9U6NmUmOAKIj","TP",34.88,4,2,4,4,4,"HLLH","LH",25,100,NA,50.7142857142857
"R_1oB9U6NmUmOAKIj","TP",34.88,4,2,4,4,4,"HLLL","HL",75,100,NA,50.7692307692308
"R_1oB9U6NmUmOAKIj","TP",34.88,4,2,4,4,4,"HLLL","LL",25,100,NA,50
"R_1oB9U6NmUmOAKIj","TP",34.88,4,2,4,4,4,"LHLH","LH",25,100,NA,50.5882352941176
"R_1oB9U6NmUmOAKIj","TP",34.88,4,2,4,4,4,"LHLL","LH",25,100,NA,50.6666666666667
"R_1oB9U6NmUmOAKIj","TP",34.88,4,2,4,4,4,"LHLL","LL",25,100,NA,50.6666666666667
"R_1oB9U6NmUmOAKIj","TP",34.88,4,2,4,4,4,"LLLL","LL",25,100,NA,50.7692307692308
"R_1cRZIvo8N9MDrRT","TP",37.48,2,4,5,6,5,"HHHH","HH",50,66.6666666666667,NA,50.1960784313725
"R_1cRZIvo8N9MDrRT","TP",37.48,2,4,5,6,5,"HHHL","HH",75,100,NA,50.2222222222222
"R_1cRZIvo8N9MDrRT","TP",37.48,2,4,5,6,5,"HHHL","HL",75,100,NA,50.2222222222222
"R_1cRZIvo8N9MDrRT","TP",37.48,2,4,5,6,5,"HHLH","HH",50,66.6666666666667,NA,50
"R_1cRZIvo8N9MDrRT","TP",37.48,2,4,5,6,5,"HHLH","LH",25,100,NA,50.5882352941176
"R_1cRZIvo8N9MDrRT","TP",37.48,2,4,5,6,5,"HHLL","HH",75,100,NA,50
"R_1cRZIvo8N9MDrRT","TP",37.48,2,4,5,6,5,"HHLL","LL",25,100,NA,50.625
"R_1cRZIvo8N9MDrRT","TP",37.48,2,4,5,6,5,"HLHL","HL",75,100,NA,50.2564102564103
"R_1cRZIvo8N9MDrRT","TP",37.48,2,4,5,6,5,"HLLH","HL",50,66.6666666666667,NA,50
"R_1cRZIvo8N9MDrRT","TP",37.48,2,4,5,6,5,"HLLH","LH",25,100,NA,50.7142857142857
"R_1cRZIvo8N9MDrRT","TP",37.48,2,4,5,6,5,"HLLL","HL",75,100,NA,50
"R_1cRZIvo8N9MDrRT","TP",37.48,2,4,5,6,5,"HLLL","LL",25,100,NA,50.7692307692308
"R_1cRZIvo8N9MDrRT","TP",37.48,2,4,5,6,5,"LHLH","LH",25,100,NA,50.5882352941176
"R_1cRZIvo8N9MDrRT","TP",37.48,2,4,5,6,5,"LHLL","LH",25,100,NA,49.3333333333333
"R_1cRZIvo8N9MDrRT","TP",37.48,2,4,5,6,5,"LHLL","LL",25,100,NA,52
"R_1cRZIvo8N9MDrRT","TP",37.48,2,4,5,6,5,"LLLL","LL",25,100,NA,50.7692307692308
"R_3nVgangDcU2atnz","TP",21.5,4,4,5,5,6,"HHHH","HH",50,66.6666666666667,NA,50.1960784313725
"R_3nVgangDcU2atnz","TP",21.5,4,4,5,5,6,"HHHL","HH",50,66.6666666666667,NA,49.3333333333333
"R_3nVgangDcU2atnz","TP",21.5,4,4,5,5,6,"HHHL","HL",35,46.6666666666667,NA,51.1111111111111
"R_3nVgangDcU2atnz","TP",21.5,4,4,5,5,6,"HHLH","HH",40,53.3333333333333,NA,58.8235294117647
"R_3nVgangDcU2atnz","TP",21.5,4,4,5,5,6,"HHLH","LH",10,40,NA,41.7647058823529
"R_3nVgangDcU2atnz","TP",21.5,4,4,5,5,6,"HHLL","HH",50,66.6666666666667,NA,62.5
"R_3nVgangDcU2atnz","TP",21.5,4,4,5,5,6,"HHLL","LL",10,40,NA,38.125
"R_3nVgangDcU2atnz","TP",21.5,4,4,5,5,6,"HLHL","HL",50,66.6666666666667,NA,50.2564102564103
"R_3nVgangDcU2atnz","TP",21.5,4,4,5,5,6,"HLLH","HL",35,46.6666666666667,NA,57.8571428571429
"R_3nVgangDcU2atnz","TP",21.5,4,4,5,5,6,"HLLH","LH",15,60,NA,42.8571428571429
"R_3nVgangDcU2atnz","TP",21.5,4,4,5,5,6,"HLLL","HL",35,46.6666666666667,NA,53.8461538461538
"R_3nVgangDcU2atnz","TP",21.5,4,4,5,5,6,"HLLL","LL",10,40,NA,46.9230769230769
"R_3nVgangDcU2atnz","TP",21.5,4,4,5,5,6,"LHLH","LH",15,60,NA,50.5882352941176
"R_3nVgangDcU2atnz","TP",21.5,4,4,5,5,6,"LHLL","LH",15,60,NA,54.6666666666667
"R_3nVgangDcU2atnz","TP",21.5,4,4,5,5,6,"LHLL","LL",10,40,NA,46.6666666666667
"R_3nVgangDcU2atnz","TP",21.5,4,4,5,5,6,"LLLL","LL",15,60,NA,50.7692307692308
"R_1mCyR8h9mS4LIdE","TP",7.82,5,1,1,1,1,"HHHH","HH",75,100,NA,50.1960784313725
"R_1mCyR8h9mS4LIdE","TP",7.82,5,1,1,1,1,"HHHL","HH",75,100,NA,50.2222222222222
"R_1mCyR8h9mS4LIdE","TP",7.82,5,1,1,1,1,"HHHL","HL",75,100,NA,50.2222222222222
"R_1mCyR8h9mS4LIdE","TP",7.82,5,1,1,1,1,"HHLH","HH",75,100,NA,50.2941176470588
"R_1mCyR8h9mS4LIdE","TP",7.82,5,1,1,1,1,"HHLH","LH",25,100,NA,50.2941176470588
"R_1mCyR8h9mS4LIdE","TP",7.82,5,1,1,1,1,"HHLL","HH",75,100,NA,50.3125
"R_1mCyR8h9mS4LIdE","TP",7.82,5,1,1,1,1,"HHLL","LL",25,100,NA,50.3125
"R_1mCyR8h9mS4LIdE","TP",7.82,5,1,1,1,1,"HLHL","HL",75,100,NA,50.2564102564103
"R_1mCyR8h9mS4LIdE","TP",7.82,5,1,1,1,1,"HLLH","HL",75,100,NA,50.3571428571429
"R_1mCyR8h9mS4LIdE","TP",7.82,5,1,1,1,1,"HLLH","LH",25,100,NA,50.3571428571429
"R_1mCyR8h9mS4LIdE","TP",7.82,5,1,1,1,1,"HLLL","HL",75,100,NA,50.3846153846154
"R_1mCyR8h9mS4LIdE","TP",7.82,5,1,1,1,1,"HLLL","LL",25,100,NA,50.3846153846154
"R_1mCyR8h9mS4LIdE","TP",7.82,5,1,1,1,1,"LHLH","LH",25,100,NA,50.5882352941176
"R_1mCyR8h9mS4LIdE","TP",7.82,5,1,1,1,1,"LHLL","LH",25,100,NA,50.6666666666667
"R_1mCyR8h9mS4LIdE","TP",7.82,5,1,1,1,1,"LHLL","LL",25,100,NA,50.6666666666667
"R_1mCyR8h9mS4LIdE","TP",7.82,5,1,1,1,1,"LLLL","LL",25,100,NA,50.7692307692308
"R_2cdVWxtbVEf7Omv","TP",30.92,2,4,6,3,4,"HHHH","HH",75,100,NA,50.1960784313725
"R_2cdVWxtbVEf7Omv","TP",30.92,2,4,6,3,4,"HHHL","HH",75,100,NA,50.2222222222222
"R_2cdVWxtbVEf7Omv","TP",30.92,2,4,6,3,4,"HHHL","HL",75,100,NA,50.2222222222222
"R_2cdVWxtbVEf7Omv","TP",30.92,2,4,6,3,4,"HHLH","HH",75,100,NA,75.2941176470588
"R_2cdVWxtbVEf7Omv","TP",30.92,2,4,6,3,4,"HHLH","LH",25,100,NA,25.2941176470588
"R_2cdVWxtbVEf7Omv","TP",30.92,2,4,6,3,4,"HHLL","HH",75,100,NA,80
"R_2cdVWxtbVEf7Omv","TP",30.92,2,4,6,3,4,"HHLL","LL",25,100,NA,20.625
"R_2cdVWxtbVEf7Omv","TP",30.92,2,4,6,3,4,"HLHL","HL",75,100,NA,50.2564102564103
"R_2cdVWxtbVEf7Omv","TP",30.92,2,4,6,3,4,"HLLH","HL",20,26.6666666666667,NA,70
"R_2cdVWxtbVEf7Omv","TP",30.92,2,4,6,3,4,"HLLH","LH",10,40,NA,30.7142857142857
"R_2cdVWxtbVEf7Omv","TP",30.92,2,4,6,3,4,"HLLL","HL",30,40,NA,75.3846153846154
"R_2cdVWxtbVEf7Omv","TP",30.92,2,4,6,3,4,"HLLL","LL",10,40,NA,25.3846153846154
"R_2cdVWxtbVEf7Omv","TP",30.92,2,4,6,3,4,"LHLH","LH",25,100,NA,50.5882352941176
"R_2cdVWxtbVEf7Omv","TP",30.92,2,4,6,3,4,"LHLL","LH",10,40,NA,50.6666666666667
"R_2cdVWxtbVEf7Omv","TP",30.92,2,4,6,3,4,"LHLL","LL",10,40,NA,50.6666666666667
"R_2cdVWxtbVEf7Omv","TP",30.92,2,4,6,3,4,"LLLL","LL",25,100,NA,50.7692307692308
"R_3phvLAnleiOCHHm","TP",45,4,2,4,4,4,"HHHH","HH",60,80,NA,50.1960784313725
"R_3phvLAnleiOCHHm","TP",45,4,2,4,4,4,"HHHL","HH",50,66.6666666666667,NA,50.2222222222222
"R_3phvLAnleiOCHHm","TP",45,4,2,4,4,4,"HHHL","HL",50,66.6666666666667,NA,50.2222222222222
"R_3phvLAnleiOCHHm","TP",45,4,2,4,4,4,"HHLH","HH",40,53.3333333333333,NA,75.2941176470588
"R_3phvLAnleiOCHHm","TP",45,4,2,4,4,4,"HHLH","LH",10,40,NA,25.2941176470588
"R_3phvLAnleiOCHHm","TP",45,4,2,4,4,4,"HHLL","HH",30,40,NA,80
"R_3phvLAnleiOCHHm","TP",45,4,2,4,4,4,"HHLL","LL",10,40,NA,20.625
"R_3phvLAnleiOCHHm","TP",45,4,2,4,4,4,"HLHL","HL",60,80,NA,50.2564102564103
"R_3phvLAnleiOCHHm","TP",45,4,2,4,4,4,"HLLH","HL",18,24,NA,70
"R_3phvLAnleiOCHHm","TP",45,4,2,4,4,4,"HLLH","LH",5,20,NA,30.7142857142857
"R_3phvLAnleiOCHHm","TP",45,4,2,4,4,4,"HLLL","HL",40,53.3333333333333,NA,75.3846153846154
"R_3phvLAnleiOCHHm","TP",45,4,2,4,4,4,"HLLL","LL",10,40,NA,25.3846153846154
"R_3phvLAnleiOCHHm","TP",45,4,2,4,4,4,"LHLH","LH",15,60,NA,50.5882352941176
"R_3phvLAnleiOCHHm","TP",45,4,2,4,4,4,"LHLL","LH",10,40,NA,50.6666666666667
"R_3phvLAnleiOCHHm","TP",45,4,2,4,4,4,"LHLL","LL",10,40,NA,50.6666666666667
"R_3phvLAnleiOCHHm","TP",45,4,2,4,4,4,"LLLL","LL",20,80,NA,50.7692307692308
"R_2UXidaFAum7lfSt","TP",37.09,4,4,2,6,6,"HHHH","HH",25,33.3333333333333,NA,50.1960784313725
"R_2UXidaFAum7lfSt","TP",37.09,4,4,2,6,6,"HHHL","HH",50,66.6666666666667,NA,50.2222222222222
"R_2UXidaFAum7lfSt","TP",37.09,4,4,2,6,6,"HHHL","HL",50,66.6666666666667,NA,50.2222222222222
"R_2UXidaFAum7lfSt","TP",37.09,4,4,2,6,6,"HHLH","HH",25,33.3333333333333,NA,50
"R_2UXidaFAum7lfSt","TP",37.09,4,4,2,6,6,"HHLH","LH",10,40,NA,50.5882352941176
"R_2UXidaFAum7lfSt","TP",37.09,4,4,2,6,6,"HHLL","HH",25,33.3333333333333,NA,50.625
"R_2UXidaFAum7lfSt","TP",37.09,4,4,2,6,6,"HHLL","LL",10,40,NA,50
"R_2UXidaFAum7lfSt","TP",37.09,4,4,2,6,6,"HLHL","HL",25,33.3333333333333,NA,50.2564102564103
"R_2UXidaFAum7lfSt","TP",37.09,4,4,2,6,6,"HLLH","HL",25,33.3333333333333,NA,50
"R_2UXidaFAum7lfSt","TP",37.09,4,4,2,6,6,"HLLH","LH",10,40,NA,50.7142857142857
"R_2UXidaFAum7lfSt","TP",37.09,4,4,2,6,6,"HLLL","HL",25,33.3333333333333,NA,50
"R_2UXidaFAum7lfSt","TP",37.09,4,4,2,6,6,"HLLL","LL",10,40,NA,50.7692307692308
"R_2UXidaFAum7lfSt","TP",37.09,4,4,2,6,6,"LHLH","LH",10,40,NA,50.5882352941176
"R_2UXidaFAum7lfSt","TP",37.09,4,4,2,6,6,"LHLL","LH",10,40,NA,50.6666666666667
"R_2UXidaFAum7lfSt","TP",37.09,4,4,2,6,6,"LHLL","LL",10,40,NA,50.6666666666667
"R_2UXidaFAum7lfSt","TP",37.09,4,4,2,6,6,"LLLL","LL",10,40,NA,50.7692307692308
"R_2yjPI5GjxWCGqJf","TP",7.82,3,1,2,2,2,"HHHH","HH",0,0,NA,50.1960784313725
"R_2yjPI5GjxWCGqJf","TP",7.82,3,1,2,2,2,"HHHL","HH",0,0,NA,56.8888888888889
"R_2yjPI5GjxWCGqJf","TP",7.82,3,1,2,2,2,"HHHL","HL",0,0,NA,43.5555555555556
"R_2yjPI5GjxWCGqJf","TP",7.82,3,1,2,2,2,"HHLH","HH",30,40,NA,75.8823529411765
"R_2yjPI5GjxWCGqJf","TP",7.82,3,1,2,2,2,"HHLH","LH",0,0,NA,24.7058823529412
"R_2yjPI5GjxWCGqJf","TP",7.82,3,1,2,2,2,"HHLL","HH",40,53.3333333333333,NA,68.75
"R_2yjPI5GjxWCGqJf","TP",7.82,3,1,2,2,2,"HHLL","LL",0,0,NA,31.875
"R_2yjPI5GjxWCGqJf","TP",7.82,3,1,2,2,2,"HLHL","HL",0,0,NA,50.2564102564103
"R_2yjPI5GjxWCGqJf","TP",7.82,3,1,2,2,2,"HLLH","HL",0,0,NA,65
"R_2yjPI5GjxWCGqJf","TP",7.82,3,1,2,2,2,"HLLH","LH",0,0,NA,35.7142857142857
"R_2yjPI5GjxWCGqJf","TP",7.82,3,1,2,2,2,"HLLL","HL",20,26.6666666666667,NA,69.2307692307692
"R_2yjPI5GjxWCGqJf","TP",7.82,3,1,2,2,2,"HLLL","LL",0,0,NA,31.5384615384615
"R_2yjPI5GjxWCGqJf","TP",7.82,3,1,2,2,2,"LHLH","LH",0,0,NA,50.5882352941176
"R_2yjPI5GjxWCGqJf","TP",7.82,3,1,2,2,2,"LHLL","LH",0,0,NA,57.3333333333333
"R_2yjPI5GjxWCGqJf","TP",7.82,3,1,2,2,2,"LHLL","LL",0,0,NA,44
"R_2yjPI5GjxWCGqJf","TP",7.82,3,1,2,2,2,"LLLL","LL",0,0,NA,50.7692307692308
"R_W8JorW0d0gz0muR","TP",15.48,4,2,2,6,4,"HHHH","HH",50,66.6666666666667,NA,50.1960784313725
"R_W8JorW0d0gz0muR","TP",15.48,4,2,2,6,4,"HHHL","HH",60,80,NA,50.2222222222222
"R_W8JorW0d0gz0muR","TP",15.48,4,2,2,6,4,"HHHL","HL",25,33.3333333333333,NA,50.2222222222222
"R_W8JorW0d0gz0muR","TP",15.48,4,2,2,6,4,"HHLH","HH",25,33.3333333333333,NA,50.2941176470588
"R_W8JorW0d0gz0muR","TP",15.48,4,2,2,6,4,"HHLH","LH",10,40,NA,50.2941176470588
"R_W8JorW0d0gz0muR","TP",15.48,4,2,2,6,4,"HHLL","HH",25,33.3333333333333,NA,50.3125
"R_W8JorW0d0gz0muR","TP",15.48,4,2,2,6,4,"HHLL","LL",10,40,NA,50.3125
"R_W8JorW0d0gz0muR","TP",15.48,4,2,2,6,4,"HLHL","HL",50,66.6666666666667,NA,50.2564102564103
"R_W8JorW0d0gz0muR","TP",15.48,4,2,2,6,4,"HLLH","HL",50,66.6666666666667,NA,50.3571428571429
"R_W8JorW0d0gz0muR","TP",15.48,4,2,2,6,4,"HLLH","LH",15,60,NA,50.3571428571429
"R_W8JorW0d0gz0muR","TP",15.48,4,2,2,6,4,"HLLL","HL",25,33.3333333333333,NA,50.3846153846154
"R_W8JorW0d0gz0muR","TP",15.48,4,2,2,6,4,"HLLL","LL",10,40,NA,50.3846153846154
"R_W8JorW0d0gz0muR","TP",15.48,4,2,2,6,4,"LHLH","LH",20,80,NA,50.5882352941176
"R_W8JorW0d0gz0muR","TP",15.48,4,2,2,6,4,"LHLL","LH",15,60,NA,50.6666666666667
"R_W8JorW0d0gz0muR","TP",15.48,4,2,2,6,4,"LHLL","LL",10,40,NA,50.6666666666667
"R_W8JorW0d0gz0muR","TP",15.48,4,2,2,6,4,"LLLL","LL",15,60,NA,50.7692307692308
"R_1lrvPsH9cBkFjvK","TP",22.93,5,1,3,2,3,"HHHH","HH",1,1.33333333333333,NA,50.1960784313725
"R_1lrvPsH9cBkFjvK","TP",22.93,5,1,3,2,3,"HHHL","HH",3,4,NA,56.4444444444444
"R_1lrvPsH9cBkFjvK","TP",22.93,5,1,3,2,3,"HHHL","HL",3,4,NA,44
"R_1lrvPsH9cBkFjvK","TP",22.93,5,1,3,2,3,"HHLH","HH",2,2.66666666666667,NA,71.1764705882353
"R_1lrvPsH9cBkFjvK","TP",22.93,5,1,3,2,3,"HHLH","LH",4,16,NA,29.4117647058824
"R_1lrvPsH9cBkFjvK","TP",22.93,5,1,3,2,3,"HHLL","HH",5,6.66666666666667,NA,38.125
"R_1lrvPsH9cBkFjvK","TP",22.93,5,1,3,2,3,"HHLL","LL",3,12,NA,62.5
"R_1lrvPsH9cBkFjvK","TP",22.93,5,1,3,2,3,"HLHL","HL",2,2.66666666666667,NA,49.2307692307692
"R_1lrvPsH9cBkFjvK","TP",22.93,5,1,3,2,3,"HLLH","HL",4,5.33333333333333,NA,37.8571428571429
"R_1lrvPsH9cBkFjvK","TP",22.93,5,1,3,2,3,"HLLH","LH",3,12,NA,62.8571428571429
"R_1lrvPsH9cBkFjvK","TP",22.93,5,1,3,2,3,"HLLL","HL",3,4,NA,50
"R_1lrvPsH9cBkFjvK","TP",22.93,5,1,3,2,3,"HLLL","LL",2,8,NA,50.7692307692308
"R_1lrvPsH9cBkFjvK","TP",22.93,5,1,3,2,3,"LHLH","LH",2,8,NA,74.1176470588235
"R_1lrvPsH9cBkFjvK","TP",22.93,5,1,3,2,3,"LHLL","LH",2,8,NA,74.6666666666667
"R_1lrvPsH9cBkFjvK","TP",22.93,5,1,3,2,3,"LHLL","LL",3,12,NA,26.6666666666667
"R_1lrvPsH9cBkFjvK","TP",22.93,5,1,3,2,3,"LLLL","LL",3,12,NA,50.7692307692308
"R_1meCgDb5tsTt4Fm","TP",33.69,4,4,6,2,6,"HHHH","HH",30,40,NA,50.1960784313725
"R_1meCgDb5tsTt4Fm","TP",33.69,4,4,6,2,6,"HHHL","HH",45,60,NA,51.5555555555556
"R_1meCgDb5tsTt4Fm","TP",33.69,4,4,6,2,6,"HHHL","HL",30,40,NA,48.8888888888889
"R_1meCgDb5tsTt4Fm","TP",33.69,4,4,6,2,6,"HHLH","HH",25,33.3333333333333,NA,76.4705882352941
"R_1meCgDb5tsTt4Fm","TP",33.69,4,4,6,2,6,"HHLH","LH",10,40,NA,24.1176470588235
"R_1meCgDb5tsTt4Fm","TP",33.69,4,4,6,2,6,"HHLL","HH",45,60,NA,80
"R_1meCgDb5tsTt4Fm","TP",33.69,4,4,6,2,6,"HHLL","LL",10,40,NA,20.625
"R_1meCgDb5tsTt4Fm","TP",33.69,4,4,6,2,6,"HLHL","HL",15,20,NA,50.2564102564103
"R_1meCgDb5tsTt4Fm","TP",33.69,4,4,6,2,6,"HLLH","HL",30,40,NA,71.4285714285714
"R_1meCgDb5tsTt4Fm","TP",33.69,4,4,6,2,6,"HLLH","LH",5,20,NA,29.2857142857143
"R_1meCgDb5tsTt4Fm","TP",33.69,4,4,6,2,6,"HLLL","HL",30,40,NA,70.7692307692308
"R_1meCgDb5tsTt4Fm","TP",33.69,4,4,6,2,6,"HLLL","LL",10,40,NA,30
"R_1meCgDb5tsTt4Fm","TP",33.69,4,4,6,2,6,"LHLH","LH",10,40,NA,50.5882352941176
"R_1meCgDb5tsTt4Fm","TP",33.69,4,4,6,2,6,"LHLL","LH",10,40,NA,60
"R_1meCgDb5tsTt4Fm","TP",33.69,4,4,6,2,6,"LHLL","LL",5,20,NA,41.3333333333333
"R_1meCgDb5tsTt4Fm","TP",33.69,4,4,6,2,6,"LLLL","LL",10,40,NA,50.7692307692308
"R_1ewts9PgLSRUwPE","TP",25.42,4,1,5,5,6,"HHHH","HH",50,66.6666666666667,NA,50.1960784313725
"R_1ewts9PgLSRUwPE","TP",25.42,4,1,5,5,6,"HHHL","HH",45,60,NA,88.8888888888889
"R_1ewts9PgLSRUwPE","TP",25.42,4,1,5,5,6,"HHHL","HL",50,66.6666666666667,NA,11.5555555555556
"R_1ewts9PgLSRUwPE","TP",25.42,4,1,5,5,6,"HHLH","HH",50,66.6666666666667,NA,58.8235294117647
"R_1ewts9PgLSRUwPE","TP",25.42,4,1,5,5,6,"HHLH","LH",10,40,NA,41.7647058823529
"R_1ewts9PgLSRUwPE","TP",25.42,4,1,5,5,6,"HHLL","HH",25,33.3333333333333,NA,87.5
"R_1ewts9PgLSRUwPE","TP",25.42,4,1,5,5,6,"HHLL","LL",10,40,NA,13.125
"R_1ewts9PgLSRUwPE","TP",25.42,4,1,5,5,6,"HLHL","HL",50,66.6666666666667,NA,50.2564102564103
"R_1ewts9PgLSRUwPE","TP",25.42,4,1,5,5,6,"HLLH","HL",50,66.6666666666667,NA,64.2857142857143
"R_1ewts9PgLSRUwPE","TP",25.42,4,1,5,5,6,"HLLH","LH",15,60,NA,36.4285714285714
"R_1ewts9PgLSRUwPE","TP",25.42,4,1,5,5,6,"HLLL","HL",50,66.6666666666667,NA,77.6923076923077
"R_1ewts9PgLSRUwPE","TP",25.42,4,1,5,5,6,"HLLL","LL",15,60,NA,23.0769230769231
"R_1ewts9PgLSRUwPE","TP",25.42,4,1,5,5,6,"LHLH","LH",10,40,NA,54.1176470588235
"R_1ewts9PgLSRUwPE","TP",25.42,4,1,5,5,6,"LHLL","LH",10,40,NA,68
"R_1ewts9PgLSRUwPE","TP",25.42,4,1,5,5,6,"LHLL","LL",15,60,NA,33.3333333333333
"R_1ewts9PgLSRUwPE","TP",25.42,4,1,5,5,6,"LLLL","LL",10,40,NA,50.7692307692308
"R_3JfTJfNm9PyE75l","TP",34.88,4,1,4,5,3,"HHHH","HH",74,98.6666666666667,NA,50.1960784313725
"R_3JfTJfNm9PyE75l","TP",34.88,4,1,4,5,3,"HHHL","HH",74,98.6666666666667,NA,50.2222222222222
"R_3JfTJfNm9PyE75l","TP",34.88,4,1,4,5,3,"HHHL","HL",74,98.6666666666667,NA,50.2222222222222
"R_3JfTJfNm9PyE75l","TP",34.88,4,1,4,5,3,"HHLH","HH",74,98.6666666666667,NA,50
"R_3JfTJfNm9PyE75l","TP",34.88,4,1,4,5,3,"HHLH","LH",24,96,NA,50.5882352941176
"R_3JfTJfNm9PyE75l","TP",34.88,4,1,4,5,3,"HHLL","HH",74,98.6666666666667,NA,50
"R_3JfTJfNm9PyE75l","TP",34.88,4,1,4,5,3,"HHLL","LL",24,96,NA,50.625
"R_3JfTJfNm9PyE75l","TP",34.88,4,1,4,5,3,"HLHL","HL",74,98.6666666666667,NA,50.2564102564103
"R_3JfTJfNm9PyE75l","TP",34.88,4,1,4,5,3,"HLLH","HL",74,98.6666666666667,NA,50.7142857142857
"R_3JfTJfNm9PyE75l","TP",34.88,4,1,4,5,3,"HLLH","LH",24,96,NA,50
"R_3JfTJfNm9PyE75l","TP",34.88,4,1,4,5,3,"HLLL","HL",74,98.6666666666667,NA,50.7692307692308
"R_3JfTJfNm9PyE75l","TP",34.88,4,1,4,5,3,"HLLL","LL",24,96,NA,50
"R_3JfTJfNm9PyE75l","TP",34.88,4,1,4,5,3,"LHLH","LH",24,96,NA,50.5882352941176
"R_3JfTJfNm9PyE75l","TP",34.88,4,1,4,5,3,"LHLL","LH",24,96,NA,50.6666666666667
"R_3JfTJfNm9PyE75l","TP",34.88,4,1,4,5,3,"LHLL","LL",24,96,NA,50.6666666666667
"R_3JfTJfNm9PyE75l","TP",34.88,4,1,4,5,3,"LLLL","LL",24,96,NA,50.7692307692308
"R_12l5u3XMbwxCav6","TP",32.03,2,3,6,5,6,"HHHH","HH",30,40,NA,50.1960784313725
"R_12l5u3XMbwxCav6","TP",32.03,2,3,6,5,6,"HHHL","HH",30,40,NA,50.2222222222222
"R_12l5u3XMbwxCav6","TP",32.03,2,3,6,5,6,"HHHL","HL",25,33.3333333333333,NA,50.2222222222222
"R_12l5u3XMbwxCav6","TP",32.03,2,3,6,5,6,"HHLH","HH",30,40,NA,50.2941176470588
"R_12l5u3XMbwxCav6","TP",32.03,2,3,6,5,6,"HHLH","LH",10,40,NA,50.2941176470588
"R_12l5u3XMbwxCav6","TP",32.03,2,3,6,5,6,"HHLL","HH",25,33.3333333333333,NA,50.3125
"R_12l5u3XMbwxCav6","TP",32.03,2,3,6,5,6,"HHLL","LL",10,40,NA,50.3125
"R_12l5u3XMbwxCav6","TP",32.03,2,3,6,5,6,"HLHL","HL",25,33.3333333333333,NA,50.2564102564103
"R_12l5u3XMbwxCav6","TP",32.03,2,3,6,5,6,"HLLH","HL",25,33.3333333333333,NA,50.3571428571429
"R_12l5u3XMbwxCav6","TP",32.03,2,3,6,5,6,"HLLH","LH",10,40,NA,50.3571428571429
"R_12l5u3XMbwxCav6","TP",32.03,2,3,6,5,6,"HLLL","HL",25,33.3333333333333,NA,50.3846153846154
"R_12l5u3XMbwxCav6","TP",32.03,2,3,6,5,6,"HLLL","LL",10,40,NA,50.3846153846154
"R_12l5u3XMbwxCav6","TP",32.03,2,3,6,5,6,"LHLH","LH",10,40,NA,50.5882352941176
"R_12l5u3XMbwxCav6","TP",32.03,2,3,6,5,6,"LHLL","LH",12,48,NA,50.6666666666667
"R_12l5u3XMbwxCav6","TP",32.03,2,3,6,5,6,"LHLL","LL",10,40,NA,50.6666666666667
"R_12l5u3XMbwxCav6","TP",32.03,2,3,6,5,6,"LLLL","LL",15,60,NA,50.7692307692308
"R_1jk1wMy1vgAOW38","TP",45,4,2,4,2,4,"HHHH","HH",75,100,NA,50.1960784313725
"R_1jk1wMy1vgAOW38","TP",45,4,2,4,2,4,"HHHL","HH",75,100,NA,50.2222222222222
"R_1jk1wMy1vgAOW38","TP",45,4,2,4,2,4,"HHHL","HL",75,100,NA,50.2222222222222
"R_1jk1wMy1vgAOW38","TP",45,4,2,4,2,4,"HHLH","HH",75,100,NA,50
"R_1jk1wMy1vgAOW38","TP",45,4,2,4,2,4,"HHLH","LH",25,100,NA,50.5882352941176
"R_1jk1wMy1vgAOW38","TP",45,4,2,4,2,4,"HHLL","HH",75,100,NA,50.625
"R_1jk1wMy1vgAOW38","TP",45,4,2,4,2,4,"HHLL","LL",25,100,NA,50
"R_1jk1wMy1vgAOW38","TP",45,4,2,4,2,4,"HLHL","HL",75,100,NA,50.2564102564103
"R_1jk1wMy1vgAOW38","TP",45,4,2,4,2,4,"HLLH","HL",75,100,NA,50
"R_1jk1wMy1vgAOW38","TP",45,4,2,4,2,4,"HLLH","LH",25,100,NA,50.7142857142857
"R_1jk1wMy1vgAOW38","TP",45,4,2,4,2,4,"HLLL","HL",75,100,NA,50
"R_1jk1wMy1vgAOW38","TP",45,4,2,4,2,4,"HLLL","LL",10,40,NA,50.7692307692308
"R_1jk1wMy1vgAOW38","TP",45,4,2,4,2,4,"LHLH","LH",25,100,NA,50.5882352941176
"R_1jk1wMy1vgAOW38","TP",45,4,2,4,2,4,"LHLL","LH",25,100,NA,50.6666666666667
"R_1jk1wMy1vgAOW38","TP",45,4,2,4,2,4,"LHLL","LL",25,100,NA,50.6666666666667
"R_1jk1wMy1vgAOW38","TP",45,4,2,4,2,4,"LLLL","LL",25,100,NA,50.7692307692308
"R_21aleCwWXaOXtnv","TP",7.82,4,2,5,5,3,"HHHH","HH",35,46.6666666666667,NA,50.1960784313725
"R_21aleCwWXaOXtnv","TP",7.82,4,2,5,5,3,"HHHL","HH",35,46.6666666666667,NA,49.7777777777778
"R_21aleCwWXaOXtnv","TP",7.82,4,2,5,5,3,"HHHL","HL",25,33.3333333333333,NA,50.6666666666667
"R_21aleCwWXaOXtnv","TP",7.82,4,2,5,5,3,"HHLH","HH",35,46.6666666666667,NA,55.8823529411765
"R_21aleCwWXaOXtnv","TP",7.82,4,2,5,5,3,"HHLH","LH",5,20,NA,44.7058823529412
"R_21aleCwWXaOXtnv","TP",7.82,4,2,5,5,3,"HHLL","HH",35,46.6666666666667,NA,59.375
"R_21aleCwWXaOXtnv","TP",7.82,4,2,5,5,3,"HHLL","LL",5,20,NA,41.25
"R_21aleCwWXaOXtnv","TP",7.82,4,2,5,5,3,"HLHL","HL",25,33.3333333333333,NA,50.2564102564103
"R_21aleCwWXaOXtnv","TP",7.82,4,2,5,5,3,"HLLH","HL",25,33.3333333333333,NA,64.2857142857143
"R_21aleCwWXaOXtnv","TP",7.82,4,2,5,5,3,"HLLH","LH",10,40,NA,36.4285714285714
"R_21aleCwWXaOXtnv","TP",7.82,4,2,5,5,3,"HLLL","HL",25,33.3333333333333,NA,69.2307692307692
"R_21aleCwWXaOXtnv","TP",7.82,4,2,5,5,3,"HLLL","LL",5,20,NA,31.5384615384615
"R_21aleCwWXaOXtnv","TP",7.82,4,2,5,5,3,"LHLH","LH",10,40,NA,50.5882352941176
"R_21aleCwWXaOXtnv","TP",7.82,4,2,5,5,3,"LHLL","LH",10,40,NA,53.3333333333333
"R_21aleCwWXaOXtnv","TP",7.82,4,2,5,5,3,"LHLL","LL",5,20,NA,48
"R_21aleCwWXaOXtnv","TP",7.82,4,2,5,5,3,"LLLL","LL",5,20,NA,50.7692307692308
"R_3plHytPdbR2JXUW","TP",27.32,4,3,4,6,3,"HHHH","HH",35,46.6666666666667,NA,50.1960784313725
"R_3plHytPdbR2JXUW","TP",27.32,4,3,4,6,3,"HHHL","HH",35,46.6666666666667,NA,50.2222222222222
"R_3plHytPdbR2JXUW","TP",27.32,4,3,4,6,3,"HHHL","HL",30,40,NA,50.2222222222222
"R_3plHytPdbR2JXUW","TP",27.32,4,3,4,6,3,"HHLH","HH",35,46.6666666666667,NA,58.8235294117647
"R_3plHytPdbR2JXUW","TP",27.32,4,3,4,6,3,"HHLH","LH",15,60,NA,41.7647058823529
"R_3plHytPdbR2JXUW","TP",27.32,4,3,4,6,3,"HHLL","HH",35,46.6666666666667,NA,62.5
"R_3plHytPdbR2JXUW","TP",27.32,4,3,4,6,3,"HHLL","LL",15,60,NA,38.125
"R_3plHytPdbR2JXUW","TP",27.32,4,3,4,6,3,"HLHL","HL",35,46.6666666666667,NA,50.2564102564103
"R_3plHytPdbR2JXUW","TP",27.32,4,3,4,6,3,"HLLH","HL",35,46.6666666666667,NA,29.2857142857143
"R_3plHytPdbR2JXUW","TP",27.32,4,3,4,6,3,"HLLH","LH",15,60,NA,71.4285714285714
"R_3plHytPdbR2JXUW","TP",27.32,4,3,4,6,3,"HLLL","HL",35,46.6666666666667,NA,76.9230769230769
"R_3plHytPdbR2JXUW","TP",27.32,4,3,4,6,3,"HLLL","LL",10,40,NA,23.8461538461538
"R_3plHytPdbR2JXUW","TP",27.32,4,3,4,6,3,"LHLH","LH",15,60,NA,50.5882352941176
"R_3plHytPdbR2JXUW","TP",27.32,4,3,4,6,3,"LHLL","LH",15,60,NA,57.3333333333333
"R_3plHytPdbR2JXUW","TP",27.32,4,3,4,6,3,"LHLL","LL",10,40,NA,44
"R_3plHytPdbR2JXUW","TP",27.32,4,3,4,6,3,"LLLL","LL",10,40,NA,50.7692307692308
"R_23TBUJ4CIEk5kQu","TP",39.04,3,4,4,4,4,"HHHH","HH",50,66.6666666666667,NA,50.1960784313725
"R_23TBUJ4CIEk5kQu","TP",39.04,3,4,4,4,4,"HHHL","HH",30,40,NA,50.2222222222222
"R_23TBUJ4CIEk5kQu","TP",39.04,3,4,4,4,4,"HHHL","HL",30,40,NA,50.2222222222222
"R_23TBUJ4CIEk5kQu","TP",39.04,3,4,4,4,4,"HHLH","HH",55,73.3333333333333,NA,50
"R_23TBUJ4CIEk5kQu","TP",39.04,3,4,4,4,4,"HHLH","LH",0,0,NA,50.5882352941176
"R_23TBUJ4CIEk5kQu","TP",39.04,3,4,4,4,4,"HHLL","HH",20,26.6666666666667,NA,43.75
"R_23TBUJ4CIEk5kQu","TP",39.04,3,4,4,4,4,"HHLL","LL",20,80,NA,56.875
"R_23TBUJ4CIEk5kQu","TP",39.04,3,4,4,4,4,"HLHL","HL",75,100,NA,50.2564102564103
"R_23TBUJ4CIEk5kQu","TP",39.04,3,4,4,4,4,"HLLH","HL",55,73.3333333333333,NA,50.7142857142857
"R_23TBUJ4CIEk5kQu","TP",39.04,3,4,4,4,4,"HLLH","LH",3,12,NA,50
"R_23TBUJ4CIEk5kQu","TP",39.04,3,4,4,4,4,"HLLL","HL",50,66.6666666666667,NA,50
"R_23TBUJ4CIEk5kQu","TP",39.04,3,4,4,4,4,"HLLL","LL",10,40,NA,50.7692307692308
"R_23TBUJ4CIEk5kQu","TP",39.04,3,4,4,4,4,"LHLH","LH",5,20,NA,50.5882352941176
"R_23TBUJ4CIEk5kQu","TP",39.04,3,4,4,4,4,"LHLL","LH",5,20,NA,37.3333333333333
"R_23TBUJ4CIEk5kQu","TP",39.04,3,4,4,4,4,"LHLL","LL",2,8,NA,64
"R_23TBUJ4CIEk5kQu","TP",39.04,3,4,4,4,4,"LLLL","LL",15,60,NA,50.7692307692308
"R_1KrRBQ2rTux4Bjl","TP",37.09,5,1,4,7,1,"HHHH","HH",65,86.6666666666667,NA,50.1960784313725
"R_1KrRBQ2rTux4Bjl","TP",37.09,5,1,4,7,1,"HHHL","HH",50,66.6666666666667,NA,50.2222222222222
"R_1KrRBQ2rTux4Bjl","TP",37.09,5,1,4,7,1,"HHHL","HL",45,60,NA,50.2222222222222
"R_1KrRBQ2rTux4Bjl","TP",37.09,5,1,4,7,1,"HHLH","HH",65,86.6666666666667,NA,50
"R_1KrRBQ2rTux4Bjl","TP",37.09,5,1,4,7,1,"HHLH","LH",15,60,NA,50.5882352941176
"R_1KrRBQ2rTux4Bjl","TP",37.09,5,1,4,7,1,"HHLL","HH",65,86.6666666666667,NA,50.625
"R_1KrRBQ2rTux4Bjl","TP",37.09,5,1,4,7,1,"HHLL","LL",15,60,NA,50
"R_1KrRBQ2rTux4Bjl","TP",37.09,5,1,4,7,1,"HLHL","HL",50,66.6666666666667,NA,50.2564102564103
"R_1KrRBQ2rTux4Bjl","TP",37.09,5,1,4,7,1,"HLLH","HL",45,60,NA,50
"R_1KrRBQ2rTux4Bjl","TP",37.09,5,1,4,7,1,"HLLH","LH",15,60,NA,50.7142857142857
"R_1KrRBQ2rTux4Bjl","TP",37.09,5,1,4,7,1,"HLLL","HL",45,60,NA,50
"R_1KrRBQ2rTux4Bjl","TP",37.09,5,1,4,7,1,"HLLL","LL",10,40,NA,50.7692307692308
"R_1KrRBQ2rTux4Bjl","TP",37.09,5,1,4,7,1,"LHLH","LH",15,60,NA,50.5882352941176
"R_1KrRBQ2rTux4Bjl","TP",37.09,5,1,4,7,1,"LHLL","LH",15,60,NA,50.6666666666667
"R_1KrRBQ2rTux4Bjl","TP",37.09,5,1,4,7,1,"LHLL","LL",10,40,NA,50.6666666666667
"R_1KrRBQ2rTux4Bjl","TP",37.09,5,1,4,7,1,"LLLL","LL",15,60,NA,50.7692307692308
"R_1GE9qKTTXLVvvhF","TP",28.61,4,1,1,2,1,"HHHH","HH",55,73.3333333333333,NA,50.1960784313725
"R_1GE9qKTTXLVvvhF","TP",28.61,4,1,1,2,1,"HHHL","HH",65,86.6666666666667,NA,48.8888888888889
"R_1GE9qKTTXLVvvhF","TP",28.61,4,1,1,2,1,"HHHL","HL",55,73.3333333333333,NA,51.5555555555556
"R_1GE9qKTTXLVvvhF","TP",28.61,4,1,1,2,1,"HHLH","HH",55,73.3333333333333,NA,50
"R_1GE9qKTTXLVvvhF","TP",28.61,4,1,1,2,1,"HHLH","LH",15,60,NA,50.5882352941176
"R_1GE9qKTTXLVvvhF","TP",28.61,4,1,1,2,1,"HHLL","HH",65,86.6666666666667,NA,50.625
"R_1GE9qKTTXLVvvhF","TP",28.61,4,1,1,2,1,"HHLL","LL",15,60,NA,50
"R_1GE9qKTTXLVvvhF","TP",28.61,4,1,1,2,1,"HLHL","HL",50,66.6666666666667,NA,50.2564102564103
"R_1GE9qKTTXLVvvhF","TP",28.61,4,1,1,2,1,"HLLH","HL",55,73.3333333333333,NA,50.7142857142857
"R_1GE9qKTTXLVvvhF","TP",28.61,4,1,1,2,1,"HLLH","LH",15,60,NA,50
"R_1GE9qKTTXLVvvhF","TP",28.61,4,1,1,2,1,"HLLL","HL",50,66.6666666666667,NA,52.3076923076923
"R_1GE9qKTTXLVvvhF","TP",28.61,4,1,1,2,1,"HLLL","LL",13,52,NA,48.4615384615385
"R_1GE9qKTTXLVvvhF","TP",28.61,4,1,1,2,1,"LHLH","LH",13,52,NA,50.5882352941176
"R_1GE9qKTTXLVvvhF","TP",28.61,4,1,1,2,1,"LHLL","LH",15,60,NA,50.6666666666667
"R_1GE9qKTTXLVvvhF","TP",28.61,4,1,1,2,1,"LHLL","LL",12,48,NA,50.6666666666667
"R_1GE9qKTTXLVvvhF","TP",28.61,4,1,1,2,1,"LLLL","LL",15,60,NA,50.7692307692308
"R_1GVoivb137EcRkZ","TP",12.55,5,2,3,5,3,"HHHH","HH",30,40,NA,50.1960784313725
"R_1GVoivb137EcRkZ","TP",12.55,5,2,3,5,3,"HHHL","HH",25,33.3333333333333,NA,50.2222222222222
"R_1GVoivb137EcRkZ","TP",12.55,5,2,3,5,3,"HHHL","HL",20,26.6666666666667,NA,50.2222222222222
"R_1GVoivb137EcRkZ","TP",12.55,5,2,3,5,3,"HHLH","HH",30,40,NA,50.5882352941176
"R_1GVoivb137EcRkZ","TP",12.55,5,2,3,5,3,"HHLH","LH",12,48,NA,50
"R_1GVoivb137EcRkZ","TP",12.55,5,2,3,5,3,"HHLL","HH",50,66.6666666666667,NA,63.125
"R_1GVoivb137EcRkZ","TP",12.55,5,2,3,5,3,"HHLL","LL",10,40,NA,37.5
"R_1GVoivb137EcRkZ","TP",12.55,5,2,3,5,3,"HLHL","HL",30,40,NA,50.2564102564103
"R_1GVoivb137EcRkZ","TP",12.55,5,2,3,5,3,"HLLH","HL",25,33.3333333333333,NA,53.5714285714286
"R_1GVoivb137EcRkZ","TP",12.55,5,2,3,5,3,"HLLH","LH",10,40,NA,47.1428571428571
"R_1GVoivb137EcRkZ","TP",12.55,5,2,3,5,3,"HLLL","HL",25,33.3333333333333,NA,57.6923076923077
"R_1GVoivb137EcRkZ","TP",12.55,5,2,3,5,3,"HLLL","LL",10,40,NA,43.0769230769231
"R_1GVoivb137EcRkZ","TP",12.55,5,2,3,5,3,"LHLH","LH",15,60,NA,50.5882352941176
"R_1GVoivb137EcRkZ","TP",12.55,5,2,3,5,3,"LHLL","LH",15,60,NA,50.6666666666667
"R_1GVoivb137EcRkZ","TP",12.55,5,2,3,5,3,"LHLL","LL",13,52,NA,50.6666666666667
"R_1GVoivb137EcRkZ","TP",12.55,5,2,3,5,3,"LLLL","LL",15,60,NA,50.7692307692308
"R_29yoVENzCjJvsDD","TP",34.88,4,1,1,4,1,"HHHH","HH",50,66.6666666666667,NA,50.1960784313725
"R_29yoVENzCjJvsDD","TP",34.88,4,1,1,4,1,"HHHL","HH",50,66.6666666666667,NA,50.2222222222222
"R_29yoVENzCjJvsDD","TP",34.88,4,1,1,4,1,"HHHL","HL",50,66.6666666666667,NA,50.2222222222222
"R_29yoVENzCjJvsDD","TP",34.88,4,1,1,4,1,"HHLH","HH",50,66.6666666666667,NA,50.5882352941176
"R_29yoVENzCjJvsDD","TP",34.88,4,1,1,4,1,"HHLH","LH",10,40,NA,50
"R_29yoVENzCjJvsDD","TP",34.88,4,1,1,4,1,"HHLL","HH",50,66.6666666666667,NA,50.625
"R_29yoVENzCjJvsDD","TP",34.88,4,1,1,4,1,"HHLL","LL",10,40,NA,50
"R_29yoVENzCjJvsDD","TP",34.88,4,1,1,4,1,"HLHL","HL",50,66.6666666666667,NA,50.2564102564103
"R_29yoVENzCjJvsDD","TP",34.88,4,1,1,4,1,"HLLH","HL",50,66.6666666666667,NA,50.7142857142857
"R_29yoVENzCjJvsDD","TP",34.88,4,1,1,4,1,"HLLH","LH",10,40,NA,50
"R_29yoVENzCjJvsDD","TP",34.88,4,1,1,4,1,"HLLL","HL",50,66.6666666666667,NA,50.7692307692308
"R_29yoVENzCjJvsDD","TP",34.88,4,1,1,4,1,"HLLL","LL",10,40,NA,50
"R_29yoVENzCjJvsDD","TP",34.88,4,1,1,4,1,"LHLH","LH",10,40,NA,50.5882352941176
"R_29yoVENzCjJvsDD","TP",34.88,4,1,1,4,1,"LHLL","LH",10,40,NA,50.6666666666667
"R_29yoVENzCjJvsDD","TP",34.88,4,1,1,4,1,"LHLL","LL",10,40,NA,50.6666666666667
"R_29yoVENzCjJvsDD","TP",34.88,4,1,1,4,1,"LLLL","LL",10,40,NA,50.7692307692308
"R_3saKC1qwLOEr2zX","TP",37.48,4,5,6,4,6,"HHHH","HH",75,100,NA,50.1960784313725
"R_3saKC1qwLOEr2zX","TP",37.48,4,5,6,4,6,"HHHL","HH",75,100,NA,50.2222222222222
"R_3saKC1qwLOEr2zX","TP",37.48,4,5,6,4,6,"HHHL","HL",71,94.6666666666667,NA,50.2222222222222
"R_3saKC1qwLOEr2zX","TP",37.48,4,5,6,4,6,"HHLH","HH",65,86.6666666666667,NA,50.5882352941176
"R_3saKC1qwLOEr2zX","TP",37.48,4,5,6,4,6,"HHLH","LH",15,60,NA,50
"R_3saKC1qwLOEr2zX","TP",37.48,4,5,6,4,6,"HHLL","HH",70,93.3333333333333,NA,50.625
"R_3saKC1qwLOEr2zX","TP",37.48,4,5,6,4,6,"HHLL","LL",15,60,NA,50
"R_3saKC1qwLOEr2zX","TP",37.48,4,5,6,4,6,"HLHL","HL",75,100,NA,50.2564102564103
"R_3saKC1qwLOEr2zX","TP",37.48,4,5,6,4,6,"HLLH","HL",70,93.3333333333333,NA,50.7142857142857
"R_3saKC1qwLOEr2zX","TP",37.48,4,5,6,4,6,"HLLH","LH",25,100,NA,50
"R_3saKC1qwLOEr2zX","TP",37.48,4,5,6,4,6,"HLLL","HL",70,93.3333333333333,NA,50.7692307692308
"R_3saKC1qwLOEr2zX","TP",37.48,4,5,6,4,6,"HLLL","LL",15,60,NA,50
"R_3saKC1qwLOEr2zX","TP",37.48,4,5,6,4,6,"LHLH","LH",25,100,NA,50.5882352941176
"R_3saKC1qwLOEr2zX","TP",37.48,4,5,6,4,6,"LHLL","LH",25,100,NA,50.6666666666667
"R_3saKC1qwLOEr2zX","TP",37.48,4,5,6,4,6,"LHLL","LL",21,84,NA,50.6666666666667
"R_3saKC1qwLOEr2zX","TP",37.48,4,5,6,4,6,"LLLL","LL",25,100,NA,50.7692307692308
"R_1Q6s6cUWfSYhITT","TP",37.48,2,4,7,4,7,"HHHH","HH",40,53.3333333333333,NA,50.1960784313725
"R_1Q6s6cUWfSYhITT","TP",37.48,2,4,7,4,7,"HHHL","HH",40,53.3333333333333,NA,50.2222222222222
"R_1Q6s6cUWfSYhITT","TP",37.48,2,4,7,4,7,"HHHL","HL",30,40,NA,50.2222222222222
"R_1Q6s6cUWfSYhITT","TP",37.48,2,4,7,4,7,"HHLH","HH",45,60,NA,50.5882352941176
"R_1Q6s6cUWfSYhITT","TP",37.48,2,4,7,4,7,"HHLH","LH",20,80,NA,50
"R_1Q6s6cUWfSYhITT","TP",37.48,2,4,7,4,7,"HHLL","HH",30,40,NA,50.625
"R_1Q6s6cUWfSYhITT","TP",37.48,2,4,7,4,7,"HHLL","LL",10,40,NA,50
"R_1Q6s6cUWfSYhITT","TP",37.48,2,4,7,4,7,"HLHL","HL",30,40,NA,50.2564102564103
"R_1Q6s6cUWfSYhITT","TP",37.48,2,4,7,4,7,"HLLH","HL",30,40,NA,50.7142857142857
"R_1Q6s6cUWfSYhITT","TP",37.48,2,4,7,4,7,"HLLH","LH",15,60,NA,50
"R_1Q6s6cUWfSYhITT","TP",37.48,2,4,7,4,7,"HLLL","HL",30,40,NA,50.7692307692308
"R_1Q6s6cUWfSYhITT","TP",37.48,2,4,7,4,7,"HLLL","LL",10,40,NA,50
"R_1Q6s6cUWfSYhITT","TP",37.48,2,4,7,4,7,"LHLH","LH",15,60,NA,50.5882352941176
"R_1Q6s6cUWfSYhITT","TP",37.48,2,4,7,4,7,"LHLL","LH",20,80,NA,50.6666666666667
"R_1Q6s6cUWfSYhITT","TP",37.48,2,4,7,4,7,"LHLL","LL",15,60,NA,50.6666666666667
"R_1Q6s6cUWfSYhITT","TP",37.48,2,4,7,4,7,"LLLL","LL",20,80,NA,50.7692307692308
"R_1Q3CxDbzJq4Z9VP","TP",37.48,5,4,1,7,1,"HHHH","HH",75,100,NA,50.1960784313725
"R_1Q3CxDbzJq4Z9VP","TP",37.48,5,4,1,7,1,"HHHL","HH",75,100,NA,50.2222222222222
"R_1Q3CxDbzJq4Z9VP","TP",37.48,5,4,1,7,1,"HHHL","HL",75,100,NA,50.2222222222222
"R_1Q3CxDbzJq4Z9VP","TP",37.48,5,4,1,7,1,"HHLH","HH",75,100,NA,50.5882352941176
"R_1Q3CxDbzJq4Z9VP","TP",37.48,5,4,1,7,1,"HHLH","LH",25,100,NA,50
"R_1Q3CxDbzJq4Z9VP","TP",37.48,5,4,1,7,1,"HHLL","HH",75,100,NA,50.625
"R_1Q3CxDbzJq4Z9VP","TP",37.48,5,4,1,7,1,"HHLL","LL",25,100,NA,50
"R_1Q3CxDbzJq4Z9VP","TP",37.48,5,4,1,7,1,"HLHL","HL",75,100,NA,50.2564102564103
"R_1Q3CxDbzJq4Z9VP","TP",37.48,5,4,1,7,1,"HLLH","HL",75,100,NA,50.7142857142857
"R_1Q3CxDbzJq4Z9VP","TP",37.48,5,4,1,7,1,"HLLH","LH",25,100,NA,50
"R_1Q3CxDbzJq4Z9VP","TP",37.48,5,4,1,7,1,"HLLL","HL",75,100,NA,50.7692307692308
"R_1Q3CxDbzJq4Z9VP","TP",37.48,5,4,1,7,1,"HLLL","LL",25,100,NA,50
"R_1Q3CxDbzJq4Z9VP","TP",37.48,5,4,1,7,1,"LHLH","LH",25,100,NA,50.5882352941176
"R_1Q3CxDbzJq4Z9VP","TP",37.48,5,4,1,7,1,"LHLL","LH",25,100,NA,50.6666666666667
"R_1Q3CxDbzJq4Z9VP","TP",37.48,5,4,1,7,1,"LHLL","LL",25,100,NA,50.6666666666667
"R_1Q3CxDbzJq4Z9VP","TP",37.48,5,4,1,7,1,"LLLL","LL",25,100,NA,50.7692307692308
"R_3HugwN862LUqaWv","TP",7.82,4,5,4,4,4,"HHHH","HH",50,66.6666666666667,NA,50.1960784313725
"R_3HugwN862LUqaWv","TP",7.82,4,5,4,4,4,"HHHL","HH",25,33.3333333333333,NA,50.2222222222222
"R_3HugwN862LUqaWv","TP",7.82,4,5,4,4,4,"HHHL","HL",50,66.6666666666667,NA,50.2222222222222
"R_3HugwN862LUqaWv","TP",7.82,4,5,4,4,4,"HHLH","HH",50,66.6666666666667,NA,50
"R_3HugwN862LUqaWv","TP",7.82,4,5,4,4,4,"HHLH","LH",20,80,NA,50.5882352941176
"R_3HugwN862LUqaWv","TP",7.82,4,5,4,4,4,"HHLL","HH",25,33.3333333333333,NA,50.625
"R_3HugwN862LUqaWv","TP",7.82,4,5,4,4,4,"HHLL","LL",10,40,NA,50
"R_3HugwN862LUqaWv","TP",7.82,4,5,4,4,4,"HLHL","HL",10,13.3333333333333,NA,50.2564102564103
"R_3HugwN862LUqaWv","TP",7.82,4,5,4,4,4,"HLLH","HL",20,26.6666666666667,NA,50
"R_3HugwN862LUqaWv","TP",7.82,4,5,4,4,4,"HLLH","LH",20,80,NA,50.7142857142857
"R_3HugwN862LUqaWv","TP",7.82,4,5,4,4,4,"HLLL","HL",20,26.6666666666667,NA,50.7692307692308
"R_3HugwN862LUqaWv","TP",7.82,4,5,4,4,4,"HLLL","LL",20,80,NA,50
"R_3HugwN862LUqaWv","TP",7.82,4,5,4,4,4,"LHLH","LH",20,80,NA,50.5882352941176
"R_3HugwN862LUqaWv","TP",7.82,4,5,4,4,4,"LHLL","LH",20,80,NA,50.6666666666667
"R_3HugwN862LUqaWv","TP",7.82,4,5,4,4,4,"LHLL","LL",15,60,NA,50.6666666666667
"R_3HugwN862LUqaWv","TP",7.82,4,5,4,4,4,"LLLL","LL",25,100,NA,50.7692307692308
"R_3016413Y7hjBHxU","TP",45,4,2,2,2,2,"HHHH","HH",30,40,NA,50.1960784313725
"R_3016413Y7hjBHxU","TP",45,4,2,2,2,2,"HHHL","HH",30,40,NA,50.2222222222222
"R_3016413Y7hjBHxU","TP",45,4,2,2,2,2,"HHHL","HL",30,40,NA,50.2222222222222
"R_3016413Y7hjBHxU","TP",45,4,2,2,2,2,"HHLH","HH",30,40,NA,44.1176470588235
"R_3016413Y7hjBHxU","TP",45,4,2,2,2,2,"HHLH","LH",10,40,NA,56.4705882352941
"R_3016413Y7hjBHxU","TP",45,4,2,2,2,2,"HHLL","HH",30,40,NA,50.3125
"R_3016413Y7hjBHxU","TP",45,4,2,2,2,2,"HHLL","LL",10,40,NA,50.3125
"R_3016413Y7hjBHxU","TP",45,4,2,2,2,2,"HLHL","HL",30,40,NA,50.2564102564103
"R_3016413Y7hjBHxU","TP",45,4,2,2,2,2,"HLLH","HL",30,40,NA,50.3571428571429
"R_3016413Y7hjBHxU","TP",45,4,2,2,2,2,"HLLH","LH",10,40,NA,50.3571428571429
"R_3016413Y7hjBHxU","TP",45,4,2,2,2,2,"HLLL","HL",30,40,NA,58.0769230769231
"R_3016413Y7hjBHxU","TP",45,4,2,2,2,2,"HLLL","LL",10,40,NA,42.6923076923077
"R_3016413Y7hjBHxU","TP",45,4,2,2,2,2,"LHLH","LH",10,40,NA,50.5882352941176
"R_3016413Y7hjBHxU","TP",45,4,2,2,2,2,"LHLL","LH",10,40,NA,50.6666666666667
"R_3016413Y7hjBHxU","TP",45,4,2,2,2,2,"LHLL","LL",10,40,NA,50.6666666666667
"R_3016413Y7hjBHxU","TP",45,4,2,2,2,2,"LLLL","LL",10,40,NA,50.7692307692308
"R_DqqVlA3h1MQqVH3","TP",45,3,4,5,5,6,"HHHH","HH",50,66.6666666666667,NA,50.1960784313725
"R_DqqVlA3h1MQqVH3","TP",45,3,4,5,5,6,"HHHL","HH",50,66.6666666666667,NA,50.2222222222222
"R_DqqVlA3h1MQqVH3","TP",45,3,4,5,5,6,"HHHL","HL",50,66.6666666666667,NA,50.2222222222222
"R_DqqVlA3h1MQqVH3","TP",45,3,4,5,5,6,"HHLH","HH",50,66.6666666666667,NA,50
"R_DqqVlA3h1MQqVH3","TP",45,3,4,5,5,6,"HHLH","LH",15,60,NA,50.5882352941176
"R_DqqVlA3h1MQqVH3","TP",45,3,4,5,5,6,"HHLL","HH",50,66.6666666666667,NA,50.625
"R_DqqVlA3h1MQqVH3","TP",45,3,4,5,5,6,"HHLL","LL",15,60,NA,50
"R_DqqVlA3h1MQqVH3","TP",45,3,4,5,5,6,"HLHL","HL",50,66.6666666666667,NA,50.2564102564103
"R_DqqVlA3h1MQqVH3","TP",45,3,4,5,5,6,"HLLH","HL",50,66.6666666666667,NA,50.7142857142857
"R_DqqVlA3h1MQqVH3","TP",45,3,4,5,5,6,"HLLH","LH",15,60,NA,50
"R_DqqVlA3h1MQqVH3","TP",45,3,4,5,5,6,"HLLL","HL",50,66.6666666666667,NA,50.7692307692308
"R_DqqVlA3h1MQqVH3","TP",45,3,4,5,5,6,"HLLL","LL",15,60,NA,50
"R_DqqVlA3h1MQqVH3","TP",45,3,4,5,5,6,"LHLH","LH",20,80,NA,50.5882352941176
"R_DqqVlA3h1MQqVH3","TP",45,3,4,5,5,6,"LHLL","LH",20,80,NA,50.6666666666667
"R_DqqVlA3h1MQqVH3","TP",45,3,4,5,5,6,"LHLL","LL",20,80,NA,50.6666666666667
"R_DqqVlA3h1MQqVH3","TP",45,3,4,5,5,6,"LLLL","LL",20,80,NA,50.7692307692308
"R_30cM3ppMfzdfxQp","TP",30.19,3,2,3,3,3,"HHHH","HH",50,66.6666666666667,NA,50.1960784313725
"R_30cM3ppMfzdfxQp","TP",30.19,3,2,3,3,3,"HHHL","HH",25,33.3333333333333,NA,50.2222222222222
"R_30cM3ppMfzdfxQp","TP",30.19,3,2,3,3,3,"HHHL","HL",20,26.6666666666667,NA,50.2222222222222
"R_30cM3ppMfzdfxQp","TP",30.19,3,2,3,3,3,"HHLH","HH",25,33.3333333333333,NA,70.5882352941177
"R_30cM3ppMfzdfxQp","TP",30.19,3,2,3,3,3,"HHLH","LH",10,40,NA,30
"R_30cM3ppMfzdfxQp","TP",30.19,3,2,3,3,3,"HHLL","HH",30,40,NA,62.5
"R_30cM3ppMfzdfxQp","TP",30.19,3,2,3,3,3,"HHLL","LL",15,60,NA,38.125
"R_30cM3ppMfzdfxQp","TP",30.19,3,2,3,3,3,"HLHL","HL",50,66.6666666666667,NA,50.2564102564103
"R_30cM3ppMfzdfxQp","TP",30.19,3,2,3,3,3,"HLLH","HL",30,40,NA,71.4285714285714
"R_30cM3ppMfzdfxQp","TP",30.19,3,2,3,3,3,"HLLH","LH",15,60,NA,29.2857142857143
"R_30cM3ppMfzdfxQp","TP",30.19,3,2,3,3,3,"HLLL","HL",20,26.6666666666667,NA,69.2307692307692
"R_30cM3ppMfzdfxQp","TP",30.19,3,2,3,3,3,"HLLL","LL",5,20,NA,31.5384615384615
"R_30cM3ppMfzdfxQp","TP",30.19,3,2,3,3,3,"LHLH","LH",20,80,NA,50.5882352941176
"R_30cM3ppMfzdfxQp","TP",30.19,3,2,3,3,3,"LHLL","LH",15,60,NA,50.6666666666667
"R_30cM3ppMfzdfxQp","TP",30.19,3,2,3,3,3,"LHLL","LL",15,60,NA,50.6666666666667
"R_30cM3ppMfzdfxQp","TP",30.19,3,2,3,3,3,"LLLL","LL",10,40,NA,50.7692307692308
"R_2q3n0n4pbFiyLCM","TP",34.88,5,1,1,7,1,"HHHH","HH",50,66.6666666666667,NA,50.1960784313725
"R_2q3n0n4pbFiyLCM","TP",34.88,5,1,1,7,1,"HHHL","HH",50,66.6666666666667,NA,50.2222222222222
"R_2q3n0n4pbFiyLCM","TP",34.88,5,1,1,7,1,"HHHL","HL",50,66.6666666666667,NA,50.2222222222222
"R_2q3n0n4pbFiyLCM","TP",34.88,5,1,1,7,1,"HHLH","HH",20,26.6666666666667,NA,50
"R_2q3n0n4pbFiyLCM","TP",34.88,5,1,1,7,1,"HHLH","LH",15,60,NA,50.5882352941176
"R_2q3n0n4pbFiyLCM","TP",34.88,5,1,1,7,1,"HHLL","HH",50,66.6666666666667,NA,50
"R_2q3n0n4pbFiyLCM","TP",34.88,5,1,1,7,1,"HHLL","LL",15,60,NA,50.625
"R_2q3n0n4pbFiyLCM","TP",34.88,5,1,1,7,1,"HLHL","HL",50,66.6666666666667,NA,50.2564102564103
"R_2q3n0n4pbFiyLCM","TP",34.88,5,1,1,7,1,"HLLH","HL",50,66.6666666666667,NA,50.7142857142857
"R_2q3n0n4pbFiyLCM","TP",34.88,5,1,1,7,1,"HLLH","LH",15,60,NA,50
"R_2q3n0n4pbFiyLCM","TP",34.88,5,1,1,7,1,"HLLL","HL",50,66.6666666666667,NA,50
"R_2q3n0n4pbFiyLCM","TP",34.88,5,1,1,7,1,"HLLL","LL",20,80,NA,50.7692307692308
"R_2q3n0n4pbFiyLCM","TP",34.88,5,1,1,7,1,"LHLH","LH",20,80,NA,50.5882352941176
"R_2q3n0n4pbFiyLCM","TP",34.88,5,1,1,7,1,"LHLL","LH",12,48,NA,50.6666666666667
"R_2q3n0n4pbFiyLCM","TP",34.88,5,1,1,7,1,"LHLL","LL",12,48,NA,50.6666666666667
"R_2q3n0n4pbFiyLCM","TP",34.88,5,1,1,7,1,"LLLL","LL",15,60,NA,50.7692307692308
"R_2v2DVgWpA1VhPcY","TP",36.12,5,1,1,1,1,"HHHH","HH",75,100,NA,50.1960784313725
"R_2v2DVgWpA1VhPcY","TP",36.12,5,1,1,1,1,"HHHL","HH",75,100,NA,50.2222222222222
"R_2v2DVgWpA1VhPcY","TP",36.12,5,1,1,1,1,"HHHL","HL",75,100,NA,50.2222222222222
"R_2v2DVgWpA1VhPcY","TP",36.12,5,1,1,1,1,"HHLH","HH",75,100,NA,50.5882352941176
"R_2v2DVgWpA1VhPcY","TP",36.12,5,1,1,1,1,"HHLH","LH",25,100,NA,50
"R_2v2DVgWpA1VhPcY","TP",36.12,5,1,1,1,1,"HHLL","HH",75,100,NA,50
"R_2v2DVgWpA1VhPcY","TP",36.12,5,1,1,1,1,"HHLL","LL",25,100,NA,50.625
"R_2v2DVgWpA1VhPcY","TP",36.12,5,1,1,1,1,"HLHL","HL",75,100,NA,50.2564102564103
"R_2v2DVgWpA1VhPcY","TP",36.12,5,1,1,1,1,"HLLH","HL",75,100,NA,50.7142857142857
"R_2v2DVgWpA1VhPcY","TP",36.12,5,1,1,1,1,"HLLH","LH",25,100,NA,50
"R_2v2DVgWpA1VhPcY","TP",36.12,5,1,1,1,1,"HLLL","HL",75,100,NA,50.7692307692308
"R_2v2DVgWpA1VhPcY","TP",36.12,5,1,1,1,1,"HLLL","LL",25,100,NA,50
"R_2v2DVgWpA1VhPcY","TP",36.12,5,1,1,1,1,"LHLH","LH",25,100,NA,50.5882352941176
"R_2v2DVgWpA1VhPcY","TP",36.12,5,1,1,1,1,"LHLL","LH",25,100,NA,50.6666666666667
"R_2v2DVgWpA1VhPcY","TP",36.12,5,1,1,1,1,"LHLL","LL",25,100,NA,50.6666666666667
"R_2v2DVgWpA1VhPcY","TP",36.12,5,1,1,1,1,"LLLL","LL",25,100,NA,50.7692307692308
"R_2ylLGMCHEY0cLCH","TP",34.88,5,1,7,4,7,"HHHH","HH",50,66.6666666666667,NA,49.4117647058824
"R_2ylLGMCHEY0cLCH","TP",34.88,5,1,7,4,7,"HHHL","HH",50,66.6666666666667,NA,50.2222222222222
"R_2ylLGMCHEY0cLCH","TP",34.88,5,1,7,4,7,"HHHL","HL",50,66.6666666666667,NA,50.2222222222222
"R_2ylLGMCHEY0cLCH","TP",34.88,5,1,7,4,7,"HHLH","HH",75,100,NA,41.7647058823529
"R_2ylLGMCHEY0cLCH","TP",34.88,5,1,7,4,7,"HHLH","LH",25,100,NA,58.8235294117647
"R_2ylLGMCHEY0cLCH","TP",34.88,5,1,7,4,7,"HHLL","HH",25,33.3333333333333,NA,50.625
"R_2ylLGMCHEY0cLCH","TP",34.88,5,1,7,4,7,"HHLL","LL",25,100,NA,50
"R_2ylLGMCHEY0cLCH","TP",34.88,5,1,7,4,7,"HLHL","HL",40,53.3333333333333,NA,50.2564102564103
"R_2ylLGMCHEY0cLCH","TP",34.88,5,1,7,4,7,"HLLH","HL",25,33.3333333333333,NA,50.7142857142857
"R_2ylLGMCHEY0cLCH","TP",34.88,5,1,7,4,7,"HLLH","LH",25,100,NA,50
"R_2ylLGMCHEY0cLCH","TP",34.88,5,1,7,4,7,"HLLL","HL",50,66.6666666666667,NA,50
"R_2ylLGMCHEY0cLCH","TP",34.88,5,1,7,4,7,"HLLL","LL",15,60,NA,50.7692307692308
"R_2ylLGMCHEY0cLCH","TP",34.88,5,1,7,4,7,"LHLH","LH",25,100,NA,50.5882352941176
"R_2ylLGMCHEY0cLCH","TP",34.88,5,1,7,4,7,"LHLL","LH",20,80,NA,53.3333333333333
"R_2ylLGMCHEY0cLCH","TP",34.88,5,1,7,4,7,"LHLL","LL",20,80,NA,48
"R_2ylLGMCHEY0cLCH","TP",34.88,5,1,7,4,7,"LLLL","LL",15,60,NA,50.7692307692308
"R_BV1Rt2ll2WUBPzz","TP",19.47,2,2,7,7,7,"HHHH","HH",10,13.3333333333333,NA,78.4313725490196
"R_BV1Rt2ll2WUBPzz","TP",19.47,2,2,7,7,7,"HHHL","HH",5,6.66666666666667,NA,11.5555555555556
"R_BV1Rt2ll2WUBPzz","TP",19.47,2,2,7,7,7,"HHHL","HL",5,6.66666666666667,NA,88.8888888888889
"R_BV1Rt2ll2WUBPzz","TP",19.47,2,2,7,7,7,"HHLH","HH",5,6.66666666666667,NA,41.7647058823529
"R_BV1Rt2ll2WUBPzz","TP",19.47,2,2,7,7,7,"HHLH","LH",3,12,NA,58.8235294117647
"R_BV1Rt2ll2WUBPzz","TP",19.47,2,2,7,7,7,"HHLL","HH",5,6.66666666666667,NA,25.625
"R_BV1Rt2ll2WUBPzz","TP",19.47,2,2,7,7,7,"HHLL","LL",5,20,NA,75
"R_BV1Rt2ll2WUBPzz","TP",19.47,2,2,7,7,7,"HLHL","HL",10,13.3333333333333,NA,51.2820512820513
"R_BV1Rt2ll2WUBPzz","TP",19.47,2,2,7,7,7,"HLLH","HL",10,13.3333333333333,NA,71.4285714285714
"R_BV1Rt2ll2WUBPzz","TP",19.47,2,2,7,7,7,"HLLH","LH",10,40,NA,29.2857142857143
"R_BV1Rt2ll2WUBPzz","TP",19.47,2,2,7,7,7,"HLLL","HL",8,10.6666666666667,NA,76.9230769230769
"R_BV1Rt2ll2WUBPzz","TP",19.47,2,2,7,7,7,"HLLL","LL",5,20,NA,23.8461538461538
"R_BV1Rt2ll2WUBPzz","TP",19.47,2,2,7,7,7,"LHLH","LH",10,40,NA,54.1176470588235
"R_BV1Rt2ll2WUBPzz","TP",19.47,2,2,7,7,7,"LHLL","LH",5,20,NA,61.3333333333333
"R_BV1Rt2ll2WUBPzz","TP",19.47,2,2,7,7,7,"LHLL","LL",5,20,NA,40
"R_BV1Rt2ll2WUBPzz","TP",19.47,2,2,7,7,7,"LLLL","LL",10,40,NA,50.7692307692308
"R_10VKqfzuLg3DYBt","TP",34.88,3,3,4,4,4,"HHHH","HH",50,66.6666666666667,NA,50.1960784313725
"R_10VKqfzuLg3DYBt","TP",34.88,3,3,4,4,4,"HHHL","HH",50,66.6666666666667,NA,50.2222222222222
"R_10VKqfzuLg3DYBt","TP",34.88,3,3,4,4,4,"HHHL","HL",45,60,NA,50.2222222222222
"R_10VKqfzuLg3DYBt","TP",34.88,3,3,4,4,4,"HHLH","HH",65,86.6666666666667,NA,57.6470588235294
"R_10VKqfzuLg3DYBt","TP",34.88,3,3,4,4,4,"HHLH","LH",10,40,NA,42.9411764705882
"R_10VKqfzuLg3DYBt","TP",34.88,3,3,4,4,4,"HHLL","HH",50,66.6666666666667,NA,50
"R_10VKqfzuLg3DYBt","TP",34.88,3,3,4,4,4,"HHLL","LL",10,40,NA,50.625
"R_10VKqfzuLg3DYBt","TP",34.88,3,3,4,4,4,"HLHL","HL",60,80,NA,50.2564102564103
"R_10VKqfzuLg3DYBt","TP",34.88,3,3,4,4,4,"HLLH","HL",50,66.6666666666667,NA,50.3571428571429
"R_10VKqfzuLg3DYBt","TP",34.88,3,3,4,4,4,"HLLH","LH",10,40,NA,50.3571428571429
"R_10VKqfzuLg3DYBt","TP",34.88,3,3,4,4,4,"HLLL","HL",50,66.6666666666667,NA,50.3846153846154
"R_10VKqfzuLg3DYBt","TP",34.88,3,3,4,4,4,"HLLL","LL",10,40,NA,50.3846153846154
"R_10VKqfzuLg3DYBt","TP",34.88,3,3,4,4,4,"LHLH","LH",10,40,NA,50.5882352941176
"R_10VKqfzuLg3DYBt","TP",34.88,3,3,4,4,4,"LHLL","LH",15,60,NA,57.3333333333333
"R_10VKqfzuLg3DYBt","TP",34.88,3,3,4,4,4,"LHLL","LL",15,60,NA,44
"R_10VKqfzuLg3DYBt","TP",34.88,3,3,4,4,4,"LLLL","LL",10,40,NA,50.7692307692308
"R_2Ymj2n6ErrhpI9k","TP",7.82,5,1,1,1,1,"HHHH","HH",50,66.6666666666667,NA,50.1960784313725
"R_2Ymj2n6ErrhpI9k","TP",7.82,5,1,1,1,1,"HHHL","HH",50,66.6666666666667,NA,50.2222222222222
"R_2Ymj2n6ErrhpI9k","TP",7.82,5,1,1,1,1,"HHHL","HL",50,66.6666666666667,NA,50.2222222222222
"R_2Ymj2n6ErrhpI9k","TP",7.82,5,1,1,1,1,"HHLH","HH",50,66.6666666666667,NA,41.7647058823529
"R_2Ymj2n6ErrhpI9k","TP",7.82,5,1,1,1,1,"HHLH","LH",5,20,NA,58.8235294117647
"R_2Ymj2n6ErrhpI9k","TP",7.82,5,1,1,1,1,"HHLL","HH",50,66.6666666666667,NA,38.125
"R_2Ymj2n6ErrhpI9k","TP",7.82,5,1,1,1,1,"HHLL","LL",5,20,NA,62.5
"R_2Ymj2n6ErrhpI9k","TP",7.82,5,1,1,1,1,"HLHL","HL",50,66.6666666666667,NA,50.2564102564103
"R_2Ymj2n6ErrhpI9k","TP",7.82,5,1,1,1,1,"HLLH","HL",50,66.6666666666667,NA,29.2857142857143
"R_2Ymj2n6ErrhpI9k","TP",7.82,5,1,1,1,1,"HLLH","LH",5,20,NA,71.4285714285714
"R_2Ymj2n6ErrhpI9k","TP",7.82,5,1,1,1,1,"HLLL","HL",50,66.6666666666667,NA,23.8461538461538
"R_2Ymj2n6ErrhpI9k","TP",7.82,5,1,1,1,1,"HLLL","LL",5,20,NA,76.9230769230769
"R_2Ymj2n6ErrhpI9k","TP",7.82,5,1,1,1,1,"LHLH","LH",5,20,NA,50.5882352941176
"R_2Ymj2n6ErrhpI9k","TP",7.82,5,1,1,1,1,"LHLL","LH",5,20,NA,50.6666666666667
"R_2Ymj2n6ErrhpI9k","TP",7.82,5,1,1,1,1,"LHLL","LL",5,20,NA,50.6666666666667
"R_2Ymj2n6ErrhpI9k","TP",7.82,5,1,1,1,1,"LLLL","LL",0,0,NA,50.7692307692308
"R_xacApNOMzAp7TcB","TP",23.33,5,1,2,3,2,"HHHH","HH",35,46.6666666666667,NA,50.1960784313725
"R_xacApNOMzAp7TcB","TP",23.33,5,1,2,3,2,"HHHL","HH",35,46.6666666666667,NA,55.5555555555556
"R_xacApNOMzAp7TcB","TP",23.33,5,1,2,3,2,"HHHL","HL",35,46.6666666666667,NA,44.8888888888889
"R_xacApNOMzAp7TcB","TP",23.33,5,1,2,3,2,"HHLH","HH",40,53.3333333333333,NA,73.5294117647059
"R_xacApNOMzAp7TcB","TP",23.33,5,1,2,3,2,"HHLH","LH",10,40,NA,27.0588235294118
"R_xacApNOMzAp7TcB","TP",23.33,5,1,2,3,2,"HHLL","HH",40,53.3333333333333,NA,69.375
"R_xacApNOMzAp7TcB","TP",23.33,5,1,2,3,2,"HHLL","LL",10,40,NA,31.25
"R_xacApNOMzAp7TcB","TP",23.33,5,1,2,3,2,"HLHL","HL",35,46.6666666666667,NA,50.2564102564103
"R_xacApNOMzAp7TcB","TP",23.33,5,1,2,3,2,"HLLH","HL",40,53.3333333333333,NA,67.1428571428571
"R_xacApNOMzAp7TcB","TP",23.33,5,1,2,3,2,"HLLH","LH",10,40,NA,33.5714285714286
"R_xacApNOMzAp7TcB","TP",23.33,5,1,2,3,2,"HLLL","HL",35,46.6666666666667,NA,66.1538461538461
"R_xacApNOMzAp7TcB","TP",23.33,5,1,2,3,2,"HLLL","LL",10,40,NA,34.6153846153846
"R_xacApNOMzAp7TcB","TP",23.33,5,1,2,3,2,"LHLH","LH",10,40,NA,50.5882352941176
"R_xacApNOMzAp7TcB","TP",23.33,5,1,2,3,2,"LHLL","LH",10,40,NA,54.6666666666667
"R_xacApNOMzAp7TcB","TP",23.33,5,1,2,3,2,"LHLL","LL",10,40,NA,46.6666666666667
"R_xacApNOMzAp7TcB","TP",23.33,5,1,2,3,2,"LLLL","LL",10,40,NA,50.7692307692308
"R_279m9HtMiS4KHyP","TP",7.82,4,3,4,4,5,"HHHH","HH",75,100,NA,50.1960784313725
"R_279m9HtMiS4KHyP","TP",7.82,4,3,4,4,5,"HHHL","HH",75,100,NA,50.2222222222222
"R_279m9HtMiS4KHyP","TP",7.82,4,3,4,4,5,"HHHL","HL",75,100,NA,50.2222222222222
"R_279m9HtMiS4KHyP","TP",7.82,4,3,4,4,5,"HHLH","HH",75,100,NA,50.2941176470588
"R_279m9HtMiS4KHyP","TP",7.82,4,3,4,4,5,"HHLH","LH",25,100,NA,50.2941176470588
"R_279m9HtMiS4KHyP","TP",7.82,4,3,4,4,5,"HHLL","HH",75,100,NA,50.3125
"R_279m9HtMiS4KHyP","TP",7.82,4,3,4,4,5,"HHLL","LL",25,100,NA,50.3125
"R_279m9HtMiS4KHyP","TP",7.82,4,3,4,4,5,"HLHL","HL",75,100,NA,50.2564102564103
"R_279m9HtMiS4KHyP","TP",7.82,4,3,4,4,5,"HLLH","HL",75,100,NA,50.3571428571429
"R_279m9HtMiS4KHyP","TP",7.82,4,3,4,4,5,"HLLH","LH",25,100,NA,50.3571428571429
"R_279m9HtMiS4KHyP","TP",7.82,4,3,4,4,5,"HLLL","HL",75,100,NA,50.3846153846154
"R_279m9HtMiS4KHyP","TP",7.82,4,3,4,4,5,"HLLL","LL",25,100,NA,50.3846153846154
"R_279m9HtMiS4KHyP","TP",7.82,4,3,4,4,5,"LHLH","LH",25,100,NA,50.5882352941176
"R_279m9HtMiS4KHyP","TP",7.82,4,3,4,4,5,"LHLL","LH",25,100,NA,50.6666666666667
"R_279m9HtMiS4KHyP","TP",7.82,4,3,4,4,5,"LHLL","LL",25,100,NA,50.6666666666667
"R_279m9HtMiS4KHyP","TP",7.82,4,3,4,4,5,"LLLL","LL",25,100,NA,50.7692307692308
"R_1BWuyJsR8AwuA7f","TP",30.43,4,1,2,5,1,"HHHH","HH",75,100,NA,50.1960784313725
"R_1BWuyJsR8AwuA7f","TP",30.43,4,1,2,5,1,"HHHL","HH",40,53.3333333333333,NA,50.2222222222222
"R_1BWuyJsR8AwuA7f","TP",30.43,4,1,2,5,1,"HHHL","HL",25,33.3333333333333,NA,50.2222222222222
"R_1BWuyJsR8AwuA7f","TP",30.43,4,1,2,5,1,"HHLH","HH",50,66.6666666666667,NA,50.5882352941176
"R_1BWuyJsR8AwuA7f","TP",30.43,4,1,2,5,1,"HHLH","LH",12,48,NA,50
"R_1BWuyJsR8AwuA7f","TP",30.43,4,1,2,5,1,"HHLL","HH",40,53.3333333333333,NA,50.625
"R_1BWuyJsR8AwuA7f","TP",30.43,4,1,2,5,1,"HHLL","LL",10,40,NA,50
"R_1BWuyJsR8AwuA7f","TP",30.43,4,1,2,5,1,"HLHL","HL",30,40,NA,50.2564102564103
"R_1BWuyJsR8AwuA7f","TP",30.43,4,1,2,5,1,"HLLH","HL",35,46.6666666666667,NA,50.7142857142857
"R_1BWuyJsR8AwuA7f","TP",30.43,4,1,2,5,1,"HLLH","LH",15,60,NA,50
"R_1BWuyJsR8AwuA7f","TP",30.43,4,1,2,5,1,"HLLL","HL",35,46.6666666666667,NA,50.7692307692308
"R_1BWuyJsR8AwuA7f","TP",30.43,4,1,2,5,1,"HLLL","LL",5,20,NA,50
"R_1BWuyJsR8AwuA7f","TP",30.43,4,1,2,5,1,"LHLH","LH",15,60,NA,50.5882352941176
"R_1BWuyJsR8AwuA7f","TP",30.43,4,1,2,5,1,"LHLL","LH",10,40,NA,50.6666666666667
"R_1BWuyJsR8AwuA7f","TP",30.43,4,1,2,5,1,"LHLL","LL",8,32,NA,50.6666666666667
"R_1BWuyJsR8AwuA7f","TP",30.43,4,1,2,5,1,"LLLL","LL",10,40,NA,50.7692307692308
"R_1GqBraRUOUNYYIV","TP",34.88,5,1,1,1,1,"HHHH","HH",50,66.6666666666667,NA,50.1960784313725
"R_1GqBraRUOUNYYIV","TP",34.88,5,1,1,1,1,"HHHL","HH",45,60,NA,50.2222222222222
"R_1GqBraRUOUNYYIV","TP",34.88,5,1,1,1,1,"HHHL","HL",45,60,NA,50.2222222222222
"R_1GqBraRUOUNYYIV","TP",34.88,5,1,1,1,1,"HHLH","HH",50,66.6666666666667,NA,50.5882352941176
"R_1GqBraRUOUNYYIV","TP",34.88,5,1,1,1,1,"HHLH","LH",15,60,NA,50
"R_1GqBraRUOUNYYIV","TP",34.88,5,1,1,1,1,"HHLL","HH",50,66.6666666666667,NA,50.625
"R_1GqBraRUOUNYYIV","TP",34.88,5,1,1,1,1,"HHLL","LL",20,80,NA,50
"R_1GqBraRUOUNYYIV","TP",34.88,5,1,1,1,1,"HLHL","HL",50,66.6666666666667,NA,50.2564102564103
"R_1GqBraRUOUNYYIV","TP",34.88,5,1,1,1,1,"HLLH","HL",50,66.6666666666667,NA,53.5714285714286
"R_1GqBraRUOUNYYIV","TP",34.88,5,1,1,1,1,"HLLH","LH",15,60,NA,47.1428571428571
"R_1GqBraRUOUNYYIV","TP",34.88,5,1,1,1,1,"HLLL","HL",40,53.3333333333333,NA,50.7692307692308
"R_1GqBraRUOUNYYIV","TP",34.88,5,1,1,1,1,"HLLL","LL",10,40,NA,50
"R_1GqBraRUOUNYYIV","TP",34.88,5,1,1,1,1,"LHLH","LH",20,80,NA,50.5882352941176
"R_1GqBraRUOUNYYIV","TP",34.88,5,1,1,1,1,"LHLL","LH",15,60,NA,50.6666666666667
"R_1GqBraRUOUNYYIV","TP",34.88,5,1,1,1,1,"LHLL","LL",15,60,NA,50.6666666666667
"R_1GqBraRUOUNYYIV","TP",34.88,5,1,1,1,1,"LLLL","LL",15,60,NA,50.7692307692308
"R_A6UCU9kVPbgJbbP","TP",34.88,5,1,3,3,3,"HHHH","HH",40,53.3333333333333,NA,50.1960784313725
"R_A6UCU9kVPbgJbbP","TP",34.88,5,1,3,3,3,"HHHL","HH",40,53.3333333333333,NA,50.2222222222222
"R_A6UCU9kVPbgJbbP","TP",34.88,5,1,3,3,3,"HHHL","HL",35,46.6666666666667,NA,50.2222222222222
"R_A6UCU9kVPbgJbbP","TP",34.88,5,1,3,3,3,"HHLH","HH",45,60,NA,50.2941176470588
"R_A6UCU9kVPbgJbbP","TP",34.88,5,1,3,3,3,"HHLH","LH",10,40,NA,50.2941176470588
"R_A6UCU9kVPbgJbbP","TP",34.88,5,1,3,3,3,"HHLL","HH",45,60,NA,50.3125
"R_A6UCU9kVPbgJbbP","TP",34.88,5,1,3,3,3,"HHLL","LL",10,40,NA,50.3125
"R_A6UCU9kVPbgJbbP","TP",34.88,5,1,3,3,3,"HLHL","HL",35,46.6666666666667,NA,50.2564102564103
"R_A6UCU9kVPbgJbbP","TP",34.88,5,1,3,3,3,"HLLH","HL",35,46.6666666666667,NA,50.3571428571429
"R_A6UCU9kVPbgJbbP","TP",34.88,5,1,3,3,3,"HLLH","LH",10,40,NA,50.3571428571429
"R_A6UCU9kVPbgJbbP","TP",34.88,5,1,3,3,3,"HLLL","HL",35,46.6666666666667,NA,50.3846153846154
"R_A6UCU9kVPbgJbbP","TP",34.88,5,1,3,3,3,"HLLL","LL",10,40,NA,50.3846153846154
"R_A6UCU9kVPbgJbbP","TP",34.88,5,1,3,3,3,"LHLH","LH",10,40,NA,50.5882352941176
"R_A6UCU9kVPbgJbbP","TP",34.88,5,1,3,3,3,"LHLL","LH",15,60,NA,50.6666666666667
"R_A6UCU9kVPbgJbbP","TP",34.88,5,1,3,3,3,"LHLL","LL",10,40,NA,50.6666666666667
"R_A6UCU9kVPbgJbbP","TP",34.88,5,1,3,3,3,"LLLL","LL",10,40,NA,50.7692307692308
"R_6XKTbJJzjzKZ5rb","TP",7.82,4,1,7,7,7,"HHHH","HH",75,100,NA,50.1960784313725
"R_6XKTbJJzjzKZ5rb","TP",7.82,4,1,7,7,7,"HHHL","HH",75,100,NA,49.7777777777778
"R_6XKTbJJzjzKZ5rb","TP",7.82,4,1,7,7,7,"HHHL","HL",75,100,NA,50.6666666666667
"R_6XKTbJJzjzKZ5rb","TP",7.82,4,1,7,7,7,"HHLH","HH",0,0,NA,50.5882352941176
"R_6XKTbJJzjzKZ5rb","TP",7.82,4,1,7,7,7,"HHLH","LH",0,0,NA,50
"R_6XKTbJJzjzKZ5rb","TP",7.82,4,1,7,7,7,"HHLL","HH",0,0,NA,50.625
"R_6XKTbJJzjzKZ5rb","TP",7.82,4,1,7,7,7,"HHLL","LL",0,0,NA,50
"R_6XKTbJJzjzKZ5rb","TP",7.82,4,1,7,7,7,"HLHL","HL",75,100,NA,50.2564102564103
"R_6XKTbJJzjzKZ5rb","TP",7.82,4,1,7,7,7,"HLLH","HL",0,0,NA,51.4285714285714
"R_6XKTbJJzjzKZ5rb","TP",7.82,4,1,7,7,7,"HLLH","LH",0,0,NA,49.2857142857143
"R_6XKTbJJzjzKZ5rb","TP",7.82,4,1,7,7,7,"HLLL","HL",0,0,NA,50.7692307692308
"R_6XKTbJJzjzKZ5rb","TP",7.82,4,1,7,7,7,"HLLL","LL",0,0,NA,50
"R_6XKTbJJzjzKZ5rb","TP",7.82,4,1,7,7,7,"LHLH","LH",25,100,NA,50.5882352941176
"R_6XKTbJJzjzKZ5rb","TP",7.82,4,1,7,7,7,"LHLL","LH",25,100,NA,50.6666666666667
"R_6XKTbJJzjzKZ5rb","TP",7.82,4,1,7,7,7,"LHLL","LL",25,100,NA,50.6666666666667
"R_6XKTbJJzjzKZ5rb","TP",7.82,4,1,7,7,7,"LLLL","LL",25,100,NA,50.7692307692308
"R_1dh8qpPJUpSqW6S","TP",32.91,3,4,7,4,6,"HHHH","HH",75,100,NA,50.1960784313725
"R_1dh8qpPJUpSqW6S","TP",32.91,3,4,7,4,6,"HHHL","HH",75,100,NA,56.8888888888889
"R_1dh8qpPJUpSqW6S","TP",32.91,3,4,7,4,6,"HHHL","HL",75,100,NA,43.5555555555556
"R_1dh8qpPJUpSqW6S","TP",32.91,3,4,7,4,6,"HHLH","HH",75,100,NA,75.2941176470588
"R_1dh8qpPJUpSqW6S","TP",32.91,3,4,7,4,6,"HHLH","LH",25,100,NA,25.2941176470588
"R_1dh8qpPJUpSqW6S","TP",32.91,3,4,7,4,6,"HHLL","HH",75,100,NA,62.5
"R_1dh8qpPJUpSqW6S","TP",32.91,3,4,7,4,6,"HHLL","LL",25,100,NA,38.125
"R_1dh8qpPJUpSqW6S","TP",32.91,3,4,7,4,6,"HLHL","HL",75,100,NA,50.2564102564103
"R_1dh8qpPJUpSqW6S","TP",32.91,3,4,7,4,6,"HLLH","HL",75,100,NA,70
"R_1dh8qpPJUpSqW6S","TP",32.91,3,4,7,4,6,"HLLH","LH",25,100,NA,30.7142857142857
"R_1dh8qpPJUpSqW6S","TP",32.91,3,4,7,4,6,"HLLL","HL",75,100,NA,75.3846153846154
"R_1dh8qpPJUpSqW6S","TP",32.91,3,4,7,4,6,"HLLL","LL",25,100,NA,25.3846153846154
"R_1dh8qpPJUpSqW6S","TP",32.91,3,4,7,4,6,"LHLH","LH",25,100,NA,50.5882352941176
"R_1dh8qpPJUpSqW6S","TP",32.91,3,4,7,4,6,"LHLL","LH",25,100,NA,57.3333333333333
"R_1dh8qpPJUpSqW6S","TP",32.91,3,4,7,4,6,"LHLL","LL",25,100,NA,44
"R_1dh8qpPJUpSqW6S","TP",32.91,3,4,7,4,6,"LLLL","LL",25,100,NA,50.7692307692308
"R_Wpxo0GMYHRCa3y9","TP",52.91,5,1,1,1,1,"HHHH","HH",75,100,NA,50.1960784313725
"R_Wpxo0GMYHRCa3y9","TP",52.91,5,1,1,1,1,"HHHL","HH",75,100,NA,50.2222222222222
"R_Wpxo0GMYHRCa3y9","TP",52.91,5,1,1,1,1,"HHHL","HL",75,100,NA,50.2222222222222
"R_Wpxo0GMYHRCa3y9","TP",52.91,5,1,1,1,1,"HHLH","HH",75,100,NA,50.2941176470588
"R_Wpxo0GMYHRCa3y9","TP",52.91,5,1,1,1,1,"HHLH","LH",25,100,NA,50.2941176470588
"R_Wpxo0GMYHRCa3y9","TP",52.91,5,1,1,1,1,"HHLL","HH",75,100,NA,50.3125
"R_Wpxo0GMYHRCa3y9","TP",52.91,5,1,1,1,1,"HHLL","LL",25,100,NA,50.3125
"R_Wpxo0GMYHRCa3y9","TP",52.91,5,1,1,1,1,"HLHL","HL",75,100,NA,50.2564102564103
"R_Wpxo0GMYHRCa3y9","TP",52.91,5,1,1,1,1,"HLLH","HL",75,100,NA,50.3571428571429
"R_Wpxo0GMYHRCa3y9","TP",52.91,5,1,1,1,1,"HLLH","LH",25,100,NA,50.3571428571429
"R_Wpxo0GMYHRCa3y9","TP",52.91,5,1,1,1,1,"HLLL","HL",75,100,NA,50.3846153846154
"R_Wpxo0GMYHRCa3y9","TP",52.91,5,1,1,1,1,"HLLL","LL",25,100,NA,50.3846153846154
"R_Wpxo0GMYHRCa3y9","TP",52.91,5,1,1,1,1,"LHLH","LH",25,100,NA,50.5882352941176
"R_Wpxo0GMYHRCa3y9","TP",52.91,5,1,1,1,1,"LHLL","LH",25,100,NA,50.6666666666667
"R_Wpxo0GMYHRCa3y9","TP",52.91,5,1,1,1,1,"LHLL","LL",25,100,NA,50.6666666666667
"R_Wpxo0GMYHRCa3y9","TP",52.91,5,1,1,1,1,"LLLL","LL",25,100,NA,50.7692307692308
"R_vZTud9fJTtKW8Mh","TP",45,3,4,5,5,5,"HHHH","HH",75,100,NA,50.1960784313725
"R_vZTud9fJTtKW8Mh","TP",45,3,4,5,5,5,"HHHL","HH",75,100,NA,50.2222222222222
"R_vZTud9fJTtKW8Mh","TP",45,3,4,5,5,5,"HHHL","HL",75,100,NA,50.2222222222222
"R_vZTud9fJTtKW8Mh","TP",45,3,4,5,5,5,"HHLH","HH",50,66.6666666666667,NA,58.8235294117647
"R_vZTud9fJTtKW8Mh","TP",45,3,4,5,5,5,"HHLH","LH",20,80,NA,41.7647058823529
"R_vZTud9fJTtKW8Mh","TP",45,3,4,5,5,5,"HHLL","HH",50,66.6666666666667,NA,56.875
"R_vZTud9fJTtKW8Mh","TP",45,3,4,5,5,5,"HHLL","LL",20,80,NA,43.75
"R_vZTud9fJTtKW8Mh","TP",45,3,4,5,5,5,"HLHL","HL",75,100,NA,50.2564102564103
"R_vZTud9fJTtKW8Mh","TP",45,3,4,5,5,5,"HLLH","HL",25,33.3333333333333,NA,57.8571428571429
"R_vZTud9fJTtKW8Mh","TP",45,3,4,5,5,5,"HLLH","LH",20,80,NA,42.8571428571429
"R_vZTud9fJTtKW8Mh","TP",45,3,4,5,5,5,"HLLL","HL",25,33.3333333333333,NA,62.3076923076923
"R_vZTud9fJTtKW8Mh","TP",45,3,4,5,5,5,"HLLL","LL",15,60,NA,38.4615384615385
"R_vZTud9fJTtKW8Mh","TP",45,3,4,5,5,5,"LHLH","LH",25,100,NA,50.5882352941176
"R_vZTud9fJTtKW8Mh","TP",45,3,4,5,5,5,"LHLL","LH",25,100,NA,50.6666666666667
"R_vZTud9fJTtKW8Mh","TP",45,3,4,5,5,5,"LHLL","LL",25,100,NA,50.6666666666667
"R_vZTud9fJTtKW8Mh","TP",45,3,4,5,5,5,"LLLL","LL",25,100,NA,50.7692307692308
"R_3Mtb1teV93B4Ppw","TP",30.92,5,2,3,5,3,"HHHH","HH",70,93.3333333333333,NA,50.1960784313725
"R_3Mtb1teV93B4Ppw","TP",30.92,5,2,3,5,3,"HHHL","HH",50,66.6666666666667,NA,54.6666666666667
"R_3Mtb1teV93B4Ppw","TP",30.92,5,2,3,5,3,"HHHL","HL",40,53.3333333333333,NA,45.7777777777778
"R_3Mtb1teV93B4Ppw","TP",30.92,5,2,3,5,3,"HHLH","HH",50,66.6666666666667,NA,58.8235294117647
"R_3Mtb1teV93B4Ppw","TP",30.92,5,2,3,5,3,"HHLH","LH",10,40,NA,41.7647058823529
"R_3Mtb1teV93B4Ppw","TP",30.92,5,2,3,5,3,"HHLL","HH",50,66.6666666666667,NA,62.5
"R_3Mtb1teV93B4Ppw","TP",30.92,5,2,3,5,3,"HHLL","LL",10,40,NA,38.125
"R_3Mtb1teV93B4Ppw","TP",30.92,5,2,3,5,3,"HLHL","HL",45,60,NA,50.2564102564103
"R_3Mtb1teV93B4Ppw","TP",30.92,5,2,3,5,3,"HLLH","HL",40,53.3333333333333,NA,70
"R_3Mtb1teV93B4Ppw","TP",30.92,5,2,3,5,3,"HLLH","LH",10,40,NA,30.7142857142857
"R_3Mtb1teV93B4Ppw","TP",30.92,5,2,3,5,3,"HLLL","HL",50,66.6666666666667,NA,73.8461538461539
"R_3Mtb1teV93B4Ppw","TP",30.92,5,2,3,5,3,"HLLL","LL",10,40,NA,26.9230769230769
"R_3Mtb1teV93B4Ppw","TP",30.92,5,2,3,5,3,"LHLH","LH",15,60,NA,50.5882352941176
"R_3Mtb1teV93B4Ppw","TP",30.92,5,2,3,5,3,"LHLL","LH",10,40,NA,58.6666666666667
"R_3Mtb1teV93B4Ppw","TP",30.92,5,2,3,5,3,"LHLL","LL",10,40,NA,42.6666666666667
"R_3Mtb1teV93B4Ppw","TP",30.92,5,2,3,5,3,"LLLL","LL",10,40,NA,50.7692307692308
"R_2YxDf2SlFdDR6px","TP",-7.82,5,1,1,1,1,"HHHH","HH",75,100,NA,50.1960784313725
"R_2YxDf2SlFdDR6px","TP",-7.82,5,1,1,1,1,"HHHL","HH",75,100,NA,56.8888888888889
"R_2YxDf2SlFdDR6px","TP",-7.82,5,1,1,1,1,"HHHL","HL",75,100,NA,43.5555555555556
"R_2YxDf2SlFdDR6px","TP",-7.82,5,1,1,1,1,"HHLH","HH",75,100,NA,75.2941176470588
"R_2YxDf2SlFdDR6px","TP",-7.82,5,1,1,1,1,"HHLH","LH",25,100,NA,25.2941176470588
"R_2YxDf2SlFdDR6px","TP",-7.82,5,1,1,1,1,"HHLL","HH",75,100,NA,80
"R_2YxDf2SlFdDR6px","TP",-7.82,5,1,1,1,1,"HHLL","LL",25,100,NA,20.625
"R_2YxDf2SlFdDR6px","TP",-7.82,5,1,1,1,1,"HLHL","HL",75,100,NA,50.2564102564103
"R_2YxDf2SlFdDR6px","TP",-7.82,5,1,1,1,1,"HLLH","HL",75,100,NA,70
"R_2YxDf2SlFdDR6px","TP",-7.82,5,1,1,1,1,"HLLH","LH",25,100,NA,30.7142857142857
"R_2YxDf2SlFdDR6px","TP",-7.82,5,1,1,1,1,"HLLL","HL",75,100,NA,75.3846153846154
"R_2YxDf2SlFdDR6px","TP",-7.82,5,1,1,1,1,"HLLL","LL",25,100,NA,25.3846153846154
"R_2YxDf2SlFdDR6px","TP",-7.82,5,1,1,1,1,"LHLH","LH",25,100,NA,50.5882352941176
"R_2YxDf2SlFdDR6px","TP",-7.82,5,1,1,1,1,"LHLL","LH",25,100,NA,44
"R_2YxDf2SlFdDR6px","TP",-7.82,5,1,1,1,1,"LHLL","LL",25,100,NA,57.3333333333333
"R_2YxDf2SlFdDR6px","TP",-7.82,5,1,1,1,1,"LLLL","LL",25,100,NA,50.7692307692308
"R_2wQRcAEMCtRc935","TP",34.88,3,3,4,4,4,"HHHH","HH",75,100,NA,50.1960784313725
"R_2wQRcAEMCtRc935","TP",34.88,3,3,4,4,4,"HHHL","HH",75,100,NA,56
"R_2wQRcAEMCtRc935","TP",34.88,3,3,4,4,4,"HHHL","HL",75,100,NA,44.4444444444444
"R_2wQRcAEMCtRc935","TP",34.88,3,3,4,4,4,"HHLH","HH",50,66.6666666666667,NA,59.4117647058824
"R_2wQRcAEMCtRc935","TP",34.88,3,3,4,4,4,"HHLH","LH",25,100,NA,41.1764705882353
"R_2wQRcAEMCtRc935","TP",34.88,3,3,4,4,4,"HHLL","HH",75,100,NA,50.625
"R_2wQRcAEMCtRc935","TP",34.88,3,3,4,4,4,"HHLL","LL",25,100,NA,50
"R_2wQRcAEMCtRc935","TP",34.88,3,3,4,4,4,"HLHL","HL",75,100,NA,50.2564102564103
"R_2wQRcAEMCtRc935","TP",34.88,3,3,4,4,4,"HLLH","HL",75,100,NA,57.1428571428571
"R_2wQRcAEMCtRc935","TP",34.88,3,3,4,4,4,"HLLH","LH",25,100,NA,43.5714285714286
"R_2wQRcAEMCtRc935","TP",34.88,3,3,4,4,4,"HLLL","HL",75,100,NA,62.3076923076923
"R_2wQRcAEMCtRc935","TP",34.88,3,3,4,4,4,"HLLL","LL",25,100,NA,38.4615384615385
"R_2wQRcAEMCtRc935","TP",34.88,3,3,4,4,4,"LHLH","LH",25,100,NA,50.5882352941176
"R_2wQRcAEMCtRc935","TP",34.88,3,3,4,4,4,"LHLL","LH",25,100,NA,53.3333333333333
"R_2wQRcAEMCtRc935","TP",34.88,3,3,4,4,4,"LHLL","LL",25,100,NA,48
"R_2wQRcAEMCtRc935","TP",34.88,3,3,4,4,4,"LLLL","LL",25,100,NA,50.7692307692308
"R_25K0SygRXjxUzMB","TP",7.82,4,2,4,4,3,"HHHH","HH",75,100,NA,50.1960784313725
"R_25K0SygRXjxUzMB","TP",7.82,4,2,4,4,3,"HHHL","HH",60,80,NA,50.2222222222222
"R_25K0SygRXjxUzMB","TP",7.82,4,2,4,4,3,"HHHL","HL",75,100,NA,50.2222222222222
"R_25K0SygRXjxUzMB","TP",7.82,4,2,4,4,3,"HHLH","HH",50,66.6666666666667,NA,58.8235294117647
"R_25K0SygRXjxUzMB","TP",7.82,4,2,4,4,3,"HHLH","LH",25,100,NA,41.7647058823529
"R_25K0SygRXjxUzMB","TP",7.82,4,2,4,4,3,"HHLL","HH",50,66.6666666666667,NA,62.5
"R_25K0SygRXjxUzMB","TP",7.82,4,2,4,4,3,"HHLL","LL",25,100,NA,38.125
"R_25K0SygRXjxUzMB","TP",7.82,4,2,4,4,3,"HLHL","HL",75,100,NA,50.2564102564103
"R_25K0SygRXjxUzMB","TP",7.82,4,2,4,4,3,"HLLH","HL",50,66.6666666666667,NA,64.2857142857143
"R_25K0SygRXjxUzMB","TP",7.82,4,2,4,4,3,"HLLH","LH",25,100,NA,36.4285714285714
"R_25K0SygRXjxUzMB","TP",7.82,4,2,4,4,3,"HLLL","HL",50,66.6666666666667,NA,69.2307692307692
"R_25K0SygRXjxUzMB","TP",7.82,4,2,4,4,3,"HLLL","LL",25,100,NA,31.5384615384615
"R_25K0SygRXjxUzMB","TP",7.82,4,2,4,4,3,"LHLH","LH",25,100,NA,50.5882352941176
"R_25K0SygRXjxUzMB","TP",7.82,4,2,4,4,3,"LHLL","LH",25,100,NA,50.6666666666667
"R_25K0SygRXjxUzMB","TP",7.82,4,2,4,4,3,"LHLL","LL",25,100,NA,50.6666666666667
"R_25K0SygRXjxUzMB","TP",7.82,4,2,4,4,3,"LLLL","LL",25,100,NA,50.7692307692308
"R_2Wx4snnLDmeVNfw","TP",37.48,4,3,3,3,3,"HHHH","HH",75,100,NA,50.1960784313725
"R_2Wx4snnLDmeVNfw","TP",37.48,4,3,3,3,3,"HHHL","HH",75,100,NA,50.2222222222222
"R_2Wx4snnLDmeVNfw","TP",37.48,4,3,3,3,3,"HHHL","HL",75,100,NA,50.2222222222222
"R_2Wx4snnLDmeVNfw","TP",37.48,4,3,3,3,3,"HHLH","HH",75,100,NA,50.2941176470588
"R_2Wx4snnLDmeVNfw","TP",37.48,4,3,3,3,3,"HHLH","LH",25,100,NA,50.2941176470588
"R_2Wx4snnLDmeVNfw","TP",37.48,4,3,3,3,3,"HHLL","HH",75,100,NA,69.375
"R_2Wx4snnLDmeVNfw","TP",37.48,4,3,3,3,3,"HHLL","LL",25,100,NA,31.25
"R_2Wx4snnLDmeVNfw","TP",37.48,4,3,3,3,3,"HLHL","HL",75,100,NA,50.2564102564103
"R_2Wx4snnLDmeVNfw","TP",37.48,4,3,3,3,3,"HLLH","HL",25,33.3333333333333,NA,65
"R_2Wx4snnLDmeVNfw","TP",37.48,4,3,3,3,3,"HLLH","LH",25,100,NA,35.7142857142857
"R_2Wx4snnLDmeVNfw","TP",37.48,4,3,3,3,3,"HLLL","HL",25,33.3333333333333,NA,69.2307692307692
"R_2Wx4snnLDmeVNfw","TP",37.48,4,3,3,3,3,"HLLL","LL",25,100,NA,31.5384615384615
"R_2Wx4snnLDmeVNfw","TP",37.48,4,3,3,3,3,"LHLH","LH",25,100,NA,50.5882352941176
"R_2Wx4snnLDmeVNfw","TP",37.48,4,3,3,3,3,"LHLL","LH",25,100,NA,50.6666666666667
"R_2Wx4snnLDmeVNfw","TP",37.48,4,3,3,3,3,"LHLL","LL",25,100,NA,50.6666666666667
"R_2Wx4snnLDmeVNfw","TP",37.48,4,3,3,3,3,"LLLL","LL",25,100,NA,50.7692307692308
"R_3hlrN5BJYB7i5dc","TP",45,4,3,3,5,3,"HHHH","HH",75,100,NA,50.1960784313725
"R_3hlrN5BJYB7i5dc","TP",45,4,3,3,5,3,"HHHL","HH",75,100,NA,50.2222222222222
"R_3hlrN5BJYB7i5dc","TP",45,4,3,3,5,3,"HHHL","HL",75,100,NA,50.2222222222222
"R_3hlrN5BJYB7i5dc","TP",45,4,3,3,5,3,"HHLH","HH",75,100,NA,50
"R_3hlrN5BJYB7i5dc","TP",45,4,3,3,5,3,"HHLH","LH",25,100,NA,50.5882352941176
"R_3hlrN5BJYB7i5dc","TP",45,4,3,3,5,3,"HHLL","HH",75,100,NA,50
"R_3hlrN5BJYB7i5dc","TP",45,4,3,3,5,3,"HHLL","LL",25,100,NA,50.625
"R_3hlrN5BJYB7i5dc","TP",45,4,3,3,5,3,"HLHL","HL",75,100,NA,50.2564102564103
"R_3hlrN5BJYB7i5dc","TP",45,4,3,3,5,3,"HLLH","HL",75,100,NA,50
"R_3hlrN5BJYB7i5dc","TP",45,4,3,3,5,3,"HLLH","LH",25,100,NA,50.7142857142857
"R_3hlrN5BJYB7i5dc","TP",45,4,3,3,5,3,"HLLL","HL",75,100,NA,50
"R_3hlrN5BJYB7i5dc","TP",45,4,3,3,5,3,"HLLL","LL",25,100,NA,50.7692307692308
"R_3hlrN5BJYB7i5dc","TP",45,4,3,3,5,3,"LHLH","LH",25,100,NA,50.5882352941176
"R_3hlrN5BJYB7i5dc","TP",45,4,3,3,5,3,"LHLL","LH",25,100,NA,50.6666666666667
"R_3hlrN5BJYB7i5dc","TP",45,4,3,3,5,3,"LHLL","LL",25,100,NA,50.6666666666667
"R_3hlrN5BJYB7i5dc","TP",45,4,3,3,5,3,"LLLL","LL",25,100,NA,50.7692307692308
"R_3Rg6mCmwowkhxS0","TP",37.37,4,2,5,4,3,"HHHH","HH",75,100,NA,50.1960784313725
"R_3Rg6mCmwowkhxS0","TP",37.37,4,2,5,4,3,"HHHL","HH",75,100,NA,50.2222222222222
"R_3Rg6mCmwowkhxS0","TP",37.37,4,2,5,4,3,"HHHL","HL",75,100,NA,50.2222222222222
"R_3Rg6mCmwowkhxS0","TP",37.37,4,2,5,4,3,"HHLH","HH",20,26.6666666666667,NA,50.5882352941176
"R_3Rg6mCmwowkhxS0","TP",37.37,4,2,5,4,3,"HHLH","LH",10,40,NA,50
"R_3Rg6mCmwowkhxS0","TP",37.37,4,2,5,4,3,"HHLL","HH",15,20,NA,50.625
"R_3Rg6mCmwowkhxS0","TP",37.37,4,2,5,4,3,"HHLL","LL",10,40,NA,50
"R_3Rg6mCmwowkhxS0","TP",37.37,4,2,5,4,3,"HLHL","HL",75,100,NA,50.2564102564103
"R_3Rg6mCmwowkhxS0","TP",37.37,4,2,5,4,3,"HLLH","HL",25,33.3333333333333,NA,50.7142857142857
"R_3Rg6mCmwowkhxS0","TP",37.37,4,2,5,4,3,"HLLH","LH",10,40,NA,50
"R_3Rg6mCmwowkhxS0","TP",37.37,4,2,5,4,3,"HLLL","HL",15,20,NA,50.7692307692308
"R_3Rg6mCmwowkhxS0","TP",37.37,4,2,5,4,3,"HLLL","LL",5,20,NA,50
"R_3Rg6mCmwowkhxS0","TP",37.37,4,2,5,4,3,"LHLH","LH",25,100,NA,50.5882352941176
"R_3Rg6mCmwowkhxS0","TP",37.37,4,2,5,4,3,"LHLL","LH",25,100,NA,50.6666666666667
"R_3Rg6mCmwowkhxS0","TP",37.37,4,2,5,4,3,"LHLL","LL",25,100,NA,50.6666666666667
"R_3Rg6mCmwowkhxS0","TP",37.37,4,2,5,4,3,"LLLL","LL",25,100,NA,50.7692307692308
"R_2EgVUp2LZnTz4U4","TP",7.82,5,1,2,7,2,"HHHH","HH",75,100,NA,50.1960784313725
"R_2EgVUp2LZnTz4U4","TP",7.82,5,1,2,7,2,"HHHL","HH",75,100,NA,50.2222222222222
"R_2EgVUp2LZnTz4U4","TP",7.82,5,1,2,7,2,"HHHL","HL",75,100,NA,50.2222222222222
"R_2EgVUp2LZnTz4U4","TP",7.82,5,1,2,7,2,"HHLH","HH",75,100,NA,50.5882352941176
"R_2EgVUp2LZnTz4U4","TP",7.82,5,1,2,7,2,"HHLH","LH",25,100,NA,50
"R_2EgVUp2LZnTz4U4","TP",7.82,5,1,2,7,2,"HHLL","HH",75,100,NA,50.625
"R_2EgVUp2LZnTz4U4","TP",7.82,5,1,2,7,2,"HHLL","LL",25,100,NA,50
"R_2EgVUp2LZnTz4U4","TP",7.82,5,1,2,7,2,"HLHL","HL",75,100,NA,50.2564102564103
"R_2EgVUp2LZnTz4U4","TP",7.82,5,1,2,7,2,"HLLH","HL",75,100,NA,50
"R_2EgVUp2LZnTz4U4","TP",7.82,5,1,2,7,2,"HLLH","LH",25,100,NA,50.7142857142857
"R_2EgVUp2LZnTz4U4","TP",7.82,5,1,2,7,2,"HLLL","HL",75,100,NA,50
"R_2EgVUp2LZnTz4U4","TP",7.82,5,1,2,7,2,"HLLL","LL",25,100,NA,50.7692307692308
"R_2EgVUp2LZnTz4U4","TP",7.82,5,1,2,7,2,"LHLH","LH",25,100,NA,50.5882352941176
"R_2EgVUp2LZnTz4U4","TP",7.82,5,1,2,7,2,"LHLL","LH",25,100,NA,50.6666666666667
"R_2EgVUp2LZnTz4U4","TP",7.82,5,1,2,7,2,"LHLL","LL",25,100,NA,50.6666666666667
"R_2EgVUp2LZnTz4U4","TP",7.82,5,1,2,7,2,"LLLL","LL",25,100,NA,50.7692307692308
"R_22zSrY8vUYQXEs4","TP",40.55,5,1,1,1,1,"HHHH","HH",75,100,NA,50.1960784313725
"R_22zSrY8vUYQXEs4","TP",40.55,5,1,1,1,1,"HHHL","HH",75,100,NA,53.3333333333333
"R_22zSrY8vUYQXEs4","TP",40.55,5,1,1,1,1,"HHHL","HL",75,100,NA,47.1111111111111
"R_22zSrY8vUYQXEs4","TP",40.55,5,1,1,1,1,"HHLH","HH",50,66.6666666666667,NA,64.7058823529412
"R_22zSrY8vUYQXEs4","TP",40.55,5,1,1,1,1,"HHLH","LH",25,100,NA,35.8823529411765
"R_22zSrY8vUYQXEs4","TP",40.55,5,1,1,1,1,"HHLL","HH",50,66.6666666666667,NA,62.5
"R_22zSrY8vUYQXEs4","TP",40.55,5,1,1,1,1,"HHLL","LL",25,100,NA,38.125
"R_22zSrY8vUYQXEs4","TP",40.55,5,1,1,1,1,"HLHL","HL",75,100,NA,50.2564102564103
"R_22zSrY8vUYQXEs4","TP",40.55,5,1,1,1,1,"HLLH","HL",50,66.6666666666667,NA,65
"R_22zSrY8vUYQXEs4","TP",40.55,5,1,1,1,1,"HLLH","LH",25,100,NA,35.7142857142857
"R_22zSrY8vUYQXEs4","TP",40.55,5,1,1,1,1,"HLLL","HL",40,53.3333333333333,NA,65.3846153846154
"R_22zSrY8vUYQXEs4","TP",40.55,5,1,1,1,1,"HLLL","LL",25,100,NA,35.3846153846154
"R_22zSrY8vUYQXEs4","TP",40.55,5,1,1,1,1,"LHLH","LH",25,100,NA,50.5882352941176
"R_22zSrY8vUYQXEs4","TP",40.55,5,1,1,1,1,"LHLL","LH",20,80,NA,53.3333333333333
"R_22zSrY8vUYQXEs4","TP",40.55,5,1,1,1,1,"LHLL","LL",25,100,NA,48
"R_22zSrY8vUYQXEs4","TP",40.55,5,1,1,1,1,"LLLL","LL",25,100,NA,50.7692307692308
"R_3kivlx3wswfg3Oz","TP",-7.82,1,5,7,7,7,"HHHH","HH",75,100,NA,50.1960784313725
"R_3kivlx3wswfg3Oz","TP",-7.82,1,5,7,7,7,"HHHL","HH",75,100,NA,56
"R_3kivlx3wswfg3Oz","TP",-7.82,1,5,7,7,7,"HHHL","HL",75,100,NA,44.4444444444444
"R_3kivlx3wswfg3Oz","TP",-7.82,1,5,7,7,7,"HHLH","HH",75,100,NA,75.2941176470588
"R_3kivlx3wswfg3Oz","TP",-7.82,1,5,7,7,7,"HHLH","LH",25,100,NA,25.2941176470588
"R_3kivlx3wswfg3Oz","TP",-7.82,1,5,7,7,7,"HHLL","HH",75,100,NA,80
"R_3kivlx3wswfg3Oz","TP",-7.82,1,5,7,7,7,"HHLL","LL",25,100,NA,20.625
"R_3kivlx3wswfg3Oz","TP",-7.82,1,5,7,7,7,"HLHL","HL",75,100,NA,50.2564102564103
"R_3kivlx3wswfg3Oz","TP",-7.82,1,5,7,7,7,"HLLH","HL",75,100,NA,70
"R_3kivlx3wswfg3Oz","TP",-7.82,1,5,7,7,7,"HLLH","LH",25,100,NA,30.7142857142857
"R_3kivlx3wswfg3Oz","TP",-7.82,1,5,7,7,7,"HLLL","HL",75,100,NA,75.3846153846154
"R_3kivlx3wswfg3Oz","TP",-7.82,1,5,7,7,7,"HLLL","LL",25,100,NA,25.3846153846154
"R_3kivlx3wswfg3Oz","TP",-7.82,1,5,7,7,7,"LHLH","LH",25,100,NA,50.5882352941176
"R_3kivlx3wswfg3Oz","TP",-7.82,1,5,7,7,7,"LHLL","LH",25,100,NA,57.3333333333333
"R_3kivlx3wswfg3Oz","TP",-7.82,1,5,7,7,7,"LHLL","LL",25,100,NA,44
"R_3kivlx3wswfg3Oz","TP",-7.82,1,5,7,7,7,"LLLL","LL",25,100,NA,50.7692307692308
"R_2zdyyXPvBalfSuC","TP",45,5,2,1,7,1,"HHHH","HH",75,100,NA,50.1960784313725
"R_2zdyyXPvBalfSuC","TP",45,5,2,1,7,1,"HHHL","HH",75,100,NA,50.2222222222222
"R_2zdyyXPvBalfSuC","TP",45,5,2,1,7,1,"HHHL","HL",50,66.6666666666667,NA,50.2222222222222
"R_2zdyyXPvBalfSuC","TP",45,5,2,1,7,1,"HHLH","HH",75,100,NA,70.5882352941177
"R_2zdyyXPvBalfSuC","TP",45,5,2,1,7,1,"HHLH","LH",25,100,NA,30
"R_2zdyyXPvBalfSuC","TP",45,5,2,1,7,1,"HHLL","HH",75,100,NA,68.75
"R_2zdyyXPvBalfSuC","TP",45,5,2,1,7,1,"HHLL","LL",25,100,NA,31.875
"R_2zdyyXPvBalfSuC","TP",45,5,2,1,7,1,"HLHL","HL",50,66.6666666666667,NA,50.2564102564103
"R_2zdyyXPvBalfSuC","TP",45,5,2,1,7,1,"HLLH","HL",50,66.6666666666667,NA,72.1428571428571
"R_2zdyyXPvBalfSuC","TP",45,5,2,1,7,1,"HLLH","LH",25,100,NA,28.5714285714286
"R_2zdyyXPvBalfSuC","TP",45,5,2,1,7,1,"HLLL","HL",25,33.3333333333333,NA,70
"R_2zdyyXPvBalfSuC","TP",45,5,2,1,7,1,"HLLL","LL",25,100,NA,30.7692307692308
"R_2zdyyXPvBalfSuC","TP",45,5,2,1,7,1,"LHLH","LH",25,100,NA,50.5882352941176
"R_2zdyyXPvBalfSuC","TP",45,5,2,1,7,1,"LHLL","LH",25,100,NA,50.6666666666667
"R_2zdyyXPvBalfSuC","TP",45,5,2,1,7,1,"LHLL","LL",25,100,NA,50.6666666666667
"R_2zdyyXPvBalfSuC","TP",45,5,2,1,7,1,"LLLL","LL",25,100,NA,50.7692307692308
"R_2EnqiRfoM6qaHz5","TP",37.48,5,1,1,2,1,"HHHH","HH",40,53.3333333333333,NA,50.1960784313725
"R_2EnqiRfoM6qaHz5","TP",37.48,5,1,1,2,1,"HHHL","HH",40,53.3333333333333,NA,50.2222222222222
"R_2EnqiRfoM6qaHz5","TP",37.48,5,1,1,2,1,"HHHL","HL",40,53.3333333333333,NA,50.2222222222222
"R_2EnqiRfoM6qaHz5","TP",37.48,5,1,1,2,1,"HHLH","HH",40,53.3333333333333,NA,50.2941176470588
"R_2EnqiRfoM6qaHz5","TP",37.48,5,1,1,2,1,"HHLH","LH",10,40,NA,50.2941176470588
"R_2EnqiRfoM6qaHz5","TP",37.48,5,1,1,2,1,"HHLL","HH",40,53.3333333333333,NA,50.625
"R_2EnqiRfoM6qaHz5","TP",37.48,5,1,1,2,1,"HHLL","LL",10,40,NA,50
"R_2EnqiRfoM6qaHz5","TP",37.48,5,1,1,2,1,"HLHL","HL",40,53.3333333333333,NA,50.2564102564103
"R_2EnqiRfoM6qaHz5","TP",37.48,5,1,1,2,1,"HLLH","HL",40,53.3333333333333,NA,50.3571428571429
"R_2EnqiRfoM6qaHz5","TP",37.48,5,1,1,2,1,"HLLH","LH",10,40,NA,50.3571428571429
"R_2EnqiRfoM6qaHz5","TP",37.48,5,1,1,2,1,"HLLL","HL",40,53.3333333333333,NA,50.3846153846154
"R_2EnqiRfoM6qaHz5","TP",37.48,5,1,1,2,1,"HLLL","LL",10,40,NA,50.3846153846154
"R_2EnqiRfoM6qaHz5","TP",37.48,5,1,1,2,1,"LHLH","LH",10,40,NA,50.5882352941176
"R_2EnqiRfoM6qaHz5","TP",37.48,5,1,1,2,1,"LHLL","LH",20,80,NA,50.6666666666667
"R_2EnqiRfoM6qaHz5","TP",37.48,5,1,1,2,1,"LHLL","LL",20,80,NA,50.6666666666667
"R_2EnqiRfoM6qaHz5","TP",37.48,5,1,1,2,1,"LLLL","LL",20,80,NA,50.7692307692308
"R_2VjwMHjCuxlLKh8","TP",7.82,3,3,2,2,2,"HHHH","HH",50,66.6666666666667,NA,50.1960784313725
"R_2VjwMHjCuxlLKh8","TP",7.82,3,3,2,2,2,"HHHL","HH",40,53.3333333333333,NA,50.2222222222222
"R_2VjwMHjCuxlLKh8","TP",7.82,3,3,2,2,2,"HHHL","HL",40,53.3333333333333,NA,50.2222222222222
"R_2VjwMHjCuxlLKh8","TP",7.82,3,3,2,2,2,"HHLH","HH",40,53.3333333333333,NA,50.5882352941176
"R_2VjwMHjCuxlLKh8","TP",7.82,3,3,2,2,2,"HHLH","LH",10,40,NA,50
"R_2VjwMHjCuxlLKh8","TP",7.82,3,3,2,2,2,"HHLL","HH",40,53.3333333333333,NA,50.625
"R_2VjwMHjCuxlLKh8","TP",7.82,3,3,2,2,2,"HHLL","LL",10,40,NA,50
"R_2VjwMHjCuxlLKh8","TP",7.82,3,3,2,2,2,"HLHL","HL",50,66.6666666666667,NA,50.2564102564103
"R_2VjwMHjCuxlLKh8","TP",7.82,3,3,2,2,2,"HLLH","HL",40,53.3333333333333,NA,50
"R_2VjwMHjCuxlLKh8","TP",7.82,3,3,2,2,2,"HLLH","LH",10,40,NA,50.7142857142857
"R_2VjwMHjCuxlLKh8","TP",7.82,3,3,2,2,2,"HLLL","HL",40,53.3333333333333,NA,50
"R_2VjwMHjCuxlLKh8","TP",7.82,3,3,2,2,2,"HLLL","LL",10,40,NA,50.7692307692308
"R_2VjwMHjCuxlLKh8","TP",7.82,3,3,2,2,2,"LHLH","LH",10,40,NA,50.5882352941176
"R_2VjwMHjCuxlLKh8","TP",7.82,3,3,2,2,2,"LHLL","LH",10,40,NA,50.6666666666667
"R_2VjwMHjCuxlLKh8","TP",7.82,3,3,2,2,2,"LHLL","LL",10,40,NA,50.6666666666667
"R_2VjwMHjCuxlLKh8","TP",7.82,3,3,2,2,2,"LLLL","LL",10,40,NA,50.7692307692308
"R_1P7xsLDDMowkIG8","TP",45,3,2,5,4,5,"HHHH","HH",70,93.3333333333333,NA,50.1960784313725
"R_1P7xsLDDMowkIG8","TP",45,3,2,5,4,5,"HHHL","HH",70,93.3333333333333,NA,50.2222222222222
"R_1P7xsLDDMowkIG8","TP",45,3,2,5,4,5,"HHHL","HL",70,93.3333333333333,NA,50.2222222222222
"R_1P7xsLDDMowkIG8","TP",45,3,2,5,4,5,"HHLH","HH",20,26.6666666666667,NA,63.5294117647059
"R_1P7xsLDDMowkIG8","TP",45,3,2,5,4,5,"HHLH","LH",20,80,NA,37.0588235294118
"R_1P7xsLDDMowkIG8","TP",45,3,2,5,4,5,"HHLL","HH",20,26.6666666666667,NA,65.9375
"R_1P7xsLDDMowkIG8","TP",45,3,2,5,4,5,"HHLL","LL",20,80,NA,34.6875
"R_1P7xsLDDMowkIG8","TP",45,3,2,5,4,5,"HLHL","HL",70,93.3333333333333,NA,50.2564102564103
"R_1P7xsLDDMowkIG8","TP",45,3,2,5,4,5,"HLLH","HL",20,26.6666666666667,NA,68.2142857142857
"R_1P7xsLDDMowkIG8","TP",45,3,2,5,4,5,"HLLH","LH",20,80,NA,32.5
"R_1P7xsLDDMowkIG8","TP",45,3,2,5,4,5,"HLLL","HL",20,26.6666666666667,NA,69.6153846153846
"R_1P7xsLDDMowkIG8","TP",45,3,2,5,4,5,"HLLL","LL",20,80,NA,31.1538461538462
"R_1P7xsLDDMowkIG8","TP",45,3,2,5,4,5,"LHLH","LH",20,80,NA,50.5882352941176
"R_1P7xsLDDMowkIG8","TP",45,3,2,5,4,5,"LHLL","LH",20,80,NA,50.6666666666667
"R_1P7xsLDDMowkIG8","TP",45,3,2,5,4,5,"LHLL","LL",20,80,NA,50.6666666666667
"R_1P7xsLDDMowkIG8","TP",45,3,2,5,4,5,"LLLL","LL",20,80,NA,50.7692307692308
"R_1gV0cNWUKb2R3ty","TP",34.88,4,4,3,5,3,"HHHH","HH",35,46.6666666666667,NA,50.1960784313725
"R_1gV0cNWUKb2R3ty","TP",34.88,4,4,3,5,3,"HHHL","HH",35,46.6666666666667,NA,50.2222222222222
"R_1gV0cNWUKb2R3ty","TP",34.88,4,4,3,5,3,"HHHL","HL",35,46.6666666666667,NA,50.2222222222222
"R_1gV0cNWUKb2R3ty","TP",34.88,4,4,3,5,3,"HHLH","HH",35,46.6666666666667,NA,50.5882352941176
"R_1gV0cNWUKb2R3ty","TP",34.88,4,4,3,5,3,"HHLH","LH",10,40,NA,50
"R_1gV0cNWUKb2R3ty","TP",34.88,4,4,3,5,3,"HHLL","HH",35,46.6666666666667,NA,50.625
"R_1gV0cNWUKb2R3ty","TP",34.88,4,4,3,5,3,"HHLL","LL",10,40,NA,50
"R_1gV0cNWUKb2R3ty","TP",34.88,4,4,3,5,3,"HLHL","HL",35,46.6666666666667,NA,50.2564102564103
"R_1gV0cNWUKb2R3ty","TP",34.88,4,4,3,5,3,"HLLH","HL",35,46.6666666666667,NA,50.7142857142857
"R_1gV0cNWUKb2R3ty","TP",34.88,4,4,3,5,3,"HLLH","LH",10,40,NA,50
"R_1gV0cNWUKb2R3ty","TP",34.88,4,4,3,5,3,"HLLL","HL",35,46.6666666666667,NA,50.7692307692308
"R_1gV0cNWUKb2R3ty","TP",34.88,4,4,3,5,3,"HLLL","LL",10,40,NA,50
"R_1gV0cNWUKb2R3ty","TP",34.88,4,4,3,5,3,"LHLH","LH",10,40,NA,50.5882352941176
"R_1gV0cNWUKb2R3ty","TP",34.88,4,4,3,5,3,"LHLL","LH",10,40,NA,50.6666666666667
"R_1gV0cNWUKb2R3ty","TP",34.88,4,4,3,5,3,"LHLL","LL",10,40,NA,50.6666666666667
"R_1gV0cNWUKb2R3ty","TP",34.88,4,4,3,5,3,"LLLL","LL",10,40,NA,50.7692307692308
"R_ZkSJqx1pnT3naLv","TP",34.88,4,1,2,7,1,"HHHH","HH",25,33.3333333333333,NA,50.1960784313725
"R_ZkSJqx1pnT3naLv","TP",34.88,4,1,2,7,1,"HHHL","HH",25,33.3333333333333,NA,50.2222222222222
"R_ZkSJqx1pnT3naLv","TP",34.88,4,1,2,7,1,"HHHL","HL",25,33.3333333333333,NA,50.2222222222222
"R_ZkSJqx1pnT3naLv","TP",34.88,4,1,2,7,1,"HHLH","HH",25,33.3333333333333,NA,50.5882352941176
"R_ZkSJqx1pnT3naLv","TP",34.88,4,1,2,7,1,"HHLH","LH",15,60,NA,50
"R_ZkSJqx1pnT3naLv","TP",34.88,4,1,2,7,1,"HHLL","HH",25,33.3333333333333,NA,50.625
"R_ZkSJqx1pnT3naLv","TP",34.88,4,1,2,7,1,"HHLL","LL",15,60,NA,50
"R_ZkSJqx1pnT3naLv","TP",34.88,4,1,2,7,1,"HLHL","HL",25,33.3333333333333,NA,50.2564102564103
"R_ZkSJqx1pnT3naLv","TP",34.88,4,1,2,7,1,"HLLH","HL",25,33.3333333333333,NA,50.7142857142857
"R_ZkSJqx1pnT3naLv","TP",34.88,4,1,2,7,1,"HLLH","LH",15,60,NA,50
"R_ZkSJqx1pnT3naLv","TP",34.88,4,1,2,7,1,"HLLL","HL",15,20,NA,50
"R_ZkSJqx1pnT3naLv","TP",34.88,4,1,2,7,1,"HLLL","LL",15,60,NA,50.7692307692308
"R_ZkSJqx1pnT3naLv","TP",34.88,4,1,2,7,1,"LHLH","LH",25,100,NA,50.5882352941176
"R_ZkSJqx1pnT3naLv","TP",34.88,4,1,2,7,1,"LHLL","LH",15,60,NA,50.6666666666667
"R_ZkSJqx1pnT3naLv","TP",34.88,4,1,2,7,1,"LHLL","LL",15,60,NA,50.6666666666667
"R_ZkSJqx1pnT3naLv","TP",34.88,4,1,2,7,1,"LLLL","LL",25,100,NA,50.7692307692308
"R_21zIKxFSkJvm8sP","TP",7.82,3,4,5,6,6,"HHHH","HH",39,52,NA,50.1960784313725
"R_21zIKxFSkJvm8sP","TP",7.82,3,4,5,6,6,"HHHL","HH",36,48,NA,50.2222222222222
"R_21zIKxFSkJvm8sP","TP",7.82,3,4,5,6,6,"HHHL","HL",39,52,NA,50.2222222222222
"R_21zIKxFSkJvm8sP","TP",7.82,3,4,5,6,6,"HHLH","HH",30,40,NA,50.2941176470588
"R_21zIKxFSkJvm8sP","TP",7.82,3,4,5,6,6,"HHLH","LH",11,44,NA,50.2941176470588
"R_21zIKxFSkJvm8sP","TP",7.82,3,4,5,6,6,"HHLL","HH",39,52,NA,50.3125
"R_21zIKxFSkJvm8sP","TP",7.82,3,4,5,6,6,"HHLL","LL",12,48,NA,50.3125
"R_21zIKxFSkJvm8sP","TP",7.82,3,4,5,6,6,"HLHL","HL",40,53.3333333333333,NA,50.2564102564103
"R_21zIKxFSkJvm8sP","TP",7.82,3,4,5,6,6,"HLLH","HL",35,46.6666666666667,NA,50.3571428571429
"R_21zIKxFSkJvm8sP","TP",7.82,3,4,5,6,6,"HLLH","LH",10,40,NA,50.3571428571429
"R_21zIKxFSkJvm8sP","TP",7.82,3,4,5,6,6,"HLLL","HL",36,48,NA,50.3846153846154
"R_21zIKxFSkJvm8sP","TP",7.82,3,4,5,6,6,"HLLL","LL",10,40,NA,50.3846153846154
"R_21zIKxFSkJvm8sP","TP",7.82,3,4,5,6,6,"LHLH","LH",10,40,NA,50.5882352941176
"R_21zIKxFSkJvm8sP","TP",7.82,3,4,5,6,6,"LHLL","LH",8,32,NA,50.6666666666667
"R_21zIKxFSkJvm8sP","TP",7.82,3,4,5,6,6,"LHLL","LL",10,40,NA,50.6666666666667
"R_21zIKxFSkJvm8sP","TP",7.82,3,4,5,6,6,"LLLL","LL",10,40,NA,50.7692307692308
