"pp","type","endowment","productivity","svo_angle","svo_category","svo_totalself","svo_totalother","pref_1","pref_2","pref_3","pref_4","coop_HH","coop_HL","coop_LH","coop_LL","belief_HH","belief_HL","belief_LH","belief_LL","create_types","create_types_MC","create_types_MC_other","create_pairs_HH","create_pairs_HL","create_pairs_LH","create_pairs_LL","create_pairs_MC","create_pairs_MC_other","fair_con_HHHH_HH","fair_con_HHHL_HH","fair_con_HHHL_HL","fair_con_HHLH_HH","fair_con_HHLH_LH","fair_con_HHLL_HH","fair_con_HHLL_LL","fair_con_HLHL_HL","fair_con_HLLH_HL","fair_con_HLLH_LH","fair_con_HLLL_HL","fair_con_HLLL_LL","fair_con_LHLH_LH","fair_con_LHLL_LH","fair_con_LHLL_LL","fair_con_LLLL_LL","faircoop_MC","faircoop_MC_other","fair_earn_HHHH_HH_1","fair_earn_HHHH_HH_2","fair_earn_HHHL_HH","fair_earn_HHHL_HL","fair_earn_HHLH_HH","fair_earn_HHLH_LH","fair_earn_HHLL_HH","fair_earn_HHLL_LL","fair_earn_HLHL_HL_1","fair_earn_HLHL_HL_2","fair_earn_HLLH_HL","fair_earn_HLLH_LH","fair_earn_HLLL_HL","fair_earn_HLLL_LL","fair_earn_LHLH_LH_1","fair_earn_LHLH_LH_2","fair_earn_LHLL_LH","fair_earn_LHLL_LL","fair_earn_LLLL_LL_1","fair_earn_LLLL_LL_2","fairearn_MC","fairearn_MC_other","inequality_beliefs1_1","inequality_beliefs1_2","inequality_beliefs1_3","inequality_beliefs1_4","inequality_beliefs2_1","inequality_beliefs2_2","inequality_beliefs2_3","inequality_beliefs2_4","inequality_beliefs2_5","inequality_attitudes_1","inequality_attitudes_2","gender","age","country","education","political_orientation","social_ideology","economic_ideology","fair_con_HHHH_HH_rel","fair_con_HHHL_HH_rel","fair_con_HHHL_HL_rel","fair_con_HHLH_HH_rel","fair_con_HHLH_LH_rel","fair_con_HHLL_HH_rel","fair_con_HHLL_LL_rel","fair_con_HLHL_HL_rel","fair_con_HLLH_HL_rel","fair_con_HLLH_LH_rel","fair_con_HLLL_HL_rel","fair_con_HLLL_LL_rel","fair_con_LHLH_LH_rel","fair_con_LHLL_LH_rel","fair_con_LHLL_LL_rel","fair_con_LLLL_LL_rel","fair_earn_HHHH_HH_rel","fair_earn_HHHL_HH_rel","fair_earn_HHHL_HL_rel","fair_earn_HHLH_HH_rel","fair_earn_HHLH_LH_rel","fair_earn_HHLL_HH_rel","fair_earn_HHLL_LL_rel","fair_earn_HLHL_HL_rel","fair_earn_HLLH_HL_rel","fair_earn_HLLH_LH_rel","fair_earn_HLLL_HL_rel","fair_earn_HLLL_LL_rel","fair_earn_LHLH_LH_rel","fair_earn_LHLL_LH_rel","fair_earn_LHLL_LL_rel","fair_earn_LLLL_LL_rel","inequality_beliefs1_1_num","inequality_beliefs1_2_num","inequality_beliefs1_3_num","inequality_beliefs1_4_num","inequality_beliefs2_1_num","inequality_beliefs2_2_num","inequality_beliefs2_3_num","inequality_beliefs2_4_num","inequality_beliefs2_5_num","inequality_attitudes_1_num","inequality_attitudes_2_num","merit","luck"
"R_1eFTHBHeb8TwvkL","HH",75,1.7,34.88,"Prosocial",1298,1228,"HH","HL","LH","LL",75,75,75,75,30,20,20,20,"HL-LH","Welfare","","LL","LH","HL","HH","Inequality","",75,75,75,75,25,75,25,75,75,25,75,25,25,25,25,25,"Welfare","",128,128,113,113,86,85,81,80,98,98,71,70,66,65,43,43,38,38,33,33,"Inequality","","disagree somewhat","neither agree
nor disagree","disagree somewhat","disagree somewhat","disagree somewhat","disagree somewhat","disagree somewhat","agree somewhat","strongly disagree","agree somewhat","strongly agree","Female",43,"United Kingdom of Great Britain and Northern Ireland","Doctoral degree",3,3,3,100,100,100,100,100,100,100,100,100,100,100,100,100,100,100,100,50.1960784313725,50.2222222222222,50.2222222222222,50.5882352941176,50,50.625,50,50.2564102564103,50.7142857142857,50,50.7692307692308,50,50.5882352941176,50.6666666666667,50.6666666666667,50.7692307692308,2,3,2,2,2,2,2,4,1,4,5,2,3
"R_3dEuhLYzSJsiF3w","HH",75,1.7,30.43,"Prosocial",1296,1208,"HH","HL","LH","LL",30,30,30,30,50,30,13,15,"HL-LH","Inequality","","HH","HL","LL","LH","Welfare","",30,30,40,30,15,30,15,30,30,15,30,15,15,15,15,15,"Welfare","",128,128,126,100,100,71,120,41,98,98,81,60,69,62,43,43,38,38,33,33,"Inequality","","disagree somewhat","strongly disagree","strongly disagree","strongly disagree","strongly disagree","strongly disagree","neither agree
nor disagree","agree somewhat","strongly disagree","strongly agree","strongly agree","Male",44,"United Kingdom of Great Britain and Northern Ireland","High school graduate (high school diploma or equivalent including GED)",1,1,6,40,40,53.3333333333333,40,60,40,60,40,40,60,40,60,60,60,60,60,50.1960784313725,56,44.4444444444444,58.8235294117647,41.7647058823529,75,25.625,50.2564102564103,57.8571428571429,42.8571428571429,53.0769230769231,47.6923076923077,50.5882352941176,50.6666666666667,50.6666666666667,50.7692307692308,2,1,1,1,1,1,3,4,1,5,5,2,1
"R_2f9HpGzCTjCXCXP","HH",75,1.7,34.88,"Prosocial",1288,1225,"HH","LH","HL","LL",75,60,25,10,75,75,25,10,"HL-LH","Welfare","","HH","HL","LH","LL","Similarity","",75,60,75,25,25,10,10,75,30,25,25,25,25,10,10,25,"Welfare","",128,128,113,113,85.5,85.5,80.5,80.5,98,98,70.5,70.5,65.5,65.5,43,43,38,38,33,33,"Similarity","","disagree somewhat","agree somewhat","agree somewhat","disagree somewhat","strongly agree","disagree somewhat","strongly agree","strongly agree","disagree somewhat","agree somewhat","strongly agree","Female",36,"United Kingdom of Great Britain and Northern Ireland","Master's degree",2,2,4,100,80,100,33.3333333333333,100,13.3333333333333,40,100,40,100,33.3333333333333,100,100,40,40,100,50.1960784313725,50.2222222222222,50.2222222222222,50.2941176470588,50.2941176470588,50.3125,50.3125,50.2564102564103,50.3571428571429,50.3571428571429,50.3846153846154,50.3846153846154,50.5882352941176,50.6666666666667,50.6666666666667,50.7692307692308,2,4,4,2,5,2,5,5,2,4,5,2,4
"R_phDrYC2Bcf9FUvT","HH",75,1.7,7.82,"Individualistic",1455,1075,"HH","HL","LH","LL",50,25,35,30,25,10,15,10,"HL-LH","Random","","LL","LH","HL","HH","Inequality","",30,30,20,30,10,35,10,25,25,10,30,10,15,15,10,10,"Inequality","",128,128,113,113,85.5,85.5,80.5,80.5,98,98,70.5,70.5,65.5,65.5,43,43,38,38,33,33,"Inequality","","agree somewhat","neither agree
nor disagree","disagree somewhat","disagree somewhat","strongly agree","strongly agree","strongly agree","strongly agree","agree somewhat","strongly agree","strongly agree","Male",33,"United Kingdom of Great Britain and Northern Ireland","Bachelor's degree in college (4-year)",4,4,4,40,40,26.6666666666667,40,40,46.6666666666667,40,33.3333333333333,33.3333333333333,40,40,40,60,60,40,40,50.1960784313725,50.2222222222222,50.2222222222222,50.2941176470588,50.2941176470588,50.3125,50.3125,50.2564102564103,50.3571428571429,50.3571428571429,50.3846153846154,50.3846153846154,50.5882352941176,50.6666666666667,50.6666666666667,50.7692307692308,4,3,2,2,5,5,5,5,4,5,5,4,3
"R_25MhNjDR5Kcw99l","HH",75,1.7,-11.58,"Individualistic",1444,990,"LL","LH","HH","HL",25,10,5,15,25,25,5,10,"HL-LH","Welfare","","LL","HH","HL","LH","Random","",20,20,30,30,15,45,20,30,15,15,20,10,15,15,15,10,"Random","",128,128,200,26,171,0,100,61,100,96,90,51,30,101,43,43,1,75,33,33,"Similarity","","strongly disagree","strongly disagree","strongly disagree","strongly disagree","strongly agree","strongly disagree","strongly disagree","strongly disagree","agree somewhat","strongly agree","strongly agree","Male",22,"United Kingdom of Great Britain and Northern Ireland","High school graduate (high school diploma or equivalent including GED)",2,1,1,26.6666666666667,26.6666666666667,40,40,60,60,80,40,20,60,26.6666666666667,40,60,60,60,40,50.1960784313725,88.8888888888889,11.5555555555556,100.588235294118,0,62.5,38.125,51.2820512820513,64.2857142857143,36.4285714285714,23.0769230769231,77.6923076923077,50.5882352941176,1.33333333333333,100,50.7692307692308,1,1,1,1,5,1,1,1,4,5,5,1,1
"R_3D0Uq4ctL23d3kf","HH",75,1.7,7.82,"Individualistic",1455,1075,"HH","HL","LH","LL",50,60,30,25,60,60,15,15,"HH-LL","Welfare","","HH","HL","LH","LL","Inequality","",75,60,60,60,15,60,15,50,50,15,50,20,25,15,15,20,"Welfare","",128,128,113,113,85.5,85.5,80.5,80.5,98,98,70.5,70.5,65.5,65.5,43,43,38,38,33,33,"Inequality","","strongly disagree","agree somewhat","disagree somewhat","agree somewhat","strongly agree","agree somewhat","agree somewhat","strongly agree","strongly disagree","strongly agree","strongly agree","Female",23,"United Kingdom of Great Britain and Northern Ireland","Bachelor's degree in college (4-year)",3,2,3,100,80,80,80,60,80,60,66.6666666666667,66.6666666666667,60,66.6666666666667,80,100,60,60,80,50.1960784313725,50.2222222222222,50.2222222222222,50.2941176470588,50.2941176470588,50.3125,50.3125,50.2564102564103,50.3571428571429,50.3571428571429,50.3846153846154,50.3846153846154,50.5882352941176,50.6666666666667,50.6666666666667,50.7692307692308,1,4,2,4,5,4,4,5,1,5,5,1,4
"R_xsgvbGAR7CGVYOt","HH",75,1.7,30.09,"Prosocial",1239,1229,"HH","HL","LL","LH",10,10,10,10,10,10,10,10,"HH-LL","Similarity","","HL","HH","LL","LH","Inequality","",20,20,20,20,10,20,10,20,20,10,20,10,10,10,10,10,"Welfare","",128,128,113,113,86,85,80,81,98,98,51,90,31,100,43,43,36,40,33,33,"Inequality","","neither agree
nor disagree","neither agree
nor disagree","neither agree
nor disagree","neither agree
nor disagree","neither agree
nor disagree","neither agree
nor disagree","neither agree
nor disagree","neither agree
nor disagree","neither agree
nor disagree","neither agree
nor disagree","neither agree
nor disagree","Female",36,"United Kingdom of Great Britain and Northern Ireland","Master's degree",4,4,4,26.6666666666667,26.6666666666667,26.6666666666667,26.6666666666667,40,26.6666666666667,40,26.6666666666667,26.6666666666667,40,26.6666666666667,40,40,40,40,40,50.1960784313725,50.2222222222222,50.2222222222222,50.5882352941176,50,50,50.625,50.2564102564103,36.4285714285714,64.2857142857143,23.8461538461538,76.9230769230769,50.5882352941176,48,53.3333333333333,50.7692307692308,3,3,3,3,3,3,3,3,3,3,3,3,3
"R_BGpFdMWabLAWWOJ","HH",75,1.7,37.48,"Prosocial",1281,1233,"HH","HL","LH","LL",75,75,50,35,75,75,25,20,"HH-LL","Random","","HH","HL","LH","LL","Similarity","",60,60,60,60,15,60,15,60,60,15,60,15,15,15,15,15,"Welfare","",128,128,128,98,90,81,81,80,98,98,98,43,70,61,43,43,43,33,33,33,"Inequality","","strongly disagree","agree somewhat","strongly disagree","disagree somewhat","agree somewhat","strongly disagree","neither agree
nor disagree","strongly agree","disagree somewhat","strongly agree","strongly agree","Female",24,"United Kingdom of Great Britain and Northern Ireland","Bachelor's degree in college (4-year)",1,1,1,80,80,80,80,60,80,60,80,80,60,80,60,60,60,60,60,50.1960784313725,56.8888888888889,43.5555555555556,52.9411764705882,47.6470588235294,50.625,50,50.2564102564103,70,30.7142857142857,53.8461538461538,46.9230769230769,50.5882352941176,57.3333333333333,44,50.7692307692308,1,4,1,2,4,1,3,5,2,5,5,1,4
"R_2ykdrynFXLdzR3K","HH",75,1.7,7.82,"Individualistic",1455,1075,"HH","HL","LH","LL",20,15,25,25,20,15,15,10,"HL-LH","Inequality","","LL","LH","HL","HH","Inequality","",35,30,30,30,20,30,20,30,30,15,30,20,20,20,20,25,"Inequality","",128,128,113,113,120,51,110,51,98,98,90,51,90,41,43,43,38,38,33,33,"Inequality","","disagree somewhat","agree somewhat","agree somewhat","disagree somewhat","disagree somewhat","strongly disagree","disagree somewhat","strongly agree","neither agree
nor disagree","strongly agree","strongly agree","Male",21,"United Kingdom of Great Britain and Northern Ireland","Some college but no degree",3,3,5,46.6666666666667,40,40,40,80,40,80,40,40,60,40,80,80,80,80,100,50.1960784313725,50.2222222222222,50.2222222222222,70.5882352941177,30,68.75,31.875,50.2564102564103,64.2857142857143,36.4285714285714,69.2307692307692,31.5384615384615,50.5882352941176,50.6666666666667,50.6666666666667,50.7692307692308,2,4,4,2,2,1,2,5,3,5,5,2,4
"R_vfsRkn3slEUmhxL","HH",75,1.7,33.43,"Prosocial",1296,1223,"HH","HL","LH","LL",50,50,50,40,50,40,10,10,"HH-LL","Welfare","","LH","HH","LL","HL","Similarity","",50,50,40,50,15,50,15,50,40,15,50,15,15,15,12,15,"Welfare","",128,128,126,100,61,110,120,41,98,98,80,61,100,31,43,43,40,36,33,33,"Welfare","","disagree somewhat","agree somewhat","agree somewhat","strongly agree","disagree somewhat","strongly agree","agree somewhat","agree somewhat","disagree somewhat","neither agree
nor disagree","disagree somewhat","Male",50,"United Kingdom of Great Britain and Northern Ireland","Bachelor's degree in college (4-year)",5,5,3,66.6666666666667,66.6666666666667,53.3333333333333,66.6666666666667,60,66.6666666666667,60,66.6666666666667,53.3333333333333,60,66.6666666666667,60,60,60,48,60,50.1960784313725,56,44.4444444444444,35.8823529411765,64.7058823529412,75,25.625,50.2564102564103,57.1428571428571,43.5714285714286,76.9230769230769,23.8461538461538,50.5882352941176,53.3333333333333,48,50.7692307692308,2,4,4,5,2,5,4,4,2,3,2,2,4
"R_2zwpOrQ7dFnOTXu","HH",75,1.7,22.57,"Prosocial",1396,1171,"HH","HL","LH","LL",5,0,0,0,20,10,10,25,"HH-LL","Welfare","","HH","HL","LH","LL","Similarity","",0,30,50,40,10,50,20,10,20,10,30,10,10,5,0,0,"Welfare","",128,128,113,113,85,86,80,81,98,98,41,100,65,66,43,43,38,38,33,33,"Similarity","","disagree somewhat","agree somewhat","disagree somewhat","agree somewhat","disagree somewhat","strongly disagree","neither agree
nor disagree","strongly agree","strongly disagree","agree somewhat","agree somewhat","Male",48,"United Kingdom of Great Britain and Northern Ireland","Bachelor's degree in college (4-year)",4,4,5,0,40,66.6666666666667,53.3333333333333,40,66.6666666666667,80,13.3333333333333,26.6666666666667,40,40,40,40,20,0,0,50.1960784313725,50.2222222222222,50.2222222222222,50,50.5882352941176,50,50.625,50.2564102564103,29.2857142857143,71.4285714285714,50,50.7692307692308,50.5882352941176,50.6666666666667,50.6666666666667,50.7692307692308,2,4,2,4,2,1,3,5,1,4,4,2,4
"R_1flsjLvQmts3bYJ","HH",75,1.7,34.88,"Prosocial",1288,1225,"HH","HL","LH","LL",50,50,25,25,50,50,10,10,"HH-LL","Welfare","","LL","LH","HL","HH","Welfare","",75,75,75,75,25,75,25,75,75,25,75,25,25,25,25,25,"Welfare","",128,128,113,113,86,85,81,80,98,98,71,70,66,65,43,43,38,38,33,33,"Similarity","","strongly disagree","neither agree
nor disagree","strongly disagree","disagree somewhat","agree somewhat","disagree somewhat","disagree somewhat","strongly agree","neither agree
nor disagree","strongly agree","strongly agree","Male",43,"United Kingdom of Great Britain and Northern Ireland","Some college but no degree",2,2,2,100,100,100,100,100,100,100,100,100,100,100,100,100,100,100,100,50.1960784313725,50.2222222222222,50.2222222222222,50.5882352941176,50,50.625,50,50.2564102564103,50.7142857142857,50,50.7692307692308,50,50.5882352941176,50.6666666666667,50.6666666666667,50.7692307692308,1,3,1,2,4,2,2,5,3,5,5,1,3
"R_QhTRGdxnzlGvW1j","HH",75,1.7,34.88,"Prosocial",1288,1225,"HH","HL","LH","LL",50,50,50,50,25,25,15,10,"HL-LH","Welfare","","LL","LH","HL","HH","Welfare","",75,50,50,50,10,50,10,50,50,15,50,10,25,15,10,25,"Welfare","",128,128,126,100,110,61,110,51,98,98,90,51,91,40,43,43,38,38,33,33,"Inequality","","neither agree
nor disagree","agree somewhat","strongly disagree","neither agree
nor disagree","agree somewhat","disagree somewhat","disagree somewhat","neither agree
nor disagree","neither agree
nor disagree","strongly agree","strongly agree","Female",33,"United Kingdom of Great Britain and Northern Ireland","Associate degree in college (2-year)",5,3,3,100,66.6666666666667,66.6666666666667,66.6666666666667,40,66.6666666666667,40,66.6666666666667,66.6666666666667,60,66.6666666666667,40,100,60,40,100,50.1960784313725,56,44.4444444444444,64.7058823529412,35.8823529411765,68.75,31.875,50.2564102564103,64.2857142857143,36.4285714285714,70,30.7692307692308,50.5882352941176,50.6666666666667,50.6666666666667,50.7692307692308,3,4,1,3,4,2,2,3,3,5,5,3,4
"R_e5Pfw5PKY8z5gGd","HH",75,1.7,37.48,"Prosocial",1281,1233,"HH","HL","LH","LL",60,60,60,60,50,30,15,10,"HL-LH","Inequality","","LL","LH","HL","HH","Inequality","",60,60,60,60,15,60,10,60,50,15,50,10,20,15,10,10,"Inequality","",128,128,113,113,86,85,81,80,98,98,71,70,66,65,43,43,38,38,33,33,"Inequality","","disagree somewhat","neither agree
nor disagree","agree somewhat","strongly agree","agree somewhat","strongly disagree","strongly agree","strongly agree","neither agree
nor disagree","strongly agree","strongly agree","Female",35,"United Kingdom of Great Britain and Northern Ireland","Bachelor's degree in college (4-year)",3,2,3,80,80,80,80,60,80,40,80,66.6666666666667,60,66.6666666666667,40,80,60,40,40,50.1960784313725,50.2222222222222,50.2222222222222,50.5882352941176,50,50.625,50,50.2564102564103,50.7142857142857,50,50.7692307692308,50,50.5882352941176,50.6666666666667,50.6666666666667,50.7692307692308,2,3,4,5,4,1,5,5,3,5,5,2,3
"R_3fYJEm86G15nhe3","HH",75,1.7,34.88,"Prosocial",1303,1233,"HH","HL","LH","LL",25,25,25,25,25,20,5,5,"HH-LL","Welfare","","HH","HL","LH","LL","Similarity","",25,25,20,25,5,25,5,25,25,5,25,5,5,5,5,5,"Welfare","",128,128,113,113,86,85,80,81,98,98,70,71,65,66,43,43,38,38,33,33,"Similarity","","strongly disagree","disagree somewhat","disagree somewhat","agree somewhat","disagree somewhat","disagree somewhat","neither agree
nor disagree","neither agree
nor disagree","disagree somewhat","agree somewhat","agree somewhat","Female",29,"United Kingdom of Great Britain and Northern Ireland","Master's degree",4,4,5,33.3333333333333,33.3333333333333,26.6666666666667,33.3333333333333,20,33.3333333333333,20,33.3333333333333,33.3333333333333,20,33.3333333333333,20,20,20,20,20,50.1960784313725,50.2222222222222,50.2222222222222,50.5882352941176,50,50,50.625,50.2564102564103,50,50.7142857142857,50,50.7692307692308,50.5882352941176,50.6666666666667,50.6666666666667,50.7692307692308,1,2,2,4,2,2,3,3,2,4,4,1,2
"R_tVOSglhK00FeEYV","HH",75,1.7,-5.46,"Individualistic",1451,1016,"LH","HL","LL","HH",20,15,10,25,15,10,20,20,"HL-LH","Random","","HL","LL","HH","LH","Random","",35,40,40,35,10,30,10,35,45,15,30,20,15,20,20,10,"Similarity","",150,106,100,126,86,85,61,100,96,100,70,71,71,60,40,46,46,30,36,30,"Similarity","","strongly disagree","strongly agree","strongly agree","disagree somewhat","neither agree
nor disagree","disagree somewhat","disagree somewhat","strongly agree","agree somewhat","agree somewhat","agree somewhat","Female",26,"United Kingdom of Great Britain and Northern Ireland","High school graduate (high school diploma or equivalent including GED)",4,4,4,46.6666666666667,53.3333333333333,53.3333333333333,46.6666666666667,40,40,40,46.6666666666667,60,60,40,80,60,80,80,40,58.8235294117647,44.4444444444444,56,50.5882352941176,50,38.125,62.5,49.2307692307692,50,50.7142857142857,54.6153846153846,46.1538461538462,47.0588235294118,61.3333333333333,40,55.3846153846154,1,5,5,2,3,2,2,5,4,4,4,1,5
"R_56gf0LkRynfTGet","HH",75,1.7,37.48,"Prosocial",1325,1210,"HH","HL","LH","LL",30,15,15,15,20,15,10,5,"HH-LL","Similarity","","HH","HL","LH","LL","Similarity","",25,25,20,20,5,20,5,25,20,5,20,5,5,5,5,5,"Inequality","",128,128,113,113,86,85,80.5,80.5,98,98,71,70,66,65,43,43,38,38,33,33,"Similarity","","disagree somewhat","agree somewhat","neither agree
nor disagree","agree somewhat","neither agree
nor disagree","strongly disagree","agree somewhat","strongly agree","agree somewhat","agree somewhat","strongly agree","Female",35,"United Kingdom of Great Britain and Northern Ireland","Some college but no degree",4,3,4,33.3333333333333,33.3333333333333,26.6666666666667,26.6666666666667,20,26.6666666666667,20,33.3333333333333,26.6666666666667,20,26.6666666666667,20,20,20,20,20,50.1960784313725,50.2222222222222,50.2222222222222,50.5882352941176,50,50.3125,50.3125,50.2564102564103,50.7142857142857,50,50.7692307692308,50,50.5882352941176,50.6666666666667,50.6666666666667,50.7692307692308,2,4,3,4,3,1,4,5,4,4,5,2,4
"R_3rTnF8oVOJlU88e","HH",75,1.7,7.82,"Individualistic",1455,1075,"LH","LL","HH","HL",10,10,10,10,15,15,15,10,"HH-LL","Inequality","","LL","LH","HL","HH","Welfare","",20,25,20,15,10,10,10,20,10,10,20,10,10,15,10,10,"Welfare","",128,128,113,113,120,51,110,51,98,98,90,51,90,41,43,43,38,38,33,33,"Inequality","","disagree somewhat","strongly disagree","disagree somewhat","neither agree
nor disagree","strongly agree","strongly disagree","strongly disagree","strongly agree","neither agree
nor disagree","agree somewhat","strongly agree","Male",49,"United Kingdom of Great Britain and Northern Ireland","Bachelor's degree in college (4-year)",3,3,3,26.6666666666667,33.3333333333333,26.6666666666667,20,40,13.3333333333333,40,26.6666666666667,13.3333333333333,40,26.6666666666667,40,40,60,40,40,50.1960784313725,50.2222222222222,50.2222222222222,70.5882352941177,30,68.75,31.875,50.2564102564103,64.2857142857143,36.4285714285714,69.2307692307692,31.5384615384615,50.5882352941176,50.6666666666667,50.6666666666667,50.7692307692308,2,1,2,3,5,1,1,5,3,4,5,2,1
"R_3lssoIHOXY9sRfI","HH",75,1.7,34.88,"Prosocial",1295,1215,"HH","HL","LH","LL",0,0,0,0,25,25,10,10,"HL-LH","Similarity","","LL","LH","HL","HH","Similarity","",25,25,25,25,10,25,10,25,25,10,25,10,10,10,10,0,"Similarity","",128,128,98,128,100,71,100,61,98,98,100,41,98,33,43,43,40,36,33,33,"Inequality","","agree somewhat","agree somewhat","disagree somewhat","strongly disagree","agree somewhat","strongly agree","strongly agree","agree somewhat","disagree somewhat","neither agree
nor disagree","neither agree
nor disagree","Male",38,"United Kingdom of Great Britain and Northern Ireland","Master's degree",4,3,3,33.3333333333333,33.3333333333333,33.3333333333333,33.3333333333333,40,33.3333333333333,40,33.3333333333333,33.3333333333333,40,33.3333333333333,40,40,40,40,0,50.1960784313725,43.5555555555556,56.8888888888889,58.8235294117647,41.7647058823529,62.5,38.125,50.2564102564103,71.4285714285714,29.2857142857143,75.3846153846154,25.3846153846154,50.5882352941176,53.3333333333333,48,50.7692307692308,4,4,2,1,4,5,5,4,2,3,3,4,4
"R_10pjsaEifL3gYld","HH",75,1.7,37.48,"Prosocial",1293,1238,"HH","HL","LH","LL",30,30,30,30,30,25,10,10,"HH-LL","Similarity","","HH","LH","LL","HL","Inequality","",30,35,30,30,10,30,10,75,30,10,30,10,25,25,22,25,"Inequality","",128,128,113,113,86,85,105,56,98,98,95,46,75,56,43,43,38,38,33,33,"Inequality","","disagree somewhat","disagree somewhat","disagree somewhat","disagree somewhat","disagree somewhat","disagree somewhat","disagree somewhat","disagree somewhat","disagree somewhat","agree somewhat","neither agree
nor disagree","Female",30,"United Kingdom of Great Britain and Northern Ireland","Bachelor's degree in college (4-year)",4,4,4,40,46.6666666666667,40,40,40,40,40,100,40,40,40,40,100,100,88,100,50.1960784313725,50.2222222222222,50.2222222222222,50.5882352941176,50,65.625,35,50.2564102564103,67.8571428571429,32.8571428571429,57.6923076923077,43.0769230769231,50.5882352941176,50.6666666666667,50.6666666666667,50.7692307692308,2,2,2,2,2,2,2,2,2,4,3,2,2
"R_2ZKbL7tIAhEavGk","HH",75,1.7,17.19,"Individualistic",1332,1149,"HH","LH","HL","LL",35,35,35,35,35,25,10,15,"HH-LL","Welfare","","HH","HL","LH","LL","Similarity","",35,35,35,35,10,35,10,35,35,10,35,10,10,10,10,10,"Similarity","",128,128,113,113,85,86,80,81,98,98,70,71,66,65,43,43,38,38,33,33,"Inequality","","disagree somewhat","agree somewhat","disagree somewhat","disagree somewhat","agree somewhat","neither agree
nor disagree","agree somewhat","neither agree
nor disagree","agree somewhat","agree somewhat","agree somewhat","Male",41,"United Kingdom of Great Britain and Northern Ireland","High school graduate (high school diploma or equivalent including GED)",3,2,2,46.6666666666667,46.6666666666667,46.6666666666667,46.6666666666667,40,46.6666666666667,40,46.6666666666667,46.6666666666667,40,46.6666666666667,40,40,40,40,40,50.1960784313725,50.2222222222222,50.2222222222222,50,50.5882352941176,50,50.625,50.2564102564103,50,50.7142857142857,50.7692307692308,50,50.5882352941176,50.6666666666667,50.6666666666667,50.7692307692308,2,4,2,2,4,3,4,3,4,4,4,2,4
"R_1FA3rLITg2AMHzh","HH",75,1.7,21.5,"Individualistic",1431,1131,"HH","HL","LH","LL",75,75,75,75,75,75,25,25,"HH-LL","Similarity","","HH","HL","LH","LL","Similarity","",75,75,75,75,25,75,25,75,75,25,75,25,25,25,25,25,"Welfare","",128,128,113,113,86,85,81,80,98,98,71,70,66,65,43,43,38,38,33,33,"Similarity","","strongly disagree","agree somewhat","strongly disagree","strongly disagree","disagree somewhat","disagree somewhat","strongly disagree","strongly agree","strongly disagree","agree somewhat","neither agree
nor disagree","Female",38,"United Kingdom of Great Britain and Northern Ireland","Doctoral degree",3,1,4,100,100,100,100,100,100,100,100,100,100,100,100,100,100,100,100,50.1960784313725,50.2222222222222,50.2222222222222,50.5882352941176,50,50.625,50,50.2564102564103,50.7142857142857,50,50.7692307692308,50,50.5882352941176,50.6666666666667,50.6666666666667,50.7692307692308,1,4,1,1,2,2,1,5,1,4,3,1,4
"R_21ARscMcOrjtNpm","HH",75,1.7,34.88,"Prosocial",1288,1225,"HH","HL","LH","LL",50,50,30,25,50,50,15,10,"HH-LL","Welfare","","LL","LH","HL","HH","Inequality","",70,70,70,70,15,70,15,65,65,15,70,10,15,15,15,15,"Welfare","",128,128,113,113,85.5,85.5,80.5,80.5,98,98,70.5,70.5,65.5,65.5,43,43,38,38,33,33,"Similarity","","disagree somewhat","agree somewhat","neither agree
nor disagree","neither agree
nor disagree","agree somewhat","neither agree
nor disagree","agree somewhat","agree somewhat","neither agree
nor disagree","agree somewhat","agree somewhat","Male",32,"United Kingdom of Great Britain and Northern Ireland","Bachelor's degree in college (4-year)",2,2,3,93.3333333333333,93.3333333333333,93.3333333333333,93.3333333333333,60,93.3333333333333,60,86.6666666666667,86.6666666666667,60,93.3333333333333,40,60,60,60,60,50.1960784313725,50.2222222222222,50.2222222222222,50.2941176470588,50.2941176470588,50.3125,50.3125,50.2564102564103,50.3571428571429,50.3571428571429,50.3846153846154,50.3846153846154,50.5882352941176,50.6666666666667,50.6666666666667,50.7692307692308,2,4,3,3,4,3,4,4,3,4,4,2,4
"R_2VKBqubrkWqPGcB","HH",75,1.7,45,"Prosocial",1284,1264,"HH","HL","LH","LL",50,40,40,40,35,25,10,10,"HH-LL","Welfare","","HH","LL","LH","HL","Welfare","",75,75,75,75,25,75,25,75,75,25,75,25,25,25,25,25,"Welfare","",128,128,113,113,85,86,80,81,98,98,71,70,66,65,43,43,38,38,33,33,"Similarity","","strongly disagree","agree somewhat","strongly disagree","strongly disagree","neither agree
nor disagree","disagree somewhat","disagree somewhat","strongly agree","disagree somewhat","strongly agree","strongly agree","Male",33,"United Kingdom of Great Britain and Northern Ireland","Bachelor's degree in college (4-year)",3,2,5,100,100,100,100,100,100,100,100,100,100,100,100,100,100,100,100,50.1960784313725,50.2222222222222,50.2222222222222,50,50.5882352941176,50,50.625,50.2564102564103,50.7142857142857,50,50.7692307692308,50,50.5882352941176,50.6666666666667,50.6666666666667,50.7692307692308,1,4,1,1,3,2,2,5,2,5,5,1,4
"R_21ptkuYkj6N5EEF","HH",75,1.7,37.09,"Prosocial",1304,1244,"HH","HL","LH","LL",75,75,50,50,75,75,10,10,"HH-LL","Welfare","","HH","HL","LL","LH","Similarity","",75,75,75,75,25,75,25,75,75,25,75,25,25,25,25,25,"Welfare","",128,128,113,113,86,85,81,80,98,98,71,70,66,65,43,43,38,38,33,33,"Similarity","","agree somewhat","neither agree
nor disagree","agree somewhat","disagree somewhat","disagree somewhat","agree somewhat","strongly agree","agree somewhat","neither agree
nor disagree","agree somewhat","strongly agree","Male",30,"United Kingdom of Great Britain and Northern Ireland","Bachelor's degree in college (4-year)",4,3,3,100,100,100,100,100,100,100,100,100,100,100,100,100,100,100,100,50.1960784313725,50.2222222222222,50.2222222222222,50.5882352941176,50,50.625,50,50.2564102564103,50.7142857142857,50,50.7692307692308,50,50.5882352941176,50.6666666666667,50.6666666666667,50.7692307692308,4,3,4,2,2,4,5,4,3,4,5,4,3
"R_1hze38OMHpugM8I","HH",75,1.7,5.82,"Individualistic",1455,1066,"HH","HL","LH","LL",30,20,10,10,20,20,5,5,"HH-LL","Similarity","","HH","HL","LH","LL","Similarity","",30,30,25,30,10,30,10,25,30,10,20,15,10,10,15,10,"Welfare","",128,128,113,113,100,71,101,60,98,98,100,41,100,31,43,43,38,38,33,33,"Similarity","","agree somewhat","disagree somewhat","strongly disagree","neither agree
nor disagree","neither agree
nor disagree","disagree somewhat","neither agree
nor disagree","neither agree
nor disagree","disagree somewhat","disagree somewhat","neither agree
nor disagree","Female",23,"United Kingdom of Great Britain and Northern Ireland","Bachelor's degree in college (4-year)",3,3,3,40,40,33.3333333333333,40,40,40,40,33.3333333333333,40,40,26.6666666666667,60,40,40,60,40,50.1960784313725,50.2222222222222,50.2222222222222,58.8235294117647,41.7647058823529,63.125,37.5,50.2564102564103,71.4285714285714,29.2857142857143,76.9230769230769,23.8461538461538,50.5882352941176,50.6666666666667,50.6666666666667,50.7692307692308,4,2,1,3,3,2,3,3,2,2,3,4,2
"R_3IS7HVHkOOpywIu","HH",75,1.7,37.48,"Prosocial",1275,1235,"HH","HL","LH","LL",45,40,40,40,30,40,10,13,"HL-LH","Inequality","","HH","HL","LH","LL","Inequality","",40,40,40,40,13,40,12,40,40,13,40,12,13,13,12,12,"Welfare","",128,128,113,113,86,85,81,80,98,98,71,70,66,65,43,43,38,38,33,33,"Inequality","","strongly disagree","agree somewhat","strongly disagree","strongly disagree","neither agree
nor disagree","disagree somewhat","disagree somewhat","strongly agree","neither agree
nor disagree","strongly agree","agree somewhat","Female",44,"United Kingdom of Great Britain and Northern Ireland","Bachelor's degree in college (4-year)",3,3,4,53.3333333333333,53.3333333333333,53.3333333333333,53.3333333333333,52,53.3333333333333,48,53.3333333333333,53.3333333333333,52,53.3333333333333,48,52,52,48,48,50.1960784313725,50.2222222222222,50.2222222222222,50.5882352941176,50,50.625,50,50.2564102564103,50.7142857142857,50,50.7692307692308,50,50.5882352941176,50.6666666666667,50.6666666666667,50.7692307692308,1,4,1,1,3,2,2,5,3,5,4,1,4
"R_1rlDzfcsWs6ioiL","HH",75,1.7,34.36,"Prosocial",1284,1219,"HH","HL","LH","LL",40,35,35,30,35,35,10,10,"HL-LH","Random","","HH","LH","LL","HL","Other","Some of the boxes wouldn't drop where I wanted them to ",35,35,30,35,10,35,13,30,35,10,35,10,13,13,10,10,"Similarity","",128,128,128,98,100,71,100,61,98,98,98,43,67,64,43,43,33,43,33,33,"Similarity","","strongly disagree","neither agree
nor disagree","strongly disagree","agree somewhat","disagree somewhat","neither agree
nor disagree","neither agree
nor disagree","neither agree
nor disagree","strongly disagree","strongly agree","strongly agree","Female",48,"United Kingdom of Great Britain and Northern Ireland","Some college but no degree",3,2,2,46.6666666666667,46.6666666666667,40,46.6666666666667,40,46.6666666666667,52,40,46.6666666666667,40,46.6666666666667,40,52,52,40,40,50.1960784313725,56.8888888888889,43.5555555555556,58.8235294117647,41.7647058823529,62.5,38.125,50.2564102564103,70,30.7142857142857,51.5384615384615,49.2307692307692,50.5882352941176,44,57.3333333333333,50.7692307692308,1,3,1,4,2,3,3,3,1,5,5,1,3
"R_2uIzvcBD8c2NhQd","HH",75,1.7,33.43,"Prosocial",1320,1220,"LH","HH","LL","HL",35,30,30,30,35,30,10,10,"HH-LL","Welfare","","LH","HH","LL","HL","Similarity","",25,25,25,25,10,25,10,25,25,10,25,10,10,10,10,10,"Similarity","",128,128,126,100,110,61,140,21,98,98,100,41,100,31,43,43,38,38,33,33,"Random","","disagree somewhat","strongly agree","strongly agree","strongly disagree","agree somewhat","strongly disagree","disagree somewhat","strongly agree","neither agree
nor disagree","agree somewhat","agree somewhat","Female",39,"United Kingdom of Great Britain and Northern Ireland","High school graduate (high school diploma or equivalent including GED)",3,3,6,33.3333333333333,33.3333333333333,33.3333333333333,33.3333333333333,40,33.3333333333333,40,33.3333333333333,33.3333333333333,40,33.3333333333333,40,40,40,40,40,50.1960784313725,56,44.4444444444444,64.7058823529412,35.8823529411765,87.5,13.125,50.2564102564103,71.4285714285714,29.2857142857143,76.9230769230769,23.8461538461538,50.5882352941176,50.6666666666667,50.6666666666667,50.7692307692308,2,5,5,1,4,1,2,5,3,4,4,2,5
"R_xyB9eDfDGbXfYMp","HH",75,1.7,33.82,"Prosocial",1324,1183,"HH","LH","HL","LL",75,40,30,40,75,55,20,10,"HH-LL","Welfare","","HH","LL","HL","LH","Welfare","",75,60,60,70,20,45,20,75,50,20,60,20,25,15,20,25,"Welfare","",128,128,128,98,121,50,111,50,98,98,98,43,41,90,43,43,38,38,33,33,"Random","","disagree somewhat","agree somewhat","agree somewhat","neither agree
nor disagree","agree somewhat","disagree somewhat","agree somewhat","strongly agree","neither agree
nor disagree","strongly agree","strongly agree","Female",26,"United Kingdom of Great Britain and Northern Ireland","Bachelor's degree in college (4-year)",2,2,3,100,80,80,93.3333333333333,80,60,80,100,66.6666666666667,80,80,80,100,60,80,100,50.1960784313725,56.8888888888889,43.5555555555556,71.1764705882353,29.4117647058824,69.375,31.25,50.2564102564103,70,30.7142857142857,31.5384615384615,69.2307692307692,50.5882352941176,50.6666666666667,50.6666666666667,50.7692307692308,2,4,4,3,4,2,4,5,3,5,5,2,4
"R_27PD3FNmox2iZ8B","HH",75,1.7,34.88,"Prosocial",1285,1222,"HH","HL","LH","LL",50,50,50,50,35,45,15,15,"HL-LH","Inequality","","LL","LH","HL","HH","Inequality","",50,50,50,50,15,50,15,50,50,15,50,15,15,15,15,15,"Other","I believed that it was a fair split based on income which would provide both with a good outcome ",128,128,113,113,85.5,85.5,80.5,80.5,98,98,70.5,70.5,65.5,65.5,43,43,38,38,33,33,"Similarity","","strongly disagree","disagree somewhat","disagree somewhat","agree somewhat","disagree somewhat","disagree somewhat","agree somewhat","strongly agree","strongly disagree","agree somewhat","agree somewhat","Female",33,"United Kingdom of Great Britain and Northern Ireland","Some college but no degree",4,3,3,66.6666666666667,66.6666666666667,66.6666666666667,66.6666666666667,60,66.6666666666667,60,66.6666666666667,66.6666666666667,60,66.6666666666667,60,60,60,60,60,50.1960784313725,50.2222222222222,50.2222222222222,50.2941176470588,50.2941176470588,50.3125,50.3125,50.2564102564103,50.3571428571429,50.3571428571429,50.3846153846154,50.3846153846154,50.5882352941176,50.6666666666667,50.6666666666667,50.7692307692308,1,2,2,4,2,2,4,5,1,4,4,1,2
"R_1pAy6FsRUnDLbHy","HH",75,1.7,29.71,"Prosocial",1311,1175,"HH","HL","LH","LL",50,40,30,30,40,50,0,10,"HL-LH","Welfare","","LL","LH","HL","HH","Inequality","",75,50,60,40,10,50,10,50,30,15,40,10,25,25,25,25,"Welfare","",128,128,128,98,100,71,90,71,98,98,80,61,85,46,43,43,38,38,33,33,"Inequality","","strongly disagree","agree somewhat","disagree somewhat","disagree somewhat","strongly agree","strongly disagree","disagree somewhat","strongly agree","neither agree
nor disagree","strongly agree","strongly agree","Female",32,"United Kingdom of Great Britain and Northern Ireland","Bachelor's degree in college (4-year)",2,1,3,100,66.6666666666667,80,53.3333333333333,40,66.6666666666667,40,66.6666666666667,40,60,53.3333333333333,40,100,100,100,100,50.1960784313725,56.8888888888889,43.5555555555556,58.8235294117647,41.7647058823529,56.25,44.375,50.2564102564103,57.1428571428571,43.5714285714286,65.3846153846154,35.3846153846154,50.5882352941176,50.6666666666667,50.6666666666667,50.7692307692308,1,4,2,2,5,1,2,5,3,5,5,1,4
"R_23VLJTxYI1Lj8Jz","HH",75,1.7,45,"Prosocial",1268,1258,"HH","LH","HL","LL",30,35,35,30,30,25,10,10,"HL-LH","Welfare","","HH","HL","LH","LL","Similarity","",50,40,40,50,15,55,10,50,50,10,50,15,15,15,10,18,"Welfare","",128,128,113,113,90,81,80,81,98,98,81,60,76,55,43,43,38,38,33,33,"Similarity","","disagree somewhat","strongly disagree","strongly disagree","strongly disagree","agree somewhat","agree somewhat","agree somewhat","strongly agree","neither agree
nor disagree","agree somewhat","agree somewhat","Female",25,"United Kingdom of Great Britain and Northern Ireland","Bachelor's degree in college (4-year)",3,1,2,66.6666666666667,53.3333333333333,53.3333333333333,66.6666666666667,60,73.3333333333333,40,66.6666666666667,66.6666666666667,40,66.6666666666667,60,60,60,40,72,50.1960784313725,50.2222222222222,50.2222222222222,52.9411764705882,47.6470588235294,50,50.625,50.2564102564103,57.8571428571429,42.8571428571429,58.4615384615385,42.3076923076923,50.5882352941176,50.6666666666667,50.6666666666667,50.7692307692308,2,1,1,1,4,4,4,5,3,4,4,2,1
"R_1reo5dE8qjlAkKV","HH",75,1.7,34.88,"Prosocial",1289,1226,"HH","HL","LH","LL",50,40,20,25,50,35,10,10,"HH-LL","Welfare","","HL","LL","HH","LH","Inequality","",50,40,35,35,10,40,15,35,35,10,35,10,10,10,10,10,"Inequality","",128,128,126,100,100,71,61,100,98,98,90,51,80,51,43,43,40,36,33,33,"Inequality","","disagree somewhat","strongly agree","strongly disagree","strongly disagree","agree somewhat","strongly disagree","disagree somewhat","agree somewhat","neither agree
nor disagree","strongly agree","strongly agree","Male",27,"United Kingdom of Great Britain and Northern Ireland","High school graduate (high school diploma or equivalent including GED)",4,3,4,66.6666666666667,53.3333333333333,46.6666666666667,46.6666666666667,40,53.3333333333333,60,46.6666666666667,46.6666666666667,40,46.6666666666667,40,40,40,40,40,50.1960784313725,56,44.4444444444444,58.8235294117647,41.7647058823529,38.125,62.5,50.2564102564103,64.2857142857143,36.4285714285714,61.5384615384615,39.2307692307692,50.5882352941176,53.3333333333333,48,50.7692307692308,2,5,1,1,4,1,2,4,3,5,5,2,5
"R_2c0duw6QVPFHxvp","HH",75,1.7,34.88,"Prosocial",1295,1225,"HH","HL","LH","LL",60,40,10,10,60,40,10,10,"HL-LH","Inequality","","LL","LH","HH","HL","Inequality","",50,50,40,50,15,50,15,45,40,15,45,10,15,15,10,10,"Inequality","",128,128,120,106,111,60,100,61,98,98,91,50,86,45,43,43,40,36,33,33,"Inequality","","disagree somewhat","neither agree
nor disagree","neither agree
nor disagree","disagree somewhat","disagree somewhat","disagree somewhat","disagree somewhat","agree somewhat","agree somewhat","strongly agree","strongly agree","Male",47,"United Kingdom of Great Britain and Northern Ireland","Bachelor's degree in college (4-year)",3,3,5,66.6666666666667,66.6666666666667,53.3333333333333,66.6666666666667,60,66.6666666666667,60,60,53.3333333333333,60,60,40,60,60,40,40,50.1960784313725,53.3333333333333,47.1111111111111,65.2941176470588,35.2941176470588,62.5,38.125,50.2564102564103,65,35.7142857142857,66.1538461538461,34.6153846153846,50.5882352941176,53.3333333333333,48,50.7692307692308,2,3,3,2,2,2,2,4,4,5,5,2,3
"R_3DvaBYUsVTUmjL7","HH",75,1.7,42.57,"Prosocial",1273,1270,"HH","HL","LH","LL",25,25,25,25,25,20,10,10,"HL-LH","Inequality","","LL","LH","HH","HL","Inequality","",75,25,25,25,10,25,10,25,25,10,25,5,10,25,25,5,"Other","I started out thinking that those who had a smaller pot to start with should contribute less but realised that it would actually benefit both if everyone put everything in.",128,128,121,105,100,71,100,61,98,98,90,51,90,41,43,43,38,38,33,33,"Other","I wanted those who put more in to be rewarded but at the same time wanted the person who put less in to also get a better return.","strongly disagree","agree somewhat","agree somewhat","disagree somewhat","neither agree
nor disagree","neither agree
nor disagree","agree somewhat","agree somewhat","neither agree
nor disagree","strongly agree","strongly agree","Female",39,"United Kingdom of Great Britain and Northern Ireland","Bachelor's degree in college (4-year)",2,1,4,100,33.3333333333333,33.3333333333333,33.3333333333333,40,33.3333333333333,40,33.3333333333333,33.3333333333333,40,33.3333333333333,20,40,100,100,20,50.1960784313725,53.7777777777778,46.6666666666667,58.8235294117647,41.7647058823529,62.5,38.125,50.2564102564103,64.2857142857143,36.4285714285714,69.2307692307692,31.5384615384615,50.5882352941176,50.6666666666667,50.6666666666667,50.7692307692308,1,4,4,2,3,3,4,4,3,5,5,1,4
"R_2e2qG5ZVpehsBZN","HH",75,1.7,-7.82,"Individualistic",1455,1005,"HH","HL","LH","LL",25,1,15,15,20,15,20,25,"HL-LH","Welfare","","LL","LH","HL","HH","Welfare","",75,25,20,40,25,35,25,25,25,25,30,25,25,20,25,25,"Welfare","",128,128,128,98,128,43,128,33,98,98,98,43,98,33,43,43,43,33,33,33,"Other","Well i don't really understand, i gave them excately what they should get as the rules of the game suggest. ","disagree somewhat","agree somewhat","strongly disagree","disagree somewhat","disagree somewhat","neither agree
nor disagree","agree somewhat","agree somewhat","strongly disagree","neither agree
nor disagree","neither agree
nor disagree","Male",31,"United Kingdom of Great Britain and Northern Ireland","High school graduate (high school diploma or equivalent including GED)",4,4,4,100,33.3333333333333,26.6666666666667,53.3333333333333,100,46.6666666666667,100,33.3333333333333,33.3333333333333,100,40,100,100,80,100,100,50.1960784313725,56.8888888888889,43.5555555555556,75.2941176470588,25.2941176470588,80,20.625,50.2564102564103,70,30.7142857142857,75.3846153846154,25.3846153846154,50.5882352941176,57.3333333333333,44,50.7692307692308,2,4,1,2,2,3,4,4,1,3,3,2,4
"R_3n90o6ggnwH0zp4","HH",75,1.7,23.72,"Prosocial",1379,1159,"HH","LH","HL","LL",50,10,25,0,50,50,15,15,"HH-LL","Welfare","","HH","HL","LH","LL","Inequality","",40,50,25,50,15,50,5,30,30,15,20,5,15,15,10,5,"Welfare","",128,128,150,76,138,33,140,21,98,98,91,50,81,50,43,43,46,30,33,33,"Welfare","","disagree somewhat","neither agree
nor disagree","disagree somewhat","disagree somewhat","strongly agree","disagree somewhat","agree somewhat","strongly agree","agree somewhat","agree somewhat","strongly agree","Male",44,"United Kingdom of Great Britain and Northern Ireland","Doctoral degree",5,3,6,53.3333333333333,66.6666666666667,33.3333333333333,66.6666666666667,60,66.6666666666667,20,40,40,60,26.6666666666667,20,60,60,40,20,50.1960784313725,66.6666666666667,33.7777777777778,81.1764705882353,19.4117647058824,87.5,13.125,50.2564102564103,65,35.7142857142857,62.3076923076923,38.4615384615385,50.5882352941176,61.3333333333333,40,50.7692307692308,2,3,2,2,5,2,4,5,4,4,5,2,3
"R_1mggVONpnVIH25L","HH",75,1.7,34.88,"Prosocial",1286,1223,"HH","HL","LH","LL",25,25,35,50,50,25,15,10,"HL-LH","Inequality","","HH","HL","LH","LL","Inequality","",75,50,25,50,15,50,10,50,20,15,50,15,25,15,10,25,"Welfare","",128,128,128,98,100,71,126,35,98,98,95,46,95,36,43,43,40,36,33,33,"Welfare","","disagree somewhat","agree somewhat","disagree somewhat","agree somewhat","strongly agree","disagree somewhat","agree somewhat","strongly agree","disagree somewhat","neither agree
nor disagree","strongly agree","Male",42,"United Kingdom of Great Britain and Northern Ireland","Bachelor's degree in college (4-year)",4,3,4,100,66.6666666666667,33.3333333333333,66.6666666666667,60,66.6666666666667,40,66.6666666666667,26.6666666666667,60,66.6666666666667,60,100,60,40,100,50.1960784313725,56.8888888888889,43.5555555555556,58.8235294117647,41.7647058823529,78.75,21.875,50.2564102564103,67.8571428571429,32.8571428571429,73.0769230769231,27.6923076923077,50.5882352941176,53.3333333333333,48,50.7692307692308,2,4,2,4,5,2,4,5,2,3,5,2,4
"R_2wGG2cGXfu1sw27","HH",75,1.7,37.48,"Prosocial",1283,1235,"HL","HH","LH","LL",30,20,20,10,30,20,15,5,"HL-LH","Welfare","","HL","HH","LL","LH","Similarity","",35,35,30,35,20,25,10,30,30,15,30,15,15,15,10,10,"Similarity","",128,128,126,100,120,51,100,61,98,98,81,60,90,41,43,43,40,36,33,33,"Welfare","","disagree somewhat","disagree somewhat","strongly disagree","neither agree
nor disagree","agree somewhat","agree somewhat","agree somewhat","agree somewhat","neither agree
nor disagree","agree somewhat","agree somewhat","Female",39,"United Kingdom of Great Britain and Northern Ireland","Some college but no degree",3,3,5,46.6666666666667,46.6666666666667,40,46.6666666666667,80,33.3333333333333,40,40,40,60,40,60,60,60,40,40,50.1960784313725,56,44.4444444444444,70.5882352941177,30,62.5,38.125,50.2564102564103,57.8571428571429,42.8571428571429,69.2307692307692,31.5384615384615,50.5882352941176,53.3333333333333,48,50.7692307692308,2,2,1,3,4,4,4,4,3,4,4,2,2
"R_AujbAQubl8SjCyB","HH",75,1.7,34.88,"Prosocial",1288,1225,"HH","HL","LH","LL",50,25,15,10,50,25,15,10,"HH-LL","Welfare","","HH","HL","LH","LL","Welfare","",50,50,25,15,15,50,10,25,25,10,25,5,10,10,10,5,"Welfare","",128,128,128,98,43,128,33,128,98,98,98,43,98,33,43,43,43,33,33,33,"Other","Fairness - receive the proportion you create","disagree somewhat","agree somewhat","neither agree
nor disagree","disagree somewhat","agree somewhat","agree somewhat","neither agree
nor disagree","agree somewhat","disagree somewhat","agree somewhat","neither agree
nor disagree","Male",48,"United Kingdom of Great Britain and Northern Ireland","Master's degree",4,6,2,66.6666666666667,66.6666666666667,33.3333333333333,20,60,66.6666666666667,40,33.3333333333333,33.3333333333333,40,33.3333333333333,20,40,40,40,20,50.1960784313725,56.8888888888889,43.5555555555556,25.2941176470588,75.2941176470588,20.625,80,50.2564102564103,70,30.7142857142857,75.3846153846154,25.3846153846154,50.5882352941176,57.3333333333333,44,50.7692307692308,2,4,3,2,4,4,3,4,2,4,3,2,4
"R_1GI9nfu94clDXJI","HH",75,1.7,37.48,"Prosocial",1283,1235,"HH","HL","LL","LH",40,30,15,10,40,35,10,10,"HL-LH","Inequality","","HH","LL","HL","LH","Inequality","",50,30,30,30,15,30,15,30,30,15,30,15,15,15,15,15,"Inequality","",128,128,116,110,114,57,91,70,98,98,75,66,75,56,43,43,40,36,33,33,"Inequality","","disagree somewhat","strongly agree","agree somewhat","neither agree
nor disagree","neither agree
nor disagree","neither agree
nor disagree","agree somewhat","agree somewhat","disagree somewhat","neither agree
nor disagree","neither agree
nor disagree","Male",43,"United Kingdom of Great Britain and Northern Ireland","Bachelor's degree in college (4-year)",4,5,5,66.6666666666667,40,40,40,60,40,60,40,40,60,40,60,60,60,60,60,50.1960784313725,51.5555555555556,48.8888888888889,67.0588235294118,33.5294117647059,56.875,43.75,50.2564102564103,53.5714285714286,47.1428571428571,57.6923076923077,43.0769230769231,50.5882352941176,53.3333333333333,48,50.7692307692308,2,5,4,3,3,3,4,4,2,3,3,2,5
"R_1LOTLxqfMTcyRoy","HH",75,1.7,7.82,"Individualistic",1454,1074,"HH","HL","LH","LL",0,0,0,0,25,25,5,5,"HH-LL","Similarity","","HH","HL","LH","LL","Similarity","",75,75,75,25,25,25,25,75,25,25,25,25,25,25,25,25,"Welfare","",128,128,113,113,86,85,81,80,98,98,71,70,66,65,43,43,38,38,33,33,"Similarity","","disagree somewhat","agree somewhat","strongly disagree","neither agree
nor disagree","disagree somewhat","strongly disagree","strongly disagree","strongly agree","disagree somewhat","neither agree
nor disagree","agree somewhat","Male",50,"United Kingdom of Great Britain and Northern Ireland","Bachelor's degree in college (4-year)",4,3,4,100,100,100,33.3333333333333,100,33.3333333333333,100,100,33.3333333333333,100,33.3333333333333,100,100,100,100,100,50.1960784313725,50.2222222222222,50.2222222222222,50.5882352941176,50,50.625,50,50.2564102564103,50.7142857142857,50,50.7692307692308,50,50.5882352941176,50.6666666666667,50.6666666666667,50.7692307692308,2,4,1,3,2,1,1,5,2,3,4,2,4
"R_3oGU5nH5unbhl3b","HH",75,1.7,37.48,"Prosocial",1281,1233,"HH","HL","LH","LL",35,20,15,15,25,10,10,10,"HH-LL","Similarity","","LL","LH","HL","HH","Inequality","",40,40,40,20,20,45,15,30,40,15,45,15,15,20,15,15,"Welfare","",128,128,113,113,85.5,85.5,80.5,80.5,98,98,70.5,70.5,65.5,65.5,43,43,38,38,33,33,"Similarity","","disagree somewhat","neither agree
nor disagree","disagree somewhat","disagree somewhat","agree somewhat","neither agree
nor disagree","agree somewhat","strongly agree","agree somewhat","agree somewhat","agree somewhat","Female",48,"United Kingdom of Great Britain and Northern Ireland","Bachelor's degree in college (4-year)",2,3,3,53.3333333333333,53.3333333333333,53.3333333333333,26.6666666666667,80,60,60,40,53.3333333333333,60,60,60,60,80,60,60,50.1960784313725,50.2222222222222,50.2222222222222,50.2941176470588,50.2941176470588,50.3125,50.3125,50.2564102564103,50.3571428571429,50.3571428571429,50.3846153846154,50.3846153846154,50.5882352941176,50.6666666666667,50.6666666666667,50.7692307692308,2,3,2,2,4,3,4,5,4,4,4,2,3
"R_w7S431IBQSzGOgV","HH",75,1.7,37.48,"Prosocial",1286,1231,"HH","HL","LH","LL",75,75,75,75,50,20,10,5,"HH-LL","Similarity","","LL","LH","HL","HH","Inequality","",75,75,75,75,25,75,25,75,55,25,30,25,25,25,25,25,"Welfare","",128,128,113,113,86,85,81,80,98,98,71,70,66,65,43,43,38,38,33,33,"Similarity","","disagree somewhat","strongly agree","strongly disagree","strongly disagree","disagree somewhat","agree somewhat","agree somewhat","strongly agree","strongly disagree","strongly agree","strongly agree","Male",33,"United Kingdom of Great Britain and Northern Ireland","Bachelor's degree in college (4-year)",3,3,3,100,100,100,100,100,100,100,100,73.3333333333333,100,40,100,100,100,100,100,50.1960784313725,50.2222222222222,50.2222222222222,50.5882352941176,50,50.625,50,50.2564102564103,50.7142857142857,50,50.7692307692308,50,50.5882352941176,50.6666666666667,50.6666666666667,50.7692307692308,2,5,1,1,2,4,4,5,1,5,5,2,5
"R_9FxiRrxlPdQWp4l","HH",75,1.7,32.56,"Prosocial",1348,1180,"HH","HL","LH","LL",20,10,5,5,20,20,15,18,"HH-LL","Similarity","","HL","HH","LL","LH","Welfare","",75,40,50,60,25,50,25,60,40,25,25,25,20,20,25,20,"Welfare","",128,128,120,106,100,71,118,43,98,98,98,43,87,44,43,43,40,36,33,33,"Inequality","","disagree somewhat","neither agree
nor disagree","disagree somewhat","agree somewhat","neither agree
nor disagree","agree somewhat","agree somewhat","strongly agree","agree somewhat","agree somewhat","disagree somewhat","Male",32,"United Kingdom of Great Britain and Northern Ireland","Bachelor's degree in college (4-year)",6,5,5,100,53.3333333333333,66.6666666666667,80,100,66.6666666666667,100,80,53.3333333333333,100,33.3333333333333,100,80,80,100,80,50.1960784313725,53.3333333333333,47.1111111111111,58.8235294117647,41.7647058823529,73.75,26.875,50.2564102564103,70,30.7142857142857,66.9230769230769,33.8461538461538,50.5882352941176,53.3333333333333,48,50.7692307692308,2,3,2,4,3,4,4,5,4,4,2,2,3
"R_3G2O1nWX8w2Rtik","HH",75,1.7,9.3,"Individualistic",1426,1077,"LL","HH","HL","LH",55,40,20,15,40,50,15,10,"HL-LH","Welfare","","LH","LL","HH","HL","Welfare","",49,30,30,50,15,50,15,55,40,15,60,10,10,25,15,20,"Welfare","",128,128,113,113,100,71,101,60,98,98,100,41,100,31,43,43,38,38,33,33,"Similarity","","strongly agree","strongly agree","strongly agree","strongly disagree","strongly agree","strongly agree","strongly agree","strongly agree","strongly agree","strongly agree","strongly agree","Female",49,"United States of America","Bachelor's degree in college (4-year)",1,1,7,65.3333333333333,40,40,66.6666666666667,60,66.6666666666667,60,73.3333333333333,53.3333333333333,60,80,40,40,100,60,80,50.1960784313725,50.2222222222222,50.2222222222222,58.8235294117647,41.7647058823529,63.125,37.5,50.2564102564103,71.4285714285714,29.2857142857143,76.9230769230769,23.8461538461538,50.5882352941176,50.6666666666667,50.6666666666667,50.7692307692308,5,5,5,1,5,5,5,5,5,5,5,5,5
"R_3LYBjnG9j6J7z52","HH",75,1.7,45,"Prosocial",1235,1285,"HH","HL","LH","LL",75,75,75,75,75,75,25,25,"HL-LH","Welfare","","LL","LH","HL","HH","Welfare","",75,75,75,75,25,75,25,75,75,25,75,25,25,25,25,25,"Welfare","",128,128,113,113,85,86,80,81,98,98,70,71,65,66,43,43,38,38,33,33,"Similarity","","strongly disagree","agree somewhat","strongly disagree","agree somewhat","agree somewhat","disagree somewhat","disagree somewhat","strongly agree","agree somewhat","agree somewhat","agree somewhat","Female",41,"United Kingdom of Great Britain and Northern Ireland","Some college but no degree",3,3,4,100,100,100,100,100,100,100,100,100,100,100,100,100,100,100,100,50.1960784313725,50.2222222222222,50.2222222222222,50,50.5882352941176,50,50.625,50.2564102564103,50,50.7142857142857,50,50.7692307692308,50.5882352941176,50.6666666666667,50.6666666666667,50.7692307692308,1,4,1,4,4,2,2,5,4,4,4,1,4
"R_1KdLGpz2xHVJz8D","HH",75,1.7,45,"Prosocial",1285,1285,"HH","HL","LH","LL",75,75,75,75,75,75,25,25,"HH-LL","Welfare","","HH","HL","LH","LL","Similarity","",75,75,75,75,25,75,25,75,75,25,75,25,25,25,25,25,"Welfare","",128,128,113,113,86,85,81,80,98,98,71,70,66,65,43,43,38,38,33,33,"Similarity","","disagree somewhat","agree somewhat","strongly disagree","disagree somewhat","agree somewhat","strongly agree","agree somewhat","strongly agree","strongly disagree","agree somewhat","agree somewhat","Male",50,"United Kingdom of Great Britain and Northern Ireland","Bachelor's degree in college (4-year)",3,4,5,100,100,100,100,100,100,100,100,100,100,100,100,100,100,100,100,50.1960784313725,50.2222222222222,50.2222222222222,50.5882352941176,50,50.625,50,50.2564102564103,50.7142857142857,50,50.7692307692308,50,50.5882352941176,50.6666666666667,50.6666666666667,50.7692307692308,2,4,1,2,4,5,4,5,1,4,4,2,4
"R_1jjPO0RDQZ4q6X1","HH",75,1.7,27.31,"Prosocial",1310,1171,"HL","HH","LH","LL",75,75,25,25,75,50,25,0,"HH-LL","Welfare","","LL","LH","HH","HL","Random","",50,50,25,50,25,50,25,50,25,25,25,0,25,25,0,0,"Welfare","",128,128,128,98,21,150,150,11,98,98,100,41,100,31,43,43,38,38,33,33,"Welfare","","agree somewhat","agree somewhat","neither agree
nor disagree","neither agree
nor disagree","agree somewhat","agree somewhat","neither agree
nor disagree","agree somewhat","strongly disagree","neither agree
nor disagree","neither agree
nor disagree","Female",45,"United Kingdom of Great Britain and Northern Ireland","High school graduate (high school diploma or equivalent including GED)",6,6,4,66.6666666666667,66.6666666666667,33.3333333333333,66.6666666666667,100,66.6666666666667,100,66.6666666666667,33.3333333333333,100,33.3333333333333,0,100,100,0,0,50.1960784313725,56.8888888888889,43.5555555555556,12.3529411764706,88.2352941176471,93.75,6.875,50.2564102564103,71.4285714285714,29.2857142857143,76.9230769230769,23.8461538461538,50.5882352941176,50.6666666666667,50.6666666666667,50.7692307692308,4,4,3,3,4,4,3,4,1,3,3,4,4
"R_9tdk988ZjBrBpJf","HH",75,1.7,20.72,"Individualistic",1320,1117,"HL","HH","LH","LL",15,10,0,10,10,0,5,10,"HH-LL","Similarity","","HL","LH","LL","HH","Random","",15,0,5,10,0,10,0,20,15,0,6,0,5,5,0,0,"Similarity","",128,128,130,96,71,100,80,81,96,100,75,66,80,51,43,43,40,36,36,30,"Inequality","","strongly disagree","agree somewhat","agree somewhat","neither agree
nor disagree","agree somewhat","strongly disagree","disagree somewhat","agree somewhat","disagree somewhat","strongly agree","strongly agree","Male",21,"United States of America","High school graduate (high school diploma or equivalent including GED)",4,4,4,20,0,6.66666666666667,13.3333333333333,0,13.3333333333333,0,26.6666666666667,20,0,8,0,20,20,0,0,50.1960784313725,57.7777777777778,42.6666666666667,41.7647058823529,58.8235294117647,50,50.625,49.2307692307692,53.5714285714286,47.1428571428571,61.5384615384615,39.2307692307692,50.5882352941176,53.3333333333333,48,55.3846153846154,1,4,4,3,4,1,2,4,2,5,5,1,4
"R_2dLU3NS3SgEfso0","HH",75,1.7,37.48,"Prosocial",1281,1233,"HH","HL","LH","LL",35,35,25,30,25,25,10,10,"HL-LH","Inequality","","LL","LH","HL","HH","Inequality","",50,30,35,40,10,35,10,45,35,15,35,10,15,15,10,15,"Welfare","",128,128,113,113,91,80,86,75,98,98,75,66,66,65,43,43,40,36,33,33,"Inequality","","agree somewhat","strongly disagree","disagree somewhat","agree somewhat","strongly disagree","strongly agree","strongly agree","disagree somewhat","strongly disagree","disagree somewhat","disagree somewhat","Male",37,"United States of America","Master's degree",1,1,3,66.6666666666667,40,46.6666666666667,53.3333333333333,40,46.6666666666667,40,60,46.6666666666667,60,46.6666666666667,40,60,60,40,60,50.1960784313725,50.2222222222222,50.2222222222222,53.5294117647059,47.0588235294118,53.75,46.875,50.2564102564103,53.5714285714286,47.1428571428571,50.7692307692308,50,50.5882352941176,53.3333333333333,48,50.7692307692308,4,1,2,4,1,5,5,2,1,2,2,4,1
"R_33xReHH8tjDgpNl","HH",75,1.7,34.88,"Prosocial",1288,1225,"HH","HL","LH","LL",45,40,35,40,45,35,25,25,"HH-LL","Welfare","","LL","LH","HL","HH","Welfare","",75,75,75,25,25,30,25,75,30,25,25,25,25,25,25,25,"Welfare","",128,128,100,126,116,55,121,40,98,98,96,45,96,35,43,43,41,35,33,33,"Inequality","","disagree somewhat","agree somewhat","strongly disagree","agree somewhat","agree somewhat","agree somewhat","strongly agree","agree somewhat","neither agree
nor disagree","neither agree
nor disagree","strongly agree","Female",43,"United States of America","Some college but no degree",4,4,4,100,100,100,33.3333333333333,100,40,100,100,40,100,33.3333333333333,100,100,100,100,100,50.1960784313725,44.4444444444444,56,68.2352941176471,32.3529411764706,75.625,25,50.2564102564103,68.5714285714286,32.1428571428571,73.8461538461539,26.9230769230769,50.5882352941176,54.6666666666667,46.6666666666667,50.7692307692308,2,4,1,4,4,4,5,4,3,3,5,2,4
"R_0VZuYsW5tQ0WRdn","HH",75,1.7,7.82,"Individualistic",1450,1090,"HH","LL","HL","LH",10,25,60,25,30,25,20,25,"HH-LL","Welfare","","HH","LH","LL","HL","Welfare","",50,45,60,55,15,50,25,60,60,20,65,20,15,10,15,20,"Similarity","",128,128,133,93,91,80,65,96,96,100,91,50,51,80,43,43,47,29,33,33,"Welfare","","strongly disagree","agree somewhat","neither agree
nor disagree","disagree somewhat","agree somewhat","neither agree
nor disagree","disagree somewhat","agree somewhat","disagree somewhat","strongly agree","strongly agree","Male",44,"United Kingdom of Great Britain and Northern Ireland","Some college but no degree",3,3,5,66.6666666666667,60,80,73.3333333333333,60,66.6666666666667,100,80,80,80,86.6666666666667,80,60,40,60,80,50.1960784313725,59.1111111111111,41.3333333333333,53.5294117647059,47.0588235294118,40.625,60,49.2307692307692,65,35.7142857142857,39.2307692307692,61.5384615384615,50.5882352941176,62.6666666666667,38.6666666666667,50.7692307692308,1,4,3,2,4,3,2,4,2,5,5,1,4
"R_1qVyBuVDtBJ1yO6","HH",75,1.7,34.88,"Prosocial",1304,1214,"HH","HL","LH","LL",30,30,25,25,30,30,25,25,"HH-LL","Similarity","","HH","HL","LH","LL","Similarity","",50,50,50,30,25,30,25,50,30,25,30,25,25,25,25,25,"Similarity","",128,128,113,113,111,60,111,50,98,98,91,50,86,45,43,43,38,38,33,33,"Inequality","","agree somewhat","agree somewhat","disagree somewhat","disagree somewhat","disagree somewhat","agree somewhat","agree somewhat","agree somewhat","disagree somewhat","neither agree
nor disagree","agree somewhat","Male",32,"United States of America","Associate degree in college (2-year)",4,4,3,66.6666666666667,66.6666666666667,66.6666666666667,40,100,40,100,66.6666666666667,40,100,40,100,100,100,100,100,50.1960784313725,50.2222222222222,50.2222222222222,65.2941176470588,35.2941176470588,69.375,31.25,50.2564102564103,65,35.7142857142857,66.1538461538461,34.6153846153846,50.5882352941176,50.6666666666667,50.6666666666667,50.7692307692308,4,4,2,2,2,4,4,4,2,3,4,4,4
"R_10UgRftWBLCjyne","HH",75,1.7,25.81,"Prosocial",1334,1164,"HL","LL","HH","LH",15,0,10,0,15,0,0,0,"HL-LH","Inequality","","LL","LH","HL","HH","Inequality","",75,15,10,25,25,20,0,5,10,10,10,0,25,25,25,0,"Welfare","",128,128,113,113,100,71,110,51,98,98,90,51,81,50,43,43,38,38,33,33,"Inequality","","strongly disagree","strongly agree","strongly disagree","strongly disagree","disagree somewhat","strongly disagree","strongly disagree","strongly agree","neither agree
nor disagree","agree somewhat","strongly agree","Male",40,"United States of America","Doctoral degree",2,2,3,100,20,13.3333333333333,33.3333333333333,100,26.6666666666667,0,6.66666666666667,13.3333333333333,40,13.3333333333333,0,100,100,100,0,50.1960784313725,50.2222222222222,50.2222222222222,58.8235294117647,41.7647058823529,68.75,31.875,50.2564102564103,64.2857142857143,36.4285714285714,62.3076923076923,38.4615384615385,50.5882352941176,50.6666666666667,50.6666666666667,50.7692307692308,1,5,1,1,2,1,1,5,3,4,5,1,5
"R_2qt0aMcRoXo8geP","HH",75,1.7,34.88,"Prosocial",1288,1225,"HH","HL","LH","LL",75,75,75,75,60,60,15,15,"HL-LH","Welfare","","LL","LH","HL","HH","Inequality","",75,75,75,75,25,75,25,75,75,25,75,25,25,25,25,25,"Welfare","",128,128,113,113,86,85,81,80,98,98,71,70,66,65,43,43,38,38,33,33,"Inequality","","agree somewhat","agree somewhat","agree somewhat","neither agree
nor disagree","agree somewhat","agree somewhat","agree somewhat","agree somewhat","neither agree
nor disagree","strongly agree","agree somewhat","Male",45,"United States of America","Master's degree",3,2,3,100,100,100,100,100,100,100,100,100,100,100,100,100,100,100,100,50.1960784313725,50.2222222222222,50.2222222222222,50.5882352941176,50,50.625,50,50.2564102564103,50.7142857142857,50,50.7692307692308,50,50.5882352941176,50.6666666666667,50.6666666666667,50.7692307692308,4,4,4,3,4,4,4,4,3,5,4,4,4
"R_vdXbBlObPgFne4V","HH",75,1.7,34.88,"Prosocial",1333,1193,"HH","HL","LH","LL",50,50,50,50,30,30,10,10,"HH-LL","Welfare","","LL","LH","HL","HH","Welfare","",30,30,30,30,10,30,12,30,30,12,30,12,12,10,10,10,"Welfare","",128,128,113,113,86,85,81,80,98,98,71,70,66,65,43,43,38,38,33,33,"Similarity","","disagree somewhat","agree somewhat","strongly disagree","strongly disagree","strongly agree","strongly disagree","disagree somewhat","strongly agree","neither agree
nor disagree","disagree somewhat","strongly disagree","Male",33,"United States of America","Bachelor's degree in college (4-year)",6,7,4,40,40,40,40,40,40,48,40,40,48,40,48,48,40,40,40,50.1960784313725,50.2222222222222,50.2222222222222,50.5882352941176,50,50.625,50,50.2564102564103,50.7142857142857,50,50.7692307692308,50,50.5882352941176,50.6666666666667,50.6666666666667,50.7692307692308,2,4,1,1,5,1,2,5,3,2,1,2,4
"R_3GjMvd7pMzpw8Xd","HH",75,1.7,25.61,"Prosocial",1350,1171,"HH","HL","LH","LL",60,50,45,40,50,40,15,10,"HH-LL","Welfare","","HH","HL","LH","LL","Welfare","",60,50,40,55,15,50,10,60,50,15,45,10,20,15,10,20,"Welfare","",128,128,113,113,85,86,81,80,98,98,71,70,65,66,43,43,38,38,33,33,"Other","I think you should stick to the rule and not redistribute.","disagree somewhat","neither agree
nor disagree","agree somewhat","neither agree
nor disagree","strongly disagree","agree somewhat","neither agree
nor disagree","agree somewhat","strongly disagree","neither agree
nor disagree","disagree somewhat","Male",36,"United States of America","Bachelor's degree in college (4-year)",5,6,5,80,66.6666666666667,53.3333333333333,73.3333333333333,60,66.6666666666667,40,80,66.6666666666667,60,60,40,80,60,40,80,50.1960784313725,50.2222222222222,50.2222222222222,50,50.5882352941176,50.625,50,50.2564102564103,50.7142857142857,50,50,50.7692307692308,50.5882352941176,50.6666666666667,50.6666666666667,50.7692307692308,2,3,4,3,1,4,3,4,1,3,2,2,3
"R_3FJSDKyBuGAzSmY","HH",75,1.7,23.84,"Prosocial",1317,1187,"HH","HL","LH","LL",50,50,25,0,50,60,25,25,"HH-LL","Welfare","","HH","LH","HL","LL","Welfare","",75,75,60,75,25,50,20,50,50,24,50,20,20,25,20,25,"Welfare","",128,128,116,110,110,61,100,61,98,98,75,66,80,51,44,42,38,38,33,33,"Random","","disagree somewhat","agree somewhat","neither agree
nor disagree","disagree somewhat","disagree somewhat","agree somewhat","neither agree
nor disagree","agree somewhat","disagree somewhat","agree somewhat","agree somewhat","Male",36,"United States of America","Some college but no degree",5,5,3,100,100,80,100,100,66.6666666666667,80,66.6666666666667,66.6666666666667,96,66.6666666666667,80,80,100,80,100,50.1960784313725,51.5555555555556,48.8888888888889,64.7058823529412,35.8823529411765,62.5,38.125,50.2564102564103,53.5714285714286,47.1428571428571,61.5384615384615,39.2307692307692,51.764705882353,50.6666666666667,50.6666666666667,50.7692307692308,2,4,3,2,2,4,3,4,2,4,4,2,4
"R_2wBIVolFCaPHKGm","HH",75,1.7,34.88,"Prosocial",1288,1225,"HH","HL","LH","LL",0,0,50,50,0,0,0,0,"HL-LH","Welfare","","HH","HL","LH","LL","Inequality","",0,0,0,50,0,50,0,0,50,0,50,0,0,0,0,0,"Welfare","",128,128,113,113,86,85,81,80,98,98,70,71,65,66,43,43,38,38,33,33,"Similarity","","strongly disagree","strongly agree","strongly disagree","strongly disagree","strongly agree","strongly disagree","disagree somewhat","strongly agree","agree somewhat","strongly agree","strongly agree","Male",38,"United States of America","High school graduate (high school diploma or equivalent including GED)",2,2,1,0,0,0,66.6666666666667,0,66.6666666666667,0,0,66.6666666666667,0,66.6666666666667,0,0,0,0,0,50.1960784313725,50.2222222222222,50.2222222222222,50.5882352941176,50,50.625,50,50.2564102564103,50,50.7142857142857,50,50.7692307692308,50.5882352941176,50.6666666666667,50.6666666666667,50.7692307692308,1,5,1,1,5,1,2,5,4,5,5,1,5
"R_1Hqyr9qwmjup4za","HH",75,1.7,32.56,"Prosocial",1374,1191,"HH","HL","LH","LL",15,10,5,10,30,10,10,0,"HH-LL","Similarity","","HH","HL","LH","LL","Similarity","",20,20,15,20,5,20,5,20,20,5,20,5,5,5,5,5,"Inequality","",128,128,113,113,85.5,85.5,80.5,80.5,98,98,70.5,70.5,65.5,65.5,43,43,38,38,33,33,"Welfare","","strongly disagree","strongly agree","strongly agree","neither agree
nor disagree","strongly agree","disagree somewhat","strongly agree","strongly agree","agree somewhat","strongly agree","strongly agree","Female",24,"United States of America","Bachelor's degree in college (4-year)",3,3,4,26.6666666666667,26.6666666666667,20,26.6666666666667,20,26.6666666666667,20,26.6666666666667,26.6666666666667,20,26.6666666666667,20,20,20,20,20,50.1960784313725,50.2222222222222,50.2222222222222,50.2941176470588,50.2941176470588,50.3125,50.3125,50.2564102564103,50.3571428571429,50.3571428571429,50.3846153846154,50.3846153846154,50.5882352941176,50.6666666666667,50.6666666666667,50.7692307692308,1,5,5,3,5,2,5,5,4,5,5,1,5
"R_3j7BN44ouP2bj57","HH",75,1.7,31.86,"Prosocial",1344,1206,"HH","HL","LH","LL",40,40,15,15,35,25,15,10,"HH-LL","Welfare","","HL","HH","LH","LL","Similarity","",75,75,75,25,25,25,25,75,25,25,25,25,25,25,25,25,"Welfare","",128,128,120,106,105,66,105,56,98,98,85,56,90,41,43,43,40,36,33,33,"Welfare","","agree somewhat","disagree somewhat","disagree somewhat","agree somewhat","neither agree
nor disagree","strongly agree","agree somewhat","neither agree
nor disagree","strongly disagree","disagree somewhat","agree somewhat","Male",25,"United States of America","Some college but no degree",5,6,4,100,100,100,33.3333333333333,100,33.3333333333333,100,100,33.3333333333333,100,33.3333333333333,100,100,100,100,100,50.1960784313725,53.3333333333333,47.1111111111111,61.7647058823529,38.8235294117647,65.625,35,50.2564102564103,60.7142857142857,40,69.2307692307692,31.5384615384615,50.5882352941176,53.3333333333333,48,50.7692307692308,4,2,2,4,3,5,4,3,1,2,4,4,2
"R_12r5aqaB2sfluSl","HH",75,1.7,7.82,"Individualistic",1455,1075,"HH","HL","LH","LL",75,75,75,75,50,50,15,10,"HL-LH","Inequality","","HH","HL","LH","LL","Similarity","",75,75,75,75,25,75,10,75,75,25,75,10,25,25,10,25,"Inequality","",128,128,113,113,85,86,81,80,98,98,61,80,65,66,43,43,43,33,33,33,"Inequality","","agree somewhat","agree somewhat","agree somewhat","disagree somewhat","disagree somewhat","neither agree
nor disagree","disagree somewhat","strongly agree","strongly disagree","agree somewhat","strongly agree","Male",31,"United States of America","Bachelor's degree in college (4-year)",2,1,4,100,100,100,100,100,100,40,100,100,100,100,40,100,100,40,100,50.1960784313725,50.2222222222222,50.2222222222222,50,50.5882352941176,50.625,50,50.2564102564103,43.5714285714286,57.1428571428571,50,50.7692307692308,50.5882352941176,57.3333333333333,44,50.7692307692308,4,4,4,2,2,3,2,5,1,4,5,4,4
"R_1g6B0hrofulBQqB","HH",75,1.7,-3.74,"Individualistic",1414,1026,"HL","LL","LH","HH",10,13,10,10,15,10,5,15,"HH-LL","Random","","HH","LL","LH","HL","Random","",70,73,73,15,15,14,14,20,15,15,13,13,25,15,15,14,"Random","",250,6,200,26,170,1,80,81,190,6,70,71,100,31,80,6,73,3,6,60,"Random","","strongly disagree","strongly agree","disagree somewhat","agree somewhat","agree somewhat","strongly disagree","disagree somewhat","agree somewhat","strongly disagree","neither agree
nor disagree","agree somewhat","Male",18,"United States of America","High school graduate (high school diploma or equivalent including GED)",4,4,4,93.3333333333333,97.3333333333333,97.3333333333333,20,60,18.6666666666667,56,26.6666666666667,20,60,17.3333333333333,52,100,60,60,56,98.0392156862745,88.8888888888889,11.5555555555556,100,0.588235294117647,50,50.625,97.4358974358974,50,50.7142857142857,76.9230769230769,23.8461538461538,94.1176470588235,97.3333333333333,4,9.23076923076923,1,5,2,4,4,1,2,4,1,3,4,1,5
"R_2WwApCPqRqmF8TF","HH",75,1.7,18.43,"Individualistic",1302,1156,"HH","HL","LH","LL",40,30,20,30,40,30,10,15,"HH-LL","Random","","HH","HL","LH","LL","Similarity","",30,30,30,20,15,20,15,20,20,15,20,15,15,15,15,15,"Random","",6,250,220,6,51,120,150,11,16,180,11,130,11,120,45,41,37,39,56,10,"Random","","strongly disagree","neither agree
nor disagree","strongly disagree","neither agree
nor disagree","neither agree
nor disagree","strongly disagree","strongly disagree","neither agree
nor disagree","neither agree
nor disagree","strongly agree","strongly agree","Male",22,"United States of America","High school graduate (high school diploma or equivalent including GED)",4,4,4,40,40,40,26.6666666666667,60,26.6666666666667,60,26.6666666666667,26.6666666666667,60,26.6666666666667,60,60,60,60,60,2.35294117647059,97.7777777777778,2.66666666666667,30,70.5882352941177,93.75,6.875,8.2051282051282,7.85714285714286,92.8571428571429,8.46153846153846,92.3076923076923,52.9411764705882,49.3333333333333,52,86.1538461538462,1,3,1,3,3,1,1,3,3,5,5,1,3
"R_daNfBOzU1X6Ezcd","HH",75,1.7,28.19,"Prosocial",1352,1145,"HH","LH","HL","LL",15,30,15,10,10,15,12,15,"HH-LL","Welfare","","HH","LH","HL","LL","Welfare","",30,40,20,35,25,40,15,30,25,10,25,10,25,20,15,10,"Welfare","",128,128,113,113,87,84,82,79,98,98,70,71,67,64,43,43,38,38,33,33,"Welfare","","disagree somewhat","neither agree
nor disagree","strongly disagree","disagree somewhat","agree somewhat","agree somewhat","agree somewhat","strongly agree","neither agree
nor disagree","agree somewhat","disagree somewhat","Male",43,"United States of America","Associate degree in college (2-year)",5,6,4,40,53.3333333333333,26.6666666666667,46.6666666666667,100,53.3333333333333,60,40,33.3333333333333,40,33.3333333333333,40,100,80,60,40,50.1960784313725,50.2222222222222,50.2222222222222,51.1764705882353,49.4117647058824,51.25,49.375,50.2564102564103,50,50.7142857142857,51.5384615384615,49.2307692307692,50.5882352941176,50.6666666666667,50.6666666666667,50.7692307692308,2,3,1,2,4,4,4,5,3,4,2,2,3
"R_2w1aP4TsAL8PSms","HH",75,1.7,8.62,"Individualistic",1431,1075,"HH","LL","LH","HL",20,10,20,20,10,10,20,10,"HL-LH","Random","","LH","LL","HH","HL","Random","",20,30,30,40,10,20,10,20,20,10,10,20,10,20,10,10,"Random","",113,143,113,113,90,81,100,61,98,98,121,20,80,51,43,43,33,43,43,23,"Random","","neither agree
nor disagree","agree somewhat","neither agree
nor disagree","neither agree
nor disagree","agree somewhat","agree somewhat","neither agree
nor disagree","strongly agree","agree somewhat","agree somewhat","neither agree
nor disagree","Male",47,"United States of America","High school graduate (high school diploma or equivalent including GED)",4,4,4,26.6666666666667,40,40,53.3333333333333,40,26.6666666666667,40,26.6666666666667,26.6666666666667,40,13.3333333333333,80,40,80,40,40,44.3137254901961,50.2222222222222,50.2222222222222,52.9411764705882,47.6470588235294,62.5,38.125,50.2564102564103,86.4285714285714,14.2857142857143,61.5384615384615,39.2307692307692,50.5882352941176,44,57.3333333333333,66.1538461538461,3,4,3,3,4,4,3,5,4,4,3,3,4
"R_8fiKCmrYFv9Y6KR","HH",75,1.7,45,"Prosocial",1247,1297,"HH","LH","HL","LL",75,45,50,30,75,30,20,5,"HH-LL","Welfare","","LL","HL","LH","HH","Welfare","",75,75,75,75,25,75,25,0,60,25,50,25,25,25,25,0,"Welfare","",128,128,113,113,85,86,80,81,98,98,70,71,65,66,43,43,38,38,33,33,"Similarity","","disagree somewhat","agree somewhat","strongly disagree","neither agree
nor disagree","neither agree
nor disagree","agree somewhat","agree somewhat","strongly agree","neither agree
nor disagree","strongly agree","agree somewhat","Male",25,"United States of America","Bachelor's degree in college (4-year)",3,2,2,100,100,100,100,100,100,100,0,80,100,66.6666666666667,100,100,100,100,0,50.1960784313725,50.2222222222222,50.2222222222222,50,50.5882352941176,50,50.625,50.2564102564103,50,50.7142857142857,50,50.7692307692308,50.5882352941176,50.6666666666667,50.6666666666667,50.7692307692308,2,4,1,3,3,4,4,5,3,5,4,2,4
"R_8wccPS1yclllMYN","HH",75,1.7,38.44,"Prosocial",1276,1234,"HH","HL","LH","LL",20,10,20,10,10,10,5,5,"HL-LH","Inequality","","HH","HL","LH","LL","Similarity","",10,10,7,10,7,10,5,7,7,7,7,5,7,7,5,5,"Inequality","",128,128,113,113,86,85,111,50,98,98,91,50,81,50,43,43,43,33,33,33,"Inequality","","disagree somewhat","agree somewhat","disagree somewhat","disagree somewhat","agree somewhat","disagree somewhat","agree somewhat","strongly agree","agree somewhat","strongly agree","strongly agree","Female",30,"United States of America","Some college but no degree",3,1,3,13.3333333333333,13.3333333333333,9.33333333333333,13.3333333333333,28,13.3333333333333,20,9.33333333333333,9.33333333333333,28,9.33333333333333,20,28,28,20,20,50.1960784313725,50.2222222222222,50.2222222222222,50.5882352941176,50,69.375,31.25,50.2564102564103,65,35.7142857142857,62.3076923076923,38.4615384615385,50.5882352941176,57.3333333333333,44,50.7692307692308,2,4,2,2,4,2,4,5,4,5,5,2,4
"R_R2gnvL9OPLiQwrn","HH",75,1.7,34.88,"Prosocial",1293,1215,"HH","HL","LH","LL",30,30,25,20,20,20,10,10,"HL-LH","Inequality","","LL","LH","HL","HH","Inequality","",30,30,30,30,15,30,15,30,35,15,35,15,15,15,15,15,"Random","",128,128,116,110,100,71,100,61,98,98,84,57,80,51,43,43,40,36,33,33,"Other","Mix of maximal benefit and inequality","strongly disagree","agree somewhat","strongly agree","strongly disagree","agree somewhat","neither agree
nor disagree","disagree somewhat","agree somewhat","agree somewhat","strongly agree","strongly agree","Male",32,"United States of America","Associate degree in college (2-year)",2,3,2,40,40,40,40,60,40,60,40,46.6666666666667,60,46.6666666666667,60,60,60,60,60,50.1960784313725,51.5555555555556,48.8888888888889,58.8235294117647,41.7647058823529,62.5,38.125,50.2564102564103,60,40.7142857142857,61.5384615384615,39.2307692307692,50.5882352941176,53.3333333333333,48,50.7692307692308,1,4,5,1,4,3,2,4,4,5,5,1,4
"R_2uNzwTcTCI29kYw","HH",75,1.7,34.88,"Prosocial",1288,1225,"HH","HL","LH","LL",30,30,10,10,15,15,5,10,"HL-LH","Inequality","","LL","LH","HL","HH","Inequality","",30,30,30,30,5,30,5,30,30,5,30,5,5,5,5,5,"Inequality","",128,128,113,113,51,120,61,100,98,98,41,100,41,90,43,43,38,38,33,33,"Inequality","","disagree somewhat","strongly agree","agree somewhat","disagree somewhat","neither agree
nor disagree","strongly disagree","strongly disagree","strongly agree","strongly disagree","strongly agree","strongly agree","Female",35,"United States of America","Bachelor's degree in college (4-year)",2,1,6,40,40,40,40,20,40,20,40,40,20,40,20,20,20,20,20,50.1960784313725,50.2222222222222,50.2222222222222,30,70.5882352941177,38.125,62.5,50.2564102564103,29.2857142857143,71.4285714285714,31.5384615384615,69.2307692307692,50.5882352941176,50.6666666666667,50.6666666666667,50.7692307692308,2,5,4,2,3,1,1,5,1,5,5,2,5
"R_1jOBXEdMt2vTvfI","HH",75,1.7,45,"Prosocial",1262,1282,"HH","LH","HL","LL",50,50,40,40,40,40,12,12,"HL-LH","Inequality","","LL","LH","HL","HH","Inequality","",40,40,40,40,12,40,12,40,40,12,40,12,12,12,12,12,"Inequality","",128,128,98,128,128,43,128,33,98,98,98,43,98,33,43,43,33,43,33,33,"Welfare","","agree somewhat","disagree somewhat","strongly agree","disagree somewhat","neither agree
nor disagree","agree somewhat","agree somewhat","agree somewhat","disagree somewhat","neither agree
nor disagree","disagree somewhat","Male",39,"United States of America","Bachelor's degree in college (4-year)",6,6,3,53.3333333333333,53.3333333333333,53.3333333333333,53.3333333333333,48,53.3333333333333,48,53.3333333333333,53.3333333333333,48,53.3333333333333,48,48,48,48,48,50.1960784313725,43.5555555555556,56.8888888888889,75.2941176470588,25.2941176470588,80,20.625,50.2564102564103,70,30.7142857142857,75.3846153846154,25.3846153846154,50.5882352941176,44,57.3333333333333,50.7692307692308,4,2,5,2,3,4,4,4,2,3,2,4,2
"R_QnyNV86i3kZJNcJ","HH",75,1.7,20.69,"Individualistic",1362,1177,"LL","LH","HH","HL",15,12,25,25,10,10,5,10,"HL-LH","Other","If I had more money than the other person, I wanted their multiplier to be higher than mine if possible","LH","HH","LL","HL","Random","",45,35,45,45,15,25,15,20,30,15,30,10,12,8,10,10,"Inequality","",128,128,110,116,84,87,76,85,98,98,72,69,65,66,43,43,34,42,33,33,"Inequality","","strongly disagree","agree somewhat","strongly agree","neither agree
nor disagree","strongly agree","agree somewhat","strongly agree","strongly agree","neither agree
nor disagree","strongly agree","agree somewhat","Female",32,"United States of America","Associate degree in college (2-year)",4,2,5,60,46.6666666666667,60,60,60,33.3333333333333,60,26.6666666666667,40,60,40,40,48,32,40,40,50.1960784313725,48.8888888888889,51.5555555555556,49.4117647058824,51.1764705882353,47.5,53.125,50.2564102564103,51.4285714285714,49.2857142857143,50,50.7692307692308,50.5882352941176,45.3333333333333,56,50.7692307692308,1,4,5,3,5,4,5,5,3,5,4,1,4
"R_3j70zuaMDTknnXg","HH",75,1.7,21.04,"Individualistic",1326,1136,"HH","HL","LH","LL",10,10,10,10,10,10,10,10,"HH-LL","Similarity","","LH","HH","LL","HL","Welfare","",20,20,20,20,10,20,10,20,20,10,20,10,15,10,10,10,"Random","",128,128,113,113,85.5,85.5,80.5,80.5,98,98,70.5,70.5,65.5,65.5,43,43,38,38,33,33,"Similarity","","strongly agree","agree somewhat","neither agree
nor disagree","neither agree
nor disagree","neither agree
nor disagree","strongly agree","strongly agree","neither agree
nor disagree","neither agree
nor disagree","agree somewhat","agree somewhat","Male",48,"United States of America","Bachelor's degree in college (4-year)",4,4,4,26.6666666666667,26.6666666666667,26.6666666666667,26.6666666666667,40,26.6666666666667,40,26.6666666666667,26.6666666666667,40,26.6666666666667,40,60,40,40,40,50.1960784313725,50.2222222222222,50.2222222222222,50.2941176470588,50.2941176470588,50.3125,50.3125,50.2564102564103,50.3571428571429,50.3571428571429,50.3846153846154,50.3846153846154,50.5882352941176,50.6666666666667,50.6666666666667,50.7692307692308,5,4,3,3,3,5,5,3,3,4,4,5,4
"R_2VOzuV762oTD1iE","HH",75,1.7,37.48,"Prosocial",1286,1231,"HH","LH","HL","LL",10,15,15,15,10,10,10,15,"HL-LH","Welfare","","LL","HH","LH","HL","Inequality","",10,15,15,15,15,15,10,15,15,10,20,20,10,10,10,10,"Welfare","",128,128,113,113,81,90,70,91,98,98,51,90,51,80,43,43,38,38,33,33,"Similarity","","strongly disagree","strongly disagree","strongly disagree","disagree somewhat","neither agree
nor disagree","disagree somewhat","strongly agree","neither agree
nor disagree","agree somewhat","agree somewhat","neither agree
nor disagree","Female",49,"United States of America","High school graduate (high school diploma or equivalent including GED)",4,4,4,13.3333333333333,20,20,20,60,20,40,20,20,40,26.6666666666667,80,40,40,40,40,50.1960784313725,50.2222222222222,50.2222222222222,47.6470588235294,52.9411764705882,43.75,56.875,50.2564102564103,36.4285714285714,64.2857142857143,39.2307692307692,61.5384615384615,50.5882352941176,50.6666666666667,50.6666666666667,50.7692307692308,1,1,1,2,3,2,5,3,4,4,3,1,1
"R_3kB3JvbL5BtfguP","HH",75,1.7,7.82,"Individualistic",1455,1075,"HH","LH","HL","LL",10,10,10,10,10,15,10,10,"HL-LH","Welfare","","LL","LH","HL","HH","Inequality","",15,15,15,15,10,15,10,15,10,10,15,10,10,10,10,10,"Welfare","",128,128,113,113,85.5,85.5,80.5,80.5,98,98,70.5,70.5,65.5,65.5,43,43,38,38,33,33,"Welfare","","strongly disagree","agree somewhat","strongly disagree","strongly disagree","strongly disagree","strongly disagree","strongly disagree","strongly agree","strongly disagree","strongly agree","strongly agree","Female",33,"United States of America","Bachelor's degree in college (4-year)",1,1,7,20,20,20,20,40,20,40,20,13.3333333333333,40,20,40,40,40,40,40,50.1960784313725,50.2222222222222,50.2222222222222,50.2941176470588,50.2941176470588,50.3125,50.3125,50.2564102564103,50.3571428571429,50.3571428571429,50.3846153846154,50.3846153846154,50.5882352941176,50.6666666666667,50.6666666666667,50.7692307692308,1,4,1,1,1,1,1,5,1,5,5,1,4
"R_2AKZa6HT9r2ZOa8","HH",75,1.7,37.09,"Prosocial",1390,1210,"HH","HL","LH","LL",20,15,15,10,20,15,15,10,"HH-LL","Random","","HH","LL","LH","HL","Random","",20,20,20,10,10,20,10,10,10,10,15,10,10,10,10,10,"Random","",128,128,226,0,171,0,161,0,100,96,66,75,65,66,40,46,76,0,33,33,"Random","","disagree somewhat","neither agree
nor disagree","disagree somewhat","neither agree
nor disagree","neither agree
nor disagree","neither agree
nor disagree","neither agree
nor disagree","neither agree
nor disagree","neither agree
nor disagree","agree somewhat","agree somewhat","Male",49,"United States of America","High school graduate (high school diploma or equivalent including GED)",4,4,4,26.6666666666667,26.6666666666667,26.6666666666667,13.3333333333333,40,26.6666666666667,40,13.3333333333333,13.3333333333333,40,20,40,40,40,40,40,50.1960784313725,100.444444444444,0,100.588235294118,0,100.625,0,51.2820512820513,47.1428571428571,53.5714285714286,50,50.7692307692308,47.0588235294118,101.333333333333,0,50.7692307692308,2,3,2,3,3,3,3,3,3,4,4,2,3
"R_3qPXraYzZbdXlbI","HH",75,1.7,34.88,"Prosocial",1333,1213,"HH","HL","LH","LL",40,40,30,20,40,45,10,10,"HL-LH","Inequality","","HH","LL","HL","LH","Inequality","",75,45,40,40,10,40,10,75,40,10,40,10,10,10,10,10,"Inequality","",128,128,120,106,101,70,100,61,98,98,100,41,90,41,43,43,40,36,33,33,"Inequality","","strongly disagree","strongly agree","strongly disagree","neither agree
nor disagree","strongly agree","strongly disagree","strongly disagree","strongly agree","strongly agree","strongly agree","strongly agree","Male",27,"United States of America","Bachelor's degree in college (4-year)",3,3,7,100,60,53.3333333333333,53.3333333333333,40,53.3333333333333,40,100,53.3333333333333,40,53.3333333333333,40,40,40,40,40,50.1960784313725,53.3333333333333,47.1111111111111,59.4117647058824,41.1764705882353,62.5,38.125,50.2564102564103,71.4285714285714,29.2857142857143,69.2307692307692,31.5384615384615,50.5882352941176,53.3333333333333,48,50.7692307692308,1,5,1,3,5,1,1,5,5,5,5,1,5
"R_3RgRmuxuWBxgRWp","HH",75,1.7,45,"Prosocial",1283,1273,"HH","HL","LH","LL",50,50,50,50,25,25,5,5,"HL-LH","Inequality","","HH","HL","LH","LL","Inequality","",50,50,50,50,15,50,10,50,50,15,50,10,15,15,10,10,"Similarity","",128,128,112,114,85,86,80,81,98,98,70,71,65,66,43,43,38,38,33,33,"Similarity","","disagree somewhat","agree somewhat","strongly agree","neither agree
nor disagree","strongly agree","neither agree
nor disagree","agree somewhat","strongly agree","neither agree
nor disagree","strongly agree","strongly agree","Male",23,"United States of America","Some college but no degree",1,1,7,66.6666666666667,66.6666666666667,66.6666666666667,66.6666666666667,60,66.6666666666667,40,66.6666666666667,66.6666666666667,60,66.6666666666667,40,60,60,40,40,50.1960784313725,49.7777777777778,50.6666666666667,50,50.5882352941176,50,50.625,50.2564102564103,50,50.7142857142857,50,50.7692307692308,50.5882352941176,50.6666666666667,50.6666666666667,50.7692307692308,2,4,5,3,5,3,4,5,3,5,5,2,4
"R_PRkFzAmeRf6Ytd7","HH",75,1.7,34.88,"Prosocial",1298,1218,"HH","LH","HL","LL",35,45,40,50,30,40,15,10,"HL-LH","Inequality","","LH","LL","HH","HL","Inequality","",55,50,55,50,15,55,15,50,50,15,60,15,15,10,15,15,"Inequality","",128,128,113,113,101,70,91,70,98,98,70,71,66,65,43,43,39,37,33,33,"Inequality","","neither agree
nor disagree","disagree somewhat","agree somewhat","disagree somewhat","agree somewhat","agree somewhat","strongly agree","agree somewhat","disagree somewhat","agree somewhat","neither agree
nor disagree","Female",33,"United States of America","Master's degree",4,4,4,73.3333333333333,66.6666666666667,73.3333333333333,66.6666666666667,60,73.3333333333333,60,66.6666666666667,66.6666666666667,60,80,60,60,40,60,60,50.1960784313725,50.2222222222222,50.2222222222222,59.4117647058824,41.1764705882353,56.875,43.75,50.2564102564103,50,50.7142857142857,50.7692307692308,50,50.5882352941176,52,49.3333333333333,50.7692307692308,3,2,4,2,4,4,5,4,2,4,3,3,2
"R_2uDnnqCeYX0ofai","HH",75,1.7,7.82,"Individualistic",1455,1075,"HH","HL","LH","LL",75,75,75,75,50,50,20,15,"HH-LL","Similarity","","LH","HL","LL","HH","Welfare","",75,75,60,75,25,75,15,75,60,25,75,15,25,25,15,25,"Welfare","",128,128,113,113,76,95,61,100,98,98,60,81,31,100,43,43,38,38,33,33,"Inequality","","neither agree
nor disagree","agree somewhat","agree somewhat","disagree somewhat","neither agree
nor disagree","neither agree
nor disagree","disagree somewhat","agree somewhat","disagree somewhat","strongly agree","strongly agree","Female",32,"United States of America","Bachelor's degree in college (4-year)",3,3,4,100,100,80,100,100,100,60,100,80,100,100,60,100,100,60,100,50.1960784313725,50.2222222222222,50.2222222222222,44.7058823529412,55.8823529411765,38.125,62.5,50.2564102564103,42.8571428571429,57.8571428571429,23.8461538461538,76.9230769230769,50.5882352941176,50.6666666666667,50.6666666666667,50.7692307692308,3,4,4,2,3,3,2,4,2,5,5,3,4
"R_8kzWGMnUfD0Dvyx","HH",75,1.7,4.88,"Individualistic",1446,1061,"HH","LH","HL","LL",25,20,15,20,20,20,10,10,"HH-LL","Welfare","","HH","HL","LL","LH","Welfare","",20,20,20,20,10,20,10,15,10,10,20,10,10,10,12,10,"Similarity","",128,128,113,113,100,71,81,80,98,98,76,65,66,65,43,43,38,38,33,33,"Inequality","","agree somewhat","agree somewhat","agree somewhat","neither agree
nor disagree","agree somewhat","disagree somewhat","agree somewhat","agree somewhat","neither agree
nor disagree","neither agree
nor disagree","neither agree
nor disagree","Female",43,"United States of America","Associate degree in college (2-year)",4,4,4,26.6666666666667,26.6666666666667,26.6666666666667,26.6666666666667,40,26.6666666666667,40,20,13.3333333333333,40,26.6666666666667,40,40,40,48,40,50.1960784313725,50.2222222222222,50.2222222222222,58.8235294117647,41.7647058823529,50.625,50,50.2564102564103,54.2857142857143,46.4285714285714,50.7692307692308,50,50.5882352941176,50.6666666666667,50.6666666666667,50.7692307692308,4,4,4,3,4,2,4,4,3,3,3,4,4
"R_bypk3l14JH86KeR","HH",75,1.7,7.82,"Individualistic",1455,1075,"HH","HL","LH","LL",20,20,20,20,30,20,20,10,"HH-LL","Similarity","","HH","HL","LL","LH","Welfare","",30,20,24,10,10,20,10,35,20,15,20,15,10,10,10,15,"Welfare","",128,128,113,113,85.5,85.5,80.5,80.5,98,98,70.5,70.5,65.5,65.5,43,43,38,38,33,33,"Similarity","","strongly disagree","agree somewhat","strongly agree","strongly agree","strongly agree","agree somewhat","strongly agree","strongly agree","strongly disagree","strongly agree","strongly agree","Male",33,"United States of America","Master's degree",3,3,6,40,26.6666666666667,32,13.3333333333333,40,26.6666666666667,40,46.6666666666667,26.6666666666667,60,26.6666666666667,60,40,40,40,60,50.1960784313725,50.2222222222222,50.2222222222222,50.2941176470588,50.2941176470588,50.3125,50.3125,50.2564102564103,50.3571428571429,50.3571428571429,50.3846153846154,50.3846153846154,50.5882352941176,50.6666666666667,50.6666666666667,50.7692307692308,1,4,5,5,5,4,5,5,1,5,5,1,4
"R_xrx3HiRjZjQeLzr","HH",75,1.7,7.82,"Individualistic",1455,1075,"HH","HL","LH","LL",0,0,0,0,0,0,0,0,"HL-LH","Inequality","","HH","HL","LH","LL","Similarity","",0,0,0,0,0,0,0,0,0,0,0,0,0,0,0,0,"Similarity","",128,128,113,113,85,86,80,81,98,98,70,71,66,65,43,43,38,38,33,33,"Similarity","","strongly disagree","agree somewhat","strongly disagree","strongly disagree","strongly agree","agree somewhat","strongly agree","strongly agree","strongly agree","strongly agree","strongly agree","Female",36,"United States of America","Associate degree in college (2-year)",1,1,7,0,0,0,0,0,0,0,0,0,0,0,0,0,0,0,0,50.1960784313725,50.2222222222222,50.2222222222222,50,50.5882352941176,50,50.625,50.2564102564103,50,50.7142857142857,50.7692307692308,50,50.5882352941176,50.6666666666667,50.6666666666667,50.7692307692308,1,4,1,1,5,4,5,5,5,5,5,1,4
"R_2Ui4i8I4sfX7eRu","HH",75,1.7,16.26,"Individualistic",1407,1122,"HH","HL","LH","LL",45,40,25,15,30,30,15,15,"HL-LH","Inequality","","HH","LL","LH","HL","Welfare","",45,40,50,30,15,30,20,70,35,15,30,20,20,20,15,18,"Inequality","",128,128,113,113,85.5,85.5,80.5,80.5,98,98,70.5,70.5,65.5,65.5,43,43,38,38,33,33,"Other","because those were the rules of the game, and I didn't want anyone to lose on their bonuses if the rules suddenly changed","strongly disagree","agree somewhat","disagree somewhat","strongly disagree","strongly agree","agree somewhat","neither agree
nor disagree","strongly agree","agree somewhat","strongly agree","strongly agree","Female",25,"United States of America","Bachelor's degree in college (4-year)",2,1,4,60,53.3333333333333,66.6666666666667,40,60,40,80,93.3333333333333,46.6666666666667,60,40,80,80,80,60,72,50.1960784313725,50.2222222222222,50.2222222222222,50.2941176470588,50.2941176470588,50.3125,50.3125,50.2564102564103,50.3571428571429,50.3571428571429,50.3846153846154,50.3846153846154,50.5882352941176,50.6666666666667,50.6666666666667,50.7692307692308,1,4,2,1,5,4,3,5,4,5,5,1,4
"R_12y9QOXku7Q4e25","HH",75,1.7,19.96,"Individualistic",1261,1153,"HH","HL","LL","LH",25,25,20,15,25,10,25,25,"HH-LL","Similarity","","LH","HH","HL","LL","Welfare","",50,20,20,35,20,30,10,25,25,25,25,10,10,10,10,15,"Inequality","",128,128,128,98,128,43,33,128,98,98,98,43,33,98,43,43,33,43,33,33,"Welfare","","agree somewhat","neither agree
nor disagree","neither agree
nor disagree","agree somewhat","neither agree
nor disagree","agree somewhat","agree somewhat","neither agree
nor disagree","agree somewhat","agree somewhat","agree somewhat","Female",49,"United States of America","Professional degree (JD, MD)",6,6,4,66.6666666666667,26.6666666666667,26.6666666666667,46.6666666666667,80,40,40,33.3333333333333,33.3333333333333,100,33.3333333333333,40,40,40,40,60,50.1960784313725,56.8888888888889,43.5555555555556,75.2941176470588,25.2941176470588,20.625,80,50.2564102564103,70,30.7142857142857,25.3846153846154,75.3846153846154,50.5882352941176,44,57.3333333333333,50.7692307692308,4,3,3,4,3,4,4,3,4,4,4,4,3
"R_2feNo9hhA4FAcCF","HH",75,1.7,7.82,"Individualistic",1455,1075,"HL","LH","HH","LL",10,10,10,10,10,10,5,5,"HH-LL","Random","","HH","HL","LH","LL","Similarity","",10,10,10,10,5,10,5,10,10,5,10,5,5,5,5,5,"Similarity","",119,137,110,116,80,91,70,91,98,98,71,70,56,75,41,45,38,38,33,33,"Similarity","","strongly disagree","strongly disagree","disagree somewhat","agree somewhat","strongly disagree","disagree somewhat","strongly agree","neither agree
nor disagree","strongly disagree","strongly disagree","strongly disagree","Female",47,"United States of America","Bachelor's degree in college (4-year)",6,6,2,13.3333333333333,13.3333333333333,13.3333333333333,13.3333333333333,20,13.3333333333333,20,13.3333333333333,13.3333333333333,20,13.3333333333333,20,20,20,20,20,46.6666666666667,48.8888888888889,51.5555555555556,47.0588235294118,53.5294117647059,43.75,56.875,50.2564102564103,50.7142857142857,50,43.0769230769231,57.6923076923077,48.2352941176471,50.6666666666667,50.6666666666667,50.7692307692308,1,1,2,4,1,2,5,3,1,1,1,1,1
"R_1LYxalDPgZ65hvv","HH",75,1.7,-7.82,"Individualistic",1455,1005,"HH","HL","LL","LH",40,40,20,25,40,30,10,10,"HH-LL","Inequality","","HH","HL","LH","LL","Similarity","",40,40,45,40,10,40,10,40,40,10,40,10,10,10,15,10,"Inequality","",128,128,113,113,85.5,85.5,80.5,80.5,98,98,70.5,70.5,65.5,65.5,43,43,38,38,33,33,"Inequality","","neither agree
nor disagree","neither agree
nor disagree","neither agree
nor disagree","strongly disagree","disagree somewhat","agree somewhat","agree somewhat","agree somewhat","disagree somewhat","strongly agree","strongly agree","Male",49,"United States of America","Bachelor's degree in college (4-year)",1,1,7,53.3333333333333,53.3333333333333,60,53.3333333333333,40,53.3333333333333,40,53.3333333333333,53.3333333333333,40,53.3333333333333,40,40,40,60,40,50.1960784313725,50.2222222222222,50.2222222222222,50.2941176470588,50.2941176470588,50.3125,50.3125,50.2564102564103,50.3571428571429,50.3571428571429,50.3846153846154,50.3846153846154,50.5882352941176,50.6666666666667,50.6666666666667,50.7692307692308,3,3,3,1,2,4,4,4,2,5,5,3,3
"R_12yfZroBC5DZisu","HH",75,1.7,-7.82,"Individualistic",1455,1005,"HH","LH","HL","LL",20,25,10,30,20,15,5,10,"HL-LH","Welfare","","LL","LH","HL","HH","Inequality","",30,30,30,30,10,30,10,30,30,10,30,10,10,10,10,10,"Inequality","",128,128,113,113,85.5,85.5,80.5,80.5,98,98,70.5,70.5,65.5,65.5,43,43,38,38,33,33,"Similarity","","neither agree
nor disagree","agree somewhat","strongly agree","strongly disagree","neither agree
nor disagree","agree somewhat","strongly agree","neither agree
nor disagree","neither agree
nor disagree","strongly agree","strongly agree","Female",42,"United States of America","Bachelor's degree in college (4-year)",5,6,4,40,40,40,40,40,40,40,40,40,40,40,40,40,40,40,40,50.1960784313725,50.2222222222222,50.2222222222222,50.2941176470588,50.2941176470588,50.3125,50.3125,50.2564102564103,50.3571428571429,50.3571428571429,50.3846153846154,50.3846153846154,50.5882352941176,50.6666666666667,50.6666666666667,50.7692307692308,3,4,5,1,3,4,5,3,3,5,5,3,4
"R_2fkrpkAZxE93eSm","HH",75,1.7,5.82,"Individualistic",1378,1079,"LL","HH","HL","LH",35,45,40,45,30,45,10,10,"HH-LL","Welfare","","LL","LH","HL","HH","Welfare","",40,35,45,35,10,45,10,40,40,10,40,10,10,15,10,10,"Welfare","",128,128,150,76,100,71,100,61,86,110,95,46,80,51,43,43,43,33,33,33,"Welfare","","agree somewhat","agree somewhat","agree somewhat","strongly agree","disagree somewhat","agree somewhat","agree somewhat","agree somewhat","disagree somewhat","neither agree
nor disagree","neither agree
nor disagree","Female",34,"United States of America","Master's degree",4,4,4,53.3333333333333,46.6666666666667,60,46.6666666666667,40,60,40,53.3333333333333,53.3333333333333,40,53.3333333333333,40,40,60,40,40,50.1960784313725,66.6666666666667,33.7777777777778,58.8235294117647,41.7647058823529,62.5,38.125,44.1025641025641,67.8571428571429,32.8571428571429,61.5384615384615,39.2307692307692,50.5882352941176,57.3333333333333,44,50.7692307692308,4,4,4,5,2,4,4,4,2,3,3,4,4
"R_cAZuTLAGq19mhJn","HH",75,1.7,20.48,"Individualistic",1396,1147,"LH","HH","HL","LL",60,50,40,45,40,30,10,20,"HL-LH","Welfare","","LL","LH","HL","HH","Inequality","",75,75,75,75,25,75,25,75,75,25,75,25,25,25,25,25,"Welfare","",100,156,100,126,51,120,60,101,98,98,51,90,51,80,43,43,35,41,33,33,"Inequality","","strongly disagree","strongly agree","disagree somewhat","strongly disagree","agree somewhat","neither agree
nor disagree","strongly agree","strongly agree","strongly agree","strongly agree","strongly agree","Female",36,"United States of America","Bachelor's degree in college (4-year)",4,3,4,100,100,100,100,100,100,100,100,100,100,100,100,100,100,100,100,39.2156862745098,44.4444444444444,56,30,70.5882352941177,37.5,63.125,50.2564102564103,36.4285714285714,64.2857142857143,39.2307692307692,61.5384615384615,50.5882352941176,46.6666666666667,54.6666666666667,50.7692307692308,1,5,2,1,4,3,5,5,5,5,5,1,5
"R_3iIogLi8A6VJ4CV","HH",75,1.7,16.26,"Individualistic",1375,1195,"LL","LH","HL","HH",3,5,5,3,2,1,3,3,"HL-LH","Random","","HH","HL","LL","LH","Random","",3,3,5,5,3,10,25,10,5,10,15,10,2,10,5,4,"Random","",128,128,113,113,85.5,85.5,80.5,80.5,98,98,70.5,70.5,65.5,65.5,43,43,38,38,33,33,"Welfare","","strongly disagree","strongly disagree","neither agree
nor disagree","strongly disagree","strongly disagree","strongly disagree","agree somewhat","strongly agree","strongly disagree","agree somewhat","neither agree
nor disagree","Female",34,"United States of America","Bachelor's degree in college (4-year)",6,6,4,4,4,6.66666666666667,6.66666666666667,12,13.3333333333333,100,13.3333333333333,6.66666666666667,40,20,40,8,40,20,16,50.1960784313725,50.2222222222222,50.2222222222222,50.2941176470588,50.2941176470588,50.3125,50.3125,50.2564102564103,50.3571428571429,50.3571428571429,50.3846153846154,50.3846153846154,50.5882352941176,50.6666666666667,50.6666666666667,50.7692307692308,1,1,3,1,1,1,4,5,1,4,3,1,1
"R_3NIDGxPCCLVPU6q","HH",75,1.7,29.8,"Prosocial",1252,1190,"HH","HL","LH","LL",30,30,30,25,25,25,10,15,"HL-LH","Inequality","","LL","LH","HL","HH","Inequality","",40,35,30,30,15,35,10,30,30,15,30,15,15,10,10,10,"Inequality","",116,140,126,100,110,61,120,41,98,98,71,70,80,51,43,43,46,30,33,33,"Inequality","","strongly disagree","neither agree
nor disagree","strongly disagree","strongly disagree","strongly disagree","strongly disagree","strongly disagree","agree somewhat","strongly disagree","disagree somewhat","agree somewhat","Female",43,"United States of America","Bachelor's degree in college (4-year)",7,7,1,53.3333333333333,46.6666666666667,40,40,60,46.6666666666667,40,40,40,60,40,60,60,40,40,40,45.4901960784314,56,44.4444444444444,64.7058823529412,35.8823529411765,75,25.625,50.2564102564103,50.7142857142857,50,61.5384615384615,39.2307692307692,50.5882352941176,61.3333333333333,40,50.7692307692308,1,3,1,1,1,1,1,4,1,2,4,1,3
"R_28NvB38W7tPP3Cm","HH",75,1.7,7.82,"Individualistic",1455,1075,"HH","HL","LH","LL",25,25,25,25,25,25,10,10,"HL-LH","Welfare","","HH","HL","LH","LL","Welfare","",25,25,25,25,15,25,15,25,25,15,25,15,15,15,15,15,"Welfare","",128,128,113,113,86,85,80,81,98,98,71,70,66,65,43,43,38,38,33,33,"Similarity","","strongly agree","agree somewhat","agree somewhat","agree somewhat","strongly disagree","strongly agree","strongly agree","strongly disagree","strongly disagree","neither agree
nor disagree","neither agree
nor disagree","Male",32,"United States of America","Master's degree",2,2,6,33.3333333333333,33.3333333333333,33.3333333333333,33.3333333333333,60,33.3333333333333,60,33.3333333333333,33.3333333333333,60,33.3333333333333,60,60,60,60,60,50.1960784313725,50.2222222222222,50.2222222222222,50.5882352941176,50,50,50.625,50.2564102564103,50.7142857142857,50,50.7692307692308,50,50.5882352941176,50.6666666666667,50.6666666666667,50.7692307692308,5,4,4,4,1,5,5,1,1,3,3,5,4
"R_vv42PJFpNXO3O5r","HH",75,1.7,37.48,"Prosocial",1281,1233,"HH","HL","LH","LL",75,75,30,30,75,75,15,15,"HL-LH","Similarity","","LL","LH","HL","HH","Inequality","",75,75,75,30,15,75,15,75,30,15,30,15,25,15,15,25,"Inequality","",128,128,113,113,85.5,85.5,80.5,80.5,98,98,70.5,70.5,65.5,65.5,43,43,38,38,33,33,"Inequality","","disagree somewhat","agree somewhat","strongly agree","neither agree
nor disagree","neither agree
nor disagree","disagree somewhat","neither agree
nor disagree","strongly agree","neither agree
nor disagree","agree somewhat","agree somewhat","Male",32,"United States of America","Some college but no degree",2,2,6,100,100,100,40,60,100,60,100,40,60,40,60,100,60,60,100,50.1960784313725,50.2222222222222,50.2222222222222,50.2941176470588,50.2941176470588,50.3125,50.3125,50.2564102564103,50.3571428571429,50.3571428571429,50.3846153846154,50.3846153846154,50.5882352941176,50.6666666666667,50.6666666666667,50.7692307692308,2,4,5,3,3,2,3,5,3,4,4,2,4
"R_1ClrZ2sdMSFBads","HH",75,1.7,-9.93,"Individualistic",1348,1075,"HL","HH","LH","LL",10,10,20,20,10,15,10,20,"HH-LL","Welfare","","LL","HH","HL","LH","Welfare","",30,25,20,20,10,25,10,10,10,10,15,10,10,10,10,10,"Welfare","",128,128,150,76,105,66,92,69,98,98,73,68,66,65,43,43,38,38,33,33,"Welfare","","strongly disagree","strongly disagree","strongly disagree","strongly disagree","disagree somewhat","strongly disagree","disagree somewhat","strongly disagree","strongly disagree","strongly disagree","agree somewhat","Female",49,"United States of America","Master's degree",4,5,5,40,33.3333333333333,26.6666666666667,26.6666666666667,40,33.3333333333333,40,13.3333333333333,13.3333333333333,40,20,40,40,40,40,40,50.1960784313725,66.6666666666667,33.7777777777778,61.7647058823529,38.8235294117647,57.5,43.125,50.2564102564103,52.1428571428571,48.5714285714286,50.7692307692308,50,50.5882352941176,50.6666666666667,50.6666666666667,50.7692307692308,1,1,1,1,2,1,2,1,1,1,4,1,1
"R_6Q2vzjyGVyOozrb","HH",75,1.7,7.82,"Individualistic",1455,1075,"HH","LH","HL","LL",20,20,20,20,20,15,10,10,"HH-LL","Welfare","","LL","HH","HL","LH","Inequality","",75,30,20,30,25,30,25,75,20,25,20,25,25,25,25,25,"Welfare","",128,128,120,106,120,51,100,61,98,98,100,41,90,41,43,43,46,30,33,33,"Welfare","","strongly disagree","strongly agree","strongly disagree","neither agree
nor disagree","agree somewhat","strongly disagree","agree somewhat","strongly agree","neither agree
nor disagree","strongly agree","strongly agree","Female",33,"United States of America","High school graduate (high school diploma or equivalent including GED)",1,1,7,100,40,26.6666666666667,40,100,40,100,100,26.6666666666667,100,26.6666666666667,100,100,100,100,100,50.1960784313725,53.3333333333333,47.1111111111111,70.5882352941177,30,62.5,38.125,50.2564102564103,71.4285714285714,29.2857142857143,69.2307692307692,31.5384615384615,50.5882352941176,61.3333333333333,40,50.7692307692308,1,5,1,3,4,1,4,5,3,5,5,1,5
"R_1yIhUzY2u1HQA6d","HH",75,1.7,26.98,"Prosocial",1389,1150,"HH","LH","HL","LL",20,25,25,20,20,20,10,10,"HL-LH","Welfare","","HH","HL","LL","LH","Similarity","",30,20,15,10,5,30,10,25,15,5,20,10,5,10,10,10,"Welfare","",128,128,113,113,100,71,81,80,98,98,71,70,66,65,43,43,38,38,33,33,"Welfare","","strongly disagree","neither agree
nor disagree","disagree somewhat","neither agree
nor disagree","strongly disagree","disagree somewhat","agree somewhat","neither agree
nor disagree","strongly disagree","neither agree
nor disagree","neither agree
nor disagree","Female",49,"United States of America","Bachelor's degree in college (4-year)",2,6,6,40,26.6666666666667,20,13.3333333333333,20,40,40,33.3333333333333,20,20,26.6666666666667,40,20,40,40,40,50.1960784313725,50.2222222222222,50.2222222222222,58.8235294117647,41.7647058823529,50.625,50,50.2564102564103,50.7142857142857,50,50.7692307692308,50,50.5882352941176,50.6666666666667,50.6666666666667,50.7692307692308,1,3,2,3,1,2,4,3,1,3,3,1,3
"R_20ZsnTcPDX9i3SD","HH",75,1.7,45,"Prosocial",1252,1282,"HH","HL","LH","LL",20,20,10,10,20,20,10,10,"HL-LH","Welfare","","LL","LH","HL","HH","Inequality","",30,30,30,30,10,30,10,30,30,10,30,10,12,10,10,5,"Welfare","",128,128,113,113,85,86,80,81,98,98,70,71,65,66,43,43,38,38,33,33,"Similarity","","agree somewhat","agree somewhat","neither agree
nor disagree","agree somewhat","neither agree
nor disagree","neither agree
nor disagree","neither agree
nor disagree","neither agree
nor disagree","neither agree
nor disagree","agree somewhat","agree somewhat","Female",26,"United States of America","Bachelor's degree in college (4-year)",2,2,6,40,40,40,40,40,40,40,40,40,40,40,40,48,40,40,20,50.1960784313725,50.2222222222222,50.2222222222222,50,50.5882352941176,50,50.625,50.2564102564103,50,50.7142857142857,50,50.7692307692308,50.5882352941176,50.6666666666667,50.6666666666667,50.7692307692308,4,4,3,4,3,3,3,3,3,4,4,4,4
"R_AvwhyCv3v0CQs4p","HL",75,1.3,34.88,"Prosocial",1308,1208,"HH","HL","LH","LL",15,15,5,5,15,15,5,5,"HH-LL","Welfare","","HH","HL","LH","LL","Similarity","",25,25,25,25,5,25,5,20,20,5,25,5,5,5,5,5,"Welfare","",128,128,126,100,120,51,110,51,98,98,80,61,85,46,43,43,40,36,33,33,"Welfare","","agree somewhat","strongly agree","neither agree
nor disagree","strongly disagree","agree somewhat","strongly agree","strongly agree","agree somewhat","neither agree
nor disagree","strongly agree","agree somewhat","Male",20,"United Kingdom of Great Britain and Northern Ireland","Master's degree",4,4,4,33.3333333333333,33.3333333333333,33.3333333333333,33.3333333333333,20,33.3333333333333,20,26.6666666666667,26.6666666666667,20,33.3333333333333,20,20,20,20,20,50.1960784313725,56,44.4444444444444,70.5882352941177,30,68.75,31.875,50.2564102564103,57.1428571428571,43.5714285714286,65.3846153846154,35.3846153846154,50.5882352941176,53.3333333333333,48,50.7692307692308,4,5,3,1,4,5,5,4,3,5,4,4,5
"R_3qUrCmWQFVwahT3","HL",75,1.3,24.2,"Prosocial",1407,1162,"HH","HL","LH","LL",20,20,10,10,50,35,15,10,"HH-LL","Welfare","","HL","HH","LL","LH","Inequality","",60,60,25,60,20,60,20,60,35,20,15,15,20,20,15,15,"Inequality","",128,128,126,100,100,71,100,61,98,98,71,70,70,61,43,43,40,36,33,33,"Inequality","","strongly disagree","agree somewhat","agree somewhat","agree somewhat","neither agree
nor disagree","strongly agree","strongly agree","strongly agree","agree somewhat","agree somewhat","strongly agree","Male",31,"United Kingdom of Great Britain and Northern Ireland","Some college but no degree",2,2,3,80,80,33.3333333333333,80,80,80,80,80,46.6666666666667,80,20,60,80,80,60,60,50.1960784313725,56,44.4444444444444,58.8235294117647,41.7647058823529,62.5,38.125,50.2564102564103,50.7142857142857,50,53.8461538461538,46.9230769230769,50.5882352941176,53.3333333333333,48,50.7692307692308,1,4,4,4,3,5,5,5,4,4,5,1,4
"R_1q3XOPgiYeqFUaO","HL",75,1.3,14.2,"Individualistic",1384,1129,"HH","HL","LH","LL",35,35,25,10,35,35,10,5,"HL-LH","Inequality","","LL","LH","HL","HH","Inequality","",50,40,35,40,15,30,15,35,30,15,30,20,20,20,20,20,"Welfare","",128,128,116,110,96,75,111,50,98,98,98,43,98,33,43,43,43,33,33,33,"Inequality","","strongly disagree","disagree somewhat","strongly disagree","strongly disagree","agree somewhat","disagree somewhat","agree somewhat","strongly agree","agree somewhat","strongly agree","strongly agree","Female",25,"United Kingdom of Great Britain and Northern Ireland","Bachelor's degree in college (4-year)",2,2,2,66.6666666666667,53.3333333333333,46.6666666666667,53.3333333333333,60,40,60,46.6666666666667,40,60,40,80,80,80,80,80,50.1960784313725,51.5555555555556,48.8888888888889,56.4705882352941,44.1176470588235,69.375,31.25,50.2564102564103,70,30.7142857142857,75.3846153846154,25.3846153846154,50.5882352941176,57.3333333333333,44,50.7692307692308,1,2,1,1,4,2,4,5,4,5,5,1,2
"R_2az7iTbd0YFWY9U","HL",75,1.3,34.88,"Prosocial",1288,1225,"HH","HL","LH","LL",50,75,50,25,25,50,10,10,"HL-LH","Inequality","","HH","HL","LH","LL","Similarity","",75,75,75,75,25,75,25,75,75,25,75,25,25,25,25,25,"Welfare","",128,128,113,113,86,85,86,75,98,98,71,70,75,56,43,43,38,38,33,33,"Similarity","","disagree somewhat","strongly agree","disagree somewhat","disagree somewhat","disagree somewhat","disagree somewhat","disagree somewhat","agree somewhat","neither agree
nor disagree","agree somewhat","agree somewhat","Female",44,"United Kingdom of Great Britain and Northern Ireland","Bachelor's degree in college (4-year)",3,3,5,100,100,100,100,100,100,100,100,100,100,100,100,100,100,100,100,50.1960784313725,50.2222222222222,50.2222222222222,50.5882352941176,50,53.75,46.875,50.2564102564103,50.7142857142857,50,57.6923076923077,43.0769230769231,50.5882352941176,50.6666666666667,50.6666666666667,50.7692307692308,2,5,2,2,2,2,2,4,3,4,4,2,5
"R_AMq7PpBCHY5XA0V","HL",75,1.3,40.07,"Prosocial",1292,1252,"HH","LH","HL","LL",60,40,50,40,50,30,25,10,"HL-LH","Inequality","","LL","LH","HL","HH","Inequality","",75,75,75,75,25,75,25,75,75,25,75,25,25,25,25,25,"Welfare","",128,128,120,106,95,76,100,61,98,98,85,56,85,46,43,43,40,36,33,33,"Inequality","","strongly disagree","agree somewhat","strongly disagree","strongly disagree","agree somewhat","strongly disagree","disagree somewhat","strongly agree","disagree somewhat","strongly agree","strongly agree","Male",48,"United States of America","Master's degree",2,1,2,100,100,100,100,100,100,100,100,100,100,100,100,100,100,100,100,50.1960784313725,53.3333333333333,47.1111111111111,55.8823529411765,44.7058823529412,62.5,38.125,50.2564102564103,60.7142857142857,40,65.3846153846154,35.3846153846154,50.5882352941176,53.3333333333333,48,50.7692307692308,1,4,1,1,4,1,2,5,2,5,5,1,4
"R_bHhWYxiURFBlHRT","HL",75,1.3,29.43,"Prosocial",1356,1171,"HH","HL","LH","LL",50,50,25,10,25,30,10,10,"HL-LH","Inequality","","LL","LH","HL","HH","Inequality","",30,30,40,50,15,50,15,50,50,15,50,15,15,15,15,15,"Inequality","",128,128,125,101,51,120,125,36,98,98,95,46,90,41,43,43,39,37,33,33,"Inequality","","strongly disagree","strongly agree","strongly agree","strongly disagree","strongly agree","strongly disagree","strongly agree","strongly agree","agree somewhat","strongly agree","strongly agree","Female",21,"United States of America","Less than high school degree",3,2,4,40,40,53.3333333333333,66.6666666666667,60,66.6666666666667,60,66.6666666666667,66.6666666666667,60,66.6666666666667,60,60,60,60,60,50.1960784313725,55.5555555555556,44.8888888888889,30,70.5882352941177,78.125,22.5,50.2564102564103,67.8571428571429,32.8571428571429,69.2307692307692,31.5384615384615,50.5882352941176,52,49.3333333333333,50.7692307692308,1,5,5,1,5,1,5,5,4,5,5,1,5
"R_37O868rechZ46Ax","HL",75,1.3,37.48,"Prosocial",1286,1228,"HH","HL","LH","LL",25,25,25,25,25,25,10,10,"HL-LH","Random","","LL","LH","HL","HH","Welfare","",25,25,25,30,10,30,10,25,30,10,30,10,10,10,10,10,"Welfare","",128,128,113,113,85,86,80,81,98,98,70,71,65,66,43,43,38,38,33,33,"Similarity","","disagree somewhat","agree somewhat","neither agree
nor disagree","neither agree
nor disagree","agree somewhat","agree somewhat","neither agree
nor disagree","neither agree
nor disagree","agree somewhat","strongly agree","strongly agree","Male",23,"United States of America","High school graduate (high school diploma or equivalent including GED)",1,1,4,33.3333333333333,33.3333333333333,33.3333333333333,40,40,40,40,33.3333333333333,40,40,40,40,40,40,40,40,50.1960784313725,50.2222222222222,50.2222222222222,50,50.5882352941176,50,50.625,50.2564102564103,50,50.7142857142857,50,50.7692307692308,50.5882352941176,50.6666666666667,50.6666666666667,50.7692307692308,2,4,3,3,4,4,3,3,4,5,5,2,4
"R_1HoCdep4tT6XFGs","HL",75,1.3,34.88,"Prosocial",1291,1221,"HL","LH","HH","LL",20,35,10,10,25,35,5,5,"HL-LH","Random","","LL","LH","HL","HH","Welfare","",50,50,35,35,10,35,5,35,35,10,25,5,10,10,5,5,"Random","",128,128,128,98,128,43,128,33,98,98,98,43,98,33,43,43,33,43,33,33,"Other","The more they contribute, the more they get.","strongly disagree","agree somewhat","disagree somewhat","strongly disagree","strongly agree","disagree somewhat","disagree somewhat","strongly agree","agree somewhat","strongly agree","strongly agree","Female",22,"United States of America","Some college but no degree",4,4,4,66.6666666666667,66.6666666666667,46.6666666666667,46.6666666666667,40,46.6666666666667,20,46.6666666666667,46.6666666666667,40,33.3333333333333,20,40,40,20,20,50.1960784313725,56.8888888888889,43.5555555555556,75.2941176470588,25.2941176470588,80,20.625,50.2564102564103,70,30.7142857142857,75.3846153846154,25.3846153846154,50.5882352941176,44,57.3333333333333,50.7692307692308,1,4,2,1,5,2,2,5,4,5,5,1,4
"R_3CPhbiEGcjLNK97","HL",75,1.3,37.48,"Prosocial",1284,1231,"HH","HL","LL","LH",15,5,25,15,10,20,5,10,"HL-LH","Welfare","","LL","LH","HH","HL","Inequality","",25,15,15,30,10,15,10,10,27,7,25,5,5,5,5,5,"Inequality","",128,128,128,98,111,60,101,60,98,98,98,43,81,50,43,43,38,38,33,33,"Inequality","","strongly disagree","agree somewhat","disagree somewhat","strongly disagree","strongly agree","strongly agree","agree somewhat","agree somewhat","disagree somewhat","strongly agree","agree somewhat","Female",23,"United States of America","Some college but no degree",4,6,4,33.3333333333333,20,20,40,40,20,40,13.3333333333333,36,28,33.3333333333333,20,20,20,20,20,50.1960784313725,56.8888888888889,43.5555555555556,65.2941176470588,35.2941176470588,63.125,37.5,50.2564102564103,70,30.7142857142857,62.3076923076923,38.4615384615385,50.5882352941176,50.6666666666667,50.6666666666667,50.7692307692308,1,4,2,1,5,5,4,4,2,5,4,1,4
"R_2WOJXn48KXgcQPA","HL",75,1.3,7.82,"Individualistic",1455,1075,"HH","HL","LH","LL",35,35,75,1,38,35,25,25,"HH-LL","Welfare","","HH","HL","LL","LH","Welfare","",20,75,30,50,25,30,10,25,50,10,10,25,14,25,25,25,"Welfare","",128,128,26,200,100,71,30,131,98,98,130,11,116,15,43,43,36,40,33,33,"Welfare","","strongly agree","strongly agree","strongly agree","strongly agree","strongly agree","strongly agree","strongly agree","strongly agree","neither agree
nor disagree","agree somewhat","disagree somewhat","Male",30,"United Kingdom of Great Britain and Northern Ireland","High school graduate (high school diploma or equivalent including GED)",5,5,5,26.6666666666667,100,40,66.6666666666667,100,40,40,33.3333333333333,66.6666666666667,40,13.3333333333333,100,56,100,100,100,50.1960784313725,11.5555555555556,88.8888888888889,58.8235294117647,41.7647058823529,18.75,81.875,50.2564102564103,92.8571428571429,7.85714285714286,89.2307692307692,11.5384615384615,50.5882352941176,48,53.3333333333333,50.7692307692308,5,5,5,5,5,5,5,5,3,4,2,5,5
"R_1P0JwyfPSArcPBh","HL",75,1.3,16.26,"Individualistic",1440,1110,"HH","HL","LH","LL",75,75,75,75,50,75,15,10,"HL-LH","Welfare","","LL","LH","HL","HH","Inequality","",75,75,75,75,25,75,25,75,75,25,75,25,25,25,25,25,"Inequality","",128,128,113,113,86,85,81,80,98,98,71,70,66,65,43,43,38,38,33,33,"Similarity","","strongly disagree","agree somewhat","neither agree
nor disagree","strongly agree","neither agree
nor disagree","strongly disagree","strongly disagree","agree somewhat","disagree somewhat","strongly agree","strongly agree","Male",41,"United Kingdom of Great Britain and Northern Ireland","High school graduate (high school diploma or equivalent including GED)",4,4,4,100,100,100,100,100,100,100,100,100,100,100,100,100,100,100,100,50.1960784313725,50.2222222222222,50.2222222222222,50.5882352941176,50,50.625,50,50.2564102564103,50.7142857142857,50,50.7692307692308,50,50.5882352941176,50.6666666666667,50.6666666666667,50.7692307692308,1,4,3,5,3,1,1,4,2,5,5,1,4
"R_11dPzWmNJA22fot","HL",75,1.3,37.09,"Prosocial",1405,1195,"HL","LH","LL","HH",20,20,20,20,20,15,5,5,"HL-LH","Similarity","","LL","HL","LH","HH","Random","",20,20,20,20,5,20,5,20,20,5,20,5,5,5,5,5,"Similarity","",106,150,120,106,80,91,71,90,100,96,66,75,75,56,43,43,41,35,33,33,"Similarity","","disagree somewhat","neither agree
nor disagree","strongly disagree","strongly disagree","disagree somewhat","neither agree
nor disagree","agree somewhat","neither agree
nor disagree","disagree somewhat","strongly agree","strongly agree","Female",41,"United Kingdom of Great Britain and Northern Ireland","Bachelor's degree in college (4-year)",2,4,3,26.6666666666667,26.6666666666667,26.6666666666667,26.6666666666667,20,26.6666666666667,20,26.6666666666667,26.6666666666667,20,26.6666666666667,20,20,20,20,20,41.5686274509804,53.3333333333333,47.1111111111111,47.0588235294118,53.5294117647059,44.375,56.25,51.2820512820513,47.1428571428571,53.5714285714286,57.6923076923077,43.0769230769231,50.5882352941176,54.6666666666667,46.6666666666667,50.7692307692308,2,3,1,1,2,3,4,3,2,5,5,2,3
"R_3L0awy5mVfW9EbJ","HL",75,1.3,34.88,"Prosocial",1302,1232,"HH","HL","LH","LL",35,75,25,15,40,75,10,15,"HH-LL","Similarity","","LL","HH","LH","HL","Inequality","",75,75,75,30,15,30,15,75,30,15,30,15,25,25,25,25,"Welfare","",128,128,113,113,86,85,81,80,98,98,71,70,66,65,43,43,38,38,33,33,"Similarity","","disagree somewhat","agree somewhat","strongly disagree","neither agree
nor disagree","agree somewhat","disagree somewhat","neither agree
nor disagree","strongly agree","neither agree
nor disagree","strongly agree","agree somewhat","Male",42,"United Kingdom of Great Britain and Northern Ireland","Bachelor's degree in college (4-year)",3,2,4,100,100,100,40,60,40,60,100,40,60,40,60,100,100,100,100,50.1960784313725,50.2222222222222,50.2222222222222,50.5882352941176,50,50.625,50,50.2564102564103,50.7142857142857,50,50.7692307692308,50,50.5882352941176,50.6666666666667,50.6666666666667,50.7692307692308,2,4,1,3,4,2,3,5,3,5,4,2,4
"R_sShXrvPaq9VJWp3","HL",75,1.3,34.88,"Prosocial",1295,1235,"HH","HL","LH","LL",25,25,25,25,25,25,15,10,"HL-LH","Welfare","","LL","LH","HL","HH","Other","I tried to balance out the pairs",25,25,25,25,10,25,10,25,25,10,25,10,25,15,10,25,"Inequality","",128,128,113,113,86,85,81,80,98,98,71,70,66,65,43,43,38,38,33,33,"Inequality","","disagree somewhat","agree somewhat","strongly disagree","disagree somewhat","agree somewhat","disagree somewhat","strongly agree","agree somewhat","disagree somewhat","agree somewhat","agree somewhat","Male",34,"United Kingdom of Great Britain and Northern Ireland","Some college but no degree",4,4,3,33.3333333333333,33.3333333333333,33.3333333333333,33.3333333333333,40,33.3333333333333,40,33.3333333333333,33.3333333333333,40,33.3333333333333,40,100,60,40,100,50.1960784313725,50.2222222222222,50.2222222222222,50.5882352941176,50,50.625,50,50.2564102564103,50.7142857142857,50,50.7692307692308,50,50.5882352941176,50.6666666666667,50.6666666666667,50.7692307692308,2,4,1,2,4,2,5,4,2,4,4,2,4
"R_2yfHv7gm9an65n7","HL",75,1.3,45,"Prosocial",1270,1270,"HH","HL","LH","LL",0,0,0,0,50,35,10,10,"HH-LL","Similarity","","LL","LH","HL","HH","Inequality","",0,0,0,0,0,0,0,0,0,0,0,0,0,0,0,0,"Other","Any contribution is a loss.",128,128,128,98,128,43,128,33,98,98,98,43,98,33,43,43,43,33,33,33,"Other","Different risks for different types, one earning on behalf of the other does not scream ""equality"" either. Maybe I am just too risk-averse?","strongly disagree","agree somewhat","strongly disagree","disagree somewhat","agree somewhat","strongly disagree","neither agree
nor disagree","strongly agree","agree somewhat","strongly agree","strongly agree","Female",30,"United Kingdom of Great Britain and Northern Ireland","Master's degree",2,2,4,0,0,0,0,0,0,0,0,0,0,0,0,0,0,0,0,50.1960784313725,56.8888888888889,43.5555555555556,75.2941176470588,25.2941176470588,80,20.625,50.2564102564103,70,30.7142857142857,75.3846153846154,25.3846153846154,50.5882352941176,57.3333333333333,44,50.7692307692308,1,4,1,2,4,1,3,5,4,5,5,1,4
"R_3dR36JiNa3G0jil","HL",75,1.3,34.88,"Prosocial",1310,1215,"HH","HL","LH","LL",20,25,5,0,25,50,10,0,"HL-LH","Inequality","","HH","HL","LH","LL","Welfare","",25,25,25,20,20,10,10,25,10,10,10,10,25,10,10,25,"Welfare","",128,128,128,98,128,43,128,33,98,98,98,43,98,33,43,43,43,33,33,33,"Welfare","","agree somewhat","agree somewhat","strongly disagree","strongly agree","neither agree
nor disagree","strongly agree","disagree somewhat","strongly disagree","disagree somewhat","disagree somewhat","disagree somewhat","Male",31,"United Kingdom of Great Britain and Northern Ireland","Bachelor's degree in college (4-year)",7,4,5,33.3333333333333,33.3333333333333,33.3333333333333,26.6666666666667,80,13.3333333333333,40,33.3333333333333,13.3333333333333,40,13.3333333333333,40,100,40,40,100,50.1960784313725,56.8888888888889,43.5555555555556,75.2941176470588,25.2941176470588,80,20.625,50.2564102564103,70,30.7142857142857,75.3846153846154,25.3846153846154,50.5882352941176,57.3333333333333,44,50.7692307692308,4,4,1,5,3,5,2,1,2,2,2,4,4
"R_w192wjVdCqQNKCt","HL",75,1.3,31.86,"Prosocial",1414,1173,"LL","HH","LH","HL",75,30,20,10,75,40,25,25,"HH-LL","Welfare","","LL","LH","HL","HH","Inequality","",75,75,75,40,25,50,25,75,30,25,50,25,25,25,25,25,"Inequality","",128,128,113,113,128,43,128,33,98,98,98,43,66,65,43,43,38,38,33,33,"Welfare","","disagree somewhat","neither agree
nor disagree","neither agree
nor disagree","neither agree
nor disagree","neither agree
nor disagree","disagree somewhat","disagree somewhat","disagree somewhat","disagree somewhat","agree somewhat","agree somewhat","Male",32,"United Kingdom of Great Britain and Northern Ireland","High school graduate (high school diploma or equivalent including GED)",5,5,3,100,100,100,53.3333333333333,100,66.6666666666667,100,100,40,100,66.6666666666667,100,100,100,100,100,50.1960784313725,50.2222222222222,50.2222222222222,75.2941176470588,25.2941176470588,80,20.625,50.2564102564103,70,30.7142857142857,50.7692307692308,50,50.5882352941176,50.6666666666667,50.6666666666667,50.7692307692308,2,3,3,3,3,2,2,2,2,4,4,2,3
"R_3iQotZDZBi2nyq8","HL",75,1.3,16.61,"Individualistic",1357,1137,"HH","LL","HL","LH",15,20,20,20,10,20,10,10,"HL-LH","Inequality","","LL","LH","HH","HL","Inequality","",30,30,25,30,10,30,10,20,20,25,25,10,5,20,10,10,"Inequality","",128,128,76,150,71,100,61,100,98,98,70,71,51,80,43,43,26,50,33,33,"Inequality","","strongly disagree","strongly agree","agree somewhat","neither agree
nor disagree","agree somewhat","strongly disagree","agree somewhat","strongly agree","strongly agree","strongly agree","strongly agree","Female",41,"United Kingdom of Great Britain and Northern Ireland","Bachelor's degree in college (4-year)",3,2,5,40,40,33.3333333333333,40,40,40,40,26.6666666666667,26.6666666666667,100,33.3333333333333,40,20,80,40,40,50.1960784313725,33.7777777777778,66.6666666666667,41.7647058823529,58.8235294117647,38.125,62.5,50.2564102564103,50,50.7142857142857,39.2307692307692,61.5384615384615,50.5882352941176,34.6666666666667,66.6666666666667,50.7692307692308,1,5,4,3,4,1,4,5,5,5,5,1,5
"R_cGZv12mZ2AVYGM9","HL",75,1.3,34.88,"Prosocial",1298,1228,"HL","HH","LH","LL",25,15,25,50,25,20,5,5,"HL-LH","Inequality","","LL","LH","HL","HH","Inequality","",75,40,20,60,10,60,15,50,60,10,25,0,25,25,25,25,"Inequality","",128,128,113,113,85.5,85.5,80.5,80.5,98,98,70.5,70.5,65.5,65.5,43,43,38,38,33,33,"Similarity","","disagree somewhat","disagree somewhat","strongly disagree","agree somewhat","agree somewhat","agree somewhat","strongly agree","agree somewhat","disagree somewhat","agree somewhat","agree somewhat","Male",34,"United Kingdom of Great Britain and Northern Ireland","Bachelor's degree in college (4-year)",4,4,5,100,53.3333333333333,26.6666666666667,80,40,80,60,66.6666666666667,80,40,33.3333333333333,0,100,100,100,100,50.1960784313725,50.2222222222222,50.2222222222222,50.2941176470588,50.2941176470588,50.3125,50.3125,50.2564102564103,50.3571428571429,50.3571428571429,50.3846153846154,50.3846153846154,50.5882352941176,50.6666666666667,50.6666666666667,50.7692307692308,2,2,1,4,4,4,5,4,2,4,4,2,2
"R_20YXzRUoIp2ypXS","HL",75,1.3,10.39,"Individualistic",1441,1086,"HH","HL","LH","LL",25,15,5,10,10,10,5,0,"HL-LH","Welfare","","HL","HH","LL","LH","Welfare","",20,20,15,20,15,10,5,15,15,10,10,10,15,7,5,5,"Welfare","",128,128,113,113,86,85,81,80,98,98,71,70,66,65,43,43,38,38,33,33,"Other","As everybody contributed their maximum possible amount I believe it fair to share evenly as everyone has done the right thing.","strongly agree","disagree somewhat","disagree somewhat","strongly agree","strongly disagree","strongly agree","strongly agree","strongly disagree","strongly disagree","strongly disagree","strongly disagree","Male",30,"United Kingdom of Great Britain and Northern Ireland","Bachelor's degree in college (4-year)",6,7,7,26.6666666666667,26.6666666666667,20,26.6666666666667,60,13.3333333333333,20,20,20,40,13.3333333333333,40,60,28,20,20,50.1960784313725,50.2222222222222,50.2222222222222,50.5882352941176,50,50.625,50,50.2564102564103,50.7142857142857,50,50.7692307692308,50,50.5882352941176,50.6666666666667,50.6666666666667,50.7692307692308,5,2,2,5,1,5,5,1,1,1,1,5,2
"R_2rAEJwNYj9ZKKG9","HL",75,1.3,34.88,"Prosocial",1290,1217,"HH","LH","HL","LL",30,50,40,40,40,35,15,10,"HH-LL","Similarity","","LL","HH","HL","LH","Welfare","",50,50,35,50,20,40,15,35,40,15,40,15,15,15,15,10,"Similarity","",128,128,113,113,85.5,85.5,80.5,80.5,98,98,70.5,70.5,65.5,65.5,43,43,38,38,33,33,"Welfare","","disagree somewhat","agree somewhat","agree somewhat","strongly agree","agree somewhat","agree somewhat","strongly agree","strongly agree","strongly disagree","strongly agree","strongly agree","Male",36,"United Kingdom of Great Britain and Northern Ireland","High school graduate (high school diploma or equivalent including GED)",4,1,6,66.6666666666667,66.6666666666667,46.6666666666667,66.6666666666667,80,53.3333333333333,60,46.6666666666667,53.3333333333333,60,53.3333333333333,60,60,60,60,40,50.1960784313725,50.2222222222222,50.2222222222222,50.2941176470588,50.2941176470588,50.3125,50.3125,50.2564102564103,50.3571428571429,50.3571428571429,50.3846153846154,50.3846153846154,50.5882352941176,50.6666666666667,50.6666666666667,50.7692307692308,2,4,4,5,4,4,5,5,1,5,5,2,4
"R_54JN7n4yWhqY35v","HL",75,1.3,-16.26,"Competitive",1440,970,"HH","HL","LH","LL",25,25,0,0,25,25,0,0,"HH-LL","Welfare","","HH","HL","LH","LL","Similarity","",75,75,75,75,25,75,25,75,75,25,75,25,25,25,25,25,"Welfare","",128,128,113,113,85.5,85.5,80.5,80.5,98,98,70.5,70.5,65.5,65.5,43,43,38,38,33,33,"Similarity","","strongly disagree","strongly agree","strongly agree","strongly disagree","strongly agree","strongly disagree","strongly disagree","strongly agree","strongly agree","strongly agree","strongly agree","Male",34,"United Kingdom of Great Britain and Northern Ireland","Associate degree in college (2-year)",4,2,3,100,100,100,100,100,100,100,100,100,100,100,100,100,100,100,100,50.1960784313725,50.2222222222222,50.2222222222222,50.2941176470588,50.2941176470588,50.3125,50.3125,50.2564102564103,50.3571428571429,50.3571428571429,50.3846153846154,50.3846153846154,50.5882352941176,50.6666666666667,50.6666666666667,50.7692307692308,1,5,5,1,5,1,1,5,5,5,5,1,5
"R_3J9O5pFOCPUqO1v","HL",75,1.3,34.88,"Prosocial",1323,1223,"HH","HL","LH","LL",50,45,25,25,40,35,10,10,"HH-LL","Similarity","","HH","HL","LH","LL","Similarity","",50,50,50,50,10,50,10,50,50,10,50,10,10,10,10,10,"Welfare","",128,128,113,113,86,85,81,80,98,98,71,70,66,65,43,43,38,38,33,33,"Similarity","","strongly disagree","agree somewhat","strongly disagree","disagree somewhat","agree somewhat","strongly disagree","strongly disagree","agree somewhat","disagree somewhat","agree somewhat","agree somewhat","Female",46,"United Kingdom of Great Britain and Northern Ireland","Associate degree in college (2-year)",4,4,4,66.6666666666667,66.6666666666667,66.6666666666667,66.6666666666667,40,66.6666666666667,40,66.6666666666667,66.6666666666667,40,66.6666666666667,40,40,40,40,40,50.1960784313725,50.2222222222222,50.2222222222222,50.5882352941176,50,50.625,50,50.2564102564103,50.7142857142857,50,50.7692307692308,50,50.5882352941176,50.6666666666667,50.6666666666667,50.7692307692308,1,4,1,2,4,1,1,4,2,4,4,1,4
"R_3EmUBgyzf0qCtz5","HL",75,1.3,34.88,"Prosocial",1314,1204,"HH","LH","HL","LL",35,35,25,25,35,35,25,5,"HH-LL","Similarity","","HH","LH","HL","LL","Welfare","",65,65,55,65,15,65,5,55,55,15,35,5,20,10,5,5,"Welfare","",128,128,113,113,85,86,80,81,98,98,70,71,65,66,43,43,38,38,33,33,"Similarity","","disagree somewhat","neither agree
nor disagree","disagree somewhat","disagree somewhat","neither agree
nor disagree","neither agree
nor disagree","agree somewhat","agree somewhat","disagree somewhat","disagree somewhat","disagree somewhat","Male",35,"United Kingdom of Great Britain and Northern Ireland","Associate degree in college (2-year)",5,6,4,86.6666666666667,86.6666666666667,73.3333333333333,86.6666666666667,60,86.6666666666667,20,73.3333333333333,73.3333333333333,60,46.6666666666667,20,80,40,20,20,50.1960784313725,50.2222222222222,50.2222222222222,50,50.5882352941176,50,50.625,50.2564102564103,50,50.7142857142857,50,50.7692307692308,50.5882352941176,50.6666666666667,50.6666666666667,50.7692307692308,2,3,2,2,3,3,4,4,2,2,2,2,3
"R_3PbkUSErr2PGaSj","HL",75,1.3,37.48,"Prosocial",1283,1235,"HH","HL","LH","LL",20,20,20,20,20,10,10,5,"HL-LH","Inequality","","LH","LL","HL","HH","Inequality","",40,40,20,30,10,40,5,20,20,10,20,5,10,10,5,5,"Welfare","",128,128,116,110,111,60,101,60,98,98,80,61,70,61,43,43,33,43,33,33,"Inequality","","strongly disagree","strongly agree","strongly disagree","strongly disagree","strongly agree","strongly disagree","strongly agree","strongly agree","neither agree
nor disagree","strongly agree","strongly agree","Female",46,"United Kingdom of Great Britain and Northern Ireland","High school graduate (high school diploma or equivalent including GED)",3,3,3,53.3333333333333,53.3333333333333,26.6666666666667,40,40,53.3333333333333,20,26.6666666666667,26.6666666666667,40,26.6666666666667,20,40,40,20,20,50.1960784313725,51.5555555555556,48.8888888888889,65.2941176470588,35.2941176470588,63.125,37.5,50.2564102564103,57.1428571428571,43.5714285714286,53.8461538461538,46.9230769230769,50.5882352941176,44,57.3333333333333,50.7692307692308,1,5,1,1,5,1,5,5,3,5,5,1,5
"R_pLWupG2ANIYcTex","HL",75,1.3,34.88,"Prosocial",1309,1199,"HH","LH","HL","LL",25,25,25,25,25,25,5,5,"HH-LL","Similarity","","LL","LH","HL","HH","Inequality","",25,25,25,25,5,25,5,25,25,6,25,5,5,5,5,5,"Inequality","",128,128,113,113,110,61,110,51,98,98,100,41,90,41,43,43,38,38,33,33,"Similarity","","disagree somewhat","neither agree
nor disagree","agree somewhat","agree somewhat","neither agree
nor disagree","agree somewhat","agree somewhat","agree somewhat","disagree somewhat","agree somewhat","agree somewhat","Female",42,"United Kingdom of Great Britain and Northern Ireland","High school graduate (high school diploma or equivalent including GED)",4,4,4,33.3333333333333,33.3333333333333,33.3333333333333,33.3333333333333,20,33.3333333333333,20,33.3333333333333,33.3333333333333,24,33.3333333333333,20,20,20,20,20,50.1960784313725,50.2222222222222,50.2222222222222,64.7058823529412,35.8823529411765,68.75,31.875,50.2564102564103,71.4285714285714,29.2857142857143,69.2307692307692,31.5384615384615,50.5882352941176,50.6666666666667,50.6666666666667,50.7692307692308,2,3,4,4,3,4,4,4,2,4,4,2,3
"R_3FJ4m1T1RsaXgQC","HL",75,1.3,7.82,"Individualistic",1455,1075,"HH","HL","LH","LL",25,25,25,25,35,25,10,10,"HL-LH","Inequality","","LL","HH","HL","LH","Inequality","",75,35,25,35,15,35,10,35,30,15,35,10,10,15,15,10,"Inequality","",128,128,128,98,128,43,128,33,98,98,98,43,98,33,43,43,43,33,33,33,"Welfare","","disagree somewhat","neither agree
nor disagree","neither agree
nor disagree","neither agree
nor disagree","neither agree
nor disagree","disagree somewhat","disagree somewhat","neither agree
nor disagree","strongly disagree","agree somewhat","strongly agree","Female",31,"United Kingdom of Great Britain and Northern Ireland","Bachelor's degree in college (4-year)",3,2,4,100,46.6666666666667,33.3333333333333,46.6666666666667,60,46.6666666666667,40,46.6666666666667,40,60,46.6666666666667,40,40,60,60,40,50.1960784313725,56.8888888888889,43.5555555555556,75.2941176470588,25.2941176470588,80,20.625,50.2564102564103,70,30.7142857142857,75.3846153846154,25.3846153846154,50.5882352941176,57.3333333333333,44,50.7692307692308,2,3,3,3,3,2,2,3,1,4,5,2,3
"R_b4uQuG8wcGOYe9r","HL",75,1.3,7.82,"Individualistic",1455,1075,"HH","HL","LL","LH",30,20,10,10,10,20,10,10,"HL-LH","Inequality","","HH","HL","LL","LH","Inequality","",50,60,50,50,10,20,10,50,20,10,20,10,10,10,10,15,"Inequality","",128,128,128,98,128,43,128,33,98,98,98,43,98,33,43,43,43,33,33,33,"Welfare","","strongly disagree","agree somewhat","strongly disagree","neither agree
nor disagree","strongly agree","strongly disagree","agree somewhat","strongly agree","agree somewhat","strongly agree","strongly agree","Female",35,"United Kingdom of Great Britain and Northern Ireland","Some college but no degree",4,4,4,66.6666666666667,80,66.6666666666667,66.6666666666667,40,26.6666666666667,40,66.6666666666667,26.6666666666667,40,26.6666666666667,40,40,40,40,60,50.1960784313725,56.8888888888889,43.5555555555556,75.2941176470588,25.2941176470588,80,20.625,50.2564102564103,70,30.7142857142857,75.3846153846154,25.3846153846154,50.5882352941176,57.3333333333333,44,50.7692307692308,1,4,1,3,5,1,4,5,4,5,5,1,4
"R_1gFLJmVGwaVHxcd","HL",75,1.3,32.16,"Prosocial",1402,1167,"LL","HH","HL","LH",35,40,35,40,20,40,10,15,"HL-LH","Welfare","","LL","LH","HL","HH","Inequality","",55,55,55,45,15,50,20,40,45,15,45,15,20,20,20,15,"Inequality","",127,129,113,113,85,86,81,80,98,98,70,71,63,68,43,43,40,36,33,33,"Inequality","","disagree somewhat","agree somewhat","neither agree
nor disagree","agree somewhat","strongly disagree","agree somewhat","agree somewhat","strongly agree","neither agree
nor disagree","agree somewhat","agree somewhat","Female",48,"United Kingdom of Great Britain and Northern Ireland","Some college but no degree",4,5,4,73.3333333333333,73.3333333333333,73.3333333333333,60,60,66.6666666666667,80,53.3333333333333,60,60,60,60,80,80,80,60,49.8039215686275,50.2222222222222,50.2222222222222,50,50.5882352941176,50.625,50,50.2564102564103,50,50.7142857142857,48.4615384615385,52.3076923076923,50.5882352941176,53.3333333333333,48,50.7692307692308,2,4,3,4,1,4,4,5,3,4,4,2,4
"R_1K6IjpFHzjIYMwo","HL",75,1.3,26.87,"Prosocial",1395,1185,"HH","LH","HL","LL",50,50,50,25,50,10,15,10,"HL-LH","Welfare","","LL","LH","HL","HH","Inequality","",50,50,50,50,15,50,10,50,50,10,50,10,15,15,10,10,"Inequality","",128,128,100,126,71,100,56,105,98,98,61,80,41,90,43,43,38,38,33,33,"Inequality","","strongly disagree","agree somewhat","strongly disagree","strongly disagree","strongly agree","strongly disagree","strongly disagree","strongly agree","agree somewhat","strongly agree","strongly agree","Male",20,"United Kingdom of Great Britain and Northern Ireland","Some college but no degree",1,1,1,66.6666666666667,66.6666666666667,66.6666666666667,66.6666666666667,60,66.6666666666667,40,66.6666666666667,66.6666666666667,40,66.6666666666667,40,60,60,40,40,50.1960784313725,44.4444444444444,56,41.7647058823529,58.8235294117647,35,65.625,50.2564102564103,43.5714285714286,57.1428571428571,31.5384615384615,69.2307692307692,50.5882352941176,50.6666666666667,50.6666666666667,50.7692307692308,1,4,1,1,5,1,1,5,4,5,5,1,4
"R_3g6qXFrhzs2LaTj","HL",75,1.3,45,"Prosocial",1270,1267,"HH","HL","LH","LL",50,50,10,0,40,50,10,15,"HL-LH","Inequality","","LL","LH","HL","HH","Inequality","",75,75,30,75,25,10,0,75,0,0,25,25,25,0,0,25,"Welfare","",128,128,113,113,86,85,81,80,98,98,71,70,90,41,43,43,38,38,33,33,"Inequality","","strongly disagree","neither agree
nor disagree","agree somewhat","disagree somewhat","neither agree
nor disagree","disagree somewhat","agree somewhat","agree somewhat","disagree somewhat","agree somewhat","strongly agree","Male",42,"United Kingdom of Great Britain and Northern Ireland","Bachelor's degree in college (4-year)",4,4,4,100,100,40,100,100,13.3333333333333,0,100,0,0,33.3333333333333,100,100,0,0,100,50.1960784313725,50.2222222222222,50.2222222222222,50.5882352941176,50,50.625,50,50.2564102564103,50.7142857142857,50,69.2307692307692,31.5384615384615,50.5882352941176,50.6666666666667,50.6666666666667,50.7692307692308,1,3,4,2,3,2,4,4,2,4,5,1,3
"R_1esXVSssiEywSzb","HL",75,1.3,37.48,"Prosocial",1285,1227,"HL","LL","HH","LH",5,1,10,5,30,10,15,15,"HH-LL","Similarity","","LL","LH","HL","HH","Inequality","",75,65,75,75,25,30,15,75,20,15,75,25,25,25,25,25,"Welfare","",128,128,126,100,100,71,101,60,98,98,100,41,90,41,43,43,40,36,33,33,"Inequality","","neither agree
nor disagree","agree somewhat","agree somewhat","neither agree
nor disagree","disagree somewhat","agree somewhat","neither agree
nor disagree","strongly agree","neither agree
nor disagree","neither agree
nor disagree","disagree somewhat","Male",33,"United Kingdom of Great Britain and Northern Ireland","Less than high school degree",4,4,4,100,86.6666666666667,100,100,100,40,60,100,26.6666666666667,60,100,100,100,100,100,100,50.1960784313725,56,44.4444444444444,58.8235294117647,41.7647058823529,63.125,37.5,50.2564102564103,71.4285714285714,29.2857142857143,69.2307692307692,31.5384615384615,50.5882352941176,53.3333333333333,48,50.7692307692308,3,4,4,3,2,4,3,5,3,3,2,3,4
"R_2VeGJvNA7b5JoaI","HL",75,1.3,7.82,"Individualistic",1455,1075,"HH","HL","LH","LL",0,0,0,0,0,0,0,0,"HH-LL","Welfare","","HH","HL","LH","LL","Similarity","",0,0,0,0,0,0,0,0,0,0,0,0,0,0,0,0,"Other","Generally I think it's better to keep what you have rather than risk someone else also not contributing. ",128,128,113,113,85,86,80,81,98,98,71,70,65,66,43,43,38,38,33,33,"Similarity","","strongly disagree","agree somewhat","strongly disagree","neither agree
nor disagree","neither agree
nor disagree","strongly disagree","neither agree
nor disagree","strongly agree","agree somewhat","strongly agree","neither agree
nor disagree","Female",31,"United Kingdom of Great Britain and Northern Ireland","Bachelor's degree in college (4-year)",4,1,4,0,0,0,0,0,0,0,0,0,0,0,0,0,0,0,0,50.1960784313725,50.2222222222222,50.2222222222222,50,50.5882352941176,50,50.625,50.2564102564103,50.7142857142857,50,50,50.7692307692308,50.5882352941176,50.6666666666667,50.6666666666667,50.7692307692308,1,4,1,3,3,1,3,5,4,5,3,1,4
"R_1HorZbgEPKlrDrC","HL",75,1.3,29.22,"Prosocial",1355,1181,"LL","HH","LH","HL",30,30,10,20,25,30,5,5,"HL-LH","Inequality","","LL","LH","HH","HL","Inequality","",35,35,30,30,5,20,5,30,35,6,30,5,6,6,5,8,"Inequality","",128,128,113,113,86,85,81,80,98,98,71,70,66,65,43,43,38,38,33,33,"Similarity","","disagree somewhat","agree somewhat","agree somewhat","agree somewhat","neither agree
nor disagree","disagree somewhat","neither agree
nor disagree","agree somewhat","agree somewhat","agree somewhat","strongly agree","Female",29,"United Kingdom of Great Britain and Northern Ireland","Some college but no degree",4,4,4,46.6666666666667,46.6666666666667,40,40,20,26.6666666666667,20,40,46.6666666666667,24,40,20,24,24,20,32,50.1960784313725,50.2222222222222,50.2222222222222,50.5882352941176,50,50.625,50,50.2564102564103,50.7142857142857,50,50.7692307692308,50,50.5882352941176,50.6666666666667,50.6666666666667,50.7692307692308,2,4,4,4,3,2,3,4,4,4,5,2,4
"R_2DNqkMDuoA9dZDg","HL",75,1.3,14.62,"Individualistic",1430,1100,"HH","HL","LH","LL",75,75,75,75,75,75,25,25,"HH-LL","Welfare","","LL","LH","HL","HH","Inequality","",75,75,75,75,25,75,25,75,75,25,75,25,25,25,25,25,"Welfare","",128,128,113,113,86,85,81,80,98,98,71,70,66,65,43,43,38,38,33,33,"Similarity","","strongly disagree","strongly agree","disagree somewhat","strongly agree","agree somewhat","strongly disagree","strongly disagree","agree somewhat","neither agree
nor disagree","strongly agree","strongly agree","Female",32,"United Kingdom of Great Britain and Northern Ireland","High school graduate (high school diploma or equivalent including GED)",4,4,3,100,100,100,100,100,100,100,100,100,100,100,100,100,100,100,100,50.1960784313725,50.2222222222222,50.2222222222222,50.5882352941176,50,50.625,50,50.2564102564103,50.7142857142857,50,50.7692307692308,50,50.5882352941176,50.6666666666667,50.6666666666667,50.7692307692308,1,5,2,5,4,1,1,4,3,5,5,1,5
"R_3emnbzvPNrAIcaO","HL",75,1.3,26.87,"Prosocial",1403,1173,"HH","HL","LH","LL",25,25,25,25,30,25,10,10,"HL-LH","Welfare","","LL","LH","HL","HH","Inequality","",40,30,25,30,10,30,10,25,25,10,25,10,10,15,10,10,"Random","",128,128,113,113,86,85,81,80,98,98,71,70,66,65,43,43,38,38,33,33,"Inequality","","disagree somewhat","disagree somewhat","neither agree
nor disagree","agree somewhat","agree somewhat","disagree somewhat","agree somewhat","agree somewhat","disagree somewhat","agree somewhat","agree somewhat","Male",37,"United Kingdom of Great Britain and Northern Ireland","High school graduate (high school diploma or equivalent including GED)",3,3,4,53.3333333333333,40,33.3333333333333,40,40,40,40,33.3333333333333,33.3333333333333,40,33.3333333333333,40,40,60,40,40,50.1960784313725,50.2222222222222,50.2222222222222,50.5882352941176,50,50.625,50,50.2564102564103,50.7142857142857,50,50.7692307692308,50,50.5882352941176,50.6666666666667,50.6666666666667,50.7692307692308,2,2,3,4,4,2,4,4,2,4,4,2,2
"R_XBrigudihdWCtkB","HL",75,1.3,34.88,"Prosocial",1294,1224,"LH","LL","HH","HL",15,15,15,15,15,15,10,10,"HL-LH","Inequality","","LL","LH","HL","HH","Inequality","",15,15,15,15,10,15,10,15,15,10,20,10,10,10,10,10,"Inequality","",128,128,113,113,85.5,85.5,80.5,80.5,98,98,70.5,70.5,65.5,65.5,43,43,38,38,33,33,"Inequality","","disagree somewhat","agree somewhat","agree somewhat","neither agree
nor disagree","strongly disagree","strongly disagree","neither agree
nor disagree","neither agree
nor disagree","strongly disagree","strongly agree","agree somewhat","Female",24,"United Kingdom of Great Britain and Northern Ireland","Bachelor's degree in college (4-year)",4,4,4,20,20,20,20,40,20,40,20,20,40,26.6666666666667,40,40,40,40,40,50.1960784313725,50.2222222222222,50.2222222222222,50.2941176470588,50.2941176470588,50.3125,50.3125,50.2564102564103,50.3571428571429,50.3571428571429,50.3846153846154,50.3846153846154,50.5882352941176,50.6666666666667,50.6666666666667,50.7692307692308,2,4,4,3,1,1,3,3,1,5,4,2,4
"R_2trJPBSxYUxfFV0","HL",75,1.3,11.03,"Individualistic",1436,1086,"HH","HL","LH","LL",18,18,18,18,18,18,18,20,"HH-LL","Other","There isn't really a scenario where both tyes get a good outcome. Adding the multiler to the 25 earner seems wasteful when it won't make much difference..","LL","LH","HL","HH","Welfare","",30,20,20,40,20,40,20,20,30,20,30,20,20,20,20,20,"Other","Maximise benefit without making it unrealistic as 25 person can gradually be evened out to have similar amount without putting out high income person",128,128,113,113,85.5,85.5,80.5,80.5,98,98,70.5,70.5,65.5,65.5,43,43,38,38,33,33,"Welfare","","strongly disagree","disagree somewhat","disagree somewhat","disagree somewhat","agree somewhat","strongly disagree","agree somewhat","agree somewhat","neither agree
nor disagree","agree somewhat","disagree somewhat","Male",31,"United Kingdom of Great Britain and Northern Ireland","Master's degree",4,3,3,40,26.6666666666667,26.6666666666667,53.3333333333333,80,53.3333333333333,80,26.6666666666667,40,80,40,80,80,80,80,80,50.1960784313725,50.2222222222222,50.2222222222222,50.2941176470588,50.2941176470588,50.3125,50.3125,50.2564102564103,50.3571428571429,50.3571428571429,50.3846153846154,50.3846153846154,50.5882352941176,50.6666666666667,50.6666666666667,50.7692307692308,1,2,2,2,4,1,4,4,3,4,2,1,2
"R_3HTjcmmXKS38Ynq","HL",75,1.3,34.88,"Prosocial",1294,1224,"HH","HL","LH","LL",50,50,50,50,25,25,5,5,"HL-LH","Inequality","","LL","LH","HL","HH","Inequality","",50,50,50,50,20,50,20,50,50,20,50,20,15,15,15,15,"Inequality","",128,128,113,113,86,85,81,80,98,98,71,70,66,65,43,43,38,38,33,33,"Inequality","","neither agree
nor disagree","agree somewhat","agree somewhat","agree somewhat","disagree somewhat","agree somewhat","neither agree
nor disagree","strongly agree","neither agree
nor disagree","strongly agree","strongly agree","Female",30,"United Kingdom of Great Britain and Northern Ireland","High school graduate (high school diploma or equivalent including GED)",4,4,4,66.6666666666667,66.6666666666667,66.6666666666667,66.6666666666667,80,66.6666666666667,80,66.6666666666667,66.6666666666667,80,66.6666666666667,80,60,60,60,60,50.1960784313725,50.2222222222222,50.2222222222222,50.5882352941176,50,50.625,50,50.2564102564103,50.7142857142857,50,50.7692307692308,50,50.5882352941176,50.6666666666667,50.6666666666667,50.7692307692308,3,4,4,4,2,4,3,5,3,5,5,3,4
"R_3MS8lBhxzMT1xAG","HL",75,1.3,23.64,"Prosocial",1335,1127,"HL","HH","LH","LL",35,30,25,20,35,30,10,10,"HH-LL","Similarity","","HH","HL","LH","LL","Similarity","",35,75,75,35,20,35,15,75,50,15,25,10,25,15,15,15,"Random","",128,128,113,113,85,86,80,81,98,98,71,70,65,66,43,43,38,38,33,33,"Similarity","","strongly disagree","disagree somewhat","disagree somewhat","strongly agree","neither agree
nor disagree","disagree somewhat","agree somewhat","strongly agree","strongly disagree","strongly agree","strongly agree","Female",44,"United Kingdom of Great Britain and Northern Ireland","Bachelor's degree in college (4-year)",3,3,3,46.6666666666667,100,100,46.6666666666667,80,46.6666666666667,60,100,66.6666666666667,60,33.3333333333333,40,100,60,60,60,50.1960784313725,50.2222222222222,50.2222222222222,50,50.5882352941176,50,50.625,50.2564102564103,50.7142857142857,50,50,50.7692307692308,50.5882352941176,50.6666666666667,50.6666666666667,50.7692307692308,1,2,2,5,3,2,4,5,1,5,5,1,2
"R_RDpYxu4ybxhNTDb","HL",75,1.3,34.36,"Prosocial",1303,1211,"HH","HL","LH","LL",50,75,50,50,50,75,15,15,"HL-LH","Inequality","","LL","LH","HL","HH","Inequality","",75,60,65,50,15,70,20,75,65,20,60,10,25,15,20,25,"Welfare","",128,128,113,113,86,85,81,80,98,98,71,70,66,65,43,43,38,38,33,33,"Similarity","","disagree somewhat","disagree somewhat","strongly disagree","neither agree
nor disagree","disagree somewhat","neither agree
nor disagree","neither agree
nor disagree","neither agree
nor disagree","strongly disagree","agree somewhat","agree somewhat","Female",50,"United Kingdom of Great Britain and Northern Ireland","Some college but no degree",4,4,4,100,80,86.6666666666667,66.6666666666667,60,93.3333333333333,80,100,86.6666666666667,80,80,40,100,60,80,100,50.1960784313725,50.2222222222222,50.2222222222222,50.5882352941176,50,50.625,50,50.2564102564103,50.7142857142857,50,50.7692307692308,50,50.5882352941176,50.6666666666667,50.6666666666667,50.7692307692308,2,2,1,3,2,3,3,3,1,4,4,2,2
"R_3MmlRWYZr4ETfza","HL",75,1.3,34.88,"Prosocial",1294,1224,"HH","HL","LL","LH",25,25,15,15,10,10,10,5,"HL-LH","Inequality","","LL","LH","HL","HH","Inequality","",40,25,25,25,10,20,10,30,25,10,25,10,10,10,10,10,"Inequality","",128,128,120,106,128,43,111,50,98,98,90,51,90,41,43,43,40,36,33,33,"Inequality","","neither agree
nor disagree","agree somewhat","agree somewhat","neither agree
nor disagree","agree somewhat","neither agree
nor disagree","agree somewhat","agree somewhat","neither agree
nor disagree","agree somewhat","strongly agree","Male",38,"United Kingdom of Great Britain and Northern Ireland","High school graduate (high school diploma or equivalent including GED)",3,3,3,53.3333333333333,33.3333333333333,33.3333333333333,33.3333333333333,40,26.6666666666667,40,40,33.3333333333333,40,33.3333333333333,40,40,40,40,40,50.1960784313725,53.3333333333333,47.1111111111111,75.2941176470588,25.2941176470588,69.375,31.25,50.2564102564103,64.2857142857143,36.4285714285714,69.2307692307692,31.5384615384615,50.5882352941176,53.3333333333333,48,50.7692307692308,3,4,4,3,4,3,4,4,3,4,5,3,4
"R_2f7ma0cQFIf15QK","HL",75,1.3,7.82,"Individualistic",1455,1075,"HH","HL","LH","LL",75,75,75,75,75,75,25,25,"HL-LH","Welfare","","LL","LH","HL","HH","Welfare","",75,75,75,75,25,75,25,75,75,25,75,25,25,25,25,25,"Welfare","",128,128,113,113,85.5,85.5,80.5,80.5,98,98,70.5,70.5,65.5,65.5,43,43,38,38,33,33,"Welfare","","disagree somewhat","agree somewhat","neither agree
nor disagree","neither agree
nor disagree","disagree somewhat","neither agree
nor disagree","agree somewhat","agree somewhat","disagree somewhat","neither agree
nor disagree","neither agree
nor disagree","Male",39,"United Kingdom of Great Britain and Northern Ireland","Bachelor's degree in college (4-year)",4,4,4,100,100,100,100,100,100,100,100,100,100,100,100,100,100,100,100,50.1960784313725,50.2222222222222,50.2222222222222,50.2941176470588,50.2941176470588,50.3125,50.3125,50.2564102564103,50.3571428571429,50.3571428571429,50.3846153846154,50.3846153846154,50.5882352941176,50.6666666666667,50.6666666666667,50.7692307692308,2,4,3,3,2,3,4,4,2,3,3,2,4
"R_BQGOuzAFUMoBL3P","HL",75,1.3,7.82,"Individualistic",1445,1065,"HH","HL","LL","LH",20,10,25,10,15,10,10,10,"HL-LH","Random","","HL","LH","LL","HH","Random","",30,30,30,30,10,30,10,30,30,10,40,10,10,10,10,10,"Similarity","",106,150,116,110,101,70,100,61,96,100,101,40,31,100,40,46,70,6,60,6,"Random","","strongly disagree","disagree somewhat","strongly disagree","strongly disagree","neither agree
nor disagree","strongly disagree","strongly disagree","strongly agree","strongly disagree","strongly agree","strongly agree","Female",21,"United States of America","High school graduate (high school diploma or equivalent including GED)",2,1,6,40,40,40,40,40,40,40,40,40,40,53.3333333333333,40,40,40,40,40,41.5686274509804,51.5555555555556,48.8888888888889,59.4117647058824,41.1764705882353,62.5,38.125,49.2307692307692,72.1428571428571,28.5714285714286,23.8461538461538,76.9230769230769,47.0588235294118,93.3333333333333,8,92.3076923076923,1,2,1,1,3,1,1,5,1,5,5,1,2
"R_2Vw5pBFRpDVJs2q","HL",75,1.3,37.48,"Prosocial",1281,1233,"HH","LL","HL","LH",15,20,8,10,15,20,8,10,"HL-LH","Random","","HH","HL","LH","LL","Similarity","",25,12,25,25,12,20,10,12,25,10,15,8,8,10,8,8,"Similarity","",128,128,126,100,71,100,80,81,98,98,60,81,30,101,43,43,40,36,33,33,"Similarity","","strongly disagree","agree somewhat","strongly disagree","strongly disagree","strongly agree","neither agree
nor disagree","strongly disagree","strongly agree","neither agree
nor disagree","strongly agree","strongly agree","Male",39,"United States of America","Master's degree",4,4,4,33.3333333333333,16,33.3333333333333,33.3333333333333,48,26.6666666666667,40,16,33.3333333333333,40,20,32,32,40,32,32,50.1960784313725,56,44.4444444444444,41.7647058823529,58.8235294117647,50,50.625,50.2564102564103,42.8571428571429,57.8571428571429,23.0769230769231,77.6923076923077,50.5882352941176,53.3333333333333,48,50.7692307692308,1,4,1,1,5,3,1,5,3,5,5,1,4
"R_37YqpqrlIpfB94Z","HL",75,1.3,34.88,"Prosocial",1289,1226,"HL","HH","LH","LL",20,25,15,15,20,40,10,10,"HH-LL","Similarity","","HH","HL","LH","LL","Similarity","",30,30,20,30,10,40,5,30,35,5,30,10,10,15,10,10,"Inequality","",128,128,125,101,114,57,107,54,98,98,100,41,88,43,43,43,46,30,33,33,"Other","I thought this was fair","disagree somewhat","neither agree
nor disagree","agree somewhat","strongly agree","neither agree
nor disagree","disagree somewhat","agree somewhat","agree somewhat","strongly disagree","disagree somewhat","strongly disagree","Female",44,"United Kingdom of Great Britain and Northern Ireland","Bachelor's degree in college (4-year)",5,3,5,40,40,26.6666666666667,40,40,53.3333333333333,20,40,46.6666666666667,20,40,40,40,60,40,40,50.1960784313725,55.5555555555556,44.8888888888889,67.0588235294118,33.5294117647059,66.875,33.75,50.2564102564103,71.4285714285714,29.2857142857143,67.6923076923077,33.0769230769231,50.5882352941176,61.3333333333333,40,50.7692307692308,2,3,4,5,3,2,4,4,1,2,1,2,3
"R_1nVKYOAobDXhhgZ","HL",75,1.3,37.48,"Prosocial",1283,1225,"HH","HL","LH","LL",25,25,15,10,25,15,5,5,"HL-LH","Inequality","","LL","LH","HL","HH","Inequality","",75,25,15,25,10,50,5,25,25,5,25,10,20,15,5,15,"Inequality","",128,128,113,113,85,86,81,80,98,98,71,70,65,66,43,43,38,38,33,33,"Inequality","","strongly disagree","strongly agree","neither agree
nor disagree","disagree somewhat","strongly agree","neither agree
nor disagree","disagree somewhat","strongly agree","disagree somewhat","strongly agree","strongly agree","Female",31,"United Kingdom of Great Britain and Northern Ireland","Bachelor's degree in college (4-year)",2,2,7,100,33.3333333333333,20,33.3333333333333,40,66.6666666666667,20,33.3333333333333,33.3333333333333,20,33.3333333333333,40,80,60,20,60,50.1960784313725,50.2222222222222,50.2222222222222,50,50.5882352941176,50.625,50,50.2564102564103,50.7142857142857,50,50,50.7692307692308,50.5882352941176,50.6666666666667,50.6666666666667,50.7692307692308,1,5,3,2,5,3,2,5,2,5,5,1,5
"R_2XdGVrsHrLpevPI","HL",75,1.3,34.88,"Prosocial",1294,1224,"HH","HL","LH","LL",50,50,50,50,50,50,10,10,"HL-LH","Inequality","","LL","LH","HL","HH","Inequality","",75,75,75,75,25,75,25,75,75,25,75,25,25,25,25,25,"Welfare","",128,128,118,108,118,53,110,51,98,98,90,51,46,85,43,43,41,35,33,33,"Other","As I carried on, my thinking changed and I tried to give more to the person with more income as if they don't have an incentive to work, they won't work for long.","agree somewhat","strongly agree","disagree somewhat","strongly agree","disagree somewhat","agree somewhat","strongly agree","agree somewhat","strongly disagree","disagree somewhat","agree somewhat","Female",47,"United Kingdom of Great Britain and Northern Ireland","Master's degree",2,2,6,100,100,100,100,100,100,100,100,100,100,100,100,100,100,100,100,50.1960784313725,52.4444444444444,48,69.4117647058823,31.1764705882353,68.75,31.875,50.2564102564103,64.2857142857143,36.4285714285714,35.3846153846154,65.3846153846154,50.5882352941176,54.6666666666667,46.6666666666667,50.7692307692308,4,5,2,5,2,4,5,4,1,2,4,4,5
"R_8AI7RKPSDqo7oqd","HL",75,1.3,28.14,"Prosocial",1325,1210,"HH","LL","HL","LH",20,20,25,25,15,10,15,25,"HH-LL","Similarity","","HH","LL","LH","HL","Inequality","",50,60,40,50,20,60,15,30,30,15,30,10,20,15,10,10,"Welfare","",128,128,140,86,71,100,61,100,98,98,50,91,31,100,43,43,40,36,33,33,"Similarity","","disagree somewhat","agree somewhat","strongly agree","neither agree
nor disagree","neither agree
nor disagree","disagree somewhat","agree somewhat","strongly agree","neither agree
nor disagree","agree somewhat","strongly agree","Female",47,"United Kingdom of Great Britain and Northern Ireland","High school graduate (high school diploma or equivalent including GED)",4,3,5,66.6666666666667,80,53.3333333333333,66.6666666666667,80,80,60,40,40,60,40,40,80,60,40,40,50.1960784313725,62.2222222222222,38.2222222222222,41.7647058823529,58.8235294117647,38.125,62.5,50.2564102564103,35.7142857142857,65,23.8461538461538,76.9230769230769,50.5882352941176,53.3333333333333,48,50.7692307692308,2,4,5,3,3,2,4,5,3,4,5,2,4
"R_2WU1JDYkBUARhzB","HL",75,1.3,30.35,"Prosocial",1315,1225,"HL","HH","LH","LL",10,15,20,10,10,15,15,10,"HH-LL","Welfare","","HH","HL","LH","LL","Inequality","",20,20,15,20,20,20,20,15,30,20,20,10,10,20,20,20,"Inequality","",128,128,113,113,85.5,85.5,80.5,80.5,98,98,70.5,70.5,65.5,65.5,43,43,38,38,33,33,"Similarity","","strongly disagree","disagree somewhat","disagree somewhat","agree somewhat","disagree somewhat","strongly disagree","neither agree
nor disagree","strongly agree","strongly agree","strongly agree","strongly agree","Male",33,"United Kingdom of Great Britain and Northern Ireland","Bachelor's degree in college (4-year)",3,3,2,26.6666666666667,26.6666666666667,20,26.6666666666667,80,26.6666666666667,80,20,40,80,26.6666666666667,40,40,80,80,80,50.1960784313725,50.2222222222222,50.2222222222222,50.2941176470588,50.2941176470588,50.3125,50.3125,50.2564102564103,50.3571428571429,50.3571428571429,50.3846153846154,50.3846153846154,50.5882352941176,50.6666666666667,50.6666666666667,50.7692307692308,1,2,2,4,2,1,3,5,5,5,5,1,2
"R_AoYLChQ4urzUzTj","HL",75,1.3,34.88,"Prosocial",1357,1165,"HH","LH","HL","LL",40,30,35,40,45,25,25,0,"HL-LH","Inequality","","LL","HL","LH","HH","Inequality","",75,45,35,45,20,15,20,60,35,15,15,15,25,15,17,10,"Welfare","",128,128,113,113,86,85,81,80,98,98,71,70,66,65,43,43,38,38,33,33,"Other","I may have misunderstood this section. I was under the impression that the common account was always equally split between Types so divided between them as best regardless of their type.","disagree somewhat","neither agree
nor disagree","agree somewhat","disagree somewhat","disagree somewhat","neither agree
nor disagree","agree somewhat","strongly agree","neither agree
nor disagree","agree somewhat","agree somewhat","Male",44,"United Kingdom of Great Britain and Northern Ireland","Bachelor's degree in college (4-year)",3,4,4,100,60,46.6666666666667,60,80,20,80,80,46.6666666666667,60,20,60,100,60,68,40,50.1960784313725,50.2222222222222,50.2222222222222,50.5882352941176,50,50.625,50,50.2564102564103,50.7142857142857,50,50.7692307692308,50,50.5882352941176,50.6666666666667,50.6666666666667,50.7692307692308,2,3,4,2,2,3,4,5,3,4,4,2,3
"R_3dThZ1mmut411ii","HL",75,1.3,25.81,"Prosocial",1367,1187,"HH","LH","HL","LL",75,50,75,75,30,40,25,25,"HL-LH","Welfare","","LL","LH","HL","HH","Welfare","",50,50,75,50,25,55,25,55,75,25,55,25,25,25,25,25,"Welfare","",128,128,113,113,100,71,100,61,98,98,71,70,79,52,43,43,38,38,33,33,"Inequality","","disagree somewhat","agree somewhat","strongly agree","disagree somewhat","agree somewhat","strongly disagree","agree somewhat","strongly agree","strongly agree","strongly agree","strongly agree","Male",25,"United States of America","Some college but no degree",3,3,5,66.6666666666667,66.6666666666667,100,66.6666666666667,100,73.3333333333333,100,73.3333333333333,100,100,73.3333333333333,100,100,100,100,100,50.1960784313725,50.2222222222222,50.2222222222222,58.8235294117647,41.7647058823529,62.5,38.125,50.2564102564103,50.7142857142857,50,60.7692307692308,40,50.5882352941176,50.6666666666667,50.6666666666667,50.7692307692308,2,4,5,2,4,1,4,5,5,5,5,2,4
"R_2f382V6FP95RWr6","HL",75,1.3,36.92,"Prosocial",1282,1232,"HL","HH","LH","LL",30,40,35,40,5,10,5,0,"HL-LH","Inequality","","LL","LH","HL","HH","Inequality","",25,20,20,30,5,30,5,25,30,5,30,5,5,5,5,5,"Inequality","",128,128,113,113,85.5,85.5,80.5,80.5,98,98,70.5,70.5,65.5,65.5,43,43,38,38,33,33,"Inequality","","strongly disagree","neither agree
nor disagree","strongly disagree","disagree somewhat","agree somewhat","agree somewhat","strongly disagree","strongly agree","neither agree
nor disagree","neither agree
nor disagree","agree somewhat","Male",36,"United States of America","High school graduate (high school diploma or equivalent including GED)",4,4,4,33.3333333333333,26.6666666666667,26.6666666666667,40,20,40,20,33.3333333333333,40,20,40,20,20,20,20,20,50.1960784313725,50.2222222222222,50.2222222222222,50.2941176470588,50.2941176470588,50.3125,50.3125,50.2564102564103,50.3571428571429,50.3571428571429,50.3846153846154,50.3846153846154,50.5882352941176,50.6666666666667,50.6666666666667,50.7692307692308,1,3,1,2,4,4,1,5,3,3,4,1,3
"R_2YxoI5z4Q6KWf3a","HL",75,1.3,45,"Prosocial",1309,1294,"HL","HH","LH","LL",38,75,25,25,25,50,5,10,"HL-LH","Random","","LL","HL","LH","HH","Inequality","",75,50,50,75,25,50,5,75,50,25,38,5,25,20,5,25,"Welfare","",128,128,113,113,86,85,81,80,98,98,71,70,80,51,43,43,38,38,33,33,"Other","in all but one i split it 50/50 as that is what we were told happens at the start. however, i noticed a disparity in one example and altered my usual response to address this, i may have done this on other earlier examples if i had noticed earlier","strongly disagree","agree somewhat","agree somewhat","disagree somewhat","strongly agree","disagree somewhat","agree somewhat","strongly agree","agree somewhat","strongly agree","strongly agree","Male",48,"United Kingdom of Great Britain and Northern Ireland","High school graduate (high school diploma or equivalent including GED)",2,6,2,100,66.6666666666667,66.6666666666667,100,100,66.6666666666667,20,100,66.6666666666667,100,50.6666666666667,20,100,80,20,100,50.1960784313725,50.2222222222222,50.2222222222222,50.5882352941176,50,50.625,50,50.2564102564103,50.7142857142857,50,61.5384615384615,39.2307692307692,50.5882352941176,50.6666666666667,50.6666666666667,50.7692307692308,1,4,4,2,5,2,4,5,4,5,5,1,4
"R_23gySaCKpwEGkFm","HL",75,1.3,16.26,"Individualistic",1435,1115,"HH","HL","LL","LH",50,50,50,50,50,50,10,10,"HH-LL","Welfare","","HH","LH","HL","LL","Welfare","",60,60,60,65,15,50,15,60,60,15,60,15,10,10,10,10,"Welfare","",127,129,113,113,100,71,100,61,96,100,100,41,100,31,43,43,46,30,33,33,"Welfare","","disagree somewhat","disagree somewhat","disagree somewhat","disagree somewhat","agree somewhat","disagree somewhat","agree somewhat","strongly agree","disagree somewhat","agree somewhat","agree somewhat","Female",47,"United Kingdom of Great Britain and Northern Ireland","Some college but no degree",5,5,3,80,80,80,86.6666666666667,60,66.6666666666667,60,80,80,60,80,60,40,40,40,40,49.8039215686275,50.2222222222222,50.2222222222222,58.8235294117647,41.7647058823529,62.5,38.125,49.2307692307692,71.4285714285714,29.2857142857143,76.9230769230769,23.8461538461538,50.5882352941176,61.3333333333333,40,50.7692307692308,2,2,2,2,4,2,4,5,2,4,4,2,2
"R_3fxj5fVTD535Ocx","HL",75,1.3,34.88,"Prosocial",1289,1221,"HH","HL","LH","LL",38,38,15,20,25,15,10,5,"HL-LH","Inequality","","LL","LH","HL","HH","Inequality","",75,75,75,25,10,25,10,75,25,10,25,10,25,15,10,25,"Welfare","",128,128,113,113,85.5,85.5,80.5,80.5,98,98,70.5,70.5,65.5,65.5,43,43,38,38,33,33,"Inequality","","disagree somewhat","strongly disagree","strongly disagree","strongly disagree","neither agree
nor disagree","disagree somewhat","neither agree
nor disagree","agree somewhat","neither agree
nor disagree","strongly agree","strongly agree","Female",32,"United States of America","Some college but no degree",4,3,5,100,100,100,33.3333333333333,40,33.3333333333333,40,100,33.3333333333333,40,33.3333333333333,40,100,60,40,100,50.1960784313725,50.2222222222222,50.2222222222222,50.2941176470588,50.2941176470588,50.3125,50.3125,50.2564102564103,50.3571428571429,50.3571428571429,50.3846153846154,50.3846153846154,50.5882352941176,50.6666666666667,50.6666666666667,50.7692307692308,2,1,1,1,3,2,3,4,3,5,5,2,1
"R_1Qg7ZRQhZdonAnt","HL",75,1.3,37.48,"Prosocial",1286,1231,"HL","HH","LH","LL",25,25,30,30,25,25,10,10,"HL-LH","Welfare","","LL","LH","HL","HH","Inequality","",75,30,30,30,10,30,10,75,30,10,30,10,25,25,25,25,"Welfare","",128,128,113,113,86,85,81,80,98,98,90,51,66,65,43,43,38,38,33,33,"Similarity","","disagree somewhat","agree somewhat","neither agree
nor disagree","disagree somewhat","agree somewhat","neither agree
nor disagree","agree somewhat","strongly agree","agree somewhat","strongly agree","strongly agree","Female",31,"United States of America","High school graduate (high school diploma or equivalent including GED)",1,1,7,100,40,40,40,40,40,40,100,40,40,40,40,100,100,100,100,50.1960784313725,50.2222222222222,50.2222222222222,50.5882352941176,50,50.625,50,50.2564102564103,64.2857142857143,36.4285714285714,50.7692307692308,50,50.5882352941176,50.6666666666667,50.6666666666667,50.7692307692308,2,4,3,2,4,3,4,5,4,5,5,2,4
"R_yF2ePnFZxCBkqL7","HL",75,1.3,36.12,"Prosocial",1305,1275,"HH","HL","LH","LL",75,74,75,45,40,35,10,15,"HL-LH","Inequality","","LL","LH","HL","HH","Welfare","",75,75,75,75,25,75,20,40,70,20,75,25,20,25,20,25,"Welfare","",128,128,113,113,85.5,85.5,80.5,80.5,98,98,70.5,70.5,65.5,65.5,43,43,38,38,33,33,"Welfare","","strongly disagree","strongly agree","strongly disagree","disagree somewhat","strongly agree","strongly disagree","strongly disagree","strongly agree","strongly agree","strongly agree","strongly agree","Male",25,"United States of America","Some college but no degree",2,2,6,100,100,100,100,100,100,80,53.3333333333333,93.3333333333333,80,100,100,80,100,80,100,50.1960784313725,50.2222222222222,50.2222222222222,50.2941176470588,50.2941176470588,50.3125,50.3125,50.2564102564103,50.3571428571429,50.3571428571429,50.3846153846154,50.3846153846154,50.5882352941176,50.6666666666667,50.6666666666667,50.7692307692308,1,5,1,2,5,1,1,5,5,5,5,1,5
"R_3F4FCuk3NJjRO9l","HL",75,1.3,37.48,"Prosocial",1306,1241,"HH","HL","LH","LL",50,50,50,50,50,50,15,10,"HH-LL","Welfare","","LL","LH","HL","HH","Welfare","",75,75,75,75,25,50,15,75,50,20,15,8,15,15,10,25,"Welfare","",128,128,113,113,90,81,90,71,98,98,81,60,85,46,43,43,38,38,33,33,"Inequality","","strongly disagree","strongly agree","strongly disagree","disagree somewhat","agree somewhat","strongly disagree","strongly disagree","strongly agree","disagree somewhat","strongly agree","strongly agree","Female",28,"United States of America","Bachelor's degree in college (4-year)",2,1,2,100,100,100,100,100,66.6666666666667,60,100,66.6666666666667,80,20,32,60,60,40,100,50.1960784313725,50.2222222222222,50.2222222222222,52.9411764705882,47.6470588235294,56.25,44.375,50.2564102564103,57.8571428571429,42.8571428571429,65.3846153846154,35.3846153846154,50.5882352941176,50.6666666666667,50.6666666666667,50.7692307692308,1,5,1,2,4,1,1,5,2,5,5,1,5
"R_31QvSer9fTajxDY","HL",75,1.3,7.82,"Individualistic",1444,1069,"HH","HL","LH","LL",0,25,5,0,0,25,20,10,"HH-LL","Welfare","","HH","HL","LH","LL","Welfare","",25,25,10,15,0,25,10,25,10,10,10,15,20,15,15,15,"Welfare","",128,128,113,113,111,60,110,51,98,98,96,45,91,40,43,43,38,38,33,33,"Welfare","","agree somewhat","agree somewhat","agree somewhat","agree somewhat","agree somewhat","agree somewhat","neither agree
nor disagree","strongly agree","neither agree
nor disagree","agree somewhat","agree somewhat","Male",42,"United Kingdom of Great Britain and Northern Ireland","Bachelor's degree in college (4-year)",6,2,4,33.3333333333333,33.3333333333333,13.3333333333333,20,0,33.3333333333333,40,33.3333333333333,13.3333333333333,40,13.3333333333333,60,80,60,60,60,50.1960784313725,50.2222222222222,50.2222222222222,65.2941176470588,35.2941176470588,68.75,31.875,50.2564102564103,68.5714285714286,32.1428571428571,70,30.7692307692308,50.5882352941176,50.6666666666667,50.6666666666667,50.7692307692308,4,4,4,4,4,4,3,5,3,4,4,4,4
"R_3qerjizV07uCjDW","HL",75,1.3,31.3,"Prosocial",1298,1207,"HH","HL","LH","LL",35,20,25,12,20,15,15,13,"HL-LH","Inequality","","LL","LH","HL","HH","Inequality","",50,20,36,45,20,40,15,45,27,14,35,21,20,15,15,15,"Welfare","",128,128,126,100,110,61,92,69,98,98,90,51,86,45,43,43,40,36,33,33,"Inequality","","neither agree
nor disagree","agree somewhat","disagree somewhat","strongly disagree","disagree somewhat","strongly agree","agree somewhat","neither agree
nor disagree","disagree somewhat","agree somewhat","agree somewhat","Male",35,"United Kingdom of Great Britain and Northern Ireland","Bachelor's degree in college (4-year)",5,5,5,66.6666666666667,26.6666666666667,48,60,80,53.3333333333333,60,60,36,56,46.6666666666667,84,80,60,60,60,50.1960784313725,56,44.4444444444444,64.7058823529412,35.8823529411765,57.5,43.125,50.2564102564103,64.2857142857143,36.4285714285714,66.1538461538461,34.6153846153846,50.5882352941176,53.3333333333333,48,50.7692307692308,3,4,2,1,2,5,4,3,2,4,4,3,4
"R_1GH9AyaOQjRPJZz","HL",75,1.3,7.82,"Individualistic",1455,1075,"HL","HH","LH","LL",0,10,0,0,15,15,10,10,"HL-LH","Inequality","","LL","LH","HL","HH","Inequality","",75,75,75,20,25,20,25,75,20,25,20,25,25,25,25,25,"Welfare","",128,128,114,112,95,76,100,61,98,98,90,51,80,51,43,43,38,38,33,33,"Welfare","","disagree somewhat","agree somewhat","strongly disagree","neither agree
nor disagree","disagree somewhat","neither agree
nor disagree","strongly agree","agree somewhat","strongly disagree","strongly agree","strongly agree","I prefer not to say",29,"United States of America","Bachelor's degree in college (4-year)",1,1,4,100,100,100,26.6666666666667,100,26.6666666666667,100,100,26.6666666666667,100,26.6666666666667,100,100,100,100,100,50.1960784313725,50.6666666666667,49.7777777777778,55.8823529411765,44.7058823529412,62.5,38.125,50.2564102564103,64.2857142857143,36.4285714285714,61.5384615384615,39.2307692307692,50.5882352941176,50.6666666666667,50.6666666666667,50.7692307692308,2,4,1,3,2,3,5,4,1,5,5,2,4
"R_e4KkVgxfKk1vKWB","HL",75,1.3,34.88,"Prosocial",1319,1219,"HH","HL","LH","LL",50,50,10,10,50,50,10,10,"HL-LH","Welfare","","HH","HL","LH","LL","Similarity","",50,50,50,15,10,15,10,50,20,10,20,10,10,10,10,10,"Inequality","",128,128,125,101,100,71,111,50,98,98,91,50,98,33,43,43,40,36,33,33,"Inequality","","disagree somewhat","agree somewhat","disagree somewhat","agree somewhat","agree somewhat","disagree somewhat","disagree somewhat","strongly agree","strongly agree","strongly agree","agree somewhat","Female",50,"United Kingdom of Great Britain and Northern Ireland","High school graduate (high school diploma or equivalent including GED)",5,3,4,66.6666666666667,66.6666666666667,66.6666666666667,20,40,20,40,66.6666666666667,26.6666666666667,40,26.6666666666667,40,40,40,40,40,50.1960784313725,55.5555555555556,44.8888888888889,58.8235294117647,41.7647058823529,69.375,31.25,50.2564102564103,65,35.7142857142857,75.3846153846154,25.3846153846154,50.5882352941176,53.3333333333333,48,50.7692307692308,2,4,2,4,4,2,2,5,5,5,4,2,4
"R_1oqkzT2YCfCHLec","HL",75,1.3,45,"Prosocial",1276,1256,"HH","LH","HL","LL",30,25,30,10,20,25,10,10,"HL-LH","Inequality","","LL","HH","HL","LH","Random","",50,30,30,30,25,20,25,30,30,25,20,10,25,25,25,10,"Inequality","",128,128,128,98,128,43,121,40,98,98,90,51,90,41,43,43,43,33,33,33,"Other","I switched between though processes, so in the beginning, I gave people what they put in and later, I tried to even it out. So it was a little random still...","disagree somewhat","strongly agree","strongly agree","neither agree
nor disagree","agree somewhat","neither agree
nor disagree","agree somewhat","strongly agree","neither agree
nor disagree","agree somewhat","neither agree
nor disagree","Female",49,"United States of America","High school graduate (high school diploma or equivalent including GED)",4,5,3,66.6666666666667,40,40,40,100,26.6666666666667,100,40,40,100,26.6666666666667,40,100,100,100,40,50.1960784313725,56.8888888888889,43.5555555555556,75.2941176470588,25.2941176470588,75.625,25,50.2564102564103,64.2857142857143,36.4285714285714,69.2307692307692,31.5384615384615,50.5882352941176,57.3333333333333,44,50.7692307692308,2,5,5,3,4,3,4,5,3,4,3,2,5
"R_1K29InYHZ1fep9X","HL",75,1.3,45,"Prosocial",1235,1315,"HH","HL","LH","LL",50,50,25,25,38,38,25,25,"HH-LL","Welfare","","LL","LH","HL","HH","Inequality","",38,38,38,38,25,38,25,38,38,25,38,25,25,25,25,25,"Inequality","",128,128,113,113,86,85,81,80,98,98,71,70,66,65,43,43,38,38,33,33,"Inequality","","disagree somewhat","agree somewhat","disagree somewhat","disagree somewhat","neither agree
nor disagree","disagree somewhat","disagree somewhat","strongly agree","neither agree
nor disagree","strongly agree","agree somewhat","Female",44,"United States of America","Bachelor's degree in college (4-year)",2,2,4,50.6666666666667,50.6666666666667,50.6666666666667,50.6666666666667,100,50.6666666666667,100,50.6666666666667,50.6666666666667,100,50.6666666666667,100,100,100,100,100,50.1960784313725,50.2222222222222,50.2222222222222,50.5882352941176,50,50.625,50,50.2564102564103,50.7142857142857,50,50.7692307692308,50,50.5882352941176,50.6666666666667,50.6666666666667,50.7692307692308,2,4,2,2,3,2,2,5,3,5,4,2,4
"R_1PTNFpne9N1AHmv","HL",75,1.3,34.88,"Prosocial",1368,1198,"HL","LH","HH","LL",25,25,25,25,25,25,15,10,"HL-LH","Welfare","","HL","HH","LL","LH","Welfare","",50,50,50,25,25,50,25,50,50,25,25,25,25,25,25,25,"Welfare","",128,128,128,98,128,43,128,33,98,98,95,46,98,33,43,43,33,43,33,33,"Welfare","","disagree somewhat","strongly agree","disagree somewhat","strongly disagree","strongly agree","agree somewhat","agree somewhat","strongly agree","neither agree
nor disagree","agree somewhat","agree somewhat","Male",44,"United States of America","High school graduate (high school diploma or equivalent including GED)",2,2,2,66.6666666666667,66.6666666666667,66.6666666666667,33.3333333333333,100,66.6666666666667,100,66.6666666666667,66.6666666666667,100,33.3333333333333,100,100,100,100,100,50.1960784313725,56.8888888888889,43.5555555555556,75.2941176470588,25.2941176470588,80,20.625,50.2564102564103,67.8571428571429,32.8571428571429,75.3846153846154,25.3846153846154,50.5882352941176,44,57.3333333333333,50.7692307692308,2,5,2,1,5,4,4,5,3,4,4,2,5
"R_2zYYEgN1Dr4FG8G","HL",75,1.3,16.26,"Individualistic",1430,1100,"HH","HL","LH","LL",75,75,75,75,75,75,25,25,"HL-LH","Inequality","","LL","LH","HL","HH","Inequality","",75,75,75,75,25,75,25,75,75,25,75,25,25,25,25,25,"Inequality","",128,128,113,113,86,85,81,80,98,98,71,70,66,65,43,43,38,38,33,33,"Inequality","","disagree somewhat","neither agree
nor disagree","disagree somewhat","neither agree
nor disagree","neither agree
nor disagree","disagree somewhat","neither agree
nor disagree","neither agree
nor disagree","disagree somewhat","strongly agree","strongly agree","Male",30,"United States of America","Some college but no degree",2,2,6,100,100,100,100,100,100,100,100,100,100,100,100,100,100,100,100,50.1960784313725,50.2222222222222,50.2222222222222,50.5882352941176,50,50.625,50,50.2564102564103,50.7142857142857,50,50.7692307692308,50,50.5882352941176,50.6666666666667,50.6666666666667,50.7692307692308,2,3,2,3,3,2,3,3,2,5,5,2,3
"R_2bGYlJVwJVd6Du3","HL",75,1.3,6.99,"Individualistic",1453,1071,"HH","HL","LH","LL",15,25,5,5,30,30,5,4,"HH-LL","Similarity","","HH","HL","LH","LL","Welfare","",75,40,35,35,5,25,3,75,25,7,30,5,25,10,8,25,"Welfare","",128,128,113,113,110,61,100,61,98,98,90,51,90,41,43,43,38,38,33,33,"Inequality","","strongly disagree","strongly agree","disagree somewhat","disagree somewhat","neither agree
nor disagree","disagree somewhat","strongly disagree","agree somewhat","agree somewhat","strongly agree","strongly agree","Male",45,"United States of America","Some college but no degree",1,2,6,100,53.3333333333333,46.6666666666667,46.6666666666667,20,33.3333333333333,12,100,33.3333333333333,28,40,20,100,40,32,100,50.1960784313725,50.2222222222222,50.2222222222222,64.7058823529412,35.8823529411765,62.5,38.125,50.2564102564103,64.2857142857143,36.4285714285714,69.2307692307692,31.5384615384615,50.5882352941176,50.6666666666667,50.6666666666667,50.7692307692308,1,5,2,2,3,2,1,4,4,5,5,1,5
"R_30e3i4XxCRMkkTn","HL",75,1.3,45.21,"Prosocial",1128,1242,"LL","LH","HH","HL",30,20,25,15,15,25,20,25,"HH-LL","Inequality","","LH","HH","HL","LL","Welfare","",50,25,40,20,10,15,25,40,25,10,20,25,20,15,20,15,"Inequality","",128,128,98,128,43,128,128,33,98,98,98,43,33,98,43,43,43,33,33,33,"Welfare","","strongly agree","agree somewhat","disagree somewhat","disagree somewhat","strongly agree","strongly agree","agree somewhat","agree somewhat","agree somewhat","neither agree
nor disagree","disagree somewhat","Male",35,"United States of America","High school graduate (high school diploma or equivalent including GED)",2,4,6,66.6666666666667,33.3333333333333,53.3333333333333,26.6666666666667,40,20,100,53.3333333333333,33.3333333333333,40,26.6666666666667,100,80,60,80,60,50.1960784313725,43.5555555555556,56.8888888888889,25.2941176470588,75.2941176470588,80,20.625,50.2564102564103,70,30.7142857142857,25.3846153846154,75.3846153846154,50.5882352941176,57.3333333333333,44,50.7692307692308,5,4,2,2,5,5,4,4,4,3,2,5,4
"R_1OZUJTzcE18xVAq","HL",75,1.3,23.89,"Prosocial",1419,1137,"HH","HL","LL","LH",10,10,10,10,10,15,10,15,"HL-LH","Welfare","","LL","LH","HL","HH","Welfare","",15,20,20,10,10,10,10,10,10,15,10,15,10,15,15,10,"Welfare","",128,128,98,128,96,75,128,33,98,98,98,43,98,33,43,43,43,33,33,33,"Welfare","","neither agree
nor disagree","strongly disagree","strongly disagree","neither agree
nor disagree","strongly disagree","strongly disagree","strongly disagree","strongly disagree","strongly disagree","agree somewhat","agree somewhat","Male",30,"United States of America","Doctoral degree",7,7,4,20,26.6666666666667,26.6666666666667,13.3333333333333,40,13.3333333333333,40,13.3333333333333,13.3333333333333,60,13.3333333333333,60,40,60,60,40,50.1960784313725,43.5555555555556,56.8888888888889,56.4705882352941,44.1176470588235,80,20.625,50.2564102564103,70,30.7142857142857,75.3846153846154,25.3846153846154,50.5882352941176,57.3333333333333,44,50.7692307692308,3,1,1,3,1,1,1,1,1,4,4,3,1
"R_Xqbu460XwHADi8x","HL",75,1.3,34.88,"Prosocial",1288,1225,"HH","HL","LH","LL",75,75,75,75,30,25,10,10,"HL-LH","Inequality","","LL","LH","HL","HH","Inequality","",75,75,75,50,25,50,25,75,75,25,75,25,25,25,25,25,"Other","I think each individual group needs to try to reach maximum benefit without hurting themselves. In most cases this means giving all of their points to the common account. In my own case though I will still give all my points no matter what. This is why I answered the way I did. I will try to give maximum benefit to the other player as well even at the expense of myself because I believe it is the right thing to do and what I hope the other person will do for me. If they don't then that is fine but I am hoping they go all in as well.",128,128,113,113,86,85,81,80,98,98,71,70,66,65,43,43,38,38,33,33,"Other","I think that if both teams went all in, they should have the points in the joint account equally split as they both risked everything. If someone wants to protect their points, they shouldn't put them in the first place. Also, I think that it is a risk when you put your points in so you should be willing to lose. It has already been stated that the points will be split equally so if it has been stated that way then that is the way it should be even if some stand to lose. They knew what they got into. So equal splits no matter what happens.","disagree somewhat","agree somewhat","strongly disagree","neither agree
nor disagree","agree somewhat","agree somewhat","agree somewhat","strongly agree","disagree somewhat","agree somewhat","agree somewhat","Male",31,"United States of America","Some college but no degree",4,3,5,100,100,100,66.6666666666667,100,66.6666666666667,100,100,100,100,100,100,100,100,100,100,50.1960784313725,50.2222222222222,50.2222222222222,50.5882352941176,50,50.625,50,50.2564102564103,50.7142857142857,50,50.7692307692308,50,50.5882352941176,50.6666666666667,50.6666666666667,50.7692307692308,2,4,1,3,4,4,4,5,2,4,4,2,4
"R_82eszKjW0QhVYjL","HL",75,1.3,29.2,"Prosocial",1340,1181,"HH","HL","LH","LL",20,30,20,20,20,25,5,10,"HL-LH","Welfare","","LL","LH","HL","HH","Similarity","",30,30,35,25,10,30,10,20,40,15,25,20,15,20,15,10,"Welfare","",128,128,113,113,85.5,85.5,80.5,80.5,98,98,70.5,70.5,65.5,65.5,43,43,38,38,33,33,"Similarity","","strongly disagree","disagree somewhat","agree somewhat","strongly disagree","strongly agree","strongly agree","strongly agree","strongly agree","strongly agree","strongly agree","strongly agree","Male",29,"United States of America","Bachelor's degree in college (4-year)",6,6,1,40,40,46.6666666666667,33.3333333333333,40,40,40,26.6666666666667,53.3333333333333,60,33.3333333333333,80,60,80,60,40,50.1960784313725,50.2222222222222,50.2222222222222,50.2941176470588,50.2941176470588,50.3125,50.3125,50.2564102564103,50.3571428571429,50.3571428571429,50.3846153846154,50.3846153846154,50.5882352941176,50.6666666666667,50.6666666666667,50.7692307692308,1,2,4,1,5,5,5,5,5,5,5,1,2
"R_8kobkTS4h3Vup6F","HL",75,1.3,37.48,"Prosocial",1293,1238,"HH","HL","LH","LL",60,50,50,50,60,50,20,15,"HL-LH","Inequality","","LL","HH","HL","LH","Inequality","",60,50,60,50,20,50,15,50,25,15,25,25,20,15,15,15,"Welfare","",128,128,128,98,128,43,128,33,98,98,71,70,98,33,43,43,33,43,33,33,"Welfare","","strongly disagree","agree somewhat","strongly agree","neither agree
nor disagree","strongly agree","agree somewhat","neither agree
nor disagree","strongly agree","agree somewhat","strongly agree","strongly agree","Male",42,"United States of America","Associate degree in college (2-year)",5,5,3,80,66.6666666666667,80,66.6666666666667,80,66.6666666666667,60,66.6666666666667,33.3333333333333,60,33.3333333333333,100,80,60,60,60,50.1960784313725,56.8888888888889,43.5555555555556,75.2941176470588,25.2941176470588,80,20.625,50.2564102564103,50.7142857142857,50,75.3846153846154,25.3846153846154,50.5882352941176,44,57.3333333333333,50.7692307692308,1,4,5,3,5,4,3,5,4,5,5,1,4
"R_11ZK59RlAQVw2yp","HL",75,1.3,7.82,"Individualistic",1444,1074,"HL","HH","LH","LL",35,75,10,75,55,35,10,10,"HL-LH","Welfare","","LL","LH","HL","HH","Welfare","",75,40,35,35,15,40,15,40,30,15,40,15,20,15,10,15,"Welfare","",128,128,113,113,101,70,100,61,98,98,71,70,90,41,43,43,38,38,33,33,"Welfare","","agree somewhat","agree somewhat","agree somewhat","disagree somewhat","agree somewhat","agree somewhat","strongly agree","agree somewhat","disagree somewhat","disagree somewhat","disagree somewhat","Male",40,"United States of America","Bachelor's degree in college (4-year)",5,3,3,100,53.3333333333333,46.6666666666667,46.6666666666667,60,53.3333333333333,60,53.3333333333333,40,60,53.3333333333333,60,80,60,40,60,50.1960784313725,50.2222222222222,50.2222222222222,59.4117647058824,41.1764705882353,62.5,38.125,50.2564102564103,50.7142857142857,50,69.2307692307692,31.5384615384615,50.5882352941176,50.6666666666667,50.6666666666667,50.7692307692308,4,4,4,2,4,4,5,4,2,2,2,4,4
"R_vVyGgOZBbkbDgxb","HL",75,1.3,28.48,"Prosocial",1333,1203,"HL","HH","LH","LL",30,30,30,30,25,25,10,10,"HL-LH","Inequality","","LL","LH","HL","HH","Inequality","",40,35,30,40,10,35,10,30,30,10,30,10,10,10,10,15,"Inequality","",128,128,116,110,71,100,111,50,98,98,91,50,70,61,43,43,39,37,33,33,"Inequality","","strongly disagree","strongly agree","strongly disagree","strongly disagree","agree somewhat","strongly disagree","strongly disagree","strongly agree","neither agree
nor disagree","strongly agree","strongly agree","Female",24,"United States of America","Bachelor's degree in college (4-year)",1,1,7,53.3333333333333,46.6666666666667,40,53.3333333333333,40,46.6666666666667,40,40,40,40,40,40,40,40,40,60,50.1960784313725,51.5555555555556,48.8888888888889,41.7647058823529,58.8235294117647,69.375,31.25,50.2564102564103,65,35.7142857142857,53.8461538461538,46.9230769230769,50.5882352941176,52,49.3333333333333,50.7692307692308,1,5,1,1,4,1,1,5,3,5,5,1,5
"R_doOLaWOnN44rhU5","HL",75,1.3,45,"Prosocial",1278,1258,"HL","HH","LH","LL",50,50,25,25,50,50,15,15,"HL-LH","Inequality","","LH","LL","HL","HH","Inequality","",50,50,50,25,15,25,15,50,25,15,25,15,15,15,15,15,"Inequality","",128,128,113,113,128,43,50,111,98,98,66,75,75,56,43,43,38,38,33,33,"Welfare","","disagree somewhat","strongly disagree","agree somewhat","agree somewhat","agree somewhat","agree somewhat","agree somewhat","strongly agree","disagree somewhat","strongly agree","agree somewhat","Female",50,"United States of America","Associate degree in college (2-year)",5,5,5,66.6666666666667,66.6666666666667,66.6666666666667,33.3333333333333,60,33.3333333333333,60,66.6666666666667,33.3333333333333,60,33.3333333333333,60,60,60,60,60,50.1960784313725,50.2222222222222,50.2222222222222,75.2941176470588,25.2941176470588,31.25,69.375,50.2564102564103,47.1428571428571,53.5714285714286,57.6923076923077,43.0769230769231,50.5882352941176,50.6666666666667,50.6666666666667,50.7692307692308,2,1,4,4,4,4,4,5,2,5,4,2,1
"R_3nc0e0j40OuIzcV","HL",75,1.3,15.48,"Individualistic",1442,1107,"HH","HL","LH","LL",20,20,15,20,20,20,15,20,"HL-LH","Inequality","","LL","LH","HL","HH","Inequality","",20,15,15,15,15,15,15,15,15,15,7,15,20,6,7,15,"Inequality","",125,131,111,115,80,91,80,81,98,98,70,71,66,65,43,43,36,40,33,33,"Similarity","","strongly disagree","neither agree
nor disagree","strongly disagree","disagree somewhat","neither agree
nor disagree","disagree somewhat","agree somewhat","agree somewhat","neither agree
nor disagree","strongly agree","strongly agree","Male",32,"United States of America","Bachelor's degree in college (4-year)",4,4,4,26.6666666666667,20,20,20,60,20,60,20,20,60,9.33333333333333,60,80,24,28,60,49.0196078431373,49.3333333333333,51.1111111111111,47.0588235294118,53.5294117647059,50,50.625,50.2564102564103,50,50.7142857142857,50.7692307692308,50,50.5882352941176,48,53.3333333333333,50.7692307692308,1,3,1,2,3,2,4,4,3,5,5,1,3
"R_1eJgOmJ1ubVLjxB","HL",75,1.3,18.15,"Individualistic",1438,1118,"HH","HL","LH","LL",25,25,25,25,25,25,25,25,"HL-LH","Welfare","","HH","HL","LH","LL","Similarity","",25,25,25,25,25,25,25,25,25,25,25,25,25,25,25,25,"Similarity","",128,128,113,113,86,85,80,81,98,98,71,70,65,66,43,43,38,38,33,33,"Similarity","","disagree somewhat","neither agree
nor disagree","strongly agree","neither agree
nor disagree","agree somewhat","neither agree
nor disagree","disagree somewhat","strongly agree","strongly disagree","agree somewhat","neither agree
nor disagree","Female",37,"United States of America","Some college but no degree",6,5,4,33.3333333333333,33.3333333333333,33.3333333333333,33.3333333333333,100,33.3333333333333,100,33.3333333333333,33.3333333333333,100,33.3333333333333,100,100,100,100,100,50.1960784313725,50.2222222222222,50.2222222222222,50.5882352941176,50,50,50.625,50.2564102564103,50.7142857142857,50,50,50.7692307692308,50.5882352941176,50.6666666666667,50.6666666666667,50.7692307692308,2,3,5,3,4,3,2,5,1,4,3,2,3
"R_2SuWwHmxvGhv6tX","HL",75,1.3,22.15,"Individualistic",1254,1128,"LL","HL","HH","LH",75,75,75,10,75,75,5,25,"HL-LH","Inequality","","HH","LL","LH","HL","Similarity","",75,25,75,75,25,75,25,25,25,25,75,25,25,25,25,25,"Welfare","",131,125,126,100,100,71,75,86,100,96,75,66,50,81,40,46,36,40,33,33,"Welfare","","agree somewhat","neither agree
nor disagree","agree somewhat","neither agree
nor disagree","neither agree
nor disagree","neither agree
nor disagree","agree somewhat","agree somewhat","agree somewhat","agree somewhat","neither agree
nor disagree","Female",26,"United States of America","Bachelor's degree in college (4-year)",1,5,6,100,33.3333333333333,100,100,100,100,100,33.3333333333333,33.3333333333333,100,100,100,100,100,100,100,51.3725490196078,56,44.4444444444444,58.8235294117647,41.7647058823529,46.875,53.75,51.2820512820513,53.5714285714286,47.1428571428571,38.4615384615385,62.3076923076923,47.0588235294118,48,53.3333333333333,50.7692307692308,4,3,4,3,3,3,4,4,4,4,3,4,3
"R_2f1VFRxM758AoLD","HL",75,1.3,7.82,"Individualistic",1455,1075,"HH","HL","LH","LL",50,50,32,15,50,50,20,20,"HH-LL","Similarity","","HH","HL","LH","LL","Welfare","",75,75,75,75,25,75,25,75,25,25,75,25,25,25,25,25,"Welfare","",128,128,113,113,85.5,85.5,80.5,80.5,98,98,70.5,70.5,65.5,65.5,43,43,38,38,33,33,"Similarity","","agree somewhat","disagree somewhat","disagree somewhat","strongly agree","strongly disagree","disagree somewhat","agree somewhat","neither agree
nor disagree","strongly disagree","strongly disagree","disagree somewhat","Male",49,"United States of America","Bachelor's degree in college (4-year)",6,4,4,100,100,100,100,100,100,100,100,33.3333333333333,100,100,100,100,100,100,100,50.1960784313725,50.2222222222222,50.2222222222222,50.2941176470588,50.2941176470588,50.3125,50.3125,50.2564102564103,50.3571428571429,50.3571428571429,50.3846153846154,50.3846153846154,50.5882352941176,50.6666666666667,50.6666666666667,50.7692307692308,4,2,2,5,1,2,4,3,1,1,2,4,2
"R_3mgdiIqBmvCPIqp","HL",75,1.3,45,"Prosocial",1268,1265,"HH","HL","LH","LL",0,0,5,5,10,0,10,0,"HL-LH","Inequality","","LL","LH","HL","HH","Inequality","",75,75,75,75,25,75,25,75,75,25,75,25,25,25,25,25,"Welfare","",128,128,113,113,86,85,81,80,98,98,71,70,67,64,43,43,38,38,33,33,"Inequality","","strongly disagree","strongly agree","strongly disagree","strongly disagree","strongly agree","strongly disagree","neither agree
nor disagree","strongly agree","agree somewhat","strongly agree","strongly agree","Female",29,"United States of America","Doctoral degree",1,1,7,100,100,100,100,100,100,100,100,100,100,100,100,100,100,100,100,50.1960784313725,50.2222222222222,50.2222222222222,50.5882352941176,50,50.625,50,50.2564102564103,50.7142857142857,50,51.5384615384615,49.2307692307692,50.5882352941176,50.6666666666667,50.6666666666667,50.7692307692308,1,5,1,1,5,1,3,5,4,5,5,1,5
"R_XNjWAY7aVfIRBTz","HL",75,1.3,16.26,"Individualistic",1436,1116,"HL","HH","LH","LL",25,25,20,10,30,15,25,10,"HH-LL","Similarity","","LL","LH","HL","HH","Welfare","",35,35,30,35,15,35,10,35,25,10,25,10,15,15,10,10,"Welfare","",128,128,113,113,85,86,81,80,98,98,70,71,66,65,43,43,38,38,33,33,"Similarity","","strongly disagree","strongly agree","strongly disagree","strongly disagree","strongly agree","strongly disagree","strongly disagree","strongly agree","agree somewhat","strongly agree","strongly agree","Female",33,"United States of America","Some college but no degree",1,1,7,46.6666666666667,46.6666666666667,40,46.6666666666667,60,46.6666666666667,40,46.6666666666667,33.3333333333333,40,33.3333333333333,40,60,60,40,40,50.1960784313725,50.2222222222222,50.2222222222222,50,50.5882352941176,50.625,50,50.2564102564103,50,50.7142857142857,50.7692307692308,50,50.5882352941176,50.6666666666667,50.6666666666667,50.7692307692308,1,5,1,1,5,1,1,5,4,5,5,1,5
"R_0AiCyM67wmLTRE5","HL",75,1.3,7.82,"Individualistic",1455,1075,"HH","HL","LH","LL",0,0,0,0,15,15,5,5,"HL-LH","Inequality","","LL","LH","HL","HH","Inequality","",75,75,75,75,25,75,25,75,75,25,75,25,25,25,25,25,"Welfare","",128,128,113,113,85.5,85.5,80.5,80.5,98,98,70.5,70.5,65.5,65.5,43,43,38,38,33,33,"Inequality","","strongly disagree","agree somewhat","neither agree
nor disagree","agree somewhat","strongly agree","agree somewhat","agree somewhat","strongly agree","agree somewhat","strongly agree","strongly agree","Female",24,"United States of America","Some college but no degree",2,1,7,100,100,100,100,100,100,100,100,100,100,100,100,100,100,100,100,50.1960784313725,50.2222222222222,50.2222222222222,50.2941176470588,50.2941176470588,50.3125,50.3125,50.2564102564103,50.3571428571429,50.3571428571429,50.3846153846154,50.3846153846154,50.5882352941176,50.6666666666667,50.6666666666667,50.7692307692308,1,4,3,4,5,4,4,5,4,5,5,1,4
"R_1msIuSZan1jNOGZ","HL",75,1.3,31.76,"Prosocial",1360,1205,"HH","HL","LH","LL",60,50,40,40,60,40,15,10,"HL-LH","Inequality","","LL","HL","LH","HH","Inequality","",75,75,75,75,25,75,25,75,75,25,75,25,25,25,25,25,"Welfare","",128,128,113,113,120,51,110,51,98,98,90,51,90,41,43,43,43,33,33,33,"Inequality","","strongly disagree","strongly agree","strongly disagree","strongly disagree","strongly agree","strongly disagree","disagree somewhat","strongly agree","agree somewhat","strongly agree","strongly agree","Female",36,"United States of America","Bachelor's degree in college (4-year)",1,1,3,100,100,100,100,100,100,100,100,100,100,100,100,100,100,100,100,50.1960784313725,50.2222222222222,50.2222222222222,70.5882352941177,30,68.75,31.875,50.2564102564103,64.2857142857143,36.4285714285714,69.2307692307692,31.5384615384615,50.5882352941176,57.3333333333333,44,50.7692307692308,1,5,1,1,5,1,2,5,4,5,5,1,5
"R_u33eMNG0XdzgV3j","HL",75,1.3,-7.82,"Individualistic",1445,995,"HL","HH","LL","LH",10,10,10,10,10,10,5,10,"HL-LH","Welfare","","LL","HL","LH","HH","Welfare","",20,10,11,10,10,5,10,50,20,10,10,10,10,10,5,10,"Welfare","",128,128,113,113,81,90,80,81,98,98,70,71,56,75,43,43,31,45,33,33,"Similarity","","strongly disagree","agree somewhat","strongly disagree","disagree somewhat","strongly agree","strongly disagree","disagree somewhat","strongly agree","agree somewhat","strongly agree","strongly agree","Female",22,"United States of America","Associate degree in college (2-year)",2,2,6,26.6666666666667,13.3333333333333,14.6666666666667,13.3333333333333,40,6.66666666666667,40,66.6666666666667,26.6666666666667,40,13.3333333333333,40,40,40,20,40,50.1960784313725,50.2222222222222,50.2222222222222,47.6470588235294,52.9411764705882,50,50.625,50.2564102564103,50,50.7142857142857,43.0769230769231,57.6923076923077,50.5882352941176,41.3333333333333,60,50.7692307692308,1,4,1,2,5,1,2,5,4,5,5,1,4
"R_2VF5gmXCabGdsEX","HL",75,1.3,16.26,"Individualistic",1440,1110,"HH","HL","LH","LL",15,15,15,15,15,15,10,10,"HL-LH","Inequality","","LL","LH","HL","HH","Inequality","",25,25,15,25,10,25,10,25,25,10,25,10,10,10,5,25,"Inequality","",128,128,113,113,86,85,81,80,98,98,70,71,66,65,43,43,38,38,33,33,"Inequality","","neither agree
nor disagree","strongly disagree","strongly disagree","strongly disagree","agree somewhat","neither agree
nor disagree","neither agree
nor disagree","agree somewhat","neither agree
nor disagree","neither agree
nor disagree","agree somewhat","Male",37,"United States of America","Bachelor's degree in college (4-year)",4,4,6,33.3333333333333,33.3333333333333,20,33.3333333333333,40,33.3333333333333,40,33.3333333333333,33.3333333333333,40,33.3333333333333,40,40,40,20,100,50.1960784313725,50.2222222222222,50.2222222222222,50.5882352941176,50,50.625,50,50.2564102564103,50,50.7142857142857,50.7692307692308,50,50.5882352941176,50.6666666666667,50.6666666666667,50.7692307692308,3,1,1,1,4,3,3,4,3,3,4,3,1
"R_3HGKFOUjRAarVGE","HL",75,1.3,-7.82,"Individualistic",1455,1005,"HH","HL","LL","LH",10,10,20,20,10,10,10,10,"HH-LL","Welfare","","HH","HL","LL","LH","Similarity","",30,25,35,20,10,15,10,20,20,10,20,10,10,10,10,10,"Inequality","",128,128,126,100,90,81,90,71,98,98,70,71,76,55,43,43,32,44,33,33,"Inequality","","disagree somewhat","disagree somewhat","strongly agree","disagree somewhat","disagree somewhat","agree somewhat","strongly agree","strongly agree","neither agree
nor disagree","agree somewhat","strongly agree","Male",38,"United States of America","Bachelor's degree in college (4-year)",2,2,6,40,33.3333333333333,46.6666666666667,26.6666666666667,40,20,40,26.6666666666667,26.6666666666667,40,26.6666666666667,40,40,40,40,40,50.1960784313725,56,44.4444444444444,52.9411764705882,47.6470588235294,56.25,44.375,50.2564102564103,50,50.7142857142857,58.4615384615385,42.3076923076923,50.5882352941176,42.6666666666667,58.6666666666667,50.7692307692308,2,2,5,2,2,4,5,5,3,4,5,2,2
"R_1r6PWU3eS2l5AyJ","HL",75,1.3,33.08,"Prosocial",1332,1172,"HL","HH","LH","LL",10,10,10,10,10,10,10,10,"HL-LH","Similarity","","LL","LH","HL","HH","Similarity","",30,15,15,15,5,15,10,15,10,5,10,5,5,5,5,5,"Similarity","",128,128,113,113,85.5,85.5,80.5,80.5,98,98,70.5,70.5,65.5,65.5,43,43,38,38,33,33,"Similarity","","strongly disagree","strongly agree","strongly agree","strongly agree","strongly agree","strongly disagree","strongly agree","strongly agree","strongly agree","strongly agree","strongly agree","Female",49,"United States of America","Some college but no degree",7,7,4,40,20,20,20,20,20,40,20,13.3333333333333,20,13.3333333333333,20,20,20,20,20,50.1960784313725,50.2222222222222,50.2222222222222,50.2941176470588,50.2941176470588,50.3125,50.3125,50.2564102564103,50.3571428571429,50.3571428571429,50.3846153846154,50.3846153846154,50.5882352941176,50.6666666666667,50.6666666666667,50.7692307692308,1,5,5,5,5,1,5,5,5,5,5,1,5
"R_UikbsyKxUqaW9dD","HL",75,1.3,45,"Prosocial",1246,1259,"HH","HL","LH","LL",65,65,65,60,65,60,20,20,"HH-LL","Welfare","","LL","LH","HL","HH","Inequality","",75,70,70,70,20,75,25,70,70,20,70,25,20,20,20,25,"Welfare","",128,128,113,113,85.5,85.5,80.5,80.5,98,98,70.5,70.5,65.5,65.5,43,43,38,38,33,33,"Similarity","","disagree somewhat","neither agree
nor disagree","strongly disagree","disagree somewhat","neither agree
nor disagree","disagree somewhat","agree somewhat","strongly agree","neither agree
nor disagree","agree somewhat","agree somewhat","Male",23,"United States of America","Less than high school degree",4,3,3,100,93.3333333333333,93.3333333333333,93.3333333333333,80,100,100,93.3333333333333,93.3333333333333,80,93.3333333333333,100,80,80,80,100,50.1960784313725,50.2222222222222,50.2222222222222,50.2941176470588,50.2941176470588,50.3125,50.3125,50.2564102564103,50.3571428571429,50.3571428571429,50.3846153846154,50.3846153846154,50.5882352941176,50.6666666666667,50.6666666666667,50.7692307692308,2,3,1,2,3,2,4,5,3,4,4,2,3
"R_3MJWG4SV1jZwYBW","HL",75,1.3,7.82,"Individualistic",1455,1075,"HH","HL","LH","LL",25,25,15,10,25,25,5,5,"HL-LH","Inequality","","HH","HL","LH","LL","Similarity","",50,50,50,25,10,25,10,75,25,10,25,10,20,20,20,25,"Welfare","",128,128,113,113,85.5,85.5,80.5,80.5,98,98,70.5,70.5,65.5,65.5,43,43,38,38,33,33,"Similarity","","neither agree
nor disagree","agree somewhat","neither agree
nor disagree","neither agree
nor disagree","neither agree
nor disagree","neither agree
nor disagree","neither agree
nor disagree","neither agree
nor disagree","neither agree
nor disagree","neither agree
nor disagree","neither agree
nor disagree","Male",28,"United States of America","Some college but no degree",4,4,4,66.6666666666667,66.6666666666667,66.6666666666667,33.3333333333333,40,33.3333333333333,40,100,33.3333333333333,40,33.3333333333333,40,80,80,80,100,50.1960784313725,50.2222222222222,50.2222222222222,50.2941176470588,50.2941176470588,50.3125,50.3125,50.2564102564103,50.3571428571429,50.3571428571429,50.3846153846154,50.3846153846154,50.5882352941176,50.6666666666667,50.6666666666667,50.7692307692308,3,4,3,3,3,3,3,3,3,3,3,3,4
"R_BEwHkoNP95y3Zux","HL",75,1.3,7.82,"Individualistic",1455,1075,"HH","HL","LH","LL",0,0,15,15,0,0,0,0,"HH-LL","Welfare","","LL","HH","LH","HL","Welfare","",75,75,75,75,25,30,0,75,75,25,30,25,25,25,25,25,"Welfare","",128,128,113,113,86,85,80,81,98,98,70,71,66,65,43,43,38,38,33,33,"Inequality","","strongly disagree","strongly agree","disagree somewhat","strongly disagree","strongly agree","disagree somewhat","disagree somewhat","strongly agree","neither agree
nor disagree","strongly agree","strongly agree","Female",25,"United States of America","Some college but no degree",1,1,1,100,100,100,100,100,40,0,100,100,100,40,100,100,100,100,100,50.1960784313725,50.2222222222222,50.2222222222222,50.5882352941176,50,50,50.625,50.2564102564103,50,50.7142857142857,50.7692307692308,50,50.5882352941176,50.6666666666667,50.6666666666667,50.7692307692308,1,5,2,1,5,2,2,5,3,5,5,1,5
"R_AnfEsKpaNUY5T7r","HL",75,1.3,29.29,"Prosocial",1262,1189,"HH","LL","LH","HL",10,10,10,10,10,15,12,5,"HL-LH","Welfare","","LL","LH","HL","HH","Welfare","",25,25,25,25,10,10,10,25,25,10,10,10,10,10,10,10,"Welfare","",128,128,113,113,85,86,81,80,98,98,72,69,65,66,43,43,38,38,33,33,"Similarity","","strongly disagree","agree somewhat","strongly disagree","disagree somewhat","strongly disagree","strongly disagree","strongly disagree","strongly agree","strongly agree","strongly agree","strongly agree","Female",35,"United States of America","Master's degree",4,2,6,33.3333333333333,33.3333333333333,33.3333333333333,33.3333333333333,40,13.3333333333333,40,33.3333333333333,33.3333333333333,40,13.3333333333333,40,40,40,40,40,50.1960784313725,50.2222222222222,50.2222222222222,50,50.5882352941176,50.625,50,50.2564102564103,51.4285714285714,49.2857142857143,50,50.7692307692308,50.5882352941176,50.6666666666667,50.6666666666667,50.7692307692308,1,4,1,2,1,1,1,5,5,5,5,1,4
"R_2cwlgD4VVF8FCLj","HL",75,1.3,18.15,"Individualistic",1406,1086,"HH","LH","HL","LL",25,25,25,25,15,25,15,25,"HH-LL","Welfare","","LL","HL","LH","HH","Welfare","",75,15,25,25,15,25,15,75,25,15,25,15,25,10,5,25,"Welfare","",128,128,113,113,86,85,81,80,98,98,70,71,71,60,43,43,38,38,33,33,"Welfare","","neither agree
nor disagree","strongly disagree","strongly disagree","neither agree
nor disagree","neither agree
nor disagree","neither agree
nor disagree","neither agree
nor disagree","neither agree
nor disagree","neither agree
nor disagree","neither agree
nor disagree","strongly agree","Male",32,"United States of America","Bachelor's degree in college (4-year)",4,4,7,100,20,33.3333333333333,33.3333333333333,60,33.3333333333333,60,100,33.3333333333333,60,33.3333333333333,60,100,40,20,100,50.1960784313725,50.2222222222222,50.2222222222222,50.5882352941176,50,50.625,50,50.2564102564103,50,50.7142857142857,54.6153846153846,46.1538461538462,50.5882352941176,50.6666666666667,50.6666666666667,50.7692307692308,3,1,1,3,3,3,3,3,3,3,5,3,1
"R_2sXYgNW577d35HB","HL",75,1.3,16.26,"Individualistic",1440,1110,"HH","HL","LH","LL",50,50,15,15,50,50,10,10,"HH-LL","Similarity","","HL","HH","LH","LL","Similarity","",50,50,50,25,15,25,10,50,15,10,20,15,15,15,10,15,"Welfare","",128,128,113,113,85.5,85.5,80.5,80.5,98,98,70.5,70.5,65.5,65.5,43,43,38,38,33,33,"Similarity","","disagree somewhat","strongly agree","strongly agree","disagree somewhat","strongly agree","strongly disagree","agree somewhat","strongly agree","strongly agree","strongly agree","strongly agree","Female",33,"United States of America","Master's degree",3,3,5,66.6666666666667,66.6666666666667,66.6666666666667,33.3333333333333,60,33.3333333333333,40,66.6666666666667,20,40,26.6666666666667,60,60,60,40,60,50.1960784313725,50.2222222222222,50.2222222222222,50.2941176470588,50.2941176470588,50.3125,50.3125,50.2564102564103,50.3571428571429,50.3571428571429,50.3846153846154,50.3846153846154,50.5882352941176,50.6666666666667,50.6666666666667,50.7692307692308,2,5,5,2,5,1,4,5,5,5,5,2,5
"R_2dFQ4RVWFM1XnBz","HL",75,1.3,34.88,"Prosocial",1298,1228,"HH","HL","LH","LL",30,30,30,30,30,30,10,10,"HL-LH","Inequality","","LL","LH","HL","HH","Inequality","",30,30,30,30,10,30,10,30,30,10,30,10,10,10,10,10,"Inequality","",128,128,113,113,85,86,80,81,98,98,70,71,65,66,43,43,38,38,33,33,"Similarity","","strongly disagree","strongly agree","strongly disagree","neither agree
nor disagree","strongly agree","strongly disagree","strongly disagree","strongly agree","agree somewhat","strongly agree","strongly agree","Other",23,"United States of America","Bachelor's degree in college (4-year)",1,1,1,40,40,40,40,40,40,40,40,40,40,40,40,40,40,40,40,50.1960784313725,50.2222222222222,50.2222222222222,50,50.5882352941176,50,50.625,50.2564102564103,50,50.7142857142857,50,50.7692307692308,50.5882352941176,50.6666666666667,50.6666666666667,50.7692307692308,1,5,1,3,5,1,1,5,4,5,5,1,5
"R_1EXJcvo6R70oikZ","HL",75,1.3,7.82,"Individualistic",1455,1075,"HH","HL","LH","LL",25,25,5,5,25,25,5,5,"HL-LH","Similarity","","HH","HL","LH","LL","Similarity","",60,40,35,20,20,15,15,40,20,20,10,10,20,15,15,10,"Similarity","",128,128,128,98,128,43,121,40,98,98,100,41,95,36,43,43,40,36,33,33,"Other","I wanted to give a fair proportion to each","neither agree
nor disagree","strongly agree","disagree somewhat","neither agree
nor disagree","agree somewhat","strongly disagree","strongly agree","strongly agree","strongly disagree","strongly agree","agree somewhat","Female",37,"United Kingdom of Great Britain and Northern Ireland","Professional degree (JD, MD)",4,4,4,80,53.3333333333333,46.6666666666667,26.6666666666667,80,20,60,53.3333333333333,26.6666666666667,80,13.3333333333333,40,80,60,60,40,50.1960784313725,56.8888888888889,43.5555555555556,75.2941176470588,25.2941176470588,75.625,25,50.2564102564103,71.4285714285714,29.2857142857143,73.0769230769231,27.6923076923077,50.5882352941176,53.3333333333333,48,50.7692307692308,3,5,2,3,4,1,5,5,1,5,4,3,5
"R_3I9IPjGEO9e3FL1","HL",75,1.3,13.48,"Individualistic",1442,1098,"HH","HL","LH","LL",20,25,20,20,20,25,20,20,"HL-LH","Welfare","","LH","HH","LL","HL","Inequality","",15,15,20,25,10,15,20,20,15,20,25,10,20,15,18,25,"Inequality","",128,128,113,113,85.5,85.5,128,33,98,98,70.5,70.5,65.5,65.5,43,43,38,38,33,33,"Similarity","","disagree somewhat","disagree somewhat","strongly disagree","neither agree
nor disagree","disagree somewhat","agree somewhat","strongly agree","agree somewhat","neither agree
nor disagree","strongly agree","strongly agree","Female",48,"United States of America","Bachelor's degree in college (4-year)",1,1,7,20,20,26.6666666666667,33.3333333333333,40,20,80,26.6666666666667,20,80,33.3333333333333,40,80,60,72,100,50.1960784313725,50.2222222222222,50.2222222222222,50.2941176470588,50.2941176470588,80,20.625,50.2564102564103,50.3571428571429,50.3571428571429,50.3846153846154,50.3846153846154,50.5882352941176,50.6666666666667,50.6666666666667,50.7692307692308,2,2,1,3,2,4,5,4,3,5,5,2,2
"R_31pkFt0LyfI6oeC","HL",75,1.3,18.94,"Individualistic",1426,1111,"HH","LH","HL","LL",75,50,25,25,75,50,25,25,"HH-LL","Similarity","","HL","HH","LH","LL","Welfare","",75,75,75,75,25,25,10,75,25,10,10,10,25,10,10,25,"Welfare","",128,128,125,101,100,71,100,61,100,96,91,50,80,51,43,43,26,50,33,33,"Welfare","","strongly disagree","strongly agree","agree somewhat","neither agree
nor disagree","agree somewhat","agree somewhat","neither agree
nor disagree","strongly agree","agree somewhat","strongly agree","strongly agree","Female",27,"United States of America","Bachelor's degree in college (4-year)",2,2,4,100,100,100,100,100,33.3333333333333,40,100,33.3333333333333,40,13.3333333333333,40,100,40,40,100,50.1960784313725,55.5555555555556,44.8888888888889,58.8235294117647,41.7647058823529,62.5,38.125,51.2820512820513,65,35.7142857142857,61.5384615384615,39.2307692307692,50.5882352941176,34.6666666666667,66.6666666666667,50.7692307692308,1,5,4,3,4,4,3,5,4,5,5,1,5
"R_2axENYoiM371h4t","HL",75,1.3,29.8,"Prosocial",1323,1182,"HH","HL","LH","LL",25,25,20,20,25,20,10,10,"HL-LH","Inequality","","LL","LH","HL","HH","Inequality","",75,75,75,35,15,35,15,75,35,15,35,15,10,10,10,25,"Welfare","",128,128,113,113,86,85,86,75,98,98,76,65,60,71,43,43,38,38,33,33,"Inequality","","strongly disagree","agree somewhat","disagree somewhat","disagree somewhat","agree somewhat","disagree somewhat","agree somewhat","strongly agree","agree somewhat","strongly agree","strongly agree","Female",30,"United States of America","Some college but no degree",4,4,6,100,100,100,46.6666666666667,60,46.6666666666667,60,100,46.6666666666667,60,46.6666666666667,60,40,40,40,100,50.1960784313725,50.2222222222222,50.2222222222222,50.5882352941176,50,53.75,46.875,50.2564102564103,54.2857142857143,46.4285714285714,46.1538461538462,54.6153846153846,50.5882352941176,50.6666666666667,50.6666666666667,50.7692307692308,1,4,2,2,4,2,4,5,4,5,5,1,4
"R_UyZpBV1j8IVRu8N","HL",75,1.3,-2.84,"Individualistic",1442,1028,"HH","HL","LH","LL",0,0,0,0,15,0,10,10,"HL-LH","Similarity","","LH","HH","HL","LL","Welfare","",50,50,25,25,5,30,5,25,25,5,25,5,5,5,5,5,"Welfare","",128,128,136,90,128,43,120,41,98,98,105,36,98,33,43,43,45,31,33,33,"Welfare","","agree somewhat","agree somewhat","agree somewhat","disagree somewhat","agree somewhat","neither agree
nor disagree","strongly agree","strongly agree","neither agree
nor disagree","agree somewhat","strongly agree","Male",34,"United States of America","Bachelor's degree in college (4-year)",3,4,6,66.6666666666667,66.6666666666667,33.3333333333333,33.3333333333333,20,40,20,33.3333333333333,33.3333333333333,20,33.3333333333333,20,20,20,20,20,50.1960784313725,60.4444444444444,40,75.2941176470588,25.2941176470588,75,25.625,50.2564102564103,75,25.7142857142857,75.3846153846154,25.3846153846154,50.5882352941176,60,41.3333333333333,50.7692307692308,4,4,4,2,4,3,5,5,3,4,5,4,4
"R_2E0mPvxuGaJaSld","LH",25,1.7,16.26,"Individualistic",1440,1110,"HH","HL","LH","LL",5,5,5,5,10,10,5,5,"HL-LH","Welfare","","LH","LL","HH","HL","Welfare","",10,10,10,10,5,10,5,10,10,5,10,5,5,5,5,5,"Welfare","",128,128,113,113,86,85,81,80,98,98,70,71,66,65,43,43,38,38,33,33,"Similarity","","strongly disagree","strongly agree","strongly disagree","agree somewhat","neither agree
nor disagree","agree somewhat","agree somewhat","strongly agree","neither agree
nor disagree","agree somewhat","agree somewhat","Male",32,"United Kingdom of Great Britain and Northern Ireland","Bachelor's degree in college (4-year)",3,3,3,13.3333333333333,13.3333333333333,13.3333333333333,13.3333333333333,20,13.3333333333333,20,13.3333333333333,13.3333333333333,20,13.3333333333333,20,20,20,20,20,50.1960784313725,50.2222222222222,50.2222222222222,50.5882352941176,50,50.625,50,50.2564102564103,50,50.7142857142857,50.7692307692308,50,50.5882352941176,50.6666666666667,50.6666666666667,50.7692307692308,1,5,1,4,3,4,4,5,3,4,4,1,5
"R_3Glgth5XyOkObg6","LH",25,1.7,-7.82,"Individualistic",1455,1005,"LL","LH","HL","HH",10,10,25,10,10,10,25,10,"HL-LH","Similarity","","HH","HL","LH","LL","Similarity","",75,75,75,0,25,75,25,25,0,25,25,25,25,25,10,10,"Welfare","",128,128,113,113,0,171,81,80,100,96,0,141,65,66,43,43,76,0,33,33,"Similarity","","disagree somewhat","agree somewhat","strongly disagree","agree somewhat","agree somewhat","disagree somewhat","disagree somewhat","strongly agree","neither agree
nor disagree","strongly agree","strongly agree","Male",49,"United Kingdom of Great Britain and Northern Ireland","Some college but no degree",5,5,4,100,100,100,0,100,100,100,33.3333333333333,0,100,33.3333333333333,100,100,100,40,40,50.1960784313725,50.2222222222222,50.2222222222222,0,100.588235294118,50.625,50,51.2820512820513,0,100.714285714286,50,50.7692307692308,50.5882352941176,101.333333333333,0,50.7692307692308,2,4,1,4,4,2,2,5,3,5,5,2,4
"R_z27DTD5bxYceKxX","LH",25,1.7,32.91,"Prosocial",1291,1216,"HH","HL","LH","LL",10,10,10,0,25,10,10,0,"HL-LH","Inequality","","LL","LH","HL","HH","Inequality","",75,30,25,30,10,25,10,25,20,10,25,10,10,25,25,25,"Welfare","",128,128,120,106,60,111,41,120,98,98,80,61,33,98,43,43,43,33,33,33,"Inequality","","disagree somewhat","strongly agree","disagree somewhat","strongly disagree","agree somewhat","strongly disagree","disagree somewhat","strongly agree","disagree somewhat","strongly agree","strongly agree","Female",35,"United Kingdom of Great Britain and Northern Ireland","Master's degree",3,2,3,100,40,33.3333333333333,40,40,33.3333333333333,40,33.3333333333333,26.6666666666667,40,33.3333333333333,40,40,100,100,100,50.1960784313725,53.3333333333333,47.1111111111111,35.2941176470588,65.2941176470588,25.625,75,50.2564102564103,57.1428571428571,43.5714285714286,25.3846153846154,75.3846153846154,50.5882352941176,57.3333333333333,44,50.7692307692308,2,5,2,1,4,1,2,5,2,5,5,2,5
"R_Y4wSGJgasUc5f6V","LH",25,1.7,37.48,"Prosocial",1283,1235,"HH","HL","LH","LL",10,10,15,20,50,40,10,10,"HL-LH","Inequality","","LL","LH","HL","HH","Inequality","",75,75,60,70,20,70,15,60,60,20,60,10,20,15,20,20,"Welfare","",128,128,120,106,110,61,85,76,98,98,96,45,86,45,43,43,38,38,33,33,"Welfare","","strongly disagree","neither agree
nor disagree","strongly disagree","agree somewhat","strongly agree","neither agree
nor disagree","agree somewhat","strongly agree","neither agree
nor disagree","strongly agree","strongly agree","Female",33,"United Kingdom of Great Britain and Northern Ireland","Some college but no degree",1,1,7,100,100,80,93.3333333333333,80,93.3333333333333,60,80,80,80,80,40,80,60,80,80,50.1960784313725,53.3333333333333,47.1111111111111,64.7058823529412,35.8823529411765,53.125,47.5,50.2564102564103,68.5714285714286,32.1428571428571,66.1538461538461,34.6153846153846,50.5882352941176,50.6666666666667,50.6666666666667,50.7692307692308,1,3,1,4,5,3,4,5,3,5,5,1,3
"R_1hA0kvAPnAxchlz","LH",25,1.7,7.82,"Individualistic",1455,1075,"LL","LH","HH","HL",0,0,0,0,0,0,0,0,"HH-LL","Similarity","","HL","LL","LH","HH","Welfare","",0,0,0,0,0,0,0,0,0,0,0,0,0,0,0,0,"Welfare","",125,131,100,126,71,100,61,100,100,96,41,100,31,100,41,45,32,44,33,33,"Similarity","","disagree somewhat","disagree somewhat","agree somewhat","neither agree
nor disagree","disagree somewhat","agree somewhat","neither agree
nor disagree","strongly agree","neither agree
nor disagree","agree somewhat","agree somewhat","Female",43,"United States of America","High school graduate (high school diploma or equivalent including GED)",4,4,4,0,0,0,0,0,0,0,0,0,0,0,0,0,0,0,0,49.0196078431373,44.4444444444444,56,41.7647058823529,58.8235294117647,38.125,62.5,51.2820512820513,29.2857142857143,71.4285714285714,23.8461538461538,76.9230769230769,48.2352941176471,42.6666666666667,58.6666666666667,50.7692307692308,2,2,4,3,2,4,3,5,3,4,4,2,2
"R_3dWHjl57Jc7ZqVF","LH",25,1.7,28.61,"Prosocial",1334,1174,"HH","HL","LH","LL",15,15,10,16,15,15,10,10,"HL-LH","Welfare","","LL","LH","HL","HH","Welfare","",35,35,35,35,15,35,15,35,35,15,35,10,15,15,15,12,"Inequality","",128,128,113,113,86,85,81,80,98,98,71,70,66,65,43,43,38,38,33,33,"Similarity","","strongly disagree","neither agree
nor disagree","agree somewhat","disagree somewhat","neither agree
nor disagree","neither agree
nor disagree","neither agree
nor disagree","agree somewhat","neither agree
nor disagree","strongly agree","agree somewhat","Male",35,"United States of America","High school graduate (high school diploma or equivalent including GED)",3,2,2,46.6666666666667,46.6666666666667,46.6666666666667,46.6666666666667,60,46.6666666666667,60,46.6666666666667,46.6666666666667,60,46.6666666666667,40,60,60,60,48,50.1960784313725,50.2222222222222,50.2222222222222,50.5882352941176,50,50.625,50,50.2564102564103,50.7142857142857,50,50.7692307692308,50,50.5882352941176,50.6666666666667,50.6666666666667,50.7692307692308,1,3,4,2,3,3,3,4,3,5,4,1,3
"R_1PZ6cnaAeeyJJka","LH",25,1.7,37.48,"Prosocial",1281,1233,"HH","LL","HL","LH",15,12,15,15,50,30,15,10,"HL-LH","Welfare","","LL","LH","HH","HL","Welfare","",50,50,40,50,15,50,12,40,40,15,40,12,15,15,10,12,"Welfare","",128,128,113,113,86,85,81,80,98,98,70,71,66,65,43,43,38,38,33,33,"Inequality","","disagree somewhat","neither agree
nor disagree","disagree somewhat","strongly disagree","neither agree
nor disagree","strongly disagree","agree somewhat","neither agree
nor disagree","neither agree
nor disagree","strongly agree","agree somewhat","Male",44,"United States of America","Some college but no degree",4,4,4,66.6666666666667,66.6666666666667,53.3333333333333,66.6666666666667,60,66.6666666666667,48,53.3333333333333,53.3333333333333,60,53.3333333333333,48,60,60,40,48,50.1960784313725,50.2222222222222,50.2222222222222,50.5882352941176,50,50.625,50,50.2564102564103,50,50.7142857142857,50.7692307692308,50,50.5882352941176,50.6666666666667,50.6666666666667,50.7692307692308,2,3,2,1,3,1,4,3,3,5,4,2,3
"R_2SjAjZOBFPzb53F","LH",25,1.7,7.82,"Individualistic",1455,1075,"HH","HL","LH","LL",10,10,10,10,10,10,10,10,"HH-LL","Similarity","","LL","LH","HL","HH","Inequality","",60,50,50,25,10,40,10,45,35,10,25,10,15,15,10,10,"Welfare","",128,128,113,113,86,85,81,80,98,98,70,71,66,65,43,43,38,38,33,33,"Similarity","","strongly disagree","strongly agree","strongly agree","agree somewhat","agree somewhat","disagree somewhat","agree somewhat","strongly agree","disagree somewhat","strongly agree","strongly agree","Female",25,"United States of America","Bachelor's degree in college (4-year)",4,4,4,80,66.6666666666667,66.6666666666667,33.3333333333333,40,53.3333333333333,40,60,46.6666666666667,40,33.3333333333333,40,60,60,40,40,50.1960784313725,50.2222222222222,50.2222222222222,50.5882352941176,50,50.625,50,50.2564102564103,50,50.7142857142857,50.7692307692308,50,50.5882352941176,50.6666666666667,50.6666666666667,50.7692307692308,1,5,5,4,4,2,4,5,2,5,5,1,5
"R_27eTokjWROfFdV9","LH",25,1.7,34.88,"Prosocial",1298,1228,"HH","LL","HL","LH",25,25,25,25,0,0,25,0,"HL-LH","Inequality","","LH","LL","HH","HL","Welfare","",75,0,0,25,25,75,0,0,0,25,0,0,25,25,0,0,"Welfare","",128,128,113,113,86,85,81,80,98,98,71,70,66,65,43,43,38,38,33,33,"Inequality","","disagree somewhat","disagree somewhat","disagree somewhat","strongly disagree","disagree somewhat","disagree somewhat","agree somewhat","strongly agree","disagree somewhat","strongly agree","agree somewhat","Male",30,"United Kingdom of Great Britain and Northern Ireland","Bachelor's degree in college (4-year)",4,1,5,100,0,0,33.3333333333333,100,100,0,0,0,100,0,0,100,100,0,0,50.1960784313725,50.2222222222222,50.2222222222222,50.5882352941176,50,50.625,50,50.2564102564103,50.7142857142857,50,50.7692307692308,50,50.5882352941176,50.6666666666667,50.6666666666667,50.7692307692308,2,2,2,1,2,2,4,5,2,5,4,2,2
"R_Rb1ShInq1Uc7dex","LH",25,1.7,7.82,"Individualistic",1455,1075,"HH","HL","LH","LL",10,10,10,10,25,25,10,10,"HH-LL","Welfare","","LL","LH","HL","HH","Welfare","",25,25,25,25,10,25,10,25,25,10,25,10,10,10,10,10,"Welfare","",128,128,113,113,85.5,85.5,80.5,80.5,98,98,70.5,70.5,65.5,65.5,43,43,38,38,33,33,"Similarity","","disagree somewhat","agree somewhat","neither agree
nor disagree","neither agree
nor disagree","neither agree
nor disagree","agree somewhat","neither agree
nor disagree","strongly agree","strongly disagree","strongly agree","agree somewhat","Male",39,"United Kingdom of Great Britain and Northern Ireland","Some college but no degree",3,2,2,33.3333333333333,33.3333333333333,33.3333333333333,33.3333333333333,40,33.3333333333333,40,33.3333333333333,33.3333333333333,40,33.3333333333333,40,40,40,40,40,50.1960784313725,50.2222222222222,50.2222222222222,50.2941176470588,50.2941176470588,50.3125,50.3125,50.2564102564103,50.3571428571429,50.3571428571429,50.3846153846154,50.3846153846154,50.5882352941176,50.6666666666667,50.6666666666667,50.7692307692308,2,4,3,3,3,4,3,5,1,5,4,2,4
"R_3k6RN3ZIoimVgnd","LH",25,1.7,37.48,"Prosocial",1290,1245,"HH","LH","LL","HL",15,15,15,15,50,50,15,15,"HL-LH","Inequality","","HL","HH","LL","LH","Inequality","",60,60,60,60,15,60,15,60,60,15,60,15,15,15,15,15,"Inequality","",128,128,113,113,86,85,81,80,98,98,71,70,66,65,43,43,38,38,33,33,"Similarity","","strongly disagree","strongly disagree","strongly disagree","neither agree
nor disagree","strongly agree","strongly disagree","neither agree
nor disagree","strongly agree","agree somewhat","strongly agree","strongly agree","Female",42,"United Kingdom of Great Britain and Northern Ireland","Bachelor's degree in college (4-year)",4,2,2,80,80,80,80,60,80,60,80,80,60,80,60,60,60,60,60,50.1960784313725,50.2222222222222,50.2222222222222,50.5882352941176,50,50.625,50,50.2564102564103,50.7142857142857,50,50.7692307692308,50,50.5882352941176,50.6666666666667,50.6666666666667,50.7692307692308,1,1,1,3,5,1,3,5,4,5,5,1,1
"R_3IaCwPXUMNVmEt3","LH",25,1.7,-7.94,"Individualistic",1445,1014,"LL","HH","LH","HL",5,10,10,5,15,10,10,10,"HH-LL","Random","","LL","HL","HH","LH","Random","",30,25,20,25,10,30,5,20,15,5,15,5,10,8,5,10,"Similarity","",128,128,113,113,100,71,100,61,98,98,90,51,90,41,43,43,38,38,33,33,"Inequality","","disagree somewhat","agree somewhat","disagree somewhat","neither agree
nor disagree","agree somewhat","neither agree
nor disagree","agree somewhat","strongly agree","agree somewhat","neither agree
nor disagree","neither agree
nor disagree","Female",41,"United Kingdom of Great Britain and Northern Ireland","Bachelor's degree in college (4-year)",3,2,3,40,33.3333333333333,26.6666666666667,33.3333333333333,40,40,20,26.6666666666667,20,20,20,20,40,32,20,40,50.1960784313725,50.2222222222222,50.2222222222222,58.8235294117647,41.7647058823529,62.5,38.125,50.2564102564103,64.2857142857143,36.4285714285714,69.2307692307692,31.5384615384615,50.5882352941176,50.6666666666667,50.6666666666667,50.7692307692308,2,4,2,3,4,3,4,5,4,3,3,2,4
"R_10HRKGvS7EJvqi5","LH",25,1.7,-7.82,"Individualistic",1455,1005,"HH","HL","LH","LL",25,25,25,25,75,50,15,10,"HH-LL","Welfare","","LH","LL","HH","HL","Similarity","",75,75,75,75,25,75,25,75,75,25,75,25,25,25,25,25,"Similarity","",128,128,113,113,85.5,85.5,80.5,80.5,98,98,70.5,70.5,65.5,65.5,43,43,38,38,33,33,"Similarity","","disagree somewhat","agree somewhat","disagree somewhat","agree somewhat","disagree somewhat","agree somewhat","strongly agree","agree somewhat","disagree somewhat","neither agree
nor disagree","agree somewhat","Male",28,"United Kingdom of Great Britain and Northern Ireland","Bachelor's degree in college (4-year)",4,4,4,100,100,100,100,100,100,100,100,100,100,100,100,100,100,100,100,50.1960784313725,50.2222222222222,50.2222222222222,50.2941176470588,50.2941176470588,50.3125,50.3125,50.2564102564103,50.3571428571429,50.3571428571429,50.3846153846154,50.3846153846154,50.5882352941176,50.6666666666667,50.6666666666667,50.7692307692308,2,4,2,4,2,4,5,4,2,3,4,2,4
"R_1NDEmBRgmA8AhCl","LH",25,1.7,26.87,"Prosocial",1378,1148,"HH","HL","LH","LL",0,0,0,0,0,0,0,0,"HH-LL","Random","","HH","LH","LL","HL","Random","",0,0,0,0,0,0,0,0,0,0,0,0,0,0,0,0,"Random","",128,128,126,100,100,71,111,50,98,98,81,60,81,50,43,43,38,38,33,33,"Random","","neither agree
nor disagree","neither agree
nor disagree","neither agree
nor disagree","neither agree
nor disagree","agree somewhat","neither agree
nor disagree","agree somewhat","neither agree
nor disagree","neither agree
nor disagree","agree somewhat","agree somewhat","Male",38,"United Kingdom of Great Britain and Northern Ireland","Some college but no degree",4,4,4,0,0,0,0,0,0,0,0,0,0,0,0,0,0,0,0,50.1960784313725,56,44.4444444444444,58.8235294117647,41.7647058823529,69.375,31.25,50.2564102564103,57.8571428571429,42.8571428571429,62.3076923076923,38.4615384615385,50.5882352941176,50.6666666666667,50.6666666666667,50.7692307692308,3,3,3,3,4,3,4,3,3,4,4,3,3
"R_vDDj1FS8ofWjTDb","LH",25,1.7,22.3,"Individualistic",1237,1142,"HH","LL","LH","HL",10,10,10,10,10,10,10,10,"HH-LL","Inequality","","LH","HL","HH","LL","Inequality","",40,45,45,31,15,30,21,50,12,16,40,20,20,12,12,20,"Inequality","",106,150,26,200,71,100,61,100,96,100,41,100,100,31,46,40,26,50,36,30,"Inequality","","neither agree
nor disagree","neither agree
nor disagree","neither agree
nor disagree","neither agree
nor disagree","neither agree
nor disagree","neither agree
nor disagree","neither agree
nor disagree","neither agree
nor disagree","neither agree
nor disagree","neither agree
nor disagree","neither agree
nor disagree","Male",32,"United States of America","Associate degree in college (2-year)",4,4,4,53.3333333333333,60,60,41.3333333333333,60,40,84,66.6666666666667,16,64,53.3333333333333,80,80,48,48,80,41.5686274509804,11.5555555555556,88.8888888888889,41.7647058823529,58.8235294117647,38.125,62.5,49.2307692307692,29.2857142857143,71.4285714285714,76.9230769230769,23.8461538461538,54.1176470588235,34.6666666666667,66.6666666666667,55.3846153846154,3,3,3,3,3,3,3,3,3,3,3,3,3
"R_1runqq5fD7lxh3l","LH",25,1.7,32.56,"Prosocial",1294,1213,"HH","HL","LH","LL",15,10,10,5,25,25,10,15,"HL-LH","Inequality","","LL","LH","HL","HH","Inequality","",50,40,40,40,10,40,10,40,40,10,10,10,10,10,10,10,"Inequality","",128,128,113,113,110,61,100,61,98,98,90,51,95,36,43,43,38,38,33,33,"Inequality","","disagree somewhat","neither agree
nor disagree","strongly disagree","strongly agree","agree somewhat","disagree somewhat","agree somewhat","strongly agree","agree somewhat","strongly agree","agree somewhat","Female",29,"United Kingdom of Great Britain and Northern Ireland","Bachelor's degree in college (4-year)",3,3,3,66.6666666666667,53.3333333333333,53.3333333333333,53.3333333333333,40,53.3333333333333,40,53.3333333333333,53.3333333333333,40,13.3333333333333,40,40,40,40,40,50.1960784313725,50.2222222222222,50.2222222222222,64.7058823529412,35.8823529411765,62.5,38.125,50.2564102564103,64.2857142857143,36.4285714285714,73.0769230769231,27.6923076923077,50.5882352941176,50.6666666666667,50.6666666666667,50.7692307692308,2,3,1,5,4,2,4,5,4,5,4,2,3
"R_D1bJvIguOYoOykN","LH",25,1.7,31.5,"Prosocial",1294,1212,"HH","LH","HL","LL",15,10,15,10,15,20,15,15,"HL-LH","Welfare","","LH","LL","HH","HL","Welfare","",40,50,40,40,15,40,10,50,30,10,40,10,10,12,10,10,"Similarity","",128,128,113,113,86,85,81,80,98,98,70,71,66,65,43,43,38,38,33,33,"Similarity","","neither agree
nor disagree","agree somewhat","disagree somewhat","strongly agree","agree somewhat","disagree somewhat","strongly agree","strongly agree","strongly disagree","neither agree
nor disagree","neither agree
nor disagree","Female",37,"United Kingdom of Great Britain and Northern Ireland","Master's degree",5,5,3,53.3333333333333,66.6666666666667,53.3333333333333,53.3333333333333,60,53.3333333333333,40,66.6666666666667,40,40,53.3333333333333,40,40,48,40,40,50.1960784313725,50.2222222222222,50.2222222222222,50.5882352941176,50,50.625,50,50.2564102564103,50,50.7142857142857,50.7692307692308,50,50.5882352941176,50.6666666666667,50.6666666666667,50.7692307692308,3,4,2,5,4,2,5,5,1,3,3,3,4
"R_1QEoRqW0tyGZkfG","LH",25,1.7,7.82,"Individualistic",1455,1075,"HH","HL","LH","LL",10,0,10,0,50,20,5,5,"HH-LL","Welfare","","LL","LH","HL","HH","Welfare","",50,50,30,50,0,50,0,30,30,5,30,5,5,5,0,25,"Welfare","",128,128,128,98,86,85,81,80,98,98,71,70,66,65,43,43,38,38,33,33,"Inequality","","strongly disagree","strongly agree","disagree somewhat","agree somewhat","agree somewhat","disagree somewhat","agree somewhat","strongly agree","strongly agree","agree somewhat","strongly agree","Male",24,"United Kingdom of Great Britain and Northern Ireland","Bachelor's degree in college (4-year)",5,5,6,66.6666666666667,66.6666666666667,40,66.6666666666667,0,66.6666666666667,0,40,40,20,40,20,20,20,0,100,50.1960784313725,56.8888888888889,43.5555555555556,50.5882352941176,50,50.625,50,50.2564102564103,50.7142857142857,50,50.7692307692308,50,50.5882352941176,50.6666666666667,50.6666666666667,50.7692307692308,1,5,2,4,4,2,4,5,5,4,5,1,5
"R_8A04Q2IMQyZlg1r","LH",25,1.7,7.82,"Individualistic",1455,1075,"HH","HL","LH","LL",0,0,0,0,15,0,0,0,"HL-LH","Other","I wanted to try and create equality so gave the person with the higher unit count the lower multiplier and vice versa.","HH","HL","LH","LL","Similarity","",75,75,75,75,25,75,5,75,75,20,50,0,25,25,25,25,"Welfare","",128,128,113,113,86,85,81,80,98,98,100,41,66,65,43,43,38,38,33,33,"Similarity","","disagree somewhat","agree somewhat","strongly disagree","neither agree
nor disagree","neither agree
nor disagree","disagree somewhat","neither agree
nor disagree","neither agree
nor disagree","strongly disagree","agree somewhat","agree somewhat","Male",40,"United Kingdom of Great Britain and Northern Ireland","Bachelor's degree in college (4-year)",4,3,3,100,100,100,100,100,100,20,100,100,80,66.6666666666667,0,100,100,100,100,50.1960784313725,50.2222222222222,50.2222222222222,50.5882352941176,50,50.625,50,50.2564102564103,71.4285714285714,29.2857142857143,50.7692307692308,50,50.5882352941176,50.6666666666667,50.6666666666667,50.7692307692308,2,4,1,3,3,2,3,3,1,4,4,2,4
"R_ZIxLbr29CBfcAVP","LH",25,1.7,45,"Prosocial",1300,1255,"HH","LH","HL","LL",20,20,20,20,50,60,15,15,"HH-LL","Random","","HH","LL","LH","HL","Random","",75,75,75,60,25,60,20,75,60,25,60,25,25,25,25,25,"Welfare","",128,128,113,113,85.5,85.5,80.5,80.5,98,98,70.5,70.5,65.5,65.5,43,43,38,38,33,33,"Inequality","","agree somewhat","agree somewhat","agree somewhat","agree somewhat","agree somewhat","strongly agree","strongly agree","neither agree
nor disagree","disagree somewhat","disagree somewhat","strongly disagree","Male",33,"United Kingdom of Great Britain and Northern Ireland","High school graduate (high school diploma or equivalent including GED)",4,4,4,100,100,100,80,100,80,80,100,80,100,80,100,100,100,100,100,50.1960784313725,50.2222222222222,50.2222222222222,50.2941176470588,50.2941176470588,50.3125,50.3125,50.2564102564103,50.3571428571429,50.3571428571429,50.3846153846154,50.3846153846154,50.5882352941176,50.6666666666667,50.6666666666667,50.7692307692308,4,4,4,4,4,5,5,3,2,2,1,4,4
"R_2WJwo4DDlIQVyp2","LH",25,1.7,7.82,"Individualistic",1455,1075,"HH","HL","LH","LL",10,10,10,10,25,20,10,10,"HL-LH","Welfare","","LH","LL","HL","HH","Welfare","",30,30,30,30,10,30,10,10,30,10,30,10,10,10,10,10,"Similarity","",128,128,113,113,86,85,81,80,98,98,71,70,66,65,43,43,38,38,33,33,"Similarity","","disagree somewhat","neither agree
nor disagree","strongly disagree","strongly disagree","agree somewhat","strongly disagree","strongly disagree","agree somewhat","strongly disagree","neither agree
nor disagree","agree somewhat","Male",39,"United Kingdom of Great Britain and Northern Ireland","Some college but no degree",3,3,5,40,40,40,40,40,40,40,13.3333333333333,40,40,40,40,40,40,40,40,50.1960784313725,50.2222222222222,50.2222222222222,50.5882352941176,50,50.625,50,50.2564102564103,50.7142857142857,50,50.7692307692308,50,50.5882352941176,50.6666666666667,50.6666666666667,50.7692307692308,2,3,1,1,4,1,1,4,1,3,4,2,3
"R_24cIR6MNu5B5rYL","LH",25,1.7,37.48,"Prosocial",1293,1238,"HH","HL","LH","LL",10,15,25,10,30,20,5,5,"HL-LH","Inequality","","LL","LH","HL","HH","Inequality","",50,50,20,50,15,50,5,25,30,20,15,5,15,15,5,5,"Welfare","",128,128,113,113,86,85,81,80,98,98,70,71,65,66,43,43,38,38,33,33,"Welfare","","agree somewhat","neither agree
nor disagree","neither agree
nor disagree","disagree somewhat","disagree somewhat","agree somewhat","agree somewhat","agree somewhat","strongly disagree","agree somewhat","agree somewhat","Female",33,"United Kingdom of Great Britain and Northern Ireland","Master's degree",5,6,4,66.6666666666667,66.6666666666667,26.6666666666667,66.6666666666667,60,66.6666666666667,20,33.3333333333333,40,80,20,20,60,60,20,20,50.1960784313725,50.2222222222222,50.2222222222222,50.5882352941176,50,50.625,50,50.2564102564103,50,50.7142857142857,50,50.7692307692308,50.5882352941176,50.6666666666667,50.6666666666667,50.7692307692308,4,3,3,2,2,4,4,4,1,4,4,4,3
"R_Wd2l20iCjCQCaGt","LH",25,1.7,37.48,"Prosocial",1283,1235,"HL","LH","HH","LL",20,25,20,20,50,50,20,20,"HL-LH","Welfare","","HH","LL","LH","HL","Similarity","",70,70,70,75,25,70,20,70,70,20,70,20,25,25,20,20,"Welfare","",128,128,113,113,86,85,81,80,98,98,81,60,66,65,43,43,38,38,33,33,"Welfare","","strongly disagree","agree somewhat","strongly disagree","disagree somewhat","agree somewhat","disagree somewhat","neither agree
nor disagree","strongly agree","strongly disagree","strongly agree","strongly agree","Male",41,"United Kingdom of Great Britain and Northern Ireland","Master's degree",2,1,3,93.3333333333333,93.3333333333333,93.3333333333333,100,100,93.3333333333333,80,93.3333333333333,93.3333333333333,80,93.3333333333333,80,100,100,80,80,50.1960784313725,50.2222222222222,50.2222222222222,50.5882352941176,50,50.625,50,50.2564102564103,57.8571428571429,42.8571428571429,50.7692307692308,50,50.5882352941176,50.6666666666667,50.6666666666667,50.7692307692308,1,4,1,2,4,2,3,5,1,5,5,1,4
"R_57SqI0n83hdYn6x","LH",25,1.7,35.17,"Prosocial",1240,1200,"HH","HL","LH","LL",20,20,15,15,55,40,15,10,"HL-LH","Similarity","","LL","LH","HL","HH","Inequality","",55,55,35,45,10,65,10,40,35,10,35,10,15,15,8,10,"Welfare","",128,128,150,76,101,70,110,51,98,98,61,80,80,51,43,43,50,26,33,33,"Similarity","","strongly agree","agree somewhat","agree somewhat","strongly agree","neither agree
nor disagree","neither agree
nor disagree","strongly agree","neither agree
nor disagree","agree somewhat","neither agree
nor disagree","neither agree
nor disagree","Male",19,"United Kingdom of Great Britain and Northern Ireland","Bachelor's degree in college (4-year)",4,4,4,73.3333333333333,73.3333333333333,46.6666666666667,60,40,86.6666666666667,40,53.3333333333333,46.6666666666667,40,46.6666666666667,40,60,60,32,40,50.1960784313725,66.6666666666667,33.7777777777778,59.4117647058824,41.1764705882353,68.75,31.875,50.2564102564103,43.5714285714286,57.1428571428571,61.5384615384615,39.2307692307692,50.5882352941176,66.6666666666667,34.6666666666667,50.7692307692308,5,4,4,5,3,3,5,3,4,3,3,5,4
"R_25KkHMsjM2j3vWK","LH",25,1.7,45,"Prosocial",1288,1283,"HH","HL","LH","LL",10,5,15,10,25,25,15,10,"HH-LL","Welfare","","LL","LH","HL","HH","Inequality","",65,60,50,65,15,60,10,50,50,10,60,10,15,15,10,25,"Inequality","",128,128,120,106,90,81,91,70,98,98,80,61,70,61,43,43,38,38,33,33,"Other","Broadly, I split them to remove most of the inequality - whilst also recognising when the situation appeared to have been especially generous. (i.e. a small amount more for the individual who sacrificed their full 75, knowing the other only had 25 to share. And similar examples)","disagree somewhat","agree somewhat","neither agree
nor disagree","disagree somewhat","neither agree
nor disagree","strongly disagree","neither agree
nor disagree","agree somewhat","strongly disagree","agree somewhat","agree somewhat","Male",43,"United Kingdom of Great Britain and Northern Ireland","Bachelor's degree in college (4-year)",3,2,3,86.6666666666667,80,66.6666666666667,86.6666666666667,60,80,40,66.6666666666667,66.6666666666667,40,80,40,60,60,40,100,50.1960784313725,53.3333333333333,47.1111111111111,52.9411764705882,47.6470588235294,56.875,43.75,50.2564102564103,57.1428571428571,43.5714285714286,53.8461538461538,46.9230769230769,50.5882352941176,50.6666666666667,50.6666666666667,50.7692307692308,2,4,3,2,3,1,3,4,1,4,4,2,4
"R_yjUAbEnJtZlwPlL","LH",25,1.7,37.48,"Prosocial",1293,1238,"HH","LH","HL","LL",25,10,25,5,75,50,25,5,"HL-LH","Random","","HH","HL","LH","LL","Similarity","",75,75,75,75,25,75,25,75,75,25,25,25,25,25,25,25,"Similarity","",128,128,126,100,110,61,100,61,98,98,86,55,95,36,43,43,46,30,33,33,"Welfare","","strongly disagree","agree somewhat","agree somewhat","disagree somewhat","agree somewhat","agree somewhat","agree somewhat","agree somewhat","agree somewhat","agree somewhat","disagree somewhat","Male",43,"United Kingdom of Great Britain and Northern Ireland","Associate degree in college (2-year)",5,5,5,100,100,100,100,100,100,100,100,100,100,33.3333333333333,100,100,100,100,100,50.1960784313725,56,44.4444444444444,64.7058823529412,35.8823529411765,62.5,38.125,50.2564102564103,61.4285714285714,39.2857142857143,73.0769230769231,27.6923076923077,50.5882352941176,61.3333333333333,40,50.7692307692308,1,4,4,2,4,4,4,4,4,4,2,1,4
"R_3qZJLd26Fj8LOVs","LH",25,1.7,34.88,"Prosocial",1303,1223,"HH","LH","HL","LL",25,25,25,25,75,50,25,25,"HL-LH","Inequality","","LL","LH","HL","HH","Inequality","",75,75,75,75,25,75,25,75,75,25,75,25,25,25,25,25,"Welfare","",128,128,113,113,86,85,81,80,98,98,71,70,66,65,43,43,38,38,33,33,"Inequality","","disagree somewhat","agree somewhat","agree somewhat","agree somewhat","agree somewhat","neither agree
nor disagree","neither agree
nor disagree","strongly agree","agree somewhat","agree somewhat","agree somewhat","Female",37,"United Kingdom of Great Britain and Northern Ireland","Bachelor's degree in college (4-year)",4,3,4,100,100,100,100,100,100,100,100,100,100,100,100,100,100,100,100,50.1960784313725,50.2222222222222,50.2222222222222,50.5882352941176,50,50.625,50,50.2564102564103,50.7142857142857,50,50.7692307692308,50,50.5882352941176,50.6666666666667,50.6666666666667,50.7692307692308,2,4,4,4,4,3,3,5,4,4,4,2,4
"R_2w5DsQxM40nFi7S","LH",25,1.7,34.88,"Prosocial",1323,1233,"HH","HL","LH","LL",15,15,20,15,25,30,15,10,"HH-LL","Random","","LH","LL","HH","HL","Random","",60,50,40,50,15,50,10,40,35,20,50,15,15,15,10,15,"Random","",128,128,113,113,86,85,81,80,98,98,71,70,66,65,43,43,38,38,33,33,"Similarity","","disagree somewhat","agree somewhat","neither agree
nor disagree","neither agree
nor disagree","disagree somewhat","strongly disagree","neither agree
nor disagree","agree somewhat","strongly disagree","agree somewhat","strongly agree","Female",39,"United Kingdom of Great Britain and Northern Ireland","High school graduate (high school diploma or equivalent including GED)",4,4,4,80,66.6666666666667,53.3333333333333,66.6666666666667,60,66.6666666666667,40,53.3333333333333,46.6666666666667,80,66.6666666666667,60,60,60,40,60,50.1960784313725,50.2222222222222,50.2222222222222,50.5882352941176,50,50.625,50,50.2564102564103,50.7142857142857,50,50.7692307692308,50,50.5882352941176,50.6666666666667,50.6666666666667,50.7692307692308,2,4,3,3,2,1,3,4,1,4,5,2,4
"R_3k7mOolEXb7c11G","LH",25,1.7,17.71,"Individualistic",1438,1116,"HH","LH","HL","LL",5,5,5,5,15,10,5,5,"HH-LL","Random","","HH","HL","LH","LL","Similarity","",45,50,35,50,15,25,5,40,25,10,25,10,10,10,5,5,"Welfare","",128,128,113,113,86,85,81,80,98,98,71,70,66,65,43,43,38,38,33,33,"Similarity","","agree somewhat","neither agree
nor disagree","disagree somewhat","neither agree
nor disagree","strongly agree","strongly disagree","agree somewhat","strongly agree","strongly disagree","neither agree
nor disagree","disagree somewhat","Female",42,"United Kingdom of Great Britain and Northern Ireland","Master's degree",4,3,4,60,66.6666666666667,46.6666666666667,66.6666666666667,60,33.3333333333333,20,53.3333333333333,33.3333333333333,40,33.3333333333333,40,40,40,20,20,50.1960784313725,50.2222222222222,50.2222222222222,50.5882352941176,50,50.625,50,50.2564102564103,50.7142857142857,50,50.7692307692308,50,50.5882352941176,50.6666666666667,50.6666666666667,50.7692307692308,4,3,2,3,5,1,4,5,1,3,2,4,3
"R_6xwGhvXGRpXw2zL","LH",25,1.7,34.88,"Prosocial",1288,1225,"HL","HH","LH","LL",15,15,15,20,25,25,10,10,"HL-LH","Similarity","","LH","HH","HL","LL","Welfare","",50,50,50,50,15,50,15,50,50,15,50,15,20,15,15,15,"Similarity","",128,128,113,113,71,100,80,81,98,98,41,100,65,66,43,43,40,36,33,33,"Inequality","","disagree somewhat","disagree somewhat","strongly disagree","neither agree
nor disagree","disagree somewhat","strongly disagree","agree somewhat","disagree somewhat","disagree somewhat","agree somewhat","agree somewhat","Male",37,"United Kingdom of Great Britain and Northern Ireland","Associate degree in college (2-year)",2,2,3,66.6666666666667,66.6666666666667,66.6666666666667,66.6666666666667,60,66.6666666666667,60,66.6666666666667,66.6666666666667,60,66.6666666666667,60,80,60,60,60,50.1960784313725,50.2222222222222,50.2222222222222,41.7647058823529,58.8235294117647,50,50.625,50.2564102564103,29.2857142857143,71.4285714285714,50,50.7692307692308,50.5882352941176,53.3333333333333,48,50.7692307692308,2,2,1,3,2,1,4,2,2,4,4,2,2
"R_3jVw0Mr5lGIr1RD","LH",25,1.7,37.48,"Prosocial",1287,1232,"HH","HL","LH","LL",15,15,15,10,50,45,15,10,"HL-LH","Inequality","","LL","LH","HH","HL","Random","",50,50,50,50,15,50,10,50,45,15,50,10,15,15,15,10,"Inequality","",128,128,113,113,85,86,80,81,98,98,70,71,65,66,43,43,38,38,33,33,"Similarity","","strongly disagree","strongly agree","strongly disagree","strongly disagree","strongly agree","strongly disagree","strongly disagree","strongly agree","strongly agree","strongly agree","strongly agree","Female",19,"United Kingdom of Great Britain and Northern Ireland","High school graduate (high school diploma or equivalent including GED)",1,1,1,66.6666666666667,66.6666666666667,66.6666666666667,66.6666666666667,60,66.6666666666667,40,66.6666666666667,60,60,66.6666666666667,40,60,60,60,40,50.1960784313725,50.2222222222222,50.2222222222222,50,50.5882352941176,50,50.625,50.2564102564103,50,50.7142857142857,50,50.7692307692308,50.5882352941176,50.6666666666667,50.6666666666667,50.7692307692308,1,5,1,1,5,1,1,5,5,5,5,1,5
"R_tPSlBOIOM3pENAl","LH",25,1.7,37.48,"Prosocial",1281,1233,"HL","LL","HH","LH",10,15,15,10,10,25,10,10,"HH-LL","Random","","HL","HH","LL","LH","Random","",35,30,25,35,20,30,10,30,25,15,30,15,15,10,15,10,"Random","",128,128,116,110,81,90,80,81,98,98,71,70,65,66,43,43,33,43,33,33,"Inequality","","strongly disagree","agree somewhat","strongly disagree","strongly disagree","strongly disagree","strongly disagree","disagree somewhat","disagree somewhat","strongly disagree","strongly agree","strongly agree","Female",32,"United Kingdom of Great Britain and Northern Ireland","High school graduate (high school diploma or equivalent including GED)",3,3,4,46.6666666666667,40,33.3333333333333,46.6666666666667,80,40,40,40,33.3333333333333,60,40,60,60,40,60,40,50.1960784313725,51.5555555555556,48.8888888888889,47.6470588235294,52.9411764705882,50,50.625,50.2564102564103,50.7142857142857,50,50,50.7692307692308,50.5882352941176,44,57.3333333333333,50.7692307692308,1,4,1,1,1,1,2,2,1,5,5,1,4
"R_1F2jl9kiEDUq0ec","LH",25,1.7,30.85,"Prosocial",1400,1153,"HH","HL","LH","LL",15,10,15,15,30,25,15,10,"HH-LL","Similarity","","LH","LL","HL","HH","Welfare","",75,40,30,40,15,40,10,30,30,15,30,10,15,15,10,10,"Welfare","",128,128,113,113,86,85,81,80,98,98,71,70,66,65,43,43,38,38,33,33,"Similarity","","strongly disagree","strongly agree","strongly disagree","strongly disagree","agree somewhat","strongly disagree","strongly disagree","strongly agree","agree somewhat","strongly agree","strongly agree","Male",30,"United Kingdom of Great Britain and Northern Ireland","Some college but no degree",2,2,1,100,53.3333333333333,40,53.3333333333333,60,53.3333333333333,40,40,40,60,40,40,60,60,40,40,50.1960784313725,50.2222222222222,50.2222222222222,50.5882352941176,50,50.625,50,50.2564102564103,50.7142857142857,50,50.7692307692308,50,50.5882352941176,50.6666666666667,50.6666666666667,50.7692307692308,1,5,1,1,4,1,1,5,4,5,5,1,5
"R_3EGMTDWJVR4pUJz","LH",25,1.7,34.88,"Prosocial",1293,1220,"HH","HL","LH","LL",25,25,25,25,75,75,25,25,"HH-LL","Inequality","","LL","LH","HL","HH","Inequality","",75,75,75,75,25,75,25,75,75,25,75,25,25,25,25,25,"Inequality","",128,128,113,113,86,85,81,80,98,98,71,70,66,65,43,43,38,38,33,33,"Inequality","","strongly disagree","agree somewhat","agree somewhat","disagree somewhat","disagree somewhat","disagree somewhat","agree somewhat","strongly agree","strongly disagree","strongly agree","strongly agree","Male",49,"United Kingdom of Great Britain and Northern Ireland","Bachelor's degree in college (4-year)",2,3,3,100,100,100,100,100,100,100,100,100,100,100,100,100,100,100,100,50.1960784313725,50.2222222222222,50.2222222222222,50.5882352941176,50,50.625,50,50.2564102564103,50.7142857142857,50,50.7692307692308,50,50.5882352941176,50.6666666666667,50.6666666666667,50.7692307692308,1,4,4,2,2,2,4,5,1,5,5,1,4
"R_yIrgYhY737YbOox","LH",25,1.7,32.16,"Prosocial",1317,1202,"HH","HL","LH","LL",15,15,15,15,25,10,15,15,"HH-LL","Welfare","","HH","HL","LH","LL","Similarity","",50,50,50,50,15,50,15,50,50,15,50,15,15,15,15,15,"Similarity","",131,125,113,113,100,71,100,61,108,88,100,41,100,31,43,43,35,41,33,33,"Inequality","","neither agree
nor disagree","agree somewhat","agree somewhat","disagree somewhat","disagree somewhat","neither agree
nor disagree","agree somewhat","strongly agree","strongly disagree","neither agree
nor disagree","disagree somewhat","Female",44,"United Kingdom of Great Britain and Northern Ireland","Bachelor's degree in college (4-year)",5,4,4,66.6666666666667,66.6666666666667,66.6666666666667,66.6666666666667,60,66.6666666666667,60,66.6666666666667,66.6666666666667,60,66.6666666666667,60,60,60,60,60,51.3725490196078,50.2222222222222,50.2222222222222,58.8235294117647,41.7647058823529,62.5,38.125,55.3846153846154,71.4285714285714,29.2857142857143,76.9230769230769,23.8461538461538,50.5882352941176,46.6666666666667,54.6666666666667,50.7692307692308,3,4,4,2,2,3,4,5,1,3,2,3,4
"R_3fuY7FKwTzDEMwn","LH",25,1.7,37.09,"Prosocial",1298,1238,"HH","HL","LH","LL",15,10,10,10,25,25,10,10,"HH-LL","Welfare","","LL","LH","HL","HH","Welfare","",75,75,75,25,25,25,10,75,25,10,25,25,25,25,25,25,"Welfare","",128,128,113,113,86,85,81,80,98,98,71,70,66,65,43,43,38,38,33,33,"Similarity","","disagree somewhat","agree somewhat","agree somewhat","strongly disagree","disagree somewhat","disagree somewhat","neither agree
nor disagree","strongly agree","neither agree
nor disagree","agree somewhat","agree somewhat","Female",24,"United Kingdom of Great Britain and Northern Ireland","Bachelor's degree in college (4-year)",4,1,4,100,100,100,33.3333333333333,100,33.3333333333333,40,100,33.3333333333333,40,33.3333333333333,100,100,100,100,100,50.1960784313725,50.2222222222222,50.2222222222222,50.5882352941176,50,50.625,50,50.2564102564103,50.7142857142857,50,50.7692307692308,50,50.5882352941176,50.6666666666667,50.6666666666667,50.7692307692308,2,4,4,1,2,2,3,5,3,4,4,2,4
"R_bPzfvP6dZZ2xJPX","LH",25,1.7,37.48,"Prosocial",1280,1232,"LH","LL","HH","HL",15,15,15,15,50,50,15,15,"HL-LH","Inequality","","LL","LH","HL","HH","Inequality","",45,45,45,45,15,45,15,45,45,15,45,15,15,15,15,15,"Other","equal contribution by percentage of income",128,128,113,113,86,85,81,80,98,98,71,70,66,65,43,43,38,38,33,33,"Similarity","","strongly disagree","agree somewhat","strongly disagree","strongly disagree","agree somewhat","strongly disagree","strongly disagree","strongly agree","agree somewhat","strongly agree","strongly agree","Female",37,"United States of America","Bachelor's degree in college (4-year)",2,1,1,60,60,60,60,60,60,60,60,60,60,60,60,60,60,60,60,50.1960784313725,50.2222222222222,50.2222222222222,50.5882352941176,50,50.625,50,50.2564102564103,50.7142857142857,50,50.7692307692308,50,50.5882352941176,50.6666666666667,50.6666666666667,50.7692307692308,1,4,1,1,4,1,1,5,4,5,5,1,4
"R_2D7HtMSvJJmWG2x","LH",25,1.7,10.39,"Individualistic",1451,1086,"HH","HL","LH","LL",15,15,15,15,25,25,10,10,"HL-LH","Inequality","","LL","LH","HL","HH","Inequality","",50,50,50,50,15,50,15,50,50,15,50,15,15,15,15,15,"Inequality","",128,128,113,113,85.5,85.5,80.5,80.5,98,98,70.5,70.5,65.5,65.5,43,43,38,38,33,33,"Similarity","","agree somewhat","agree somewhat","agree somewhat","neither agree
nor disagree","disagree somewhat","disagree somewhat","agree somewhat","agree somewhat","strongly disagree","agree somewhat","agree somewhat","Female",35,"United Kingdom of Great Britain and Northern Ireland","Bachelor's degree in college (4-year)",3,3,2,66.6666666666667,66.6666666666667,66.6666666666667,66.6666666666667,60,66.6666666666667,60,66.6666666666667,66.6666666666667,60,66.6666666666667,60,60,60,60,60,50.1960784313725,50.2222222222222,50.2222222222222,50.2941176470588,50.2941176470588,50.3125,50.3125,50.2564102564103,50.3571428571429,50.3571428571429,50.3846153846154,50.3846153846154,50.5882352941176,50.6666666666667,50.6666666666667,50.7692307692308,4,4,4,3,2,2,4,4,1,4,4,4,4
"R_31vnBgxau15MzzX","LH",25,1.7,37.48,"Prosocial",1281,1233,"HL","LL","HH","LH",25,25,25,25,25,15,25,15,"HH-LL","Welfare","","LL","LH","HL","HH","Welfare","",75,75,75,75,25,75,25,75,75,25,75,25,25,25,25,25,"Welfare","",128,128,113,113,85.5,85.5,80.5,80.5,98,98,70.5,70.5,65.5,65.5,43,43,38,38,33,33,"Similarity","","strongly disagree","agree somewhat","disagree somewhat","neither agree
nor disagree","strongly agree","strongly disagree","disagree somewhat","agree somewhat","neither agree
nor disagree","strongly agree","strongly agree","Male",43,"United Kingdom of Great Britain and Northern Ireland","Bachelor's degree in college (4-year)",3,1,3,100,100,100,100,100,100,100,100,100,100,100,100,100,100,100,100,50.1960784313725,50.2222222222222,50.2222222222222,50.2941176470588,50.2941176470588,50.3125,50.3125,50.2564102564103,50.3571428571429,50.3571428571429,50.3846153846154,50.3846153846154,50.5882352941176,50.6666666666667,50.6666666666667,50.7692307692308,1,4,2,3,5,1,2,4,3,5,5,1,4
"R_3J4WJLHrj8n0MtZ","LH",25,1.7,34.88,"Prosocial",1294,1224,"LH","HH","LL","HL",10,5,10,15,15,15,5,15,"HH-LL","Random","","LH","HH","LL","HL","Random","",65,15,10,50,15,50,15,65,55,20,40,20,10,15,10,15,"Random","",76,180,46,180,111,60,70,91,68,128,60,81,50,81,60,26,26,50,36,30,"Random","","disagree somewhat","agree somewhat","agree somewhat","neither agree
nor disagree","agree somewhat","strongly agree","agree somewhat","strongly agree","neither agree
nor disagree","strongly agree","strongly agree","Male",25,"United States of America","Less than high school degree",4,4,4,86.6666666666667,20,13.3333333333333,66.6666666666667,60,66.6666666666667,60,86.6666666666667,73.3333333333333,80,53.3333333333333,80,40,60,40,60,29.8039215686275,20.4444444444444,80,65.2941176470588,35.2941176470588,43.75,56.875,34.8717948717949,42.8571428571429,57.8571428571429,38.4615384615385,62.3076923076923,70.5882352941177,34.6666666666667,66.6666666666667,55.3846153846154,2,4,4,3,4,5,4,5,3,5,5,2,4
"R_3eblVXCZBnAdOqg","LH",25,1.7,37.48,"Prosocial",1298,1221,"HH","LH","HL","LL",10,10,10,10,20,20,10,10,"HL-LH","Similarity","","HH","HL","LH","LL","Similarity","",25,25,25,25,10,25,10,25,25,10,25,10,10,10,10,10,"Welfare","",128,128,128,98,100,71,100,61,98,98,100,41,100,31,43,43,43,33,33,33,"Welfare","","disagree somewhat","strongly agree","strongly agree","strongly disagree","agree somewhat","strongly disagree","agree somewhat","strongly agree","strongly agree","agree somewhat","agree somewhat","Male",27,"United States of America","High school graduate (high school diploma or equivalent including GED)",2,2,4,33.3333333333333,33.3333333333333,33.3333333333333,33.3333333333333,40,33.3333333333333,40,33.3333333333333,33.3333333333333,40,33.3333333333333,40,40,40,40,40,50.1960784313725,56.8888888888889,43.5555555555556,58.8235294117647,41.7647058823529,62.5,38.125,50.2564102564103,71.4285714285714,29.2857142857143,76.9230769230769,23.8461538461538,50.5882352941176,57.3333333333333,44,50.7692307692308,2,5,5,1,4,1,4,5,5,4,4,2,5
"R_bwmXHrRKs4a33a1","LH",25,1.7,7.82,"Individualistic",1455,1075,"HH","HL","LH","LL",0,0,0,0,20,10,10,0,"HH-LL","Random","","HH","HL","LH","LL","Similarity","",0,0,0,0,0,0,0,0,0,0,0,0,0,0,0,0,"Other","i just don't think anyone /should/ have to contribute, if they want to, cool, if not, they shouldn't ",128,128,113,113,85.5,85.5,80.5,80.5,98,98,70.5,70.5,65.5,65.5,43,43,38,38,33,33,"Other","followed the rule of splitting evenly ","agree somewhat","agree somewhat","agree somewhat","agree somewhat","agree somewhat","agree somewhat","agree somewhat","agree somewhat","agree somewhat","agree somewhat","disagree somewhat","Female",23,"United Kingdom of Great Britain and Northern Ireland","Master's degree",4,3,4,0,0,0,0,0,0,0,0,0,0,0,0,0,0,0,0,50.1960784313725,50.2222222222222,50.2222222222222,50.2941176470588,50.2941176470588,50.3125,50.3125,50.2564102564103,50.3571428571429,50.3571428571429,50.3846153846154,50.3846153846154,50.5882352941176,50.6666666666667,50.6666666666667,50.7692307692308,4,4,4,4,4,4,4,4,4,4,2,4,4
"R_xg5ANU35YWpeK5P","LH",25,1.7,37.09,"Prosocial",1385,1215,"HH","HL","LH","LL",25,10,25,5,30,20,20,0,"HH-LL","Welfare","","HH","HL","LH","LL","Welfare","",75,50,75,75,25,50,25,50,50,25,30,25,25,20,25,25,"Welfare","",128,128,123,103,106,65,111,50,98,98,91,50,91,40,60,26,37,39,33,33,"Other","I would try to give more to types that were generous when it was more risky, i.e. gave money to ones with a multiplier of 1.3. The ones with a multiplier of 1.3 I guessed were less likely to contribute, so if you cooperated with them you were benifited for taking the risk.","disagree somewhat","agree somewhat","agree somewhat","agree somewhat","disagree somewhat","agree somewhat","disagree somewhat","strongly agree","strongly disagree","strongly agree","agree somewhat","Male",30,"United Kingdom of Great Britain and Northern Ireland","Master's degree",3,3,3,100,66.6666666666667,100,100,100,66.6666666666667,100,66.6666666666667,66.6666666666667,100,40,100,100,80,100,100,50.1960784313725,54.6666666666667,45.7777777777778,62.3529411764706,38.2352941176471,69.375,31.25,50.2564102564103,65,35.7142857142857,70,30.7692307692308,70.5882352941177,49.3333333333333,52,50.7692307692308,2,4,4,4,2,4,2,5,1,5,4,2,4
"R_8k9pL6TXTV9QKE9","LH",25,1.7,7.82,"Individualistic",1455,1075,"LH","LL","HH","HL",25,25,25,25,15,25,25,25,"HH-LL","Welfare","","HH","HL","LH","LL","Similarity","",75,75,75,25,25,25,25,75,25,25,25,25,25,25,25,25,"Similarity","",128,128,128,98,128,43,128,33,98,98,98,43,98,33,43,43,43,33,33,33,"Welfare","","disagree somewhat","strongly agree","agree somewhat","strongly agree","strongly agree","strongly disagree","strongly agree","agree somewhat","agree somewhat","strongly agree","agree somewhat","Female",39,"United Kingdom of Great Britain and Northern Ireland","Master's degree",2,2,4,100,100,100,33.3333333333333,100,33.3333333333333,100,100,33.3333333333333,100,33.3333333333333,100,100,100,100,100,50.1960784313725,56.8888888888889,43.5555555555556,75.2941176470588,25.2941176470588,80,20.625,50.2564102564103,70,30.7142857142857,75.3846153846154,25.3846153846154,50.5882352941176,57.3333333333333,44,50.7692307692308,2,5,4,5,5,1,5,4,4,5,4,2,5
"R_rirOTycwuXVR7CF","LH",25,1.7,45,"Prosocial",1255,1305,"HH","HL","LH","LL",12,10,14,10,30,25,14,10,"HL-LH","Welfare","","HH","HL","LH","LL","Similarity","",35,35,30,35,12,35,10,30,35,13,35,10,12,12,10,10,"Random","",128,128,113,113,85,86,80,81,98,98,70,71,65,66,43,43,38,38,33,33,"Similarity","","strongly disagree","strongly disagree","neither agree
nor disagree","neither agree
nor disagree","neither agree
nor disagree","neither agree
nor disagree","neither agree
nor disagree","agree somewhat","neither agree
nor disagree","neither agree
nor disagree","strongly agree","Female",29,"United Kingdom of Great Britain and Northern Ireland","Some college but no degree",4,3,4,46.6666666666667,46.6666666666667,40,46.6666666666667,48,46.6666666666667,40,40,46.6666666666667,52,46.6666666666667,40,48,48,40,40,50.1960784313725,50.2222222222222,50.2222222222222,50,50.5882352941176,50,50.625,50.2564102564103,50,50.7142857142857,50,50.7692307692308,50.5882352941176,50.6666666666667,50.6666666666667,50.7692307692308,1,1,3,3,3,3,3,4,3,3,5,1,1
"R_WpSrDWkmf7ECbK1","LH",25,1.7,31.5,"Prosocial",1326,1207,"HH","HL","LL","LH",2,2,0,0,15,10,0,0,"HH-LL","Welfare","","HH","HL","LH","LL","Inequality","",10,10,3,10,1,10,1,5,5,2,5,2,2,2,1,1,"Welfare","",128,128,113,113,86,85,81,80,95,101,70,71,66,65,43,43,38,38,33,33,"Inequality","","strongly disagree","agree somewhat","strongly agree","strongly disagree","strongly agree","strongly disagree","disagree somewhat","strongly agree","strongly agree","strongly agree","strongly agree","Female",40,"United States of America","Bachelor's degree in college (4-year)",1,1,7,13.3333333333333,13.3333333333333,4,13.3333333333333,4,13.3333333333333,4,6.66666666666667,6.66666666666667,8,6.66666666666667,8,8,8,4,4,50.1960784313725,50.2222222222222,50.2222222222222,50.5882352941176,50,50.625,50,48.7179487179487,50,50.7142857142857,50.7692307692308,50,50.5882352941176,50.6666666666667,50.6666666666667,50.7692307692308,1,4,5,1,5,1,2,5,5,5,5,1,4
"R_a32tIlIKSCvwGxH","LH",25,1.7,11.68,"Individualistic",1352,1097,"HL","HH","LH","LL",20,20,20,20,70,65,20,15,"HH-LL","Similarity","","HH","HL","LH","LL","Inequality","",70,70,70,70,20,70,20,70,70,20,70,20,20,20,20,20,"Welfare","",128,128,116,110,100,71,100,61,98,98,90,51,90,41,43,43,36,40,33,33,"Random","","neither agree
nor disagree","strongly agree","strongly agree","strongly agree","agree somewhat","disagree somewhat","disagree somewhat","strongly agree","agree somewhat","strongly agree","strongly agree","Female",34,"United Kingdom of Great Britain and Northern Ireland","Associate degree in college (2-year)",3,4,3,93.3333333333333,93.3333333333333,93.3333333333333,93.3333333333333,80,93.3333333333333,80,93.3333333333333,93.3333333333333,80,93.3333333333333,80,80,80,80,80,50.1960784313725,51.5555555555556,48.8888888888889,58.8235294117647,41.7647058823529,62.5,38.125,50.2564102564103,64.2857142857143,36.4285714285714,69.2307692307692,31.5384615384615,50.5882352941176,48,53.3333333333333,50.7692307692308,3,5,5,5,4,2,2,5,4,5,5,3,5
"R_oZFzAorYcPhMfkZ","LH",25,1.7,7.82,"Individualistic",1455,1075,"HH","HL","LH","LL",10,10,10,10,25,25,10,5,"HL-LH","Inequality","","LH","LL","HH","HL","Inequality","",45,45,45,35,10,45,15,45,25,10,25,10,10,10,10,10,"Inequality","",128,128,113,113,100,71,100,61,98,98,71,70,66,65,43,43,38,38,33,33,"Inequality","","disagree somewhat","agree somewhat","agree somewhat","disagree somewhat","disagree somewhat","agree somewhat","neither agree
nor disagree","disagree somewhat","agree somewhat","strongly agree","strongly agree","Male",30,"United Kingdom of Great Britain and Northern Ireland","High school graduate (high school diploma or equivalent including GED)",4,4,4,60,60,60,46.6666666666667,40,60,60,60,33.3333333333333,40,33.3333333333333,40,40,40,40,40,50.1960784313725,50.2222222222222,50.2222222222222,58.8235294117647,41.7647058823529,62.5,38.125,50.2564102564103,50.7142857142857,50,50.7692307692308,50,50.5882352941176,50.6666666666667,50.6666666666667,50.7692307692308,2,4,4,2,2,4,3,2,4,5,5,2,4
"R_1JPWwyeiHifKNUt","LH",25,1.7,34.88,"Prosocial",1288,1225,"LL","HL","HH","LH",15,15,15,15,30,30,15,15,"HH-LL","Welfare","","LL","LH","HL","HH","Welfare","",30,30,30,30,15,30,15,30,30,15,30,15,15,15,15,15,"Welfare","",128,128,113,113,85.5,85.5,80.5,80.5,98,98,70.5,70.5,65.5,65.5,43,43,38,38,33,33,"Similarity","","disagree somewhat","agree somewhat","disagree somewhat","neither agree
nor disagree","agree somewhat","disagree somewhat","disagree somewhat","agree somewhat","disagree somewhat","agree somewhat","agree somewhat","Female",28,"United Kingdom of Great Britain and Northern Ireland","High school graduate (high school diploma or equivalent including GED)",1,1,1,40,40,40,40,60,40,60,40,40,60,40,60,60,60,60,60,50.1960784313725,50.2222222222222,50.2222222222222,50.2941176470588,50.2941176470588,50.3125,50.3125,50.2564102564103,50.3571428571429,50.3571428571429,50.3846153846154,50.3846153846154,50.5882352941176,50.6666666666667,50.6666666666667,50.7692307692308,2,4,2,3,4,2,2,4,2,4,4,2,4
"R_3KrYIwY1qi1j9O9","LH",25,1.7,28.14,"Prosocial",1369,1194,"HH","HL","LH","LL",15,15,15,10,30,25,10,10,"HH-LL","Welfare","","LL","LH","HL","HH","Welfare","",45,45,40,50,15,45,10,40,45,15,45,10,15,15,10,10,"Welfare","",128,128,120,106,110,61,100,61,98,98,100,41,90,41,43,43,40,36,33,33,"Similarity","","disagree somewhat","agree somewhat","disagree somewhat","neither agree
nor disagree","neither agree
nor disagree","agree somewhat","agree somewhat","agree somewhat","disagree somewhat","neither agree
nor disagree","agree somewhat","Female",38,"United Kingdom of Great Britain and Northern Ireland","Some college but no degree",3,2,4,60,60,53.3333333333333,66.6666666666667,60,60,40,53.3333333333333,60,60,60,40,60,60,40,40,50.1960784313725,53.3333333333333,47.1111111111111,64.7058823529412,35.8823529411765,62.5,38.125,50.2564102564103,71.4285714285714,29.2857142857143,69.2307692307692,31.5384615384615,50.5882352941176,53.3333333333333,48,50.7692307692308,2,4,2,3,3,4,4,4,2,3,4,2,4
"R_ykIf0UH5NzHptYZ","LH",25,1.7,7.82,"Individualistic",1455,1075,"HH","HL","LH","LL",25,25,25,25,25,25,25,25,"HL-LH","Inequality","","HH","HL","LH","LL","Inequality","",75,75,75,75,25,75,25,75,25,25,75,25,25,25,25,25,"Welfare","",128,128,113,113,85,86,80,81,98,98,71,70,63,68,43,43,38,38,33,33,"Inequality","","strongly disagree","strongly agree","strongly disagree","strongly disagree","strongly disagree","strongly disagree","strongly agree","strongly agree","strongly disagree","strongly agree","strongly agree","Female",43,"United States of America","Bachelor's degree in college (4-year)",2,2,2,100,100,100,100,100,100,100,100,33.3333333333333,100,100,100,100,100,100,100,50.1960784313725,50.2222222222222,50.2222222222222,50,50.5882352941176,50,50.625,50.2564102564103,50.7142857142857,50,48.4615384615385,52.3076923076923,50.5882352941176,50.6666666666667,50.6666666666667,50.7692307692308,1,5,1,1,1,1,5,5,1,5,5,1,5
"R_25T4lu9ZQDo0ljx","LH",25,1.7,16.26,"Individualistic",1409,1139,"HH","HL","LH","LL",15,15,15,10,30,25,10,10,"HL-LH","Random","","LL","LH","HL","HH","Welfare","",35,35,30,35,15,35,10,30,25,15,25,10,15,15,10,10,"Welfare","",128,128,140,86,60,111,90,71,98,98,80,61,80,51,43,43,36,40,33,33,"Inequality","","disagree somewhat","disagree somewhat","disagree somewhat","neither agree
nor disagree","disagree somewhat","disagree somewhat","neither agree
nor disagree","agree somewhat","disagree somewhat","neither agree
nor disagree","neither agree
nor disagree","Female",42,"United Kingdom of Great Britain and Northern Ireland","Bachelor's degree in college (4-year)",4,4,4,46.6666666666667,46.6666666666667,40,46.6666666666667,60,46.6666666666667,40,40,33.3333333333333,60,33.3333333333333,40,60,60,40,40,50.1960784313725,62.2222222222222,38.2222222222222,35.2941176470588,65.2941176470588,56.25,44.375,50.2564102564103,57.1428571428571,43.5714285714286,61.5384615384615,39.2307692307692,50.5882352941176,48,53.3333333333333,50.7692307692308,2,2,2,3,2,2,3,4,2,3,3,2,2
"R_1QbghvPmBn5A4WM","LH",25,1.7,37.48,"Prosocial",1287,1232,"HH","HL","LH","LL",25,15,25,25,50,50,15,20,"HH-LL","Similarity","","LH","LL","HH","HL","Inequality","",75,50,50,75,25,50,25,50,50,25,50,15,25,25,25,25,"Welfare","",128,128,113,113,86,85,81,80,98,98,71,70,66,65,43,43,38,38,33,33,"Other","I think it was a mix of inequality and similarity both.","strongly disagree","agree somewhat","disagree somewhat","agree somewhat","strongly agree","neither agree
nor disagree","agree somewhat","strongly agree","neither agree
nor disagree","strongly agree","strongly agree","Female",30,"United States of America","Bachelor's degree in college (4-year)",2,3,1,100,66.6666666666667,66.6666666666667,100,100,66.6666666666667,100,66.6666666666667,66.6666666666667,100,66.6666666666667,60,100,100,100,100,50.1960784313725,50.2222222222222,50.2222222222222,50.5882352941176,50,50.625,50,50.2564102564103,50.7142857142857,50,50.7692307692308,50,50.5882352941176,50.6666666666667,50.6666666666667,50.7692307692308,1,4,2,4,5,3,4,5,3,5,5,1,4
"R_2OT5f8smz1FJyRO","LH",25,1.7,7.82,"Individualistic",1455,1075,"HH","HL","LH","LL",0,0,0,0,0,0,0,0,"HH-LL","Similarity","","LL","LH","HL","HH","Inequality","",75,75,75,50,0,50,0,75,50,0,50,0,25,25,25,25,"Inequality","",128,128,113,113,86,85,81,80,98,98,70,71,66,65,43,43,38,38,33,33,"Similarity","","disagree somewhat","agree somewhat","disagree somewhat","disagree somewhat","agree somewhat","disagree somewhat","agree somewhat","strongly agree","agree somewhat","strongly agree","strongly agree","Female",33,"United States of America","Master's degree",1,1,7,100,100,100,66.6666666666667,0,66.6666666666667,0,100,66.6666666666667,0,66.6666666666667,0,100,100,100,100,50.1960784313725,50.2222222222222,50.2222222222222,50.5882352941176,50,50.625,50,50.2564102564103,50,50.7142857142857,50.7692307692308,50,50.5882352941176,50.6666666666667,50.6666666666667,50.7692307692308,2,4,2,2,4,2,4,5,4,5,5,2,4
"R_3HoABU7jBvNBA3B","LH",25,1.7,33.94,"Prosocial",1330,1229,"HH","LH","HL","LL",15,15,15,12,50,25,10,5,"HH-LL","Welfare","","LL","HH","HL","LH","Inequality","",75,40,50,50,10,40,15,75,40,15,60,15,25,15,10,25,"Welfare","",128,128,113,113,85.5,85.5,80.5,80.5,98,98,70.5,70.5,65.5,65.5,43,43,38,38,33,33,"Inequality","","strongly disagree","strongly agree","disagree somewhat","neither agree
nor disagree","agree somewhat","disagree somewhat","neither agree
nor disagree","strongly agree","neither agree
nor disagree","strongly agree","strongly agree","Male",26,"United Kingdom of Great Britain and Northern Ireland","Some college but no degree",1,1,4,100,53.3333333333333,66.6666666666667,66.6666666666667,40,53.3333333333333,60,100,53.3333333333333,60,80,60,100,60,40,100,50.1960784313725,50.2222222222222,50.2222222222222,50.2941176470588,50.2941176470588,50.3125,50.3125,50.2564102564103,50.3571428571429,50.3571428571429,50.3846153846154,50.3846153846154,50.5882352941176,50.6666666666667,50.6666666666667,50.7692307692308,1,5,2,3,4,2,3,5,3,5,5,1,5
"R_1kRpJg0xeiLQe8F","LH",25,1.7,37.48,"Prosocial",1317,1212,"HH","HL","LH","LL",25,25,25,25,75,75,25,25,"HL-LH","Inequality","","LH","LL","HL","HH","Inequality","",75,75,75,75,25,75,25,75,75,25,75,25,25,25,25,25,"Inequality","",128,128,113,113,85.5,85.5,80.5,80.5,98,98,70.5,70.5,65.5,65.5,43,43,38,38,33,33,"Inequality","","strongly disagree","agree somewhat","strongly disagree","disagree somewhat","agree somewhat","disagree somewhat","agree somewhat","strongly agree","strongly disagree","agree somewhat","agree somewhat","Male",36,"United States of America","Master's degree",2,2,2,100,100,100,100,100,100,100,100,100,100,100,100,100,100,100,100,50.1960784313725,50.2222222222222,50.2222222222222,50.2941176470588,50.2941176470588,50.3125,50.3125,50.2564102564103,50.3571428571429,50.3571428571429,50.3846153846154,50.3846153846154,50.5882352941176,50.6666666666667,50.6666666666667,50.7692307692308,1,4,1,2,4,2,4,5,1,4,4,1,4
"R_26kDpv8yRLi4TLC","LH",25,1.7,32.91,"Prosocial",1298,1203,"HL","LL","HH","LH",15,10,11,9,20,22,9,8,"HL-LH","Inequality","","LH","LL","HH","HL","Inequality","",35,35,22,35,13,35,13,25,25,12,30,12,12,10,11,15,"Welfare","",128,128,115,111,95,76,86,75,98,98,80,61,81,50,43,43,38,38,33,33,"Inequality","","agree somewhat","neither agree
nor disagree","agree somewhat","disagree somewhat","disagree somewhat","agree somewhat","strongly agree","strongly agree","strongly disagree","neither agree
nor disagree","strongly agree","Male",43,"United Kingdom of Great Britain and Northern Ireland","Bachelor's degree in college (4-year)",4,3,4,46.6666666666667,46.6666666666667,29.3333333333333,46.6666666666667,52,46.6666666666667,52,33.3333333333333,33.3333333333333,48,40,48,48,40,44,60,50.1960784313725,51.1111111111111,49.3333333333333,55.8823529411765,44.7058823529412,53.75,46.875,50.2564102564103,57.1428571428571,43.5714285714286,62.3076923076923,38.4615384615385,50.5882352941176,50.6666666666667,50.6666666666667,50.7692307692308,4,3,4,2,2,4,5,5,1,3,5,4,3
"R_1j7IhrmLkz933N8","LH",25,1.7,32.56,"Prosocial",1294,1199,"LH","LL","HH","HL",5,10,10,10,5,10,10,5,"HH-LL","Welfare","","HH","HL","LH","LL","Welfare","",10,20,10,25,10,10,5,10,20,10,10,5,10,10,5,5,"Welfare","",127,129,113,113,85,86,80,81,96,100,70,71,66,65,43,43,39,37,33,33,"Similarity","","neither agree
nor disagree","strongly disagree","strongly disagree","disagree somewhat","disagree somewhat","agree somewhat","neither agree
nor disagree","strongly agree","strongly disagree","disagree somewhat","disagree somewhat","Male",33,"United States of America","Bachelor's degree in college (4-year)",4,4,4,13.3333333333333,26.6666666666667,13.3333333333333,33.3333333333333,40,13.3333333333333,20,13.3333333333333,26.6666666666667,40,13.3333333333333,20,40,40,20,20,49.8039215686275,50.2222222222222,50.2222222222222,50,50.5882352941176,50,50.625,49.2307692307692,50,50.7142857142857,50.7692307692308,50,50.5882352941176,52,49.3333333333333,50.7692307692308,3,1,1,2,2,4,3,5,1,2,2,3,1
"R_3Dto19hlX2Cny7Y","LH",25,1.7,34.88,"Prosocial",1299,1229,"HH","LH","HL","LL",10,5,10,5,30,5,10,0,"HH-LL","Welfare","","HL","LH","HH","LL","Welfare","",75,5,10,15,15,5,10,75,10,5,5,5,25,5,10,25,"Welfare","",128,128,98,128,43,128,128,33,98,98,98,43,98,33,43,43,33,43,33,33,"Welfare","","strongly disagree","agree somewhat","strongly agree","neither agree
nor disagree","agree somewhat","strongly agree","disagree somewhat","strongly agree","strongly disagree","strongly agree","neither agree
nor disagree","Male",33,"United Kingdom of Great Britain and Northern Ireland","Bachelor's degree in college (4-year)",5,5,3,100,6.66666666666667,13.3333333333333,20,60,6.66666666666667,40,100,13.3333333333333,20,6.66666666666667,20,100,20,40,100,50.1960784313725,43.5555555555556,56.8888888888889,25.2941176470588,75.2941176470588,80,20.625,50.2564102564103,70,30.7142857142857,75.3846153846154,25.3846153846154,50.5882352941176,44,57.3333333333333,50.7692307692308,1,4,5,3,4,5,2,5,1,5,3,1,4
"R_2dT7Qd38DzIUN2b","LH",25,1.7,37.09,"Prosocial",1405,1195,"HH","HL","LH","LL",20,20,10,10,50,55,10,5,"HH-LL","Random","","HL","HH","LL","LH","Inequality","",70,70,65,65,15,70,15,70,70,20,65,10,20,20,15,10,"Inequality","",128,128,126,100,121,50,101,60,98,98,85,56,82,49,43,43,44,32,33,33,"Inequality","","disagree somewhat","neither agree
nor disagree","neither agree
nor disagree","neither agree
nor disagree","neither agree
nor disagree","neither agree
nor disagree","neither agree
nor disagree","neither agree
nor disagree","neither agree
nor disagree","neither agree
nor disagree","neither agree
nor disagree","Female",26,"United States of America","Master's degree",4,4,4,93.3333333333333,93.3333333333333,86.6666666666667,86.6666666666667,60,93.3333333333333,60,93.3333333333333,93.3333333333333,80,86.6666666666667,40,80,80,60,40,50.1960784313725,56,44.4444444444444,71.1764705882353,29.4117647058824,63.125,37.5,50.2564102564103,60.7142857142857,40,63.0769230769231,37.6923076923077,50.5882352941176,58.6666666666667,42.6666666666667,50.7692307692308,2,3,3,3,3,3,3,3,3,3,3,2,3
"R_3j8cj4vnlUktxJF","LH",25,1.7,36.08,"Prosocial",1259,1218,"HH","HL","LH","LL",15,15,15,15,30,20,10,10,"HL-LH","Inequality","","LH","LL","HH","HL","Similarity","",50,50,45,40,15,40,15,50,40,15,50,20,20,15,15,15,"Similarity","",128,128,113,113,120,51,115,46,98,98,100,41,98,33,43,43,38,38,33,33,"Welfare","","agree somewhat","agree somewhat","neither agree
nor disagree","disagree somewhat","disagree somewhat","disagree somewhat","agree somewhat","agree somewhat","disagree somewhat","disagree somewhat","disagree somewhat","Female",30,"United States of America","Master's degree",4,3,4,66.6666666666667,66.6666666666667,60,53.3333333333333,60,53.3333333333333,60,66.6666666666667,53.3333333333333,60,66.6666666666667,80,80,60,60,60,50.1960784313725,50.2222222222222,50.2222222222222,70.5882352941177,30,71.875,28.75,50.2564102564103,71.4285714285714,29.2857142857143,75.3846153846154,25.3846153846154,50.5882352941176,50.6666666666667,50.6666666666667,50.7692307692308,4,4,3,2,2,2,4,4,2,2,2,4,4
"R_33DBSE6yYM82Cp0","LH",25,1.7,7.53,"Individualistic",1427,1097,"HH","HL","LH","LL",25,25,25,25,25,25,25,25,"HL-LH","Similarity","","HH","HL","LH","LL","Similarity","",25,25,25,25,25,25,25,25,25,25,25,25,25,25,25,25,"Welfare","",128,128,128,98,128,43,128,33,98,98,98,43,98,33,43,43,43,33,33,33,"Similarity","","agree somewhat","neither agree
nor disagree","agree somewhat","neither agree
nor disagree","neither agree
nor disagree","strongly agree","agree somewhat","agree somewhat","agree somewhat","agree somewhat","agree somewhat","Male",35,"United States of America","Bachelor's degree in college (4-year)",4,2,3,33.3333333333333,33.3333333333333,33.3333333333333,33.3333333333333,100,33.3333333333333,100,33.3333333333333,33.3333333333333,100,33.3333333333333,100,100,100,100,100,50.1960784313725,56.8888888888889,43.5555555555556,75.2941176470588,25.2941176470588,80,20.625,50.2564102564103,70,30.7142857142857,75.3846153846154,25.3846153846154,50.5882352941176,57.3333333333333,44,50.7692307692308,4,3,4,3,3,5,4,4,4,4,4,4,3
"R_1rojioDxr9H3dsE","LH",25,1.7,7.82,"Individualistic",1455,1075,"HH","HL","LH","LL",20,15,20,15,50,15,15,10,"HL-LH","Random","","LL","LH","HL","HH","Inequality","",75,50,40,65,15,55,15,50,55,20,65,10,15,15,10,5,"Random","",128,128,113,113,85,86,81,80,98,98,70,71,66,65,43,43,38,38,33,33,"Similarity","","neither agree
nor disagree","neither agree
nor disagree","agree somewhat","neither agree
nor disagree","neither agree
nor disagree","strongly disagree","strongly disagree","neither agree
nor disagree","neither agree
nor disagree","neither agree
nor disagree","neither agree
nor disagree","Female",28,"United Kingdom of Great Britain and Northern Ireland","Some college but no degree",4,4,4,100,66.6666666666667,53.3333333333333,86.6666666666667,60,73.3333333333333,60,66.6666666666667,73.3333333333333,80,86.6666666666667,40,60,60,40,20,50.1960784313725,50.2222222222222,50.2222222222222,50,50.5882352941176,50.625,50,50.2564102564103,50,50.7142857142857,50.7692307692308,50,50.5882352941176,50.6666666666667,50.6666666666667,50.7692307692308,3,3,4,3,3,1,1,3,3,3,3,3,3
"R_2fcFcb2ep6nqK7g","LH",25,1.7,45,"Prosocial",1290,1280,"HH","HL","LH","LL",10,10,10,10,30,30,10,10,"HL-LH","Inequality","","LL","LH","HL","HH","Inequality","",30,30,30,30,10,30,10,30,30,10,30,10,10,10,10,10,"Inequality","",128,128,113,113,86,85,81,80,98,98,71,70,66,65,43,43,38,38,33,33,"Similarity","","strongly disagree","agree somewhat","strongly agree","strongly disagree","agree somewhat","strongly disagree","disagree somewhat","strongly agree","strongly disagree","strongly agree","strongly agree","Female",28,"United States of America","Associate degree in college (2-year)",1,1,3,40,40,40,40,40,40,40,40,40,40,40,40,40,40,40,40,50.1960784313725,50.2222222222222,50.2222222222222,50.5882352941176,50,50.625,50,50.2564102564103,50.7142857142857,50,50.7692307692308,50,50.5882352941176,50.6666666666667,50.6666666666667,50.7692307692308,1,4,5,1,4,1,2,5,1,5,5,1,4
"R_3lxY5KozrdocVan","LH",25,1.7,7.82,"Individualistic",1455,1075,"HH","HL","LH","LL",0,0,0,0,0,0,0,0,"HL-LH","Other","Wanted to make maximum contribution from each side as close to each other as possible","HH","LH","HL","LL","Similarity","",75,75,75,75,25,75,25,75,75,25,25,25,25,25,25,25,"Welfare","",128,128,113,113,86,85,81,80,98,98,71,70,66,65,43,43,38,38,33,33,"Similarity","","disagree somewhat","neither agree
nor disagree","neither agree
nor disagree","agree somewhat","agree somewhat","neither agree
nor disagree","agree somewhat","agree somewhat","strongly agree","agree somewhat","neither agree
nor disagree","Male",29,"United States of America","Master's degree",3,1,4,100,100,100,100,100,100,100,100,100,100,33.3333333333333,100,100,100,100,100,50.1960784313725,50.2222222222222,50.2222222222222,50.5882352941176,50,50.625,50,50.2564102564103,50.7142857142857,50,50.7692307692308,50,50.5882352941176,50.6666666666667,50.6666666666667,50.7692307692308,2,3,3,4,4,3,4,4,5,4,3,2,3
"R_3PStMh9V9n3WWAt","LH",25,1.7,-3.74,"Individualistic",1357,1059,"HH","HL","LH","LL",15,15,5,5,25,15,5,10,"HL-LH","Welfare","","LH","HH","LL","HL","Random","",25,25,25,25,5,25,5,15,25,5,15,5,10,10,10,5,"Welfare","",128,128,126,100,95.5,75.5,100,61,98,98,70.5,70.5,65.5,65.5,43,43,38,38,33,33,"Inequality","","disagree somewhat","agree somewhat","strongly disagree","neither agree
nor disagree","strongly disagree","strongly disagree","agree somewhat","strongly agree","strongly disagree","strongly agree","strongly agree","Female",37,"United Kingdom of Great Britain and Northern Ireland","Bachelor's degree in college (4-year)",4,4,4,33.3333333333333,33.3333333333333,33.3333333333333,33.3333333333333,20,33.3333333333333,20,20,33.3333333333333,20,20,20,40,40,40,20,50.1960784313725,56,44.4444444444444,56.1764705882353,44.4117647058823,62.5,38.125,50.2564102564103,50.3571428571429,50.3571428571429,50.3846153846154,50.3846153846154,50.5882352941176,50.6666666666667,50.6666666666667,50.7692307692308,2,4,1,3,1,1,4,5,1,5,5,2,4
"R_NURwVl8l0Domag9","LH",25,1.7,16.26,"Individualistic",1430,1100,"HH","HL","LH","LL",25,25,25,25,0,0,0,0,"HH-LL","Welfare","","HH","LH","LL","HL","Random","",75,75,75,75,25,75,25,75,75,25,75,25,25,25,25,25,"Welfare","",128,128,128,98,128,43,128,33,98,98,98,43,98,33,43,43,43,33,33,33,"Other","wanted people to earn what they gained","strongly disagree","strongly agree","strongly disagree","strongly disagree","strongly agree","strongly disagree","strongly disagree","strongly agree","agree somewhat","strongly agree","agree somewhat","Male",26,"United States of America","High school graduate (high school diploma or equivalent including GED)",3,3,5,100,100,100,100,100,100,100,100,100,100,100,100,100,100,100,100,50.1960784313725,56.8888888888889,43.5555555555556,75.2941176470588,25.2941176470588,80,20.625,50.2564102564103,70,30.7142857142857,75.3846153846154,25.3846153846154,50.5882352941176,57.3333333333333,44,50.7692307692308,1,5,1,1,5,1,1,5,4,5,4,1,5
"R_Ua70qCqrGJai2oV","LH",25,1.7,34.88,"Prosocial",1319,1209,"HH","HL","LH","LL",25,25,25,0,25,25,0,0,"HL-LH","Inequality","","HL","HH","LL","LH","Inequality","",75,75,75,75,25,75,25,75,75,25,75,25,25,25,25,25,"Welfare","",128,128,113,113,85,86,80,81,98,98,70,71,65,66,43,43,38,38,33,33,"Other","Balance between fair redistribution without discounting the greater risk/investment by wealthier individuals","disagree somewhat","strongly agree","strongly disagree","strongly disagree","strongly agree","disagree somewhat","strongly disagree","strongly agree","neither agree
nor disagree","strongly agree","strongly agree","Male",41,"United States of America","Bachelor's degree in college (4-year)",1,1,7,100,100,100,100,100,100,100,100,100,100,100,100,100,100,100,100,50.1960784313725,50.2222222222222,50.2222222222222,50,50.5882352941176,50,50.625,50.2564102564103,50,50.7142857142857,50,50.7692307692308,50.5882352941176,50.6666666666667,50.6666666666667,50.7692307692308,2,5,1,1,5,2,1,5,3,5,5,2,5
"R_2OIQNycnPluvyYz","LH",25,1.7,35.67,"Prosocial",1354,1168,"HH","HL","LH","LL",6,6,6,6,19,19,10,6,"HL-LH","Inequality","","LL","LH","HL","HH","Inequality","",20,20,20,20,6,20,6,20,20,6,20,6,6,6,6,6,"Other","I based it off over 25% of each units available for every group no matter what.",128,128,113,113,85.5,85.5,80.5,80.5,98,98,70.5,70.5,65.5,65.5,43,43,38,38,33,33,"Similarity","","strongly disagree","neither agree
nor disagree","disagree somewhat","agree somewhat","agree somewhat","neither agree
nor disagree","strongly agree","strongly agree","agree somewhat","strongly agree","strongly agree","Female",26,"United States of America","Master's degree",4,4,4,26.6666666666667,26.6666666666667,26.6666666666667,26.6666666666667,24,26.6666666666667,24,26.6666666666667,26.6666666666667,24,26.6666666666667,24,24,24,24,24,50.1960784313725,50.2222222222222,50.2222222222222,50.2941176470588,50.2941176470588,50.3125,50.3125,50.2564102564103,50.3571428571429,50.3571428571429,50.3846153846154,50.3846153846154,50.5882352941176,50.6666666666667,50.6666666666667,50.7692307692308,1,3,2,4,4,3,5,5,4,5,5,1,3
"R_3Kvja5yphYkudQC","LH",25,1.7,30.29,"Prosocial",1274,1235,"HL","HH","LH","LL",10,10,10,10,20,30,10,5,"HH-LL","Random","","LH","HL","HH","LL","Random","",35,35,30,35,15,30,13,30,35,15,30,13,15,15,15,10,"Random","",128,128,128,98,128,43,128,33,98,98,98,43,98,33,43,43,43,33,33,33,"Other","what ever you guy told me to do ","agree somewhat","neither agree
nor disagree","neither agree
nor disagree","agree somewhat","disagree somewhat","neither agree
nor disagree","neither agree
nor disagree","agree somewhat","neither agree
nor disagree","agree somewhat","neither agree
nor disagree","Male",26,"United States of America","Less than high school degree",4,4,4,46.6666666666667,46.6666666666667,40,46.6666666666667,60,40,52,40,46.6666666666667,60,40,52,60,60,60,40,50.1960784313725,56.8888888888889,43.5555555555556,75.2941176470588,25.2941176470588,80,20.625,50.2564102564103,70,30.7142857142857,75.3846153846154,25.3846153846154,50.5882352941176,57.3333333333333,44,50.7692307692308,4,3,3,4,2,3,3,4,3,4,3,4,3
"R_12tlLP5vcnlirQd","LH",25,1.7,37.48,"Prosocial",1281,1233,"HH","HL","LH","LL",10,10,10,10,30,30,10,10,"HL-LH","Inequality","","LL","LH","HL","HH","Inequality","",75,40,40,30,10,30,10,75,75,25,30,10,25,10,10,25,"Welfare","",128,128,113,113,85.5,85.5,120,41,98,98,98,43,98,33,43,43,38,38,33,33,"Welfare","","disagree somewhat","agree somewhat","agree somewhat","agree somewhat","agree somewhat","disagree somewhat","disagree somewhat","agree somewhat","neither agree
nor disagree","strongly agree","agree somewhat","Female",35,"United States of America","Associate degree in college (2-year)",3,2,5,100,53.3333333333333,53.3333333333333,40,40,40,40,100,100,100,40,40,100,40,40,100,50.1960784313725,50.2222222222222,50.2222222222222,50.2941176470588,50.2941176470588,75,25.625,50.2564102564103,70,30.7142857142857,75.3846153846154,25.3846153846154,50.5882352941176,50.6666666666667,50.6666666666667,50.7692307692308,2,4,4,4,4,2,2,4,3,5,4,2,4
"R_ABvmDsL3jKmTtIZ","LH",25,1.7,7.82,"Individualistic",1455,1075,"HH","HL","LH","LL",10,10,10,10,15,15,10,10,"HL-LH","Random","","LH","LL","HH","HL","Welfare","",75,75,75,25,25,25,25,75,25,25,25,25,25,25,25,25,"Similarity","",128,128,113,113,111,60,111,50,98,98,85,56,85,46,43,43,38,38,33,33,"Inequality","","strongly disagree","strongly agree","strongly disagree","strongly disagree","strongly agree","strongly disagree","strongly disagree","strongly agree","agree somewhat","strongly agree","strongly agree","Female",42,"United States of America","Bachelor's degree in college (4-year)",1,1,7,100,100,100,33.3333333333333,100,33.3333333333333,100,100,33.3333333333333,100,33.3333333333333,100,100,100,100,100,50.1960784313725,50.2222222222222,50.2222222222222,65.2941176470588,35.2941176470588,69.375,31.25,50.2564102564103,60.7142857142857,40,65.3846153846154,35.3846153846154,50.5882352941176,50.6666666666667,50.6666666666667,50.7692307692308,1,5,1,1,5,1,1,5,4,5,5,1,5
"R_3lE3bwvq3dQo0Kx","LH",25,1.7,40.07,"Prosocial",1280,1250,"HH","HL","LH","LL",5,10,10,10,20,15,10,10,"HL-LH","Similarity","","LL","LH","HL","HH","Inequality","",25,15,15,25,10,25,5,25,15,10,25,5,5,5,5,5,"Random","",128,128,113,113,91,80,81,80,98,98,81,60,65,66,43,43,38,38,33,33,"Similarity","","strongly disagree","neither agree
nor disagree","neither agree
nor disagree","neither agree
nor disagree","strongly agree","strongly disagree","neither agree
nor disagree","agree somewhat","neither agree
nor disagree","strongly agree","strongly agree","Female",24,"United States of America","Less than high school degree",2,1,7,33.3333333333333,20,20,33.3333333333333,40,33.3333333333333,20,33.3333333333333,20,40,33.3333333333333,20,20,20,20,20,50.1960784313725,50.2222222222222,50.2222222222222,53.5294117647059,47.0588235294118,50.625,50,50.2564102564103,57.8571428571429,42.8571428571429,50,50.7692307692308,50.5882352941176,50.6666666666667,50.6666666666667,50.7692307692308,1,3,3,3,5,1,3,4,3,5,5,1,3
"R_3KNOsBqiSGz0oMG","LH",25,1.7,34.88,"Prosocial",1288,1225,"HH","HL","LH","LL",0,0,0,0,0,0,0,0,"HL-LH","Inequality","","LL","LH","HL","HH","Inequality","",75,75,75,75,25,75,25,75,75,25,75,25,25,25,25,25,"Welfare","",128,128,113,113,100,71,90,71,98,98,85,56,80,51,43,43,43,33,33,33,"Other","I wanted to be fair but I also wanted to maximize the benefits while also reducing inequality, depending on how much they contributed and what kind of type they are.","strongly disagree","strongly agree","strongly disagree","strongly disagree","strongly agree","strongly disagree","strongly agree","strongly agree","strongly agree","strongly agree","strongly agree","Male",30,"United States of America","High school graduate (high school diploma or equivalent including GED)",2,1,6,100,100,100,100,100,100,100,100,100,100,100,100,100,100,100,100,50.1960784313725,50.2222222222222,50.2222222222222,58.8235294117647,41.7647058823529,56.25,44.375,50.2564102564103,60.7142857142857,40,61.5384615384615,39.2307692307692,50.5882352941176,57.3333333333333,44,50.7692307692308,1,5,1,1,5,1,5,5,5,5,5,1,5
"R_3kIp72dVxcJsnoS","LH",25,1.7,7.82,"Individualistic",1455,1075,"HH","HL","LH","LL",25,25,0,0,20,25,0,0,"HL-LH","Inequality","","LL","LH","HL","HH","Inequality","",75,70,75,25,25,25,25,75,75,25,25,25,25,25,25,25,"Welfare","",128,128,113,113,100,71,100,61,98,98,100,41,90,41,43,43,38,38,33,33,"Inequality","","agree somewhat","disagree somewhat","agree somewhat","neither agree
nor disagree","strongly agree","strongly agree","strongly agree","strongly agree","neither agree
nor disagree","agree somewhat","strongly agree","Male",50,"United States of America","Bachelor's degree in college (4-year)",2,2,7,100,93.3333333333333,100,33.3333333333333,100,33.3333333333333,100,100,100,100,33.3333333333333,100,100,100,100,100,50.1960784313725,50.2222222222222,50.2222222222222,58.8235294117647,41.7647058823529,62.5,38.125,50.2564102564103,71.4285714285714,29.2857142857143,69.2307692307692,31.5384615384615,50.5882352941176,50.6666666666667,50.6666666666667,50.7692307692308,4,2,4,3,5,5,5,5,3,4,5,4,2
"R_Rtrc79LwP9Hn4wp","LH",25,1.7,18.15,"Individualistic",1438,1118,"HH","HL","LH","LL",10,10,10,10,19,10,10,10,"HL-LH","Welfare","","LH","HH","HL","LL","Similarity","",50,50,50,50,19,40,15,50,40,10,40,10,10,10,10,10,"Random","",128,128,113,113,85.5,85.5,80.5,80.5,98,98,70.5,70.5,65.5,65.5,43,43,38,38,33,33,"Similarity","","strongly agree","agree somewhat","agree somewhat","agree somewhat","agree somewhat","neither agree
nor disagree","agree somewhat","neither agree
nor disagree","agree somewhat","agree somewhat","agree somewhat","Female",28,"United States of America","Bachelor's degree in college (4-year)",3,3,3,66.6666666666667,66.6666666666667,66.6666666666667,66.6666666666667,76,53.3333333333333,60,66.6666666666667,53.3333333333333,40,53.3333333333333,40,40,40,40,40,50.1960784313725,50.2222222222222,50.2222222222222,50.2941176470588,50.2941176470588,50.3125,50.3125,50.2564102564103,50.3571428571429,50.3571428571429,50.3846153846154,50.3846153846154,50.5882352941176,50.6666666666667,50.6666666666667,50.7692307692308,5,4,4,4,4,3,4,3,4,4,4,5,4
"R_2v8rUCjcn6n1vdt","LH",25,1.7,37.48,"Prosocial",1281,1233,"HL","LH","HH","LL",25,25,25,25,25,25,25,25,"HL-LH","Similarity","","LL","LH","HL","HH","Welfare","",75,75,75,75,25,75,25,75,75,25,75,25,25,25,25,25,"Inequality","",128,128,113,113,86,85,81,80,98,98,71,70,66,65,43,43,38,38,33,33,"Inequality","","disagree somewhat","agree somewhat","neither agree
nor disagree","neither agree
nor disagree","strongly agree","strongly disagree","neither agree
nor disagree","strongly agree","neither agree
nor disagree","agree somewhat","strongly agree","Male",40,"United Kingdom of Great Britain and Northern Ireland","Some college but no degree",2,2,3,100,100,100,100,100,100,100,100,100,100,100,100,100,100,100,100,50.1960784313725,50.2222222222222,50.2222222222222,50.5882352941176,50,50.625,50,50.2564102564103,50.7142857142857,50,50.7692307692308,50,50.5882352941176,50.6666666666667,50.6666666666667,50.7692307692308,2,4,3,3,5,1,3,5,3,4,5,2,4
"R_9M2Ba980JeunZER","LH",25,1.7,30.43,"Prosocial",1297,1209,"HH","HL","LH","LL",15,10,15,15,50,25,15,10,"HH-LL","Welfare","","LL","LH","HL","HH","Inequality","",75,75,75,75,25,75,25,75,75,25,75,25,25,25,25,25,"Inequality","",128,128,113,113,85.5,85.5,80.5,80.5,98,98,70.5,70.5,65.5,65.5,43,43,38,38,33,33,"Similarity","","strongly disagree","agree somewhat","strongly disagree","strongly disagree","strongly agree","strongly disagree","strongly disagree","strongly agree","agree somewhat","strongly agree","strongly agree","Female",38,"United States of America","Bachelor's degree in college (4-year)",2,1,2,100,100,100,100,100,100,100,100,100,100,100,100,100,100,100,100,50.1960784313725,50.2222222222222,50.2222222222222,50.2941176470588,50.2941176470588,50.3125,50.3125,50.2564102564103,50.3571428571429,50.3571428571429,50.3846153846154,50.3846153846154,50.5882352941176,50.6666666666667,50.6666666666667,50.7692307692308,1,4,1,1,5,1,1,5,4,5,5,1,4
"R_2aRjRcqX3nBaNtd","LH",25,1.7,37.48,"Prosocial",1281,1233,"HH","LH","HL","LL",10,15,15,10,20,25,15,15,"HL-LH","Inequality","","HL","HH","LL","LH","Inequality","",75,55,75,30,20,25,20,75,30,20,20,20,25,20,25,15,"Inequality","",128,128,128,98,128,43,128,33,98,98,98,43,98,33,43,43,43,33,33,33,"Inequality","","disagree somewhat","agree somewhat","disagree somewhat","disagree somewhat","disagree somewhat","neither agree
nor disagree","disagree somewhat","agree somewhat","strongly disagree","agree somewhat","strongly agree","Female",33,"United States of America","Associate degree in college (2-year)",2,1,7,100,73.3333333333333,100,40,80,33.3333333333333,80,100,40,80,26.6666666666667,80,100,80,100,60,50.1960784313725,56.8888888888889,43.5555555555556,75.2941176470588,25.2941176470588,80,20.625,50.2564102564103,70,30.7142857142857,75.3846153846154,25.3846153846154,50.5882352941176,57.3333333333333,44,50.7692307692308,2,4,2,2,2,3,2,4,1,4,5,2,4
"R_3fkn337NmPf6TY0","LH",25,1.7,37.48,"Prosocial",1289,1234,"HH","HL","LH","LL",15,15,15,15,40,40,10,10,"HL-LH","Inequality","","LL","LH","HH","HL","Inequality","",60,50,50,50,15,40,15,60,50,15,50,15,15,15,10,20,"Welfare","",128,128,113,113,91,80,80,81,98,98,71,70,71,60,43,43,38,38,33,33,"Inequality","","strongly agree","strongly disagree","strongly disagree","strongly agree","strongly disagree","strongly agree","strongly agree","disagree somewhat","strongly disagree","strongly disagree","neither agree
nor disagree","Male",41,"United States of America","Master's degree",1,2,2,80,66.6666666666667,66.6666666666667,66.6666666666667,60,53.3333333333333,60,80,66.6666666666667,60,66.6666666666667,60,60,60,40,80,50.1960784313725,50.2222222222222,50.2222222222222,53.5294117647059,47.0588235294118,50,50.625,50.2564102564103,50.7142857142857,50,54.6153846153846,46.1538461538462,50.5882352941176,50.6666666666667,50.6666666666667,50.7692307692308,5,1,1,5,1,5,5,2,1,1,3,5,1
"R_10o8tMaiPyZ2hfq","LH",25,1.7,30.84,"Prosocial",1301,1213,"HH","HL","LH","LL",9,10,5,13,5,12,7,10,"HL-LH","Welfare","","HL","LH","HH","LL","Similarity","",50,75,75,25,25,75,25,50,75,25,50,15,15,15,15,25,"Similarity","",126,130,113,113,151,20,81,80,98,98,101,40,101,30,43,43,38,38,33,33,"Welfare","","agree somewhat","neither agree
nor disagree","neither agree
nor disagree","neither agree
nor disagree","neither agree
nor disagree","agree somewhat","agree somewhat","neither agree
nor disagree","agree somewhat","agree somewhat","agree somewhat","Male",35,"United States of America","Bachelor's degree in college (4-year)",7,7,1,66.6666666666667,100,100,33.3333333333333,100,100,100,66.6666666666667,100,100,66.6666666666667,60,60,60,60,100,49.4117647058824,50.2222222222222,50.2222222222222,88.8235294117647,11.7647058823529,50.625,50,50.2564102564103,72.1428571428571,28.5714285714286,77.6923076923077,23.0769230769231,50.5882352941176,50.6666666666667,50.6666666666667,50.7692307692308,4,3,3,3,3,4,4,3,4,4,4,4,3
"R_YbIWZCq4vVINHRD","LH",25,1.7,34.88,"Prosocial",1294,1224,"HH","HL","LH","LL",10,15,10,10,25,15,10,10,"HL-LH","Similarity","","HL","HH","LH","LL","Inequality","",30,30,30,25,10,25,10,30,25,10,25,10,10,10,10,10,"Inequality","",128,128,113,113,85.5,85.5,80.5,80.5,98,98,70.5,70.5,65.5,65.5,43,43,38,38,33,33,"Similarity","","agree somewhat","agree somewhat","neither agree
nor disagree","disagree somewhat","disagree somewhat","agree somewhat","strongly agree","strongly agree","strongly disagree","strongly disagree","neither agree
nor disagree","Female",47,"United States of America","Some college but no degree",5,6,6,40,40,40,33.3333333333333,40,33.3333333333333,40,40,33.3333333333333,40,33.3333333333333,40,40,40,40,40,50.1960784313725,50.2222222222222,50.2222222222222,50.2941176470588,50.2941176470588,50.3125,50.3125,50.2564102564103,50.3571428571429,50.3571428571429,50.3846153846154,50.3846153846154,50.5882352941176,50.6666666666667,50.6666666666667,50.7692307692308,4,4,3,2,2,4,5,5,1,1,3,4,4
"R_2yd6MdbY8eDRHZN","LH",25,1.7,7.82,"Individualistic",1455,1075,"HH","HL","LH","LL",0,0,0,0,25,25,0,0,"HH-LL","Welfare","","LL","LH","HL","HH","Inequality","",30,30,30,30,0,30,0,30,30,0,30,0,0,0,0,0,"Inequality","",128,128,113,113,85,86,80,81,98,98,70,71,65,66,43,43,38,38,33,33,"Welfare","","strongly disagree","strongly agree","strongly disagree","strongly disagree","strongly agree","strongly disagree","disagree somewhat","strongly agree","agree somewhat","strongly agree","strongly agree","Female",27,"United States of America","Bachelor's degree in college (4-year)",1,1,1,40,40,40,40,0,40,0,40,40,0,40,0,0,0,0,0,50.1960784313725,50.2222222222222,50.2222222222222,50,50.5882352941176,50,50.625,50.2564102564103,50,50.7142857142857,50,50.7692307692308,50.5882352941176,50.6666666666667,50.6666666666667,50.7692307692308,1,5,1,1,5,1,2,5,4,5,5,1,5
"R_3Jb108Ogh06gt0D","LH",25,1.7,-7.82,"Individualistic",1455,1005,"HL","HH","LH","LL",10,5,5,5,25,5,5,5,"HL-LH","Inequality","","LH","LL","HL","HH","Welfare","",74,60,56,56,18,56,5,74,74,18,56,18,22,24,22,18,"Inequality","",128,128,113,113,86,85,81,80,98,98,41,100,67,64,43,43,40,36,33,33,"Inequality","","strongly disagree","agree somewhat","strongly disagree","strongly disagree","agree somewhat","disagree somewhat","strongly disagree","strongly agree","neither agree
nor disagree","strongly agree","strongly agree","Male",37,"United States of America","Bachelor's degree in college (4-year)",5,5,2,98.6666666666667,80,74.6666666666667,74.6666666666667,72,74.6666666666667,20,98.6666666666667,98.6666666666667,72,74.6666666666667,72,88,96,88,72,50.1960784313725,50.2222222222222,50.2222222222222,50.5882352941176,50,50.625,50,50.2564102564103,29.2857142857143,71.4285714285714,51.5384615384615,49.2307692307692,50.5882352941176,53.3333333333333,48,50.7692307692308,1,4,1,1,4,2,1,5,3,5,5,1,4
"R_3DbdNZlSLqCfcgi","LH",25,1.7,7.82,"Individualistic",1455,1075,"LH","HH","HL","LL",5,5,10,5,15,10,10,5,"HL-LH","Inequality","","LH","LL","HL","HH","Welfare","",56,56,56,56,18,56,15,74,56,0,56,18,20,15,18,24,"Inequality","",128,128,116,110,86,85,81,80,98,98,71,70,70,61,43,43,40,36,33,33,"Inequality","","strongly disagree","agree somewhat","strongly disagree","strongly disagree","agree somewhat","disagree somewhat","strongly disagree","strongly agree","neither agree
nor disagree","strongly agree","strongly agree","Male",28,"United States of America","Bachelor's degree in college (4-year)",2,2,6,74.6666666666667,74.6666666666667,74.6666666666667,74.6666666666667,72,74.6666666666667,60,98.6666666666667,74.6666666666667,0,74.6666666666667,72,80,60,72,96,50.1960784313725,51.5555555555556,48.8888888888889,50.5882352941176,50,50.625,50,50.2564102564103,50.7142857142857,50,53.8461538461538,46.9230769230769,50.5882352941176,53.3333333333333,48,50.7692307692308,1,4,1,1,4,2,1,5,3,5,5,1,4
"R_3Gdl6q3MtnAVXnb","LH",25,1.7,61.39,"Altruistic",1053,1323,"LL","HL","LH","HH",25,25,25,25,10,13,15,10,"HL-LH","Welfare","","HL","LL","LH","HH","Random","",50,55,50,20,15,15,10,50,50,12,50,15,10,15,15,10,"Inequality","",128,128,113,113,71,100,61,100,98,98,41,100,65,66,43,43,38,38,33,33,"Welfare","","agree somewhat","strongly agree","strongly agree","neither agree
nor disagree","agree somewhat","strongly agree","strongly agree","agree somewhat","disagree somewhat","strongly agree","strongly agree","Male",23,"United States of America","Bachelor's degree in college (4-year)",4,4,4,66.6666666666667,73.3333333333333,66.6666666666667,26.6666666666667,60,20,40,66.6666666666667,66.6666666666667,48,66.6666666666667,60,40,60,60,40,50.1960784313725,50.2222222222222,50.2222222222222,41.7647058823529,58.8235294117647,38.125,62.5,50.2564102564103,29.2857142857143,71.4285714285714,50,50.7692307692308,50.5882352941176,50.6666666666667,50.6666666666667,50.7692307692308,4,5,5,3,4,5,5,4,2,5,5,4,5
"R_T6NXA30uhxtO3Bv","LH",25,1.7,34.88,"Prosocial",1288,1225,"HH","HL","LH","LL",15,15,15,15,35,25,10,10,"HL-LH","Inequality","","LL","LH","HL","HH","Inequality","",50,50,40,50,15,50,10,40,50,15,50,10,15,15,10,10,"Inequality","",128,128,113,113,85.5,85.5,80.5,80.5,98,98,70.5,70.5,65.5,65.5,43,43,38,38,33,33,"Similarity","","strongly disagree","strongly agree","disagree somewhat","disagree somewhat","neither agree
nor disagree","disagree somewhat","agree somewhat","strongly agree","disagree somewhat","agree somewhat","agree somewhat","Female",33,"United States of America","Some college but no degree",2,1,3,66.6666666666667,66.6666666666667,53.3333333333333,66.6666666666667,60,66.6666666666667,40,53.3333333333333,66.6666666666667,60,66.6666666666667,40,60,60,40,40,50.1960784313725,50.2222222222222,50.2222222222222,50.2941176470588,50.2941176470588,50.3125,50.3125,50.2564102564103,50.3571428571429,50.3571428571429,50.3846153846154,50.3846153846154,50.5882352941176,50.6666666666667,50.6666666666667,50.7692307692308,1,5,2,2,3,2,4,5,2,4,4,1,5
"R_1F3z6W3xvZsWwae","LH",25,1.7,7.82,"Individualistic",1455,1075,"HH","HL","LH","LL",12,12,12,12,12,12,12,12,"HH-LL","Similarity","","LL","LH","HL","HH","Inequality","",35,35,35,35,12,35,12,35,35,12,35,12,12,12,12,12,"Similarity","",128,128,113,113,86,85,81,80,98,98,70,71,66,65,43,43,38,38,33,33,"Inequality","","strongly disagree","strongly agree","strongly disagree","neither agree
nor disagree","strongly agree","strongly disagree","strongly disagree","strongly agree","neither agree
nor disagree","strongly agree","strongly agree","Female",38,"United States of America","High school graduate (high school diploma or equivalent including GED)",2,1,4,46.6666666666667,46.6666666666667,46.6666666666667,46.6666666666667,48,46.6666666666667,48,46.6666666666667,46.6666666666667,48,46.6666666666667,48,48,48,48,48,50.1960784313725,50.2222222222222,50.2222222222222,50.5882352941176,50,50.625,50,50.2564102564103,50,50.7142857142857,50.7692307692308,50,50.5882352941176,50.6666666666667,50.6666666666667,50.7692307692308,1,5,1,3,5,1,1,5,3,5,5,1,5
"R_1JPAGgYFsCFF8tG","LH",25,1.7,23.61,"Prosocial",1332,1140,"HL","LL","HH","LH",10,15,10,10,10,15,10,10,"HH-LL","Random","","LL","LH","HL","HH","Inequality","",25,20,15,15,10,25,10,15,20,10,20,10,10,20,20,20,"Welfare","",128,128,113,113,60,111,61,100,98,98,50,91,50,81,43,43,38,38,33,33,"Welfare","","disagree somewhat","agree somewhat","disagree somewhat","neither agree
nor disagree","disagree somewhat","strongly disagree","disagree somewhat","strongly agree","strongly disagree","disagree somewhat","agree somewhat","Male",27,"United States of America","Bachelor's degree in college (4-year)",2,2,7,33.3333333333333,26.6666666666667,20,20,40,33.3333333333333,40,20,26.6666666666667,40,26.6666666666667,40,40,80,80,80,50.1960784313725,50.2222222222222,50.2222222222222,35.2941176470588,65.2941176470588,38.125,62.5,50.2564102564103,35.7142857142857,65,38.4615384615385,62.3076923076923,50.5882352941176,50.6666666666667,50.6666666666667,50.7692307692308,2,4,2,3,2,1,2,5,1,2,4,2,4
"R_s83dWcjM9jYlcqd","LH",25,1.7,34.36,"Prosocial",1286,1211,"HH","LH","HL","LL",15,15,10,15,25,25,10,10,"HL-LH","Welfare","","LH","HL","HH","LL","Inequality","",70,40,50,50,20,45,15,65,50,20,45,15,20,10,15,15,"Welfare","",128,128,113,113,71,100,90,71,98,98,80,61,75,56,43,43,38,38,33,33,"Inequality","","strongly disagree","agree somewhat","strongly agree","neither agree
nor disagree","agree somewhat","disagree somewhat","agree somewhat","strongly agree","neither agree
nor disagree","agree somewhat","strongly agree","Female",42,"United States of America","Some college but no degree",2,1,5,93.3333333333333,53.3333333333333,66.6666666666667,66.6666666666667,80,60,60,86.6666666666667,66.6666666666667,80,60,60,80,40,60,60,50.1960784313725,50.2222222222222,50.2222222222222,41.7647058823529,58.8235294117647,56.25,44.375,50.2564102564103,57.1428571428571,43.5714285714286,57.6923076923077,43.0769230769231,50.5882352941176,50.6666666666667,50.6666666666667,50.7692307692308,1,4,5,3,4,2,4,5,3,4,5,1,4
"R_2WwNHjTYtoVMtOS","LH",25,1.7,-7.82,"Individualistic",1455,1005,"HH","HL","LH","LL",10,10,15,10,10,10,15,10,"HH-LL","Welfare","","LH","HL","HH","LL","Welfare","",50,50,50,50,10,50,10,50,50,15,50,10,10,10,10,10,"Welfare","",128,128,113,113,85.5,85.5,80.5,80.5,98,98,70.5,70.5,65.5,65.5,43,43,38,38,33,33,"Similarity","","disagree somewhat","agree somewhat","disagree somewhat","agree somewhat","agree somewhat","disagree somewhat","agree somewhat","agree somewhat","disagree somewhat","agree somewhat","agree somewhat","Female",44,"United States of America","High school graduate (high school diploma or equivalent including GED)",3,3,3,66.6666666666667,66.6666666666667,66.6666666666667,66.6666666666667,40,66.6666666666667,40,66.6666666666667,66.6666666666667,60,66.6666666666667,40,40,40,40,40,50.1960784313725,50.2222222222222,50.2222222222222,50.2941176470588,50.2941176470588,50.3125,50.3125,50.2564102564103,50.3571428571429,50.3571428571429,50.3846153846154,50.3846153846154,50.5882352941176,50.6666666666667,50.6666666666667,50.7692307692308,2,4,2,4,4,2,4,4,2,4,4,2,4
"R_2U9l5CX9V6i3rxo","LH",25,1.7,7.82,"Individualistic",1445,1085,"HH","HL","LH","LL",0,0,10,0,10,10,10,0,"HH-LL","Similarity","","HH","HL","LH","LL","Similarity","",60,52,50,25,5,20,5,50,20,5,25,5,15,5,5,10,"Inequality","",128,128,115,111,100,71,100,61,98,98,86,55,90,41,43,43,39,37,33,33,"Inequality","","disagree somewhat","agree somewhat","strongly disagree","strongly disagree","strongly agree","neither agree
nor disagree","neither agree
nor disagree","strongly agree","agree somewhat","strongly agree","strongly agree","Female",38,"United States of America","Doctoral degree",1,1,1,80,69.3333333333333,66.6666666666667,33.3333333333333,20,26.6666666666667,20,66.6666666666667,26.6666666666667,20,33.3333333333333,20,60,20,20,40,50.1960784313725,51.1111111111111,49.3333333333333,58.8235294117647,41.7647058823529,62.5,38.125,50.2564102564103,61.4285714285714,39.2857142857143,69.2307692307692,31.5384615384615,50.5882352941176,52,49.3333333333333,50.7692307692308,2,4,1,1,5,3,3,5,4,5,5,2,4
"R_1gvAa2gxG0imYdJ","LH",25,1.7,33.82,"Prosocial",1310,1204,"HH","LH","HL","LL",20,20,25,10,25,30,25,25,"HH-LL","Welfare","","HL","LH","HH","LL","Welfare","",75,30,40,40,20,30,20,75,30,20,30,20,25,15,20,20,"Welfare","",128,128,113,113,128,43,121,40,98,98,106,35,98,33,43,43,38,38,33,33,"Welfare","","disagree somewhat","neither agree
nor disagree","neither agree
nor disagree","disagree somewhat","agree somewhat","disagree somewhat","disagree somewhat","strongly agree","neither agree
nor disagree","agree somewhat","agree somewhat","Male",20,"United States of America","Some college but no degree",2,2,3,100,40,53.3333333333333,53.3333333333333,80,40,80,100,40,80,40,80,100,60,80,80,50.1960784313725,50.2222222222222,50.2222222222222,75.2941176470588,25.2941176470588,75.625,25,50.2564102564103,75.7142857142857,25,75.3846153846154,25.3846153846154,50.5882352941176,50.6666666666667,50.6666666666667,50.7692307692308,2,3,3,2,4,2,2,5,3,4,4,2,3
"R_1BY0NABLlULUxHE","LH",25,1.7,34.88,"Prosocial",1296,1216,"HH","LL","HL","LH",25,10,25,25,25,15,25,25,"HH-LL","Similarity","","LH","LL","HH","HL","Similarity","",75,55,55,50,25,50,25,40,50,20,40,25,25,25,25,25,"Similarity","",126,130,113,113,131,40,80,81,98,98,111,30,101,30,43,43,38,38,33,33,"Similarity","","agree somewhat","neither agree
nor disagree","neither agree
nor disagree","disagree somewhat","neither agree
nor disagree","agree somewhat","neither agree
nor disagree","neither agree
nor disagree","neither agree
nor disagree","agree somewhat","agree somewhat","Male",35,"United States of America","Bachelor's degree in college (4-year)",7,7,1,100,73.3333333333333,73.3333333333333,66.6666666666667,100,66.6666666666667,100,53.3333333333333,66.6666666666667,80,53.3333333333333,100,100,100,100,100,49.4117647058824,50.2222222222222,50.2222222222222,77.0588235294118,23.5294117647059,50,50.625,50.2564102564103,79.2857142857143,21.4285714285714,77.6923076923077,23.0769230769231,50.5882352941176,50.6666666666667,50.6666666666667,50.7692307692308,4,3,3,2,3,4,3,3,3,4,4,4,3
"R_1Iutgxn4WhXwAvu","LH",25,1.7,37.48,"Prosocial",1287,1232,"HH","HL","LH","LL",25,10,25,10,10,10,25,10,"HL-LH","Welfare","","LL","HL","LH","HH","Welfare","",75,75,75,25,25,25,25,75,25,25,10,25,25,25,25,25,"Welfare","",128,128,113,113,85.5,85.5,80.5,80.5,98,98,70.5,70.5,65.5,65.5,43,43,38,38,33,33,"Other","I kept it to the rules of the interaction regardless of the result therefore knowingly some parties made themselves worse off by contributing their full income. Perhaps their motives were altruistic, but it was their choice and I honored it.","strongly disagree","agree somewhat","strongly disagree","neither agree
nor disagree","agree somewhat","strongly disagree","strongly agree","strongly agree","agree somewhat","strongly agree","agree somewhat","Male",49,"United States of America","Bachelor's degree in college (4-year)",4,2,3,100,100,100,33.3333333333333,100,33.3333333333333,100,100,33.3333333333333,100,13.3333333333333,100,100,100,100,100,50.1960784313725,50.2222222222222,50.2222222222222,50.2941176470588,50.2941176470588,50.3125,50.3125,50.2564102564103,50.3571428571429,50.3571428571429,50.3846153846154,50.3846153846154,50.5882352941176,50.6666666666667,50.6666666666667,50.7692307692308,1,4,1,3,4,1,5,5,4,5,4,1,4
"R_2Y3T84KPBFDqrGS","LH",25,1.7,37.48,"Prosocial",1283,1258,"LL","LH","HL","HH",10,10,15,15,20,15,5,10,"HL-LH","Other","I matched low with high and high with low","HH","HL","LH","LL","Similarity","",35,30,10,30,20,25,15,20,10,15,25,15,20,20,10,15,"Similarity","",128,128,120,106,115,56,128,33,98,98,75,66,98,33,43,43,43,33,33,33,"Other","Those who contributed most to the pot should get back more too","strongly disagree","disagree somewhat","neither agree
nor disagree","agree somewhat","strongly agree","strongly disagree","strongly agree","strongly agree","strongly agree","strongly agree","strongly agree","Female",27,"United States of America","High school graduate (high school diploma or equivalent including GED)",2,1,5,46.6666666666667,40,13.3333333333333,40,80,33.3333333333333,60,26.6666666666667,13.3333333333333,60,33.3333333333333,60,80,80,40,60,50.1960784313725,53.3333333333333,47.1111111111111,67.6470588235294,32.9411764705882,80,20.625,50.2564102564103,53.5714285714286,47.1428571428571,75.3846153846154,25.3846153846154,50.5882352941176,57.3333333333333,44,50.7692307692308,1,2,3,4,5,1,5,5,5,5,5,1,2
"R_2Ey0xokKKSXOfxd","LH",25,1.7,21.85,"Individualistic",1340,1156,"HH","HL","LH","LL",15,10,10,10,45,35,10,10,"HL-LH","Inequality","","LL","LH","HL","HH","Inequality","",75,65,55,50,15,50,10,75,50,10,50,15,15,15,12,25,"Inequality","",128,128,116,110,91,80,105,56,98,98,80,61,76,55,43,43,42,34,33,33,"Similarity","","disagree somewhat","agree somewhat","disagree somewhat","agree somewhat","agree somewhat","disagree somewhat","agree somewhat","agree somewhat","disagree somewhat","agree somewhat","agree somewhat","Male",23,"United Kingdom of Great Britain and Northern Ireland","Bachelor's degree in college (4-year)",4,3,6,100,86.6666666666667,73.3333333333333,66.6666666666667,60,66.6666666666667,40,100,66.6666666666667,40,66.6666666666667,60,60,60,48,100,50.1960784313725,51.5555555555556,48.8888888888889,53.5294117647059,47.0588235294118,65.625,35,50.2564102564103,57.1428571428571,43.5714285714286,58.4615384615385,42.3076923076923,50.5882352941176,56,45.3333333333333,50.7692307692308,2,4,2,4,4,2,4,4,2,4,4,2,4
"R_20Nj0reRMf2gGys","LH",25,1.7,7.82,"Individualistic",1450,1090,"HH","HL","LH","LL",25,25,5,0,25,15,10,0,"HL-LH","Welfare","","HH","LL","HL","LH","Welfare","",75,50,75,50,25,25,25,75,25,25,25,0,25,25,25,25,"Welfare","",128,128,126,100,121,50,86,75,98,98,80,61,81,50,43,43,40,36,33,33,"Inequality","","strongly disagree","agree somewhat","disagree somewhat","neither agree
nor disagree","agree somewhat","neither agree
nor disagree","agree somewhat","strongly agree","strongly agree","strongly agree","agree somewhat","Female",29,"United Kingdom of Great Britain and Northern Ireland","Some college but no degree",4,5,4,100,66.6666666666667,100,66.6666666666667,100,33.3333333333333,100,100,33.3333333333333,100,33.3333333333333,0,100,100,100,100,50.1960784313725,56,44.4444444444444,71.1764705882353,29.4117647058824,53.75,46.875,50.2564102564103,57.1428571428571,43.5714285714286,62.3076923076923,38.4615384615385,50.5882352941176,53.3333333333333,48,50.7692307692308,1,4,2,3,4,3,4,5,5,5,4,1,4
"R_2cwk5vPzuQp24cL","LH",25,1.7,37.48,"Prosocial",1287,1232,"HH","LH","HL","LL",15,15,15,5,20,20,15,10,"HL-LH","Welfare","","HH","HL","LH","LL","Similarity","",70,15,15,20,15,20,15,50,10,10,15,15,24,10,10,20,"Welfare","",128,128,113,113,85.5,85.5,80.5,80.5,98,98,70.5,70.5,65.5,65.5,43,43,38,38,33,33,"Similarity","","agree somewhat","neither agree
nor disagree","disagree somewhat","disagree somewhat","agree somewhat","agree somewhat","strongly agree","agree somewhat","disagree somewhat","disagree somewhat","neither agree
nor disagree","Male",39,"United States of America","Bachelor's degree in college (4-year)",6,6,2,93.3333333333333,20,20,26.6666666666667,60,26.6666666666667,60,66.6666666666667,13.3333333333333,40,20,60,96,40,40,80,50.1960784313725,50.2222222222222,50.2222222222222,50.2941176470588,50.2941176470588,50.3125,50.3125,50.2564102564103,50.3571428571429,50.3571428571429,50.3846153846154,50.3846153846154,50.5882352941176,50.6666666666667,50.6666666666667,50.7692307692308,4,3,2,2,4,4,5,4,2,2,3,4,3
"R_2vjFkwPkUuCcnn1","LH",25,1.7,34.88,"Prosocial",1310,1223,"HH","HL","LH","LL",25,25,25,25,75,75,25,25,"HL-LH","Inequality","","LL","LH","HH","HL","Inequality","",75,75,75,75,25,75,25,75,75,25,75,25,25,25,25,25,"Inequality","",128,128,128,98,128,43,128,33,98,98,98,43,98,33,43,43,33,43,33,33,"Other","each person gets what they put in","disagree somewhat","agree somewhat","disagree somewhat","agree somewhat","strongly agree","agree somewhat","agree somewhat","strongly agree","strongly agree","strongly agree","strongly agree","Male",26,"United States of America","Bachelor's degree in college (4-year)",4,4,4,100,100,100,100,100,100,100,100,100,100,100,100,100,100,100,100,50.1960784313725,56.8888888888889,43.5555555555556,75.2941176470588,25.2941176470588,80,20.625,50.2564102564103,70,30.7142857142857,75.3846153846154,25.3846153846154,50.5882352941176,44,57.3333333333333,50.7692307692308,2,4,2,4,5,4,4,5,5,5,5,2,4
"R_30eCvEqkTPSRVcy","LL",25,1.3,27.79,"Prosocial",1322,1176,"HH","HL","LH","LL",10,10,15,15,40,25,15,10,"HL-LH","Welfare","","LL","LH","HL","HH","Welfare","",50,50,50,50,10,50,10,50,50,10,50,10,10,10,10,10,"Welfare","",128,128,113,113,100,71,90,71,98,98,81,60,65,66,43,43,38,38,33,33,"Welfare","","disagree somewhat","agree somewhat","disagree somewhat","neither agree
nor disagree","agree somewhat","agree somewhat","agree somewhat","agree somewhat","neither agree
nor disagree","agree somewhat","agree somewhat","Female",39,"United Kingdom of Great Britain and Northern Ireland","Master's degree",4,4,3,66.6666666666667,66.6666666666667,66.6666666666667,66.6666666666667,40,66.6666666666667,40,66.6666666666667,66.6666666666667,40,66.6666666666667,40,40,40,40,40,50.1960784313725,50.2222222222222,50.2222222222222,58.8235294117647,41.7647058823529,56.25,44.375,50.2564102564103,57.8571428571429,42.8571428571429,50,50.7692307692308,50.5882352941176,50.6666666666667,50.6666666666667,50.7692307692308,2,4,2,3,4,4,4,4,3,4,4,2,4
"R_6l2VLWSl4OxQZk5","LL",25,1.3,12.82,"Individualistic",1426,1116,"HH","HL","LH","LL",25,25,25,25,50,50,20,25,"HL-LH","Inequality","","LL","LH","HL","HH","Welfare","",75,75,75,75,25,75,25,75,75,25,75,25,25,25,25,25,"Welfare","",128,128,113,113,86,85,81,80,98,98,71,70,66,65,43,43,38,38,33,33,"Similarity","","disagree somewhat","disagree somewhat","strongly disagree","strongly agree","agree somewhat","strongly disagree","agree somewhat","agree somewhat","neither agree
nor disagree","strongly agree","strongly agree","Female",46,"United States of America","Some college but no degree",5,6,5,100,100,100,100,100,100,100,100,100,100,100,100,100,100,100,100,50.1960784313725,50.2222222222222,50.2222222222222,50.5882352941176,50,50.625,50,50.2564102564103,50.7142857142857,50,50.7692307692308,50,50.5882352941176,50.6666666666667,50.6666666666667,50.7692307692308,2,2,1,5,4,1,4,4,3,5,5,2,2
"R_2VC8zHfXIGv3coE","LL",25,1.3,29.43,"Prosocial",1399,1184,"HH","HL","LH","LL",25,25,25,25,25,25,25,0,"HL-LH","Inequality","","HH","HL","LH","LL","Welfare","",25,25,25,25,25,25,25,50,25,25,25,25,25,25,25,25,"Other","I based my answers with what I would choose if i was that type.",128,128,113,113,86,85,81,80,98,98,71,70,66,65,43,43,39,37,33,33,"Similarity","","strongly agree","disagree somewhat","neither agree
nor disagree","agree somewhat","strongly agree","strongly agree","strongly agree","agree somewhat","strongly disagree","strongly disagree","strongly disagree","Male",23,"United Kingdom of Great Britain and Northern Ireland","Some college but no degree",5,5,4,33.3333333333333,33.3333333333333,33.3333333333333,33.3333333333333,100,33.3333333333333,100,66.6666666666667,33.3333333333333,100,33.3333333333333,100,100,100,100,100,50.1960784313725,50.2222222222222,50.2222222222222,50.5882352941176,50,50.625,50,50.2564102564103,50.7142857142857,50,50.7692307692308,50,50.5882352941176,52,49.3333333333333,50.7692307692308,5,2,3,4,5,5,5,4,1,1,1,5,2
"R_3pfoj5kAjAMLTGl","LL",25,1.3,37.48,"Prosocial",1281,1233,"HH","HL","LH","LL",20,0,0,25,20,20,0,25,"HL-LH","Welfare","","HH","HL","LH","LL","Similarity","",75,75,75,50,0,50,0,75,50,0,50,0,25,0,0,25,"Welfare","",128,128,113,113,85.5,85.5,80.5,80.5,98,98,70.5,70.5,65.5,65.5,43,43,38,38,33,33,"Similarity","","strongly disagree","agree somewhat","strongly disagree","neither agree
nor disagree","neither agree
nor disagree","disagree somewhat","strongly disagree","strongly agree","disagree somewhat","agree somewhat","neither agree
nor disagree","Female",33,"United Kingdom of Great Britain and Northern Ireland","Bachelor's degree in college (4-year)",3,4,4,100,100,100,66.6666666666667,0,66.6666666666667,0,100,66.6666666666667,0,66.6666666666667,0,100,0,0,100,50.1960784313725,50.2222222222222,50.2222222222222,50.2941176470588,50.2941176470588,50.3125,50.3125,50.2564102564103,50.3571428571429,50.3571428571429,50.3846153846154,50.3846153846154,50.5882352941176,50.6666666666667,50.6666666666667,50.7692307692308,1,4,1,3,3,2,1,5,2,4,3,1,4
"R_2P7Pf7cFG2UtbPE","LL",25,1.3,15.86,"Individualistic",1263,1146,"HH","HL","LH","LL",5,10,5,5,25,20,5,0,"HL-LH","Welfare","","LH","LL","HH","HL","Welfare","",10,30,25,25,5,30,5,25,25,5,25,5,5,10,5,5,"Welfare","",128,128,106,120,71,100,46,115,98,98,41,100,31,100,48,38,46,30,33,33,"Welfare","","disagree somewhat","agree somewhat","strongly disagree","neither agree
nor disagree","agree somewhat","neither agree
nor disagree","agree somewhat","strongly agree","agree somewhat","strongly agree","strongly agree","Male",30,"United States of America","Bachelor's degree in college (4-year)",1,1,4,13.3333333333333,40,33.3333333333333,33.3333333333333,20,40,20,33.3333333333333,33.3333333333333,20,33.3333333333333,20,20,40,20,20,50.1960784313725,47.1111111111111,53.3333333333333,41.7647058823529,58.8235294117647,28.75,71.875,50.2564102564103,29.2857142857143,71.4285714285714,23.8461538461538,76.9230769230769,56.4705882352941,61.3333333333333,40,50.7692307692308,2,4,1,3,4,3,4,5,4,5,5,2,4
"R_3IS2dN69UOoB7SJ","LL",25,1.3,7.82,"Individualistic",1455,1075,"HH","LH","HL","LL",5,5,5,5,25,25,5,5,"HL-LH","Inequality","","HH","HL","LH","LL","Similarity","",25,25,20,25,5,25,3,25,30,7,20,4,10,20,20,7,"Inequality","",128,128,113,113,86,85,81,80,98,98,71,70,66,65,43,43,38,38,33,33,"Similarity","","agree somewhat","neither agree
nor disagree","neither agree
nor disagree","agree somewhat","disagree somewhat","strongly agree","strongly agree","neither agree
nor disagree","neither agree
nor disagree","agree somewhat","agree somewhat","Male",23,"United Kingdom of Great Britain and Northern Ireland","Bachelor's degree in college (4-year)",4,4,4,33.3333333333333,33.3333333333333,26.6666666666667,33.3333333333333,20,33.3333333333333,12,33.3333333333333,40,28,26.6666666666667,16,40,80,80,28,50.1960784313725,50.2222222222222,50.2222222222222,50.5882352941176,50,50.625,50,50.2564102564103,50.7142857142857,50,50.7692307692308,50,50.5882352941176,50.6666666666667,50.6666666666667,50.7692307692308,4,3,3,4,2,5,5,3,3,4,4,4,3
"R_3njzRbLzOoS3nPF","LL",25,1.3,-7.82,"Individualistic",1455,1005,"HH","HL","LH","LL",6,7,5,5,10,10,5,5,"HL-LH","Inequality","","LL","HL","LH","HH","Similarity","",75,74,74,1,1,1,1,74,1,1,1,1,24,1,20,1,"Inequality","",128,128,113,113,85,86,80,81,98,98,70,71,65.5,65.5,43,43,38,38,33,33,"Similarity","","strongly disagree","agree somewhat","strongly disagree","disagree somewhat","disagree somewhat","disagree somewhat","agree somewhat","agree somewhat","disagree somewhat","agree somewhat","agree somewhat","Male",49,"United States of America","Bachelor's degree in college (4-year)",2,2,3,100,98.6666666666667,98.6666666666667,1.33333333333333,4,1.33333333333333,4,98.6666666666667,1.33333333333333,4,1.33333333333333,4,96,4,80,4,50.1960784313725,50.2222222222222,50.2222222222222,50,50.5882352941176,50,50.625,50.2564102564103,50,50.7142857142857,50.3846153846154,50.3846153846154,50.5882352941176,50.6666666666667,50.6666666666667,50.7692307692308,1,4,1,2,2,2,4,4,2,4,4,1,4
"R_2QzE4ELjH7u5r5a","LL",25,1.3,7.82,"Individualistic",1455,1075,"HH","HL","LH","LL",0,0,0,0,0,0,0,0,"HH-LL","Random","","LL","LH","HL","HH","Random","",75,75,75,75,25,75,0,75,75,25,75,0,25,25,0,0,"Welfare","",128,128,113,113,85,86,0,161,98,98,70,71,0,131,43,43,0,76,33,33,"Other","Selfishness","disagree somewhat","agree somewhat","strongly disagree","strongly disagree","neither agree
nor disagree","neither agree
nor disagree","neither agree
nor disagree","strongly agree","agree somewhat","neither agree
nor disagree","disagree somewhat","I prefer not to say",29,"United Kingdom of Great Britain and Northern Ireland","Master's degree",5,5,4,100,100,100,100,100,100,0,100,100,100,100,0,100,100,0,0,50.1960784313725,50.2222222222222,50.2222222222222,50,50.5882352941176,0,100.625,50.2564102564103,50,50.7142857142857,0,100.769230769231,50.5882352941176,0,101.333333333333,50.7692307692308,2,4,1,1,3,3,3,5,4,3,2,2,4
"R_8le7WceAWCkqPDj","LL",25,1.3,7.82,"Individualistic",1455,1075,"HH","LH","HL","LL",0,0,0,0,30,25,10,10,"HH-LL","Welfare","","LH","LL","HL","HH","Welfare","",75,30,20,30,0,20,0,0,0,0,0,0,25,0,0,0,"Other","Managing risk",128,128,113,113,85.5,85.5,80.5,80.5,98,98,70.5,70.5,65.5,65.5,43,43,38,38,33,33,"Similarity","","disagree somewhat","strongly agree","strongly disagree","strongly disagree","agree somewhat","strongly disagree","strongly disagree","strongly agree","agree somewhat","strongly agree","strongly agree","Male",20,"United Kingdom of Great Britain and Northern Ireland","High school graduate (high school diploma or equivalent including GED)",5,4,5,100,40,26.6666666666667,40,0,26.6666666666667,0,0,0,0,0,0,100,0,0,0,50.1960784313725,50.2222222222222,50.2222222222222,50.2941176470588,50.2941176470588,50.3125,50.3125,50.2564102564103,50.3571428571429,50.3571428571429,50.3846153846154,50.3846153846154,50.5882352941176,50.6666666666667,50.6666666666667,50.7692307692308,2,5,1,1,4,1,1,5,4,5,5,2,5
"R_1gqMmwz11kNJGde","LL",25,1.3,37.48,"Prosocial",1281,1233,"LL","LH","HL","HH",10,10,10,10,30,30,10,10,"HH-LL","Similarity","","HH","HL","LH","LL","Similarity","",30,30,30,30,10,30,10,30,30,10,30,10,10,10,10,10,"Similarity","",128,128,113,113,100,71,100,61,98,98,81,60,81,50,43,43,38,38,33,33,"Similarity","","strongly disagree","strongly agree","strongly disagree","neither agree
nor disagree","strongly agree","strongly disagree","agree somewhat","strongly agree","neither agree
nor disagree","strongly agree","strongly agree","Female",37,"United Kingdom of Great Britain and Northern Ireland","Bachelor's degree in college (4-year)",3,3,3,40,40,40,40,40,40,40,40,40,40,40,40,40,40,40,40,50.1960784313725,50.2222222222222,50.2222222222222,58.8235294117647,41.7647058823529,62.5,38.125,50.2564102564103,57.8571428571429,42.8571428571429,62.3076923076923,38.4615384615385,50.5882352941176,50.6666666666667,50.6666666666667,50.7692307692308,1,5,1,3,5,1,4,5,3,5,5,1,5
"R_R3LMFEGWHEke3Rf","LL",25,1.3,37.48,"Prosocial",1346,1181,"HH","LH","HL","LL",25,25,25,25,25,50,15,25,"HL-LH","Other","I put the higher income on a lower multiplier to balance out the probability to them contributing more to the overall end profit","LL","LH","HL","HH","Other","Balancing out the higher multiplyers with the lower incomes to keep things more balance so both can equally contribute without feeling theyre losing out to the other person",75,40,50,50,25,50,25,75,50,25,50,25,25,20,25,25,"Other","I tried to reduce the inequality for the overall outcome",128,128,126,100,111,60,111,50,98,98,96,45,91,40,43,43,38,38,33,33,"Other","More equal but higher contribution towards the higher input","strongly disagree","agree somewhat","strongly disagree","strongly agree","agree somewhat","disagree somewhat","disagree somewhat","strongly agree","agree somewhat","strongly agree","strongly agree","Female",29,"United Kingdom of Great Britain and Northern Ireland","Some college but no degree",3,3,2,100,53.3333333333333,66.6666666666667,66.6666666666667,100,66.6666666666667,100,100,66.6666666666667,100,66.6666666666667,100,100,80,100,100,50.1960784313725,56,44.4444444444444,65.2941176470588,35.2941176470588,69.375,31.25,50.2564102564103,68.5714285714286,32.1428571428571,70,30.7692307692308,50.5882352941176,50.6666666666667,50.6666666666667,50.7692307692308,1,4,1,5,4,2,2,5,4,5,5,1,4
"R_3JyMooWpeZZ3hKi","LL",25,1.3,34.88,"Prosocial",1295,1225,"LH","LL","HL","HH",25,25,25,25,50,50,25,25,"HH-LL","Similarity","","HH","HL","LH","LL","Similarity","",75,75,75,75,25,75,25,75,75,25,75,25,25,25,25,25,"Welfare","",128,128,113,113,85.5,85.5,80.5,80.5,98,98,70.5,70.5,65.5,65.5,43,43,38,38,33,33,"Welfare","","strongly disagree","agree somewhat","strongly disagree","neither agree
nor disagree","disagree somewhat","neither agree
nor disagree","agree somewhat","agree somewhat","strongly disagree","agree somewhat","strongly agree","Female",42,"United Kingdom of Great Britain and Northern Ireland","Bachelor's degree in college (4-year)",2,2,2,100,100,100,100,100,100,100,100,100,100,100,100,100,100,100,100,50.1960784313725,50.2222222222222,50.2222222222222,50.2941176470588,50.2941176470588,50.3125,50.3125,50.2564102564103,50.3571428571429,50.3571428571429,50.3846153846154,50.3846153846154,50.5882352941176,50.6666666666667,50.6666666666667,50.7692307692308,1,4,1,3,2,3,4,4,1,4,5,1,4
"R_1dBrDMjRdA7lm2W","LL",25,1.3,7.82,"Individualistic",1455,1075,"HH","HL","LH","LL",25,25,25,25,50,50,25,25,"HH-LL","Welfare","","HH","HL","LH","LL","Welfare","",75,75,75,75,25,75,25,75,75,25,75,25,25,25,25,25,"Welfare","",128,128,120,106,100,71,105,56,98,98,70,71,90,41,43,43,38,38,33,33,"Welfare","","strongly disagree","strongly agree","disagree somewhat","neither agree
nor disagree","disagree somewhat","strongly disagree","strongly disagree","strongly agree","strongly disagree","strongly agree","strongly agree","Male",31,"United Kingdom of Great Britain and Northern Ireland","High school graduate (high school diploma or equivalent including GED)",3,2,3,100,100,100,100,100,100,100,100,100,100,100,100,100,100,100,100,50.1960784313725,53.3333333333333,47.1111111111111,58.8235294117647,41.7647058823529,65.625,35,50.2564102564103,50,50.7142857142857,69.2307692307692,31.5384615384615,50.5882352941176,50.6666666666667,50.6666666666667,50.7692307692308,1,5,2,3,2,1,1,5,1,5,5,1,5
"R_3MSRNJbwJHZB0xJ","LL",25,1.3,34.88,"Prosocial",1291,1221,"LH","HL","HH","LL",15,15,10,15,35,35,10,15,"HL-LH","Random","","LL","HH","HL","LH","Random","",75,35,35,35,15,35,15,35,35,15,35,15,15,25,25,25,"Random","",135,121,113,113,80,91,81,80,98,98,71,70,66,65,43,43,41,35,33,33,"Random","","strongly disagree","strongly agree","disagree somewhat","disagree somewhat","agree somewhat","strongly disagree","neither agree
nor disagree","agree somewhat","neither agree
nor disagree","strongly agree","strongly agree","Female",43,"United States of America","Associate degree in college (2-year)",4,4,4,100,46.6666666666667,46.6666666666667,46.6666666666667,60,46.6666666666667,60,46.6666666666667,46.6666666666667,60,46.6666666666667,60,60,100,100,100,52.9411764705882,50.2222222222222,50.2222222222222,47.0588235294118,53.5294117647059,50.625,50,50.2564102564103,50.7142857142857,50,50.7692307692308,50,50.5882352941176,54.6666666666667,46.6666666666667,50.7692307692308,1,5,2,2,4,1,3,4,3,5,5,1,5
"R_26a3WArEMtfRMtb","LL",25,1.3,34.88,"Prosocial",1292,1211,"HH","HL","LH","LL",15,20,10,15,20,50,10,15,"HL-LH","Inequality","","LL","LH","HH","HL","Inequality","",30,50,30,25,15,50,15,25,30,15,50,15,15,15,10,10,"Inequality","",128,128,113,113,85.5,85.5,80.5,80.5,98,98,70.5,70.5,65.5,65.5,43,43,38,38,33,33,"Welfare","","neither agree
nor disagree","agree somewhat","agree somewhat","neither agree
nor disagree","agree somewhat","neither agree
nor disagree","agree somewhat","agree somewhat","neither agree
nor disagree","agree somewhat","agree somewhat","Female",33,"United Kingdom of Great Britain and Northern Ireland","Some college but no degree",4,4,4,40,66.6666666666667,40,33.3333333333333,60,66.6666666666667,60,33.3333333333333,40,60,66.6666666666667,60,60,60,40,40,50.1960784313725,50.2222222222222,50.2222222222222,50.2941176470588,50.2941176470588,50.3125,50.3125,50.2564102564103,50.3571428571429,50.3571428571429,50.3846153846154,50.3846153846154,50.5882352941176,50.6666666666667,50.6666666666667,50.7692307692308,3,4,4,3,4,3,4,4,3,4,4,3,4
"R_33syHYcYnq8noSF","LL",25,1.3,32.56,"Prosocial",1290,1214,"HH","HL","LH","LL",10,10,5,5,15,15,10,5,"HL-LH","Random","","LL","LH","HL","HH","Welfare","",25,25,25,25,8,25,8,25,25,8,7,25,8,8,7,7,"Welfare","",128,128,113,113,86,85,81,80,98,98,71,70,66,65,43,43,38,38,33,33,"Similarity","","disagree somewhat","agree somewhat","disagree somewhat","neither agree
nor disagree","neither agree
nor disagree","disagree somewhat","neither agree
nor disagree","agree somewhat","neither agree
nor disagree","agree somewhat","agree somewhat","Female",31,"United Kingdom of Great Britain and Northern Ireland","Bachelor's degree in college (4-year)",2,2,5,33.3333333333333,33.3333333333333,33.3333333333333,33.3333333333333,32,33.3333333333333,32,33.3333333333333,33.3333333333333,32,9.33333333333333,100,32,32,28,28,50.1960784313725,50.2222222222222,50.2222222222222,50.5882352941176,50,50.625,50,50.2564102564103,50.7142857142857,50,50.7692307692308,50,50.5882352941176,50.6666666666667,50.6666666666667,50.7692307692308,2,4,2,3,3,2,3,4,3,4,4,2,4
"R_3irNncOMugnwuTi","LL",25,1.3,32.16,"Prosocial",1332,1177,"LH","LL","HH","HL",5,5,10,10,20,20,10,10,"HH-LL","Random","","LL","HH","LH","HL","Random","",30,30,20,20,10,30,10,20,20,10,20,10,10,10,10,10,"Random","",128,128,113,113,85,86,81,80,98,98,70,71,65,66,43,43,38,38,33,33,"Random","","neither agree
nor disagree","neither agree
nor disagree","disagree somewhat","neither agree
nor disagree","agree somewhat","disagree somewhat","agree somewhat","agree somewhat","agree somewhat","agree somewhat","strongly agree","Female",42,"United Kingdom of Great Britain and Northern Ireland","Bachelor's degree in college (4-year)",3,4,4,40,40,26.6666666666667,26.6666666666667,40,40,40,26.6666666666667,26.6666666666667,40,26.6666666666667,40,40,40,40,40,50.1960784313725,50.2222222222222,50.2222222222222,50,50.5882352941176,50.625,50,50.2564102564103,50,50.7142857142857,50,50.7692307692308,50.5882352941176,50.6666666666667,50.6666666666667,50.7692307692308,3,3,2,3,4,2,4,4,4,4,5,3,3
"R_3hoa8kNFZWBUkr3","LL",25,1.3,32.16,"Prosocial",1292,1214,"HH","HL","LH","LL",15,15,15,15,45,35,10,10,"HH-LL","Similarity","","LL","LH","HH","HL","Inequality","",50,50,50,50,10,50,10,50,50,10,50,10,10,10,10,10,"Inequality","",128,128,113,113,100,71,90,71,98,98,80,61,70,61,43,43,38,38,33,33,"Inequality","","disagree somewhat","neither agree
nor disagree","neither agree
nor disagree","strongly disagree","strongly agree","disagree somewhat","disagree somewhat","strongly agree","neither agree
nor disagree","agree somewhat","strongly agree","Male",49,"United Kingdom of Great Britain and Northern Ireland","Bachelor's degree in college (4-year)",2,2,2,66.6666666666667,66.6666666666667,66.6666666666667,66.6666666666667,40,66.6666666666667,40,66.6666666666667,66.6666666666667,40,66.6666666666667,40,40,40,40,40,50.1960784313725,50.2222222222222,50.2222222222222,58.8235294117647,41.7647058823529,56.25,44.375,50.2564102564103,57.1428571428571,43.5714285714286,53.8461538461538,46.9230769230769,50.5882352941176,50.6666666666667,50.6666666666667,50.7692307692308,2,3,3,1,5,2,2,5,3,4,5,2,3
"R_3n7BHUFsH6emdj8","LL",25,1.3,28.61,"Prosocial",1375,1205,"HH","HL","LH","LL",25,15,20,10,25,15,20,10,"HH-LL","Welfare","","LL","LH","HL","HH","Inequality","",75,75,70,71,21,70,20,70,70,25,70,15,20,21,20,15,"Welfare","",128,128,113,113,90,81,100,61,98,98,71,70,71,60,43,43,38,38,33,33,"Similarity","","agree somewhat","agree somewhat","agree somewhat","strongly agree","disagree somewhat","agree somewhat","strongly agree","agree somewhat","strongly agree","agree somewhat","disagree somewhat","Female",31,"United Kingdom of Great Britain and Northern Ireland","Bachelor's degree in college (4-year)",4,5,5,100,100,93.3333333333333,94.6666666666667,84,93.3333333333333,80,93.3333333333333,93.3333333333333,100,93.3333333333333,60,80,84,80,60,50.1960784313725,50.2222222222222,50.2222222222222,52.9411764705882,47.6470588235294,62.5,38.125,50.2564102564103,50.7142857142857,50,54.6153846153846,46.1538461538462,50.5882352941176,50.6666666666667,50.6666666666667,50.7692307692308,4,4,4,5,2,4,5,4,5,4,2,4,4
"R_2pSRzuZ4wrAaFBC","LL",25,1.3,37.48,"Prosocial",1283,1235,"LL","HH","HL","LH",10,15,10,15,10,15,10,15,"HL-LH","Inequality","","HH","HL","LH","LL","Inequality","",30,30,20,30,10,30,10,30,30,10,30,10,10,10,10,10,"Inequality","",128,128,126,100,100,71,85,76,98,98,85,56,70,61,43,43,43,33,33,33,"Inequality","","strongly disagree","strongly agree","agree somewhat","strongly disagree","agree somewhat","strongly disagree","strongly disagree","agree somewhat","agree somewhat","strongly agree","strongly agree","Female",36,"United Kingdom of Great Britain and Northern Ireland","Some college but no degree",4,4,4,40,40,26.6666666666667,40,40,40,40,40,40,40,40,40,40,40,40,40,50.1960784313725,56,44.4444444444444,58.8235294117647,41.7647058823529,53.125,47.5,50.2564102564103,60.7142857142857,40,53.8461538461538,46.9230769230769,50.5882352941176,57.3333333333333,44,50.7692307692308,1,5,4,1,4,1,1,4,4,5,5,1,5
"R_bsxQIjvtIYey4M1","LL",25,1.3,7.82,"Individualistic",1455,1075,"HL","LH","HH","LL",15,10,15,15,10,10,10,15,"HL-LH","Inequality","","LL","HH","HL","LH","Welfare","",75,75,60,60,10,70,5,70,60,15,60,10,10,15,10,10,"Inequality","",56,200,126,100,71,100,61,100,100,96,41,100,51,80,43,43,40,36,33,33,"Other","I wanted to reduce inequality but gave round numbers to the first one as I'm not great at maths","strongly disagree","strongly agree","strongly disagree","neither agree
nor disagree","strongly agree","strongly disagree","strongly disagree","strongly agree","strongly agree","strongly agree","strongly agree","Male",29,"United Kingdom of Great Britain and Northern Ireland","Bachelor's degree in college (4-year)",1,3,4,100,100,80,80,40,93.3333333333333,20,93.3333333333333,80,60,80,40,40,60,40,40,21.9607843137255,56,44.4444444444444,41.7647058823529,58.8235294117647,38.125,62.5,51.2820512820513,29.2857142857143,71.4285714285714,39.2307692307692,61.5384615384615,50.5882352941176,53.3333333333333,48,50.7692307692308,1,5,1,3,5,1,1,5,5,5,5,1,5
"R_3fBGaWEiJfMIFuK","LL",25,1.3,40.07,"Prosocial",1328,1216,"HH","LH","HL","LL",15,15,15,15,35,20,15,15,"HL-LH","Inequality","","LL","LH","HL","HH","Inequality","",40,40,40,40,15,40,15,40,40,15,40,15,15,15,15,15,"Inequality","",128,128,113,113,100,71,91,70,98,98,95,46,90,41,43,43,38,38,33,33,"Welfare","","neither agree
nor disagree","neither agree
nor disagree","neither agree
nor disagree","disagree somewhat","disagree somewhat","neither agree
nor disagree","disagree somewhat","agree somewhat","disagree somewhat","agree somewhat","neither agree
nor disagree","Female",42,"United Kingdom of Great Britain and Northern Ireland","Master's degree",4,4,5,53.3333333333333,53.3333333333333,53.3333333333333,53.3333333333333,60,53.3333333333333,60,53.3333333333333,53.3333333333333,60,53.3333333333333,60,60,60,60,60,50.1960784313725,50.2222222222222,50.2222222222222,58.8235294117647,41.7647058823529,56.875,43.75,50.2564102564103,67.8571428571429,32.8571428571429,69.2307692307692,31.5384615384615,50.5882352941176,50.6666666666667,50.6666666666667,50.7692307692308,3,3,3,2,2,3,2,4,2,4,3,3,3
"R_2fjp0mfs1lOjmDI","LL",25,1.3,37.48,"Prosocial",1286,1231,"HH","HL","LH","LL",10,10,10,10,15,25,10,5,"HL-LH","Welfare","","HL","HH","LH","LL","Similarity","",50,50,50,50,15,50,15,50,50,15,50,15,15,15,15,15,"Inequality","",128,128,113,113,85,86,80,81,99,97,71,70,65,66,43,43,38,38,33,33,"Inequality","","strongly disagree","strongly agree","disagree somewhat","disagree somewhat","neither agree
nor disagree","strongly disagree","strongly disagree","agree somewhat","strongly disagree","agree somewhat","agree somewhat","Male",40,"United Kingdom of Great Britain and Northern Ireland","Bachelor's degree in college (4-year)",2,2,5,66.6666666666667,66.6666666666667,66.6666666666667,66.6666666666667,60,66.6666666666667,60,66.6666666666667,66.6666666666667,60,66.6666666666667,60,60,60,60,60,50.1960784313725,50.2222222222222,50.2222222222222,50,50.5882352941176,50,50.625,50.7692307692308,50.7142857142857,50,50,50.7692307692308,50.5882352941176,50.6666666666667,50.6666666666667,50.7692307692308,1,5,2,2,3,1,1,4,1,4,4,1,5
"R_2E9NWkzaDwR3p4t","LL",25,1.3,37.09,"Prosocial",1255,1255,"HH","HL","LH","LL",10,15,15,10,45,25,10,10,"HL-LH","Welfare","","LL","LH","HL","HH","Inequality","",35,35,35,35,10,35,10,35,35,10,35,10,10,10,10,10,"Inequality","",128,128,113,113,85.5,85.5,80.5,80.5,98,98,70.5,70.5,65.5,65.5,43,43,38,38,33,33,"Inequality","","strongly disagree","neither agree
nor disagree","strongly disagree","neither agree
nor disagree","neither agree
nor disagree","neither agree
nor disagree","neither agree
nor disagree","agree somewhat","neither agree
nor disagree","agree somewhat","agree somewhat","Female",26,"United Kingdom of Great Britain and Northern Ireland","Bachelor's degree in college (4-year)",4,4,4,46.6666666666667,46.6666666666667,46.6666666666667,46.6666666666667,40,46.6666666666667,40,46.6666666666667,46.6666666666667,40,46.6666666666667,40,40,40,40,40,50.1960784313725,50.2222222222222,50.2222222222222,50.2941176470588,50.2941176470588,50.3125,50.3125,50.2564102564103,50.3571428571429,50.3571428571429,50.3846153846154,50.3846153846154,50.5882352941176,50.6666666666667,50.6666666666667,50.7692307692308,1,3,1,3,3,3,3,4,3,4,4,1,3
"R_1FG1MQg5fBzC5Hp","LL",25,1.3,37.48,"Prosocial",1287,1232,"HH","HL","LH","LL",10,9,8,7,12,10,7,6,"HL-LH","Inequality","","LL","HL","LH","HH","Welfare","",75,75,75,75,25,75,25,25,40,15,75,25,25,25,25,25,"Welfare","",128,128,113,113,86,85,81,80,98,98,71,70,66,65,43,43,38,38,33,33,"Inequality","","strongly disagree","strongly agree","strongly agree","strongly disagree","strongly agree","strongly disagree","strongly disagree","strongly agree","strongly agree","strongly agree","strongly agree","Female",30,"United States of America","Bachelor's degree in college (4-year)",1,1,7,100,100,100,100,100,100,100,33.3333333333333,53.3333333333333,60,100,100,100,100,100,100,50.1960784313725,50.2222222222222,50.2222222222222,50.5882352941176,50,50.625,50,50.2564102564103,50.7142857142857,50,50.7692307692308,50,50.5882352941176,50.6666666666667,50.6666666666667,50.7692307692308,1,5,5,1,5,1,1,5,5,5,5,1,5
"R_yqZ7jGCnRAgXBPH","LL",25,1.3,7.82,"Individualistic",1455,1075,"HH","HL","LH","LL",0,0,0,0,25,15,5,0,"HH-LL","Similarity","","LL","LH","HH","HL","Inequality","",0,25,25,25,0,25,0,25,25,0,25,0,0,0,0,0,"Inequality","",128,128,113,113,85,86,80,81,98,98,70,71,65,66,43,43,38,38,33,33,"Inequality","","strongly disagree","strongly agree","strongly disagree","disagree somewhat","agree somewhat","strongly disagree","agree somewhat","strongly agree","neither agree
nor disagree","strongly agree","strongly agree","Female",38,"United Kingdom of Great Britain and Northern Ireland","Doctoral degree",2,2,3,0,33.3333333333333,33.3333333333333,33.3333333333333,0,33.3333333333333,0,33.3333333333333,33.3333333333333,0,33.3333333333333,0,0,0,0,0,50.1960784313725,50.2222222222222,50.2222222222222,50,50.5882352941176,50,50.625,50.2564102564103,50,50.7142857142857,50,50.7692307692308,50.5882352941176,50.6666666666667,50.6666666666667,50.7692307692308,1,5,1,2,4,1,4,5,3,5,5,1,5
"R_vIhfaTfarYBbxnP","LL",25,1.3,37.48,"Prosocial",1281,1233,"HH","HL","LH","LL",10,10,10,10,10,10,5,5,"HH-LL","Welfare","","LL","LH","HL","HH","Welfare","",75,25,25,25,10,25,10,25,25,10,25,10,25,10,10,10,"Welfare","",128,128,113,113,86,85,81,80,98,98,71,70,65,66,43,43,38,38,33,33,"Similarity","","disagree somewhat","agree somewhat","disagree somewhat","disagree somewhat","neither agree
nor disagree","disagree somewhat","agree somewhat","agree somewhat","disagree somewhat","agree somewhat","agree somewhat","Male",31,"United Kingdom of Great Britain and Northern Ireland","Some college but no degree",2,2,3,100,33.3333333333333,33.3333333333333,33.3333333333333,40,33.3333333333333,40,33.3333333333333,33.3333333333333,40,33.3333333333333,40,100,40,40,40,50.1960784313725,50.2222222222222,50.2222222222222,50.5882352941176,50,50.625,50,50.2564102564103,50.7142857142857,50,50,50.7692307692308,50.5882352941176,50.6666666666667,50.6666666666667,50.7692307692308,2,4,2,2,3,2,4,4,2,4,4,2,4
"R_22QdTPBwpRvSfF4","LL",25,1.3,34.88,"Prosocial",1326,1166,"HH","HL","LH","LL",15,5,10,0,65,25,20,5,"HL-LH","Inequality","","LL","LH","HL","HH","Inequality","",75,75,75,25,25,50,5,40,25,25,35,5,20,20,25,25,"Welfare","",128,128,113,113,101,70,110,51,98,98,91,50,96,35,43,43,38,38,33,33,"Inequality","","disagree somewhat","agree somewhat","disagree somewhat","neither agree
nor disagree","disagree somewhat","strongly agree","strongly agree","strongly agree","strongly disagree","agree somewhat","strongly agree","Male",25,"United Kingdom of Great Britain and Northern Ireland","Some college but no degree",5,4,4,100,100,100,33.3333333333333,100,66.6666666666667,20,53.3333333333333,33.3333333333333,100,46.6666666666667,20,80,80,100,100,50.1960784313725,50.2222222222222,50.2222222222222,59.4117647058824,41.1764705882353,68.75,31.875,50.2564102564103,65,35.7142857142857,73.8461538461539,26.9230769230769,50.5882352941176,50.6666666666667,50.6666666666667,50.7692307692308,2,4,2,3,2,5,5,5,1,4,5,2,4
"R_3KPDDmqSXWY2w2b","LL",25,1.3,12.55,"Individualistic",1443,1101,"HL","LH","HH","LL",15,12,10,20,10,10,15,15,"HL-LH","Random","","HH","LH","LL","HL","Random","",75,60,60,55,20,50,20,50,50,20,50,20,15,20,15,20,"Welfare","",128,128,116,110,110,61,120,41,98,98,95,46,90,41,43,43,40,36,33,33,"Welfare","","strongly disagree","strongly disagree","strongly disagree","disagree somewhat","strongly disagree","strongly disagree","strongly disagree","agree somewhat","agree somewhat","strongly agree","agree somewhat","Male",46,"United Kingdom of Great Britain and Northern Ireland","Associate degree in college (2-year)",4,4,4,100,80,80,73.3333333333333,80,66.6666666666667,80,66.6666666666667,66.6666666666667,80,66.6666666666667,80,60,80,60,80,50.1960784313725,51.5555555555556,48.8888888888889,64.7058823529412,35.8823529411765,75,25.625,50.2564102564103,67.8571428571429,32.8571428571429,69.2307692307692,31.5384615384615,50.5882352941176,53.3333333333333,48,50.7692307692308,1,1,1,2,1,1,1,4,4,5,4,1,1
"R_yCspAyyNihi8Sg9","LL",25,1.3,16.26,"Individualistic",1440,1110,"HH","HL","LH","LL",0,0,0,0,50,25,15,0,"HH-LL","Welfare","","LL","LH","HL","HH","Inequality","",50,50,50,50,25,75,0,25,25,10,50,0,5,25,0,0,"Inequality","",128,128,113,113,86,85,81,80,98,98,71,70,66,65,43,43,38,38,33,33,"Inequality","","strongly disagree","strongly agree","strongly disagree","strongly disagree","strongly agree","strongly disagree","neither agree
nor disagree","strongly agree","neither agree
nor disagree","strongly agree","strongly agree","Male",31,"United Kingdom of Great Britain and Northern Ireland","Bachelor's degree in college (4-year)",3,2,6,66.6666666666667,66.6666666666667,66.6666666666667,66.6666666666667,100,100,0,33.3333333333333,33.3333333333333,40,66.6666666666667,0,20,100,0,0,50.1960784313725,50.2222222222222,50.2222222222222,50.5882352941176,50,50.625,50,50.2564102564103,50.7142857142857,50,50.7692307692308,50,50.5882352941176,50.6666666666667,50.6666666666667,50.7692307692308,1,5,1,1,5,1,3,5,3,5,5,1,5
"R_VVcDc2ataEQB8lP","LL",25,1.3,35.26,"Prosocial",1263,1199,"LL","HL","LH","HH",25,25,25,25,25,25,25,25,"HL-LH","Welfare","","HL","HH","LH","LL","Similarity","",75,25,25,75,25,55,25,25,25,25,75,25,25,25,25,25,"Welfare","",136,120,111,115,70,101,101,60,151,45,70,71,70,61,45,41,30,46,33,33,"Similarity","","disagree somewhat","disagree somewhat","disagree somewhat","strongly disagree","strongly disagree","disagree somewhat","neither agree
nor disagree","neither agree
nor disagree","neither agree
nor disagree","agree somewhat","neither agree
nor disagree","Female",36,"United Kingdom of Great Britain and Northern Ireland","Master's degree",4,4,4,100,33.3333333333333,33.3333333333333,100,100,73.3333333333333,100,33.3333333333333,33.3333333333333,100,100,100,100,100,100,100,53.3333333333333,49.3333333333333,51.1111111111111,41.1764705882353,59.4117647058824,63.125,37.5,77.4358974358974,50,50.7142857142857,53.8461538461538,46.9230769230769,52.9411764705882,40,61.3333333333333,50.7692307692308,2,2,2,1,1,2,3,3,3,4,3,2,2
"R_ZftcgaNG5XzYWGZ","LL",25,1.3,34.88,"Prosocial",1288,1225,"HH","HL","LH","LL",25,25,25,25,75,25,25,25,"HL-LH","Inequality","","LL","LH","HL","HH","Inequality","",75,75,75,25,25,25,25,75,25,25,25,25,25,25,25,25,"Welfare","",128,128,113,113,85.5,85.5,80.5,80.5,98,98,70.5,70.5,65.5,65.5,43,43,38,38,33,33,"Welfare","","agree somewhat","agree somewhat","disagree somewhat","strongly disagree","disagree somewhat","strongly agree","strongly agree","agree somewhat","strongly disagree","agree somewhat","agree somewhat","Male",23,"United Kingdom of Great Britain and Northern Ireland","Bachelor's degree in college (4-year)",6,6,2,100,100,100,33.3333333333333,100,33.3333333333333,100,100,33.3333333333333,100,33.3333333333333,100,100,100,100,100,50.1960784313725,50.2222222222222,50.2222222222222,50.2941176470588,50.2941176470588,50.3125,50.3125,50.2564102564103,50.3571428571429,50.3571428571429,50.3846153846154,50.3846153846154,50.5882352941176,50.6666666666667,50.6666666666667,50.7692307692308,4,4,2,1,2,5,5,4,1,4,4,4,4
"R_PIk1FFlybfnDyk9","LL",25,1.3,37.09,"Prosocial",1385,1215,"HH","HL","LH","LL",25,15,25,25,25,25,10,15,"HL-LH","Inequality","","LL","LH","HL","HH","Inequality","",75,75,75,75,25,75,25,75,75,25,75,25,25,25,25,25,"Welfare","",128,128,113,113,86,85,81,80,98,98,71,70,66,65,43,43,38,38,33,33,"Inequality","","strongly disagree","agree somewhat","strongly disagree","agree somewhat","strongly disagree","strongly disagree","disagree somewhat","strongly disagree","strongly disagree","strongly agree","strongly agree","Female",39,"United Kingdom of Great Britain and Northern Ireland","Bachelor's degree in college (4-year)",2,1,4,100,100,100,100,100,100,100,100,100,100,100,100,100,100,100,100,50.1960784313725,50.2222222222222,50.2222222222222,50.5882352941176,50,50.625,50,50.2564102564103,50.7142857142857,50,50.7692307692308,50,50.5882352941176,50.6666666666667,50.6666666666667,50.7692307692308,1,4,1,4,1,1,2,1,1,5,5,1,4
"R_1hYXvvGQ2oTIak2","LL",25,1.3,37.01,"Prosocial",1285,1238,"HH","LH","HL","LL",15,15,15,25,40,55,25,25,"HL-LH","Welfare","","LL","HL","LH","HH","Welfare","",75,25,50,75,25,50,25,75,50,25,75,25,25,25,20,25,"Welfare","",128,128,113,113,118,53,111,50,98,98,41,100,41,90,43,43,38,38,33,33,"Welfare","","disagree somewhat","neither agree
nor disagree","agree somewhat","disagree somewhat","agree somewhat","agree somewhat","agree somewhat","strongly agree","neither agree
nor disagree","strongly agree","agree somewhat","Male",43,"United Kingdom of Great Britain and Northern Ireland","Bachelor's degree in college (4-year)",4,3,5,100,33.3333333333333,66.6666666666667,100,100,66.6666666666667,100,100,66.6666666666667,100,100,100,100,100,80,100,50.1960784313725,50.2222222222222,50.2222222222222,69.4117647058823,31.1764705882353,69.375,31.25,50.2564102564103,29.2857142857143,71.4285714285714,31.5384615384615,69.2307692307692,50.5882352941176,50.6666666666667,50.6666666666667,50.7692307692308,2,3,4,2,4,4,4,5,3,5,4,2,3
"R_UtgwMD8jL33PWSd","LL",25,1.3,34.88,"Prosocial",1294,1224,"HH","LH","HL","LL",0,0,0,0,25,15,10,0,"HL-LH","Welfare","","LL","LH","HH","HL","Inequality","",25,25,15,25,10,25,0,25,25,5,25,5,10,5,0,0,"Inequality","",128,128,113,113,110,61,100,61,98,98,101,40,90,41,43,43,41,35,33,33,"Inequality","","disagree somewhat","agree somewhat","disagree somewhat","agree somewhat","agree somewhat","neither agree
nor disagree","strongly agree","agree somewhat","neither agree
nor disagree","strongly agree","agree somewhat","Female",43,"United States of America","Bachelor's degree in college (4-year)",4,4,4,33.3333333333333,33.3333333333333,20,33.3333333333333,40,33.3333333333333,0,33.3333333333333,33.3333333333333,20,33.3333333333333,20,40,20,0,0,50.1960784313725,50.2222222222222,50.2222222222222,64.7058823529412,35.8823529411765,62.5,38.125,50.2564102564103,72.1428571428571,28.5714285714286,69.2307692307692,31.5384615384615,50.5882352941176,54.6666666666667,46.6666666666667,50.7692307692308,2,4,2,4,4,3,5,4,3,5,4,2,4
"R_3NPRhbAgaw3OLYS","LL",25,1.3,-16.26,"Competitive",1440,970,"LL","LH","HL","HH",10,10,10,25,25,20,25,20,"HL-LH","Similarity","","HH","HL","LH","LL","Similarity","",25,35,30,15,10,20,5,10,40,20,10,15,10,15,10,10,"Similarity","",128,128,186,40,128,43,100,61,98,98,100,41,81,50,43,43,56,20,33,33,"Similarity","","neither agree
nor disagree","agree somewhat","agree somewhat","strongly agree","neither agree
nor disagree","neither agree
nor disagree","agree somewhat","strongly agree","strongly disagree","agree somewhat","agree somewhat","Male",46,"United Kingdom of Great Britain and Northern Ireland","High school graduate (high school diploma or equivalent including GED)",7,7,4,33.3333333333333,46.6666666666667,40,20,40,26.6666666666667,20,13.3333333333333,53.3333333333333,80,13.3333333333333,60,40,60,40,40,50.1960784313725,82.6666666666667,17.7777777777778,75.2941176470588,25.2941176470588,62.5,38.125,50.2564102564103,71.4285714285714,29.2857142857143,62.3076923076923,38.4615384615385,50.5882352941176,74.6666666666667,26.6666666666667,50.7692307692308,3,4,4,5,3,3,4,5,1,4,4,3,4
"R_0OjEIaunoe5Ya0F","LL",25,1.3,34.88,"Prosocial",1297,1217,"HH","HL","LH","LL",5,5,5,5,25,25,5,0,"HL-LH","Inequality","","LL","LH","HL","HH","Inequality","",25,25,20,25,0,25,0,15,15,5,20,0,5,5,5,5,"Inequality","",128,128,113,113,120,51,100,61,98,98,98,43,80,51,43,43,43,33,33,33,"Inequality","","strongly disagree","agree somewhat","strongly disagree","disagree somewhat","agree somewhat","neither agree
nor disagree","agree somewhat","agree somewhat","neither agree
nor disagree","agree somewhat","agree somewhat","Male",25,"United Kingdom of Great Britain and Northern Ireland","Associate degree in college (2-year)",3,3,3,33.3333333333333,33.3333333333333,26.6666666666667,33.3333333333333,0,33.3333333333333,0,20,20,20,26.6666666666667,0,20,20,20,20,50.1960784313725,50.2222222222222,50.2222222222222,70.5882352941177,30,62.5,38.125,50.2564102564103,70,30.7142857142857,61.5384615384615,39.2307692307692,50.5882352941176,57.3333333333333,44,50.7692307692308,1,4,1,2,4,3,4,4,3,4,4,1,4
"R_1onZdofHtnk8Rzq","LL",25,1.3,7.82,"Individualistic",1455,1075,"HH","LH","HL","LL",5,5,5,5,10,10,0,5,"HH-LL","Similarity","","LL","LH","HL","HH","Inequality","",20,30,20,20,10,30,5,20,20,10,20,5,10,10,5,5,"Welfare","",128,128,113,113,86,85,81,80,98,98,70,71,66,65,43,43,38,38,33,33,"Inequality","","disagree somewhat","agree somewhat","strongly agree","strongly disagree","strongly agree","strongly disagree","strongly disagree","strongly agree","agree somewhat","strongly agree","strongly agree","Female",28,"United Kingdom of Great Britain and Northern Ireland","Some college but no degree",2,2,2,26.6666666666667,40,26.6666666666667,26.6666666666667,40,40,20,26.6666666666667,26.6666666666667,40,26.6666666666667,20,40,40,20,20,50.1960784313725,50.2222222222222,50.2222222222222,50.5882352941176,50,50.625,50,50.2564102564103,50,50.7142857142857,50.7692307692308,50,50.5882352941176,50.6666666666667,50.6666666666667,50.7692307692308,2,4,5,1,5,1,1,5,4,5,5,2,4
"R_1hG5bzA1eptYrNK","LL",25,1.3,-16.26,"Competitive",1440,970,"LH","LL","HL","HH",15,15,15,20,15,15,15,20,"HL-LH","Inequality","","LL","LH","HL","HH","Random","",60,60,60,60,15,50,15,60,50,15,50,15,20,15,15,15,"Random","",128,128,113,113,85.5,85.5,80.5,80.5,98,98,70.5,70.5,65.5,65.5,43,43,38,38,33,33,"Inequality","","strongly agree","strongly disagree","strongly disagree","strongly disagree","strongly disagree","strongly disagree","strongly agree","strongly disagree","strongly disagree","strongly disagree","neither agree
nor disagree","Female",31,"United Kingdom of Great Britain and Northern Ireland","Bachelor's degree in college (4-year)",4,4,6,80,80,80,80,60,66.6666666666667,60,80,66.6666666666667,60,66.6666666666667,60,80,60,60,60,50.1960784313725,50.2222222222222,50.2222222222222,50.2941176470588,50.2941176470588,50.3125,50.3125,50.2564102564103,50.3571428571429,50.3571428571429,50.3846153846154,50.3846153846154,50.5882352941176,50.6666666666667,50.6666666666667,50.7692307692308,5,1,1,1,1,1,5,1,1,1,3,5,1
"R_28HiKYCufF9pubN","LL",25,1.3,37.01,"Prosocial",1286,1236,"HH","HL","LH","LL",10,15,10,15,30,50,20,25,"HH-LL","Similarity","","LH","LL","HL","HH","Similarity","",50,50,50,50,15,50,10,50,25,15,50,15,15,15,15,15,"Welfare","",128,128,113,113,121,50,111,50,98,98,91,50,90,41,43,43,38,38,33,33,"Inequality","","neither agree
nor disagree","disagree somewhat","disagree somewhat","agree somewhat","neither agree
nor disagree","agree somewhat","agree somewhat","agree somewhat","disagree somewhat","neither agree
nor disagree","agree somewhat","Female",50,"United States of America","Associate degree in college (2-year)",5,5,3,66.6666666666667,66.6666666666667,66.6666666666667,66.6666666666667,60,66.6666666666667,40,66.6666666666667,33.3333333333333,60,66.6666666666667,60,60,60,60,60,50.1960784313725,50.2222222222222,50.2222222222222,71.1764705882353,29.4117647058824,69.375,31.25,50.2564102564103,65,35.7142857142857,69.2307692307692,31.5384615384615,50.5882352941176,50.6666666666667,50.6666666666667,50.7692307692308,3,2,2,4,3,4,4,4,2,3,4,3,2
"R_qC06ibaxHxA8C3f","LL",25,1.3,37.48,"Prosocial",1319,1254,"HH","HL","LH","LL",10,10,10,15,25,0,10,10,"HH-LL","Welfare","","LL","HL","LH","HH","Welfare","",75,75,75,75,25,75,25,75,65,25,60,25,25,25,25,25,"Welfare","",128,128,113,113,106,65,100,61,98,98,91,50,90,41,43,43,38,38,33,33,"Inequality","","strongly disagree","agree somewhat","strongly disagree","disagree somewhat","neither agree
nor disagree","neither agree
nor disagree","agree somewhat","strongly agree","disagree somewhat","strongly agree","strongly agree","Male",25,"United Kingdom of Great Britain and Northern Ireland","Master's degree",2,1,2,100,100,100,100,100,100,100,100,86.6666666666667,100,80,100,100,100,100,100,50.1960784313725,50.2222222222222,50.2222222222222,62.3529411764706,38.2352941176471,62.5,38.125,50.2564102564103,65,35.7142857142857,69.2307692307692,31.5384615384615,50.5882352941176,50.6666666666667,50.6666666666667,50.7692307692308,1,4,1,2,3,3,4,5,2,5,5,1,4
"R_SNweaDetwXJuZTX","LL",25,1.3,7.82,"Individualistic",1455,1075,"HH","HL","LH","LL",5,5,5,5,10,10,5,5,"HH-LL","Welfare","","LL","LH","HL","HH","Welfare","",15,15,15,15,5,15,5,15,15,5,15,5,5,5,5,5,"Welfare","",128,128,113,113,76,95,66,95,98,98,51,90,51,80,43,43,38,38,33,33,"Inequality","","disagree somewhat","neither agree
nor disagree","strongly disagree","neither agree
nor disagree","agree somewhat","disagree somewhat","disagree somewhat","strongly agree","disagree somewhat","agree somewhat","strongly agree","Female",41,"United Kingdom of Great Britain and Northern Ireland","Master's degree",3,3,3,20,20,20,20,20,20,20,20,20,20,20,20,20,20,20,20,50.1960784313725,50.2222222222222,50.2222222222222,44.7058823529412,55.8823529411765,41.25,59.375,50.2564102564103,36.4285714285714,64.2857142857143,39.2307692307692,61.5384615384615,50.5882352941176,50.6666666666667,50.6666666666667,50.7692307692308,2,3,1,3,4,2,2,5,2,4,5,2,3
"R_Au4rdAo4RS8bkmR","LL",25,1.3,34.93,"Prosocial",1279,1219,"HL","HH","LL","LH",18,17,16,16,18,16,15,16,"HH-LL","Welfare","","HL","HH","LL","LH","Welfare","",72,60,60,69,17,65,19,66,68,20,66,16,17,24,21,20,"Welfare","",120,136,200,26,120,51,121,40,100,96,41,100,100,31,43,43,50,26,32,34,"Similarity","","disagree somewhat","disagree somewhat","agree somewhat","agree somewhat","strongly disagree","strongly disagree","disagree somewhat","agree somewhat","strongly disagree","neither agree
nor disagree","neither agree
nor disagree","Male",44,"United Kingdom of Great Britain and Northern Ireland","Associate degree in college (2-year)",3,5,3,96,80,80,92,68,86.6666666666667,76,88,90.6666666666667,80,88,64,68,96,84,80,47.0588235294118,88.8888888888889,11.5555555555556,70.5882352941177,30,75.625,25,51.2820512820513,29.2857142857143,71.4285714285714,76.9230769230769,23.8461538461538,50.5882352941176,66.6666666666667,34.6666666666667,49.2307692307692,2,2,4,4,1,1,2,4,1,3,3,2,2
"R_b7uj0tuqnzkrhXH","LL",25,1.3,7.82,"Individualistic",1455,1075,"HH","HL","LH","LL",25,25,25,25,75,25,20,15,"HL-LH","Inequality","","LL","LH","HL","HH","Inequality","",75,75,75,75,25,75,25,75,75,25,50,25,25,25,25,25,"Welfare","",128,128,126,100,110,61,100,61,98,98,100,41,90,41,43,43,45,31,33,33,"Similarity","","strongly disagree","strongly agree","strongly disagree","strongly disagree","strongly agree","strongly disagree","strongly disagree","strongly agree","strongly agree","strongly agree","strongly agree","Female",39,"United States of America","Associate degree in college (2-year)",1,1,1,100,100,100,100,100,100,100,100,100,100,66.6666666666667,100,100,100,100,100,50.1960784313725,56,44.4444444444444,64.7058823529412,35.8823529411765,62.5,38.125,50.2564102564103,71.4285714285714,29.2857142857143,69.2307692307692,31.5384615384615,50.5882352941176,60,41.3333333333333,50.7692307692308,1,5,1,1,5,1,1,5,5,5,5,1,5
"R_1hTsDydQCqeHcus","LL",25,1.3,7.82,"Individualistic",1455,1075,"HH","HL","LH","LL",15,15,10,10,25,35,10,10,"HH-LL","Similarity","","LL","LH","HL","HH","Welfare","",35,35,35,35,10,35,10,35,35,10,35,10,10,10,10,10,"Welfare","",128,128,113,113,100,71,100,61,98,98,98,43,98,33,43,43,38,38,33,33,"Welfare","","disagree somewhat","agree somewhat","strongly disagree","disagree somewhat","agree somewhat","agree somewhat","agree somewhat","strongly agree","agree somewhat","strongly agree","agree somewhat","Male",26,"United Kingdom of Great Britain and Northern Ireland","Bachelor's degree in college (4-year)",3,1,6,46.6666666666667,46.6666666666667,46.6666666666667,46.6666666666667,40,46.6666666666667,40,46.6666666666667,46.6666666666667,40,46.6666666666667,40,40,40,40,40,50.1960784313725,50.2222222222222,50.2222222222222,58.8235294117647,41.7647058823529,62.5,38.125,50.2564102564103,70,30.7142857142857,75.3846153846154,25.3846153846154,50.5882352941176,50.6666666666667,50.6666666666667,50.7692307692308,2,4,1,2,4,4,4,5,4,5,4,2,4
"R_2ymjSrBgJVAoqEZ","LL",25,1.3,28.73,"Prosocial",1343,1184,"HH","HL","LH","LL",25,25,25,25,25,25,15,25,"HL-LH","Welfare","","LL","LH","HL","HH","Welfare","",75,75,75,25,25,25,25,75,50,25,50,25,25,25,25,25,"Welfare","",128,128,123,103,121,50,101,60,98,98,91,50,95,36,43,43,43,33,33,33,"Other","Trying to equalise a little bit while still maintaining incentives for all to put money in the pot.","neither agree
nor disagree","neither agree
nor disagree","agree somewhat","agree somewhat","neither agree
nor disagree","agree somewhat","disagree somewhat","agree somewhat","disagree somewhat","agree somewhat","neither agree
nor disagree","Male",43,"United Kingdom of Great Britain and Northern Ireland","Some college but no degree",4,6,3,100,100,100,33.3333333333333,100,33.3333333333333,100,100,66.6666666666667,100,66.6666666666667,100,100,100,100,100,50.1960784313725,54.6666666666667,45.7777777777778,71.1764705882353,29.4117647058824,63.125,37.5,50.2564102564103,65,35.7142857142857,73.0769230769231,27.6923076923077,50.5882352941176,57.3333333333333,44,50.7692307692308,3,3,4,4,3,4,2,4,2,4,3,3,3
"R_1LTkKKPIKetMfGH","LL",25,1.3,7.82,"Individualistic",1455,1075,"HH","HL","LH","LL",10,10,10,10,25,20,10,10,"HH-LL","Welfare","","LL","HL","LH","HH","Welfare","",35,35,25,35,20,35,20,30,30,20,35,20,20,20,15,15,"Welfare","",128,128,128,98,86,85,81,80,98,98,71,70,66,65,43,43,43,33,33,33,"Inequality","","strongly disagree","agree somewhat","strongly disagree","neither agree
nor disagree","neither agree
nor disagree","disagree somewhat","strongly disagree","strongly agree","neither agree
nor disagree","agree somewhat","disagree somewhat","Female",35,"United States of America","Bachelor's degree in college (4-year)",4,4,4,46.6666666666667,46.6666666666667,33.3333333333333,46.6666666666667,80,46.6666666666667,80,40,40,80,46.6666666666667,80,80,80,60,60,50.1960784313725,56.8888888888889,43.5555555555556,50.5882352941176,50,50.625,50,50.2564102564103,50.7142857142857,50,50.7692307692308,50,50.5882352941176,57.3333333333333,44,50.7692307692308,1,4,1,3,3,2,1,5,3,4,2,1,4
"R_10usrQiM85lxP91","LL",25,1.3,35.21,"Prosocial",1380,1182,"LH","LL","HH","HL",10,10,15,15,20,5,12,10,"HL-LH","Welfare","","LL","LH","HL","HH","Inequality","",40,35,35,40,12,40,10,35,35,12,35,10,15,12,10,12,"Similarity","",128,128,108,118,120,51,100,61,98,98,98,43,81,50,43,43,40,36,33,33,"Inequality","","disagree somewhat","neither agree
nor disagree","disagree somewhat","disagree somewhat","agree somewhat","disagree somewhat","agree somewhat","agree somewhat","neither agree
nor disagree","strongly agree","strongly agree","Male",42,"United Kingdom of Great Britain and Northern Ireland","High school graduate (high school diploma or equivalent including GED)",4,4,5,53.3333333333333,46.6666666666667,46.6666666666667,53.3333333333333,48,53.3333333333333,40,46.6666666666667,46.6666666666667,48,46.6666666666667,40,60,48,40,48,50.1960784313725,48,52.4444444444444,70.5882352941177,30,62.5,38.125,50.2564102564103,70,30.7142857142857,62.3076923076923,38.4615384615385,50.5882352941176,53.3333333333333,48,50.7692307692308,2,3,2,2,4,2,4,4,3,5,5,2,3
"R_2bO9YtyOuMX1epZ","LL",25,1.3,7.82,"Individualistic",1455,1075,"LH","HL","LL","HH",0,0,0,0,50,25,25,20,"HL-LH","Similarity","","HH","HL","LH","LL","Similarity","",50,60,40,50,15,50,2,25,15,15,20,5,25,15,2,15,"Similarity","",128,128,98,128,43,128,128,33,98,98,98,43,98,33,43,43,33,43,33,33,"Other","Stick with the default allocation.","agree somewhat","disagree somewhat","neither agree
nor disagree","disagree somewhat","neither agree
nor disagree","agree somewhat","agree somewhat","agree somewhat","disagree somewhat","neither agree
nor disagree","agree somewhat","Male",35,"United Kingdom of Great Britain and Northern Ireland","Master's degree",4,4,4,66.6666666666667,80,53.3333333333333,66.6666666666667,60,66.6666666666667,8,33.3333333333333,20,60,26.6666666666667,20,100,60,8,60,50.1960784313725,43.5555555555556,56.8888888888889,25.2941176470588,75.2941176470588,80,20.625,50.2564102564103,70,30.7142857142857,75.3846153846154,25.3846153846154,50.5882352941176,44,57.3333333333333,50.7692307692308,4,2,3,2,3,4,4,4,2,3,4,4,2
"R_2bTOUhYQYfaRBwm","LL",25,1.3,34.88,"Prosocial",1313,1233,"HH","HL","LH","LL",10,10,10,15,10,50,15,15,"HL-LH","Welfare","","HH","HL","LL","LH","Random","",55,50,50,50,15,50,15,50,50,15,50,15,19,18,15,15,"Welfare","",128,128,113,113,84,87,80,81,98,98,70,71,61,70,43,43,33,43,33,33,"Similarity","","neither agree
nor disagree","agree somewhat","strongly agree","neither agree
nor disagree","agree somewhat","strongly disagree","disagree somewhat","agree somewhat","disagree somewhat","agree somewhat","agree somewhat","Female",26,"United Kingdom of Great Britain and Northern Ireland","Associate degree in college (2-year)",4,6,4,73.3333333333333,66.6666666666667,66.6666666666667,66.6666666666667,60,66.6666666666667,60,66.6666666666667,66.6666666666667,60,66.6666666666667,60,76,72,60,60,50.1960784313725,50.2222222222222,50.2222222222222,49.4117647058824,51.1764705882353,50,50.625,50.2564102564103,50,50.7142857142857,46.9230769230769,53.8461538461538,50.5882352941176,44,57.3333333333333,50.7692307692308,3,4,5,3,4,1,2,4,2,4,4,3,4
"R_31Abaa0qkfIArnD","LL",25,1.3,-7.82,"Individualistic",1455,1005,"HH","HL","LH","LL",25,25,25,20,20,50,10,10,"HH-LL","Welfare","","HL","HH","LL","LH","Random","",25,35,50,20,20,35,10,75,50,20,35,20,25,20,20,25,"Random","",128,128,98,128,128,43,128,33,98,98,98,43,98,33,43,43,43,33,33,33,"Random","","disagree somewhat","agree somewhat","disagree somewhat","neither agree
nor disagree","disagree somewhat","disagree somewhat","disagree somewhat","agree somewhat","neither agree
nor disagree","agree somewhat","agree somewhat","Female",41,"United Kingdom of Great Britain and Northern Ireland","Bachelor's degree in college (4-year)",4,4,4,33.3333333333333,46.6666666666667,66.6666666666667,26.6666666666667,80,46.6666666666667,40,100,66.6666666666667,80,46.6666666666667,80,100,80,80,100,50.1960784313725,43.5555555555556,56.8888888888889,75.2941176470588,25.2941176470588,80,20.625,50.2564102564103,70,30.7142857142857,75.3846153846154,25.3846153846154,50.5882352941176,57.3333333333333,44,50.7692307692308,2,4,2,3,2,2,2,4,3,4,4,2,4
"R_27jkJW1QYl01igi","LL",25,1.3,34.88,"Prosocial",1286,1223,"HH","HL","LH","LL",15,15,10,10,25,25,10,10,"HH-LL","Welfare","","LL","LH","HL","HH","Inequality","",25,25,30,25,15,25,15,25,25,15,25,15,15,14,15,10,"Random","",128,128,113,113,128,43,128,33,98,98,43,98,98,33,43,43,43,33,33,33,"Inequality","","disagree somewhat","agree somewhat","disagree somewhat","disagree somewhat","neither agree
nor disagree","neither agree
nor disagree","agree somewhat","agree somewhat","disagree somewhat","neither agree
nor disagree","neither agree
nor disagree","Female",44,"United Kingdom of Great Britain and Northern Ireland","Bachelor's degree in college (4-year)",4,3,4,33.3333333333333,33.3333333333333,40,33.3333333333333,60,33.3333333333333,60,33.3333333333333,33.3333333333333,60,33.3333333333333,60,60,56,60,40,50.1960784313725,50.2222222222222,50.2222222222222,75.2941176470588,25.2941176470588,80,20.625,50.2564102564103,30.7142857142857,70,75.3846153846154,25.3846153846154,50.5882352941176,57.3333333333333,44,50.7692307692308,2,4,2,2,3,3,4,4,2,3,3,2,4
"R_32XhP17ZXdjCe2t","LL",25,1.3,7.82,"Individualistic",1455,1075,"HH","HL","LH","LL",0,9,0,0,5,15,5,0,"HH-LL","Similarity","","LL","HH","HL","LH","Random","",75,75,75,75,25,75,25,75,75,25,75,0,25,25,25,25,"Welfare","",128,128,113,113,85,86,81,80,98,98,71,70,66,65,43,43,38,38,33,33,"Similarity","","disagree somewhat","agree somewhat","agree somewhat","disagree somewhat","disagree somewhat","disagree somewhat","agree somewhat","agree somewhat","disagree somewhat","agree somewhat","strongly agree","Male",45,"United Kingdom of Great Britain and Northern Ireland","Some college but no degree",4,3,4,100,100,100,100,100,100,100,100,100,100,100,0,100,100,100,100,50.1960784313725,50.2222222222222,50.2222222222222,50,50.5882352941176,50.625,50,50.2564102564103,50.7142857142857,50,50.7692307692308,50,50.5882352941176,50.6666666666667,50.6666666666667,50.7692307692308,2,4,4,2,2,2,4,4,2,4,5,2,4
"R_3oM8TPdfHN18OAq","LL",25,1.3,34.88,"Prosocial",1296,1218,"HH","HL","LH","LL",5,5,5,5,15,20,10,5,"HL-LH","Inequality","","LL","LH","HL","HH","Inequality","",30,25,20,30,5,25,5,25,20,5,20,5,10,10,5,5,"Inequality","",128,128,113,113,86,85,81,80,98,98,71,70,66,65,43,43,38,38,33,33,"Similarity","","strongly disagree","agree somewhat","strongly disagree","disagree somewhat","strongly agree","strongly disagree","strongly disagree","strongly agree","agree somewhat","strongly agree","strongly agree","Female",35,"United States of America","Bachelor's degree in college (4-year)",1,1,3,40,33.3333333333333,26.6666666666667,40,20,33.3333333333333,20,33.3333333333333,26.6666666666667,20,26.6666666666667,20,40,40,20,20,50.1960784313725,50.2222222222222,50.2222222222222,50.5882352941176,50,50.625,50,50.2564102564103,50.7142857142857,50,50.7692307692308,50,50.5882352941176,50.6666666666667,50.6666666666667,50.7692307692308,1,4,1,2,5,1,1,5,4,5,5,1,4
"R_2dZkThvOzHjhlXK","LL",25,1.3,45,"Prosocial",1280,1270,"HH","HL","LH","LL",25,25,25,25,75,75,25,25,"HH-LL","Welfare","","LL","LH","HL","HH","Inequality","",75,75,75,75,25,75,25,75,75,25,75,25,25,25,25,25,"Welfare","",128,128,113,113,85.5,85.5,80.5,80.5,98,98,70.5,70.5,65.5,65.5,43,43,38,38,33,33,"Similarity","","disagree somewhat","agree somewhat","neither agree
nor disagree","neither agree
nor disagree","agree somewhat","disagree somewhat","strongly disagree","strongly agree","neither agree
nor disagree","agree somewhat","neither agree
nor disagree","Female",28,"United States of America","High school graduate (high school diploma or equivalent including GED)",2,2,3,100,100,100,100,100,100,100,100,100,100,100,100,100,100,100,100,50.1960784313725,50.2222222222222,50.2222222222222,50.2941176470588,50.2941176470588,50.3125,50.3125,50.2564102564103,50.3571428571429,50.3571428571429,50.3846153846154,50.3846153846154,50.5882352941176,50.6666666666667,50.6666666666667,50.7692307692308,2,4,3,3,4,2,1,5,3,4,3,2,4
"R_XmHYOHYFyzezmYV","LL",25,1.3,28.61,"Prosocial",1393,1213,"HH","HL","LH","LL",15,15,15,15,20,10,10,10,"HL-LH","Inequality","","LL","LH","HL","HH","Inequality","",50,50,50,50,15,50,10,50,50,15,50,10,15,15,10,10,"Inequality","",128,128,113,113,85,86,81,80,98,98,71,70,66,65,43,43,38,38,33,33,"Welfare","","strongly disagree","agree somewhat","agree somewhat","strongly disagree","strongly agree","neither agree
nor disagree","agree somewhat","strongly agree","agree somewhat","strongly agree","strongly agree","Female",26,"United States of America","High school graduate (high school diploma or equivalent including GED)",1,1,7,66.6666666666667,66.6666666666667,66.6666666666667,66.6666666666667,60,66.6666666666667,40,66.6666666666667,66.6666666666667,60,66.6666666666667,40,60,60,40,40,50.1960784313725,50.2222222222222,50.2222222222222,50,50.5882352941176,50.625,50,50.2564102564103,50.7142857142857,50,50.7692307692308,50,50.5882352941176,50.6666666666667,50.6666666666667,50.7692307692308,1,4,4,1,5,3,4,5,4,5,5,1,4
"R_4T9VlwZWJZ22ZVf","LL",25,1.3,34.88,"Prosocial",1298,1228,"HL","LL","HH","LH",15,5,20,25,25,10,15,20,"HL-LH","Other","I had problems using the drag and drop system - it keeps resulting in error ('your session was outdated) so in the end I just tried a random combination. Otherwise I would have tried to maximise (joint) possible outcomes.","HH","LH","HL","LL","Welfare","",75,75,75,60,25,60,25,75,50,25,50,25,25,25,25,25,"Welfare","",128,128,113,113,100,71,100,61,98,98,85,56,81,50,43,43,38,38,33,33,"Inequality","","strongly disagree","disagree somewhat","disagree somewhat","disagree somewhat","disagree somewhat","strongly disagree","strongly disagree","agree somewhat","disagree somewhat","strongly agree","strongly agree","Female",42,"United Kingdom of Great Britain and Northern Ireland","Master's degree",2,2,5,100,100,100,80,100,80,100,100,66.6666666666667,100,66.6666666666667,100,100,100,100,100,50.1960784313725,50.2222222222222,50.2222222222222,58.8235294117647,41.7647058823529,62.5,38.125,50.2564102564103,60.7142857142857,40,62.3076923076923,38.4615384615385,50.5882352941176,50.6666666666667,50.6666666666667,50.7692307692308,1,2,2,2,2,1,1,4,2,5,5,1,2
"R_10Miei4vDSdjKgW","LL",25,1.3,26.87,"Prosocial",1371,1151,"HH","LH","HL","LL",25,25,25,0,25,25,20,0,"HH-LL","Welfare","","LL","LH","HL","HH","Welfare","",75,75,60,75,25,75,15,60,60,25,60,15,25,20,20,15,"Welfare","",128,128,113,113,86,85,81,80,98,98,71,70,66,65,43,43,38,38,33,33,"Similarity","","disagree somewhat","agree somewhat","neither agree
nor disagree","agree somewhat","neither agree
nor disagree","neither agree
nor disagree","neither agree
nor disagree","agree somewhat","disagree somewhat","agree somewhat","agree somewhat","Male",37,"United Kingdom of Great Britain and Northern Ireland","Master's degree",2,3,1,100,100,80,100,100,100,60,80,80,100,80,60,100,80,80,60,50.1960784313725,50.2222222222222,50.2222222222222,50.5882352941176,50,50.625,50,50.2564102564103,50.7142857142857,50,50.7692307692308,50,50.5882352941176,50.6666666666667,50.6666666666667,50.7692307692308,2,4,3,4,3,3,3,4,2,4,4,2,4
"R_3hlvNKLlrWNzNaf","LL",25,1.3,11.35,"Individualistic",1430,1094,"HH","HL","LH","LL",10,15,10,10,50,25,10,10,"HL-LH","Welfare","","LL","LH","HL","HH","Inequality","",25,25,25,25,15,25,10,25,25,10,20,10,10,10,10,10,"Inequality","",128,128,113,113,85.5,85.5,80.5,80.5,98,98,70.5,70.5,65.5,65.5,43,43,38,38,33,33,"Similarity","","disagree somewhat","agree somewhat","strongly disagree","strongly disagree","strongly agree","disagree somewhat","neither agree
nor disagree","strongly agree","agree somewhat","strongly agree","strongly agree","Female",30,"United States of America","Some college but no degree",5,5,3,33.3333333333333,33.3333333333333,33.3333333333333,33.3333333333333,60,33.3333333333333,40,33.3333333333333,33.3333333333333,40,26.6666666666667,40,40,40,40,40,50.1960784313725,50.2222222222222,50.2222222222222,50.2941176470588,50.2941176470588,50.3125,50.3125,50.2564102564103,50.3571428571429,50.3571428571429,50.3846153846154,50.3846153846154,50.5882352941176,50.6666666666667,50.6666666666667,50.7692307692308,2,4,1,1,5,2,3,5,4,5,5,2,4
"R_pF7VR7i9MGMnNG9","LL",25,1.3,37.48,"Prosocial",1289,1234,"HH","HL","LH","LL",15,15,15,15,65,30,15,15,"HL-LH","Welfare","","LL","LH","HL","HH","Welfare","",65,65,65,65,20,65,15,60,65,15,60,15,20,20,15,15,"Welfare","",128,128,128,98,128,43,128,33,98,98,98,43,98,33,43,43,43,33,33,33,"Welfare","","strongly disagree","strongly disagree","strongly disagree","strongly disagree","strongly disagree","neither agree
nor disagree","agree somewhat","disagree somewhat","strongly disagree","agree somewhat","agree somewhat","Female",33,"United States of America","Bachelor's degree in college (4-year)",4,4,4,86.6666666666667,86.6666666666667,86.6666666666667,86.6666666666667,80,86.6666666666667,60,80,86.6666666666667,60,80,60,80,80,60,60,50.1960784313725,56.8888888888889,43.5555555555556,75.2941176470588,25.2941176470588,80,20.625,50.2564102564103,70,30.7142857142857,75.3846153846154,25.3846153846154,50.5882352941176,57.3333333333333,44,50.7692307692308,1,1,1,1,1,3,4,2,1,4,4,1,1
"R_sT4juY0fB82eLuh","LL",25,1.3,34.88,"Prosocial",1288,1225,"HH","HL","LH","LL",0,0,0,0,0,0,0,0,"HH-LL","Similarity","","LH","LL","HL","HH","Random","",75,75,75,45,15,75,25,75,75,25,30,0,25,20,25,25,"Welfare","",128,128,113,113,86,85,81,80,98,98,71,70,66,65,43,43,38,38,33,33,"Similarity","","strongly disagree","agree somewhat","strongly disagree","strongly disagree","neither agree
nor disagree","strongly disagree","strongly disagree","strongly agree","disagree somewhat","strongly agree","strongly agree","Female",29,"United Kingdom of Great Britain and Northern Ireland","Bachelor's degree in college (4-year)",1,1,1,100,100,100,60,60,100,100,100,100,100,40,0,100,80,100,100,50.1960784313725,50.2222222222222,50.2222222222222,50.5882352941176,50,50.625,50,50.2564102564103,50.7142857142857,50,50.7692307692308,50,50.5882352941176,50.6666666666667,50.6666666666667,50.7692307692308,1,4,1,1,3,1,1,5,2,5,5,1,4
"R_cT3Us6fHCkvFUHf","LL",25,1.3,34.88,"Prosocial",1290,1227,"HH","HL","LH","LL",20,20,10,10,15,15,10,10,"HL-LH","Random","","LH","LL","HH","HL","Welfare","",25,25,25,25,15,25,15,25,25,10,25,15,15,15,15,15,"Inequality","",128,128,113,113,86,85,80,81,98,98,71,70,66,65,43,43,38,38,33,33,"Similarity","","strongly disagree","agree somewhat","disagree somewhat","strongly disagree","agree somewhat","disagree somewhat","disagree somewhat","agree somewhat","disagree somewhat","strongly agree","strongly agree","Female",21,"United States of America","Some college but no degree",2,2,6,33.3333333333333,33.3333333333333,33.3333333333333,33.3333333333333,60,33.3333333333333,60,33.3333333333333,33.3333333333333,40,33.3333333333333,60,60,60,60,60,50.1960784313725,50.2222222222222,50.2222222222222,50.5882352941176,50,50,50.625,50.2564102564103,50.7142857142857,50,50.7692307692308,50,50.5882352941176,50.6666666666667,50.6666666666667,50.7692307692308,1,4,2,1,4,2,2,4,2,5,5,1,4
"R_3QDmmOjymcGP9I8","LL",25,1.3,37.09,"Prosocial",1235,1225,"HH","HL","LH","LL",25,25,25,25,25,25,25,25,"HL-LH","Inequality","","LH","LL","HH","HL","Inequality","",75,75,75,25,25,25,25,75,25,25,25,25,25,25,25,25,"Similarity","",128,128,128,98,128,43,128,33,98,98,86,55,98,33,43,43,43,33,33,33,"Welfare","","strongly disagree","agree somewhat","agree somewhat","neither agree
nor disagree","agree somewhat","strongly disagree","disagree somewhat","strongly agree","agree somewhat","strongly agree","strongly agree","Female",38,"United States of America","High school graduate (high school diploma or equivalent including GED)",4,4,4,100,100,100,33.3333333333333,100,33.3333333333333,100,100,33.3333333333333,100,33.3333333333333,100,100,100,100,100,50.1960784313725,56.8888888888889,43.5555555555556,75.2941176470588,25.2941176470588,80,20.625,50.2564102564103,61.4285714285714,39.2857142857143,75.3846153846154,25.3846153846154,50.5882352941176,57.3333333333333,44,50.7692307692308,1,4,4,3,4,1,2,5,4,5,5,1,4
"R_1C1igUcP0BWEnke","LL",25,1.3,7.82,"Individualistic",1429,1099,"HH","HL","LH","LL",5,10,0,0,10,15,0,0,"HH-LL","Welfare","","HH","HL","LH","LL","Similarity","",50,50,45,35,5,25,5,30,25,5,25,5,5,5,5,5,"Welfare","",128,128,113,113,85.5,85.5,80.5,80.5,98,98,70.5,70.5,65.5,65.5,43,43,38,38,33,33,"Similarity","","strongly disagree","strongly agree","strongly disagree","disagree somewhat","agree somewhat","strongly disagree","strongly disagree","strongly agree","agree somewhat","strongly agree","strongly agree","Female",35,"United States of America","Bachelor's degree in college (4-year)",1,1,1,66.6666666666667,66.6666666666667,60,46.6666666666667,20,33.3333333333333,20,40,33.3333333333333,20,33.3333333333333,20,20,20,20,20,50.1960784313725,50.2222222222222,50.2222222222222,50.2941176470588,50.2941176470588,50.3125,50.3125,50.2564102564103,50.3571428571429,50.3571428571429,50.3846153846154,50.3846153846154,50.5882352941176,50.6666666666667,50.6666666666667,50.7692307692308,1,5,1,2,4,1,1,5,4,5,5,1,5
"R_zedy7uZpsbTGlot","LL",25,1.3,7.82,"Individualistic",1455,1075,"HH","HL","LH","LL",10,5,0,0,25,15,0,0,"HL-LH","Inequality","","LL","LH","HL","HH","Inequality","",50,50,50,50,10,50,10,50,50,10,50,10,0,0,0,0,"Welfare","",128,128,113,113,85,86,80,81,98,98,70,71,65,66,43,43,38,38,33,33,"Similarity","","strongly disagree","strongly agree","strongly disagree","strongly disagree","strongly agree","strongly disagree","strongly agree","strongly agree","strongly agree","strongly agree","strongly agree","Female",48,"United States of America","Bachelor's degree in college (4-year)",4,6,2,66.6666666666667,66.6666666666667,66.6666666666667,66.6666666666667,40,66.6666666666667,40,66.6666666666667,66.6666666666667,40,66.6666666666667,40,0,0,0,0,50.1960784313725,50.2222222222222,50.2222222222222,50,50.5882352941176,50,50.625,50.2564102564103,50,50.7142857142857,50,50.7692307692308,50.5882352941176,50.6666666666667,50.6666666666667,50.7692307692308,1,5,1,1,5,1,5,5,5,5,5,1,5
"R_1QJImzj4EvaIdCc","LL",25,1.3,36.12,"Prosocial",1273,1220,"HH","LH","HL","LL",20,10,10,25,35,5,15,25,"HH-LL","Similarity","","LL","HL","LH","HH","Welfare","",75,40,30,40,15,40,10,75,35,20,35,10,25,20,15,25,"Welfare","",128,128,128,98,107,64,100,61,98,98,100,41,92,39,43,43,40,36,33,33,"Welfare","","disagree somewhat","agree somewhat","strongly agree","strongly disagree","agree somewhat","neither agree
nor disagree","agree somewhat","agree somewhat","neither agree
nor disagree","agree somewhat","strongly agree","Female",45,"United States of America","Bachelor's degree in college (4-year)",2,2,3,100,53.3333333333333,40,53.3333333333333,60,53.3333333333333,40,100,46.6666666666667,80,46.6666666666667,40,100,80,60,100,50.1960784313725,56.8888888888889,43.5555555555556,62.9411764705882,37.6470588235294,62.5,38.125,50.2564102564103,71.4285714285714,29.2857142857143,70.7692307692308,30,50.5882352941176,53.3333333333333,48,50.7692307692308,2,4,5,1,4,3,4,4,3,4,5,2,4
"R_bE4H00cDJgdztU5","LL",25,1.3,37.48,"Prosocial",1283,1235,"HH","HL","LH","LL",5,5,25,25,25,25,20,25,"HL-LH","Inequality","","LL","LH","HL","HH","Inequality","",75,75,75,75,25,75,25,75,75,25,75,25,25,25,25,25,"Welfare","",128,128,113,113,88,83,81,80,98,98,71,70,66,65,43,43,43,33,33,33,"Other","Initially I split the pot equally no matter the proportion of contribution, but then since the proportion was already listed, at the tail end I entered each person's multiplied contribution, as that is truly the most fair in contribution impact. But on good faith of contributing all, I would follow the mutual agreement of an even split regardless of impact of contribution, as it's not fair on the initial assignment. ","strongly disagree","agree somewhat","strongly agree","strongly disagree","neither agree
nor disagree","strongly disagree","disagree somewhat","strongly agree","disagree somewhat","strongly agree","strongly agree","Female",43,"United States of America","Bachelor's degree in college (4-year)",1,1,4,100,100,100,100,100,100,100,100,100,100,100,100,100,100,100,100,50.1960784313725,50.2222222222222,50.2222222222222,51.764705882353,48.8235294117647,50.625,50,50.2564102564103,50.7142857142857,50,50.7692307692308,50,50.5882352941176,57.3333333333333,44,50.7692307692308,1,4,5,1,3,1,2,5,2,5,5,1,4
"R_24f69hRyTtVUtY1","LL",25,1.3,45,"Prosocial",1230,1210,"HH","HL","LH","LL",10,10,15,15,50,50,10,10,"HH-LL","Random","","LL","LH","HL","HH","Inequality","",60,60,60,60,15,60,15,60,15,15,60,15,15,15,15,15,"Inequality","",128,128,113,113,85.5,85.5,80.5,80.5,98,98,70.5,70.5,65.5,65.5,43,43,38,38,33,33,"Similarity","","disagree somewhat","strongly agree","disagree somewhat","disagree somewhat","agree somewhat","disagree somewhat","disagree somewhat","strongly agree","agree somewhat","agree somewhat","agree somewhat","Female",43,"United States of America","Associate degree in college (2-year)",4,4,4,80,80,80,80,60,80,60,80,20,60,80,60,60,60,60,60,50.1960784313725,50.2222222222222,50.2222222222222,50.2941176470588,50.2941176470588,50.3125,50.3125,50.2564102564103,50.3571428571429,50.3571428571429,50.3846153846154,50.3846153846154,50.5882352941176,50.6666666666667,50.6666666666667,50.7692307692308,2,5,2,2,4,2,2,5,4,4,4,2,5
"R_3RkEKkskyDr3pC4","LL",25,1.3,7.82,"Individualistic",1455,1075,"HH","HL","LH","LL",5,5,5,5,10,20,10,10,"HH-LL","Welfare","","LH","LL","HH","HL","Welfare","",5,5,2,5,5,5,1,3,3,5,5,2,5,5,1,2,"Welfare","",128,128,113,113,91,80,80,81,98,98,70,71,61,70,43,43,38,38,33,33,"Inequality","","agree somewhat","strongly agree","strongly agree","strongly disagree","strongly agree","strongly agree","strongly agree","strongly agree","agree somewhat","agree somewhat","strongly agree","Female",44,"United States of America","Doctoral degree",6,5,2,6.66666666666667,6.66666666666667,2.66666666666667,6.66666666666667,20,6.66666666666667,4,4,4,20,6.66666666666667,8,20,20,4,8,50.1960784313725,50.2222222222222,50.2222222222222,53.5294117647059,47.0588235294118,50,50.625,50.2564102564103,50,50.7142857142857,46.9230769230769,53.8461538461538,50.5882352941176,50.6666666666667,50.6666666666667,50.7692307692308,4,5,5,1,5,5,5,5,4,4,5,4,5
"R_3h9AIA1rvr9wPIG","LL",25,1.3,23.87,"Prosocial",1249,1197,"LH","LL","HH","HL",20,25,10,25,75,50,11,15,"HH-LL","Welfare","","HL","HH","LH","LL","Similarity","",75,75,75,75,25,75,25,75,75,25,75,25,25,25,25,25,"Similarity","",128,128,128,98,156,15,121,40,98,98,21,120,100,31,45,41,64,12,33,33,"Similarity","","agree somewhat","disagree somewhat","strongly agree","neither agree
nor disagree","agree somewhat","disagree somewhat","neither agree
nor disagree","strongly agree","agree somewhat","agree somewhat","neither agree
nor disagree","Female",26,"United States of America","Bachelor's degree in college (4-year)",5,4,6,100,100,100,100,100,100,100,100,100,100,100,100,100,100,100,100,50.1960784313725,56.8888888888889,43.5555555555556,91.7647058823529,8.82352941176471,75.625,25,50.2564102564103,15,85.7142857142857,76.9230769230769,23.8461538461538,52.9411764705882,85.3333333333333,16,50.7692307692308,4,2,5,3,4,2,3,5,4,4,3,4,2
"R_BIYly9Ph4P5Kstb","LL",25,1.3,28.48,"Prosocial",1369,1162,"HH","LH","HL","LL",10,10,15,10,20,10,15,10,"HL-LH","Inequality","","LL","LH","HL","HH","Inequality","",50,50,30,50,10,50,15,30,25,15,30,10,15,15,10,10,"Inequality","",128,128,120,106,91,80,81,80,98,98,71,70,66,65,43,43,40,36,33,33,"Similarity","","disagree somewhat","neither agree
nor disagree","strongly disagree","neither agree
nor disagree","neither agree
nor disagree","disagree somewhat","agree somewhat","agree somewhat","disagree somewhat","agree somewhat","agree somewhat","Female",48,"United Kingdom of Great Britain and Northern Ireland","Bachelor's degree in college (4-year)",3,3,4,66.6666666666667,66.6666666666667,40,66.6666666666667,40,66.6666666666667,60,40,33.3333333333333,60,40,40,60,60,40,40,50.1960784313725,53.3333333333333,47.1111111111111,53.5294117647059,47.0588235294118,50.625,50,50.2564102564103,50.7142857142857,50,50.7692307692308,50,50.5882352941176,53.3333333333333,48,50.7692307692308,2,3,1,3,3,2,4,4,2,4,4,2,3
"R_3EnAuXlwI8RpPZK","LL",25,1.3,37.48,"Prosocial",1280,1232,"HH","HL","LH","LL",25,25,25,25,35,45,15,15,"HH-LL","Welfare","","LL","LH","HL","HH","Welfare","",75,75,75,75,25,75,25,75,75,25,75,25,25,25,25,25,"Welfare","",128,128,113,113,85.5,85.5,80.5,80.5,98,98,70.5,70.5,65.5,65.5,43,43,38,38,33,33,"Similarity","","strongly disagree","agree somewhat","strongly disagree","strongly disagree","neither agree
nor disagree","strongly disagree","strongly disagree","strongly agree","strongly disagree","strongly agree","strongly agree","Male",31,"United Kingdom of Great Britain and Northern Ireland","Associate degree in college (2-year)",2,3,2,100,100,100,100,100,100,100,100,100,100,100,100,100,100,100,100,50.1960784313725,50.2222222222222,50.2222222222222,50.2941176470588,50.2941176470588,50.3125,50.3125,50.2564102564103,50.3571428571429,50.3571428571429,50.3846153846154,50.3846153846154,50.5882352941176,50.6666666666667,50.6666666666667,50.7692307692308,1,4,1,1,3,1,1,5,1,5,5,1,4
"R_4GUN4Jd9mlViDex","LL",25,1.3,34.88,"Prosocial",1298,1228,"HH","HL","LL","LH",10,10,20,25,20,25,20,25,"HL-LH","Inequality","","LL","LH","HL","HH","Inequality","",75,50,30,50,15,50,15,75,50,25,50,15,25,25,15,25,"Inequality","",128,128,128,98,128,43,128,33,98,98,98,43,98,33,43,43,43,33,33,33,"Welfare","","disagree somewhat","agree somewhat","neither agree
nor disagree","neither agree
nor disagree","agree somewhat","disagree somewhat","neither agree
nor disagree","strongly agree","neither agree
nor disagree","agree somewhat","agree somewhat","Female",41,"United States of America","Some college but no degree",4,6,2,100,66.6666666666667,40,66.6666666666667,60,66.6666666666667,60,100,66.6666666666667,100,66.6666666666667,60,100,100,60,100,50.1960784313725,56.8888888888889,43.5555555555556,75.2941176470588,25.2941176470588,80,20.625,50.2564102564103,70,30.7142857142857,75.3846153846154,25.3846153846154,50.5882352941176,57.3333333333333,44,50.7692307692308,2,4,3,3,4,2,3,5,3,4,4,2,4
"R_s6DMDB3lxaWtG6J","LL",25,1.3,37.48,"Prosocial",1275,1235,"HH","HL","LH","LL",2,2,2,2,10,10,2,5,"HL-LH","Random","","LH","LL","HL","HH","Welfare","",15,15,10,15,5,10,2,2,15,2,10,2,2,5,2,2,"Random","",128,128,126,100,110,61,96,65,98,98,80,61,81,50,43,43,40,36,33,33,"Welfare","","disagree somewhat","disagree somewhat","disagree somewhat","strongly disagree","agree somewhat","disagree somewhat","disagree somewhat","agree somewhat","strongly disagree","strongly agree","agree somewhat","Male",49,"United States of America","Bachelor's degree in college (4-year)",3,3,4,20,20,13.3333333333333,20,20,13.3333333333333,8,2.66666666666667,20,8,13.3333333333333,8,8,20,8,8,50.1960784313725,56,44.4444444444444,64.7058823529412,35.8823529411765,60,40.625,50.2564102564103,57.1428571428571,43.5714285714286,62.3076923076923,38.4615384615385,50.5882352941176,53.3333333333333,48,50.7692307692308,2,2,2,1,4,2,2,4,1,5,4,2,2
"R_22Qct4AQc7nPwep","LL",25,1.3,7.82,"Individualistic",1455,1075,"HH","LH","HL","LL",5,5,5,5,15,10,5,5,"HH-LL","Similarity","","LL","LH","HL","HH","Inequality","",75,75,75,35,12,35,12,75,35,12,35,12,25,25,25,12,"Welfare","",128,128,128,98,128,43,121,40,98,98,98,43,91,40,43,43,38,38,33,33,"Similarity","","agree somewhat","agree somewhat","disagree somewhat","neither agree
nor disagree","disagree somewhat","neither agree
nor disagree","agree somewhat","agree somewhat","disagree somewhat","agree somewhat","strongly disagree","Male",33,"United States of America","Bachelor's degree in college (4-year)",5,6,4,100,100,100,46.6666666666667,48,46.6666666666667,48,100,46.6666666666667,48,46.6666666666667,48,100,100,100,48,50.1960784313725,56.8888888888889,43.5555555555556,75.2941176470588,25.2941176470588,75.625,25,50.2564102564103,70,30.7142857142857,70,30.7692307692308,50.5882352941176,50.6666666666667,50.6666666666667,50.7692307692308,4,4,2,3,2,3,4,4,2,4,1,4,4
"R_1kSOlbrXjNLSr3B","LL",25,1.3,37.09,"Prosocial",1385,1215,"HH","LH","LL","HL",10,15,10,10,10,10,10,10,"HL-LH","Similarity","","LH","HH","LL","HL","Similarity","",30,30,30,30,15,30,15,25,30,15,30,15,15,10,15,15,"Similarity","",128,128,113,113,85.5,85.5,80.5,80.5,98,98,70.5,70.5,65.5,65.5,43,43,38,38,33,33,"Similarity","","neither agree
nor disagree","agree somewhat","neither agree
nor disagree","disagree somewhat","disagree somewhat","agree somewhat","agree somewhat","agree somewhat","neither agree
nor disagree","neither agree
nor disagree","neither agree
nor disagree","Male",28,"United States of America","Bachelor's degree in college (4-year)",5,4,5,40,40,40,40,60,40,60,33.3333333333333,40,60,40,60,60,40,60,60,50.1960784313725,50.2222222222222,50.2222222222222,50.2941176470588,50.2941176470588,50.3125,50.3125,50.2564102564103,50.3571428571429,50.3571428571429,50.3846153846154,50.3846153846154,50.5882352941176,50.6666666666667,50.6666666666667,50.7692307692308,3,4,3,2,2,4,4,4,3,3,3,3,4
"R_1rd1EUAcWvjAfkx","LL",25,1.3,19.78,"Individualistic",1416,1110,"HH","HL","LH","LL",25,25,25,25,15,15,15,10,"HL-LH","Inequality","","HH","HL","LH","LL","Similarity","",75,75,75,30,25,25,25,75,32,25,35,25,25,25,25,25,"Inequality","",128,128,113,113,90,81,86,75,98,98,80,61,71,60,43,43,38,38,33,33,"Inequality","","disagree somewhat","neither agree
nor disagree","agree somewhat","neither agree
nor disagree","agree somewhat","strongly agree","strongly agree","neither agree
nor disagree","strongly agree","agree somewhat","neither agree
nor disagree","Male",44,"United States of America","Associate degree in college (2-year)",4,3,3,100,100,100,40,100,33.3333333333333,100,100,42.6666666666667,100,46.6666666666667,100,100,100,100,100,50.1960784313725,50.2222222222222,50.2222222222222,52.9411764705882,47.6470588235294,53.75,46.875,50.2564102564103,57.1428571428571,43.5714285714286,54.6153846153846,46.1538461538462,50.5882352941176,50.6666666666667,50.6666666666667,50.7692307692308,2,3,4,3,4,5,5,3,5,4,3,2,3
"R_12yA1wBCwDMgY02","LL",25,1.3,7.82,"Individualistic",1455,1075,"HH","HL","LH","LL",10,10,10,10,30,20,10,10,"HL-LH","Welfare","","LL","HH","LH","HL","Random","",30,30,30,30,10,30,10,30,30,10,30,15,10,10,10,10,"Random","",128,128,128,98,128,43,33,128,98,98,43,98,98,33,43,43,43,33,33,33,"Welfare","","agree somewhat","agree somewhat","agree somewhat","agree somewhat","agree somewhat","agree somewhat","strongly agree","agree somewhat","neither agree
nor disagree","strongly agree","agree somewhat","Female",28,"United Kingdom of Great Britain and Northern Ireland","Bachelor's degree in college (4-year)",4,5,5,40,40,40,40,40,40,40,40,40,40,40,60,40,40,40,40,50.1960784313725,56.8888888888889,43.5555555555556,75.2941176470588,25.2941176470588,20.625,80,50.2564102564103,30.7142857142857,70,75.3846153846154,25.3846153846154,50.5882352941176,57.3333333333333,44,50.7692307692308,4,4,4,4,4,4,5,4,3,5,4,4,4
"R_1JWbjM6yVqccCPn","LL",25,1.3,31.5,"Prosocial",1404,1165,"HH","HL","LH","LL",20,20,15,10,20,20,10,15,"HH-LL","Similarity","","LL","HL","LH","HH","Similarity","",70,45,69,60,20,60,25,50,50,15,60,15,15,10,15,20,"Welfare","",131,125,98,128,85,86,81,80,80,116,100,41,100,31,43,43,35,41,33,33,"Welfare","","agree somewhat","neither agree
nor disagree","disagree somewhat","neither agree
nor disagree","agree somewhat","neither agree
nor disagree","neither agree
nor disagree","agree somewhat","neither agree
nor disagree","agree somewhat","neither agree
nor disagree","Male",56,"United States of America","Master's degree",6,4,5,93.3333333333333,60,92,80,80,80,100,66.6666666666667,66.6666666666667,60,80,60,60,40,60,80,51.3725490196078,43.5555555555556,56.8888888888889,50,50.5882352941176,50.625,50,41.025641025641,71.4285714285714,29.2857142857143,76.9230769230769,23.8461538461538,50.5882352941176,46.6666666666667,54.6666666666667,50.7692307692308,4,3,2,3,4,3,3,4,3,4,3,4,3
"R_2rPElB2bFrkPZkO","LL",25,1.3,28.61,"Prosocial",1410,1150,"HH","HL","LH","LL",0,20,5,5,0,20,5,5,"HL-LH","Inequality","","LL","LH","HH","HL","Inequality","",75,75,20,75,25,75,5,20,20,25,10,5,25,8,5,25,"Inequality","",128,128,90,136,85,86,80,81,98,98,70,71,65,66,43,43,46,30,33,33,"Inequality","","strongly agree","strongly agree","strongly agree","strongly disagree","strongly agree","strongly disagree","strongly disagree","strongly agree","neither agree
nor disagree","strongly agree","strongly agree","Male",25,"United States of America","Some college but no degree",4,4,4,100,100,26.6666666666667,100,100,100,20,26.6666666666667,26.6666666666667,100,13.3333333333333,20,100,32,20,100,50.1960784313725,40,60.4444444444444,50,50.5882352941176,50,50.625,50.2564102564103,50,50.7142857142857,50,50.7692307692308,50.5882352941176,61.3333333333333,40,50.7692307692308,5,5,5,1,5,1,1,5,3,5,5,5,5
"R_31nLTD51EzU9cs8","LL",25,1.3,-16.26,"Competitive",1440,970,"HH","LH","HL","LL",25,0,25,0,50,25,25,0,"HH-LL","Welfare","","HH","HL","LH","LL","Welfare","",75,75,25,75,25,75,0,25,25,25,25,0,25,25,0,25,"Welfare","",128,128,128,98,128,43,128,33,98,98,43,98,0,131,43,43,0,76,33,33,"Welfare","","strongly disagree","neither agree
nor disagree","strongly agree","agree somewhat","agree somewhat","disagree somewhat","strongly disagree","strongly agree","agree somewhat","strongly agree","agree somewhat","Male",18,"United States of America","Some college but no degree",4,6,5,100,100,33.3333333333333,100,100,100,0,33.3333333333333,33.3333333333333,100,33.3333333333333,0,100,100,0,100,50.1960784313725,56.8888888888889,43.5555555555556,75.2941176470588,25.2941176470588,80,20.625,50.2564102564103,30.7142857142857,70,0,100.769230769231,50.5882352941176,0,101.333333333333,50.7692307692308,1,3,5,4,4,2,1,5,4,5,4,1,3
"R_OP4odoH24WWdtW9","LL",25,1.3,7.82,"Individualistic",1455,1075,"HH","HL","LH","LL",20,10,10,15,25,10,10,10,"HL-LH","Welfare","","LH","LL","HH","HL","Welfare","",50,50,55,50,15,50,10,35,40,15,25,10,15,15,10,10,"Welfare","",128,128,113,113,85.5,85.5,80.5,80.5,98,98,70.5,70.5,65.5,65.5,43,43,38,38,33,33,"Similarity","","disagree somewhat","agree somewhat","agree somewhat","disagree somewhat","disagree somewhat","agree somewhat","agree somewhat","agree somewhat","strongly disagree","agree somewhat","agree somewhat","Male",30,"United States of America","High school graduate (high school diploma or equivalent including GED)",4,5,4,66.6666666666667,66.6666666666667,73.3333333333333,66.6666666666667,60,66.6666666666667,40,46.6666666666667,53.3333333333333,60,33.3333333333333,40,60,60,40,40,50.1960784313725,50.2222222222222,50.2222222222222,50.2941176470588,50.2941176470588,50.3125,50.3125,50.2564102564103,50.3571428571429,50.3571428571429,50.3846153846154,50.3846153846154,50.5882352941176,50.6666666666667,50.6666666666667,50.7692307692308,2,4,4,2,2,4,4,4,1,4,4,2,4
"R_2RXsJNumpys1bRy","LL",25,1.3,34.88,"Prosocial",1285,1222,"HH","HL","LH","LL",20,20,20,15,30,30,10,10,"HH-LL","Similarity","","LL","LH","HL","HH","Inequality","",50,40,50,70,20,70,20,70,50,20,50,20,20,20,20,20,"Welfare","",128,128,123,103,63,108,101,60,98,98,85,56,81,50,43,43,38,38,33,33,"Inequality","","disagree somewhat","agree somewhat","agree somewhat","disagree somewhat","agree somewhat","agree somewhat","strongly agree","strongly agree","disagree somewhat","strongly agree","strongly agree","Male",36,"United States of America","Bachelor's degree in college (4-year)",2,2,6,66.6666666666667,53.3333333333333,66.6666666666667,93.3333333333333,80,93.3333333333333,80,93.3333333333333,66.6666666666667,80,66.6666666666667,80,80,80,80,80,50.1960784313725,54.6666666666667,45.7777777777778,37.0588235294118,63.5294117647059,63.125,37.5,50.2564102564103,60.7142857142857,40,62.3076923076923,38.4615384615385,50.5882352941176,50.6666666666667,50.6666666666667,50.7692307692308,2,4,4,2,4,4,5,5,2,5,5,2,4
"R_9ZRzC96wWsVf7KF","LL",25,1.3,37.48,"Prosocial",1287,1232,"HH","HL","LH","LL",25,25,25,25,10,10,10,10,"HH-LL","Welfare","","LL","LH","HL","HH","Welfare","",75,75,75,75,25,75,25,75,75,25,75,25,25,25,25,25,"Welfare","",128,128,113,113,85.5,85.5,80.5,80.5,98,98,70.5,70.5,65.5,65.5,43,43,38,38,33,33,"Similarity","","agree somewhat","disagree somewhat","disagree somewhat","disagree somewhat","strongly disagree","agree somewhat","agree somewhat","disagree somewhat","disagree somewhat","disagree somewhat","neither agree
nor disagree","Male",43,"United States of America","Master's degree",4,4,4,100,100,100,100,100,100,100,100,100,100,100,100,100,100,100,100,50.1960784313725,50.2222222222222,50.2222222222222,50.2941176470588,50.2941176470588,50.3125,50.3125,50.2564102564103,50.3571428571429,50.3571428571429,50.3846153846154,50.3846153846154,50.5882352941176,50.6666666666667,50.6666666666667,50.7692307692308,4,2,2,2,1,4,4,2,2,2,3,4,2
"R_3lVua6IE8qWMxwI","LL",25,1.3,7.82,"Individualistic",1455,1075,"HH","HL","LH","LL",0,0,0,0,0,0,0,0,"HL-LH","Inequality","","LL","LH","HL","HH","Inequality","",75,75,75,75,25,75,25,75,25,25,75,25,25,25,25,25,"Welfare","",128,128,113,113,86,85,81,80,98,98,71,70,66,65,43,43,38,38,33,33,"Similarity","","strongly disagree","agree somewhat","disagree somewhat","strongly disagree","agree somewhat","strongly disagree","disagree somewhat","strongly agree","neither agree
nor disagree","strongly agree","strongly agree","Male",45,"United States of America","Some college but no degree",1,2,2,100,100,100,100,100,100,100,100,33.3333333333333,100,100,100,100,100,100,100,50.1960784313725,50.2222222222222,50.2222222222222,50.5882352941176,50,50.625,50,50.2564102564103,50.7142857142857,50,50.7692307692308,50,50.5882352941176,50.6666666666667,50.6666666666667,50.7692307692308,1,4,2,1,4,1,2,5,3,5,5,1,4
"R_2YR5jzzJYZj5buG","LL",25,1.3,18.73,"Individualistic",1413,1124,"HH","HL","LH","LL",10,10,10,5,10,15,10,5,"HH-LL","Welfare","","HH","HL","LH","LL","Similarity","",20,15,10,20,10,20,5,15,15,10,10,5,10,10,10,10,"Welfare","",128,128,113,113,70,101,71,90,98,98,61,80,66,65,43,43,38,38,33,33,"Similarity","","agree somewhat","neither agree
nor disagree","agree somewhat","disagree somewhat","strongly agree","strongly agree","agree somewhat","strongly agree","disagree somewhat","agree somewhat","agree somewhat","Male",30,"United States of America","Some college but no degree",4,4,4,26.6666666666667,20,13.3333333333333,26.6666666666667,40,26.6666666666667,20,20,20,40,13.3333333333333,20,40,40,40,40,50.1960784313725,50.2222222222222,50.2222222222222,41.1764705882353,59.4117647058824,44.375,56.25,50.2564102564103,43.5714285714286,57.1428571428571,50.7692307692308,50,50.5882352941176,50.6666666666667,50.6666666666667,50.7692307692308,4,3,4,2,5,5,4,5,2,4,4,4,3
"R_1gBg4kriJdsJRLP","LL",25,1.3,37.09,"Prosocial",1385,1215,"HH","LL","HL","LH",10,10,15,10,35,35,10,10,"HL-LH","Similarity","","LL","LH","HL","HH","Similarity","",35,35,40,35,10,35,15,40,35,10,40,15,15,10,15,15,"Similarity","",128,128,113,113,85.5,85.5,80.5,80.5,98,98,70.5,70.5,65.5,65.5,43,43,38,38,33,33,"Similarity","","neither agree
nor disagree","agree somewhat","neither agree
nor disagree","disagree somewhat","neither agree
nor disagree","agree somewhat","agree somewhat","agree somewhat","neither agree
nor disagree","neither agree
nor disagree","neither agree
nor disagree","Male",35,"United States of America","Master's degree",4,4,4,46.6666666666667,46.6666666666667,53.3333333333333,46.6666666666667,40,46.6666666666667,60,53.3333333333333,46.6666666666667,40,53.3333333333333,60,60,40,60,60,50.1960784313725,50.2222222222222,50.2222222222222,50.2941176470588,50.2941176470588,50.3125,50.3125,50.2564102564103,50.3571428571429,50.3571428571429,50.3846153846154,50.3846153846154,50.5882352941176,50.6666666666667,50.6666666666667,50.7692307692308,3,4,3,2,3,4,4,4,3,3,3,3,4
"R_3Gv2HyYaWcdXxOj","LL",25,1.3,7.82,"Individualistic",1455,1075,"HH","HL","LH","LL",0,0,0,0,0,0,0,0,"HH-LL","Similarity","","LL","HL","LH","HH","Welfare","",50,50,50,50,0,0,0,50,0,0,50,0,0,0,0,0,"Welfare","",128,128,113,113,21,150,0,161,98,98,0,141,0,131,43,43,38,38,33,33,"Welfare","","strongly disagree","strongly agree","strongly disagree","strongly disagree","strongly agree","strongly disagree","strongly disagree","strongly agree","strongly agree","strongly agree","strongly agree","Male",36,"United States of America","Some college but no degree",3,4,3,66.6666666666667,66.6666666666667,66.6666666666667,66.6666666666667,0,0,0,66.6666666666667,0,0,66.6666666666667,0,0,0,0,0,50.1960784313725,50.2222222222222,50.2222222222222,12.3529411764706,88.2352941176471,0,100.625,50.2564102564103,0,100.714285714286,0,100.769230769231,50.5882352941176,50.6666666666667,50.6666666666667,50.7692307692308,1,5,1,1,5,1,1,5,5,5,5,1,5
"R_2v0NCYNYB0wL5Sd","LL",25,1.3,33.18,"Prosocial",1278,1202,"HL","HH","LH","LL",10,10,10,15,25,25,10,10,"HL-LH","Inequality","","LL","LH","HH","HL","Welfare","",60,60,50,50,15,50,10,30,50,20,50,15,20,15,15,10,"Welfare","",128,128,113,113,85.5,85.5,80.5,80.5,98,98,70.5,70.5,65.5,65.5,43,43,38,38,33,33,"Other","i just split it in half","disagree somewhat","agree somewhat","neither agree
nor disagree","agree somewhat","agree somewhat","disagree somewhat","agree somewhat","agree somewhat","agree somewhat","strongly agree","strongly agree","Male",35,"United States of America","High school graduate (high school diploma or equivalent including GED)",2,2,6,80,80,66.6666666666667,66.6666666666667,60,66.6666666666667,40,40,66.6666666666667,80,66.6666666666667,60,80,60,60,40,50.1960784313725,50.2222222222222,50.2222222222222,50.2941176470588,50.2941176470588,50.3125,50.3125,50.2564102564103,50.3571428571429,50.3571428571429,50.3846153846154,50.3846153846154,50.5882352941176,50.6666666666667,50.6666666666667,50.7692307692308,2,4,3,4,4,2,4,4,4,5,5,2,4
"R_SGENkKD7HcjdsY1","LL",25,1.3,7.82,"Individualistic",1455,1075,"HH","HL","LH","LL",10,10,10,10,10,10,10,10,"HH-LL","Welfare","","LL","LH","HL","HH","Welfare","",75,75,75,75,25,75,25,75,75,25,75,25,25,25,25,25,"Welfare","",128,128,126,100,125,46,110,51,98,98,100,41,100,31,43,43,45,31,33,33,"Welfare","","disagree somewhat","agree somewhat","disagree somewhat","disagree somewhat","agree somewhat","strongly agree","neither agree
nor disagree","strongly agree","agree somewhat","strongly agree","strongly agree","Male",37,"United States of America","Bachelor's degree in college (4-year)",1,1,2,100,100,100,100,100,100,100,100,100,100,100,100,100,100,100,100,50.1960784313725,56,44.4444444444444,73.5294117647059,27.0588235294118,68.75,31.875,50.2564102564103,71.4285714285714,29.2857142857143,76.9230769230769,23.8461538461538,50.5882352941176,60,41.3333333333333,50.7692307692308,2,4,2,2,4,5,3,5,4,5,5,2,4
"R_54M96vpWvwz2vxD","LL",25,1.3,37.09,"Prosocial",1375,1215,"HH","HL","LH","LL",10,10,5,5,10,10,5,5,"HH-LL","Welfare","","LL","HL","LH","HH","Welfare","",20,20,20,10,10,20,20,10,10,10,10,10,10,10,10,10,"Welfare","",128,128,113,113,86,85,81,80,98,98,71,70,66,65,43,43,38,38,33,33,"Welfare","","disagree somewhat","neither agree
nor disagree","neither agree
nor disagree","agree somewhat","disagree somewhat","agree somewhat","strongly agree","agree somewhat","strongly disagree","agree somewhat","strongly agree","Male",27,"United States of America","Bachelor's degree in college (4-year)",5,4,5,26.6666666666667,26.6666666666667,26.6666666666667,13.3333333333333,40,26.6666666666667,80,13.3333333333333,13.3333333333333,40,13.3333333333333,40,40,40,40,40,50.1960784313725,50.2222222222222,50.2222222222222,50.5882352941176,50,50.625,50,50.2564102564103,50.7142857142857,50,50.7692307692308,50,50.5882352941176,50.6666666666667,50.6666666666667,50.7692307692308,2,3,3,4,2,4,5,4,1,4,5,2,3
"R_3rUsir0k4qtacTz","LL",25,1.3,23.84,"Prosocial",1331,1201,"HH","HL","LH","LL",0,0,0,0,50,30,5,1,"HH-LL","Welfare","","LL","LH","HL","HH","Inequality","",75,75,75,75,5,75,5,75,75,5,75,5,5,5,5,5,"Inequality","",128,128,113,113,88,83,81,80,98,98,80,61,80,51,43,43,38,38,33,33,"Inequality","","disagree somewhat","disagree somewhat","strongly disagree","strongly disagree","agree somewhat","disagree somewhat","disagree somewhat","strongly agree","disagree somewhat","strongly agree","strongly agree","Male",46,"United States of America","Some college but no degree",3,3,5,100,100,100,100,20,100,20,100,100,20,100,20,20,20,20,20,50.1960784313725,50.2222222222222,50.2222222222222,51.764705882353,48.8235294117647,50.625,50,50.2564102564103,57.1428571428571,43.5714285714286,61.5384615384615,39.2307692307692,50.5882352941176,50.6666666666667,50.6666666666667,50.7692307692308,2,2,1,1,4,2,2,5,2,5,5,2,2
"R_9vQ5xjeByKSJtbH","LL",25,1.3,34.88,"Prosocial",1288,1225,"HH","HL","LH","LL",13,13,12,13,30,25,12,13,"HH-LL","Similarity","","LL","LH","HH","HL","Inequality","",35,33,32,30,12,30,10,35,30,12,30,10,25,22,21,25,"Inequality","",128,128,113,113,86,85,81,80,98,98,71,70,66,65,43,43,39,37,33,33,"Inequality","","strongly disagree","strongly agree","strongly disagree","agree somewhat","strongly agree","strongly disagree","strongly disagree","strongly agree","agree somewhat","strongly agree","strongly agree","Male",48,"United States of America","Some college but no degree",1,1,7,46.6666666666667,44,42.6666666666667,40,48,40,40,46.6666666666667,40,48,40,40,100,88,84,100,50.1960784313725,50.2222222222222,50.2222222222222,50.5882352941176,50,50.625,50,50.2564102564103,50.7142857142857,50,50.7692307692308,50,50.5882352941176,52,49.3333333333333,50.7692307692308,1,5,1,4,5,1,1,5,4,5,5,1,5
"R_3EQ3AEgNtBFaMtX","LL",25,1.3,37.48,"Prosocial",1393,1188,"HH","HL","LH","LL",15,10,15,10,50,20,10,10,"HL-LH","Inequality","","LL","LH","HL","HH","Inequality","",60,60,50,50,15,60,10,50,50,15,50,15,15,15,10,10,"Welfare","",128,128,100,126,45,126,120,41,98,98,95,46,36,95,43,43,36,40,33,33,"Inequality","","disagree somewhat","strongly disagree","disagree somewhat","disagree somewhat","neither agree
nor disagree","disagree somewhat","agree somewhat","neither agree
nor disagree","disagree somewhat","disagree somewhat","neither agree
nor disagree","Male",43,"United States of America","Doctoral degree",6,6,2,80,80,66.6666666666667,66.6666666666667,60,80,40,66.6666666666667,66.6666666666667,60,66.6666666666667,60,60,60,40,40,50.1960784313725,44.4444444444444,56,26.4705882352941,74.1176470588235,75,25.625,50.2564102564103,67.8571428571429,32.8571428571429,27.6923076923077,73.0769230769231,50.5882352941176,48,53.3333333333333,50.7692307692308,2,1,2,2,3,2,4,3,2,2,3,2,1
"R_2f2GpDRMyRmgXP8","LL",25,1.3,7.82,"Individualistic",1455,1075,"LL","HH","LH","HL",5,5,5,5,10,25,5,5,"HL-LH","Inequality","","HH","HL","LH","LL","Inequality","",25,25,25,25,5,25,5,25,25,5,25,5,5,5,5,5,"Other","Inequality, but I also wanted to note I noticed just as I was clicking next that the final selection was an attention check and I'm really hoping I won't get rejected purely on missing that one because I was trying to answer with inequality in mind.",128,128,113,113,85,86,80,81,98,98,70,71,65,66,43,43,38,38,33,33,"Similarity","","strongly disagree","strongly agree","agree somewhat","neither agree
nor disagree","agree somewhat","disagree somewhat","neither agree
nor disagree","agree somewhat","neither agree
nor disagree","strongly agree","strongly agree","Female",36,"United States of America","Associate degree in college (2-year)",1,1,2,33.3333333333333,33.3333333333333,33.3333333333333,33.3333333333333,20,33.3333333333333,20,33.3333333333333,33.3333333333333,20,33.3333333333333,20,20,20,20,20,50.1960784313725,50.2222222222222,50.2222222222222,50,50.5882352941176,50,50.625,50.2564102564103,50,50.7142857142857,50,50.7692307692308,50.5882352941176,50.6666666666667,50.6666666666667,50.7692307692308,1,5,4,3,4,2,3,4,3,5,5,1,5
"R_wMqTGhVfEqLiB5n","LL",25,1.3,5.82,"Individualistic",1455,1066,"HH","LH","HL","LL",5,5,5,5,10,10,5,5,"HL-LH","Inequality","","LL","HL","LH","HH","Welfare","",10,10,10,10,5,10,5,10,10,5,10,5,10,10,10,5,"Welfare","",128,128,128,98,128,43,128,33,98,98,98,43,98,33,43,43,43,33,33,33,"Inequality","","disagree somewhat","neither agree
nor disagree","neither agree
nor disagree","neither agree
nor disagree","agree somewhat","agree somewhat","agree somewhat","neither agree
nor disagree","disagree somewhat","agree somewhat","strongly agree","Male",32,"United States of America","Bachelor's degree in college (4-year)",3,3,3,13.3333333333333,13.3333333333333,13.3333333333333,13.3333333333333,20,13.3333333333333,20,13.3333333333333,13.3333333333333,20,13.3333333333333,20,40,40,40,20,50.1960784313725,56.8888888888889,43.5555555555556,75.2941176470588,25.2941176470588,80,20.625,50.2564102564103,70,30.7142857142857,75.3846153846154,25.3846153846154,50.5882352941176,57.3333333333333,44,50.7692307692308,2,3,3,3,4,4,4,3,2,4,5,2,3
"R_bpX0v5sjbQIvwLn","LL",25,1.3,-7.82,"Individualistic",1448,1028,"LL","LH","HL","HH",0,0,0,0,25,25,0,0,"HL-LH","Random","","LL","LH","HL","HH","Welfare","",75,75,75,75,25,75,25,75,75,25,75,25,25,25,25,25,"Welfare","",128,128,113,113,86,85,81,80,98,98,71,70,66,65,43,43,38,38,33,33,"Similarity","","strongly disagree","agree somewhat","agree somewhat","disagree somewhat","agree somewhat","agree somewhat","agree somewhat","strongly agree","neither agree
nor disagree","agree somewhat","strongly agree","Female",46,"United States of America","Some college but no degree",4,5,4,100,100,100,100,100,100,100,100,100,100,100,100,100,100,100,100,50.1960784313725,50.2222222222222,50.2222222222222,50.5882352941176,50,50.625,50,50.2564102564103,50.7142857142857,50,50.7692307692308,50,50.5882352941176,50.6666666666667,50.6666666666667,50.7692307692308,1,4,4,2,4,4,4,5,3,4,5,1,4
"R_2Xh4jsfVh9DKzpm","LL",25,1.3,26.87,"Prosocial",1368,1168,"LH","LL","HL","HH",10,10,10,10,10,10,10,10,"HH-LL","Similarity","","LL","LH","HL","HH","Welfare","",20,20,10,20,10,20,10,20,20,10,20,10,10,10,10,10,"Similarity","",128,128,113,113,85.5,85.5,80.5,80.5,98,98,70.5,70.5,65.5,65.5,43,43,38,38,33,33,"Welfare","","agree somewhat","agree somewhat","strongly agree","neither agree
nor disagree","neither agree
nor disagree","neither agree
nor disagree","neither agree
nor disagree","strongly agree","disagree somewhat","agree somewhat","strongly agree","Male",32,"United States of America","Bachelor's degree in college (4-year)",7,7,2,26.6666666666667,26.6666666666667,13.3333333333333,26.6666666666667,40,26.6666666666667,40,26.6666666666667,26.6666666666667,40,26.6666666666667,40,40,40,40,40,50.1960784313725,50.2222222222222,50.2222222222222,50.2941176470588,50.2941176470588,50.3125,50.3125,50.2564102564103,50.3571428571429,50.3571428571429,50.3846153846154,50.3846153846154,50.5882352941176,50.6666666666667,50.6666666666667,50.7692307692308,4,4,5,3,3,3,3,5,2,4,5,4,4
"R_2QVDCWAkHHTQJvb","LL",25,1.3,7.82,"Individualistic",1455,1075,"HH","HL","LH","LL",5,5,0,0,25,25,10,10,"HL-LH","Inequality","","HH","HL","LH","LL","Similarity","",75,75,75,75,25,75,25,75,75,25,75,25,25,25,25,25,"Welfare","",128,128,113,113,86,85,81,80,98,98,71,70,66,65,43,43,38,38,33,33,"Similarity","","agree somewhat","disagree somewhat","agree somewhat","strongly agree","strongly disagree","strongly agree","strongly agree","agree somewhat","strongly disagree","disagree somewhat","strongly disagree","Male",48,"United States of America","Bachelor's degree in college (4-year)",6,6,7,100,100,100,100,100,100,100,100,100,100,100,100,100,100,100,100,50.1960784313725,50.2222222222222,50.2222222222222,50.5882352941176,50,50.625,50,50.2564102564103,50.7142857142857,50,50.7692307692308,50,50.5882352941176,50.6666666666667,50.6666666666667,50.7692307692308,4,2,4,5,1,5,5,4,1,2,1,4,2
"R_1NFacRcJeOpRlxc","LL",25,1.3,45,"Prosocial",1277,1277,"HH","HL","LH","LL",25,25,25,25,25,25,10,10,"HL-LH","Inequality","","LL","LH","HL","HH","Inequality","",75,75,75,75,25,75,25,75,75,25,75,25,25,25,25,25,"Inequality","",128,128,113,113,85.5,85.5,80.5,80.5,98,98,70.5,70.5,65.5,65.5,43,43,38,38,33,33,"Inequality","","strongly disagree","strongly agree","agree somewhat","strongly disagree","strongly agree","strongly disagree","strongly disagree","strongly agree","agree somewhat","strongly agree","agree somewhat","Female",29,"United States of America","Some college but no degree",1,1,5,100,100,100,100,100,100,100,100,100,100,100,100,100,100,100,100,50.1960784313725,50.2222222222222,50.2222222222222,50.2941176470588,50.2941176470588,50.3125,50.3125,50.2564102564103,50.3571428571429,50.3571428571429,50.3846153846154,50.3846153846154,50.5882352941176,50.6666666666667,50.6666666666667,50.7692307692308,1,5,4,1,5,1,1,5,4,5,4,1,5
"R_27TmFya3wQYGkF5","TP",0,0,7.82,"Individualistic",1455,1075,NA,NA,NA,NA,NA,NA,NA,NA,NA,NA,NA,NA,"HL-LH","Inequality","","LL","LH","HL","HH","Inequality","",50,50,50,50,15,50,15,50,50,15,50,15,15,15,15,15,"Inequality","",128,128,113,113,85,86,80,81,98,98,70,71,65,66,43,43,38,38,33,33,"Inequality","","strongly disagree","neither agree
nor disagree","strongly disagree","disagree somewhat","agree somewhat","strongly disagree","neither agree
nor disagree","agree somewhat","neither agree
nor disagree","strongly agree","strongly agree","Male",39,"United Kingdom of Great Britain and Northern Ireland","Bachelor's degree in college (4-year)",2,2,2,66.6666666666667,66.6666666666667,66.6666666666667,66.6666666666667,60,66.6666666666667,60,66.6666666666667,66.6666666666667,60,66.6666666666667,60,60,60,60,60,50.1960784313725,50.2222222222222,50.2222222222222,50,50.5882352941176,50,50.625,50.2564102564103,50,50.7142857142857,50,50.7692307692308,50.5882352941176,50.6666666666667,50.6666666666667,50.7692307692308,1,3,1,2,4,1,3,4,3,5,5,1,3
"R_1dHuoOA8KUJGLx1","TP",0,0,-13.47,"Competitive",1438,983,NA,NA,NA,NA,NA,NA,NA,NA,NA,NA,NA,NA,"HL-LH","Inequality","","HH","HL","LH","LL","Similarity","",30,40,25,35,12,25,10,25,20,12,25,10,12,12,10,12,"Welfare","",128,128,128,98,128,43,128,33,98,98,98,43,98,33,43,43,43,33,33,33,"Similarity","","disagree somewhat","agree somewhat","agree somewhat","neither agree
nor disagree","disagree somewhat","neither agree
nor disagree","agree somewhat","strongly agree","strongly disagree","agree somewhat","agree somewhat","Female",49,"United Kingdom of Great Britain and Northern Ireland","Master's degree",3,3,3,40,53.3333333333333,33.3333333333333,46.6666666666667,48,33.3333333333333,40,33.3333333333333,26.6666666666667,48,33.3333333333333,40,48,48,40,48,50.1960784313725,56.8888888888889,43.5555555555556,75.2941176470588,25.2941176470588,80,20.625,50.2564102564103,70,30.7142857142857,75.3846153846154,25.3846153846154,50.5882352941176,57.3333333333333,44,50.7692307692308,2,4,4,3,2,3,4,5,1,4,4,2,4
"R_TcoZ0LSGOVgRZjX","TP",0,0,45,"Prosocial",1290,1280,NA,NA,NA,NA,NA,NA,NA,NA,NA,NA,NA,NA,"HL-LH","Inequality","","LL","LH","HL","HH","Inequality","",50,60,50,65,15,60,10,50,50,20,35,10,15,15,10,15,"Inequality","",127,129,113,113,85,86,80,81,98,98,70,71,65,66,43,43,38,38,33,33,"Similarity","","strongly disagree","neither agree
nor disagree","strongly disagree","disagree somewhat","agree somewhat","strongly disagree","agree somewhat","strongly agree","strongly disagree","strongly agree","strongly agree","Female",37,"United Kingdom of Great Britain and Northern Ireland","Bachelor's degree in college (4-year)",2,3,4,66.6666666666667,80,66.6666666666667,86.6666666666667,60,80,40,66.6666666666667,66.6666666666667,80,46.6666666666667,40,60,60,40,60,49.8039215686275,50.2222222222222,50.2222222222222,50,50.5882352941176,50,50.625,50.2564102564103,50,50.7142857142857,50,50.7692307692308,50.5882352941176,50.6666666666667,50.6666666666667,50.7692307692308,1,3,1,2,4,1,4,5,1,5,5,1,3
"R_11hZCphgPRmd7TB","TP",0,0,7.82,"Individualistic",1455,1075,NA,NA,NA,NA,NA,NA,NA,NA,NA,NA,NA,NA,"HH-LL","Welfare","","LL","LH","HL","HH","Welfare","",50,50,50,50,15,50,10,50,50,15,50,0,10,10,10,10,"Welfare","",128,128,113,113,86,85,80,81,98,98,71,70,65,66,43,43,38,38,33,33,"Similarity","","disagree somewhat","agree somewhat","strongly agree","strongly disagree","strongly agree","strongly disagree","agree somewhat","strongly agree","disagree somewhat","agree somewhat","strongly agree","Male",44,"United Kingdom of Great Britain and Northern Ireland","Associate degree in college (2-year)",4,4,4,66.6666666666667,66.6666666666667,66.6666666666667,66.6666666666667,60,66.6666666666667,40,66.6666666666667,66.6666666666667,60,66.6666666666667,0,40,40,40,40,50.1960784313725,50.2222222222222,50.2222222222222,50.5882352941176,50,50,50.625,50.2564102564103,50.7142857142857,50,50,50.7692307692308,50.5882352941176,50.6666666666667,50.6666666666667,50.7692307692308,2,4,5,1,5,1,4,5,2,4,5,2,4
"R_1dBnmYzSsx8TECm","TP",0,0,-7.82,"Individualistic",1455,1005,NA,NA,NA,NA,NA,NA,NA,NA,NA,NA,NA,NA,"HH-LL","Welfare","","LL","LH","HL","HH","Welfare","",25,25,20,25,10,25,5,20,20,10,25,5,10,15,5,5,"Similarity","",128,128,113,113,86,85,81,80,98,98,71,70,66,65,43,43,38,38,33,33,"Similarity","","disagree somewhat","neither agree
nor disagree","neither agree
nor disagree","disagree somewhat","strongly agree","disagree somewhat","agree somewhat","strongly agree","agree somewhat","strongly agree","strongly agree","Female",37,"United Kingdom of Great Britain and Northern Ireland","Some college but no degree",3,1,3,33.3333333333333,33.3333333333333,26.6666666666667,33.3333333333333,40,33.3333333333333,20,26.6666666666667,26.6666666666667,40,33.3333333333333,20,40,60,20,20,50.1960784313725,50.2222222222222,50.2222222222222,50.5882352941176,50,50.625,50,50.2564102564103,50.7142857142857,50,50.7692307692308,50,50.5882352941176,50.6666666666667,50.6666666666667,50.7692307692308,2,3,3,2,5,2,4,5,4,5,5,2,3
"R_3NQYwdGYQfFUf3E","TP",0,0,7.82,"Individualistic",1455,1075,NA,NA,NA,NA,NA,NA,NA,NA,NA,NA,NA,NA,"HL-LH","Inequality","","HH","HL","LH","LL","Similarity","",40,40,40,40,10,40,10,40,40,10,40,10,10,10,10,10,"Welfare","",128,128,113,113,90,81,81,80,98,98,70,71,66,65,43,43,38,38,33,33,"Similarity","","disagree somewhat","agree somewhat","disagree somewhat","neither agree
nor disagree","agree somewhat","disagree somewhat","agree somewhat","strongly agree","disagree somewhat","agree somewhat","agree somewhat","Male",21,"United Kingdom of Great Britain and Northern Ireland","Bachelor's degree in college (4-year)",4,3,3,53.3333333333333,53.3333333333333,53.3333333333333,53.3333333333333,40,53.3333333333333,40,53.3333333333333,53.3333333333333,40,53.3333333333333,40,40,40,40,40,50.1960784313725,50.2222222222222,50.2222222222222,52.9411764705882,47.6470588235294,50.625,50,50.2564102564103,50,50.7142857142857,50.7692307692308,50,50.5882352941176,50.6666666666667,50.6666666666667,50.7692307692308,2,4,2,3,4,2,4,5,2,4,4,2,4
"R_1dK70mBkfvwhQqe","TP",0,0,34.88,"Prosocial",1307,1212,NA,NA,NA,NA,NA,NA,NA,NA,NA,NA,NA,NA,"HL-LH","Inequality","","LL","LH","HL","HH","Inequality","",60,60,50,50,15,60,15,50,50,15,50,15,20,15,15,15,"Inequality","",128,128,113,113,86,85,80,81,98,98,70,71,65,66,43,43,38,38,33,33,"Inequality","","disagree somewhat","strongly agree","agree somewhat","neither agree
nor disagree","strongly agree","neither agree
nor disagree","agree somewhat","strongly agree","strongly agree","strongly agree","strongly agree","Female",42,"United Kingdom of Great Britain and Northern Ireland","Associate degree in college (2-year)",4,3,4,80,80,66.6666666666667,66.6666666666667,60,80,60,66.6666666666667,66.6666666666667,60,66.6666666666667,60,80,60,60,60,50.1960784313725,50.2222222222222,50.2222222222222,50.5882352941176,50,50,50.625,50.2564102564103,50,50.7142857142857,50,50.7692307692308,50.5882352941176,50.6666666666667,50.6666666666667,50.7692307692308,2,5,4,3,5,3,4,5,5,5,5,2,5
"R_1OSGVqBulySaH0w","TP",0,0,37.48,"Prosocial",1284,1231,NA,NA,NA,NA,NA,NA,NA,NA,NA,NA,NA,NA,"HL-LH","Inequality","","LL","LH","HL","HH","Inequality","",30,30,25,30,10,30,8,25,25,10,25,8,10,10,8,8,"Inequality","",128,128,113,113,90,81,85,76,98,98,75,66,70,61,43,43,38,38,33,33,"Inequality","","strongly disagree","strongly agree","strongly disagree","disagree somewhat","agree somewhat","strongly disagree","agree somewhat","strongly agree","neither agree
nor disagree","strongly agree","strongly agree","Female",50,"United Kingdom of Great Britain and Northern Ireland","Bachelor's degree in college (4-year)",2,2,2,40,40,33.3333333333333,40,40,40,32,33.3333333333333,33.3333333333333,40,33.3333333333333,32,40,40,32,32,50.1960784313725,50.2222222222222,50.2222222222222,52.9411764705882,47.6470588235294,53.125,47.5,50.2564102564103,53.5714285714286,47.1428571428571,53.8461538461538,46.9230769230769,50.5882352941176,50.6666666666667,50.6666666666667,50.7692307692308,1,5,1,2,4,1,4,5,3,5,5,1,5
"R_z8zh0so743LmLPb","TP",0,0,7.82,"Individualistic",1455,1075,NA,NA,NA,NA,NA,NA,NA,NA,NA,NA,NA,NA,"HH-LL","Welfare","","LL","LH","HL","HH","Welfare","",60,50,40,60,10,50,10,40,40,10,40,10,10,10,5,10,"Welfare","",128,128,113,113,86,85,81,80,98,98,71,70,66,65,43,43,38,38,33,33,"Similarity","","disagree somewhat","agree somewhat","disagree somewhat","disagree somewhat","agree somewhat","disagree somewhat","disagree somewhat","strongly agree","disagree somewhat","agree somewhat","agree somewhat","Male",33,"United Kingdom of Great Britain and Northern Ireland","Bachelor's degree in college (4-year)",3,3,3,80,66.6666666666667,53.3333333333333,80,40,66.6666666666667,40,53.3333333333333,53.3333333333333,40,53.3333333333333,40,40,40,20,40,50.1960784313725,50.2222222222222,50.2222222222222,50.5882352941176,50,50.625,50,50.2564102564103,50.7142857142857,50,50.7692307692308,50,50.5882352941176,50.6666666666667,50.6666666666667,50.7692307692308,2,4,2,2,4,2,2,5,2,4,4,2,4
"R_3rPugs9DFdyF6Yb","TP",0,0,45,"Prosocial",1285,1285,NA,NA,NA,NA,NA,NA,NA,NA,NA,NA,NA,NA,"HH-LL","Welfare","","LL","LH","HL","HH","Other","I went for opposites. I hope this might have joint highest benefit though I'm not sure. ",75,75,75,75,25,75,25,75,75,25,75,25,25,25,25,25,"Welfare","",128,128,113,113,85,86,80,81,98,98,71,70,66,65,43,43,38,38,33,33,"Similarity","","disagree somewhat","agree somewhat","strongly disagree","disagree somewhat","neither agree
nor disagree","neither agree
nor disagree","strongly disagree","strongly agree","neither agree
nor disagree","agree somewhat","agree somewhat","Female",39,"United Kingdom of Great Britain and Northern Ireland","Master's degree",3,4,3,100,100,100,100,100,100,100,100,100,100,100,100,100,100,100,100,50.1960784313725,50.2222222222222,50.2222222222222,50,50.5882352941176,50,50.625,50.2564102564103,50.7142857142857,50,50.7692307692308,50,50.5882352941176,50.6666666666667,50.6666666666667,50.7692307692308,2,4,1,2,3,3,1,5,3,4,4,2,4
"R_22EXTyR6eFsk44r","TP",0,0,7.82,"Individualistic",1455,1075,NA,NA,NA,NA,NA,NA,NA,NA,NA,NA,NA,NA,"HL-LH","Inequality","","LL","LH","HL","HH","Inequality","",50,50,40,50,15,40,15,40,40,15,40,10,15,15,10,10,"Inequality","",128,128,113,113,86,85,81,80,98,98,70,71,66,65,43,43,38,38,33,33,"Inequality","","strongly disagree","strongly disagree","strongly disagree","strongly disagree","disagree somewhat","strongly disagree","strongly disagree","strongly agree","strongly disagree","strongly agree","strongly agree","Male",39,"United Kingdom of Great Britain and Northern Ireland","Master's degree",3,2,2,66.6666666666667,66.6666666666667,53.3333333333333,66.6666666666667,60,53.3333333333333,60,53.3333333333333,53.3333333333333,60,53.3333333333333,40,60,60,40,40,50.1960784313725,50.2222222222222,50.2222222222222,50.5882352941176,50,50.625,50,50.2564102564103,50,50.7142857142857,50.7692307692308,50,50.5882352941176,50.6666666666667,50.6666666666667,50.7692307692308,1,1,1,1,2,1,1,5,1,5,5,1,1
"R_3EQoyFx4EFgl9gR","TP",0,0,7.82,"Individualistic",1455,1075,NA,NA,NA,NA,NA,NA,NA,NA,NA,NA,NA,NA,"HL-LH","Random","","HL","HH","LH","LL","Welfare","",25,30,30,35,25,40,0,75,75,0,75,0,0,0,0,0,"Welfare","",128,128,128,98,128,43,130,31,98,98,98,43,98,33,43,43,38,38,33,33,"Similarity","","disagree somewhat","strongly agree","disagree somewhat","agree somewhat","strongly agree","agree somewhat","agree somewhat","strongly agree","strongly agree","strongly agree","neither agree
nor disagree","Male",40,"United Kingdom of Great Britain and Northern Ireland","High school graduate (high school diploma or equivalent including GED)",4,4,4,33.3333333333333,40,40,46.6666666666667,100,53.3333333333333,0,100,100,0,100,0,0,0,0,0,50.1960784313725,56.8888888888889,43.5555555555556,75.2941176470588,25.2941176470588,81.25,19.375,50.2564102564103,70,30.7142857142857,75.3846153846154,25.3846153846154,50.5882352941176,50.6666666666667,50.6666666666667,50.7692307692308,2,5,2,4,5,4,4,5,5,5,3,2,5
"R_1LcneNZ5i6VVm88","TP",0,0,-7.82,"Individualistic",1455,1005,NA,NA,NA,NA,NA,NA,NA,NA,NA,NA,NA,NA,"HH-LL","Other","It would not allow me to go with my original choice","HH","HL","LH","LL","Similarity","",50,50,50,50,10,50,10,50,50,10,50,10,10,10,10,10,"Similarity","",128,128,113,113,71,100,80,81,98,98,41,100,31,100,43,43,38,38,33,33,"Welfare","","strongly disagree","agree somewhat","strongly disagree","neither agree
nor disagree","agree somewhat","neither agree
nor disagree","disagree somewhat","agree somewhat","disagree somewhat","agree somewhat","agree somewhat","Female",39,"United Kingdom of Great Britain and Northern Ireland","Master's degree",4,4,4,66.6666666666667,66.6666666666667,66.6666666666667,66.6666666666667,40,66.6666666666667,40,66.6666666666667,66.6666666666667,40,66.6666666666667,40,40,40,40,40,50.1960784313725,50.2222222222222,50.2222222222222,41.7647058823529,58.8235294117647,50,50.625,50.2564102564103,29.2857142857143,71.4285714285714,23.8461538461538,76.9230769230769,50.5882352941176,50.6666666666667,50.6666666666667,50.7692307692308,1,4,1,3,4,3,2,4,2,4,4,1,4
"R_1j6xzkS7WtlMusP","TP",0,0,34.88,"Prosocial",1296,1216,NA,NA,NA,NA,NA,NA,NA,NA,NA,NA,NA,NA,"HL-LH","Inequality","","LL","LH","HL","HH","Inequality","",50,50,45,50,15,50,15,50,50,15,50,15,15,15,10,15,"Welfare","",128,128,126,100,130,41,130,31,98,98,100,41,96,35,43,43,28,48,33,33,"Other","I gave the person who put more in the pot more money","disagree somewhat","agree somewhat","disagree somewhat","neither agree
nor disagree","disagree somewhat","disagree somewhat","agree somewhat","strongly agree","neither agree
nor disagree","agree somewhat","agree somewhat","Female",41,"United Kingdom of Great Britain and Northern Ireland","Some college but no degree",3,4,5,66.6666666666667,66.6666666666667,60,66.6666666666667,60,66.6666666666667,60,66.6666666666667,66.6666666666667,60,66.6666666666667,60,60,60,40,60,50.1960784313725,56,44.4444444444444,76.4705882352941,24.1176470588235,81.25,19.375,50.2564102564103,71.4285714285714,29.2857142857143,73.8461538461539,26.9230769230769,50.5882352941176,37.3333333333333,64,50.7692307692308,2,4,2,3,2,2,4,5,3,4,4,2,4
"R_3FIfbMIMdxEfupm","TP",0,0,34.88,"Prosocial",1301,1231,NA,NA,NA,NA,NA,NA,NA,NA,NA,NA,NA,NA,"HL-LH","Random","","LL","LH","HL","HH","Inequality","",60,40,40,40,10,40,10,40,40,10,40,10,10,10,10,10,"Welfare","",128,128,113,113,86,85,81,80,98,98,71,70,66,65,43,43,38,38,33,33,"Inequality","","disagree somewhat","agree somewhat","disagree somewhat","agree somewhat","strongly disagree","disagree somewhat","agree somewhat","agree somewhat","strongly disagree","disagree somewhat","agree somewhat","Female",46,"United Kingdom of Great Britain and Northern Ireland","Bachelor's degree in college (4-year)",5,5,5,80,53.3333333333333,53.3333333333333,53.3333333333333,40,53.3333333333333,40,53.3333333333333,53.3333333333333,40,53.3333333333333,40,40,40,40,40,50.1960784313725,50.2222222222222,50.2222222222222,50.5882352941176,50,50.625,50,50.2564102564103,50.7142857142857,50,50.7692307692308,50,50.5882352941176,50.6666666666667,50.6666666666667,50.7692307692308,2,4,2,4,1,2,4,4,1,2,4,2,4
"R_2OVIvKu8wG44dwW","TP",0,0,7.82,"Individualistic",1435,1095,NA,NA,NA,NA,NA,NA,NA,NA,NA,NA,NA,NA,"HH-LL","Welfare","","LL","LH","HL","HH","Welfare","",75,75,75,25,25,75,25,75,75,25,25,25,25,25,25,25,"Welfare","",128,128,113,113,86,85,81,80,98,98,70,71,66,65,43,43,38,38,33,33,"Welfare","","strongly disagree","strongly agree","strongly disagree","strongly disagree","disagree somewhat","disagree somewhat","strongly agree","strongly agree","strongly disagree","strongly agree","strongly agree","Female",37,"United Kingdom of Great Britain and Northern Ireland","Bachelor's degree in college (4-year)",5,2,6,100,100,100,33.3333333333333,100,100,100,100,100,100,33.3333333333333,100,100,100,100,100,50.1960784313725,50.2222222222222,50.2222222222222,50.5882352941176,50,50.625,50,50.2564102564103,50,50.7142857142857,50.7692307692308,50,50.5882352941176,50.6666666666667,50.6666666666667,50.7692307692308,1,5,1,1,2,2,5,5,1,5,5,1,5
"R_WlM0JAFkQXg9nEt","TP",0,0,7.82,"Individualistic",1455,1075,NA,NA,NA,NA,NA,NA,NA,NA,NA,NA,NA,NA,"HH-LL","Random","","LL","LH","HL","HH","Random","",50,55,50,55,15,50,15,55,50,15,55,15,15,15,20,15,"Inequality","",128,128,113,113,85,86,80,81,98,98,71,70,65,66,43,43,38,38,33,33,"Similarity","","neither agree
nor disagree","neither agree
nor disagree","disagree somewhat","disagree somewhat","disagree somewhat","disagree somewhat","disagree somewhat","agree somewhat","disagree somewhat","agree somewhat","agree somewhat","Male",46,"United Kingdom of Great Britain and Northern Ireland","Some college but no degree",3,3,3,66.6666666666667,73.3333333333333,66.6666666666667,73.3333333333333,60,66.6666666666667,60,73.3333333333333,66.6666666666667,60,73.3333333333333,60,60,60,80,60,50.1960784313725,50.2222222222222,50.2222222222222,50,50.5882352941176,50,50.625,50.2564102564103,50.7142857142857,50,50,50.7692307692308,50.5882352941176,50.6666666666667,50.6666666666667,50.7692307692308,3,3,2,2,2,2,2,4,2,4,4,3,3
"R_31hnfEqwNDe2sA0","TP",0,0,22.77,"Prosocial",1334,1184,NA,NA,NA,NA,NA,NA,NA,NA,NA,NA,NA,NA,"HH-LL","Random","","LH","LL","HL","HH","Random","",75,75,75,75,25,75,25,75,75,25,75,25,25,25,25,25,"Welfare","",128,128,113,113,86,85,81,80,98,98,71,70,66,65,43,43,38,38,33,33,"Similarity","","neither agree
nor disagree","agree somewhat","neither agree
nor disagree","neither agree
nor disagree","agree somewhat","disagree somewhat","agree somewhat","agree somewhat","neither agree
nor disagree","neither agree
nor disagree","neither agree
nor disagree","Male",48,"United Kingdom of Great Britain and Northern Ireland","Associate degree in college (2-year)",4,4,4,100,100,100,100,100,100,100,100,100,100,100,100,100,100,100,100,50.1960784313725,50.2222222222222,50.2222222222222,50.5882352941176,50,50.625,50,50.2564102564103,50.7142857142857,50,50.7692307692308,50,50.5882352941176,50.6666666666667,50.6666666666667,50.7692307692308,3,4,3,3,4,2,4,4,3,3,3,3,4
"R_3gO53REqVWnYM1B","TP",0,0,34.88,"Prosocial",1286,1223,NA,NA,NA,NA,NA,NA,NA,NA,NA,NA,NA,NA,"HL-LH","Inequality","","LL","LH","HL","HH","Inequality","",30,40,30,35,5,40,5,30,30,10,30,5,10,10,5,10,"Welfare","",128,128,126,100,100,71,107,54,98,98,90,51,80,51,43,43,43,33,33,33,"Inequality","","strongly disagree","agree somewhat","strongly disagree","agree somewhat","neither agree
nor disagree","disagree somewhat","disagree somewhat","agree somewhat","strongly disagree","agree somewhat","strongly agree","Female",27,"United Kingdom of Great Britain and Northern Ireland","Bachelor's degree in college (4-year)",2,1,3,40,53.3333333333333,40,46.6666666666667,20,53.3333333333333,20,40,40,40,40,20,40,40,20,40,50.1960784313725,56,44.4444444444444,58.8235294117647,41.7647058823529,66.875,33.75,50.2564102564103,64.2857142857143,36.4285714285714,61.5384615384615,39.2307692307692,50.5882352941176,57.3333333333333,44,50.7692307692308,1,4,1,4,3,2,2,4,1,4,5,1,4
"R_xcuFpnzLP9nhgpH","TP",0,0,37.09,"Prosocial",1375,1225,NA,NA,NA,NA,NA,NA,NA,NA,NA,NA,NA,NA,"HH-LL","Welfare","","LL","LH","HL","HH","Inequality","",75,75,75,75,25,75,25,75,75,25,75,25,25,25,25,25,"Welfare","",128,128,113,113,85.5,85.5,80.5,80.5,98,98,70.5,70.5,65.5,65.5,43,43,38,38,33,33,"Inequality","","agree somewhat","disagree somewhat","disagree somewhat","disagree somewhat","agree somewhat","agree somewhat","strongly agree","strongly agree","agree somewhat","strongly agree","strongly agree","Male",23,"United Kingdom of Great Britain and Northern Ireland","Master's degree",4,3,3,100,100,100,100,100,100,100,100,100,100,100,100,100,100,100,100,50.1960784313725,50.2222222222222,50.2222222222222,50.2941176470588,50.2941176470588,50.3125,50.3125,50.2564102564103,50.3571428571429,50.3571428571429,50.3846153846154,50.3846153846154,50.5882352941176,50.6666666666667,50.6666666666667,50.7692307692308,4,2,2,2,4,4,5,5,4,5,5,4,2
"R_3JfkjOZhHZSreVX","TP",0,0,24.2,"Prosocial",1414,1129,NA,NA,NA,NA,NA,NA,NA,NA,NA,NA,NA,NA,"HL-LH","Inequality","","HH","HL","LH","LL","Inequality","",75,50,40,45,10,50,5,75,60,10,60,10,25,10,7,25,"Inequality","",128,128,113,113,86,85,100,61,98,98,71,70,66,65,43,43,38,38,33,33,"Inequality","","disagree somewhat","neither agree
nor disagree","strongly disagree","neither agree
nor disagree","neither agree
nor disagree","neither agree
nor disagree","neither agree
nor disagree","neither agree
nor disagree","neither agree
nor disagree","neither agree
nor disagree","neither agree
nor disagree","Female",42,"United Kingdom of Great Britain and Northern Ireland","Some college but no degree",5,4,4,100,66.6666666666667,53.3333333333333,60,40,66.6666666666667,20,100,80,40,80,40,100,40,28,100,50.1960784313725,50.2222222222222,50.2222222222222,50.5882352941176,50,62.5,38.125,50.2564102564103,50.7142857142857,50,50.7692307692308,50,50.5882352941176,50.6666666666667,50.6666666666667,50.7692307692308,2,3,1,3,3,3,3,3,3,3,3,2,3
"R_2ceKRtxDE1SEqvM","TP",0,0,37.48,"Prosocial",1281,1233,NA,NA,NA,NA,NA,NA,NA,NA,NA,NA,NA,NA,"HL-LH","Inequality","","LL","LH","HL","HH","Inequality","",40,30,30,40,15,40,10,30,30,15,30,10,10,15,10,10,"Welfare","",128,128,113,113,85,86,80,81,98,98,70,71,65,66,43,43,38,38,33,33,"Similarity","","disagree somewhat","neither agree
nor disagree","disagree somewhat","disagree somewhat","agree somewhat","agree somewhat","neither agree
nor disagree","strongly agree","neither agree
nor disagree","agree somewhat","agree somewhat","Male",31,"United Kingdom of Great Britain and Northern Ireland","Bachelor's degree in college (4-year)",3,4,4,53.3333333333333,40,40,53.3333333333333,60,53.3333333333333,40,40,40,60,40,40,40,60,40,40,50.1960784313725,50.2222222222222,50.2222222222222,50,50.5882352941176,50,50.625,50.2564102564103,50,50.7142857142857,50,50.7692307692308,50.5882352941176,50.6666666666667,50.6666666666667,50.7692307692308,2,3,2,2,4,4,3,5,3,4,4,2,3
"R_82jv720DIWmmGEV","TP",0,0,45,"Prosocial",1277,1277,NA,NA,NA,NA,NA,NA,NA,NA,NA,NA,NA,NA,"HH-LL","Welfare","","LL","LH","HL","HH","Welfare","",75,75,75,55,15,55,15,75,55,15,55,15,25,25,25,25,"Welfare","",128,128,113,113,86,85,81,80,98,98,71,70,66,65,43,43,38,38,33,33,"Welfare","","disagree somewhat","agree somewhat","strongly disagree","strongly agree","neither agree
nor disagree","strongly disagree","strongly disagree","strongly agree","agree somewhat","strongly agree","agree somewhat","Female",36,"United Kingdom of Great Britain and Northern Ireland","High school graduate (high school diploma or equivalent including GED)",4,4,4,100,100,100,73.3333333333333,60,73.3333333333333,60,100,73.3333333333333,60,73.3333333333333,60,100,100,100,100,50.1960784313725,50.2222222222222,50.2222222222222,50.5882352941176,50,50.625,50,50.2564102564103,50.7142857142857,50,50.7692307692308,50,50.5882352941176,50.6666666666667,50.6666666666667,50.7692307692308,2,4,1,5,3,1,1,5,4,5,4,2,4
"R_3MljEdPMy846DMx","TP",0,0,29.54,"Prosocial",1326,1225,NA,NA,NA,NA,NA,NA,NA,NA,NA,NA,NA,NA,"HL-LH","Inequality","","LL","LH","HL","HH","Inequality","",75,75,75,75,25,75,25,75,75,25,75,25,25,25,25,25,"Inequality","",128,128,113,113,86,85,81,80,98,98,71,70,66,65,43,43,38,38,33,33,"Inequality","","strongly disagree","agree somewhat","strongly disagree","neither agree
nor disagree","agree somewhat","strongly disagree","disagree somewhat","agree somewhat","strongly disagree","strongly agree","agree somewhat","Female",44,"United Kingdom of Great Britain and Northern Ireland","Associate degree in college (2-year)",4,4,4,100,100,100,100,100,100,100,100,100,100,100,100,100,100,100,100,50.1960784313725,50.2222222222222,50.2222222222222,50.5882352941176,50,50.625,50,50.2564102564103,50.7142857142857,50,50.7692307692308,50,50.5882352941176,50.6666666666667,50.6666666666667,50.7692307692308,1,4,1,3,4,1,2,4,1,5,4,1,4
"R_2wcxTM7FAoxRkMS","TP",0,0,34.88,"Prosocial",1288,1225,NA,NA,NA,NA,NA,NA,NA,NA,NA,NA,NA,NA,"HH-LL","Welfare","","LL","LH","HL","HH","Inequality","",50,40,40,50,25,50,25,35,40,25,50,20,25,25,15,20,"Welfare","",128,128,113,113,86,85,81,80,98,98,71,70,66,65,43,43,38,38,33,33,"Similarity","","disagree somewhat","agree somewhat","strongly agree","strongly disagree","neither agree
nor disagree","disagree somewhat","strongly agree","strongly agree","disagree somewhat","agree somewhat","agree somewhat","Male",34,"United Kingdom of Great Britain and Northern Ireland","Bachelor's degree in college (4-year)",2,1,5,66.6666666666667,53.3333333333333,53.3333333333333,66.6666666666667,100,66.6666666666667,100,46.6666666666667,53.3333333333333,100,66.6666666666667,80,100,100,60,80,50.1960784313725,50.2222222222222,50.2222222222222,50.5882352941176,50,50.625,50,50.2564102564103,50.7142857142857,50,50.7692307692308,50,50.5882352941176,50.6666666666667,50.6666666666667,50.7692307692308,2,4,5,1,3,2,5,5,2,4,4,2,4
"R_24kZVPmZb3XpQjm","TP",0,0,16.26,"Individualistic",1440,1110,NA,NA,NA,NA,NA,NA,NA,NA,NA,NA,NA,NA,"HH-LL","Similarity","","HH","HL","LH","LL","Similarity","",75,30,25,50,20,30,5,75,30,5,30,5,25,10,5,25,"Welfare","",128,128,113,113,86,85,81,80,98,98,100,41,100,31,43,43,38,38,33,33,"Similarity","","agree somewhat","agree somewhat","disagree somewhat","disagree somewhat","agree somewhat","strongly disagree","neither agree
nor disagree","strongly agree","disagree somewhat","agree somewhat","agree somewhat","Male",31,"United Kingdom of Great Britain and Northern Ireland","Master's degree",3,3,3,100,40,33.3333333333333,66.6666666666667,80,40,20,100,40,20,40,20,100,40,20,100,50.1960784313725,50.2222222222222,50.2222222222222,50.5882352941176,50,50.625,50,50.2564102564103,71.4285714285714,29.2857142857143,76.9230769230769,23.8461538461538,50.5882352941176,50.6666666666667,50.6666666666667,50.7692307692308,4,4,2,2,4,1,3,5,2,4,4,4,4
"R_9QUO2w8yTFTtk8p","TP",0,0,34.88,"Prosocial",1288,1225,NA,NA,NA,NA,NA,NA,NA,NA,NA,NA,NA,NA,"HL-LH","Inequality","","HH","HL","LH","LL","Similarity","",65,50,45,50,10,50,10,50,45,10,50,10,20,10,10,10,"Inequality","",128,128,113,113,81,90,81,80,98,98,70,71,70,61,43,43,38,38,33,33,"Inequality","","neither agree
nor disagree","neither agree
nor disagree","disagree somewhat","agree somewhat","strongly disagree","neither agree
nor disagree","agree somewhat","neither agree
nor disagree","strongly disagree","neither agree
nor disagree","disagree somewhat","Female",48,"United Kingdom of Great Britain and Northern Ireland","Some college but no degree",4,4,4,86.6666666666667,66.6666666666667,60,66.6666666666667,40,66.6666666666667,40,66.6666666666667,60,40,66.6666666666667,40,80,40,40,40,50.1960784313725,50.2222222222222,50.2222222222222,47.6470588235294,52.9411764705882,50.625,50,50.2564102564103,50,50.7142857142857,53.8461538461538,46.9230769230769,50.5882352941176,50.6666666666667,50.6666666666667,50.7692307692308,3,3,2,4,1,3,4,3,1,3,2,3,3
"R_Cah9ecTf0GSfIQh","TP",0,0,17.47,"Individualistic",1432,1113,NA,NA,NA,NA,NA,NA,NA,NA,NA,NA,NA,NA,"HL-LH","Inequality","","LH","HH","LL","HL","Inequality","",25,25,25,25,5,25,5,25,25,5,25,6,5,5,5,25,"Similarity","",128,128,113,113,75,96,75,86,98,98,71,70,65,66,43,43,38,38,33,33,"Inequality","","disagree somewhat","neither agree
nor disagree","disagree somewhat","neither agree
nor disagree","disagree somewhat","agree somewhat","agree somewhat","strongly agree","disagree somewhat","agree somewhat","agree somewhat","Female",45,"United Kingdom of Great Britain and Northern Ireland","Bachelor's degree in college (4-year)",4,3,4,33.3333333333333,33.3333333333333,33.3333333333333,33.3333333333333,20,33.3333333333333,20,33.3333333333333,33.3333333333333,20,33.3333333333333,24,20,20,20,100,50.1960784313725,50.2222222222222,50.2222222222222,44.1176470588235,56.4705882352941,46.875,53.75,50.2564102564103,50.7142857142857,50,50,50.7692307692308,50.5882352941176,50.6666666666667,50.6666666666667,50.7692307692308,2,3,2,3,2,4,4,5,2,4,4,2,3
"R_22tUjGoNNkbJHlU","TP",0,0,37.48,"Prosocial",1283,1235,NA,NA,NA,NA,NA,NA,NA,NA,NA,NA,NA,NA,"HL-LH","Inequality","","LL","LH","HL","HH","Inequality","",30,30,40,30,15,30,10,30,30,10,25,10,10,10,5,10,"Inequality","",128,128,113,113,86,85,81,80,98,98,71,70,66,65,43,43,43,33,33,33,"Similarity","","disagree somewhat","neither agree
nor disagree","agree somewhat","neither agree
nor disagree","disagree somewhat","strongly agree","agree somewhat","agree somewhat","strongly disagree","neither agree
nor disagree","neither agree
nor disagree","Male",46,"United Kingdom of Great Britain and Northern Ireland","High school graduate (high school diploma or equivalent including GED)",4,4,4,40,40,53.3333333333333,40,60,40,40,40,40,40,33.3333333333333,40,40,40,20,40,50.1960784313725,50.2222222222222,50.2222222222222,50.5882352941176,50,50.625,50,50.2564102564103,50.7142857142857,50,50.7692307692308,50,50.5882352941176,57.3333333333333,44,50.7692307692308,2,3,4,3,2,5,4,4,1,3,3,2,3
"R_2f9eYOJqPdWL784","TP",0,0,29.54,"Prosocial",1325,1196,NA,NA,NA,NA,NA,NA,NA,NA,NA,NA,NA,NA,"HH-LL","Welfare","","LL","LH","HL","HH","Inequality","",60,40,40,40,15,40,15,50,40,15,40,15,15,15,15,15,"Inequality","",128,128,113,113,86,85,81,80,98,98,71,70,66,65,43,43,38,38,33,33,"Welfare","","neither agree
nor disagree","neither agree
nor disagree","disagree somewhat","neither agree
nor disagree","disagree somewhat","neither agree
nor disagree","disagree somewhat","agree somewhat","strongly disagree","neither agree
nor disagree","neither agree
nor disagree","Female",49,"United Kingdom of Great Britain and Northern Ireland","Master's degree",4,3,4,80,53.3333333333333,53.3333333333333,53.3333333333333,60,53.3333333333333,60,66.6666666666667,53.3333333333333,60,53.3333333333333,60,60,60,60,60,50.1960784313725,50.2222222222222,50.2222222222222,50.5882352941176,50,50.625,50,50.2564102564103,50.7142857142857,50,50.7692307692308,50,50.5882352941176,50.6666666666667,50.6666666666667,50.7692307692308,3,3,2,3,2,3,2,4,1,3,3,3,3
"R_CkqTSwneZwC4GKR","TP",0,0,17.16,"Individualistic",1305,1144,NA,NA,NA,NA,NA,NA,NA,NA,NA,NA,NA,NA,"HH-LL","Welfare","","LH","HH","LL","HL","Welfare","",35,35,25,25,5,30,5,25,25,5,25,5,10,10,5,10,"Welfare","",128,128,113,113,85,86,80,81,98,98,70,71,65,66,43,43,38,38,33,33,"Inequality","","strongly disagree","agree somewhat","strongly disagree","disagree somewhat","agree somewhat","disagree somewhat","agree somewhat","strongly agree","neither agree
nor disagree","strongly agree","agree somewhat","Male",46,"United Kingdom of Great Britain and Northern Ireland","Master's degree",2,2,3,46.6666666666667,46.6666666666667,33.3333333333333,33.3333333333333,20,40,20,33.3333333333333,33.3333333333333,20,33.3333333333333,20,40,40,20,40,50.1960784313725,50.2222222222222,50.2222222222222,50,50.5882352941176,50,50.625,50.2564102564103,50,50.7142857142857,50,50.7692307692308,50.5882352941176,50.6666666666667,50.6666666666667,50.7692307692308,1,4,1,2,4,2,4,5,3,5,4,1,4
"R_2qrqKGgpCRCG2Rz","TP",0,0,7.82,"Individualistic",1455,1075,NA,NA,NA,NA,NA,NA,NA,NA,NA,NA,NA,NA,"HH-LL","Similarity","","HH","HL","LH","LL","Similarity","",75,75,75,75,25,75,25,75,75,25,75,25,25,25,25,25,"Welfare","",128,128,126,100,110,61,116,45,98,98,100,41,100,31,43,43,40,36,33,33,"Welfare","","disagree somewhat","neither agree
nor disagree","disagree somewhat","disagree somewhat","neither agree
nor disagree","strongly disagree","strongly agree","strongly agree","neither agree
nor disagree","agree somewhat","agree somewhat","Female",45,"United Kingdom of Great Britain and Northern Ireland","Some college but no degree",4,3,5,100,100,100,100,100,100,100,100,100,100,100,100,100,100,100,100,50.1960784313725,56,44.4444444444444,64.7058823529412,35.8823529411765,72.5,28.125,50.2564102564103,71.4285714285714,29.2857142857143,76.9230769230769,23.8461538461538,50.5882352941176,53.3333333333333,48,50.7692307692308,2,3,2,2,3,1,5,5,3,4,4,2,3
"R_2tbWVGS8YOLEAyZ","TP",0,0,15.05,"Individualistic",1412,1097,NA,NA,NA,NA,NA,NA,NA,NA,NA,NA,NA,NA,"HL-LH","Inequality","","LL","LH","HL","HH","Welfare","",60,70,60,60,15,65,15,60,15,20,60,15,20,23,20,20,"Welfare","",128,128,113,113,86,85,81,80,98,98,71,70,66,65,43,43,38,38,33,33,"Inequality","","disagree somewhat","disagree somewhat","disagree somewhat","strongly disagree","disagree somewhat","disagree somewhat","neither agree
nor disagree","agree somewhat","disagree somewhat","agree somewhat","agree somewhat","Female",44,"United Kingdom of Great Britain and Northern Ireland","Bachelor's degree in college (4-year)",4,4,4,80,93.3333333333333,80,80,60,86.6666666666667,60,80,20,80,80,60,80,92,80,80,50.1960784313725,50.2222222222222,50.2222222222222,50.5882352941176,50,50.625,50,50.2564102564103,50.7142857142857,50,50.7692307692308,50,50.5882352941176,50.6666666666667,50.6666666666667,50.7692307692308,2,2,2,1,2,2,3,4,2,4,4,2,2
"R_AhThEW0kwSsHLl7","TP",0,0,7.82,"Individualistic",1455,1075,NA,NA,NA,NA,NA,NA,NA,NA,NA,NA,NA,NA,"HH-LL","Similarity","","HH","HL","LH","LL","Similarity","",50,40,40,40,15,40,15,40,40,15,40,15,15,15,15,15,"Inequality","",127,129,113,113,85,86,80,81,98,98,71,70,65,66,43,43,38,38,36,30,"Similarity","","agree somewhat","strongly agree","strongly disagree","agree somewhat","strongly disagree","strongly agree","agree somewhat","strongly disagree","strongly disagree","disagree somewhat","strongly disagree","Male",43,"United Kingdom of Great Britain and Northern Ireland","Some college but no degree",4,4,4,66.6666666666667,53.3333333333333,53.3333333333333,53.3333333333333,60,53.3333333333333,60,53.3333333333333,53.3333333333333,60,53.3333333333333,60,60,60,60,60,49.8039215686275,50.2222222222222,50.2222222222222,50,50.5882352941176,50,50.625,50.2564102564103,50.7142857142857,50,50,50.7692307692308,50.5882352941176,50.6666666666667,50.6666666666667,55.3846153846154,4,5,1,4,1,5,4,1,1,2,1,4,5
"R_DGmtMTxfBIHdPln","TP",0,0,1.68,"Individualistic",1439,1047,NA,NA,NA,NA,NA,NA,NA,NA,NA,NA,NA,NA,"HH-LL","Random","","LH","LL","HL","HH","Similarity","",75,10,20,75,25,75,25,75,75,25,75,20,15,15,20,25,"Random","",156,100,126,100,100,71,61,100,96,100,41,100,31,100,43,43,36,40,36,30,"Similarity","","strongly disagree","agree somewhat","agree somewhat","neither agree
nor disagree","neither agree
nor disagree","agree somewhat","disagree somewhat","disagree somewhat","disagree somewhat","strongly agree","agree somewhat","Male",31,"United Kingdom of Great Britain and Northern Ireland","Some college but no degree",3,2,6,100,13.3333333333333,26.6666666666667,100,100,100,100,100,100,100,100,80,60,60,80,100,61.1764705882353,56,44.4444444444444,58.8235294117647,41.7647058823529,38.125,62.5,49.2307692307692,29.2857142857143,71.4285714285714,23.8461538461538,76.9230769230769,50.5882352941176,48,53.3333333333333,55.3846153846154,1,4,4,3,3,4,2,2,2,5,4,1,4
"R_30dHZOIn2s3juZj","TP",0,0,7.82,"Individualistic",1455,1075,NA,NA,NA,NA,NA,NA,NA,NA,NA,NA,NA,NA,"HL-LH","Inequality","","LH","LL","HL","HH","Inequality","",20,20,10,20,5,20,5,10,20,5,20,5,5,10,5,5,"Inequality","",128,128,113,113,81,90,50,111,98,98,66,75,65,66,43,43,38,38,33,33,"Inequality","","disagree somewhat","agree somewhat","neither agree
nor disagree","disagree somewhat","neither agree
nor disagree","neither agree
nor disagree","agree somewhat","strongly agree","neither agree
nor disagree","agree somewhat","agree somewhat","Female",44,"United Kingdom of Great Britain and Northern Ireland","Some college but no degree",4,3,3,26.6666666666667,26.6666666666667,13.3333333333333,26.6666666666667,20,26.6666666666667,20,13.3333333333333,26.6666666666667,20,26.6666666666667,20,20,40,20,20,50.1960784313725,50.2222222222222,50.2222222222222,47.6470588235294,52.9411764705882,31.25,69.375,50.2564102564103,47.1428571428571,53.5714285714286,50,50.7692307692308,50.5882352941176,50.6666666666667,50.6666666666667,50.7692307692308,2,4,3,2,3,3,4,5,3,4,4,2,4
"R_1DptAWDAOdsp1Ge","TP",0,0,34.88,"Prosocial",1288,1225,NA,NA,NA,NA,NA,NA,NA,NA,NA,NA,NA,NA,"HL-LH","Inequality","","LL","LH","HL","HH","Welfare","",50,50,50,50,10,50,10,50,50,10,50,10,10,10,10,10,"Inequality","",128,128,113,113,85.5,85.5,80.5,80.5,98,98,70.5,70.5,65.5,65.5,43,43,38,38,33,33,"Inequality","","strongly disagree","strongly agree","disagree somewhat","strongly disagree","agree somewhat","strongly disagree","strongly disagree","strongly agree","strongly disagree","strongly agree","strongly agree","Female",50,"United Kingdom of Great Britain and Northern Ireland","Bachelor's degree in college (4-year)",2,2,4,66.6666666666667,66.6666666666667,66.6666666666667,66.6666666666667,40,66.6666666666667,40,66.6666666666667,66.6666666666667,40,66.6666666666667,40,40,40,40,40,50.1960784313725,50.2222222222222,50.2222222222222,50.2941176470588,50.2941176470588,50.3125,50.3125,50.2564102564103,50.3571428571429,50.3571428571429,50.3846153846154,50.3846153846154,50.5882352941176,50.6666666666667,50.6666666666667,50.7692307692308,1,5,2,1,4,1,1,5,1,5,5,1,5
"R_3qxvZl450e9BiHr","TP",0,0,27.65,"Prosocial",1310,1190,NA,NA,NA,NA,NA,NA,NA,NA,NA,NA,NA,NA,"HL-LH","Inequality","","HL","HH","LL","LH","Welfare","",50,25,25,25,10,25,10,25,25,10,25,10,20,10,10,10,"Inequality","",128,128,128,98,128,43,128,33,98,98,98,43,98,33,43,43,43,33,33,33,"Inequality","","strongly disagree","strongly agree","strongly agree","strongly disagree","strongly agree","strongly disagree","neither agree
nor disagree","strongly agree","strongly agree","strongly agree","strongly agree","Male",33,"United Kingdom of Great Britain and Northern Ireland","Some college but no degree",4,4,4,66.6666666666667,33.3333333333333,33.3333333333333,33.3333333333333,40,33.3333333333333,40,33.3333333333333,33.3333333333333,40,33.3333333333333,40,80,40,40,40,50.1960784313725,56.8888888888889,43.5555555555556,75.2941176470588,25.2941176470588,80,20.625,50.2564102564103,70,30.7142857142857,75.3846153846154,25.3846153846154,50.5882352941176,57.3333333333333,44,50.7692307692308,1,5,5,1,5,1,3,5,5,5,5,1,5
"R_3dXHMS9wzf7DOvw","TP",0,0,34.32,"Prosocial",1283,1203,NA,NA,NA,NA,NA,NA,NA,NA,NA,NA,NA,NA,"HH-LL","Welfare","","LL","LH","HL","HH","Welfare","",50,50,25,50,20,50,10,25,25,20,25,9,20,20,10,10,"Welfare","",128,128,126,100,86,85,100,61,98,98,71,70,80,51,43,43,38,38,33,33,"Other","Its hard to describe but i didn't want people who contributed the most to lose out so sometimes i gave them more, but if they were similar types of people i tended to hare it evenly between them","disagree somewhat","strongly agree","disagree somewhat","disagree somewhat","agree somewhat","agree somewhat","disagree somewhat","strongly agree","disagree somewhat","agree somewhat","agree somewhat","Female",50,"United Kingdom of Great Britain and Northern Ireland","Bachelor's degree in college (4-year)",4,4,4,66.6666666666667,66.6666666666667,33.3333333333333,66.6666666666667,80,66.6666666666667,40,33.3333333333333,33.3333333333333,80,33.3333333333333,36,80,80,40,40,50.1960784313725,56,44.4444444444444,50.5882352941176,50,62.5,38.125,50.2564102564103,50.7142857142857,50,61.5384615384615,39.2307692307692,50.5882352941176,50.6666666666667,50.6666666666667,50.7692307692308,2,5,2,2,4,4,2,5,2,4,4,2,5
"R_1oB9U6NmUmOAKIj","TP",0,0,34.88,"Prosocial",1269,1209,NA,NA,NA,NA,NA,NA,NA,NA,NA,NA,NA,NA,"HH-LL","Other","I matched on colour","HH","HL","LH","LL","Similarity","",75,75,75,75,25,75,25,75,75,25,75,25,25,25,25,25,"Welfare","",128,128,113,113,85,86,80,81,98,98,70,71,66,65,43,43,38,38,33,33,"Similarity","","disagree somewhat","agree somewhat","neither agree
nor disagree","strongly agree","strongly disagree","agree somewhat","strongly agree","strongly agree","strongly disagree","disagree somewhat","strongly disagree","Female",37,"United Kingdom of Great Britain and Northern Ireland","Professional degree (JD, MD)",4,4,4,100,100,100,100,100,100,100,100,100,100,100,100,100,100,100,100,50.1960784313725,50.2222222222222,50.2222222222222,50,50.5882352941176,50,50.625,50.2564102564103,50,50.7142857142857,50.7692307692308,50,50.5882352941176,50.6666666666667,50.6666666666667,50.7692307692308,2,4,3,5,1,4,5,5,1,2,1,2,4
"R_1cRZIvo8N9MDrRT","TP",0,0,37.48,"Prosocial",1349,1174,NA,NA,NA,NA,NA,NA,NA,NA,NA,NA,NA,NA,"HH-LL","Welfare","","LL","HH","HL","LH","Welfare","",50,75,75,50,25,75,25,75,50,25,75,25,25,25,25,25,"Welfare","",128,128,113,113,85,86,80,81,98,98,70,71,65,66,43,43,37,39,33,33,"Similarity","","agree somewhat","disagree somewhat","strongly disagree","agree somewhat","disagree somewhat","agree somewhat","strongly agree","disagree somewhat","disagree somewhat","disagree somewhat","strongly disagree","Male",49,"United Kingdom of Great Britain and Northern Ireland","Master's degree",5,5,6,66.6666666666667,100,100,66.6666666666667,100,100,100,100,66.6666666666667,100,100,100,100,100,100,100,50.1960784313725,50.2222222222222,50.2222222222222,50,50.5882352941176,50,50.625,50.2564102564103,50,50.7142857142857,50,50.7692307692308,50.5882352941176,49.3333333333333,52,50.7692307692308,4,2,1,4,2,4,5,2,2,2,1,4,2
"R_3nVgangDcU2atnz","TP",0,0,21.5,"Individualistic",1419,1129,NA,NA,NA,NA,NA,NA,NA,NA,NA,NA,NA,NA,"HL-LH","Welfare","","LL","LH","HL","HH","Random","",50,50,35,40,10,50,10,50,35,15,35,10,15,15,10,15,"Welfare","",128,128,111,115,100,71,100,61,98,98,81,60,70,61,43,43,41,35,33,33,"Inequality","","agree somewhat","agree somewhat","agree somewhat","disagree somewhat","disagree somewhat","strongly agree","agree somewhat","strongly agree","disagree somewhat","agree somewhat","strongly agree","Male",45,"United Kingdom of Great Britain and Northern Ireland","Some college but no degree",5,6,5,66.6666666666667,66.6666666666667,46.6666666666667,53.3333333333333,40,66.6666666666667,40,66.6666666666667,46.6666666666667,60,46.6666666666667,40,60,60,40,60,50.1960784313725,49.3333333333333,51.1111111111111,58.8235294117647,41.7647058823529,62.5,38.125,50.2564102564103,57.8571428571429,42.8571428571429,53.8461538461538,46.9230769230769,50.5882352941176,54.6666666666667,46.6666666666667,50.7692307692308,4,4,4,2,2,5,4,5,2,4,5,4,4
"R_1mCyR8h9mS4LIdE","TP",0,0,7.82,"Individualistic",1455,1075,NA,NA,NA,NA,NA,NA,NA,NA,NA,NA,NA,NA,"HH-LL","Similarity","","LL","LH","HL","HH","Similarity","",75,75,75,75,25,75,25,75,75,25,75,25,25,25,25,25,"Welfare","",128,128,113,113,85.5,85.5,80.5,80.5,98,98,70.5,70.5,65.5,65.5,43,43,38,38,33,33,"Similarity","","strongly disagree","strongly agree","strongly disagree","agree somewhat","agree somewhat","disagree somewhat","agree somewhat","strongly agree","agree somewhat","strongly agree","strongly agree","Male",21,"United Kingdom of Great Britain and Northern Ireland","Some college but no degree",1,1,1,100,100,100,100,100,100,100,100,100,100,100,100,100,100,100,100,50.1960784313725,50.2222222222222,50.2222222222222,50.2941176470588,50.2941176470588,50.3125,50.3125,50.2564102564103,50.3571428571429,50.3571428571429,50.3846153846154,50.3846153846154,50.5882352941176,50.6666666666667,50.6666666666667,50.7692307692308,1,5,1,4,4,2,4,5,4,5,5,1,5
"R_2cdVWxtbVEf7Omv","TP",0,0,30.92,"Prosocial",1315,1180,NA,NA,NA,NA,NA,NA,NA,NA,NA,NA,NA,NA,"HL-LH","Inequality","","HL","LL","LH","HH","Inequality","",75,75,75,75,25,75,25,75,20,10,30,10,25,10,10,25,"Welfare","",128,128,113,113,128,43,128,33,98,98,98,43,98,33,43,43,38,38,33,33,"Other","At one point I wanted to be fair but then thought why should the person with the larger amount and multiplier share what they make with the other person.","agree somewhat","disagree somewhat","strongly disagree","disagree somewhat","neither agree
nor disagree","agree somewhat","agree somewhat","disagree somewhat","strongly disagree","disagree somewhat","neither agree
nor disagree","Male",45,"United Kingdom of Great Britain and Northern Ireland","Some college but no degree",6,4,3,100,100,100,100,100,100,100,100,26.6666666666667,40,40,40,100,40,40,100,50.1960784313725,50.2222222222222,50.2222222222222,75.2941176470588,25.2941176470588,80,20.625,50.2564102564103,70,30.7142857142857,75.3846153846154,25.3846153846154,50.5882352941176,50.6666666666667,50.6666666666667,50.7692307692308,4,2,1,2,3,4,4,2,1,2,3,4,2
"R_3phvLAnleiOCHHm","TP",0,0,45,"Prosocial",1238,1265,NA,NA,NA,NA,NA,NA,NA,NA,NA,NA,NA,NA,"HL-LH","Inequality","","HH","HL","LH","LL","Inequality","",60,50,50,40,10,30,10,60,18,5,40,10,15,10,10,20,"Welfare","",128,128,113,113,128,43,128,33,98,98,98,43,98,33,43,43,38,38,33,33,"Other","I assigned so that everyone received what they gave and was multiplied.","disagree somewhat","agree somewhat","strongly disagree","disagree somewhat","neither agree
nor disagree","disagree somewhat","agree somewhat","agree somewhat","neither agree
nor disagree","agree somewhat","agree somewhat","Female",18,"United Kingdom of Great Britain and Northern Ireland","Associate degree in college (2-year)",4,4,4,80,66.6666666666667,66.6666666666667,53.3333333333333,40,40,40,80,24,20,53.3333333333333,40,60,40,40,80,50.1960784313725,50.2222222222222,50.2222222222222,75.2941176470588,25.2941176470588,80,20.625,50.2564102564103,70,30.7142857142857,75.3846153846154,25.3846153846154,50.5882352941176,50.6666666666667,50.6666666666667,50.7692307692308,2,4,1,2,3,2,4,4,3,4,4,2,4
"R_2UXidaFAum7lfSt","TP",0,0,37.09,"Prosocial",1341,1201,NA,NA,NA,NA,NA,NA,NA,NA,NA,NA,NA,NA,"HL-LH","Random","","LH","LL","HH","HL","Inequality","",25,50,50,25,10,25,10,25,25,10,25,10,10,10,10,10,"Similarity","",128,128,113,113,85,86,81,80,98,98,70,71,65,66,43,43,38,38,33,33,"Inequality","","agree somewhat","agree somewhat","disagree somewhat","agree somewhat","strongly disagree","strongly agree","strongly agree","agree somewhat","strongly disagree","strongly disagree","disagree somewhat","Male",37,"United Kingdom of Great Britain and Northern Ireland","Bachelor's degree in college (4-year)",2,6,6,33.3333333333333,66.6666666666667,66.6666666666667,33.3333333333333,40,33.3333333333333,40,33.3333333333333,33.3333333333333,40,33.3333333333333,40,40,40,40,40,50.1960784313725,50.2222222222222,50.2222222222222,50,50.5882352941176,50.625,50,50.2564102564103,50,50.7142857142857,50,50.7692307692308,50.5882352941176,50.6666666666667,50.6666666666667,50.7692307692308,4,4,2,4,1,5,5,4,1,1,2,4,4
"R_2yjPI5GjxWCGqJf","TP",0,0,7.82,"Individualistic",1455,1075,NA,NA,NA,NA,NA,NA,NA,NA,NA,NA,NA,NA,"HH-LL","Similarity","","LL","LH","HL","HH","Inequality","",0,0,0,30,0,40,0,0,0,0,20,0,0,0,0,0,"Welfare","",128,128,128,98,129,42,110,51,98,98,91,50,90,41,43,43,43,33,33,33,"Welfare","","strongly disagree","neither agree
nor disagree","strongly disagree","neither agree
nor disagree","strongly agree","disagree somewhat","neither agree
nor disagree","strongly agree","agree somewhat","strongly agree","strongly agree","Female",24,"United Kingdom of Great Britain and Northern Ireland","High school graduate (high school diploma or equivalent including GED)",2,2,2,0,0,0,40,0,53.3333333333333,0,0,0,0,26.6666666666667,0,0,0,0,0,50.1960784313725,56.8888888888889,43.5555555555556,75.8823529411765,24.7058823529412,68.75,31.875,50.2564102564103,65,35.7142857142857,69.2307692307692,31.5384615384615,50.5882352941176,57.3333333333333,44,50.7692307692308,1,3,1,3,5,2,3,5,4,5,5,1,3
"R_W8JorW0d0gz0muR","TP",0,0,15.48,"Individualistic",1370,1102,NA,NA,NA,NA,NA,NA,NA,NA,NA,NA,NA,NA,"HL-LH","Inequality","","HL","HH","LL","LH","Inequality","",50,60,25,25,10,25,10,50,50,15,25,10,20,15,10,15,"Welfare","",128,128,113,113,85.5,85.5,80.5,80.5,98,98,70.5,70.5,65.5,65.5,43,43,38,38,33,33,"Similarity","","disagree somewhat","agree somewhat","neither agree
nor disagree","strongly disagree","strongly agree","neither agree
nor disagree","strongly agree","strongly agree","agree somewhat","strongly agree","strongly agree","Male",40,"United Kingdom of Great Britain and Northern Ireland","Bachelor's degree in college (4-year)",2,4,6,66.6666666666667,80,33.3333333333333,33.3333333333333,40,33.3333333333333,40,66.6666666666667,66.6666666666667,60,33.3333333333333,40,80,60,40,60,50.1960784313725,50.2222222222222,50.2222222222222,50.2941176470588,50.2941176470588,50.3125,50.3125,50.2564102564103,50.3571428571429,50.3571428571429,50.3846153846154,50.3846153846154,50.5882352941176,50.6666666666667,50.6666666666667,50.7692307692308,2,4,3,1,5,3,5,5,4,5,5,2,4
"R_1lrvPsH9cBkFjvK","TP",0,0,22.93,"Prosocial",1322,1137,NA,NA,NA,NA,NA,NA,NA,NA,NA,NA,NA,NA,"HL-LH","Random","","LH","HL","HH","LL","Random","",1,3,3,2,4,5,3,2,4,3,3,2,2,2,3,3,"Random","",128,128,127,99,121,50,61,100,96,100,53,88,65,66,63,23,56,20,33,33,"Random","","strongly disagree","strongly agree","strongly disagree","strongly disagree","strongly agree","strongly disagree","strongly disagree","strongly agree","strongly agree","strongly agree","strongly agree","Male",49,"United States of America","Associate degree in college (2-year)",3,3,2,1.33333333333333,4,4,2.66666666666667,16,6.66666666666667,12,2.66666666666667,5.33333333333333,12,4,8,8,8,12,12,50.1960784313725,56.4444444444444,44,71.1764705882353,29.4117647058824,38.125,62.5,49.2307692307692,37.8571428571429,62.8571428571429,50,50.7692307692308,74.1176470588235,74.6666666666667,26.6666666666667,50.7692307692308,1,5,1,1,5,1,1,5,5,5,5,1,5
"R_1meCgDb5tsTt4Fm","TP",0,0,33.69,"Prosocial",1221,1210,NA,NA,NA,NA,NA,NA,NA,NA,NA,NA,NA,NA,"HL-LH","Welfare","","LH","HH","HL","LL","Welfare","",30,45,30,25,10,45,10,15,30,5,30,10,10,10,5,10,"Similarity","",128,128,116,110,130,41,128,33,98,98,100,41,92,39,43,43,45,31,33,33,"Welfare","","agree somewhat","agree somewhat","agree somewhat","agree somewhat","neither agree
nor disagree","neither agree
nor disagree","agree somewhat","neither agree
nor disagree","neither agree
nor disagree","neither agree
nor disagree","neither agree
nor disagree","Female",22,"United States of America","Bachelor's degree in college (4-year)",6,6,2,40,60,40,33.3333333333333,40,60,40,20,40,20,40,40,40,40,20,40,50.1960784313725,51.5555555555556,48.8888888888889,76.4705882352941,24.1176470588235,80,20.625,50.2564102564103,71.4285714285714,29.2857142857143,70.7692307692308,30,50.5882352941176,60,41.3333333333333,50.7692307692308,4,4,4,4,3,3,4,3,3,3,3,4,4
"R_1ewts9PgLSRUwPE","TP",0,0,25.42,"Prosocial",1371,1184,NA,NA,NA,NA,NA,NA,NA,NA,NA,NA,NA,NA,"HL-LH","Welfare","","LH","LL","HL","HH","Welfare","",50,45,50,50,10,25,10,50,50,15,50,15,10,10,15,10,"Welfare","",128,128,200,26,100,71,140,21,98,98,90,51,101,30,46,40,51,25,33,33,"Welfare","","strongly disagree","agree somewhat","agree somewhat","strongly disagree","disagree somewhat","agree somewhat","neither agree
nor disagree","strongly agree","strongly disagree","agree somewhat","strongly agree","Male",33,"United Kingdom of Great Britain and Northern Ireland","Master's degree",5,6,5,66.6666666666667,60,66.6666666666667,66.6666666666667,40,33.3333333333333,40,66.6666666666667,66.6666666666667,60,66.6666666666667,60,40,40,60,40,50.1960784313725,88.8888888888889,11.5555555555556,58.8235294117647,41.7647058823529,87.5,13.125,50.2564102564103,64.2857142857143,36.4285714285714,77.6923076923077,23.0769230769231,54.1176470588235,68,33.3333333333333,50.7692307692308,1,4,4,1,2,4,3,5,1,4,5,1,4
"R_3JfTJfNm9PyE75l","TP",0,0,34.88,"Prosocial",1286,1223,NA,NA,NA,NA,NA,NA,NA,NA,NA,NA,NA,NA,"HH-LL","Welfare","","LL","LH","HL","HH","Inequality","",74,74,74,74,24,74,24,74,74,24,74,24,24,24,24,24,"Welfare","",128,128,113,113,85,86,80,81,98,98,71,70,66,65,43,43,38,38,33,33,"Other","With pairings being random and with each type contributing their full units, I wanted each recipient to receive equal amounts.","strongly disagree","agree somewhat","strongly disagree","disagree somewhat","agree somewhat","agree somewhat","disagree somewhat","agree somewhat","strongly disagree","strongly agree","strongly agree","Female",50,"United Kingdom of Great Britain and Northern Ireland","Bachelor's degree in college (4-year)",4,3,5,98.6666666666667,98.6666666666667,98.6666666666667,98.6666666666667,96,98.6666666666667,96,98.6666666666667,98.6666666666667,96,98.6666666666667,96,96,96,96,96,50.1960784313725,50.2222222222222,50.2222222222222,50,50.5882352941176,50,50.625,50.2564102564103,50.7142857142857,50,50.7692307692308,50,50.5882352941176,50.6666666666667,50.6666666666667,50.7692307692308,1,4,1,2,4,4,2,4,1,5,5,1,4
"R_12l5u3XMbwxCav6","TP",0,0,32.03,"Prosocial",1133,1237,NA,NA,NA,NA,NA,NA,NA,NA,NA,NA,NA,NA,"HH-LL","Similarity","","LH","LL","HH","HL","Inequality","",30,30,25,30,10,25,10,25,25,10,25,10,10,12,10,15,"Inequality","",128,128,113,113,85.5,85.5,80.5,80.5,98,98,70.5,70.5,65.5,65.5,43,43,38,38,33,33,"Inequality","","neither agree
nor disagree","disagree somewhat","agree somewhat","neither agree
nor disagree","agree somewhat","neither agree
nor disagree","agree somewhat","neither agree
nor disagree","disagree somewhat","neither agree
nor disagree","agree somewhat","Male",34,"United States of America","Bachelor's degree in college (4-year)",6,6,5,40,40,33.3333333333333,40,40,33.3333333333333,40,33.3333333333333,33.3333333333333,40,33.3333333333333,40,40,48,40,60,50.1960784313725,50.2222222222222,50.2222222222222,50.2941176470588,50.2941176470588,50.3125,50.3125,50.2564102564103,50.3571428571429,50.3571428571429,50.3846153846154,50.3846153846154,50.5882352941176,50.6666666666667,50.6666666666667,50.7692307692308,3,2,4,3,4,3,4,3,2,3,4,3,2
"R_1jk1wMy1vgAOW38","TP",0,0,45,"Prosocial",1262,1267,NA,NA,NA,NA,NA,NA,NA,NA,NA,NA,NA,NA,"HH-LL","Welfare","","LL","LH","HL","HH","Welfare","",75,75,75,75,25,75,25,75,75,25,75,10,25,25,25,25,"Welfare","",128,128,113,113,85,86,81,80,98,98,70,71,65,66,43,43,38,38,33,33,"Similarity","","disagree somewhat","agree somewhat","neither agree
nor disagree","disagree somewhat","strongly agree","agree somewhat","disagree somewhat","strongly agree","neither agree
nor disagree","strongly agree","strongly agree","Female",36,"United States of America","Bachelor's degree in college (4-year)",4,4,2,100,100,100,100,100,100,100,100,100,100,100,40,100,100,100,100,50.1960784313725,50.2222222222222,50.2222222222222,50,50.5882352941176,50.625,50,50.2564102564103,50,50.7142857142857,50,50.7692307692308,50.5882352941176,50.6666666666667,50.6666666666667,50.7692307692308,2,4,3,2,5,4,2,5,3,5,5,2,4
"R_21aleCwWXaOXtnv","TP",0,0,7.82,"Individualistic",1455,1075,NA,NA,NA,NA,NA,NA,NA,NA,NA,NA,NA,NA,"HL-LH","Welfare","","LL","LH","HL","HH","Inequality","",35,35,25,35,5,35,5,25,25,10,25,5,10,10,5,5,"Welfare","",128,128,112,114,95,76,95,66,98,98,90,51,90,41,43,43,40,36,33,33,"Inequality","","disagree somewhat","agree somewhat","agree somewhat","disagree somewhat","agree somewhat","strongly agree","strongly agree","strongly agree","agree somewhat","strongly agree","agree somewhat","Female",21,"United States of America","Associate degree in college (2-year)",5,3,5,46.6666666666667,46.6666666666667,33.3333333333333,46.6666666666667,20,46.6666666666667,20,33.3333333333333,33.3333333333333,40,33.3333333333333,20,40,40,20,20,50.1960784313725,49.7777777777778,50.6666666666667,55.8823529411765,44.7058823529412,59.375,41.25,50.2564102564103,64.2857142857143,36.4285714285714,69.2307692307692,31.5384615384615,50.5882352941176,53.3333333333333,48,50.7692307692308,2,4,4,2,4,5,5,5,4,5,4,2,4
"R_3plHytPdbR2JXUW","TP",0,0,27.32,"Prosocial",1374,1172,NA,NA,NA,NA,NA,NA,NA,NA,NA,NA,NA,NA,"HH-LL","Similarity","","LL","LH","HL","HH","Inequality","",35,35,30,35,15,35,15,35,35,15,35,10,15,15,10,10,"Welfare","",128,128,113,113,100,71,100,61,98,98,41,100,100,31,43,43,43,33,33,33,"Similarity","","neither agree
nor disagree","agree somewhat","agree somewhat","neither agree
nor disagree","disagree somewhat","strongly disagree","disagree somewhat","strongly agree","disagree somewhat","strongly agree","strongly agree","Female",32,"United States of America","Associate degree in college (2-year)",4,3,6,46.6666666666667,46.6666666666667,40,46.6666666666667,60,46.6666666666667,60,46.6666666666667,46.6666666666667,60,46.6666666666667,40,60,60,40,40,50.1960784313725,50.2222222222222,50.2222222222222,58.8235294117647,41.7647058823529,62.5,38.125,50.2564102564103,29.2857142857143,71.4285714285714,76.9230769230769,23.8461538461538,50.5882352941176,57.3333333333333,44,50.7692307692308,3,4,4,3,2,1,2,5,2,5,5,3,4
"R_23TBUJ4CIEk5kQu","TP",0,0,39.04,"Prosocial",1278,1230,NA,NA,NA,NA,NA,NA,NA,NA,NA,NA,NA,NA,"HL-LH","Random","","HL","LH","LL","HH","Random","",50,30,30,55,0,20,20,75,55,3,50,10,5,5,2,15,"Random","",128,128,113,113,85,86,70,91,98,98,71,70,65,66,43,43,28,48,33,33,"Similarity","","agree somewhat","neither agree
nor disagree","neither agree
nor disagree","neither agree
nor disagree","agree somewhat","strongly agree","strongly agree","agree somewhat","neither agree
nor disagree","agree somewhat","neither agree
nor disagree","Female",28,"United States of America","High school graduate (high school diploma or equivalent including GED)",4,4,4,66.6666666666667,40,40,73.3333333333333,0,26.6666666666667,80,100,73.3333333333333,12,66.6666666666667,40,20,20,8,60,50.1960784313725,50.2222222222222,50.2222222222222,50,50.5882352941176,43.75,56.875,50.2564102564103,50.7142857142857,50,50,50.7692307692308,50.5882352941176,37.3333333333333,64,50.7692307692308,4,3,3,3,4,5,5,4,3,4,3,4,3
"R_1KrRBQ2rTux4Bjl","TP",0,0,37.09,"Prosocial",1318,1208,NA,NA,NA,NA,NA,NA,NA,NA,NA,NA,NA,NA,"HL-LH","Inequality","","HH","HL","LH","LL","Inequality","",65,50,45,65,15,65,15,50,45,15,45,10,15,15,10,15,"Welfare","",128,128,113,113,85,86,81,80,98,98,70,71,65,66,43,43,38,38,33,33,"Inequality","","strongly disagree","strongly agree","disagree somewhat","neither agree
nor disagree","strongly agree","strongly disagree","neither agree
nor disagree","strongly agree","agree somewhat","strongly agree","strongly agree","I prefer not to say",24,"United States of America","High school graduate (high school diploma or equivalent including GED)",4,1,7,86.6666666666667,66.6666666666667,60,86.6666666666667,60,86.6666666666667,60,66.6666666666667,60,60,60,40,60,60,40,60,50.1960784313725,50.2222222222222,50.2222222222222,50,50.5882352941176,50.625,50,50.2564102564103,50,50.7142857142857,50,50.7692307692308,50.5882352941176,50.6666666666667,50.6666666666667,50.7692307692308,1,5,2,3,5,1,3,5,4,5,5,1,5
"R_1GE9qKTTXLVvvhF","TP",0,0,28.61,"Prosocial",1413,1153,NA,NA,NA,NA,NA,NA,NA,NA,NA,NA,NA,NA,"HL-LH","Inequality","","LL","LH","HL","HH","Inequality","",55,65,55,55,15,65,15,50,55,15,50,13,13,15,12,15,"Welfare","",128,128,110,116,85,86,81,80,98,98,71,70,68,63,43,43,38,38,33,33,"Inequality","","strongly disagree","agree somewhat","strongly disagree","disagree somewhat","strongly agree","strongly disagree","neither agree
nor disagree","strongly agree","neither agree
nor disagree","agree somewhat","neither agree
nor disagree","Female",29,"United States of America","Associate degree in college (2-year)",1,1,2,73.3333333333333,86.6666666666667,73.3333333333333,73.3333333333333,60,86.6666666666667,60,66.6666666666667,73.3333333333333,60,66.6666666666667,52,52,60,48,60,50.1960784313725,48.8888888888889,51.5555555555556,50,50.5882352941176,50.625,50,50.2564102564103,50.7142857142857,50,52.3076923076923,48.4615384615385,50.5882352941176,50.6666666666667,50.6666666666667,50.7692307692308,1,4,1,2,5,1,3,5,3,4,3,1,4
"R_1GVoivb137EcRkZ","TP",0,0,12.55,"Individualistic",1395,1110,NA,NA,NA,NA,NA,NA,NA,NA,NA,NA,NA,NA,"HL-LH","Inequality","","LL","LH","HH","HL","Welfare","",30,25,20,30,12,50,10,30,25,10,25,10,15,15,13,15,"Welfare","",128,128,113,113,86,85,101,60,98,98,75,66,75,56,43,43,38,38,33,33,"Other","Maximal benefit and equal unless one side was going to come out with less than what they put in and then I balanced it out so they at least got back what they put it and sometimes more than what they put in, but the other person also got back more than what they put in. ","disagree somewhat","strongly agree","neither agree
nor disagree","disagree somewhat","agree somewhat","disagree somewhat","strongly agree","strongly agree","agree somewhat","agree somewhat","agree somewhat","Female",42,"United States of America","Bachelor's degree in college (4-year)",3,3,5,40,33.3333333333333,26.6666666666667,40,48,66.6666666666667,40,40,33.3333333333333,40,33.3333333333333,40,60,60,52,60,50.1960784313725,50.2222222222222,50.2222222222222,50.5882352941176,50,63.125,37.5,50.2564102564103,53.5714285714286,47.1428571428571,57.6923076923077,43.0769230769231,50.5882352941176,50.6666666666667,50.6666666666667,50.7692307692308,2,5,3,2,4,2,5,5,4,4,4,2,5
"R_29yoVENzCjJvsDD","TP",0,0,34.88,"Prosocial",1288,1225,NA,NA,NA,NA,NA,NA,NA,NA,NA,NA,NA,NA,"HH-LL","Welfare","","LL","LH","HL","HH","Inequality","",50,50,50,50,10,50,10,50,50,10,50,10,10,10,10,10,"Inequality","",128,128,113,113,86,85,81,80,98,98,71,70,66,65,43,43,38,38,33,33,"Similarity","","strongly disagree","agree somewhat","neither agree
nor disagree","strongly disagree","neither agree
nor disagree","strongly disagree","strongly disagree","strongly agree","neither agree
nor disagree","strongly agree","strongly agree","Male",24,"United States of America","Some college but no degree",1,1,4,66.6666666666667,66.6666666666667,66.6666666666667,66.6666666666667,40,66.6666666666667,40,66.6666666666667,66.6666666666667,40,66.6666666666667,40,40,40,40,40,50.1960784313725,50.2222222222222,50.2222222222222,50.5882352941176,50,50.625,50,50.2564102564103,50.7142857142857,50,50.7692307692308,50,50.5882352941176,50.6666666666667,50.6666666666667,50.7692307692308,1,4,3,1,3,1,1,5,3,5,5,1,4
"R_3saKC1qwLOEr2zX","TP",0,0,37.48,"Prosocial",1287,1232,NA,NA,NA,NA,NA,NA,NA,NA,NA,NA,NA,NA,"HL-LH","Inequality","","LH","LL","HL","HH","Inequality","",75,75,71,65,15,70,15,75,70,25,70,15,25,25,21,25,"Inequality","",128,128,113,113,86,85,81,80,98,98,71,70,66,65,43,43,38,38,33,33,"Inequality","","strongly agree","agree somewhat","agree somewhat","neither agree
nor disagree","neither agree
nor disagree","strongly agree","neither agree
nor disagree","agree somewhat","disagree somewhat","agree somewhat","neither agree
nor disagree","Female",38,"United States of America","Associate degree in college (2-year)",6,6,4,100,100,94.6666666666667,86.6666666666667,60,93.3333333333333,60,100,93.3333333333333,100,93.3333333333333,60,100,100,84,100,50.1960784313725,50.2222222222222,50.2222222222222,50.5882352941176,50,50.625,50,50.2564102564103,50.7142857142857,50,50.7692307692308,50,50.5882352941176,50.6666666666667,50.6666666666667,50.7692307692308,5,4,4,3,3,5,3,4,2,4,3,5,4
"R_1Q6s6cUWfSYhITT","TP",0,0,37.48,"Prosocial",1289,1234,NA,NA,NA,NA,NA,NA,NA,NA,NA,NA,NA,NA,"HL-LH","Inequality","","LL","LH","HL","HH","Inequality","",40,40,30,45,20,30,10,30,30,15,30,10,15,20,15,20,"Welfare","",128,128,113,113,86,85,81,80,98,98,71,70,66,65,43,43,38,38,33,33,"Similarity","","agree somewhat","disagree somewhat","agree somewhat","disagree somewhat","neither agree
nor disagree","agree somewhat","strongly agree","strongly agree","neither agree
nor disagree","agree somewhat","agree somewhat","Female",34,"United States of America","Bachelor's degree in college (4-year)",7,7,4,53.3333333333333,53.3333333333333,40,60,80,40,40,40,40,60,40,40,60,80,60,80,50.1960784313725,50.2222222222222,50.2222222222222,50.5882352941176,50,50.625,50,50.2564102564103,50.7142857142857,50,50.7692307692308,50,50.5882352941176,50.6666666666667,50.6666666666667,50.7692307692308,4,2,4,2,3,4,5,5,3,4,4,4,2
"R_1Q3CxDbzJq4Z9VP","TP",0,0,37.48,"Prosocial",1292,1227,NA,NA,NA,NA,NA,NA,NA,NA,NA,NA,NA,NA,"HL-LH","Welfare","","HH","HL","LL","LH","Similarity","",75,75,75,75,25,75,25,75,75,25,75,25,25,25,25,25,"Welfare","",128,128,113,113,86,85,81,80,98,98,71,70,66,65,43,43,38,38,33,33,"Similarity","","agree somewhat","strongly agree","strongly agree","disagree somewhat","strongly agree","strongly disagree","agree somewhat","strongly agree","strongly agree","strongly agree","strongly agree","Female",36,"United States of America","Bachelor's degree in college (4-year)",1,1,7,100,100,100,100,100,100,100,100,100,100,100,100,100,100,100,100,50.1960784313725,50.2222222222222,50.2222222222222,50.5882352941176,50,50.625,50,50.2564102564103,50.7142857142857,50,50.7692307692308,50,50.5882352941176,50.6666666666667,50.6666666666667,50.7692307692308,4,5,5,2,5,1,4,5,5,5,5,4,5
"R_3HugwN862LUqaWv","TP",0,0,7.82,"Individualistic",1455,1075,NA,NA,NA,NA,NA,NA,NA,NA,NA,NA,NA,NA,"HL-LH","Welfare","","LL","LH","HL","HH","Inequality","",50,25,50,50,20,25,10,10,20,20,20,20,20,20,15,25,"Welfare","",128,128,113,113,85,86,81,80,98,98,70,71,66,65,43,43,38,38,33,33,"Similarity","","strongly agree","agree somewhat","neither agree
nor disagree","strongly agree","disagree somewhat","strongly agree","strongly agree","agree somewhat","strongly disagree","disagree somewhat","disagree somewhat","Female",48,"United States of America","Master's degree",4,4,4,66.6666666666667,33.3333333333333,66.6666666666667,66.6666666666667,80,33.3333333333333,40,13.3333333333333,26.6666666666667,80,26.6666666666667,80,80,80,60,100,50.1960784313725,50.2222222222222,50.2222222222222,50,50.5882352941176,50.625,50,50.2564102564103,50,50.7142857142857,50.7692307692308,50,50.5882352941176,50.6666666666667,50.6666666666667,50.7692307692308,5,4,3,5,2,5,5,4,1,2,2,5,4
"R_3016413Y7hjBHxU","TP",0,0,45,"Prosocial",1262,1267,NA,NA,NA,NA,NA,NA,NA,NA,NA,NA,NA,NA,"HH-LL","Similarity","","LH","LL","HH","HL","Similarity","",30,30,30,30,10,30,10,30,30,10,30,10,10,10,10,10,"Welfare","",128,128,113,113,75,96,80.5,80.5,98,98,70.5,70.5,75.5,55.5,43,43,38,38,33,33,"Inequality","","disagree somewhat","agree somewhat","neither agree
nor disagree","disagree somewhat","agree somewhat","disagree somewhat","neither agree
nor disagree","agree somewhat","agree somewhat","strongly agree","agree somewhat","Female",42,"United States of America","Some college but no degree",2,2,2,40,40,40,40,40,40,40,40,40,40,40,40,40,40,40,40,50.1960784313725,50.2222222222222,50.2222222222222,44.1176470588235,56.4705882352941,50.3125,50.3125,50.2564102564103,50.3571428571429,50.3571428571429,58.0769230769231,42.6923076923077,50.5882352941176,50.6666666666667,50.6666666666667,50.7692307692308,2,4,3,2,4,2,3,4,4,5,4,2,4
"R_DqqVlA3h1MQqVH3","TP",0,0,45,"Prosocial",1267,1267,NA,NA,NA,NA,NA,NA,NA,NA,NA,NA,NA,NA,"HH-LL","Welfare","","LL","LH","HL","HH","Similarity","",50,50,50,50,15,50,15,50,50,15,50,15,20,20,20,20,"Similarity","",128,128,113,113,85,86,81,80,98,98,71,70,66,65,43,43,38,38,33,33,"Similarity","","agree somewhat","neither agree
nor disagree","agree somewhat","disagree somewhat","disagree somewhat","disagree somewhat","neither agree
nor disagree","agree somewhat","disagree somewhat","agree somewhat","agree somewhat","Female",33,"United States of America","Bachelor's degree in college (4-year)",5,6,5,66.6666666666667,66.6666666666667,66.6666666666667,66.6666666666667,60,66.6666666666667,60,66.6666666666667,66.6666666666667,60,66.6666666666667,60,80,80,80,80,50.1960784313725,50.2222222222222,50.2222222222222,50,50.5882352941176,50.625,50,50.2564102564103,50.7142857142857,50,50.7692307692308,50,50.5882352941176,50.6666666666667,50.6666666666667,50.7692307692308,4,3,4,2,2,2,3,4,2,4,4,4,3
"R_30cM3ppMfzdfxQp","TP",0,0,30.19,"Prosocial",1309,1199,NA,NA,NA,NA,NA,NA,NA,NA,NA,NA,NA,NA,"HL-LH","Inequality","","LL","LH","HL","HH","Inequality","",50,25,20,25,10,30,15,50,30,15,20,5,20,15,15,10,"Welfare","",128,128,113,113,120,51,100,61,98,98,100,41,90,41,43,43,38,38,33,33,"Inequality","","disagree somewhat","neither agree
nor disagree","agree somewhat","neither agree
nor disagree","agree somewhat","disagree somewhat","agree somewhat","agree somewhat","neither agree
nor disagree","agree somewhat","agree somewhat","Female",45,"United States of America","Bachelor's degree in college (4-year)",3,3,3,66.6666666666667,33.3333333333333,26.6666666666667,33.3333333333333,40,40,60,66.6666666666667,40,60,26.6666666666667,20,80,60,60,40,50.1960784313725,50.2222222222222,50.2222222222222,70.5882352941177,30,62.5,38.125,50.2564102564103,71.4285714285714,29.2857142857143,69.2307692307692,31.5384615384615,50.5882352941176,50.6666666666667,50.6666666666667,50.7692307692308,2,3,4,3,4,2,4,4,3,4,4,2,3
"R_2q3n0n4pbFiyLCM","TP",0,0,34.88,"Prosocial",1296,1223,NA,NA,NA,NA,NA,NA,NA,NA,NA,NA,NA,NA,"HL-LH","Inequality","","LH","HL","HH","LL","Similarity","",50,50,50,20,15,50,15,50,50,15,50,20,20,12,12,15,"Similarity","",128,128,113,113,85,86,80,81,98,98,71,70,65,66,43,43,38,38,33,33,"Inequality","","strongly disagree","strongly agree","agree somewhat","strongly disagree","strongly agree","strongly disagree","agree somewhat","strongly agree","strongly agree","strongly agree","strongly agree","Female",34,"United States of America","High school graduate (high school diploma or equivalent including GED)",1,1,7,66.6666666666667,66.6666666666667,66.6666666666667,26.6666666666667,60,66.6666666666667,60,66.6666666666667,66.6666666666667,60,66.6666666666667,80,80,48,48,60,50.1960784313725,50.2222222222222,50.2222222222222,50,50.5882352941176,50,50.625,50.2564102564103,50.7142857142857,50,50,50.7692307692308,50.5882352941176,50.6666666666667,50.6666666666667,50.7692307692308,1,5,4,1,5,1,4,5,5,5,5,1,5
"R_2v2DVgWpA1VhPcY","TP",0,0,36.12,"Prosocial",1335,1245,NA,NA,NA,NA,NA,NA,NA,NA,NA,NA,NA,NA,"HL-LH","Similarity","","LH","LL","HH","HL","Similarity","",75,75,75,75,25,75,25,75,75,25,75,25,25,25,25,25,"Welfare","",128,128,113,113,86,85,80,81,98,98,71,70,66,65,43,43,38,38,33,33,"Similarity","","strongly disagree","strongly agree","strongly agree","agree somewhat","strongly agree","strongly disagree","strongly disagree","strongly agree","strongly agree","strongly agree","strongly agree","Female",33,"United States of America","Bachelor's degree in college (4-year)",1,1,1,100,100,100,100,100,100,100,100,100,100,100,100,100,100,100,100,50.1960784313725,50.2222222222222,50.2222222222222,50.5882352941176,50,50,50.625,50.2564102564103,50.7142857142857,50,50.7692307692308,50,50.5882352941176,50.6666666666667,50.6666666666667,50.7692307692308,1,5,5,4,5,1,1,5,5,5,5,1,5
"R_2ylLGMCHEY0cLCH","TP",0,0,34.88,"Prosocial",1328,1208,NA,NA,NA,NA,NA,NA,NA,NA,NA,NA,NA,NA,"HH-LL","Similarity","","LH","LL","HH","HL","Random","",50,50,50,75,25,25,25,40,25,25,50,15,25,20,20,15,"Random","",126,130,113,113,71,100,81,80,98,98,71,70,65,66,43,43,40,36,33,33,"Similarity","","strongly disagree","strongly agree","strongly agree","neither agree
nor disagree","disagree somewhat","disagree somewhat","agree somewhat","strongly agree","agree somewhat","strongly agree","agree somewhat","Female",42,"United States of America","Associate degree in college (2-year)",7,7,4,66.6666666666667,66.6666666666667,66.6666666666667,100,100,33.3333333333333,100,53.3333333333333,33.3333333333333,100,66.6666666666667,60,100,80,80,60,49.4117647058824,50.2222222222222,50.2222222222222,41.7647058823529,58.8235294117647,50.625,50,50.2564102564103,50.7142857142857,50,50,50.7692307692308,50.5882352941176,53.3333333333333,48,50.7692307692308,1,5,5,3,2,2,4,5,4,5,4,1,5
"R_BV1Rt2ll2WUBPzz","TP",0,0,19.47,"Individualistic",1374,1117,NA,NA,NA,NA,NA,NA,NA,NA,NA,NA,NA,NA,"HH-LL","Inequality","","HH","HL","LH","LL","Similarity","",10,5,5,5,3,5,5,10,10,10,8,5,10,5,5,10,"Similarity","",200,56,26,200,71,100,41,120,100,96,100,41,100,31,46,40,46,30,33,33,"Random","","disagree somewhat","disagree somewhat","disagree somewhat","disagree somewhat","disagree somewhat","disagree somewhat","disagree somewhat","disagree somewhat","disagree somewhat","agree somewhat","agree somewhat","Male",39,"United States of America","Associate degree in college (2-year)",7,7,7,13.3333333333333,6.66666666666667,6.66666666666667,6.66666666666667,12,6.66666666666667,20,13.3333333333333,13.3333333333333,40,10.6666666666667,20,40,20,20,40,78.4313725490196,11.5555555555556,88.8888888888889,41.7647058823529,58.8235294117647,25.625,75,51.2820512820513,71.4285714285714,29.2857142857143,76.9230769230769,23.8461538461538,54.1176470588235,61.3333333333333,40,50.7692307692308,2,2,2,2,2,2,2,2,2,4,4,2,2
"R_10VKqfzuLg3DYBt","TP",0,0,34.88,"Prosocial",1290,1220,NA,NA,NA,NA,NA,NA,NA,NA,NA,NA,NA,NA,"HL-LH","Inequality","","LL","LH","HL","HH","Welfare","",50,50,45,65,10,50,10,60,50,10,50,10,10,15,15,10,"Welfare","",128,128,113,113,98,73,80,81,98,98,70.5,70.5,65.5,65.5,43,43,43,33,33,33,"Welfare","","neither agree
nor disagree","neither agree
nor disagree","agree somewhat","neither agree
nor disagree","neither agree
nor disagree","strongly disagree","strongly disagree","neither agree
nor disagree","neither agree
nor disagree","strongly agree","neither agree
nor disagree","Female",38,"United States of America","Some college but no degree",4,4,4,66.6666666666667,66.6666666666667,60,86.6666666666667,40,66.6666666666667,40,80,66.6666666666667,40,66.6666666666667,40,40,60,60,40,50.1960784313725,50.2222222222222,50.2222222222222,57.6470588235294,42.9411764705882,50,50.625,50.2564102564103,50.3571428571429,50.3571428571429,50.3846153846154,50.3846153846154,50.5882352941176,57.3333333333333,44,50.7692307692308,3,3,4,3,3,1,1,3,3,5,3,3,3
"R_2Ymj2n6ErrhpI9k","TP",0,0,7.82,"Individualistic",1455,1075,NA,NA,NA,NA,NA,NA,NA,NA,NA,NA,NA,NA,"HL-LH","Inequality","","LL","LH","HL","HH","Inequality","",50,50,50,50,5,50,5,50,50,5,50,5,5,5,5,0,"Inequality","",128,128,113,113,71,100,61,100,98,98,41,100,31,100,43,43,38,38,33,33,"Inequality","","strongly disagree","strongly agree","strongly disagree","strongly disagree","strongly agree","strongly disagree","strongly disagree","strongly agree","strongly agree","strongly agree","strongly agree","Male",44,"United States of America","Some college but no degree",1,1,1,66.6666666666667,66.6666666666667,66.6666666666667,66.6666666666667,20,66.6666666666667,20,66.6666666666667,66.6666666666667,20,66.6666666666667,20,20,20,20,0,50.1960784313725,50.2222222222222,50.2222222222222,41.7647058823529,58.8235294117647,38.125,62.5,50.2564102564103,29.2857142857143,71.4285714285714,23.8461538461538,76.9230769230769,50.5882352941176,50.6666666666667,50.6666666666667,50.7692307692308,1,5,1,1,5,1,1,5,5,5,5,1,5
"R_xacApNOMzAp7TcB","TP",0,0,23.33,"Prosocial",1322,1171,NA,NA,NA,NA,NA,NA,NA,NA,NA,NA,NA,NA,"HL-LH","Welfare","","HL","HH","LL","LH","Similarity","",35,35,35,40,10,40,10,35,40,10,35,10,10,10,10,10,"Welfare","",128,128,125,101,125,46,111,50,98,98,94,47,86,45,43,43,41,35,33,33,"Inequality","","strongly disagree","strongly agree","strongly agree","strongly disagree","neither agree
nor disagree","disagree somewhat","agree somewhat","strongly agree","neither agree
nor disagree","agree somewhat","strongly agree","Female",20,"United States of America","Some college but no degree",2,2,3,46.6666666666667,46.6666666666667,46.6666666666667,53.3333333333333,40,53.3333333333333,40,46.6666666666667,53.3333333333333,40,46.6666666666667,40,40,40,40,40,50.1960784313725,55.5555555555556,44.8888888888889,73.5294117647059,27.0588235294118,69.375,31.25,50.2564102564103,67.1428571428571,33.5714285714286,66.1538461538461,34.6153846153846,50.5882352941176,54.6666666666667,46.6666666666667,50.7692307692308,1,5,5,1,3,2,4,5,3,4,5,1,5
"R_279m9HtMiS4KHyP","TP",0,0,7.82,"Individualistic",1455,1075,NA,NA,NA,NA,NA,NA,NA,NA,NA,NA,NA,NA,"HL-LH","Inequality","","LL","LH","HL","HH","Inequality","",75,75,75,75,25,75,25,75,75,25,75,25,25,25,25,25,"Inequality","",128,128,113,113,85.5,85.5,80.5,80.5,98,98,70.5,70.5,65.5,65.5,43,43,38,38,33,33,"Similarity","","neither agree
nor disagree","agree somewhat","strongly disagree","neither agree
nor disagree","neither agree
nor disagree","strongly agree","strongly agree","strongly agree","disagree somewhat","agree somewhat","neither agree
nor disagree","Female",41,"United States of America","Bachelor's degree in college (4-year)",4,5,4,100,100,100,100,100,100,100,100,100,100,100,100,100,100,100,100,50.1960784313725,50.2222222222222,50.2222222222222,50.2941176470588,50.2941176470588,50.3125,50.3125,50.2564102564103,50.3571428571429,50.3571428571429,50.3846153846154,50.3846153846154,50.5882352941176,50.6666666666667,50.6666666666667,50.7692307692308,3,4,1,3,3,5,5,5,2,4,3,3,4
"R_1BWuyJsR8AwuA7f","TP",0,0,30.43,"Prosocial",1312,1194,NA,NA,NA,NA,NA,NA,NA,NA,NA,NA,NA,NA,"HL-LH","Inequality","","HH","HL","LH","LL","Similarity","",75,40,25,50,12,40,10,30,35,15,35,5,15,10,8,10,"Inequality","",128,128,113,113,86,85,81,80,98,98,71,70,66,65,43,43,38,38,33,33,"Similarity","","strongly disagree","agree somewhat","strongly disagree","strongly disagree","agree somewhat","strongly disagree","strongly disagree","strongly agree","neither agree
nor disagree","strongly agree","strongly agree","Female",23,"United States of America","Bachelor's degree in college (4-year)",2,1,5,100,53.3333333333333,33.3333333333333,66.6666666666667,48,53.3333333333333,40,40,46.6666666666667,60,46.6666666666667,20,60,40,32,40,50.1960784313725,50.2222222222222,50.2222222222222,50.5882352941176,50,50.625,50,50.2564102564103,50.7142857142857,50,50.7692307692308,50,50.5882352941176,50.6666666666667,50.6666666666667,50.7692307692308,1,4,1,1,4,1,1,5,3,5,5,1,4
"R_1GqBraRUOUNYYIV","TP",0,0,34.88,"Prosocial",1386,1206,NA,NA,NA,NA,NA,NA,NA,NA,NA,NA,NA,NA,"HH-LL","Similarity","","LL","LH","HL","HH","Random","",50,45,45,50,15,50,20,50,50,15,40,10,20,15,15,15,"Inequality","",128,128,113,113,86,85,81,80,98,98,75,66,66,65,43,43,38,38,33,33,"Inequality","","strongly disagree","strongly agree","strongly disagree","disagree somewhat","strongly agree","disagree somewhat","disagree somewhat","strongly agree","strongly agree","strongly agree","strongly agree","Female",48,"United States of America","Some college but no degree",1,1,1,66.6666666666667,60,60,66.6666666666667,60,66.6666666666667,80,66.6666666666667,66.6666666666667,60,53.3333333333333,40,80,60,60,60,50.1960784313725,50.2222222222222,50.2222222222222,50.5882352941176,50,50.625,50,50.2564102564103,53.5714285714286,47.1428571428571,50.7692307692308,50,50.5882352941176,50.6666666666667,50.6666666666667,50.7692307692308,1,5,1,2,5,2,2,5,5,5,5,1,5
"R_A6UCU9kVPbgJbbP","TP",0,0,34.88,"Prosocial",1292,1222,NA,NA,NA,NA,NA,NA,NA,NA,NA,NA,NA,NA,"HL-LH","Welfare","","LL","LH","HL","HH","Welfare","",40,40,35,45,10,45,10,35,35,10,35,10,10,15,10,10,"Welfare","",128,128,113,113,85.5,85.5,80.5,80.5,98,98,70.5,70.5,65.5,65.5,43,43,38,38,33,33,"Similarity","","strongly disagree","strongly agree","strongly disagree","strongly agree","strongly agree","strongly disagree","strongly agree","strongly agree","strongly agree","strongly agree","strongly agree","Male",25,"United States of America","High school graduate (high school diploma or equivalent including GED)",3,3,3,53.3333333333333,53.3333333333333,46.6666666666667,60,40,60,40,46.6666666666667,46.6666666666667,40,46.6666666666667,40,40,60,40,40,50.1960784313725,50.2222222222222,50.2222222222222,50.2941176470588,50.2941176470588,50.3125,50.3125,50.2564102564103,50.3571428571429,50.3571428571429,50.3846153846154,50.3846153846154,50.5882352941176,50.6666666666667,50.6666666666667,50.7692307692308,1,5,1,5,5,1,5,5,5,5,5,1,5
"R_6XKTbJJzjzKZ5rb","TP",0,0,7.82,"Individualistic",1455,1075,NA,NA,NA,NA,NA,NA,NA,NA,NA,NA,NA,NA,"HH-LL","Random","","HH","HL","LH","LL","Similarity","",75,75,75,0,0,0,0,75,0,0,0,0,25,25,25,25,"Welfare","",128,128,112,114,86,85,81,80,98,98,72,69,66,65,43,43,38,38,33,33,"Inequality","","strongly disagree","agree somewhat","strongly agree","neither agree
nor disagree","strongly disagree","strongly disagree","strongly disagree","strongly agree","strongly disagree","strongly disagree","neither agree
nor disagree","Male",35,"United States of America","Associate degree in college (2-year)",7,7,7,100,100,100,0,0,0,0,100,0,0,0,0,100,100,100,100,50.1960784313725,49.7777777777778,50.6666666666667,50.5882352941176,50,50.625,50,50.2564102564103,51.4285714285714,49.2857142857143,50.7692307692308,50,50.5882352941176,50.6666666666667,50.6666666666667,50.7692307692308,1,4,5,3,1,1,1,5,1,1,3,1,4
"R_1dh8qpPJUpSqW6S","TP",0,0,32.91,"Prosocial",1340,1218,NA,NA,NA,NA,NA,NA,NA,NA,NA,NA,NA,NA,"HH-LL","Welfare","","LL","LH","HL","HH","Inequality","",75,75,75,75,25,75,25,75,75,25,75,25,25,25,25,25,"Welfare","",128,128,128,98,128,43,100,61,98,98,98,43,98,33,43,43,43,33,33,33,"Welfare","","agree somewhat","neither agree
nor disagree","disagree somewhat","agree somewhat","neither agree
nor disagree","disagree somewhat","strongly disagree","agree somewhat","disagree somewhat","strongly disagree","strongly disagree","Male",35,"United States of America","Some college but no degree",7,6,4,100,100,100,100,100,100,100,100,100,100,100,100,100,100,100,100,50.1960784313725,56.8888888888889,43.5555555555556,75.2941176470588,25.2941176470588,62.5,38.125,50.2564102564103,70,30.7142857142857,75.3846153846154,25.3846153846154,50.5882352941176,57.3333333333333,44,50.7692307692308,4,3,2,4,3,2,1,4,2,1,1,4,3
"R_Wpxo0GMYHRCa3y9","TP",0,0,52.91,"Prosocial",1165,1335,NA,NA,NA,NA,NA,NA,NA,NA,NA,NA,NA,NA,"HL-LH","Inequality","","HH","HL","LH","LL","Inequality","",75,75,75,75,25,75,25,75,75,25,75,25,25,25,25,25,"Inequality","",128,128,113,113,85.5,85.5,80.5,80.5,98,98,70.5,70.5,65.5,65.5,43,43,38,38,33,33,"Inequality","","strongly disagree","strongly agree","strongly disagree","strongly disagree","strongly agree","strongly disagree","strongly disagree","strongly agree","neither agree
nor disagree","strongly agree","strongly agree","Male",24,"United States of America","High school graduate (high school diploma or equivalent including GED)",1,1,1,100,100,100,100,100,100,100,100,100,100,100,100,100,100,100,100,50.1960784313725,50.2222222222222,50.2222222222222,50.2941176470588,50.2941176470588,50.3125,50.3125,50.2564102564103,50.3571428571429,50.3571428571429,50.3846153846154,50.3846153846154,50.5882352941176,50.6666666666667,50.6666666666667,50.7692307692308,1,5,1,1,5,1,1,5,3,5,5,1,5
"R_vZTud9fJTtKW8Mh","TP",0,0,45,"Prosocial",1301,1261,NA,NA,NA,NA,NA,NA,NA,NA,NA,NA,NA,NA,"HH-LL","Welfare","","LL","LH","HL","HH","Welfare","",75,75,75,50,20,50,20,75,25,20,25,15,25,25,25,25,"Welfare","",128,128,113,113,100,71,91,70,98,98,81,60,81,50,43,43,38,38,33,33,"Inequality","","agree somewhat","neither agree
nor disagree","agree somewhat","neither agree
nor disagree","disagree somewhat","neither agree
nor disagree","disagree somewhat","agree somewhat","disagree somewhat","neither agree
nor disagree","disagree somewhat","Male",48,"United States of America","Some college but no degree",5,5,5,100,100,100,66.6666666666667,80,66.6666666666667,80,100,33.3333333333333,80,33.3333333333333,60,100,100,100,100,50.1960784313725,50.2222222222222,50.2222222222222,58.8235294117647,41.7647058823529,56.875,43.75,50.2564102564103,57.8571428571429,42.8571428571429,62.3076923076923,38.4615384615385,50.5882352941176,50.6666666666667,50.6666666666667,50.7692307692308,4,3,4,3,2,3,2,4,2,3,2,4,3
"R_3Mtb1teV93B4Ppw","TP",0,0,30.92,"Prosocial",1292,1208,NA,NA,NA,NA,NA,NA,NA,NA,NA,NA,NA,NA,"HH-LL","Welfare","","LL","LH","HL","HH","Welfare","",70,50,40,50,10,50,10,45,40,10,50,10,15,10,10,10,"Welfare","",128,128,123,103,100,71,100,61,98,98,98,43,96,35,43,43,44,32,33,33,"Welfare","","disagree somewhat","strongly agree","neither agree
nor disagree","disagree somewhat","agree somewhat","agree somewhat","neither agree
nor disagree","agree somewhat","neither agree
nor disagree","agree somewhat","agree somewhat","Male",27,"United States of America","Some college but no degree",3,3,5,93.3333333333333,66.6666666666667,53.3333333333333,66.6666666666667,40,66.6666666666667,40,60,53.3333333333333,40,66.6666666666667,40,60,40,40,40,50.1960784313725,54.6666666666667,45.7777777777778,58.8235294117647,41.7647058823529,62.5,38.125,50.2564102564103,70,30.7142857142857,73.8461538461539,26.9230769230769,50.5882352941176,58.6666666666667,42.6666666666667,50.7692307692308,2,5,3,2,4,4,3,4,3,4,4,2,5
"R_2YxDf2SlFdDR6px","TP",0,0,-7.82,"Individualistic",1455,1005,NA,NA,NA,NA,NA,NA,NA,NA,NA,NA,NA,NA,"HL-LH","Welfare","","HH","HL","LH","LL","Other","Fair is fair, that's really all.",75,75,75,75,25,75,25,75,75,25,75,25,25,25,25,25,"Welfare","",128,128,128,98,128,43,128,33,98,98,98,43,98,33,43,43,33,43,33,33,"Other","It isn't just about maximal benefit. It is about encouraging mutual benefit. Let Person A have 100 units. Let Person B have 10 units. Both A and B put 100% of their units into a common account.

Allow the rate to be 3.0.

Then, the common account now 330.

One fairness is to split this 50%, which yields both individuals with more than they started with. In my world, I would prefer this option. I think it is a great evil to be greedy.

But we cannot expect all Persons A to be happy with this. Many Persons A would be unsatisfied with not receiving maximum benefit. In such a case, I am confident that many Persons A would rather keep their 100 units either in the feeling that it is unfair of them to put in their money, or purely in spite of Person B.

However, given the same scenario:

A = 100 * the multiplier of 3 = 300.
B = 10 * 3 = 30

Person A has yielded 300.
Person B has yielded 30.

Both Persons have received triple the money they started with.

Person B would of course be much happier to evenly split the total account, but Person A would be more likely to participate in general if they are allowed to keep the full 300.

This still benefits Person B, who would otherwise be completely unable to multiply their money (as no combined account would exist in the first place).

If you asked me what Person A ought to OFFER, I would say that Person A should offer to split the money, in mutual benefit. It is immoral not to.

If you ask me what the fundamental policy should be (ensuring that human nature doesn't prevent such accounts from allows Persons B from gaining more wealth), I would say that the policy should be that one gets what one puts in, and that anymore is altruism offered by Person A.","strongly disagree","strongly agree","disagree somewhat","strongly disagree","strongly agree","disagree somewhat","disagree somewhat","strongly agree","neither agree
nor disagree","strongly agree","strongly agree","Male",27,"United States of America","High school graduate (high school diploma or equivalent including GED)",1,1,1,100,100,100,100,100,100,100,100,100,100,100,100,100,100,100,100,50.1960784313725,56.8888888888889,43.5555555555556,75.2941176470588,25.2941176470588,80,20.625,50.2564102564103,70,30.7142857142857,75.3846153846154,25.3846153846154,50.5882352941176,44,57.3333333333333,50.7692307692308,1,5,2,1,5,2,2,5,3,5,5,1,5
"R_2wQRcAEMCtRc935","TP",0,0,34.88,"Prosocial",1290,1217,NA,NA,NA,NA,NA,NA,NA,NA,NA,NA,NA,NA,"HL-LH","Random","","LL","LH","HL","HH","Inequality","",75,75,75,50,25,75,25,75,75,25,75,25,25,25,25,25,"Inequality","",128,128,126,100,101,70,81,80,98,98,80,61,81,50,43,43,40,36,33,33,"Inequality","","neither agree
nor disagree","neither agree
nor disagree","neither agree
nor disagree","neither agree
nor disagree","disagree somewhat","neither agree
nor disagree","agree somewhat","agree somewhat","disagree somewhat","neither agree
nor disagree","neither agree
nor disagree","I prefer not to say",50,"United States of America","Master's degree",4,4,4,100,100,100,66.6666666666667,100,100,100,100,100,100,100,100,100,100,100,100,50.1960784313725,56,44.4444444444444,59.4117647058824,41.1764705882353,50.625,50,50.2564102564103,57.1428571428571,43.5714285714286,62.3076923076923,38.4615384615385,50.5882352941176,53.3333333333333,48,50.7692307692308,3,3,3,3,2,3,4,4,2,3,3,3,3
"R_25K0SygRXjxUzMB","TP",0,0,7.82,"Individualistic",1455,1075,NA,NA,NA,NA,NA,NA,NA,NA,NA,NA,NA,NA,"HH-LL","Welfare","","LL","LH","HL","HH","Inequality","",75,60,75,50,25,50,25,75,50,25,50,25,25,25,25,25,"Welfare","",128,128,113,113,100,71,100,61,98,98,90,51,90,41,43,43,38,38,33,33,"Welfare","","disagree somewhat","agree somewhat","strongly agree","neither agree
nor disagree","neither agree
nor disagree","agree somewhat","agree somewhat","strongly agree","disagree somewhat","agree somewhat","agree somewhat","Male",50,"United States of America","Bachelor's degree in college (4-year)",4,3,4,100,80,100,66.6666666666667,100,66.6666666666667,100,100,66.6666666666667,100,66.6666666666667,100,100,100,100,100,50.1960784313725,50.2222222222222,50.2222222222222,58.8235294117647,41.7647058823529,62.5,38.125,50.2564102564103,64.2857142857143,36.4285714285714,69.2307692307692,31.5384615384615,50.5882352941176,50.6666666666667,50.6666666666667,50.7692307692308,2,4,5,3,3,4,4,5,2,4,4,2,4
"R_2Wx4snnLDmeVNfw","TP",0,0,37.48,"Prosocial",1283,1235,NA,NA,NA,NA,NA,NA,NA,NA,NA,NA,NA,NA,"HL-LH","Inequality","","LL","LH","HL","HH","Inequality","",75,75,75,75,25,75,25,75,25,25,25,25,25,25,25,25,"Welfare","",128,128,113,113,85.5,85.5,111,50,98,98,91,50,90,41,43,43,38,38,33,33,"Welfare","","neither agree
nor disagree","agree somewhat","agree somewhat","strongly disagree","strongly agree","neither agree
nor disagree","strongly agree","strongly agree","strongly agree","strongly agree","strongly agree","Male",33,"United States of America","Some college but no degree",3,3,3,100,100,100,100,100,100,100,100,33.3333333333333,100,33.3333333333333,100,100,100,100,100,50.1960784313725,50.2222222222222,50.2222222222222,50.2941176470588,50.2941176470588,69.375,31.25,50.2564102564103,65,35.7142857142857,69.2307692307692,31.5384615384615,50.5882352941176,50.6666666666667,50.6666666666667,50.7692307692308,3,4,4,1,5,3,5,5,5,5,5,3,4
"R_3hlrN5BJYB7i5dc","TP",0,0,45,"Prosocial",1230,1230,NA,NA,NA,NA,NA,NA,NA,NA,NA,NA,NA,NA,"HH-LL","Similarity","","LL","LH","HL","HH","Welfare","",75,75,75,75,25,75,25,75,75,25,75,25,25,25,25,25,"Welfare","",128,128,113,113,85,86,80,81,98,98,70,71,65,66,43,43,38,38,33,33,"Inequality","","neither agree
nor disagree","agree somewhat","strongly disagree","disagree somewhat","disagree somewhat","neither agree
nor disagree","disagree somewhat","neither agree
nor disagree","neither agree
nor disagree","neither agree
nor disagree","neither agree
nor disagree","Male",25,"United States of America","Associate degree in college (2-year)",3,3,5,100,100,100,100,100,100,100,100,100,100,100,100,100,100,100,100,50.1960784313725,50.2222222222222,50.2222222222222,50,50.5882352941176,50,50.625,50.2564102564103,50,50.7142857142857,50,50.7692307692308,50.5882352941176,50.6666666666667,50.6666666666667,50.7692307692308,3,4,1,2,2,3,2,3,3,3,3,3,4
"R_3Rg6mCmwowkhxS0","TP",0,0,37.37,"Prosocial",1322,1265,NA,NA,NA,NA,NA,NA,NA,NA,NA,NA,NA,NA,"HH-LL","Welfare","","LL","LH","HL","HH","Inequality","",75,75,75,20,10,15,10,75,25,10,15,5,25,25,25,25,"Welfare","",128,128,113,113,86,85,81,80,98,98,71,70,66,65,43,43,38,38,33,33,"Welfare","","disagree somewhat","agree somewhat","neither agree
nor disagree","agree somewhat","agree somewhat","agree somewhat","agree somewhat","agree somewhat","agree somewhat","agree somewhat","neither agree
nor disagree","Male",48,"United States of America","Master's degree",5,3,4,100,100,100,26.6666666666667,40,20,40,100,33.3333333333333,40,20,20,100,100,100,100,50.1960784313725,50.2222222222222,50.2222222222222,50.5882352941176,50,50.625,50,50.2564102564103,50.7142857142857,50,50.7692307692308,50,50.5882352941176,50.6666666666667,50.6666666666667,50.7692307692308,2,4,3,4,4,4,4,4,4,4,3,2,4
"R_2EgVUp2LZnTz4U4","TP",0,0,7.82,"Individualistic",1455,1075,NA,NA,NA,NA,NA,NA,NA,NA,NA,NA,NA,NA,"HH-LL","Welfare","","LL","LH","HH","HL","Inequality","",75,75,75,75,25,75,25,75,75,25,75,25,25,25,25,25,"Welfare","",128,128,113,113,86,85,81,80,98,98,70,71,65,66,43,43,38,38,33,33,"Welfare","","strongly disagree","strongly agree","disagree somewhat","strongly disagree","strongly agree","strongly disagree","strongly agree","strongly agree","strongly agree","strongly agree","strongly agree","Female",23,"United States of America","High school graduate (high school diploma or equivalent including GED)",2,2,7,100,100,100,100,100,100,100,100,100,100,100,100,100,100,100,100,50.1960784313725,50.2222222222222,50.2222222222222,50.5882352941176,50,50.625,50,50.2564102564103,50,50.7142857142857,50,50.7692307692308,50.5882352941176,50.6666666666667,50.6666666666667,50.7692307692308,1,5,2,1,5,1,5,5,5,5,5,1,5
"R_22zSrY8vUYQXEs4","TP",0,0,40.55,"Prosocial",1244,1233,NA,NA,NA,NA,NA,NA,NA,NA,NA,NA,NA,NA,"HL-LH","Inequality","","LL","LH","HL","HH","Inequality","",75,75,75,50,25,50,25,75,50,25,40,25,25,20,25,25,"Welfare","",128,128,120,106,110,61,100,61,98,98,91,50,85,46,43,43,40,36,33,33,"Inequality","","strongly disagree","strongly agree","strongly disagree","disagree somewhat","agree somewhat","neither agree
nor disagree","agree somewhat","strongly agree","disagree somewhat","strongly agree","strongly agree","Male",34,"United States of America","High school graduate (high school diploma or equivalent including GED)",1,1,1,100,100,100,66.6666666666667,100,66.6666666666667,100,100,66.6666666666667,100,53.3333333333333,100,100,80,100,100,50.1960784313725,53.3333333333333,47.1111111111111,64.7058823529412,35.8823529411765,62.5,38.125,50.2564102564103,65,35.7142857142857,65.3846153846154,35.3846153846154,50.5882352941176,53.3333333333333,48,50.7692307692308,1,5,1,2,4,3,4,5,2,5,5,1,5
"R_3kivlx3wswfg3Oz","TP",0,0,-7.82,"Individualistic",1455,1005,NA,NA,NA,NA,NA,NA,NA,NA,NA,NA,NA,NA,"HH-LL","Similarity","","HH","HL","LH","LL","Similarity","",75,75,75,75,25,75,25,75,75,25,75,25,25,25,25,25,"Welfare","",128,128,126,100,128,43,128,33,98,98,98,43,98,33,43,43,43,33,33,33,"Inequality","","strongly agree","strongly disagree","strongly agree","strongly agree","strongly disagree","strongly agree","disagree somewhat","strongly disagree","strongly disagree","strongly disagree","strongly disagree","Male",30,"United States of America","Master's degree",7,7,7,100,100,100,100,100,100,100,100,100,100,100,100,100,100,100,100,50.1960784313725,56,44.4444444444444,75.2941176470588,25.2941176470588,80,20.625,50.2564102564103,70,30.7142857142857,75.3846153846154,25.3846153846154,50.5882352941176,57.3333333333333,44,50.7692307692308,5,1,5,5,1,5,2,1,1,1,1,5,1
"R_2zdyyXPvBalfSuC","TP",0,0,45,"Prosocial",1303,1253,NA,NA,NA,NA,NA,NA,NA,NA,NA,NA,NA,NA,"HL-LH","Inequality","","HH","LH","HL","LL","Other","Mix of inequality and max benefit, two of the pairs I chose inequality and two of the pairs I decided that it was best to go all out max benefit on one and have a very low benefit option as I believe it's worth the risk.",75,75,50,75,25,75,25,50,50,25,25,25,25,25,25,25,"Welfare","",128,128,113,113,120,51,110,51,98,98,101,40,91,40,43,43,38,38,33,33,"Other","I feel if the player with the type of 75 units decides to put all of their units that it's a bigger risk compared to a player risking all of their 25 units and thus the player with 75 units deserves a bigger amount.","disagree somewhat","strongly agree","neither agree
nor disagree","disagree somewhat","agree somewhat","disagree somewhat","neither agree
nor disagree","strongly agree","neither agree
nor disagree","strongly agree","strongly agree","Male",31,"United States of America","Some college but no degree",1,1,7,100,100,66.6666666666667,100,100,100,100,66.6666666666667,66.6666666666667,100,33.3333333333333,100,100,100,100,100,50.1960784313725,50.2222222222222,50.2222222222222,70.5882352941177,30,68.75,31.875,50.2564102564103,72.1428571428571,28.5714285714286,70,30.7692307692308,50.5882352941176,50.6666666666667,50.6666666666667,50.7692307692308,2,5,3,2,4,2,3,5,3,5,5,2,5
"R_2EnqiRfoM6qaHz5","TP",0,0,37.48,"Prosocial",1281,1233,NA,NA,NA,NA,NA,NA,NA,NA,NA,NA,NA,NA,"HH-LL","Other","I must have been confused. I thought I was supposed to emulate previous examples.","LL","LH","HL","HH","Inequality","",40,40,40,40,10,40,10,40,40,10,40,10,10,20,20,20,"Inequality","",128,128,113,113,85.5,85.5,81,80,98,98,70.5,70.5,65.5,65.5,43,43,38,38,33,33,"Inequality","","strongly disagree","strongly agree","strongly disagree","strongly disagree","strongly agree","disagree somewhat","agree somewhat","strongly agree","neither agree
nor disagree","strongly agree","strongly agree","Male",47,"United States of America","Some college but no degree",1,1,2,53.3333333333333,53.3333333333333,53.3333333333333,53.3333333333333,40,53.3333333333333,40,53.3333333333333,53.3333333333333,40,53.3333333333333,40,40,80,80,80,50.1960784313725,50.2222222222222,50.2222222222222,50.2941176470588,50.2941176470588,50.625,50,50.2564102564103,50.3571428571429,50.3571428571429,50.3846153846154,50.3846153846154,50.5882352941176,50.6666666666667,50.6666666666667,50.7692307692308,1,5,1,1,5,2,4,5,3,5,5,1,5
"R_2VjwMHjCuxlLKh8","TP",0,0,7.82,"Individualistic",1455,1075,NA,NA,NA,NA,NA,NA,NA,NA,NA,NA,NA,NA,"HH-LL","Similarity","","LL","LH","HH","HL","Inequality","",50,40,40,40,10,40,10,50,40,10,40,10,10,10,10,10,"Welfare","",128,128,113,113,86,85,81,80,98,98,70,71,65,66,43,43,38,38,33,33,"Similarity","","neither agree
nor disagree","neither agree
nor disagree","disagree somewhat","disagree somewhat","neither agree
nor disagree","neither agree
nor disagree","agree somewhat","neither agree
nor disagree","disagree somewhat","agree somewhat","agree somewhat","Male",45,"United States of America","Associate degree in college (2-year)",2,2,2,66.6666666666667,53.3333333333333,53.3333333333333,53.3333333333333,40,53.3333333333333,40,66.6666666666667,53.3333333333333,40,53.3333333333333,40,40,40,40,40,50.1960784313725,50.2222222222222,50.2222222222222,50.5882352941176,50,50.625,50,50.2564102564103,50,50.7142857142857,50,50.7692307692308,50.5882352941176,50.6666666666667,50.6666666666667,50.7692307692308,3,3,2,2,3,3,4,3,2,4,4,3,3
"R_1P7xsLDDMowkIG8","TP",0,0,45,"Prosocial",1305,1255,NA,NA,NA,NA,NA,NA,NA,NA,NA,NA,NA,NA,"HH-LL","Similarity","","LL","LH","HL","HH","Welfare","",70,70,70,20,20,20,20,70,20,20,20,20,20,20,20,20,"Inequality","",128,128,113,113,108,63,105.5,55.5,98,98,95.5,45.5,90.5,40.5,43,43,38,38,33,33,"Inequality","","disagree somewhat","neither agree
nor disagree","strongly disagree","disagree somewhat","agree somewhat","agree somewhat","agree somewhat","strongly agree","strongly disagree","disagree somewhat","disagree somewhat","Male",20,"United States of America","Some college but no degree",5,5,4,93.3333333333333,93.3333333333333,93.3333333333333,26.6666666666667,80,26.6666666666667,80,93.3333333333333,26.6666666666667,80,26.6666666666667,80,80,80,80,80,50.1960784313725,50.2222222222222,50.2222222222222,63.5294117647059,37.0588235294118,65.9375,34.6875,50.2564102564103,68.2142857142857,32.5,69.6153846153846,31.1538461538462,50.5882352941176,50.6666666666667,50.6666666666667,50.7692307692308,2,3,1,2,4,4,4,5,1,2,2,2,3
"R_1gV0cNWUKb2R3ty","TP",0,0,34.88,"Prosocial",1288,1225,NA,NA,NA,NA,NA,NA,NA,NA,NA,NA,NA,NA,"HH-LL","Similarity","","LL","LH","HL","HH","Other","I wanted the pairs to be opposites. I wanted High to Low and Low to High.",35,35,35,35,10,35,10,35,35,10,35,10,10,10,10,10,"Other","I felt that each type should contribute close to 40 percent of their income regardless of multiplier.",128,128,113,113,86,85,81,80,98,98,71,70,66,65,43,43,38,38,33,33,"Other","I wanted to split the units from the common account as evenly as possible while rounding to the nearest whole unit. So if the sum of the common account is an odd number I will give an additional unit to the largest contributor.","agree somewhat","agree somewhat","disagree somewhat","strongly disagree","disagree somewhat","strongly agree","strongly agree","strongly agree","strongly disagree","disagree somewhat","agree somewhat","Male",32,"United States of America","Some college but no degree",3,3,5,46.6666666666667,46.6666666666667,46.6666666666667,46.6666666666667,40,46.6666666666667,40,46.6666666666667,46.6666666666667,40,46.6666666666667,40,40,40,40,40,50.1960784313725,50.2222222222222,50.2222222222222,50.5882352941176,50,50.625,50,50.2564102564103,50.7142857142857,50,50.7692307692308,50,50.5882352941176,50.6666666666667,50.6666666666667,50.7692307692308,4,4,2,1,2,5,5,5,1,2,4,4,4
"R_ZkSJqx1pnT3naLv","TP",0,0,34.88,"Prosocial",1398,1178,NA,NA,NA,NA,NA,NA,NA,NA,NA,NA,NA,NA,"HH-LL","Similarity","","LL","LH","HH","HL","Inequality","",25,25,25,25,15,25,15,25,25,15,15,15,25,15,15,25,"Inequality","",128,128,113,113,86,85,81,80,98,98,71,70,65,66,43,43,38,38,33,33,"Welfare","","strongly disagree","agree somewhat","disagree somewhat","strongly disagree","agree somewhat","strongly disagree","disagree somewhat","strongly agree","disagree somewhat","strongly agree","strongly agree","Female",42,"United States of America","Bachelor's degree in college (4-year)",2,1,7,33.3333333333333,33.3333333333333,33.3333333333333,33.3333333333333,60,33.3333333333333,60,33.3333333333333,33.3333333333333,60,20,60,100,60,60,100,50.1960784313725,50.2222222222222,50.2222222222222,50.5882352941176,50,50.625,50,50.2564102564103,50.7142857142857,50,50,50.7692307692308,50.5882352941176,50.6666666666667,50.6666666666667,50.7692307692308,1,4,2,1,4,1,2,5,2,5,5,1,4
"R_21zIKxFSkJvm8sP","TP",0,0,7.82,"Individualistic",1449,1069,NA,NA,NA,NA,NA,NA,NA,NA,NA,NA,NA,NA,"HL-LH","Inequality","","LL","LH","HL","HH","Inequality","",39,36,39,30,11,39,12,40,35,10,36,10,10,8,10,10,"Inequality","",128,128,113,113,85.5,85.5,80.5,80.5,98,98,70.5,70.5,65.5,65.5,43,43,38,38,33,33,"Similarity","","agree somewhat","neither agree
nor disagree","agree somewhat","disagree somewhat","strongly disagree","agree somewhat","agree somewhat","agree somewhat","agree somewhat","agree somewhat","agree somewhat","Male",23,"United States of America","Master's degree",5,6,6,52,48,52,40,44,52,48,53.3333333333333,46.6666666666667,40,48,40,40,32,40,40,50.1960784313725,50.2222222222222,50.2222222222222,50.2941176470588,50.2941176470588,50.3125,50.3125,50.2564102564103,50.3571428571429,50.3571428571429,50.3846153846154,50.3846153846154,50.5882352941176,50.6666666666667,50.6666666666667,50.7692307692308,4,3,4,2,1,4,4,4,4,4,4,4,3
