participant.id_in_session,participant.code,participant.label,participant._is_bot,participant._index_in_pages,participant._max_page_index,participant._current_app_name,participant._current_page_name,participant.time_started,participant.visited,participant.mturk_worker_id,participant.mturk_assignment_id,participant.payoff,participant.payoff_plus_participation_fee,session.code,session.label,session.experimenter_name,session.mturk_HITId,session.mturk_HITGroupId,session.comment,session.is_demo,session.config.participation_fee,session.config.real_world_currency_per_point,tt.1.player.id_in_group,tt.1.player.treatment,tt.1.player.context,tt.1.player.random_decision,tt.1.player.random_input,tt.1.player.choice,tt.1.player.order,tt.1.player.severity,tt.1.player.reputation,tt.1.player.choice_1,tt.1.player.choice_2,tt.1.player.choice_3,tt.1.player.choice_4,tt.1.player.choice_5,tt.1.player.belief_1,tt.1.player.belief_2,tt.1.player.belief_3,tt.1.player.belief_4,tt.1.player.belief_5,tt.1.player.payoff,tt.1.group.id_in_subsession,tt.1.subsession.round_number,wordscra.1.player.id_in_group,wordscra.1.player.word1_1,wordscra.1.player.word1_2,wordscra.1.player.word1_3,wordscra.1.player.word1_4,wordscra.1.player.word1_5,wordscra.1.player.word2_1,wordscra.1.player.word2_2,wordscra.1.player.word2_3,wordscra.1.player.word3_1,wordscra.1.player.word3_2,wordscra.1.player.word3_3,wordscra.1.player.word3_4,wordscra.1.player.word3_5,wordscra.1.player.word3_6,wordscra.1.player.word4_1,wordscra.1.player.word4_2,wordscra.1.player.word4_3,wordscra.1.player.word4_4,wordscra.1.player.word4_5,wordscra.1.player.word5_1,wordscra.1.player.word5_2,wordscra.1.player.word5_3,wordscra.1.player.word5_4,wordscra.1.player.word5_5,wordscra.1.player.word6_1,wordscra.1.player.word6_2,wordscra.1.player.word6_3,wordscra.1.player.word6_4,wordscra.1.player.payoff,wordscra.1.group.id_in_subsession,wordscra.1.subsession.round_number,postexp.1.player.id_in_group,postexp.1.player.finlit_1,postexp.1.player.finlit_2,postexp.1.player.finlit_3,postexp.1.player.finlit_4,postexp.1.player.finlit_5,postexp.1.player.risk_aversion1,postexp.1.player.risk_aversion2,postexp.1.player.pref1_1,postexp.1.player.pref1_2,postexp.1.player.pref1_3,postexp.1.player.pref1_4,postexp.1.player.pref2_1,postexp.1.player.pref2_2,postexp.1.player.pref2_3,postexp.1.player.crt4,postexp.1.player.crt5,postexp.1.player.crt6,postexp.1.player.crt7,postexp.1.player.age,postexp.1.player.female,postexp.1.player.income,postexp.1.player.education,postexp.1.player.jobfunction,postexp.1.player.jobfunctiongp,postexp.1.player.investment,postexp.1.player.whichinvestment,postexp.1.player.finnews,postexp.1.player.comments,postexp.1.player.matrikelnr,postexp.1.player.rate,postexp.1.player.random_code,postexp.1.player.payoff,postexp.1.group.id_in_subsession,postexp.1.subsession.round_number
1,nnde9490,{{%PROLIFIC_PID%}},0,1,12,tt,Instructions,2020-01-07 14:22:36.197913+00:00,1,,,0,0,cfs9uxep,,,,,,0,0,1,1,sh_sev_fin,neutral,3,choice_3,,,,,,,,,,,,,,,0,1,1,1,,,,,,,,,,,,,,,,,,,,,,,,,,,,,0,1,1,1,,,,,,,,,,,,,,,,,,,,,,,,,,,,,,,,0,1,1
2,6icql3at,5af0011b3c80f200013b0686,0,1,12,tt,Instructions,2020-01-07 14:23:59.110205+00:00,1,,,0,0,cfs9uxep,,,,,,0,0,1,2,su_ha_fin,financial,3,choice_3,,,,,,,,,,,,,,,0,1,1,2,,,,,,,,,,,,,,,,,,,,,,,,,,,,,0,1,1,2,,,,,,,,,,,,,,,,,,,,,,,,,,,,,,,,0,1,1
3,ve3z0qoi,5a286795b51f2c0001e5de77,0,12,12,postexp,Results,2020-01-07 14:27:02.188101+00:00,1,,,5,5,cfs9uxep,,,,,,0,0,1,3,sh_sev_fin,abstract,2,choice_2,1,0,6,5,1,1,0,0,0,80,60,25,10,0,5,1,1,3,s,t,o,c,k,h,a,t,b,r,o,k,e,r,m,o,n,e,y,T,h,i,n,k,B,o,n,d,0,1,1,3,,,,,,6,,6,6,4,4,7,6,5,,,,,43,0,,4,2,,1,stocks,,,,5,8037C,0,1,1
4,zqb8pr9b,59fdef52747ede000142c959,0,12,12,postexp,Results,2020-01-07 14:27:39.123965+00:00,1,,,5,5,cfs9uxep,,,,,,0,0,1,4,sh_sev_fin,abstract,1,choice_1,1,1,3,5,1,1,0,0,1,100,75,50,25,0,5,1,1,4,E,E,o,c,k,E,a,t,E,E,o,k,e,r,E,o,n,e,y,T,h,E,n,E,B,E,n,d,0,1,1,4,,,,,,3,,3,5,3,4,3,5,3,,,,,46,0,,4,8,,0,,,,,,4032n,0,1,1
5,aaqkxegr,5ace0cc387e271000171cd21,0,12,12,postexp,Results,2020-01-07 14:28:10.835039+00:00,1,,,3,3,cfs9uxep,,,,,,0,0,1,5,sh_sev_fin,abstract,3,choice_3,0,0,7,1,0,0,0,0,0,5,10,10,10,0,3,1,1,5,B,L,o,c,k,B,a,t,B,O,o,k,e,r,H,o,n,e,y,T,h,A,n,K,B,O,n,d,0,1,1,5,,,,,,5,,7,1,1,7,7,2,4,,,,,37,0,,3,2,,1,,,,,5,7235h,0,1,1
6,h9uey5t0,5bb278608f3bd70001e55d18,0,12,12,postexp,Results,2020-01-07 14:28:47.701536+00:00,1,,,5,5,cfs9uxep,,,,,,0,0,1,6,sh_sev_fin,abstract,1,choice_1,1,1,5,5,1,1,0,0,0,100,99,95,90,0,5,1,1,6,C,L,o,c,k,B,a,t,C,O,o,k,e,r,H,o,n,e,y,T,h,A,n,K,B,A,n,d,0,1,1,6,,,,,,3,,5,4,5,6,7,2,6,,,,,25,1,,4,8,,0,,,,,5,3691X,0,1,1
7,jsvtrgt8,5ba8635f38803d000126ea43,0,12,12,postexp,Results,2020-01-07 14:29:12.680918+00:00,1,,,4,4,cfs9uxep,,,,,,0,0,1,7,sh_ha_fin,abstract,4,choice_4,0,1,5,5,1,1,0,0,0,75,60,40,25,0,4,1,1,7,C,r,o,c,k,B,a,t,B,R,o,k,e,r,M,o,n,e,y,T,h,I,n,G,B,I,n,d,0,1,1,7,,,,,,4,,6,2,2,5,7,1,6,,,,,31,0,,4,8,,1,,,I was a little confused by the random word game in the middle of the experiment to be honest,,5,7203e,0,1,1
8,lxu4jihq,596d1cdfe81bf30001fe0533,0,12,12,postexp,Results,2020-01-07 14:29:58.606853+00:00,1,,,3,3,cfs9uxep,,,,,,0,0,1,8,sh_sev_fin,abstract,3,choice_3,0,0,6,5,1,1,0,0,0,75,60,50,40,100,3,1,1,8,K,n,o,c,k,C,a,t,C,h,o,k,e,r,H,o,n,e,y,T,h,a,n,k,B,e,n,d,0,1,1,8,,,,,,5,,6,2,1,7,7,1,6,,,,,39,1,,4,2,,1,Unit Trusts & Shares,,,,4,5488m,0,1,1
9,g4pf89eu,597b92f0a33b0d0001fd3d90,0,12,12,postexp,Results,2020-01-07 14:30:14.471140+00:00,1,,,2,2,cfs9uxep,,,,,,0,0,1,9,su_ha_fin,abstract,2,choice_2,0,1,7,7,0,0,0,0,0,5,5,5,5,5,2,1,1,9,C,L,o,c,k,C,a,t,B,R,o,k,e,r,M,o,n,e,y,T,h,I,n,G,B,O,n,d,0,1,1,9,,,,,,1,,6,1,1,7,7,1,7,,,,,64,1,,0,8,,1,,,,,5,1613f,0,1,1
10,i1hns4sn,5bc0c9fa614d5a00016f713d,0,12,12,postexp,Results,2020-01-07 14:30:48.027907+00:00,1,,,2,2,cfs9uxep,,,,,,0,0,1,10,sh_ha_fin,abstract,2,choice_2,0,1,5,1,0,0,0,0,0,90,75,50,25,10,2,1,1,10,c,l,o,c,k,b,a,t,c,h,o,k,e,r,m,o,n,e,y,T,h,i,n,k,B,i,n,d,0,1,1,10,,,,,,5,,6,6,6,4,6,5,2,,,,,49,0,,4,8,,1,"stocks, p2p lending",,,,4,7821W,0,1,1
11,0p61s9st,59f48e50680a95000122ad22,0,12,12,postexp,Results,2020-01-07 14:30:55.948236+00:00,1,,,3,3,cfs9uxep,,,,,,0,0,1,11,sh_sev_fin,abstract,3,choice_3,0,1,5,6,0,0,0,0,0,40,35,25,15,12,3,1,1,11,C,l,o,c,k,C,a,t,C,h,o,k,e,r,H,o,n,e,y,T,h,i,n,k,B,e,n,d,0,1,1,11,,,,,,3,,5,3,3,5,7,1,3,,,,,29,1,,4,8,,0,,,,,3,7444v,0,1,1
12,hkoq6l36,5bbd1d04df2fb80001733d30,0,12,12,postexp,Results,2020-01-07 14:31:32.507482+00:00,1,,,3,3,cfs9uxep,,,,,,0,0,1,12,su_sev_fin,abstract,3,choice_3,0,1,5,2,0,0,0,0,0,10,10,10,5,0,3,1,1,12,c,l,o,c,k,c,a,t,b,r,o,k,e,r,m,o,n,e,y,T,h,i,n,k,B,o,n,d,0,1,1,12,,,,,,4,,6,1,2,7,7,1,5,,,,,32,1,,3,8,,0,,,,,3,9772T,0,1,1
13,b8aror87,5acc3bd8e1099600016ae27a,0,12,12,postexp,Results,2020-01-07 14:31:35.361627+00:00,1,,,2,2,cfs9uxep,,,,,,0,0,1,13,su_ha_fin,abstract,2,choice_2,0,0,6,5,0,0,0,0,0,60,50,40,30,5,2,1,1,13,C,L,o,c,k,R,a,t,S,T,o,k,e,r,H,o,n,e,y,T,h,E,n,S,B,O,n,d,0,1,1,13,,,,,,3,,5,2,3,5,7,1,4,,,,,28,0,,3,3,,1,,,,,5,2208a,0,1,1
14,ct27367p,5ad78b91b24ddb0001744bc4,0,12,12,postexp,Results,2020-01-07 14:31:37.278518+00:00,1,,,5,5,cfs9uxep,,,,,,0,0,1,14,sh_ha_fin,abstract,1,choice_1,1,1,4,6,1,1,1,1,1,81,87,82,78,80,5,1,1,14,C,L,o,c,k,C,a,t,H,O,o,k,e,r,M,o,n,e,y,T,h,I,n,K,B,A,n,d,0,1,1,14,,,,,,5,,6,2,4,7,7,2,5,,,,,42,1,,4,1,,1,,,,,5,8590n,0,1,1
15,wp3jt639,5aca4e27a3ba7a0001b4d415,0,12,12,postexp,Results,2020-01-07 14:31:37.951330+00:00,1,,,1,1,cfs9uxep,,,,,,0,0,1,15,sh_sev_fin,abstract,1,choice_1,0,0,7,7,0,0,0,0,0,15,15,12,10,0,1,1,1,15,c,l,o,c,k,s,a,t,s,t,o,k,e,r,m,o,n,e,y,T,h,i,n,g,B,o,n,d,0,1,1,15,,,,,,4,,7,2,2,7,6,2,3,,,,,38,0,,4,3,,1,stocks,,,,5,4648T,0,1,1
16,yr4dogqc,5b0a869f1e55760001b93fa3,0,12,12,postexp,Results,2020-01-07 14:31:38.460541+00:00,1,,,5,5,cfs9uxep,,,,,,0,0,1,16,su_ha_fin,abstract,3,choice_3,1,0,2,2,1,1,1,1,0,90,80,70,60,5,5,1,1,16,c,l,o,c,k,h,a,t,b,r,o,k,e,r,m,o,n,e,y,T,h,i,n,g,B,a,n,d,0,1,1,16,,,,,,3,,5,2,2,5,5,2,4,,,,,36,0,,4,5,,1,Index funds,,,,4,1078G,0,1,1
17,jywraafb,5992edfc3ae1c8000110610b,0,12,12,postexp,Results,2020-01-07 14:32:13.695359+00:00,1,,,5,5,cfs9uxep,,,,,,0,0,1,17,su_ha_fin,abstract,4,choice_4,1,1,2,1,1,1,1,1,0,100,100,100,80,0,5,1,1,17,c,l,o,c,k,h,a,t,s,t,o,k,e,r,h,o,n,e,y,T,h,i,n,k,B,o,n,d,0,1,1,17,,,,,,3,,6,2,2,4,6,1,4,,,,,30,0,,4,3,,1,Stocks/Pensions,,,,5,4761S,0,1,1
18,ptt12g08,5af2f93fe1b5b8000148c0c7,0,1,12,tt,Instructions,2020-01-07 14:32:35.480366+00:00,1,,,0,0,cfs9uxep,,,,,,0,0,1,18,sh_sev_fin,abstract,3,choice_3,,,,,,,,,,,,,,,0,1,1,18,,,,,,,,,,,,,,,,,,,,,,,,,,,,,0,1,1,18,,,,,,,,,,,,,,,,,,,,,,,,,,,,,,,,0,1,1
19,bterxxkj,58d107de9d8a130001f0f138,0,4,12,tt,Beliefs,2020-01-07 14:32:40.452310+00:00,1,,,5,5,cfs9uxep,,,,,,0,0,1,19,sh_sev_fin,abstract,4,choice_4,1,1,,,1,1,1,1,0,,,,,,5,1,1,19,,,,,,,,,,,,,,,,,,,,,,,,,,,,,0,1,1,19,,,,,,,,,,,,,,,,,,,,,,,,,,,,,,,,0,1,1
20,dbrv985w,5978c134bcae9f00014cd322,0,12,12,postexp,Results,2020-01-07 14:32:40.744309+00:00,1,,,2,2,cfs9uxep,,,,,,0,0,1,20,sh_ha_fin,abstract,2,choice_2,0,0,5,1,0,0,0,0,0,90,80,75,65,10,2,1,1,20,c,l,o,c,k,h,a,t,c,h,o,k,e,r,m,o,n,e,y,T,h,i,n,k,B,i,n,d,0,1,1,20,,,,,,1,,7,2,3,7,7,1,5,,,,,31,1,,4,8,,1,pension,,,,5,1606X,0,1,1
21,0dsy0g8n,596155a998cf77000106f8d8,0,12,12,postexp,Results,2020-01-07 14:33:36.927337+00:00,1,,,5,5,cfs9uxep,,,,,,0,0,1,21,su_ha_fin,abstract,2,choice_2,1,0,2,3,1,1,0,0,0,60,50,40,20,0,5,1,1,21,c,l,o,c,k,b,a,t,s,m,o,k,e,r,m,o,n,e,y,T,h,i,n,g,B,a,n,d,0,1,1,21,,,,,,4,,5,4,4,5,6,4,4,,,,,42,0,,4,8,,0,,,,,4,7822V,0,1,1
22,mlqungfi,599752bed0bcd10001dd8fa2,0,12,12,postexp,Results,2020-01-07 14:33:40.367820+00:00,1,,,5,5,cfs9uxep,,,,,,0,0,1,22,su_ha_fin,abstract,4,choice_4,1,1,5,6,1,1,1,1,0,80,70,65,40,35,5,1,1,22,C,L,o,c,k,C,a,t,B,R,o,k,e,r,M,o,n,e,y,T,h,A,n,K,B,A,n,d,0,1,1,22,,,,,,3,,5,5,4,5,6,4,5,,,,,43,1,,4,8,,1,Shares,,,,4,4948o,0,1,1
23,j77lwaws,5a81a392190420000155d6df,0,12,12,postexp,Results,2020-01-07 14:34:02.134850+00:00,1,,,5,5,cfs9uxep,,,,,,0,0,1,23,su_ha_fin,abstract,2,choice_2,1,0,6,6,0,1,0,1,0,100,90,70,50,50,5,1,1,23,s,p,o,c,k,r,a,t,s,m,o,k,e,r,m,o,n,e,y,T,h,a,n,k,B,a,n,d,0,1,1,23,,,,,,6,,6,5,6,4,6,6,5,,,,,38,0,,4,8,,0,,,na,,5,5527E,0,1,1
24,irj2xye6,5aa696af6219a30001c75d2a,0,12,12,postexp,Results,2020-01-07 14:34:03.485026+00:00,1,,,3,3,cfs9uxep,,,,,,0,0,1,24,su_ha_fin,abstract,3,choice_3,0,1,5,1,0,0,0,0,0,60,50,20,15,2,3,1,1,24,c,l,o,c,k,r,a,t,c,h,o,k,e,r,h,o,n,e,y,T,h,i,n,k,B,i,n,d,0,1,1,24,,,,,,4,,4,2,1,3,6,1,2,,,,,39,1,,4,3,,1,share funds,,,,4,6689T,0,1,1
25,wt27xj4a,5a7a0d8df49c9a0001f31b73,0,12,12,postexp,Results,2020-01-07 14:34:07.366131+00:00,1,,,5,5,cfs9uxep,,,,,,0,0,1,25,su_ha_fin,abstract,1,choice_1,1,0,2,4,1,1,0,0,0,70,60,50,30,0,5,1,1,25,S,h,o,c,k,C,a,t,C,h,o,k,e,r,M,o,n,e,y,T,h,i,n,k,B,o,n,d,0,1,1,25,,,,,,3,,4,5,5,6,7,2,3,,,,,37,0,,2,1,,1,stocks bonds,,"In honesty my answers were rated on the concept that there was 'no way' of telling the true number. In an actual situation like this my risk radar would probably work on the assumption that 'at some point in the future' the true figures could be identified, which is a completely different situation.",,3,8037T,0,1,1
26,fvq97yq3,5a8ff02e4fcb2f0001d8bb9b,0,12,12,postexp,Results,2020-01-07 14:34:11.752196+00:00,1,,,5,5,cfs9uxep,,,,,,0,0,1,26,su_ha_fin,abstract,4,choice_4,1,0,1,2,1,1,1,1,0,90,90,90,90,0,5,1,1,26,C,L,o,c,k,B,a,t,L,O,o,k,e,r,T,o,n,e,y,T,h,A,n,E,B,V,n,d,0,1,1,26,,,,,,5,,5,2,2,5,6,1,3,,,,,29,1,,3,8,,0,,,,,4,1421u,0,1,1
27,ckrs8ubg,5b91d329cc81a400017a32ec,0,12,12,postexp,Results,2020-01-07 14:34:46.666968+00:00,1,,,5,5,cfs9uxep,,,,,,0,0,1,27,sh_sev_fin,abstract,3,choice_3,1,1,7,2,1,1,1,0,0,98,70,50,30,10,5,1,1,27,s,h,o,c,k,e,a,t,b,r,o,k,e,r,m,o,n,e,y,T,h,a,n,k,B,o,n,d,0,1,1,27,,,,,,4,,7,3,5,7,6,4,5,,,,,27,1,,4,8,,0,,,,,5,6529W,0,1,1
28,widjpruy,5b9217c162766e00012bb9c6,0,12,12,postexp,Results,2020-01-07 14:34:56.789852+00:00,1,,,5,5,cfs9uxep,,,,,,0,0,1,28,su_ha_fin,abstract,2,choice_2,1,0,2,2,1,1,1,1,1,35,30,20,15,5,5,1,1,28,s,t,o,c,k,h,a,t,b,r,o,k,e,r,m,o,n,e,y,T,h,a,n,k,B,o,n,d,0,1,1,28,,,,,,6,,2,3,3,5,6,5,3,,,,,51,0,,4,8,,1,"401k, stocks, commodities",,Why would I tell the truth about informal loan requests if i could get more money for lying with no real damage to the company and why would i get money just for Informal requests that bring no money into the company?,,4,7103B,0,1,1
29,4su6cori,5b905d5d2f789f00011c4cc2,0,12,12,postexp,Results,2020-01-07 14:35:39.431749+00:00,1,,,3,3,cfs9uxep,,,,,,0,0,1,29,su_sev_fin,abstract,3,choice_3,0,1,7,6,0,0,0,0,0,60,70,80,90,100,3,1,1,29,c,l,o,c,k,h,a,t,c,h,o,k,e,r,m,o,n,e,y,T,h,i,n,k,B,i,n,d,0,1,1,29,,,,,,4,,6,5,5,7,7,3,5,,,,,30,1,,4,2,,0,,,,,4,7066x,0,1,1
30,zchtoop6,5a78c773eea3d300016df448,0,12,12,postexp,Results,2020-01-07 14:35:55.958654+00:00,1,,,5,5,cfs9uxep,,,,,,0,0,1,30,sh_ha_fin,abstract,1,choice_1,1,1,3,4,1,1,0,0,0,55,15,10,10,10,5,1,1,30,s,t,o,c,k,v,a,t,b,r,o,k,e,r,m,o,n,e,y,T,h,i,n,k,B,i,n,d,0,1,1,30,,,,,,4,,6,4,5,5,6,4,4,,,,,50,1,,2,8,,0,,,,,3,9455K,0,1,1
31,wm9jd2iz,57bcc8a445bff5000151adf5,0,12,12,postexp,Results,2020-01-07 14:36:06.945206+00:00,1,,,5,5,cfs9uxep,,,,,,0,0,1,31,sh_sev_fin,abstract,4,choice_4,1,1,4,4,0,0,1,1,1,0,25,50,75,100,5,1,1,31,c,l,o,c,k,h,a,t,b,r,o,k,e,r,m,o,n,e,y,T,h,a,n,k,B,a,n,d,0,1,1,31,,,,,,3,,5,5,4,4,7,4,5,,,,,36,1,,1,3,,0,,,,,5,8123Q,0,1,1
32,x1azlvmk,5a3adfb705f005000104d2a3,0,12,12,postexp,Results,2020-01-07 14:36:24.200214+00:00,1,,,5,5,cfs9uxep,,,,,,0,0,1,32,su_ha_fin,abstract,2,choice_2,1,1,3,4,1,1,0,0,0,90,75,60,15,0,5,1,1,32,C,L,o,c,k,H,a,t,C,H,o,k,e,r,H,o,n,e,y,T,h,I,n,K,B,O,n,d,0,1,1,32,,,,,,5,,5,5,3,7,7,2,3,,,,,37,1,,4,8,,1,Stocks,,,,5,2081c,0,1,1
33,j0jxaf0z,56213a1aed6e5a0005c7f760,0,12,12,postexp,Results,2020-01-07 14:36:34.031137+00:00,1,,,1,1,cfs9uxep,,,,,,0,0,1,33,sh_ha_fin,abstract,1,choice_1,0,1,3,5,0,0,0,0,0,90,80,70,60,100,1,1,1,33,c,l,o,c,k,b,a,t,c,h,o,k,e,r,h,o,n,e,y,T,h,a,n,k,B,a,n,d,0,1,1,33,,,,,,1,,6,3,2,6,6,3,3,,,,,35,0,,4,8,,0,,,,,4,6499H,0,1,1
34,u1klasir,593db4048fcebc00010752b6,0,12,12,postexp,Results,2020-01-07 14:36:40.159350+00:00,1,,,1,1,cfs9uxep,,,,,,0,0,1,34,su_ha_fin,abstract,1,choice_1,0,0,7,7,0,0,0,0,0,50,50,50,50,50,1,1,1,34,c,l,o,c,k,s,a,t,c,o,o,k,e,r,m,o,n,e,y,T,h,i,n,k,B,a,n,d,0,1,1,34,,,,,,3,,7,6,5,7,7,3,3,,,,,39,1,,2,8,,1,stocks and funds,,,,5,6598U,0,1,1
35,21ntouy8,5b8ed2668be3300001d519d3,0,12,12,postexp,Results,2020-01-07 14:36:56.171809+00:00,1,,,2,2,cfs9uxep,,,,,,0,0,1,35,sh_ha_fin,abstract,2,choice_2,0,1,4,2,0,0,0,0,1,60,60,55,10,50,2,1,1,35,f,l,o,c,k,r,a,t,C,H,o,k,e,r,H,o,n,e,y,T,h,i,n,g,B,a,n,d,0,1,1,35,,,,,,5,,7,1,7,7,7,1,5,,,,,27,0,,4,6,,1,Stocks,,,,5,8839G,0,1,1
36,m0e2zvhd,58713c5e58ca4c00018ce3ea,0,12,12,postexp,Results,2020-01-07 14:37:48.834186+00:00,1,,,4,4,cfs9uxep,,,,,,0,0,1,36,su_sev_fin,abstract,4,choice_4,0,1,5,7,0,0,0,0,0,80,65,40,20,5,4,1,1,36,C,l,o,c,k,B,a,t,C,o,o,k,e,r,M,o,n,e,y,T,h,i,n,k,B,a,n,d,0,1,1,36,,,,,,3,,3,5,5,7,7,6,4,,,,,51,1,,4,8,,1,Shares,,,,5,6038w,0,1,1
37,fjl7kut3,5b4b0e8d94020800016323ed,0,12,12,postexp,Results,2020-01-07 14:37:58.363977+00:00,1,,,5,5,cfs9uxep,,,,,,0,0,1,37,sh_ha_fin,abstract,2,choice_2,1,0,3,2,1,1,1,1,0,85,75,50,15,0,5,1,1,37,c,l,o,c,k,h,a,t,b,r,o,k,e,r,h,o,n,e,y,T,h,i,n,k,B,a,n,d,0,1,1,37,,,,,,4,,6,5,4,4,7,3,2,,,,,37,0,,4,8,,1,"Funds, Bonds, Crypto-currencies",,,,5,4727B,0,1,1
38,1f1c7lbn,59fb763bdf3fa800015c2aa0,0,12,12,postexp,Results,2020-01-07 14:38:08.547643+00:00,1,,,3,3,cfs9uxep,,,,,,0,0,1,38,su_sev_fin,abstract,3,choice_3,0,1,6,6,0,0,0,0,0,30,15,5,2,0,3,1,1,38,b,l,o,c,k,c,a,t,b,r,o,k,e,r,h,o,n,e,y,T,h,o,n,g,B,o,n,d,0,1,1,38,,,,,,6,,6,2,2,6,6,2,5,,,,,32,0,,4,3,,1,"stocks, funds, crowdfunding, loans, bonds",,,,5,3521B,0,1,1
39,boxj7s1t,59f8a4cd05d1d60001f146cc,0,12,12,postexp,Results,2020-01-07 14:38:57.840541+00:00,1,,,4,4,cfs9uxep,,,,,,0,0,1,39,sh_sev_fin,abstract,4,choice_4,0,0,5,4,0,0,0,0,0,35,32,30,20,0,4,1,1,39,F,L,o,c,k,C,a,t,C,R,o,k,e,r,B,o,n,e,y,T,h,I,n,K,B,A,n,d,0,1,1,39,,,,,,4,,5,6,3,5,6,5,3,,,,,47,0,,4,1,,1,Mutual funds and stocks,,,,4,5613n,0,1,1
40,i67vun4l,55146e64fdf99b253d5b1c5d,0,12,12,postexp,Results,2020-01-07 14:38:59.116593+00:00,1,,,5,5,cfs9uxep,,,,,,0,0,1,40,su_sev_fin,abstract,4,choice_4,1,0,3,3,1,1,1,1,1,75,75,75,75,75,5,1,1,40,B,L,o,c,k,C,a,t,C,H,o,k,e,r,H,o,n,e,y,T,h,I,n,K,B,E,n,d,0,1,1,40,,,,,,2,,6,5,3,5,6,6,3,,,,,49,1,,3,8,,0,,,,,4,2354r,0,1,1
41,1rdjh03c,5a8ad2082a842c0001fce0f2,0,12,12,postexp,Results,2020-01-07 14:39:13.085446+00:00,1,,,5,5,cfs9uxep,,,,,,0,0,1,41,sh_sev_fin,abstract,2,choice_2,1,0,3,4,1,1,1,1,0,95,90,85,75,65,5,1,1,41,f,r,o,c,k,c,a,t,b,r,o,k,e,r,m,o,n,e,y,T,h,a,n,k,B,a,n,d,0,1,1,41,,,,,,3,,6,2,3,4,6,3,3,,,,,23,0,,4,8,,1,stocks and funds,,,,4,5252g,0,1,1
42,ihwf35t2,59cff8eed227970001199862,0,12,12,postexp,Results,2020-01-07 14:39:32.068678+00:00,1,,,3,3,cfs9uxep,,,,,,0,0,1,42,sh_sev_fin,abstract,3,choice_3,0,1,7,7,0,0,0,0,0,30,25,20,10,0,3,1,1,42,F,L,o,c,k,H,a,t,C,O,o,k,e,r,M,o,n,e,y,T,h,I,n,K,B,E,n,d,0,1,1,42,,,,,,5,,6,2,2,7,6,3,6,,,,,42,0,,4,2,,1,"Stocks, Unit Trusts",,,,5,9789x,0,1,1
43,fzfipm0w,5b29f05c7f78160001468274,0,12,12,postexp,Results,2020-01-07 14:39:54.416275+00:00,1,,,5,5,cfs9uxep,,,,,,0,0,1,43,su_ha_fin,abstract,4,choice_4,1,1,1,1,1,1,1,1,0,95,95,95,95,95,5,1,1,43,c,l,o,c,k,b,a,t,c,o,o,k,e,r,m,o,n,e,y,T,h,a,n,e,B,o,n,d,0,1,1,43,,,,,,1,,7,3,2,7,7,3,7,,,,,45,0,,4,8,,1,Company shares,,,,4,5717J,0,1,1
44,58qa3g1e,5ba549937b66df0001c1dedf,0,1,12,tt,Instructions,2020-01-07 14:40:41.237436+00:00,1,,,0,0,cfs9uxep,,,,,,0,0,1,44,su_ha_fin,abstract,3,choice_3,,,,,,,,,,,,,,,0,1,1,44,,,,,,,,,,,,,,,,,,,,,,,,,,,,,0,1,1,44,,,,,,,,,,,,,,,,,,,,,,,,,,,,,,,,0,1,1
45,69prndfa,5b4979dfd4c93b00019bfd88,0,12,12,postexp,Results,2020-01-07 14:40:52.044484+00:00,1,,,3,3,cfs9uxep,,,,,,0,0,1,45,su_sev_fin,abstract,3,choice_3,0,0,5,6,1,1,0,0,0,20,30,50,5,3,3,1,1,45,c,l,o,c,k,r,a,t,l,o,o,k,e,r,h,o,n,e,y,T,h,i,n,g,B,a,n,d,0,1,1,45,,,,,,6,,5,3,6,6,6,2,4,,,,,27,1,,4,7,,1,"ETFs, cryptocurrencies (BTC and LTC), ftse100 stocks",,,,5,2705k,0,1,1
46,odqnqj7v,59367556b8236d0001af5500,0,12,12,postexp,Results,2020-01-07 14:40:57.298575+00:00,1,,,4,4,cfs9uxep,,,,,,0,0,1,46,su_ha_fin,abstract,4,choice_4,0,0,7,3,0,0,0,0,0,5,5,5,5,5,4,1,1,46,c,l,o,c,k,b,a,t,b,r,o,k,e,r,m,o,n,e,y,T,h,a,n,k,B,a,n,d,0,1,1,46,,,,,,1,,7,4,4,4,7,1,7,,,,,36,1,,3,8,,0,,,,,5,5205y,0,1,1
47,m1unq03l,58e9538908dc910001901f6b,0,12,12,postexp,Results,2020-01-07 14:40:58.642065+00:00,1,,,4,4,cfs9uxep,,,,,,0,0,1,47,sh_ha_fin,abstract,4,choice_4,0,0,1,3,1,1,0,0,0,50,50,0,0,0,4,1,1,47,C,L,o,c,k,C,a,t,C,H,o,k,e,r,M,o,n,e,y,T,h,I,n,K,B,A,n,d,0,1,1,47,,,,,,5,,2,2,1,2,6,1,1,,,,,56,1,,4,5,,1,,,,,5,3762Y,0,1,1
48,dafnykuu,5b7535d184850400011a07b8,0,12,12,postexp,Results,2020-01-07 14:41:34.075902+00:00,1,,,5,5,cfs9uxep,,,,,,0,0,1,48,su_sev_fin,abstract,3,choice_3,1,0,5,5,1,1,1,0,0,90,80,50,20,5,5,1,1,48,C,L,o,c,k,M,a,t,C,O,o,k,e,r,M,o,n,e,y,T,h,I,n,K,B,E,n,d,0,1,1,48,,,,,,3,,5,3,2,2,5,5,5,,,,,32,1,,4,8,,1,,,,,3,9837k,0,1,1
49,j58ehsw5,5a89df460f1bce00012244ae,0,12,12,postexp,Results,2020-01-07 14:41:43.277617+00:00,1,,,5,5,cfs9uxep,,,,,,0,0,1,49,sh_ha_fin,abstract,1,choice_1,1,0,3,4,1,1,1,1,0,90,80,70,60,50,5,1,1,49,s,h,o,c,k,S,a,t,h,o,o,k,e,r,h,o,n,e,y,T,h,i,n,s,B,e,n,d,0,1,1,49,,,,,,5,,5,5,5,2,5,4,1,,,,,35,0,,3,8,,1,Stocks,,,,3,9169t,0,1,1
50,edghmvvl,5a4bd1533646f90001b43676,0,12,12,postexp,Results,2020-01-07 14:42:07.826779+00:00,1,,,3,3,cfs9uxep,,,,,,0,0,1,50,su_ha_fin,abstract,3,choice_3,0,1,1,4,0,0,0,0,0,90,92,95,100,100,3,1,1,50,C,l,o,c,k,H,a,t,H,o,o,k,e,r,H,o,n,e,y,T,h,i,n,k,B,i,n,d,0,1,1,50,,,,,,4,,6,2,4,7,6,1,3,,,,,39,1,,2,8,,1,Pension,,,,4,8814O,0,1,1
51,qhcd64nt,595804ea8b58be00012c25a1,0,12,12,postexp,Results,2020-01-07 14:42:09.551608+00:00,1,,,2,2,cfs9uxep,,,,,,0,0,1,51,sh_sev_fin,abstract,2,choice_2,0,0,5,6,0,0,0,0,0,10,40,80,100,100,2,1,1,51,c,l,o,c,k,c,a,t,c,o,o,k,e,r,m,o,n,e,y,T,h,i,n,k,B,i,n,d,0,1,1,51,,,,,,5,,7,5,4,5,7,3,5,,,,,47,0,,4,8,,1,ETF,,,,5,8749c,0,1,1
52,komd7twl,5a75a77817ef3500016ffd06,0,12,12,postexp,Results,2020-01-07 14:42:13.073777+00:00,1,,,2,2,cfs9uxep,,,,,,0,0,1,52,sh_sev_fin,abstract,2,choice_2,0,0,6,1,0,0,0,0,0,5,5,5,5,5,2,1,1,52,B,L,o,c,k,C,a,t,C,R,o,k,e,r,H,o,n,e,y,T,h,A,n,K,B,A,n,d,0,1,1,52,,,,,,4,,7,4,4,6,6,3,2,,,,,55,0,,4,8,,1,"Unit Trusts, Inv Trusts, ETFs, Metal",,,,3,6729z,0,1,1
53,pzxcxcq0,5af20397aec2b600010a9a6a,0,12,12,postexp,Results,2020-01-07 14:43:06.081642+00:00,1,,,3,3,cfs9uxep,,,,,,0,0,1,53,sh_sev_fin,abstract,3,choice_3,0,1,3,3,0,0,0,0,0,1,3,5,20,70,3,1,1,53,B,L,o,c,k,R,a,t,B,R,o,k,e,r,M,o,n,e,y,T,h,I,n,S,B,A,n,d,0,1,1,53,,,,,,6,,6,5,2,7,7,4,4,,,,,35,0,,3,2,,1,,,,,5,2008j,0,1,1
54,6humhe6i,56b78f11e77ebe000cbefe79,0,12,12,postexp,Results,2020-01-07 14:43:40.866107+00:00,1,,,3,3,cfs9uxep,,,,,,0,0,1,54,sh_ha_fin,abstract,3,choice_3,0,1,6,7,0,0,0,0,0,5,4,3,2,0,3,1,1,54,c,l,o,c,k,b,a,t,c,h,o,k,e,r,m,o,n,e,y,T,h,a,n,k,B,a,n,d,0,1,1,54,,,,,,2,,6,4,4,6,7,2,5,,,,,54,1,,4,0,,0,,,,,4,8494a,0,1,1
55,6p1je043,57311dbc070de6000842c382,0,12,12,postexp,Results,2020-01-07 14:45:08.170214+00:00,1,,,2,2,cfs9uxep,,,,,,0,0,1,55,su_sev_fin,abstract,2,choice_2,0,1,4,4,0,0,0,0,0,85,90,90,100,100,2,1,1,55,s,t,o,c,k,h,a,t,b,r,o,k,e,r,h,o,n,e,y,T,h,i,n,k,B,o,n,d,0,1,1,55,,,,,,5,,7,2,2,6,7,1,6,,,,,25,0,,4,1,,1,"Stocks, funds",,,,5,8123M,0,1,1
56,nlbznrsp,5aad21134ea21d000101bbff,0,12,12,postexp,Results,2020-01-07 14:45:12.917202+00:00,1,,,1,1,cfs9uxep,,,,,,0,0,1,56,su_sev_fin,abstract,1,choice_1,0,0,7,3,0,0,0,0,0,30,40,65,90,100,1,1,1,56,C,L,o,c,k,H,a,t,B,R,o,k,e,r,M,o,n,e,y,T,h,I,n,K,B,O,n,d,0,1,1,56,,,,,,3,,6,6,5,5,7,4,5,,,,,39,0,,4,8,,1,STOCKS,,,,5,1685W,0,1,1
57,9awiw4m6,574027971407a30010773dd7,0,12,12,postexp,Results,2020-01-07 14:45:28.928147+00:00,1,,,4,4,cfs9uxep,,,,,,0,0,1,57,sh_sev_fin,abstract,4,choice_4,0,0,6,7,0,0,0,0,0,60,60,60,40,0,4,1,1,57,C,L,o,c,k,M,a,t,L,O,o,k,e,r,M,o,n,e,y,T,h,I,n,K,B,O,n,d,0,1,1,57,,,,,,5,,5,4,4,5,6,3,5,,,,,30,1,,3,8,,1,,,,,4,9410I,0,1,1
58,hlrkihat,5b491de47e1012000132157b,0,12,12,postexp,Results,2020-01-07 14:46:10.211610+00:00,1,,,5,5,cfs9uxep,,,,,,0,0,1,58,sh_ha_fin,abstract,1,choice_1,1,0,5,5,1,1,1,1,0,100,100,100,100,50,5,1,1,58,B,L,o,c,k,C,a,t,W,O,o,k,e,r,M,o,n,e,y,T,h,A,n,E,B,O,n,d,0,1,1,58,,,,,,6,,7,7,7,7,7,5,2,,,,,24,1,,3,8,,0,,,,,5,6656I,0,1,1
59,8uuvrnej,5680452cc5767f00121cc81a,0,1,12,tt,Instructions,2020-01-07 14:46:54.151236+00:00,1,,,0,0,cfs9uxep,,,,,,0,0,1,59,sh_ha_fin,abstract,1,choice_1,,,,,,,,,,,,,,,0,1,1,59,,,,,,,,,,,,,,,,,,,,,,,,,,,,,0,1,1,59,,,,,,,,,,,,,,,,,,,,,,,,,,,,,,,,0,1,1
60,zzwd8te5,5b7f4108db11320001c4b0c1,0,12,12,postexp,Results,2020-01-07 14:47:24.055019+00:00,1,,,5,5,cfs9uxep,,,,,,0,0,1,60,sh_ha_fin,abstract,3,choice_3,1,0,4,4,1,1,1,1,1,95,90,85,80,75,5,1,1,60,S,h,o,c,k,H,a,t,B,r,o,k,e,r,H,o,n,e,y,T,h,i,n,k,B,a,n,d,0,1,1,60,,,,,,5,,5,4,4,5,6,4,5,,,,,43,0,,4,3,,1,Stocks,,,,4,3139r,0,1,1
61,taqke1w5,594b8f21890ed60001ead0a3,0,12,12,postexp,Results,2020-01-07 14:47:25.830158+00:00,1,,,5,5,cfs9uxep,,,,,,0,0,1,61,sh_sev_fin,abstract,2,choice_2,1,1,2,2,1,1,1,0,0,75,55,20,10,0,5,1,1,61,c,l,o,c,k,c,a,t,l,o,o,k,e,r,m,o,n,e,y,T,h,i,n,g,B,i,n,d,0,1,1,61,,,,,,2,,5,4,4,5,6,2,4,,,,,37,0,,4,1,,0,,,,,5,3165f,0,1,1
62,zsn6eaxy,5a9994dff05361000171f208,0,12,12,postexp,Results,2020-01-07 14:48:17.036752+00:00,1,,,3,3,cfs9uxep,,,,,,0,0,1,62,su_ha_fin,abstract,3,choice_3,0,1,3,6,0,0,0,0,0,50,40,30,20,10,3,1,1,62,c,l,o,c,k,c,a,t,c,o,o,k,e,r,m,o,n,e,y,T,h,i,n,k,B,i,n,d,0,1,1,62,,,,,,2,,4,2,3,5,6,2,2,,,,,27,1,,4,8,,0,,,I particularly enjoyed the word game,,4,5821j,0,1,1
63,5tzpswh5,59f17b480fb3a90001bd9ff8,0,12,12,postexp,Results,2020-01-07 14:49:48.809801+00:00,1,,,3,3,cfs9uxep,,,,,,0,0,1,63,sh_sev_fin,abstract,3,choice_3,0,0,5,2,0,0,0,0,0,60,60,50,25,10,3,1,1,63,C,l,o,c,k,H,a,t,S,t,o,k,e,r,M,o,n,e,y,T,h,i,n,k,B,o,n,d,0,1,1,63,,,,,,5,,6,2,5,7,6,2,4,,,,,51,1,,4,8,,1,Stocks,,,,4,6112V,0,1,1
64,0kqfxuzo,57b5cf728f963300014c8dfb,0,12,12,postexp,Results,2020-01-07 14:50:47.360458+00:00,1,,,5,5,cfs9uxep,,,,,,0,0,1,64,su_sev_fin,abstract,1,choice_1,1,0,6,6,1,0,0,0,0,90,90,90,90,5,5,1,1,64,C,L,o,c,k,T,a,t,H,A,o,k,e,r,C,o,n,e,y,T,h,A,n,K,B,N,n,d,0,1,1,64,,,,,,6,,6,4,5,5,6,1,3,,,,,43,1,,4,8,,0,,,,,5,5161o,0,1,1
65,rjw3jcdm,59b1986ac05bb50001eb3a5f,0,12,12,postexp,Results,2020-01-07 14:50:53.617419+00:00,1,,,5,5,cfs9uxep,,,,,,0,0,1,65,su_ha_fin,abstract,2,choice_2,1,1,5,6,1,1,0,0,0,90,80,80,70,70,5,1,1,65,s,h,o,c,k,r,a,t,s,m,o,k,e,r,m,o,n,e,y,T,h,i,n,g,B,a,n,d,0,1,1,65,,,,,,6,,6,5,5,6,5,6,5,,,,,26,0,,3,5,,1,stocks,,,,4,3411L,0,1,1
66,hxlj46y0,5a9bcd3f1eda410001366c55,0,12,12,postexp,Results,2020-01-07 14:51:07.793666+00:00,1,,,2,2,cfs9uxep,,,,,,0,0,1,66,su_sev_fin,abstract,2,choice_2,0,1,5,6,0,0,0,0,0,25,20,15,5,5,2,1,1,66,C,l,o,c,k,c,a,t,S,h,o,k,e,r,H,o,n,e,y,T,h,a,n,k,B,o,n,d,0,1,1,66,,,,,,3,,4,2,2,4,6,4,5,,,,,25,1,,4,8,,1,Shares,,,,4,6664R,0,1,1
67,86ff03or,5b2a14d40ec82d0001d2721f,0,12,12,postexp,Results,2020-01-07 14:51:08.814178+00:00,1,,,4,4,cfs9uxep,,,,,,0,0,1,67,su_sev_fin,abstract,4,choice_4,0,1,5,6,1,1,0,0,0,100,100,70,90,100,4,1,1,67,c,l,o,c,k,c,a,t,t,r,o,k,e,r,m,o,n,e,y,T,h,a,n,k,B,a,n,d,0,1,1,67,,,,,,5,,3,6,6,6,7,7,2,,,,,51,0,,4,3,,1,stocks,,,,5,7714B,0,1,1
68,q5qsc1gu,56ca3e3237d66c000c59a891,0,12,12,postexp,Results,2020-01-07 14:52:37.705046+00:00,1,,,1,1,cfs9uxep,,,,,,0,0,1,68,sh_ha_fin,abstract,1,choice_1,0,1,7,7,0,0,0,0,0,80,60,40,20,0,1,1,1,68,s,h,o,c,k,c,a,t,h,o,o,k,e,r,m,o,n,e,y,T,h,i,n,k,B,o,n,d,0,1,1,68,,,,,,6,,7,5,5,4,7,3,3,,,,,40,0,,4,7,,1,Common stock,,None,,5,2574W,0,1,1
69,vb43mtog,5bcf65df8301810001a3215e,0,12,12,postexp,Results,2020-01-07 14:53:48.187308+00:00,1,,,4,4,cfs9uxep,,,,,,0,0,1,69,su_ha_fin,abstract,4,choice_4,0,0,5,3,0,0,0,0,0,90,80,70,50,20,4,1,1,69,b,l,o,c,k,c,a,t,b,r,o,k,e,r,m,o,n,e,y,T,h,i,n,k,B,o,n,d,0,1,1,69,,,,,,3,,5,4,6,7,7,2,5,,,,,36,1,,4,3,,0,,,,,5,1878q,0,1,1
70,ioy921p3,5b992a5224a3450001fa3454,0,12,12,postexp,Results,2020-01-07 14:53:52.102700+00:00,1,,,5,5,cfs9uxep,,,,,,0,0,1,70,sh_ha_fin,abstract,1,choice_1,1,1,5,3,1,1,1,1,1,95,95,95,95,80,5,1,1,70,k,n,o,c,k,c,a,t,s,m,o,k,e,r,m,o,n,e,y,T,h,a,n,k,B,o,n,d,0,1,1,70,,,,,,5,,5,2,2,5,6,2,5,,,,,28,0,,4,8,,1,stocks,,,,5,6484T,0,1,1
71,womjg3gf,5b51c33d026602000178b5ec,0,12,12,postexp,Results,2020-01-07 14:56:19.790393+00:00,1,,,3,3,cfs9uxep,,,,,,0,0,1,71,sh_ha_fin,abstract,3,choice_3,0,1,4,6,0,0,0,0,0,90,80,70,60,50,3,1,1,71,F,L,o,c,k,C,a,t,C,O,o,k,e,r,M,o,n,e,y,T,h,I,n,K,B,E,n,d,0,1,1,71,,,,,,6,,5,4,4,6,6,5,2,,,,,36,1,,3,8,,0,,,,,5,6477d,0,1,1
72,mnoa136o,5af554cada66b5000124acf4,0,1,12,tt,Instructions,2020-01-07 14:57:12.598930+00:00,1,,,0,0,cfs9uxep,,,,,,0,0,1,72,su_ha_fin,abstract,1,choice_1,,,,,,,,,,,,,,,0,1,1,72,,,,,,,,,,,,,,,,,,,,,,,,,,,,,0,1,1,72,,,,,,,,,,,,,,,,,,,,,,,,,,,,,,,,0,1,1
73,8rvp8pmc,5b984dd258ee9f00012fbfd2,0,12,12,postexp,Results,2020-01-07 14:57:12.626967+00:00,1,,,4,4,cfs9uxep,,,,,,0,0,1,73,su_ha_fin,abstract,4,choice_4,0,0,3,4,1,1,0,0,0,65,60,40,20,0,4,1,1,73,C,l,o,c,k,B,a,t,B,r,o,k,e,r,M,o,n,e,y,T,h,i,n,k,B,o,n,d,0,1,1,73,,,,,,3,,6,3,3,4,6,3,4,,,,,35,1,,1,8,,1,Stocks,,,,5,5185i,0,1,1
74,xs9fce50,577e79ecdcff7d0001c7a534,0,12,12,postexp,Results,2020-01-07 15:00:05.735267+00:00,1,,,1,1,cfs9uxep,,,,,,0,0,1,74,sh_sev_fin,abstract,1,choice_1,0,0,4,6,0,0,0,0,0,65,60,40,30,15,1,1,1,74,B,l,o,c,k,B,a,t,B,l,o,k,e,r,M,o,n,e,y,T,h,a,n,k,B,a,n,d,0,1,1,74,,,,,,2,,7,7,6,5,6,7,2,,,,,35,0,,4,8,,1,Mutual Funds,,NA,,3,6167C,0,1,1
75,iqv0g6tc,59e8502b7f3d71000171df0a,0,12,12,postexp,Results,2020-01-07 15:01:38.055127+00:00,1,,,4,4,cfs9uxep,,,,,,0,0,1,75,sh_ha_fin,abstract,4,choice_4,0,1,7,7,0,0,0,0,0,90,75,45,20,2,4,1,1,75,C,L,o,c,k,B,a,t,S,T,o,k,e,r,H,o,n,e,y,T,h,I,n,G,B,O,n,d,0,1,1,75,,,,,,4,,5,4,5,7,6,4,3,,,,,51,0,,4,8,,0,,,,,5,7128D,0,1,1
76,j6skh73h,59d662aa0c0c7100015b9af6,0,12,12,postexp,Results,2020-01-07 15:02:19.490558+00:00,1,,,4,4,cfs9uxep,,,,,,0,0,1,76,su_sev_fin,abstract,4,choice_4,0,1,4,2,1,1,0,0,0,80,70,50,20,5,4,1,1,76,c,l,o,c,k,c,a,t,b,r,o,k,e,r,m,o,n,e,y,T,h,i,n,k,B,o,n,d,0,1,1,76,,,,,,6,,7,2,1,5,6,4,6,,,,,37,0,,2,8,,1,,,,,5,6773N,0,1,1
77,dkdwmpvg,578673a9275be6000135880e,0,12,12,postexp,Results,2020-01-07 15:02:44.263561+00:00,1,,,5,5,cfs9uxep,,,,,,0,0,1,77,sh_sev_fin,abstract,2,choice_2,1,1,5,4,1,1,1,1,0,65,55,40,25,5,5,1,1,77,c,l,o,c,k,f,a,t,c,h,o,k,e,r,h,o,n,e,y,T,h,a,n,e,B,a,n,d,0,1,1,77,,,,,,3,,6,3,2,5,7,4,2,,,,,29,0,,4,8,,1,mutual funds,,,,3,1010Y,0,1,1
78,9bm36yfa,5b082f3d61cde20001b6706e,0,12,12,postexp,Results,2020-01-07 15:03:35.479837+00:00,1,,,5,5,cfs9uxep,,,,,,0,0,1,78,sh_sev_fin,abstract,2,choice_2,1,1,4,3,1,1,1,0,0,10,30,50,80,100,5,1,1,78,c,l,o,c,k,c,a,t,c,o,o,k,e,r,m,o,n,e,y,T,h,i,n,k,B,o,n,d,0,1,1,78,,,,,,3,,5,3,4,6,7,4,3,,,,,36,1,,4,2,,0,,,It was thought provoking,,5,9593q,0,1,1
79,wxq0012u,58a9eccbd6a2220001179723,0,12,12,postexp,Results,2020-01-07 15:09:19.281409+00:00,1,,,5,5,cfs9uxep,,,,,,0,0,1,79,su_sev_fin,abstract,1,choice_1,1,0,5,4,1,1,1,1,0,60,50,40,4,40,5,1,1,79,C,L,o,c,k,R,a,t,B,R,o,k,e,r,H,o,n,e,y,T,h,E,n,D,B,A,n,d,0,1,1,79,,,,,,4,,5,3,4,5,4,3,4,,,,,23,1,,4,8,,0,,,,,4,7285k,0,1,1
80,mb5edp3a,595a2451b2f20f00012ca8ac,0,12,12,postexp,Results,2020-01-07 15:10:11.141850+00:00,1,,,4,4,cfs9uxep,,,,,,0,0,1,80,sh_ha_fin,abstract,4,choice_4,0,1,7,7,1,1,0,0,0,100,70,59.94,55,100,4,1,1,80,c,l,o,c,k,m,a,t,c,h,o,k,e,r,m,o,n,e,y,T,h,a,n,k,B,i,n,d,0,1,1,80,,,,,,7,,6,2,2,7,7,2,5,,,,,25,1,,4,8,,0,,,,,4,6324V,0,1,1
81,f272qshu,58fa1836b778bb00014e5215,0,12,12,postexp,Results,2020-01-07 15:13:00.635498+00:00,1,,,4,4,cfs9uxep,,,,,,0,0,1,81,su_sev_fin,abstract,4,choice_4,0,1,6,4,0,0,0,0,0,4,3,1,0,0,4,1,1,81,k,n,o,c,k,h,a,t,c,h,o,k,e,r,m,o,n,e,y,T,h,i,n,e,B,o,n,d,0,1,1,81,,,,,,1,,7,5,3,5,6,5,4,,,,,57,1,,4,8,,0,,,Although we were told that the manager would not know the more likely figure -31000-  in the first part of task. I cannot help but feel that it may become known at some stage in the future. In real life there may be some doubt over the figure and it may be possible to rationalise saying 35000...,,5,6436s,0,1,1
82,u6668ef5,59eddbeac0d35a00012956a4,0,12,12,postexp,Results,2020-01-07 15:18:11.442777+00:00,1,,,5,5,cfs9uxep,,,,,,0,0,1,82,sh_sev_fin,abstract,3,choice_3,1,0,2,1,1,1,1,1,1,96,100,95,95,95,5,1,1,82,S,T,o,c,k,C,a,t,C,H,o,k,e,r,M,o,n,e,y,T,h,I,n,K,B,I,n,d,0,1,1,82,,,,,,5,,6,4,5,5,6,3,5,,,,,29,1,,4,8,,1,Isa,,,,3,9772z,0,1,1
83,onv7qjza,5a876362b093f80001a7eb55,0,12,12,postexp,Results,2020-01-07 15:18:14.175360+00:00,1,,,4,4,cfs9uxep,,,,,,0,0,1,83,sh_ha_fin,abstract,4,choice_4,0,0,7,7,0,0,0,0,0,10,7,5,0,0,4,1,1,83,s,t,o,c,k,r,a,t,b,r,o,k,e,r,m,o,n,e,y,T,h,i,n,k,B,e,n,d,0,1,1,83,,,,,,4,,5,3,2,7,6,2,4,,,,,44,1,,4,8,,0,,,,,4,8132u,0,1,1
84,cs1h5hfr,5af2a03697a14300017d2ba4,0,12,12,postexp,Results,2020-01-07 15:20:06.502641+00:00,1,,,5,5,cfs9uxep,,,,,,0,0,1,84,su_ha_fin,abstract,3,choice_3,1,0,3,1,1,1,1,0,0,65,65,60,50,35,5,1,1,84,s,t,o,c,k,h,a,t,b,r,o,k,e,r,m,o,n,e,y,T,h,a,n,k,B,e,n,d,0,1,1,84,,,,,,5,,7,2,2,3,6,2,2,,,,,46,0,,4,5,,1,"Stocks, funds, indices",,,,4,2018d,0,1,1
85,oou4pg1i,5bb239a60cc22c000146833e,0,12,12,postexp,Results,2020-01-07 15:20:20.695325+00:00,1,,,2,2,cfs9uxep,,,,,,0,0,1,85,su_sev_fin,abstract,2,choice_2,0,1,7,7,0,0,0,0,0,10,10,10,10,10,2,1,1,85,C,L,o,c,k,R,a,t,L,O,o,k,e,r,M,o,n,e,y,T,h,I,n,K,B,A,n,d,0,1,1,85,,,,,,5,,5,5,5,4,4,4,4,,,,,37,0,,4,8,,1,,,,,5,4415E,0,1,1
86,rgmicy5h,5b28f5a944d0ee0001670694,0,12,12,postexp,Results,2020-01-07 15:20:50.332513+00:00,1,,,2,2,cfs9uxep,,,,,,0,0,1,86,su_ha_fin,abstract,2,choice_2,0,1,1,7,0,0,0,0,0,0,0,0,0,0,2,1,1,86,b,l,o,c,k,c,a,t,c,o,o,k,e,r,m,o,n,e,y,T,h,i,n,k,B,o,n,d,0,1,1,86,,,,,,4,,5,1,3,7,7,1,6,,,,,47,1,,2,8,,0,,,,,4,7651V,0,1,1
87,u5x9jd5k,59ae8d282a78fd00010b80e7,0,12,12,postexp,Results,2020-01-07 15:22:27.208138+00:00,1,,,2,2,cfs9uxep,,,,,,0,0,1,87,su_sev_fin,abstract,2,choice_2,0,1,7,7,0,0,0,0,0,15,10,5,0,0,2,1,1,87,s,t,o,c,k,c,a,t,b,r,o,k,e,r,m,o,n,e,y,T,h,e,n,e,B,o,n,d,0,1,1,87,,,,,,6,,6,5,5,5,6,4,4,,,,,36,0,,-1,8,,0,,,,,3,6457S,0,1,1
88,1ge3np0z,5b4e147ad4c93b00019c9e01,0,12,12,postexp,Results,2020-01-07 15:23:26.128563+00:00,1,,,5,5,cfs9uxep,,,,,,0,0,1,88,sh_ha_fin,abstract,4,choice_4,1,0,3,1,1,1,1,1,0,70,70,50,40,0,5,1,1,88,S,h,o,c,k,H,a,t,L,o,o,k,e,r,M,o,n,e,y,T,h,i,n,k,B,a,n,d,0,1,1,88,,,,,,5,,7,1,1,4,7,1,1,,,,,34,0,,4,3,,0,,,Different to other surveys. Enjoyable.,,5,8820t,0,1,1
89,s1nxsku9,59965446a2bbe000018834b5,0,12,12,postexp,Results,2020-01-07 15:26:50.770895+00:00,1,,,4,4,cfs9uxep,,,,,,0,0,1,89,sh_sev_fin,abstract,4,choice_4,0,0,6,7,0,0,0,0,0,20,20,20,10,0,4,1,1,89,c,L,o,c,k,B,a,t,B,R,o,k,e,r,M,o,n,e,y,T,h,A,n,K,B,o,n,d,0,1,1,89,,,,,,5,,6,2,3,6,6,1,5,,,,,55,1,,4,8,,1,Funds,,,,4,5624m,0,1,1
90,6qoqeczo,5a8ee560eea3d300016ec9d8,0,5,12,tt,Questions,2020-01-07 15:27:42.974181+00:00,1,,,5,5,cfs9uxep,,,,,,0,0,1,90,sh_sev_fin,abstract,2,choice_2,1,1,,,1,1,1,1,1,60,60,70,80,90,5,1,1,90,,,,,,,,,,,,,,,,,,,,,,,,,,,,,0,1,1,90,,,,,,,,,,,,,,,,,,,,,,,,,,,,,,,,0,1,1
91,fz3iophw,5baa39f27c0ebe0001279621,0,12,12,postexp,Results,2020-01-07 15:28:32.480083+00:00,1,,,3,3,cfs9uxep,,,,,,0,0,1,91,sh_sev_fin,abstract,3,choice_3,0,0,3,7,1,0,0,0,0,80,50,40,10,1,3,1,1,91,c,l,o,c,k,c,a,t,c,o,o,k,e,r,h,o,n,e,y,T,h,i,n,k,B,o,n,d,0,1,1,91,,,,,,3,,5,6,4,5,5,6,2,,,,,34,1,,4,8,,0,,,,,5,2709c,0,1,1
92,497yfp3t,5b570f4cc146600001b82d8d,0,12,12,postexp,Results,2020-01-07 15:35:48.397180+00:00,1,,,3,3,cfs9uxep,,,,,,0,0,1,92,sh_sev_fin,abstract,3,choice_3,0,0,5,7,0,0,0,0,0,90,90,85,70,30,3,1,1,92,b,l,o,c,k,c,a,t,s,t,o,k,e,r,h,o,n,e,y,T,h,a,n,e,B,a,n,d,0,1,1,92,,,,,,2,,4,1,2,7,7,1,3,,,,,49,0,,4,8,,1,Pension,,,,4,6519L,0,1,1
93,g5ew4ygv,5a93e14b89de8200013ebd26,0,12,12,postexp,Results,2020-01-07 15:40:54.949399+00:00,1,,,2,2,cfs9uxep,,,,,,0,0,1,93,sh_ha_fin,abstract,2,choice_2,0,0,7,5,0,0,0,0,0,15,15,12,7,0,2,1,1,93,C,L,o,c,k,C,a,t,S,M,o,k,e,r,H,o,n,e,y,T,h,I,n,K,B,A,n,d,0,1,1,93,,,,,,5,,6,5,5,6,7,4,7,,,,,35,1,,4,3,,1,Unit trusts,,,,4,4108Q,0,1,1
94,4oa1or2n,5b93ddc050977500010b7010,0,12,12,postexp,Results,2020-01-07 15:43:44.963920+00:00,1,,,5,5,cfs9uxep,,,,,,0,0,1,94,sh_sev_fin,abstract,3,choice_3,1,1,3,1,1,1,1,1,1,50,50,50,50,50,5,1,1,94,C,R,o,c,k,V,a,t,H,O,o,k,e,r,M,o,n,e,y,T,h,A,n,K,B,A,n,d,0,1,1,94,,,,,,6,,7,4,6,6,6,6,3,,,,,21,0,,4,8,,1,,,,,5,4743L,0,1,1
95,wouvm967,5aea9bc3aced0e00012d53d8,0,12,12,postexp,Results,2020-01-07 15:45:11.876481+00:00,1,,,4,4,cfs9uxep,,,,,,0,0,1,95,su_sev_fin,abstract,4,choice_4,0,0,5,1,0,0,0,0,0,30,15,5,1,0,4,1,1,95,S,T,o,c,k,C,a,t,B,R,o,k,e,r,M,o,n,e,y,T,h,I,n,K,B,O,n,d,0,1,1,95,,,,,,4,,6,3,4,5,6,3,5,,,,,30,1,,3,8,,1,,,,,4,7030d,0,1,1
96,a686u7o5,5a9ec61c35237b000112bb72,0,12,12,postexp,Results,2020-01-07 15:46:15.135103+00:00,1,,,4,4,cfs9uxep,,,,,,0,0,1,96,sh_sev_fin,abstract,4,choice_4,0,0,7,7,0,0,0,0,0,25,22,15,5,0,4,1,1,96,c,l,o,c,k,c,a,t,h,o,o,k,e,r,h,o,n,e,y,T,h,o,n,e,B,a,n,d,0,1,1,96,,,,,,1,,7,2,3,6,7,2,5,,,,,31,0,,4,2,,1,stocks and funds,,,,4,5259h,0,1,1
97,v0d34ant,5bc7c9a4edc59100010cb655,0,12,12,postexp,Results,2020-01-07 15:48:51.769687+00:00,1,,,4,4,cfs9uxep,,,,,,0,0,1,97,su_sev_fin,abstract,4,choice_4,0,0,6,6,0,0,0,0,0,15,12,9,5,1,4,1,1,97,C,l,o,c,k,B,a,t,C,o,o,k,e,r,M,o,n,e,y,T,h,i,n,g,B,o,n,d,0,1,1,97,,,,,,6,,6,2,3,7,6,1,6,,,,,35,0,,4,2,,1,"Stocks, Mutual Funds, ETFs, Bonds",,,,5,7034E,0,1,1
98,ewvyxfno,558afa29fdf99b7dfdbac1c6,0,12,12,postexp,Results,2020-01-07 15:52:07.890391+00:00,1,,,4,4,cfs9uxep,,,,,,0,0,1,98,sh_sev_fin,abstract,4,choice_4,0,0,6,4,1,0,0,0,0,85,80,70,50,0,4,1,1,98,C,l,o,c,k,H,a,t,C,h,o,k,e,r,H,o,n,e,y,T,h,i,n,s,B,e,n,d,0,1,1,98,,,,,,6,,6,2,2,6,7,3,6,,,,,28,0,,4,3,,1,"Stocks, Mutual Funds",,,,5,7107u,0,1,1
99,eu4s0szd,59c42696c458e800017b5cb4,0,12,12,postexp,Results,2020-01-07 15:52:16.723397+00:00,1,,,1,1,cfs9uxep,,,,,,0,0,1,99,su_ha_fin,abstract,1,choice_1,0,0,6,7,0,0,0,0,0,50,50,30,20,0,1,1,1,99,C,L,o,c,k,H,a,t,B,R,o,k,e,r,H,o,n,e,y,T,h,I,n,E,B,E,n,d,0,1,1,99,,,,,,4,,5,3,4,5,6,1,3,,,,,37,0,,4,8,,1,,,,,5,6062I,0,1,1
100,04dezfaz,56fa002e8425ef000b3a4276,0,12,12,postexp,Results,2020-01-07 15:56:46.943449+00:00,1,,,5,5,cfs9uxep,,,,,,0,0,1,100,sh_ha_fin,abstract,1,choice_1,1,1,1,1,1,1,1,1,1,100,100,100,100,100,5,1,1,100,f,l,o,c,k,b,a,t,c,h,o,k,e,r,h,o,n,e,y,T,h,i,n,g,B,a,n,d,0,1,1,100,,,,,,4,,3,1,4,7,7,4,7,,,,,31,0,,4,5,,1,,,Thank you,,5,2801s,0,1,1
101,ds07y1vy,5b6b64b182f7ef0001f3539d,0,12,12,postexp,Results,2020-01-07 15:58:08.853869+00:00,1,,,5,5,cfs9uxep,,,,,,0,0,1,101,sh_ha_fin,abstract,2,choice_2,1,0,3,3,1,1,1,1,1,95,90,85,80,70,5,1,1,101,C,L,o,c,k,C,a,t,C,H,o,k,e,r,M,o,n,e,y,T,h,A,n,K,B,O,n,d,0,1,1,101,,,,,,4,,6,5,6,6,7,3,6,,,,,38,0,,4,8,,1,,,,,4,7466e,0,1,1
102,rv7sakd5,562f67cc733ea0000b162cee,0,12,12,postexp,Results,2020-01-07 15:58:34.807921+00:00,1,,,4,4,cfs9uxep,,,,,,0,0,1,102,su_ha_fin,abstract,4,choice_4,0,0,3,3,1,1,1,0,0,90,85,80,95,100,4,1,1,102,C,l,o,c,k,H,a,t,B,r,o,k,e,r,M,o,n,e,y,T,h,a,n,k,B,a,n,d,0,1,1,102,,,,,,3,,6,5,2,4,7,4,2,,,,,28,0,,4,2,,1,funds,,,,5,1038W,0,1,1
103,56cmxjzx,5b287e86a1bdd30001391039,0,12,12,postexp,Results,2020-01-07 15:59:40.398476+00:00,1,,,3,3,cfs9uxep,,,,,,0,0,1,103,sh_ha_fin,abstract,3,choice_3,0,0,7,2,0,0,0,0,0,20,15,10,5,0,3,1,1,103,c,l,o,c,k,b,a,t,b,o,o,k,e,r,m,o,n,e,y,T,h,i,n,k,B,a,n,d,0,1,1,103,,,,,,5,,7,4,7,7,7,1,6,,,,,24,1,,4,8,,1,"stocks, mutual funds, GICs",,,,5,1398Z,0,1,1
104,3ajyno09,5af4f14f86fd9c0001664a21,0,12,12,postexp,Results,2020-01-07 16:06:28.386817+00:00,1,,,5,5,cfs9uxep,,,,,,0,0,1,104,sh_sev_fin,abstract,4,choice_4,1,0,6,3,1,1,1,1,1,100,80,60,40,20,5,1,1,104,S,T,o,c,k,H,a,t,B,R,o,k,e,r,M,o,n,e,y,T,h,I,n,K,B,O,n,d,0,1,1,104,,,,,,7,,6,7,5,3,7,6,3,,,,,29,0,,4,2,,1,Hedge funds,,Pretty interesting!,,5,2299X,0,1,1
105,88npf4s8,59c6bc463306be000195bb42,0,12,12,postexp,Results,2020-01-07 16:07:02.206771+00:00,1,,,4,4,cfs9uxep,,,,,,0,0,1,105,sh_sev_fin,abstract,4,choice_4,0,0,7,6,1,1,1,0,0,80,90,85,5,0,4,1,1,105,c,l,o,c,k,c,a,t,s,t,o,k,e,r,m,o,n,e,y,T,h,a,n,k,B,a,n,d,0,1,1,105,,,,,,2,,7,2,1,6,7,2,7,,,,,59,1,,2,3,,1,stocks and shares,,very interesting,,5,9797e,0,1,1
106,fezi9xqm,570b7f8fb9b52b00102d9723,0,12,12,postexp,Results,2020-01-07 16:07:27.638989+00:00,1,,,2,2,cfs9uxep,,,,,,0,0,1,106,su_ha_fin,abstract,2,choice_2,0,0,7,7,0,0,0,0,0,0.05,0.05,0.05,0.05,0,2,1,1,106,s,t,o,c,k,b,a,t,b,o,o,k,e,r,h,o,n,e,y,T,h,i,n,k,B,o,n,d,0,1,1,106,,,,,,5,,5,7,2,7,7,5,1,,,,,51,1,,4,2,,0,,,This was a fun task.,,5,8376w,0,1,1
107,4uqhe9kj,5aa4c7794eecca0001dde769,0,12,12,postexp,Results,2020-01-07 16:09:58.430811+00:00,1,,,5,5,cfs9uxep,,,,,,0,0,1,107,sh_sev_fin,abstract,3,choice_3,1,1,6,3,1,1,1,1,0,90,80,70,60,20,5,1,1,107,b,l,o,c,k,b,a,t,b,r,o,k,e,r,m,o,n,e,y,T,h,i,n,k,B,e,n,d,0,1,1,107,,,,,,4,,5,2,3,2,6,2,5,,,,,36,0,,4,8,,0,,,,,3,5619f,0,1,1
108,dteops2g,5b305b176d601d0001d5ea96,0,12,12,postexp,Results,2020-01-07 16:13:48.503872+00:00,1,,,5,5,cfs9uxep,,,,,,0,0,1,108,sh_ha_fin,abstract,1,choice_1,1,0,5,2,1,1,1,0,0,20,40,50,80,100,5,1,1,108,F,L,o,c,k,H,a,t,B,R,o,k,e,r,H,o,n,e,y,T,h,I,n,K,B,O,n,d,0,1,1,108,,,,,,5,,5,6,3,2,6,5,6,,,,,25,0,,4,8,,0,,,,,5,9418T,0,1,1
109,jrrbbjjm,5b95305ed14070000131ceed,0,12,12,postexp,Results,2020-01-07 16:14:44.144399+00:00,1,,,5,5,cfs9uxep,,,,,,0,0,1,109,sh_sev_fin,abstract,1,choice_1,1,1,5,2,1,1,1,0,0,80,65,50,30,15,5,1,1,109,c,l,o,c,k,c,a,t,b,r,o,k,e,r,h,o,n,e,y,T,h,i,n,k,B,o,n,d,0,1,1,109,,,,,,6,,5,6,2,5,6,6,2,,,,,33,0,,4,8,,1,stocks,,,,5,7625W,0,1,1
110,krz3h7aw,5b78a7530d470c000127db1d,0,12,12,postexp,Results,2020-01-07 16:16:31.478736+00:00,1,,,5,5,cfs9uxep,,,,,,0,0,1,110,sh_ha_fin,abstract,4,choice_4,1,0,2,4,1,1,1,1,0,90,90,50,35,10,5,1,1,110,f,l,o,c,k,c,a,t,s,m,o,k,e,r,h,o,n,e,y,T,h,i,n,n,B,i,n,d,0,1,1,110,,,,,,2,,4,5,3,2,5,4,1,,,,,30,0,,3,8,,0,,,,,4,6169b,0,1,1
111,ju6cqbyb,591fe11eacfd3400013762be,0,12,12,postexp,Results,2020-01-07 16:18:19.102103+00:00,1,,,2,2,cfs9uxep,,,,,,0,0,1,111,su_ha_fin,abstract,2,choice_2,0,1,7,6,0,0,0,0,0,50,60,80,95,100,2,1,1,111,c,l,o,c,k,b,a,t,s,t,o,k,e,r,m,o,n,e,y,T,h,i,n,k,B,o,n,d,0,1,1,111,,,,,,3,,5,2,3,7,7,2,5,,,,,63,1,,4,2,,1,stocks,,I liked the experiment it gave me the opportunity to re-think my ethical status.,,5,2388n,0,1,1
112,tii7niaw,545d0b09fdf99b7f9fca2261,0,12,12,postexp,Results,2020-01-07 16:23:43.621113+00:00,1,,,2,2,cfs9uxep,,,,,,0,0,1,112,su_sev_fin,abstract,2,choice_2,0,0,6,5,0,0,0,0,0,65,60,40,20,15,2,1,1,112,s,t,o,c,k,r,a,t,b,r,o,k,e,r,m,o,n,e,y,T,h,e,n,e,B,o,n,d,0,1,1,112,,,,,,5,,3,7,4,6,7,7,2,,,,,34,0,,2,5,,1,"commodities, stocks,",,,,5,7533d,0,1,1
113,vppdsj9c,5a00bc39728b1b0001ad8971,0,12,12,postexp,Results,2020-01-07 16:26:23.791170+00:00,1,,,5,5,cfs9uxep,,,,,,0,0,1,113,sh_ha_fin,abstract,1,choice_1,1,0,6,5,1,1,1,1,1,100,100,100,100,100,5,1,1,113,c,l,o,c,k,h,a,t,c,h,o,k,e,r,m,o,n,e,y,T,h,i,n,k,B,o,n,d,0,1,1,113,,,,,,2,,5,2,4,7,7,2,4,,,,,23,1,,3,8,,0,,,n/a,,4,2228E,0,1,1
114,zsony8zn,59cbdc1045ca220001197406,0,12,12,postexp,Results,2020-01-07 16:41:02.817580+00:00,1,,,1,1,cfs9uxep,,,,,,0,0,1,114,sh_sev_fin,abstract,1,choice_1,0,0,6,6,0,0,0,0,0,70,60,50,60,100,1,1,1,114,C,L,o,c,k,C,a,t,L,O,o,k,e,r,H,o,n,e,y,T,h,I,n,K,B,I,n,d,0,1,1,114,,,,,,2,,5,3,3,5,7,3,4,,,,,34,1,,2,8,,0,,,,,5,3969r,0,1,1
115,9wqyt7p8,5ba3d4590e41db0001786ca1,0,12,12,postexp,Results,2020-01-07 16:49:58.204903+00:00,1,,,5,5,cfs9uxep,,,,,,0,0,1,115,su_ha_fin,abstract,3,choice_3,1,0,2,2,1,1,1,1,0,80,80,80,80,5,5,1,1,115,b,l,o,c,k,c,a,t,b,r,o,k,e,r,m,o,n,e,y,T,h,i,n,g,B,a,n,d,0,1,1,115,,,,,,2,,7,2,5,7,7,1,5,,,,,36,1,,3,8,,0,,,None,,5,4972G,0,1,1
116,4xuzudtv,5a1eb1ef087f2e0001eafd82,0,12,12,postexp,Results,2020-01-07 16:58:58.983437+00:00,1,,,5,5,cfs9uxep,,,,,,0,0,1,116,su_ha_fin,abstract,1,choice_1,1,0,3,4,1,1,0,0,0,55,45,25,10,2,5,1,1,116,S,h,o,c,k,E,a,t,S,m,o,k,e,r,H,o,n,e,y,T,h,i,n,k,B,a,n,d,0,1,1,116,,,,,,2,,6,4,3,5,5,3,6,,,,,37,1,,4,3,,0,,,,,4,5239j,0,1,1
117,ydw6n02z,5589cd58fdf99b18be3203af,0,12,12,postexp,Results,2020-01-07 17:07:39.539464+00:00,1,,,3,3,cfs9uxep,,,,,,0,0,1,117,su_sev_fin,abstract,3,choice_3,0,1,5,5,1,1,0,0,0,50,40,20,15,0,3,1,1,117,c,l,o,c,k,c,a,t,l,o,o,k,e,r,h,o,n,e,y,T,h,i,n,e,B,a,n,d,0,1,1,117,,,,,,6,,5,5,2,5,7,5,1,,,,,35,1,,4,3,,0,,,,,4,5629D,0,1,1
118,p2t3gynq,5a972432873cda0001dc9321,0,12,12,postexp,Results,2020-01-07 17:08:57.831234+00:00,1,,,5,5,cfs9uxep,,,,,,0,0,1,118,su_sev_fin,abstract,1,choice_1,1,1,3,2,1,1,0,0,0,60,40,20,10,0,5,1,1,118,C,L,o,c,k,B,a,t,L,O,o,k,e,r,H,o,n,e,y,T,h,I,n,K,B,A,n,d,0,1,1,118,,,,,,3,,2,1,1,4,6,1,3,,,,,47,0,,3,3,,0,,,,,5,5353t,0,1,1
119,jsk5asp6,5a3ca673e7eb810001d35a61,0,12,12,postexp,Results,2020-01-07 17:11:56.121458+00:00,1,,,3,3,cfs9uxep,,,,,,0,0,1,119,sh_ha_fin,abstract,3,choice_3,0,1,7,4,0,0,0,0,0,40,25,15,10,5,3,1,1,119,c,l,o,c,k,c,a,t,b,r,o,k,e,r,m,o,n,e,y,T,h,i,n,s,B,o,n,d,0,1,1,119,,,,,,3,,6,3,2,5,6,2,6,,,,,29,0,,4,8,,1,stocks,,,,5,7776s,0,1,1
120,jz7uwfrb,59b84ad1d793b40001459a0c,0,12,12,postexp,Results,2020-01-07 17:14:29.380110+00:00,1,,,5,5,cfs9uxep,,,,,,0,0,1,120,su_sev_fin,abstract,2,choice_2,1,1,5,3,1,1,1,0,0,90,70,40,15,5,5,1,1,120,C,L,o,c,k,C,a,t,E,V,o,k,e,r,M,o,n,e,y,T,h,I,n,K,B,O,n,d,0,1,1,120,,,,,,3,,6,3,2,4,7,4,4,,,,,24,0,,4,2,,1,,,,,5,3550F,0,1,1
121,t4si0mzd,593675594e31b50001ce1a08,0,12,12,postexp,Results,2020-01-07 17:15:55.589180+00:00,1,,,2,2,cfs9uxep,,,,,,0,0,1,121,sh_sev_fin,abstract,2,choice_2,0,1,6,7,0,0,0,0,0,20,30,30,20,0,2,1,1,121,c,r,o,c,k,b,a,t,l,o,o,k,e,r,h,o,n,e,y,T,h,i,n,k,B,e,n,d,0,1,1,121,,,,,,5,,5,4,6,6,6,4,5,,,,,61,0,,4,8,,1,funds,,,,5,5939H,0,1,1
122,wx3dmfxf,57f78ddf17031e00018fb60c,0,12,12,postexp,Results,2020-01-07 17:20:17.838583+00:00,1,,,3,3,cfs9uxep,,,,,,0,0,1,122,sh_ha_fin,abstract,3,choice_3,0,1,5,3,0,0,0,0,0,35,20,10,5,0,3,1,1,122,s,t,o,c,k,c,a,t,b,r,o,k,e,r,h,o,n,e,y,T,h,a,n,k,B,a,n,d,0,1,1,122,,,,,,3,,6,6,5,5,6,3,5,,,,,40,0,,4,1,,1,Stocks and crowdfunding,,,,4,1471u,0,1,1
123,i1fy3xj3,5b1f717b88ee7400012b4fb1,0,12,12,postexp,Results,2020-01-07 17:26:02.541757+00:00,1,,,5,5,cfs9uxep,,,,,,0,0,1,123,sh_sev_fin,abstract,1,choice_1,1,0,5,5,1,1,1,1,0,75,50,55,65,70,5,1,1,123,S,t,o,c,k,H,a,t,B,R,o,k,e,r,M,o,n,e,y,T,h,i,n,g,B,i,n,d,0,1,1,123,,,,,,4,,4,3,3,6,6,3,4,,,,,36,0,,4,4,,1,,,This was an interesting survey.,,4,9348J,0,1,1
124,ih61lhti,5b14532ce9270900013c5bf6,0,12,12,postexp,Results,2020-01-07 17:37:00.963812+00:00,1,,,5,5,cfs9uxep,,,,,,0,0,1,124,su_sev_fin,abstract,2,choice_2,1,0,4,1,1,1,1,1,0,20,30,20,15,5,5,1,1,124,C,l,o,c,k,F,a,t,B,o,o,k,e,r,m,o,n,e,y,T,h,i,n,g,B,a,n,d,0,1,1,124,,,,,,4,,6,6,3,2,5,6,4,,,,,33,0,,4,8,,0,,,,,5,3107J,0,1,1
125,651v59s3,5ad8dbe2e34a050001b83eac,0,12,12,postexp,Results,2020-01-07 17:38:05.569368+00:00,1,,,4,4,cfs9uxep,,,,,,0,0,1,125,sh_ha_fin,abstract,4,choice_4,0,1,6,7,0,0,0,0,0,78,70,68,65,50,4,1,1,125,c,l,o,c,k,p,a,t,s,t,o,k,e,r,m,o,n,e,y,T,h,i,n,g,B,e,n,d,0,1,1,125,,,,,,3,,6,1,3,6,7,1,4,,,,,52,1,,4,8,,0,,,,,5,8575O,0,1,1
126,zsb3bx8p,56f29effed0cf60006911528,0,12,12,postexp,Results,2020-01-07 17:38:35.097540+00:00,1,,,5,5,cfs9uxep,,,,,,0,0,1,126,su_sev_fin,abstract,2,choice_2,1,0,2,1,1,1,1,1,0,75,75,75,75,0,5,1,1,126,b,l,o,c,k,c,a,t,b,r,o,k,e,r,h,o,n,e,y,T,h,i,n,k,B,o,n,d,0,1,1,126,,,,,,4,,7,2,2,7,7,1,4,,,,,43,0,,4,0,,1,,,I was unsure whether the bonus listed was our bonus for participation or the hypothetical fund manager's bonus,,3,4545J,0,1,1
127,eilpdpag,5b7679bf7e61e30001755de4,0,12,12,postexp,Results,2020-01-07 17:38:53.844681+00:00,1,,,2,2,cfs9uxep,,,,,,0,0,1,127,su_ha_fin,abstract,2,choice_2,0,0,7,7,0,0,0,0,0,40,25,5,3,0,2,1,1,127,b,l,o,c,k,c,a,t,c,o,o,k,e,r,m,o,n,e,y,T,h,i,n,g,B,a,n,d,0,1,1,127,,,,,,1,,4,5,3,6,7,5,1,,,,,32,1,,4,8,,0,,,,,5,1420C,0,1,1
128,8mtsa0w8,59955d4ea2bbe0000188334d,0,1,12,tt,Instructions,2020-01-07 17:41:30.126753+00:00,1,,,0,0,cfs9uxep,,,,,,0,0,1,128,su_ha_fin,abstract,4,choice_4,,,,,,,,,,,,,,,0,1,1,128,,,,,,,,,,,,,,,,,,,,,,,,,,,,,0,1,1,128,,,,,,,,,,,,,,,,,,,,,,,,,,,,,,,,0,1,1
129,2zp7v5po,59dfb52a3e4b5a00016a9ad6,0,12,12,postexp,Results,2020-01-07 17:43:31.975579+00:00,1,,,3,3,cfs9uxep,,,,,,0,0,1,129,su_sev_fin,abstract,3,choice_3,0,0,6,6,0,0,0,0,0,80,60,40,20,0,3,1,1,129,s,t,o,c,k,c,a,t,b,o,o,k,e,r,m,o,n,e,y,T,h,i,n,g,B,a,n,d,0,1,1,129,,,,,,3,,6,3,3,5,7,2,4,,,,,32,1,,4,3,,1,stocks,,,,4,4190x,0,1,1
130,r9fmy773,5af29acb86e4d20001a0206e,0,1,12,tt,Instructions,2020-01-07 17:46:49.809857+00:00,1,,,0,0,cfs9uxep,,,,,,0,0,1,130,sh_sev_fin,abstract,2,choice_2,,,,,,,,,,,,,,,0,1,1,130,,,,,,,,,,,,,,,,,,,,,,,,,,,,,0,1,1,130,,,,,,,,,,,,,,,,,,,,,,,,,,,,,,,,0,1,1
131,wd83ns53,5af573e7b4dfd600018fc0be,0,12,12,postexp,Results,2020-01-07 17:49:11.831214+00:00,1,,,5,5,cfs9uxep,,,,,,0,0,1,131,su_sev_fin,abstract,2,choice_2,1,1,3,4,1,1,1,1,0,100,100,90,80,50,5,1,1,131,s,t,o,c,k,b,a,t,b,r,o,k,e,r,m,o,n,e,y,T,h,i,n,e,B,i,n,d,0,1,1,131,,,,,,5,,5,2,3,6,6,2,2,,,,,44,1,,4,3,,1,funds,,,,4,2377D,0,1,1
132,z59hd6r8,5b2161ce38b0be00014138a5,0,12,12,postexp,Results,2020-01-07 17:49:11.967239+00:00,1,,,3,3,cfs9uxep,,,,,,0,0,1,132,su_ha_fin,abstract,3,choice_3,0,0,4,5,0,0,0,0,0,60,55,40,10,5,3,1,1,132,C,L,o,c,k,T,a,t,C,H,o,k,e,r,H,o,n,e,y,T,h,A,n,K,B,O,n,d,0,1,1,132,,,,,,5,,5,2,2,6,7,1,6,,,,,43,1,,4,8,,1,Shares,,,,4,3463M,0,1,1
133,ibbtcjh5,5a7096746fc3c60001f9598e,0,12,12,postexp,Results,2020-01-07 17:51:17.992347+00:00,1,,,4,4,cfs9uxep,,,,,,0,0,1,133,su_ha_fin,abstract,4,choice_4,0,0,4,2,1,1,0,0,0,65,50,30,15,0,4,1,1,133,c,l,o,c,k,e,a,t,s,m,o,k,e,r,m,o,n,e,y,T,h,i,n,g,B,a,n,d,0,1,1,133,,,,,,3,,4,3,4,5,6,4,4,,,,,26,1,,4,1,,1,"stocks, funds, bonds",,,,5,4193X,0,1,1
134,5kfsqhtk,5b2465d4007d870001c7926a,0,12,12,postexp,Results,2020-01-07 17:52:12.003796+00:00,1,,,1,1,cfs9uxep,,,,,,0,0,1,134,sh_sev_fin,abstract,1,choice_1,0,1,7,7,0,0,0,0,0,95,90,80,65,55,1,1,1,134,g,l,o,c,k,s,a,t,p,o,o,k,e,r,m,o,n,e,y,T,h,i,n,k,B,o,n,d,0,1,1,134,,,,,,6,,7,5,6,7,7,4,5,,,,,44,0,,4,3,,1,stocks,,,,4,2930X,0,1,1
135,iq93xb0m,5a904f34f6dfdd0001ea2283,0,12,12,postexp,Results,2020-01-07 17:52:43.008698+00:00,1,,,4,4,cfs9uxep,,,,,,0,0,1,135,su_ha_fin,abstract,4,choice_4,0,0,5,3,0,0,0,0,0,50,40,30,10,0,4,1,1,135,B,L,o,c,k,B,a,t,B,R,o,k,e,r,M,o,n,e,y,T,h,I,n,G,B,O,n,d,0,1,1,135,,,,,,5,,6,3,5,6,7,2,6,,,,,35,1,,4,8,,0,,,,,4,4552r,0,1,1
136,2i9yh3ks,597fe89a1b41a20001749f57,0,12,12,postexp,Results,2020-01-07 17:54:27.045472+00:00,1,,,5,5,cfs9uxep,,,,,,0,0,1,136,sh_ha_fin,abstract,3,choice_3,1,0,5,4,1,1,1,1,1,70,68,40,30,15,5,1,1,136,c,l,o,c,k,b,a,t,h,o,o,k,e,r,m,o,n,e,y,T,h,i,n,k,B,i,n,d,0,1,1,136,,,,,,3,,5,4,3,3,6,4,5,,,,,41,1,,4,1,,0,,,,,5,1549c,0,1,1
137,5yb7z1ta,5b0281bcc573030001c35959,0,12,12,postexp,Results,2020-01-07 17:55:29.406053+00:00,1,,,4,4,cfs9uxep,,,,,,0,0,1,137,sh_ha_fin,abstract,4,choice_4,0,1,2,2,0,1,1,0,0,4,80,70,60,50,4,1,1,137,o,u,o,c,k,H,a,t,o,s,o,k,e,r,e,o,n,e,y,T,h,H,n,u,B,s,n,d,0,1,1,137,,,,,,2,,3,4,5,4,4,3,2,,,,,44,0,,0,0,,0,,,,,2,6403l,0,1,1
138,yjesgwx4,58c6a76a7f7f9f0001c2cb19,0,12,12,postexp,Results,2020-01-07 17:55:40.950036+00:00,1,,,5,5,cfs9uxep,,,,,,0,0,1,138,sh_ha_fin,abstract,1,choice_1,1,1,4,3,1,1,1,0,0,95,90,90,85,90,5,1,1,138,c,l,o,c,k,m,a,t,b,r,o,k,e,r,m,o,n,e,y,T,h,a,n,k,B,e,n,d,0,1,1,138,,,,,,5,,4,3,4,5,5,2,4,,,,,47,1,,4,8,,1,funds,,,,4,6645D,0,1,1
139,j6jy2ifw,590631366462090001a7f12a,0,1,12,tt,Instructions,2020-01-07 18:04:02.955554+00:00,1,,,0,0,cfs9uxep,,,,,,0,0,1,139,sh_sev_fin,abstract,4,choice_4,,,,,,,,,,,,,,,0,1,1,139,,,,,,,,,,,,,,,,,,,,,,,,,,,,,0,1,1,139,,,,,,,,,,,,,,,,,,,,,,,,,,,,,,,,0,1,1
140,f9aj5wku,5622e4dced6e5a0005c80078,0,12,12,postexp,Results,2020-01-07 18:04:35.944767+00:00,1,,,5,5,cfs9uxep,,,,,,0,0,1,140,sh_ha_fin,abstract,4,choice_4,1,1,5,2,1,1,1,1,0,99,95,10,5,0,5,1,1,140,c,l,o,c,k,b,a,t,b,r,o,k,e,r,m,o,n,e,y,T,h,i,n,k,B,o,n,d,0,1,1,140,,,,,,5,,5,2,4,6,6,1,6,,,,,47,1,,4,1,,1,funds,,,,4,9168o,0,1,1
141,5wmf04ij,596f9bd71a0f2200019a9823,0,12,12,postexp,Results,2020-01-07 18:05:29.984044+00:00,1,,,5,5,cfs9uxep,,,,,,0,0,1,141,su_sev_fin,abstract,2,choice_2,1,0,5,3,1,1,1,0,0,90,85,85,50,20,5,1,1,141,C,L,o,c,k,B,a,t,B,L,o,k,e,r,M,o,n,e,y,T,h,I,n,K,B,I,n,d,0,1,1,141,,,,,,2,,3,3,3,5,7,4,4,,,,,32,1,,3,3,,0,,,,,4,8482X,0,1,1
142,2af4k7dq,5a766fb01904200001556d05,0,12,12,postexp,Results,2020-01-07 18:09:39.906700+00:00,1,,,5,5,cfs9uxep,,,,,,0,0,1,142,su_ha_fin,abstract,2,choice_2,1,0,1,1,1,1,1,0,0,75,75,50,25,0,5,1,1,142,c,l,o,c,k,c,a,t,b,r,o,k,e,r,m,o,n,e,y,T,h,i,n,g,B,a,n,d,0,1,1,142,,,,,,2,,4,2,5,7,7,2,5,,,,,38,1,,4,8,,1,stocks,,,,3,9483f,0,1,1
143,b0z6vdlq,5bce155e561901000121006f,0,12,12,postexp,Results,2020-01-07 18:11:04.925144+00:00,1,,,4,4,cfs9uxep,,,,,,0,0,1,143,sh_ha_fin,abstract,4,choice_4,0,1,7,4,0,0,0,0,0,20,15,10,5,0,4,1,1,143,c,r,o,c,k,c,a,t,b,o,o,k,e,r,h,o,n,e,y,T,h,a,n,e,B,a,n,d,0,1,1,143,,,,,,2,,5,2,3,4,5,2,5,,,,,37,1,,4,8,,1,Pension funds,,,,4,8484q,0,1,1
144,rwxbl9k1,5baab77a9507e2000158683a,0,12,12,postexp,Results,2020-01-07 18:17:55.087773+00:00,1,,,1,1,cfs9uxep,,,,,,0,0,1,144,sh_sev_fin,abstract,1,choice_1,0,1,5,1,0,0,0,0,0,60,60,60,50,10,1,1,1,144,s,h,o,c,k,c,a,t,l,o,o,k,e,r,m,o,n,e,y,T,h,i,n,s,B,e,n,d,0,1,1,144,,,,,,1,,7,2,2,7,6,2,1,,,,,28,1,,3,8,,1,stocks & funds,,I have a personality disorder characterized by placing high value on integrity and have strict morals which may affect these results.,,4,8136L,0,1,1
145,1jl2ngjq,5b1e2c3d2767e20001e5372e,0,12,12,postexp,Results,2020-01-07 18:36:10.605609+00:00,1,,,4,4,cfs9uxep,,,,,,0,0,1,145,sh_ha_fin,abstract,4,choice_4,0,1,6,1,0,0,0,0,0,50,30,10,1,0,4,1,1,145,s,t,o,c,k,b,a,t,h,o,o,k,e,r,m,o,n,e,y,T,h,a,n,k,B,a,n,d,0,1,1,145,,,,,,3,,5,3,4,6,7,3,2,,,,,38,1,,4,1,,1,funds,,,,4,2304d,0,1,1
146,x9puplwn,5b5c6ac94e945800017d9360,0,12,12,postexp,Results,2020-01-07 18:41:21.610852+00:00,1,,,2,2,cfs9uxep,,,,,,0,0,1,146,sh_sev_fin,abstract,2,choice_2,0,0,6,5,0,0,0,0,0,95,85,60,50,25,2,1,1,146,C,l,o,c,k,H,a,t,S,m,o,k,e,r,M,o,n,e,y,T,h,a,n,k,B,o,n,d,0,1,1,146,,,,,,2,,6,2,3,6,6,3,2,,,,,43,1,,2,8,,0,,,na,,4,9583n,0,1,1
147,dyyt7eq0,5af625943aba4900015ed3c7,0,12,12,postexp,Results,2020-01-07 18:45:19.132293+00:00,1,,,5,5,cfs9uxep,,,,,,0,0,1,147,sh_ha_fin,abstract,2,choice_2,1,0,5,2,1,1,1,1,1,90,80,70,60,50,5,1,1,147,c,l,o,c,k,h,a,t,s,t,o,k,e,r,h,o,n,e,y,T,h,e,n,o,B,o,n,d,0,1,1,147,,,,,,2,,5,6,4,6,6,7,5,,,,,28,0,,4,8,,0,,,,,5,4375j,0,1,1
148,folm8g89,5ab5a51be1546900019b59ff,0,12,12,postexp,Results,2020-01-07 18:49:34.770524+00:00,1,,,5,5,cfs9uxep,,,,,,0,0,1,148,sh_sev_fin,abstract,1,choice_1,1,1,4,3,1,1,1,1,1,50,40,30,20,10,5,1,1,148,c,l,o,c,k,c,a,t,h,o,o,k,e,r,h,o,n,e,y,T,h,i,n,g,B,a,n,d,0,1,1,148,,,,,,6,,4,4,2,6,7,5,4,,,,,30,0,,4,0,,1,stocks,,,,5,6970r,0,1,1
149,1nmosjnd,5b7b03b8c4e6ad0001d32617,0,12,12,postexp,Results,2020-01-07 18:50:18.144736+00:00,1,,,3,3,cfs9uxep,,,,,,0,0,1,149,sh_sev_fin,abstract,3,choice_3,0,0,5,2,0,0,0,1,0,75,60,75,80,100,3,1,1,149,b,r,o,c,k,b,a,t,b,r,o,k,e,r,h,o,n,e,y,T,h,o,n,e,B,i,n,d,0,1,1,149,,,,,,5,,5,4,3,6,5,6,4,,,,,34,0,,4,2,,0,,,,,5,4606H,0,1,1
150,ocsyyfh7,5b9034f37afa2a0001f72905,0,12,12,postexp,Results,2020-01-07 18:52:10.682138+00:00,1,,,1,1,cfs9uxep,,,,,,0,0,1,150,su_ha_fin,abstract,1,choice_1,0,1,5,7,0,0,0,0,0,62,35,35,10,0,1,1,1,150,C,l,o,c,k,R,a,t,C,o,o,k,e,r,M,o,n,e,y,T,h,i,n,e,B,o,n,d,0,1,1,150,,,,,,3,,5,2,2,6,7,3,5,,,,,28,1,,3,8,,1,Stocks,,,,4,7893j,0,1,1
151,3omxw3r6,5ac9e0299534ba0001c76e80,0,12,12,postexp,Results,2020-01-07 18:57:31.562859+00:00,1,,,4,4,cfs9uxep,,,,,,0,0,1,151,su_ha_fin,abstract,4,choice_4,0,1,6,6,0,0,0,0,0,20,20,20,20,20,4,1,1,151,C,L,o,c,k,B,a,t,L,O,o,k,e,r,H,o,n,e,y,T,h,A,n,K,B,O,n,d,0,1,1,151,,,,,,4,,6,7,7,6,7,7,2,,,,,46,1,,4,8,,1,Stocks,,Very interested to find out more about this.,,5,4124y,0,1,1
152,zx1xrlpd,5bab5f23fdc48b00017769b7,0,12,12,postexp,Results,2020-01-07 18:57:50.465744+00:00,1,,,3,3,cfs9uxep,,,,,,0,0,1,152,sh_ha_fin,abstract,3,choice_3,0,0,5,3,1,1,0,0,0,90,75,60,40,0,3,1,1,152,C,L,o,c,k,C,a,t,S,T,o,k,e,r,M,o,n,e,y,T,h,A,n,E,B,a,n,d,0,1,1,152,,,,,,3,,5,4,3,5,5,3,3,,,,,30,0,,4,8,,1,,,,,4,7109A,0,1,1
153,um1bg08n,58509fbda6946500016117ed,0,12,12,postexp,Results,2020-01-07 18:59:22.832775+00:00,1,,,5,5,cfs9uxep,,,,,,0,0,1,153,sh_sev_fin,abstract,1,choice_1,1,0,5,6,1,1,1,1,1,90,85,82,78,70,5,1,1,153,c,l,o,c,k,c,a,t,b,o,o,k,e,r,h,o,n,e,y,T,h,a,n,k,B,e,n,d,0,1,1,153,,,,,,6,,3,5,2,5,6,3,5,,,,,34,0,,3,2,,1,Stocks,,,,5,1347P,0,1,1
154,kqelu4wx,5a039a5efe645f0001e9eb3d,0,12,12,postexp,Results,2020-01-07 19:03:21.016000+00:00,1,,,2,2,cfs9uxep,,,,,,0,0,1,154,sh_sev_fin,abstract,2,choice_2,0,0,7,6,0,0,0,0,0,20,15,10,0,0,2,1,1,154,S,H,o,c,k,S,a,t,B,R,o,k,e,r,M,o,n,e,y,T,h,I,n,K,B,I,n,d,0,1,1,154,,,,,,4,,7,2,4,5,6,2,5,,,,,25,1,,4,8,,1,,,,,5,3227L,0,1,1
155,93iml7tp,5b9f16c0962418000113290a,0,12,12,postexp,Results,2020-01-07 19:06:59.573115+00:00,1,,,5,5,cfs9uxep,,,,,,0,0,1,155,su_sev_fin,abstract,2,choice_2,1,1,5,1,1,1,0,0,0,30,40,60,75,90,5,1,1,155,s,t,o,c,k,f,a,t,l,o,o,k,e,r,m,o,n,e,y,T,h,i,n,g,B,a,n,d,0,1,1,155,,,,,,2,,6,4,6,7,7,3,4,,,,,25,1,,4,8,,1,,,,,5,2297n,0,1,1
156,tgk6i93m,597cf6b07fd75300013451f3,0,12,12,postexp,Results,2020-01-07 19:08:23.115849+00:00,1,,,1,1,cfs9uxep,,,,,,0,0,1,156,sh_ha_fin,abstract,1,choice_1,0,0,6,6,0,0,0,0,0,50,50,80,90,100,1,1,1,156,s,h,o,c,k,h,a,t,b,r,o,k,e,r,h,o,n,e,y,T,h,i,n,k,B,e,n,d,0,1,1,156,,,,,,4,,4,2,5,7,6,1,5,,,,,62,1,,3,8,,0,,,,,5,6718m,0,1,1
157,3ztr131g,5a21aabb2b98bc0001a67c65,0,12,12,postexp,Results,2020-01-07 19:13:33.071973+00:00,1,,,3,3,cfs9uxep,,,,,,0,0,1,157,su_sev_fin,abstract,3,choice_3,0,1,7,5,0,0,0,0,0,20,50,70,90,90,3,1,1,157,s,t,o,c,k,c,a,t,b,r,o,k,e,r,m,o,n,e,y,T,h,i,n,k,B,o,n,d,0,1,1,157,,,,,,5,,6,5,5,2,5,2,4,,,,,51,0,,4,8,,1,"stocks, funds, pension",,,,4,3799d,0,1,1
158,v1kiy2li,5b15c265d282ff00015c4576,0,12,12,postexp,Results,2020-01-07 19:14:22.695562+00:00,1,,,5,5,cfs9uxep,,,,,,0,0,1,158,su_ha_fin,abstract,3,choice_3,1,1,3,5,1,1,1,1,0,95,85,75,65,25,5,1,1,158,B,L,o,c,k,C,a,t,C,O,o,k,e,r,H,o,n,e,y,T,h,I,n,G,B,A,n,d,0,1,1,158,,,,,,5,,6,4,3,5,5,3,4,,,,,33,0,,4,8,,1,L,,,,4,7396R,0,1,1
159,wr9kch9f,599c578d8acf1e0001599633,0,12,12,postexp,Results,2020-01-07 19:20:27.980959+00:00,1,,,1,1,cfs9uxep,,,,,,0,0,1,159,su_sev_fin,abstract,1,choice_1,0,1,4,6,0,0,0,0,0,50,30,20,10,0,1,1,1,159,c,l,o,c,k,c,a,t,s,t,o,k,e,r,m,o,n,e,y,T,h,i,n,g,B,a,n,d,0,1,1,159,,,,,,5,,5,5,6,7,5,4,3,,,,,58,0,,4,8,,1,funds,,,,5,3229n,0,1,1
160,mxe3yqnr,5abd377ea3ba7a0001b45bf2,0,12,12,postexp,Results,2020-01-07 19:21:17.805168+00:00,1,,,2,2,cfs9uxep,,,,,,0,0,1,160,sh_ha_fin,abstract,2,choice_2,0,0,7,7,0,0,0,0,0,80,70,40,25,0,2,1,1,160,c,l,o,c,k,h,a,t,l,o,o,k,e,r,m,o,n,e,y,T,h,i,n,g,B,o,n,d,0,1,1,160,,,,,,2,,7,1,1,4,7,1,3,,,,,50,1,,4,8,,1,Funds,,,,5,5379G,0,1,1
161,m2vpj9th,5bb5ddb068558a000125ab50,0,12,12,postexp,Results,2020-01-07 19:23:21.246900+00:00,1,,,5,5,cfs9uxep,,,,,,0,0,1,161,sh_ha_fin,abstract,1,choice_1,1,0,7,1,1,1,1,0,0,90,90,75,20,10,5,1,1,161,S,T,o,c,k,C,a,t,B,R,o,k,e,r,M,o,n,e,y,T,h,O,n,G,B,O,n,d,0,1,1,161,,,,,,4,,3,4,6,5,7,2,2,,,,,31,0,,3,8,,1,,,,,5,5923B,0,1,1
162,em65fnkr,59d3ff9e078dbe0001951196,0,12,12,postexp,Results,2020-01-07 19:31:59.621576+00:00,1,,,4,4,cfs9uxep,,,,,,0,0,1,162,sh_ha_fin,abstract,4,choice_4,0,1,7,3,0,0,0,0,0,46,57,70,35,50,4,1,1,162,C,L,o,c,k,M,a,t,C,H,o,k,e,r,H,o,n,e,y,T,h,I,n,S,B,I,n,d,0,1,1,162,,,,,,3,,6,6,6,7,7,4,6,,,,,34,1,,4,8,,1,,,,,5,8278J,0,1,1
163,e83apox8,597069324d10cd00014e154d,0,12,12,postexp,Results,2020-01-07 19:33:45.520141+00:00,1,,,5,5,cfs9uxep,,,,,,0,0,1,163,su_sev_fin,abstract,2,choice_2,1,1,5,4,1,1,1,1,1,100,80,70,60,50,5,1,1,163,C,L,o,c,k,H,a,t,C,O,o,k,e,r,M,o,n,e,y,T,h,I,n,K,B,O,n,d,0,1,1,163,,,,,,1,,5,7,7,6,7,5,5,,,,,28,1,,1,3,,0,,,,,4,5856P,0,1,1
164,9k0ndcix,5991f4b8cceb0f0001b39bc8,0,12,12,postexp,Results,2020-01-07 19:35:23.285592+00:00,1,,,1,1,cfs9uxep,,,,,,0,0,1,164,su_sev_fin,abstract,1,choice_1,0,1,7,5,0,1,0,1,1,75,70,70,70,50,1,1,1,164,B,l,o,c,k,H,a,t,B,o,o,k,e,r,M,o,n,e,y,T,h,i,n,k,B,a,n,d,0,1,1,164,,,,,,5,,5,4,4,5,7,5,5,,,,,26,0,,4,8,,0,,,,,5,9655f,0,1,1
165,4i11b94o,5a6dbea3e6cc4a0001b6c916,0,1,12,tt,Instructions,2020-01-07 19:35:51.318511+00:00,1,,,0,0,cfs9uxep,,,,,,0,0,1,165,su_sev_fin,abstract,4,choice_4,,,,,,,,,,,,,,,0,1,1,165,,,,,,,,,,,,,,,,,,,,,,,,,,,,,0,1,1,165,,,,,,,,,,,,,,,,,,,,,,,,,,,,,,,,0,1,1
166,stfannb3,57e69f636598aa0001993629,0,12,12,postexp,Results,2020-01-07 19:40:11.480153+00:00,1,,,2,2,cfs9uxep,,,,,,0,0,1,166,sh_sev_fin,abstract,2,choice_2,0,1,6,7,0,0,0,0,0,90,90,90,90,90,2,1,1,166,A,B,o,c,k,B,a,t,S,U,o,k,e,r,O,o,n,e,y,T,h,E,n,E,B,U,n,d,0,1,1,166,,,,,,4,,3,6,7,6,7,6,2,,,,,56,1,,4,2,,1,,,,,4,7127F,0,1,1
167,um9qdq2y,55d06fd334e9060012e5781c,0,12,12,postexp,Results,2020-01-07 19:40:14.673293+00:00,1,,,5,5,cfs9uxep,,,,,,0,0,1,167,sh_ha_fin,abstract,1,choice_1,1,1,5,5,1,1,1,1,1,100,100,100,95,100,5,1,1,167,k,n,o,c,k,c,a,t,s,n,o,k,e,r,m,o,n,e,y,T,h,i,n,k,B,i,n,d,0,1,1,167,,,,,,4,,6,3,3,7,6,2,6,,,,,32,1,,4,2,,1,shares,,,,5,5785c,0,1,1
168,ncnesu5i,5a646e2435f26b0001492aa3,0,12,12,postexp,Results,2020-01-07 19:50:40.011112+00:00,1,,,4,4,cfs9uxep,,,,,,0,0,1,168,sh_ha_fin,abstract,4,choice_4,0,0,3,5,1,1,0,0,0,90,85,60,20,0,4,1,1,168,c,l,o,c,k,c,a,t,s,m,o,k,e,r,h,o,n,e,y,T,h,a,n,k,B,o,n,d,0,1,1,168,,,,,,2,,6,5,6,5,7,5,4,,,,,45,0,,4,7,,1,stocks,,,,4,6219E,0,1,1
169,wqh4h25j,5796466d25cb71000128b16c,0,12,12,postexp,Results,2020-01-07 19:52:35.382327+00:00,1,,,2,2,cfs9uxep,,,,,,0,0,1,169,sh_sev_fin,abstract,2,choice_2,0,0,4,5,0,0,0,0,0,20,15,10,5,0,2,1,1,169,K,l,o,c,k,H,a,t,b,r,o,k,e,r,m,o,n,e,y,T,h,i,n,g,B,o,n,d,0,1,1,169,,,,,,6,,5,6,3,7,7,6,1,,,,,49,0,,3,3,,0,,,Interesting experiment,,5,7371v,0,1,1
170,xjsx4uex,5bd2e5ee1f1b080001bf2f99,0,12,12,postexp,Results,2020-01-07 19:55:04.520262+00:00,1,,,2,2,cfs9uxep,,,,,,0,0,1,170,su_sev_fin,abstract,2,choice_2,0,0,6,1,0,0,0,0,0,35,50,65,80,95,2,1,1,170,b,l,o,c,k,s,a,t,s,t,o,k,e,r,h,o,n,e,y,T,h,i,n,k,B,o,n,d,0,1,1,170,,,,,,2,,6,3,4,7,6,2,5,,,,,51,0,,3,8,,0,,,I enjoyed these tasks. Thank you.,,5,2849L,0,1,1
171,95cuhmme,5936d77cebf54a0001566901,0,12,12,postexp,Results,2020-01-07 19:56:36.165148+00:00,1,,,4,4,cfs9uxep,,,,,,0,0,1,171,su_ha_fin,abstract,4,choice_4,0,0,5,5,0,1,0,0,0,75,50,40,30,100,4,1,1,171,c,l,o,c,k,c,a,t,b,r,o,k,e,r,m,o,n,e,y,T,h,i,n,g,B,o,n,d,0,1,1,171,,,,,,3,,5,4,4,6,5,1,5,,,,,33,1,,4,3,,0,,,,,3,9600M,0,1,1
172,0eu82heb,5bc26cf6e4ef1d00016ca6d5,0,1,12,tt,Instructions,2020-01-07 19:58:47.855944+00:00,1,,,0,0,cfs9uxep,,,,,,0,0,1,172,su_sev_fin,abstract,4,choice_4,,,,,,,,,,,,,,,0,1,1,172,,,,,,,,,,,,,,,,,,,,,,,,,,,,,0,1,1,172,,,,,,,,,,,,,,,,,,,,,,,,,,,,,,,,0,1,1
173,3hcb9q79,5933e8cbf0150b0001734c49,0,12,12,postexp,Results,2020-01-07 20:07:00.297324+00:00,1,,,3,3,cfs9uxep,,,,,,0,0,1,173,sh_sev_fin,abstract,3,choice_3,0,1,4,6,0,0,0,0,0,45,42,40,35,35,3,1,1,173,c,l,o,c,k,h,a,t,c,o,o,k,e,r,m,o,n,e,y,T,h,a,n,k,B,e,n,d,0,1,1,173,,,,,,3,,5,4,5,6,6,3,2,,,,,41,1,,4,8,,1,funds,,No further comments.  have a great day!,,5,1374m,0,1,1
174,6x88c6ow,5a8f60fe8fe2dc000106657d,0,12,12,postexp,Results,2020-01-07 20:07:10.596369+00:00,1,,,4,4,cfs9uxep,,,,,,0,0,1,174,sh_ha_fin,abstract,4,choice_4,0,1,7,5,0,0,0,0,0,60,60,60,70,80,4,1,1,174,S,H,o,c,k,C,a,t,S,M,o,k,e,r,H,o,n,e,y,T,h,I,n,E,B,E,n,d,0,1,1,174,,,,,,5,,6,3,4,7,7,4,3,,,,,49,1,,3,8,,0,,,,,5,7619Z,0,1,1
175,kyd8flp4,59f0458e3e4b5a00016aaaa0,0,12,12,postexp,Results,2020-01-07 20:10:42.809372+00:00,1,,,3,3,cfs9uxep,,,,,,0,0,1,175,su_ha_fin,abstract,3,choice_3,0,0,5,4,0,0,0,0,0,25,25,25,25,25,3,1,1,175,C,L,o,c,k,H,a,t,C,H,o,k,e,r,M,o,n,e,y,T,h,I,n,K,B,A,n,d,0,1,1,175,,,,,,4,,5,3,3,7,7,1,6,,,,,44,1,,3,8,,1,,,,,5,1922V,0,1,1
176,0t3tyr38,576b0cef7f3abb0001fe94f1,0,12,12,postexp,Results,2020-01-07 20:21:14.157989+00:00,1,,,4,4,cfs9uxep,,,,,,0,0,1,176,su_sev_fin,abstract,4,choice_4,0,0,4,5,1,1,1,0,0,67,50,45,30,25,4,1,1,176,c,l,o,c,k,c,a,t,s,m,o,k,e,r,h,o,n,e,y,T,h,a,n,k,B,a,n,d,0,1,1,176,,,,,,2,,5,2,3,5,6,1,5,,,,,29,0,,4,1,,1,stocks,,,,5,4209L,0,1,1
177,dh6xnkr8,5a074adcff266c0001d1fd17,0,12,12,postexp,Results,2020-01-07 20:24:50.872571+00:00,1,,,3,3,cfs9uxep,,,,,,0,0,1,177,su_ha_fin,abstract,3,choice_3,0,1,7,7,0,0,0,0,0,50,50,50,50,50,3,1,1,177,C,L,o,c,k,C,a,t,B,R,o,k,e,r,M,o,n,e,y,T,h,I,n,G,B,O,n,d,0,1,1,177,,,,,,4,,6,1,1,6,7,1,5,,,,,35,0,,3,3,,0,,,,,3,9468I,0,1,1
178,12bx3brm,5a91cb166219a30001d2e6ef,0,12,12,postexp,Results,2020-01-07 20:25:08.725643+00:00,1,,,1,1,cfs9uxep,,,,,,0,0,1,178,sh_ha_fin,abstract,1,choice_1,0,0,6,2,0,0,0,0,0,65,55,40,8,2,1,1,1,178,c,l,o,c,k,c,a,t,s,t,o,k,e,r,h,o,n,e,y,T,h,a,n,k,B,a,n,d,0,1,1,178,,,,,,3,,6,2,3,6,6,1,4,,,,,27,0,,4,8,,1,"Stocks, mutual funds, ETFs, stock options",,,,4,6522Z,0,1,1
179,t3s74asa,58b7232a67ae1000010646dd,0,12,12,postexp,Results,2020-01-07 20:26:46.222281+00:00,1,,,4,4,cfs9uxep,,,,,,0,0,1,179,sh_sev_fin,abstract,4,choice_4,0,1,7,2,0,0,0,0,0,70,10,5,2,2,4,1,1,179,S,t,o,c,k,C,a,t,B,r,o,k,e,r,M,o,n,e,y,T,h,i,n,k,B,a,n,d,0,1,1,179,,,,,,6,,4,5,6,7,7,2,1,,,,,49,1,,4,8,,0,,,,,5,3849Z,0,1,1
180,cpp44b6l,594be574ecd509000182c825,0,1,12,tt,Instructions,2020-01-07 20:35:00.076155+00:00,1,,,0,0,cfs9uxep,,,,,,0,0,1,180,su_sev_fin,abstract,2,choice_2,,,,,,,,,,,,,,,0,1,1,180,,,,,,,,,,,,,,,,,,,,,,,,,,,,,0,1,1,180,,,,,,,,,,,,,,,,,,,,,,,,,,,,,,,,0,1,1
181,n02toej1,5974d1487dd1460001ec4826,0,12,12,postexp,Results,2020-01-07 20:39:50.019636+00:00,1,,,3,3,cfs9uxep,,,,,,0,0,1,181,sh_sev_fin,abstract,3,choice_3,0,0,5,4,0,1,0,0,0,65,65,70,55,28,3,1,1,181,F,O,o,c,k,E,a,t,L,O,o,k,e,r,I,o,n,e,y,T,h,I,n,D,B,T,n,d,0,1,1,181,,,,,,4,,5,5,6,6,6,6,3,,,,,41,1,,2,8,,0,,,,,4,2199D,0,1,1
182,v20ztdb7,5b8abe3ba014120001b52c42,0,12,12,postexp,Results,2020-01-07 20:43:31.892755+00:00,1,,,1,1,cfs9uxep,,,,,,0,0,1,182,su_ha_fin,abstract,1,choice_1,0,1,6,6,0,0,0,0,0,25,25,20,10,0,1,1,1,182,b,l,o,c,k,c,a,t,c,o,o,k,e,r,h,o,n,e,y,T,h,a,n,k,B,a,n,d,0,1,1,182,,,,,,4,,7,4,5,6,6,2,4,,,,,58,0,,2,4,,1,all,,,,5,1749p,0,1,1
183,dzqc0suy,55b74f71fdf99b6e0c49975b,0,12,12,postexp,Results,2020-01-07 20:46:48.241463+00:00,1,,,4,4,cfs9uxep,,,,,,0,0,1,183,su_sev_fin,abstract,4,choice_4,0,1,6,5,1,0,0,0,0,60,25,10,5,1,4,1,1,183,c,l,o,c,k,b,a,t,h,o,o,k,e,r,m,o,n,e,y,T,h,i,n,k,B,o,n,d,0,1,1,183,,,,,,5,,5,5,6,5,6,5,5,,,,,42,0,,4,4,,1,Stocks,,,,5,8300U,0,1,1
184,r6o6vti4,5aa6e29435237b0001130d68,0,12,12,postexp,Results,2020-01-07 20:51:46.580486+00:00,1,,,3,3,cfs9uxep,,,,,,0,0,1,184,su_sev_fin,abstract,3,choice_3,0,1,5,6,1,1,0,0,0,50,45,35,20,15,3,1,1,184,c,l,o,c,k,c,a,t,b,r,o,k,e,r,h,o,n,e,y,T,h,a,n,k,B,i,n,d,0,1,1,184,,,,,,2,,6,4,5,5,6,2,4,,,,,24,1,,4,8,,0,,,,,4,7041c,0,1,1
185,q3yauek6,5b5315d7303c33000165a984,0,12,12,postexp,Results,2020-01-07 20:53:32.310122+00:00,1,,,2,2,cfs9uxep,,,,,,0,0,1,185,su_ha_fin,abstract,2,choice_2,0,1,4,1,0,0,0,0,0,10,8,5,3,0,2,1,1,185,s,t,o,c,k,s,a,t,b,r,o,k,e,r,h,o,n,e,y,T,h,i,n,e,B,o,n,d,0,1,1,185,,,,,,5,,6,5,2,6,7,5,1,,,,,37,0,,4,8,,1,stocks,,I liked thinking about potentially how much bonus it could take to corrupt me.,,5,3684c,0,1,1
186,ji5hsmub,5938e042e9b44100013ae891,0,12,12,postexp,Results,2020-01-07 21:00:59.358895+00:00,1,,,5,5,cfs9uxep,,,,,,0,0,1,186,sh_sev_fin,abstract,2,choice_2,1,0,4,4,1,1,1,1,0,90,90,90,80,50,5,1,1,186,c,l,o,c,k,c,a,t,h,o,o,k,e,r,h,o,n,e,y,T,h,a,n,k,B,a,n,d,0,1,1,186,,,,,,5,,6,4,2,2,6,3,1,,,,,34,1,,4,7,,1,stocks,,"No real issues, it was fine.",,5,7689Y,0,1,1
187,m2ohhatm,5a9a9a34dbdb470001eee32c,0,12,12,postexp,Results,2020-01-07 21:00:58.614052+00:00,1,,,4,4,cfs9uxep,,,,,,0,0,1,187,sh_sev_fin,abstract,4,choice_4,0,0,2,4,1,1,1,0,0,80,70,65,50,30,4,1,1,187,B,L,o,c,k,B,a,t,B,R,o,k,e,r,M,o,n,e,y,T,h,I,n,G,B,O,n,d,0,1,1,187,,,,,,5,,6,5,6,5,6,4,5,,,,,42,0,,4,8,,1,Common,,,,5,5475Z,0,1,1
188,kdfqf44q,5976c35f7c7f6f000188e737,0,12,12,postexp,Results,2020-01-07 21:05:33.971144+00:00,1,,,3,3,cfs9uxep,,,,,,0,0,1,188,sh_ha_fin,abstract,3,choice_3,0,0,7,7,0,0,0,0,0,0,0,0,0,0,3,1,1,188,C,l,o,c,k,C,a,t,B,o,o,k,e,r,m,o,n,e,y,T,h,i,n,k,B,o,n,d,0,1,1,188,,,,,,7,,7,5,4,7,6,4,2,,,,,43,0,,4,8,,1,Stocks & Options,,,,5,2704C,0,1,1
189,p6lb5r8y,59fe36ab517dfb00013dad22,0,12,12,postexp,Results,2020-01-07 21:13:57.703289+00:00,1,,,5,5,cfs9uxep,,,,,,0,0,1,189,sh_ha_fin,abstract,2,choice_2,1,0,5,1,1,1,1,1,0,95,95,95,90,10,5,1,1,189,C,l,o,c,k,M,a,t,C,o,o,k,e,r,M,o,n,e,y,T,h,i,n,k,B,o,n,d,0,1,1,189,,,,,,3,,7,3,6,7,7,1,7,,,,,47,0,,4,2,,1,Funds and Shares,,,,4,5170R,0,1,1
190,5eum8r3d,59902dbbb2bf030001c4f1b3,0,12,12,postexp,Results,2020-01-07 21:34:44.941284+00:00,1,,,5,5,cfs9uxep,,,,,,0,0,1,190,su_ha_fin,abstract,1,choice_1,1,0,4,1,1,1,1,1,0,99,89,75,50,32,5,1,1,190,C,L,o,c,k,H,a,t,C,O,o,k,e,r,H,o,n,e,y,T,h,I,n,K,B,O,n,d,0,1,1,190,,,,,,3,,6,5,4,7,7,1,1,,,,,36,1,,3,8,,0,,,Very interesting,,5,4042s,0,1,1
191,rlp8q1dq,5b61d0768de04c000171cf1b,0,12,12,postexp,Results,2020-01-07 21:37:50.085123+00:00,1,,,1,1,cfs9uxep,,,,,,0,0,1,191,sh_sev_fin,abstract,1,choice_1,0,1,6,6,0,0,0,0,0,50,30,15,10,5,1,1,1,191,s,p,o,c,k,c,a,t,c,o,o,k,e,r,m,o,n,e,y,T,h,i,n,k,B,o,n,d,0,1,1,191,,,,,,4,,3,2,5,5,6,2,5,,,,,31,2,,4,1,,0,,,,,4,3496y,0,1,1
192,a58qek8q,5a5e2217ac562400015411d0,0,1,12,tt,Instructions,2020-01-07 21:40:07.713492+00:00,1,,,0,0,cfs9uxep,,,,,,0,0,1,192,su_ha_fin,abstract,4,choice_4,,,,,,,,,,,,,,,0,1,1,192,,,,,,,,,,,,,,,,,,,,,,,,,,,,,0,1,1,192,,,,,,,,,,,,,,,,,,,,,,,,,,,,,,,,0,1,1
193,g8fmwqrn,59ff8226ab721b0001ef6e61,0,12,12,postexp,Results,2020-01-07 21:45:51.031290+00:00,1,,,3,3,cfs9uxep,,,,,,0,0,1,193,su_ha_fin,abstract,3,choice_3,0,0,7,2,0,0,0,0,0,70,60,35,5,0,3,1,1,193,b,l,o,c,k,b,a,t,b,o,o,k,e,r,h,o,n,e,y,T,h,i,n,k,B,o,n,d,0,1,1,193,,,,,,2,,6,4,4,7,7,2,5,,,,,41,0,,3,8,,0,,,,,3,7497B,0,1,1
194,9fdve2ha,58a8b4ae6a8d3b00017ecc43,0,12,12,postexp,Results,2020-01-07 22:01:20.172851+00:00,1,,,5,5,cfs9uxep,,,,,,0,0,1,194,sh_sev_fin,abstract,4,choice_4,1,0,5,4,1,1,1,1,0,82,75,65,55,33,5,1,1,194,s,t,o,c,k,c,a,t,b,r,o,k,e,r,h,o,n,e,y,T,h,i,n,k,B,o,n,d,0,1,1,194,,,,,,5,,6,4,5,6,7,3,3,,,,,27,1,,3,8,,1,stocks,,,,5,5809j,0,1,1
195,lrd4dsdd,5a9740dff6dfdd0001ea740f,0,12,12,postexp,Results,2020-01-07 22:15:45.981793+00:00,1,,,2,2,cfs9uxep,,,,,,0,0,1,195,su_ha_fin,abstract,2,choice_2,0,0,6,5,0,0,0,0,0,25,20,15,5,0,2,1,1,195,S,H,o,c,k,C,a,t,H,O,o,k,e,r,H,o,n,e,y,T,h,I,n,K,B,O,n,d,0,1,1,195,,,,,,4,,6,6,5,6,6,4,4,,,,,57,0,,4,3,,1,"Stocks, bonds, funds",,,,3,3164a,0,1,1
196,k0lors5m,59534fbccea3470001827e3f,0,12,12,postexp,Results,2020-01-07 22:22:30.096306+00:00,1,,,5,5,cfs9uxep,,,,,,0,0,1,196,sh_ha_fin,abstract,1,choice_1,1,1,7,7,1,1,0,0,0,90,70,40,20,0,5,1,1,196,C,L,o,c,k,B,a,t,C,H,o,k,e,r,M,o,n,e,y,T,h,A,n,K,B,A,n,d,0,1,1,196,,,,,,3,,5,3,3,6,6,2,5,,,,,32,1,,4,8,,0,,,,,5,6166w,0,1,1
197,vpeno5g8,5bba5bd39672860001e26aba,0,8,12,postexp,Pref1,2020-01-07 22:39:55.475777+00:00,1,,,5,5,cfs9uxep,,,,,,0,0,1,197,su_ha_fin,abstract,4,choice_4,1,0,4,4,1,1,1,1,1,80,80,80,80,80,5,1,1,197,f,l,o,c,k,b,a,t,c,h,o,k,e,r,m,o,n,e,y,T,h,a,n,e,B,o,n,d,0,1,1,197,,,,,,4,,,,,,,,,,,,,,,,,,,,,,,,,,0,1,1
198,u42qqln0,577a6900f8f7ed00014b537b,0,12,12,postexp,Results,2020-01-07 22:41:25.383586+00:00,1,,,3,3,cfs9uxep,,,,,,0,0,1,198,sh_sev_fin,abstract,3,choice_3,0,1,7,5,0,0,0,0,0,99,95,80,70,50,3,1,1,198,c,l,o,c,k,c,a,t,h,a,o,k,e,r,h,o,n,e,y,T,h,i,n,g,B,a,n,d,0,1,1,198,,,,,,3,,5,2,1,7,7,1,2,,,,,36,0,,2,8,,0,,,,,4,9811h,0,1,1
199,qjwv04s5,55cfa00534e9060012e5709e,0,12,12,postexp,Results,2020-01-07 22:42:58.816470+00:00,1,,,5,5,cfs9uxep,,,,,,0,0,1,199,sh_ha_fin,abstract,4,choice_4,1,1,5,5,1,1,1,1,1,75,75,75,75,75,5,1,1,199,f,r,o,c,k,h,a,t,b,r,o,k,e,r,d,o,n,e,y,T,h,i,n,k,B,i,n,d,0,1,1,199,,,,,,5,,6,3,3,6,6,2,5,,,,,37,0,,4,7,,1,stock and funds,,,,4,5140n,0,1,1
200,9ja2r6f2,59988b87bbe8480001796613,0,12,12,postexp,Results,2020-01-07 22:46:34.642095+00:00,1,,,1,1,cfs9uxep,,,,,,0,0,1,200,sh_ha_fin,abstract,1,choice_1,0,1,5,2,0,0,0,0,0,80,60,40,20,0,1,1,1,200,B,l,o,c,k,C,a,t,C,h,o,k,e,r,H,o,n,e,y,T,h,a,n,k,B,a,n,d,0,1,1,200,,,,,,2,,3,4,3,3,7,4,2,,,,,24,0,,4,3,,1,Unit trusts,,,,5,5426k,0,1,1
201,y799lz5t,55ca22a2fdf99b34143003e1,0,12,12,postexp,Results,2020-01-07 23:07:32.581594+00:00,1,,,4,4,cfs9uxep,,,,,,0,0,1,201,su_ha_fin,abstract,4,choice_4,0,1,3,1,0,0,0,0,0,50,50,25,25,0,4,1,1,201,b,l,o,c,k,b,a,t,b,o,o,k,e,r,h,o,n,e,y,T,h,i,n,g,B,i,n,d,0,1,1,201,,,,,,3,,5,4,4,5,7,3,5,,,,,26,1,,4,8,,1,ETFs,,,,4,8493W,0,1,1
202,8pd42co4,55a82361fdf99b058cb281bd,0,12,12,postexp,Results,2020-01-07 23:27:56.353870+00:00,1,,,5,5,cfs9uxep,,,,,,0,0,1,202,sh_sev_fin,abstract,1,choice_1,1,1,6,6,1,1,1,1,0,75,75,60,40,0,5,1,1,202,s,t,o,c,k,b,a,t,s,m,o,k,e,r,h,o,n,e,y,T,h,a,n,k,B,o,n,d,0,1,1,202,,,,,,4,,6,4,2,3,6,3,5,,,,,32,0,,4,8,,1,"funds, crypto",,,,4,2623w,0,1,1
203,s00aa0nl,59d38a2f862b67000119d775,0,12,12,postexp,Results,2020-01-07 23:30:01.658266+00:00,1,,,3,3,cfs9uxep,,,,,,0,0,1,203,su_ha_fin,abstract,3,choice_3,0,0,7,7,0,0,0,0,0,70,60,40,25,10,3,1,1,203,C,L,o,c,k,C,a,t,H,O,o,k,e,r,M,o,n,e,y,T,h,I,n,K,B,O,n,d,0,1,1,203,,,,,,2,,7,1,2,7,7,1,7,,,,,33,1,,4,3,,1,"Stocks, etfs, mutual funds, privatecequity",,Was the real reportable 31?,,5,1922N,0,1,1
204,ezbqfrxt,5aadbe52811b2000016f7633,0,12,12,postexp,Results,2020-01-08 00:07:46.021937+00:00,1,,,5,5,cfs9uxep,,,,,,0,0,1,204,sh_sev_fin,abstract,3,choice_3,1,1,1,1,1,1,1,1,0,60,50,35,20,0,5,1,1,204,C,r,o,c,k,C,a,t,C,h,o,k,e,r,H,o,n,e,y,T,h,i,n,g,B,a,n,d,0,1,1,204,,,,,,6,,7,4,4,5,6,4,5,,,,,33,0,,4,2,,1,"Stocks, ETFs, mutual funds.",,,,3,8251V,0,1,1
205,xcknuxw6,572a31e8d7299f000f7b594a,0,0,12,,,,1,,,0,0,cfs9uxep,,,,,,0,0,1,205,su_ha_fin,abstract,1,choice_1,,,,,,,,,,,,,,,0,1,1,205,,,,,,,,,,,,,,,,,,,,,,,,,,,,,0,1,1,205,,,,,,,,,,,,,,,,,,,,,,,,,,,,,,,,0,1,1
206,4ruiin3r,5b73083415d03a0001ea316b,0,12,12,postexp,Results,2020-01-08 00:42:25.948932+00:00,1,,,4,4,cfs9uxep,,,,,,0,0,1,206,sh_ha_fin,abstract,4,choice_4,0,1,5,4,0,0,0,0,0,60,70,80,90,100,4,1,1,206,b,l,o,c,k,b,a,t,b,r,o,k,e,r,m,o,n,e,y,T,h,i,n,k,B,o,n,d,0,1,1,206,,,,,,3,,5,2,3,4,6,2,4,,,,,47,0,,4,7,,1,stocks,,,,4,3227S,0,1,1
207,zcc9fi9m,5724dbdc386f1b0011e92b81,0,12,12,postexp,Results,2020-01-08 01:58:42.393611+00:00,1,,,5,5,cfs9uxep,,,,,,0,0,1,207,sh_ha_fin,abstract,2,choice_2,1,1,4,1,1,1,1,1,0,85,80,75,50,100,5,1,1,207,c,r,o,c,k,h,a,t,l,o,o,k,e,r,m,o,n,e,y,T,h,i,n,g,B,o,n,d,0,1,1,207,,,,,,4,,4,2,4,7,7,1,3,,,,,47,1,,4,8,,0,,,,,4,1205f,0,1,1
208,wcaobizx,5b207e68c9d3cb0001108ddc,0,12,12,postexp,Results,2020-01-08 02:10:57.537719+00:00,1,,,5,5,cfs9uxep,,,,,,0,0,1,208,su_ha_fin,abstract,2,choice_2,1,0,4,5,1,1,1,1,0,40,35,30,20,10,5,1,1,208,s,t,o,c,k,s,a,t,b,r,o,k,e,r,m,o,n,e,y,T,h,i,n,k,B,o,n,d,0,1,1,208,,,,,,7,,7,2,2,4,6,1,3,,,,,30,0,,4,3,,1,"stocks, etfs",,,,5,6181X,0,1,1
209,p0mby5h7,5b255d17a7cee100011d8551,0,12,12,postexp,Results,2020-01-08 03:36:02.382830+00:00,1,,,1,1,cfs9uxep,,,,,,0,0,1,209,sh_sev_fin,abstract,1,choice_1,0,1,6,2,0,0,0,0,0,20,40,60,75,90,1,1,1,209,B,L,o,c,k,C,a,t,S,T,o,k,e,r,M,o,n,e,y,T,h,A,n,K,B,O,n,d,0,1,1,209,,,,,,4,,4,2,2,5,7,2,3,,,,,30,1,,4,8,,0,,,,,3,1584o,0,1,1
210,l5z39lhh,5a0980dfa383a100011b49bc,0,12,12,postexp,Results,2020-01-08 06:33:26.490007+00:00,1,,,5,5,cfs9uxep,,,,,,0,0,1,210,su_ha_fin,abstract,2,choice_2,1,1,4,5,1,1,1,1,1,8,7,6,5,4,5,1,1,210,B,R,o,c,k,C,a,t,B,O,o,k,e,r,M,o,n,e,y,T,h,I,n,K,B,O,n,d,0,1,1,210,,,,,,5,,7,7,7,7,7,5,5,,,,,33,1,,4,8,,0,,,Na,,1,6083B,0,1,1
211,nbsz8ojm,5976451e0673e400019617e3,0,1,12,tt,Instructions,2020-01-08 06:51:02.690651+00:00,1,,,0,0,cfs9uxep,,,,,,0,0,1,211,su_ha_fin,abstract,3,choice_3,,,,,,,,,,,,,,,0,1,1,211,,,,,,,,,,,,,,,,,,,,,,,,,,,,,0,1,1,211,,,,,,,,,,,,,,,,,,,,,,,,,,,,,,,,0,1,1
212,59pwytgz,5a7886822a842c0001fc3c84,0,1,12,tt,Instructions,2020-01-08 07:09:00.655327+00:00,1,,,0,0,cfs9uxep,,,,,,0,0,1,212,su_ha_fin,abstract,3,choice_3,,,,,,,,,,,,,,,0,1,1,212,,,,,,,,,,,,,,,,,,,,,,,,,,,,,0,1,1,212,,,,,,,,,,,,,,,,,,,,,,,,,,,,,,,,0,1,1
213,ecjhhd4e,57310c291efe74000e3089f4,0,12,12,postexp,Results,2020-01-08 07:18:07.671867+00:00,1,,,4,4,cfs9uxep,,,,,,0,0,1,213,su_ha_fin,abstract,4,choice_4,0,0,4,5,0,1,0,0,0,28,30,35,31,32,4,1,1,213,C,L,o,c,k,C,a,t,L,O,o,k,e,r,H,o,n,e,y,T,h,I,n,K,B,E,n,d,0,1,1,213,,,,,,3,,7,3,5,6,7,2,2,,,,,46,1,,4,1,,1,,,,,5,3981w,0,1,1
214,nh24s8lb,,0,0,12,,,,0,,,0,0,cfs9uxep,,,,,,0,0,1,214,su_sev_fin,abstract,3,choice_3,,,,,,,,,,,,,,,0,1,1,214,,,,,,,,,,,,,,,,,,,,,,,,,,,,,0,1,1,214,,,,,,,,,,,,,,,,,,,,,,,,,,,,,,,,0,1,1
215,i061d06g,,0,0,12,,,,0,,,0,0,cfs9uxep,,,,,,0,0,1,215,su_ha_fin,abstract,4,choice_4,,,,,,,,,,,,,,,0,1,1,215,,,,,,,,,,,,,,,,,,,,,,,,,,,,,0,1,1,215,,,,,,,,,,,,,,,,,,,,,,,,,,,,,,,,0,1,1
216,7wlrv1fc,,0,0,12,,,,0,,,0,0,cfs9uxep,,,,,,0,0,1,216,su_ha_fin,abstract,4,choice_4,,,,,,,,,,,,,,,0,1,1,216,,,,,,,,,,,,,,,,,,,,,,,,,,,,,0,1,1,216,,,,,,,,,,,,,,,,,,,,,,,,,,,,,,,,0,1,1
217,nfmpshda,,0,0,12,,,,0,,,0,0,cfs9uxep,,,,,,0,0,1,217,sh_sev_fin,abstract,4,choice_4,,,,,,,,,,,,,,,0,1,1,217,,,,,,,,,,,,,,,,,,,,,,,,,,,,,0,1,1,217,,,,,,,,,,,,,,,,,,,,,,,,,,,,,,,,0,1,1
218,zkjc6iqg,,0,0,12,,,,0,,,0,0,cfs9uxep,,,,,,0,0,1,218,sh_ha_fin,abstract,3,choice_3,,,,,,,,,,,,,,,0,1,1,218,,,,,,,,,,,,,,,,,,,,,,,,,,,,,0,1,1,218,,,,,,,,,,,,,,,,,,,,,,,,,,,,,,,,0,1,1
219,4rb7m5la,,0,0,12,,,,0,,,0,0,cfs9uxep,,,,,,0,0,1,219,su_sev_fin,abstract,3,choice_3,,,,,,,,,,,,,,,0,1,1,219,,,,,,,,,,,,,,,,,,,,,,,,,,,,,0,1,1,219,,,,,,,,,,,,,,,,,,,,,,,,,,,,,,,,0,1,1
220,p40sjo9t,,0,0,12,,,,0,,,0,0,cfs9uxep,,,,,,0,0,1,220,sh_ha_fin,abstract,4,choice_4,,,,,,,,,,,,,,,0,1,1,220,,,,,,,,,,,,,,,,,,,,,,,,,,,,,0,1,1,220,,,,,,,,,,,,,,,,,,,,,,,,,,,,,,,,0,1,1
221,072xbdt2,,0,0,12,,,,0,,,0,0,cfs9uxep,,,,,,0,0,1,221,su_ha_fin,abstract,4,choice_4,,,,,,,,,,,,,,,0,1,1,221,,,,,,,,,,,,,,,,,,,,,,,,,,,,,0,1,1,221,,,,,,,,,,,,,,,,,,,,,,,,,,,,,,,,0,1,1
222,1bnnzcut,,0,0,12,,,,0,,,0,0,cfs9uxep,,,,,,0,0,1,222,su_sev_fin,abstract,1,choice_1,,,,,,,,,,,,,,,0,1,1,222,,,,,,,,,,,,,,,,,,,,,,,,,,,,,0,1,1,222,,,,,,,,,,,,,,,,,,,,,,,,,,,,,,,,0,1,1
223,gd2q5t29,,0,0,12,,,,0,,,0,0,cfs9uxep,,,,,,0,0,1,223,sh_ha_fin,abstract,3,choice_3,,,,,,,,,,,,,,,0,1,1,223,,,,,,,,,,,,,,,,,,,,,,,,,,,,,0,1,1,223,,,,,,,,,,,,,,,,,,,,,,,,,,,,,,,,0,1,1
224,illo6kqc,,0,0,12,,,,0,,,0,0,cfs9uxep,,,,,,0,0,1,224,su_sev_fin,abstract,2,choice_2,,,,,,,,,,,,,,,0,1,1,224,,,,,,,,,,,,,,,,,,,,,,,,,,,,,0,1,1,224,,,,,,,,,,,,,,,,,,,,,,,,,,,,,,,,0,1,1
225,iem9wqb9,,0,0,12,,,,0,,,0,0,cfs9uxep,,,,,,0,0,1,225,su_sev_fin,abstract,1,choice_1,,,,,,,,,,,,,,,0,1,1,225,,,,,,,,,,,,,,,,,,,,,,,,,,,,,0,1,1,225,,,,,,,,,,,,,,,,,,,,,,,,,,,,,,,,0,1,1
226,epnny9nq,,0,0,12,,,,0,,,0,0,cfs9uxep,,,,,,0,0,1,226,sh_sev_fin,abstract,3,choice_3,,,,,,,,,,,,,,,0,1,1,226,,,,,,,,,,,,,,,,,,,,,,,,,,,,,0,1,1,226,,,,,,,,,,,,,,,,,,,,,,,,,,,,,,,,0,1,1
227,u683ktlp,,0,0,12,,,,0,,,0,0,cfs9uxep,,,,,,0,0,1,227,sh_ha_fin,abstract,4,choice_4,,,,,,,,,,,,,,,0,1,1,227,,,,,,,,,,,,,,,,,,,,,,,,,,,,,0,1,1,227,,,,,,,,,,,,,,,,,,,,,,,,,,,,,,,,0,1,1
228,cdfpgf06,,0,0,12,,,,0,,,0,0,cfs9uxep,,,,,,0,0,1,228,sh_sev_fin,abstract,1,choice_1,,,,,,,,,,,,,,,0,1,1,228,,,,,,,,,,,,,,,,,,,,,,,,,,,,,0,1,1,228,,,,,,,,,,,,,,,,,,,,,,,,,,,,,,,,0,1,1
229,lceuluh0,,0,0,12,,,,0,,,0,0,cfs9uxep,,,,,,0,0,1,229,sh_ha_fin,abstract,3,choice_3,,,,,,,,,,,,,,,0,1,1,229,,,,,,,,,,,,,,,,,,,,,,,,,,,,,0,1,1,229,,,,,,,,,,,,,,,,,,,,,,,,,,,,,,,,0,1,1
230,bks2nau3,,0,0,12,,,,0,,,0,0,cfs9uxep,,,,,,0,0,1,230,sh_sev_fin,abstract,2,choice_2,,,,,,,,,,,,,,,0,1,1,230,,,,,,,,,,,,,,,,,,,,,,,,,,,,,0,1,1,230,,,,,,,,,,,,,,,,,,,,,,,,,,,,,,,,0,1,1
231,e40qwfs1,,0,0,12,,,,0,,,0,0,cfs9uxep,,,,,,0,0,1,231,su_sev_fin,abstract,3,choice_3,,,,,,,,,,,,,,,0,1,1,231,,,,,,,,,,,,,,,,,,,,,,,,,,,,,0,1,1,231,,,,,,,,,,,,,,,,,,,,,,,,,,,,,,,,0,1,1
232,wl1pua2z,,0,0,12,,,,0,,,0,0,cfs9uxep,,,,,,0,0,1,232,sh_ha_fin,abstract,1,choice_1,,,,,,,,,,,,,,,0,1,1,232,,,,,,,,,,,,,,,,,,,,,,,,,,,,,0,1,1,232,,,,,,,,,,,,,,,,,,,,,,,,,,,,,,,,0,1,1
233,e87ps3sa,,0,0,12,,,,0,,,0,0,cfs9uxep,,,,,,0,0,1,233,sh_ha_fin,abstract,3,choice_3,,,,,,,,,,,,,,,0,1,1,233,,,,,,,,,,,,,,,,,,,,,,,,,,,,,0,1,1,233,,,,,,,,,,,,,,,,,,,,,,,,,,,,,,,,0,1,1
234,dzertu5c,,0,0,12,,,,0,,,0,0,cfs9uxep,,,,,,0,0,1,234,su_ha_fin,abstract,1,choice_1,,,,,,,,,,,,,,,0,1,1,234,,,,,,,,,,,,,,,,,,,,,,,,,,,,,0,1,1,234,,,,,,,,,,,,,,,,,,,,,,,,,,,,,,,,0,1,1
235,9bq01riq,,0,0,12,,,,0,,,0,0,cfs9uxep,,,,,,0,0,1,235,su_sev_fin,abstract,1,choice_1,,,,,,,,,,,,,,,0,1,1,235,,,,,,,,,,,,,,,,,,,,,,,,,,,,,0,1,1,235,,,,,,,,,,,,,,,,,,,,,,,,,,,,,,,,0,1,1
236,qj36bffc,,0,0,12,,,,0,,,0,0,cfs9uxep,,,,,,0,0,1,236,su_ha_fin,abstract,4,choice_4,,,,,,,,,,,,,,,0,1,1,236,,,,,,,,,,,,,,,,,,,,,,,,,,,,,0,1,1,236,,,,,,,,,,,,,,,,,,,,,,,,,,,,,,,,0,1,1
237,vplyvnzr,,0,0,12,,,,0,,,0,0,cfs9uxep,,,,,,0,0,1,237,su_sev_fin,abstract,1,choice_1,,,,,,,,,,,,,,,0,1,1,237,,,,,,,,,,,,,,,,,,,,,,,,,,,,,0,1,1,237,,,,,,,,,,,,,,,,,,,,,,,,,,,,,,,,0,1,1
238,kisbpffw,,0,0,12,,,,0,,,0,0,cfs9uxep,,,,,,0,0,1,238,sh_ha_fin,abstract,3,choice_3,,,,,,,,,,,,,,,0,1,1,238,,,,,,,,,,,,,,,,,,,,,,,,,,,,,0,1,1,238,,,,,,,,,,,,,,,,,,,,,,,,,,,,,,,,0,1,1
239,umcafyjw,,0,0,12,,,,0,,,0,0,cfs9uxep,,,,,,0,0,1,239,su_sev_fin,abstract,2,choice_2,,,,,,,,,,,,,,,0,1,1,239,,,,,,,,,,,,,,,,,,,,,,,,,,,,,0,1,1,239,,,,,,,,,,,,,,,,,,,,,,,,,,,,,,,,0,1,1
240,9820b1at,,0,0,12,,,,0,,,0,0,cfs9uxep,,,,,,0,0,1,240,sh_sev_fin,abstract,4,choice_4,,,,,,,,,,,,,,,0,1,1,240,,,,,,,,,,,,,,,,,,,,,,,,,,,,,0,1,1,240,,,,,,,,,,,,,,,,,,,,,,,,,,,,,,,,0,1,1
241,x3f6t1lc,,0,0,12,,,,0,,,0,0,cfs9uxep,,,,,,0,0,1,241,su_sev_fin,abstract,3,choice_3,,,,,,,,,,,,,,,0,1,1,241,,,,,,,,,,,,,,,,,,,,,,,,,,,,,0,1,1,241,,,,,,,,,,,,,,,,,,,,,,,,,,,,,,,,0,1,1
242,j8240l6h,,0,0,12,,,,0,,,0,0,cfs9uxep,,,,,,0,0,1,242,sh_ha_fin,abstract,4,choice_4,,,,,,,,,,,,,,,0,1,1,242,,,,,,,,,,,,,,,,,,,,,,,,,,,,,0,1,1,242,,,,,,,,,,,,,,,,,,,,,,,,,,,,,,,,0,1,1
243,qbhy9pqs,,0,0,12,,,,0,,,0,0,cfs9uxep,,,,,,0,0,1,243,sh_ha_fin,abstract,1,choice_1,,,,,,,,,,,,,,,0,1,1,243,,,,,,,,,,,,,,,,,,,,,,,,,,,,,0,1,1,243,,,,,,,,,,,,,,,,,,,,,,,,,,,,,,,,0,1,1
244,2uykfq8t,,0,0,12,,,,0,,,0,0,cfs9uxep,,,,,,0,0,1,244,sh_ha_fin,abstract,4,choice_4,,,,,,,,,,,,,,,0,1,1,244,,,,,,,,,,,,,,,,,,,,,,,,,,,,,0,1,1,244,,,,,,,,,,,,,,,,,,,,,,,,,,,,,,,,0,1,1
245,6qf2dop4,,0,0,12,,,,0,,,0,0,cfs9uxep,,,,,,0,0,1,245,su_sev_fin,abstract,4,choice_4,,,,,,,,,,,,,,,0,1,1,245,,,,,,,,,,,,,,,,,,,,,,,,,,,,,0,1,1,245,,,,,,,,,,,,,,,,,,,,,,,,,,,,,,,,0,1,1
246,w2kp2065,,0,0,12,,,,0,,,0,0,cfs9uxep,,,,,,0,0,1,246,su_sev_fin,abstract,1,choice_1,,,,,,,,,,,,,,,0,1,1,246,,,,,,,,,,,,,,,,,,,,,,,,,,,,,0,1,1,246,,,,,,,,,,,,,,,,,,,,,,,,,,,,,,,,0,1,1
247,k5j79g8p,,0,0,12,,,,0,,,0,0,cfs9uxep,,,,,,0,0,1,247,su_ha_fin,abstract,4,choice_4,,,,,,,,,,,,,,,0,1,1,247,,,,,,,,,,,,,,,,,,,,,,,,,,,,,0,1,1,247,,,,,,,,,,,,,,,,,,,,,,,,,,,,,,,,0,1,1
248,phq8km2o,,0,0,12,,,,0,,,0,0,cfs9uxep,,,,,,0,0,1,248,sh_ha_fin,abstract,4,choice_4,,,,,,,,,,,,,,,0,1,1,248,,,,,,,,,,,,,,,,,,,,,,,,,,,,,0,1,1,248,,,,,,,,,,,,,,,,,,,,,,,,,,,,,,,,0,1,1
249,ivg3qmxy,,0,0,12,,,,0,,,0,0,cfs9uxep,,,,,,0,0,1,249,sh_ha_fin,abstract,1,choice_1,,,,,,,,,,,,,,,0,1,1,249,,,,,,,,,,,,,,,,,,,,,,,,,,,,,0,1,1,249,,,,,,,,,,,,,,,,,,,,,,,,,,,,,,,,0,1,1
250,gugws9m1,,0,0,12,,,,0,,,0,0,cfs9uxep,,,,,,0,0,1,250,sh_sev_fin,abstract,2,choice_2,,,,,,,,,,,,,,,0,1,1,250,,,,,,,,,,,,,,,,,,,,,,,,,,,,,0,1,1,250,,,,,,,,,,,,,,,,,,,,,,,,,,,,,,,,0,1,1
251,w69udxwa,,0,0,12,,,,0,,,0,0,cfs9uxep,,,,,,0,0,1,251,su_ha_fin,abstract,2,choice_2,,,,,,,,,,,,,,,0,1,1,251,,,,,,,,,,,,,,,,,,,,,,,,,,,,,0,1,1,251,,,,,,,,,,,,,,,,,,,,,,,,,,,,,,,,0,1,1
252,o6j3asqh,,0,0,12,,,,0,,,0,0,cfs9uxep,,,,,,0,0,1,252,su_sev_fin,abstract,1,choice_1,,,,,,,,,,,,,,,0,1,1,252,,,,,,,,,,,,,,,,,,,,,,,,,,,,,0,1,1,252,,,,,,,,,,,,,,,,,,,,,,,,,,,,,,,,0,1,1
253,06xgz65c,,0,0,12,,,,0,,,0,0,cfs9uxep,,,,,,0,0,1,253,su_ha_fin,abstract,2,choice_2,,,,,,,,,,,,,,,0,1,1,253,,,,,,,,,,,,,,,,,,,,,,,,,,,,,0,1,1,253,,,,,,,,,,,,,,,,,,,,,,,,,,,,,,,,0,1,1
254,jj58gorp,,0,0,12,,,,0,,,0,0,cfs9uxep,,,,,,0,0,1,254,su_ha_fin,abstract,3,choice_3,,,,,,,,,,,,,,,0,1,1,254,,,,,,,,,,,,,,,,,,,,,,,,,,,,,0,1,1,254,,,,,,,,,,,,,,,,,,,,,,,,,,,,,,,,0,1,1
255,0mpz2xtp,,0,0,12,,,,0,,,0,0,cfs9uxep,,,,,,0,0,1,255,su_sev_fin,abstract,4,choice_4,,,,,,,,,,,,,,,0,1,1,255,,,,,,,,,,,,,,,,,,,,,,,,,,,,,0,1,1,255,,,,,,,,,,,,,,,,,,,,,,,,,,,,,,,,0,1,1
256,xsykgvep,,0,0,12,,,,0,,,0,0,cfs9uxep,,,,,,0,0,1,256,su_sev_fin,abstract,3,choice_3,,,,,,,,,,,,,,,0,1,1,256,,,,,,,,,,,,,,,,,,,,,,,,,,,,,0,1,1,256,,,,,,,,,,,,,,,,,,,,,,,,,,,,,,,,0,1,1
257,yki13yy1,,0,0,12,,,,0,,,0,0,cfs9uxep,,,,,,0,0,1,257,sh_sev_fin,abstract,4,choice_4,,,,,,,,,,,,,,,0,1,1,257,,,,,,,,,,,,,,,,,,,,,,,,,,,,,0,1,1,257,,,,,,,,,,,,,,,,,,,,,,,,,,,,,,,,0,1,1
258,7yomklcy,,0,0,12,,,,0,,,0,0,cfs9uxep,,,,,,0,0,1,258,sh_sev_fin,abstract,4,choice_4,,,,,,,,,,,,,,,0,1,1,258,,,,,,,,,,,,,,,,,,,,,,,,,,,,,0,1,1,258,,,,,,,,,,,,,,,,,,,,,,,,,,,,,,,,0,1,1
259,9xxtl1cb,,0,0,12,,,,0,,,0,0,cfs9uxep,,,,,,0,0,1,259,su_ha_fin,abstract,3,choice_3,,,,,,,,,,,,,,,0,1,1,259,,,,,,,,,,,,,,,,,,,,,,,,,,,,,0,1,1,259,,,,,,,,,,,,,,,,,,,,,,,,,,,,,,,,0,1,1
260,335ttm05,,0,0,12,,,,0,,,0,0,cfs9uxep,,,,,,0,0,1,260,sh_sev_fin,abstract,4,choice_4,,,,,,,,,,,,,,,0,1,1,260,,,,,,,,,,,,,,,,,,,,,,,,,,,,,0,1,1,260,,,,,,,,,,,,,,,,,,,,,,,,,,,,,,,,0,1,1
261,wcne6vsu,,0,0,12,,,,0,,,0,0,cfs9uxep,,,,,,0,0,1,261,su_ha_fin,abstract,2,choice_2,,,,,,,,,,,,,,,0,1,1,261,,,,,,,,,,,,,,,,,,,,,,,,,,,,,0,1,1,261,,,,,,,,,,,,,,,,,,,,,,,,,,,,,,,,0,1,1
262,xh09qthg,,0,0,12,,,,0,,,0,0,cfs9uxep,,,,,,0,0,1,262,su_ha_fin,abstract,3,choice_3,,,,,,,,,,,,,,,0,1,1,262,,,,,,,,,,,,,,,,,,,,,,,,,,,,,0,1,1,262,,,,,,,,,,,,,,,,,,,,,,,,,,,,,,,,0,1,1
263,h43rt2h3,,0,0,12,,,,0,,,0,0,cfs9uxep,,,,,,0,0,1,263,sh_ha_fin,abstract,3,choice_3,,,,,,,,,,,,,,,0,1,1,263,,,,,,,,,,,,,,,,,,,,,,,,,,,,,0,1,1,263,,,,,,,,,,,,,,,,,,,,,,,,,,,,,,,,0,1,1
264,iujzax4a,,0,0,12,,,,0,,,0,0,cfs9uxep,,,,,,0,0,1,264,sh_ha_fin,abstract,1,choice_1,,,,,,,,,,,,,,,0,1,1,264,,,,,,,,,,,,,,,,,,,,,,,,,,,,,0,1,1,264,,,,,,,,,,,,,,,,,,,,,,,,,,,,,,,,0,1,1
265,ojj41958,,0,0,12,,,,0,,,0,0,cfs9uxep,,,,,,0,0,1,265,sh_sev_fin,abstract,3,choice_3,,,,,,,,,,,,,,,0,1,1,265,,,,,,,,,,,,,,,,,,,,,,,,,,,,,0,1,1,265,,,,,,,,,,,,,,,,,,,,,,,,,,,,,,,,0,1,1
266,7wpuru22,,0,0,12,,,,0,,,0,0,cfs9uxep,,,,,,0,0,1,266,sh_ha_fin,abstract,1,choice_1,,,,,,,,,,,,,,,0,1,1,266,,,,,,,,,,,,,,,,,,,,,,,,,,,,,0,1,1,266,,,,,,,,,,,,,,,,,,,,,,,,,,,,,,,,0,1,1
267,ctxi6raw,,0,0,12,,,,0,,,0,0,cfs9uxep,,,,,,0,0,1,267,su_ha_fin,abstract,1,choice_1,,,,,,,,,,,,,,,0,1,1,267,,,,,,,,,,,,,,,,,,,,,,,,,,,,,0,1,1,267,,,,,,,,,,,,,,,,,,,,,,,,,,,,,,,,0,1,1
268,1h6zv41z,,0,0,12,,,,0,,,0,0,cfs9uxep,,,,,,0,0,1,268,sh_ha_fin,abstract,1,choice_1,,,,,,,,,,,,,,,0,1,1,268,,,,,,,,,,,,,,,,,,,,,,,,,,,,,0,1,1,268,,,,,,,,,,,,,,,,,,,,,,,,,,,,,,,,0,1,1
269,5jeftusm,,0,0,12,,,,0,,,0,0,cfs9uxep,,,,,,0,0,1,269,su_ha_fin,abstract,1,choice_1,,,,,,,,,,,,,,,0,1,1,269,,,,,,,,,,,,,,,,,,,,,,,,,,,,,0,1,1,269,,,,,,,,,,,,,,,,,,,,,,,,,,,,,,,,0,1,1
270,5z97jfem,,0,0,12,,,,0,,,0,0,cfs9uxep,,,,,,0,0,1,270,su_ha_fin,abstract,4,choice_4,,,,,,,,,,,,,,,0,1,1,270,,,,,,,,,,,,,,,,,,,,,,,,,,,,,0,1,1,270,,,,,,,,,,,,,,,,,,,,,,,,,,,,,,,,0,1,1
271,ra6ujh2k,,0,0,12,,,,0,,,0,0,cfs9uxep,,,,,,0,0,1,271,sh_ha_fin,abstract,3,choice_3,,,,,,,,,,,,,,,0,1,1,271,,,,,,,,,,,,,,,,,,,,,,,,,,,,,0,1,1,271,,,,,,,,,,,,,,,,,,,,,,,,,,,,,,,,0,1,1
272,94a2d12j,,0,0,12,,,,0,,,0,0,cfs9uxep,,,,,,0,0,1,272,sh_sev_fin,abstract,1,choice_1,,,,,,,,,,,,,,,0,1,1,272,,,,,,,,,,,,,,,,,,,,,,,,,,,,,0,1,1,272,,,,,,,,,,,,,,,,,,,,,,,,,,,,,,,,0,1,1
273,5adbqjpw,,0,0,12,,,,0,,,0,0,cfs9uxep,,,,,,0,0,1,273,sh_sev_fin,abstract,4,choice_4,,,,,,,,,,,,,,,0,1,1,273,,,,,,,,,,,,,,,,,,,,,,,,,,,,,0,1,1,273,,,,,,,,,,,,,,,,,,,,,,,,,,,,,,,,0,1,1
274,qfi9btir,,0,0,12,,,,0,,,0,0,cfs9uxep,,,,,,0,0,1,274,sh_ha_fin,abstract,3,choice_3,,,,,,,,,,,,,,,0,1,1,274,,,,,,,,,,,,,,,,,,,,,,,,,,,,,0,1,1,274,,,,,,,,,,,,,,,,,,,,,,,,,,,,,,,,0,1,1
275,ajtifl1t,,0,0,12,,,,0,,,0,0,cfs9uxep,,,,,,0,0,1,275,su_sev_fin,abstract,1,choice_1,,,,,,,,,,,,,,,0,1,1,275,,,,,,,,,,,,,,,,,,,,,,,,,,,,,0,1,1,275,,,,,,,,,,,,,,,,,,,,,,,,,,,,,,,,0,1,1
276,g572o7fu,,0,0,12,,,,0,,,0,0,cfs9uxep,,,,,,0,0,1,276,su_ha_fin,abstract,2,choice_2,,,,,,,,,,,,,,,0,1,1,276,,,,,,,,,,,,,,,,,,,,,,,,,,,,,0,1,1,276,,,,,,,,,,,,,,,,,,,,,,,,,,,,,,,,0,1,1
277,em4q2m87,,0,0,12,,,,0,,,0,0,cfs9uxep,,,,,,0,0,1,277,su_sev_fin,abstract,1,choice_1,,,,,,,,,,,,,,,0,1,1,277,,,,,,,,,,,,,,,,,,,,,,,,,,,,,0,1,1,277,,,,,,,,,,,,,,,,,,,,,,,,,,,,,,,,0,1,1
278,jizeurl4,,0,0,12,,,,0,,,0,0,cfs9uxep,,,,,,0,0,1,278,sh_sev_fin,abstract,1,choice_1,,,,,,,,,,,,,,,0,1,1,278,,,,,,,,,,,,,,,,,,,,,,,,,,,,,0,1,1,278,,,,,,,,,,,,,,,,,,,,,,,,,,,,,,,,0,1,1
279,fiu7k4z2,,0,0,12,,,,0,,,0,0,cfs9uxep,,,,,,0,0,1,279,su_ha_fin,abstract,1,choice_1,,,,,,,,,,,,,,,0,1,1,279,,,,,,,,,,,,,,,,,,,,,,,,,,,,,0,1,1,279,,,,,,,,,,,,,,,,,,,,,,,,,,,,,,,,0,1,1
280,vl12478t,,0,0,12,,,,0,,,0,0,cfs9uxep,,,,,,0,0,1,280,su_ha_fin,abstract,1,choice_1,,,,,,,,,,,,,,,0,1,1,280,,,,,,,,,,,,,,,,,,,,,,,,,,,,,0,1,1,280,,,,,,,,,,,,,,,,,,,,,,,,,,,,,,,,0,1,1
281,xmd4wdpo,,0,0,12,,,,0,,,0,0,cfs9uxep,,,,,,0,0,1,281,su_sev_fin,abstract,4,choice_4,,,,,,,,,,,,,,,0,1,1,281,,,,,,,,,,,,,,,,,,,,,,,,,,,,,0,1,1,281,,,,,,,,,,,,,,,,,,,,,,,,,,,,,,,,0,1,1
282,g04steu1,,0,0,12,,,,0,,,0,0,cfs9uxep,,,,,,0,0,1,282,sh_sev_fin,abstract,2,choice_2,,,,,,,,,,,,,,,0,1,1,282,,,,,,,,,,,,,,,,,,,,,,,,,,,,,0,1,1,282,,,,,,,,,,,,,,,,,,,,,,,,,,,,,,,,0,1,1
283,e3eusxrl,,0,0,12,,,,0,,,0,0,cfs9uxep,,,,,,0,0,1,283,su_ha_fin,abstract,3,choice_3,,,,,,,,,,,,,,,0,1,1,283,,,,,,,,,,,,,,,,,,,,,,,,,,,,,0,1,1,283,,,,,,,,,,,,,,,,,,,,,,,,,,,,,,,,0,1,1
284,sodwh1g7,,0,0,12,,,,0,,,0,0,cfs9uxep,,,,,,0,0,1,284,su_ha_fin,abstract,4,choice_4,,,,,,,,,,,,,,,0,1,1,284,,,,,,,,,,,,,,,,,,,,,,,,,,,,,0,1,1,284,,,,,,,,,,,,,,,,,,,,,,,,,,,,,,,,0,1,1
285,s1fg1l4z,,0,0,12,,,,0,,,0,0,cfs9uxep,,,,,,0,0,1,285,sh_sev_fin,abstract,3,choice_3,,,,,,,,,,,,,,,0,1,1,285,,,,,,,,,,,,,,,,,,,,,,,,,,,,,0,1,1,285,,,,,,,,,,,,,,,,,,,,,,,,,,,,,,,,0,1,1
286,ttxs1tlu,,0,0,12,,,,0,,,0,0,cfs9uxep,,,,,,0,0,1,286,sh_ha_fin,abstract,4,choice_4,,,,,,,,,,,,,,,0,1,1,286,,,,,,,,,,,,,,,,,,,,,,,,,,,,,0,1,1,286,,,,,,,,,,,,,,,,,,,,,,,,,,,,,,,,0,1,1
287,feqomnov,,0,0,12,,,,0,,,0,0,cfs9uxep,,,,,,0,0,1,287,sh_ha_fin,abstract,1,choice_1,,,,,,,,,,,,,,,0,1,1,287,,,,,,,,,,,,,,,,,,,,,,,,,,,,,0,1,1,287,,,,,,,,,,,,,,,,,,,,,,,,,,,,,,,,0,1,1
288,vagv0ch6,,0,0,12,,,,0,,,0,0,cfs9uxep,,,,,,0,0,1,288,sh_ha_fin,abstract,4,choice_4,,,,,,,,,,,,,,,0,1,1,288,,,,,,,,,,,,,,,,,,,,,,,,,,,,,0,1,1,288,,,,,,,,,,,,,,,,,,,,,,,,,,,,,,,,0,1,1
289,tekzpbtj,,0,0,12,,,,0,,,0,0,cfs9uxep,,,,,,0,0,1,289,sh_ha_fin,abstract,2,choice_2,,,,,,,,,,,,,,,0,1,1,289,,,,,,,,,,,,,,,,,,,,,,,,,,,,,0,1,1,289,,,,,,,,,,,,,,,,,,,,,,,,,,,,,,,,0,1,1
290,ud4nfra6,,0,0,12,,,,0,,,0,0,cfs9uxep,,,,,,0,0,1,290,sh_sev_fin,abstract,1,choice_1,,,,,,,,,,,,,,,0,1,1,290,,,,,,,,,,,,,,,,,,,,,,,,,,,,,0,1,1,290,,,,,,,,,,,,,,,,,,,,,,,,,,,,,,,,0,1,1
291,dckk8ovu,,0,0,12,,,,0,,,0,0,cfs9uxep,,,,,,0,0,1,291,sh_ha_fin,abstract,3,choice_3,,,,,,,,,,,,,,,0,1,1,291,,,,,,,,,,,,,,,,,,,,,,,,,,,,,0,1,1,291,,,,,,,,,,,,,,,,,,,,,,,,,,,,,,,,0,1,1
292,e8xdbetp,,0,0,12,,,,0,,,0,0,cfs9uxep,,,,,,0,0,1,292,su_sev_fin,abstract,2,choice_2,,,,,,,,,,,,,,,0,1,1,292,,,,,,,,,,,,,,,,,,,,,,,,,,,,,0,1,1,292,,,,,,,,,,,,,,,,,,,,,,,,,,,,,,,,0,1,1
293,6kvidcrb,,0,0,12,,,,0,,,0,0,cfs9uxep,,,,,,0,0,1,293,su_ha_fin,abstract,2,choice_2,,,,,,,,,,,,,,,0,1,1,293,,,,,,,,,,,,,,,,,,,,,,,,,,,,,0,1,1,293,,,,,,,,,,,,,,,,,,,,,,,,,,,,,,,,0,1,1
294,1b50yl45,,0,0,12,,,,0,,,0,0,cfs9uxep,,,,,,0,0,1,294,su_ha_fin,abstract,3,choice_3,,,,,,,,,,,,,,,0,1,1,294,,,,,,,,,,,,,,,,,,,,,,,,,,,,,0,1,1,294,,,,,,,,,,,,,,,,,,,,,,,,,,,,,,,,0,1,1
295,a81opdr2,,0,0,12,,,,0,,,0,0,cfs9uxep,,,,,,0,0,1,295,sh_sev_fin,abstract,4,choice_4,,,,,,,,,,,,,,,0,1,1,295,,,,,,,,,,,,,,,,,,,,,,,,,,,,,0,1,1,295,,,,,,,,,,,,,,,,,,,,,,,,,,,,,,,,0,1,1
296,54dmoq7q,,0,0,12,,,,0,,,0,0,cfs9uxep,,,,,,0,0,1,296,sh_ha_fin,abstract,4,choice_4,,,,,,,,,,,,,,,0,1,1,296,,,,,,,,,,,,,,,,,,,,,,,,,,,,,0,1,1,296,,,,,,,,,,,,,,,,,,,,,,,,,,,,,,,,0,1,1
297,2xd81apl,,0,0,12,,,,0,,,0,0,cfs9uxep,,,,,,0,0,1,297,su_sev_fin,abstract,2,choice_2,,,,,,,,,,,,,,,0,1,1,297,,,,,,,,,,,,,,,,,,,,,,,,,,,,,0,1,1,297,,,,,,,,,,,,,,,,,,,,,,,,,,,,,,,,0,1,1
298,fabqvkjj,,0,0,12,,,,0,,,0,0,cfs9uxep,,,,,,0,0,1,298,sh_sev_fin,abstract,1,choice_1,,,,,,,,,,,,,,,0,1,1,298,,,,,,,,,,,,,,,,,,,,,,,,,,,,,0,1,1,298,,,,,,,,,,,,,,,,,,,,,,,,,,,,,,,,0,1,1
299,25nrbil2,,0,0,12,,,,0,,,0,0,cfs9uxep,,,,,,0,0,1,299,sh_sev_fin,abstract,3,choice_3,,,,,,,,,,,,,,,0,1,1,299,,,,,,,,,,,,,,,,,,,,,,,,,,,,,0,1,1,299,,,,,,,,,,,,,,,,,,,,,,,,,,,,,,,,0,1,1
300,tkacr1vc,,0,0,12,,,,0,,,0,0,cfs9uxep,,,,,,0,0,1,300,su_ha_fin,abstract,4,choice_4,,,,,,,,,,,,,,,0,1,1,300,,,,,,,,,,,,,,,,,,,,,,,,,,,,,0,1,1,300,,,,,,,,,,,,,,,,,,,,,,,,,,,,,,,,0,1,1
301,2ld6hvin,,0,0,12,,,,0,,,0,0,cfs9uxep,,,,,,0,0,1,301,su_ha_fin,abstract,3,choice_3,,,,,,,,,,,,,,,0,1,1,301,,,,,,,,,,,,,,,,,,,,,,,,,,,,,0,1,1,301,,,,,,,,,,,,,,,,,,,,,,,,,,,,,,,,0,1,1
302,k7sig6i3,,0,0,12,,,,0,,,0,0,cfs9uxep,,,,,,0,0,1,302,sh_sev_fin,abstract,3,choice_3,,,,,,,,,,,,,,,0,1,1,302,,,,,,,,,,,,,,,,,,,,,,,,,,,,,0,1,1,302,,,,,,,,,,,,,,,,,,,,,,,,,,,,,,,,0,1,1
303,nrqgrdca,,0,0,12,,,,0,,,0,0,cfs9uxep,,,,,,0,0,1,303,sh_sev_fin,abstract,4,choice_4,,,,,,,,,,,,,,,0,1,1,303,,,,,,,,,,,,,,,,,,,,,,,,,,,,,0,1,1,303,,,,,,,,,,,,,,,,,,,,,,,,,,,,,,,,0,1,1
304,vy4ue5xj,,0,0,12,,,,0,,,0,0,cfs9uxep,,,,,,0,0,1,304,sh_ha_fin,abstract,1,choice_1,,,,,,,,,,,,,,,0,1,1,304,,,,,,,,,,,,,,,,,,,,,,,,,,,,,0,1,1,304,,,,,,,,,,,,,,,,,,,,,,,,,,,,,,,,0,1,1
305,r20qq9eb,,0,0,12,,,,0,,,0,0,cfs9uxep,,,,,,0,0,1,305,su_sev_fin,abstract,3,choice_3,,,,,,,,,,,,,,,0,1,1,305,,,,,,,,,,,,,,,,,,,,,,,,,,,,,0,1,1,305,,,,,,,,,,,,,,,,,,,,,,,,,,,,,,,,0,1,1
306,1qaf885p,,0,0,12,,,,0,,,0,0,cfs9uxep,,,,,,0,0,1,306,su_ha_fin,abstract,1,choice_1,,,,,,,,,,,,,,,0,1,1,306,,,,,,,,,,,,,,,,,,,,,,,,,,,,,0,1,1,306,,,,,,,,,,,,,,,,,,,,,,,,,,,,,,,,0,1,1
307,qeb6tilw,,0,0,12,,,,0,,,0,0,cfs9uxep,,,,,,0,0,1,307,sh_ha_fin,abstract,1,choice_1,,,,,,,,,,,,,,,0,1,1,307,,,,,,,,,,,,,,,,,,,,,,,,,,,,,0,1,1,307,,,,,,,,,,,,,,,,,,,,,,,,,,,,,,,,0,1,1
308,q3ahe0ae,,0,0,12,,,,0,,,0,0,cfs9uxep,,,,,,0,0,1,308,su_sev_fin,abstract,1,choice_1,,,,,,,,,,,,,,,0,1,1,308,,,,,,,,,,,,,,,,,,,,,,,,,,,,,0,1,1,308,,,,,,,,,,,,,,,,,,,,,,,,,,,,,,,,0,1,1
309,i40gze64,,0,0,12,,,,0,,,0,0,cfs9uxep,,,,,,0,0,1,309,su_ha_fin,abstract,1,choice_1,,,,,,,,,,,,,,,0,1,1,309,,,,,,,,,,,,,,,,,,,,,,,,,,,,,0,1,1,309,,,,,,,,,,,,,,,,,,,,,,,,,,,,,,,,0,1,1
310,9fti6gkm,,0,0,12,,,,0,,,0,0,cfs9uxep,,,,,,0,0,1,310,su_sev_fin,abstract,2,choice_2,,,,,,,,,,,,,,,0,1,1,310,,,,,,,,,,,,,,,,,,,,,,,,,,,,,0,1,1,310,,,,,,,,,,,,,,,,,,,,,,,,,,,,,,,,0,1,1
311,5y96u2fy,,0,0,12,,,,0,,,0,0,cfs9uxep,,,,,,0,0,1,311,su_ha_fin,abstract,3,choice_3,,,,,,,,,,,,,,,0,1,1,311,,,,,,,,,,,,,,,,,,,,,,,,,,,,,0,1,1,311,,,,,,,,,,,,,,,,,,,,,,,,,,,,,,,,0,1,1
312,dpsn51jv,,0,0,12,,,,0,,,0,0,cfs9uxep,,,,,,0,0,1,312,sh_sev_fin,abstract,2,choice_2,,,,,,,,,,,,,,,0,1,1,312,,,,,,,,,,,,,,,,,,,,,,,,,,,,,0,1,1,312,,,,,,,,,,,,,,,,,,,,,,,,,,,,,,,,0,1,1
313,9fr7d6uj,,0,0,12,,,,0,,,0,0,cfs9uxep,,,,,,0,0,1,313,sh_sev_fin,abstract,4,choice_4,,,,,,,,,,,,,,,0,1,1,313,,,,,,,,,,,,,,,,,,,,,,,,,,,,,0,1,1,313,,,,,,,,,,,,,,,,,,,,,,,,,,,,,,,,0,1,1
314,tdujcn9n,,0,0,12,,,,0,,,0,0,cfs9uxep,,,,,,0,0,1,314,sh_ha_fin,abstract,4,choice_4,,,,,,,,,,,,,,,0,1,1,314,,,,,,,,,,,,,,,,,,,,,,,,,,,,,0,1,1,314,,,,,,,,,,,,,,,,,,,,,,,,,,,,,,,,0,1,1
315,s98bngqh,,0,0,12,,,,0,,,0,0,cfs9uxep,,,,,,0,0,1,315,su_ha_fin,abstract,4,choice_4,,,,,,,,,,,,,,,0,1,1,315,,,,,,,,,,,,,,,,,,,,,,,,,,,,,0,1,1,315,,,,,,,,,,,,,,,,,,,,,,,,,,,,,,,,0,1,1
316,c5vjx49d,,0,0,12,,,,0,,,0,0,cfs9uxep,,,,,,0,0,1,316,sh_sev_fin,abstract,3,choice_3,,,,,,,,,,,,,,,0,1,1,316,,,,,,,,,,,,,,,,,,,,,,,,,,,,,0,1,1,316,,,,,,,,,,,,,,,,,,,,,,,,,,,,,,,,0,1,1
317,hw8khuwa,,0,0,12,,,,0,,,0,0,cfs9uxep,,,,,,0,0,1,317,sh_ha_fin,abstract,4,choice_4,,,,,,,,,,,,,,,0,1,1,317,,,,,,,,,,,,,,,,,,,,,,,,,,,,,0,1,1,317,,,,,,,,,,,,,,,,,,,,,,,,,,,,,,,,0,1,1
318,krxu9nee,,0,0,12,,,,0,,,0,0,cfs9uxep,,,,,,0,0,1,318,sh_sev_fin,abstract,4,choice_4,,,,,,,,,,,,,,,0,1,1,318,,,,,,,,,,,,,,,,,,,,,,,,,,,,,0,1,1,318,,,,,,,,,,,,,,,,,,,,,,,,,,,,,,,,0,1,1
319,9fww6olz,,0,0,12,,,,0,,,0,0,cfs9uxep,,,,,,0,0,1,319,su_sev_fin,abstract,3,choice_3,,,,,,,,,,,,,,,0,1,1,319,,,,,,,,,,,,,,,,,,,,,,,,,,,,,0,1,1,319,,,,,,,,,,,,,,,,,,,,,,,,,,,,,,,,0,1,1
320,glnr3cxk,,0,0,12,,,,0,,,0,0,cfs9uxep,,,,,,0,0,1,320,su_sev_fin,abstract,2,choice_2,,,,,,,,,,,,,,,0,1,1,320,,,,,,,,,,,,,,,,,,,,,,,,,,,,,0,1,1,320,,,,,,,,,,,,,,,,,,,,,,,,,,,,,,,,0,1,1
321,08qkejci,,0,0,12,,,,0,,,0,0,cfs9uxep,,,,,,0,0,1,321,su_sev_fin,abstract,3,choice_3,,,,,,,,,,,,,,,0,1,1,321,,,,,,,,,,,,,,,,,,,,,,,,,,,,,0,1,1,321,,,,,,,,,,,,,,,,,,,,,,,,,,,,,,,,0,1,1
322,xffh83q0,,0,0,12,,,,0,,,0,0,cfs9uxep,,,,,,0,0,1,322,sh_ha_fin,abstract,1,choice_1,,,,,,,,,,,,,,,0,1,1,322,,,,,,,,,,,,,,,,,,,,,,,,,,,,,0,1,1,322,,,,,,,,,,,,,,,,,,,,,,,,,,,,,,,,0,1,1
323,pkwxgn2f,,0,0,12,,,,0,,,0,0,cfs9uxep,,,,,,0,0,1,323,su_sev_fin,abstract,2,choice_2,,,,,,,,,,,,,,,0,1,1,323,,,,,,,,,,,,,,,,,,,,,,,,,,,,,0,1,1,323,,,,,,,,,,,,,,,,,,,,,,,,,,,,,,,,0,1,1
324,lxdj441b,,0,0,12,,,,0,,,0,0,cfs9uxep,,,,,,0,0,1,324,su_ha_fin,abstract,4,choice_4,,,,,,,,,,,,,,,0,1,1,324,,,,,,,,,,,,,,,,,,,,,,,,,,,,,0,1,1,324,,,,,,,,,,,,,,,,,,,,,,,,,,,,,,,,0,1,1
325,rotf4pgh,,0,0,12,,,,0,,,0,0,cfs9uxep,,,,,,0,0,1,325,su_ha_fin,abstract,1,choice_1,,,,,,,,,,,,,,,0,1,1,325,,,,,,,,,,,,,,,,,,,,,,,,,,,,,0,1,1,325,,,,,,,,,,,,,,,,,,,,,,,,,,,,,,,,0,1,1
326,39wpc8zp,,0,0,12,,,,0,,,0,0,cfs9uxep,,,,,,0,0,1,326,sh_ha_fin,abstract,4,choice_4,,,,,,,,,,,,,,,0,1,1,326,,,,,,,,,,,,,,,,,,,,,,,,,,,,,0,1,1,326,,,,,,,,,,,,,,,,,,,,,,,,,,,,,,,,0,1,1
327,4hs00412,,0,0,12,,,,0,,,0,0,cfs9uxep,,,,,,0,0,1,327,sh_ha_fin,abstract,3,choice_3,,,,,,,,,,,,,,,0,1,1,327,,,,,,,,,,,,,,,,,,,,,,,,,,,,,0,1,1,327,,,,,,,,,,,,,,,,,,,,,,,,,,,,,,,,0,1,1
328,qknfj477,,0,0,12,,,,0,,,0,0,cfs9uxep,,,,,,0,0,1,328,sh_sev_fin,abstract,2,choice_2,,,,,,,,,,,,,,,0,1,1,328,,,,,,,,,,,,,,,,,,,,,,,,,,,,,0,1,1,328,,,,,,,,,,,,,,,,,,,,,,,,,,,,,,,,0,1,1
329,d23emo5t,,0,0,12,,,,0,,,0,0,cfs9uxep,,,,,,0,0,1,329,su_ha_fin,abstract,1,choice_1,,,,,,,,,,,,,,,0,1,1,329,,,,,,,,,,,,,,,,,,,,,,,,,,,,,0,1,1,329,,,,,,,,,,,,,,,,,,,,,,,,,,,,,,,,0,1,1
330,071cd28a,,0,0,12,,,,0,,,0,0,cfs9uxep,,,,,,0,0,1,330,su_ha_fin,abstract,3,choice_3,,,,,,,,,,,,,,,0,1,1,330,,,,,,,,,,,,,,,,,,,,,,,,,,,,,0,1,1,330,,,,,,,,,,,,,,,,,,,,,,,,,,,,,,,,0,1,1
331,c47u930d,,0,0,12,,,,0,,,0,0,cfs9uxep,,,,,,0,0,1,331,su_sev_fin,abstract,2,choice_2,,,,,,,,,,,,,,,0,1,1,331,,,,,,,,,,,,,,,,,,,,,,,,,,,,,0,1,1,331,,,,,,,,,,,,,,,,,,,,,,,,,,,,,,,,0,1,1
332,i6rzhga8,,0,0,12,,,,0,,,0,0,cfs9uxep,,,,,,0,0,1,332,su_sev_fin,abstract,2,choice_2,,,,,,,,,,,,,,,0,1,1,332,,,,,,,,,,,,,,,,,,,,,,,,,,,,,0,1,1,332,,,,,,,,,,,,,,,,,,,,,,,,,,,,,,,,0,1,1
333,sh40yggp,,0,0,12,,,,0,,,0,0,cfs9uxep,,,,,,0,0,1,333,sh_sev_fin,abstract,1,choice_1,,,,,,,,,,,,,,,0,1,1,333,,,,,,,,,,,,,,,,,,,,,,,,,,,,,0,1,1,333,,,,,,,,,,,,,,,,,,,,,,,,,,,,,,,,0,1,1
334,o8ixl90g,,0,0,12,,,,0,,,0,0,cfs9uxep,,,,,,0,0,1,334,sh_sev_fin,abstract,2,choice_2,,,,,,,,,,,,,,,0,1,1,334,,,,,,,,,,,,,,,,,,,,,,,,,,,,,0,1,1,334,,,,,,,,,,,,,,,,,,,,,,,,,,,,,,,,0,1,1
335,rzb7pprz,,0,0,12,,,,0,,,0,0,cfs9uxep,,,,,,0,0,1,335,sh_sev_fin,abstract,1,choice_1,,,,,,,,,,,,,,,0,1,1,335,,,,,,,,,,,,,,,,,,,,,,,,,,,,,0,1,1,335,,,,,,,,,,,,,,,,,,,,,,,,,,,,,,,,0,1,1
336,xgvmob5w,,0,0,12,,,,0,,,0,0,cfs9uxep,,,,,,0,0,1,336,sh_sev_fin,abstract,3,choice_3,,,,,,,,,,,,,,,0,1,1,336,,,,,,,,,,,,,,,,,,,,,,,,,,,,,0,1,1,336,,,,,,,,,,,,,,,,,,,,,,,,,,,,,,,,0,1,1
337,m6u1j8go,,0,0,12,,,,0,,,0,0,cfs9uxep,,,,,,0,0,1,337,su_sev_fin,abstract,2,choice_2,,,,,,,,,,,,,,,0,1,1,337,,,,,,,,,,,,,,,,,,,,,,,,,,,,,0,1,1,337,,,,,,,,,,,,,,,,,,,,,,,,,,,,,,,,0,1,1
338,phm8l2kf,,0,0,12,,,,0,,,0,0,cfs9uxep,,,,,,0,0,1,338,sh_ha_fin,abstract,2,choice_2,,,,,,,,,,,,,,,0,1,1,338,,,,,,,,,,,,,,,,,,,,,,,,,,,,,0,1,1,338,,,,,,,,,,,,,,,,,,,,,,,,,,,,,,,,0,1,1
339,ey89ip3s,,0,0,12,,,,0,,,0,0,cfs9uxep,,,,,,0,0,1,339,su_ha_fin,abstract,3,choice_3,,,,,,,,,,,,,,,0,1,1,339,,,,,,,,,,,,,,,,,,,,,,,,,,,,,0,1,1,339,,,,,,,,,,,,,,,,,,,,,,,,,,,,,,,,0,1,1
340,mvmnq8mj,,0,0,12,,,,0,,,0,0,cfs9uxep,,,,,,0,0,1,340,su_ha_fin,abstract,3,choice_3,,,,,,,,,,,,,,,0,1,1,340,,,,,,,,,,,,,,,,,,,,,,,,,,,,,0,1,1,340,,,,,,,,,,,,,,,,,,,,,,,,,,,,,,,,0,1,1
341,06fi4r7f,,0,0,12,,,,0,,,0,0,cfs9uxep,,,,,,0,0,1,341,su_ha_fin,abstract,1,choice_1,,,,,,,,,,,,,,,0,1,1,341,,,,,,,,,,,,,,,,,,,,,,,,,,,,,0,1,1,341,,,,,,,,,,,,,,,,,,,,,,,,,,,,,,,,0,1,1
342,i4xyzkby,,0,0,12,,,,0,,,0,0,cfs9uxep,,,,,,0,0,1,342,su_ha_fin,abstract,2,choice_2,,,,,,,,,,,,,,,0,1,1,342,,,,,,,,,,,,,,,,,,,,,,,,,,,,,0,1,1,342,,,,,,,,,,,,,,,,,,,,,,,,,,,,,,,,0,1,1
343,n2zddyue,,0,0,12,,,,0,,,0,0,cfs9uxep,,,,,,0,0,1,343,sh_ha_fin,abstract,1,choice_1,,,,,,,,,,,,,,,0,1,1,343,,,,,,,,,,,,,,,,,,,,,,,,,,,,,0,1,1,343,,,,,,,,,,,,,,,,,,,,,,,,,,,,,,,,0,1,1
344,bo73kgyv,,0,0,12,,,,0,,,0,0,cfs9uxep,,,,,,0,0,1,344,sh_ha_fin,abstract,3,choice_3,,,,,,,,,,,,,,,0,1,1,344,,,,,,,,,,,,,,,,,,,,,,,,,,,,,0,1,1,344,,,,,,,,,,,,,,,,,,,,,,,,,,,,,,,,0,1,1
345,t50rt2oa,,0,0,12,,,,0,,,0,0,cfs9uxep,,,,,,0,0,1,345,sh_ha_fin,abstract,1,choice_1,,,,,,,,,,,,,,,0,1,1,345,,,,,,,,,,,,,,,,,,,,,,,,,,,,,0,1,1,345,,,,,,,,,,,,,,,,,,,,,,,,,,,,,,,,0,1,1
346,jg60wd4e,,0,0,12,,,,0,,,0,0,cfs9uxep,,,,,,0,0,1,346,su_ha_fin,abstract,2,choice_2,,,,,,,,,,,,,,,0,1,1,346,,,,,,,,,,,,,,,,,,,,,,,,,,,,,0,1,1,346,,,,,,,,,,,,,,,,,,,,,,,,,,,,,,,,0,1,1
347,8paw6iph,,0,0,12,,,,0,,,0,0,cfs9uxep,,,,,,0,0,1,347,su_sev_fin,abstract,2,choice_2,,,,,,,,,,,,,,,0,1,1,347,,,,,,,,,,,,,,,,,,,,,,,,,,,,,0,1,1,347,,,,,,,,,,,,,,,,,,,,,,,,,,,,,,,,0,1,1
348,18j0zqnx,,0,0,12,,,,0,,,0,0,cfs9uxep,,,,,,0,0,1,348,su_ha_fin,abstract,4,choice_4,,,,,,,,,,,,,,,0,1,1,348,,,,,,,,,,,,,,,,,,,,,,,,,,,,,0,1,1,348,,,,,,,,,,,,,,,,,,,,,,,,,,,,,,,,0,1,1
349,0z3jgkwb,,0,0,12,,,,0,,,0,0,cfs9uxep,,,,,,0,0,1,349,sh_ha_fin,abstract,3,choice_3,,,,,,,,,,,,,,,0,1,1,349,,,,,,,,,,,,,,,,,,,,,,,,,,,,,0,1,1,349,,,,,,,,,,,,,,,,,,,,,,,,,,,,,,,,0,1,1
350,flgdi4vl,,0,0,12,,,,0,,,0,0,cfs9uxep,,,,,,0,0,1,350,sh_ha_fin,abstract,3,choice_3,,,,,,,,,,,,,,,0,1,1,350,,,,,,,,,,,,,,,,,,,,,,,,,,,,,0,1,1,350,,,,,,,,,,,,,,,,,,,,,,,,,,,,,,,,0,1,1
351,65vnv6zr,,0,0,12,,,,0,,,0,0,cfs9uxep,,,,,,0,0,1,351,sh_sev_fin,abstract,2,choice_2,,,,,,,,,,,,,,,0,1,1,351,,,,,,,,,,,,,,,,,,,,,,,,,,,,,0,1,1,351,,,,,,,,,,,,,,,,,,,,,,,,,,,,,,,,0,1,1
352,6jg4o4nj,,0,0,12,,,,0,,,0,0,cfs9uxep,,,,,,0,0,1,352,su_ha_fin,abstract,4,choice_4,,,,,,,,,,,,,,,0,1,1,352,,,,,,,,,,,,,,,,,,,,,,,,,,,,,0,1,1,352,,,,,,,,,,,,,,,,,,,,,,,,,,,,,,,,0,1,1
353,zakh9s39,,0,0,12,,,,0,,,0,0,cfs9uxep,,,,,,0,0,1,353,sh_sev_fin,abstract,1,choice_1,,,,,,,,,,,,,,,0,1,1,353,,,,,,,,,,,,,,,,,,,,,,,,,,,,,0,1,1,353,,,,,,,,,,,,,,,,,,,,,,,,,,,,,,,,0,1,1
354,5754if3z,,0,0,12,,,,0,,,0,0,cfs9uxep,,,,,,0,0,1,354,sh_ha_fin,abstract,2,choice_2,,,,,,,,,,,,,,,0,1,1,354,,,,,,,,,,,,,,,,,,,,,,,,,,,,,0,1,1,354,,,,,,,,,,,,,,,,,,,,,,,,,,,,,,,,0,1,1
355,k3calrew,,0,0,12,,,,0,,,0,0,cfs9uxep,,,,,,0,0,1,355,su_sev_fin,abstract,1,choice_1,,,,,,,,,,,,,,,0,1,1,355,,,,,,,,,,,,,,,,,,,,,,,,,,,,,0,1,1,355,,,,,,,,,,,,,,,,,,,,,,,,,,,,,,,,0,1,1
356,3wm7cwlh,,0,0,12,,,,0,,,0,0,cfs9uxep,,,,,,0,0,1,356,sh_ha_fin,abstract,4,choice_4,,,,,,,,,,,,,,,0,1,1,356,,,,,,,,,,,,,,,,,,,,,,,,,,,,,0,1,1,356,,,,,,,,,,,,,,,,,,,,,,,,,,,,,,,,0,1,1
357,0a35k35p,,0,0,12,,,,0,,,0,0,cfs9uxep,,,,,,0,0,1,357,sh_sev_fin,abstract,1,choice_1,,,,,,,,,,,,,,,0,1,1,357,,,,,,,,,,,,,,,,,,,,,,,,,,,,,0,1,1,357,,,,,,,,,,,,,,,,,,,,,,,,,,,,,,,,0,1,1
358,dkvghcbn,,0,0,12,,,,0,,,0,0,cfs9uxep,,,,,,0,0,1,358,su_sev_fin,abstract,4,choice_4,,,,,,,,,,,,,,,0,1,1,358,,,,,,,,,,,,,,,,,,,,,,,,,,,,,0,1,1,358,,,,,,,,,,,,,,,,,,,,,,,,,,,,,,,,0,1,1
359,7407zrpl,,0,0,12,,,,0,,,0,0,cfs9uxep,,,,,,0,0,1,359,sh_sev_fin,abstract,2,choice_2,,,,,,,,,,,,,,,0,1,1,359,,,,,,,,,,,,,,,,,,,,,,,,,,,,,0,1,1,359,,,,,,,,,,,,,,,,,,,,,,,,,,,,,,,,0,1,1
360,jsig7287,,0,0,12,,,,0,,,0,0,cfs9uxep,,,,,,0,0,1,360,su_sev_fin,abstract,2,choice_2,,,,,,,,,,,,,,,0,1,1,360,,,,,,,,,,,,,,,,,,,,,,,,,,,,,0,1,1,360,,,,,,,,,,,,,,,,,,,,,,,,,,,,,,,,0,1,1
361,5cgol85h,,0,0,12,,,,0,,,0,0,cfs9uxep,,,,,,0,0,1,361,sh_sev_fin,abstract,4,choice_4,,,,,,,,,,,,,,,0,1,1,361,,,,,,,,,,,,,,,,,,,,,,,,,,,,,0,1,1,361,,,,,,,,,,,,,,,,,,,,,,,,,,,,,,,,0,1,1
362,qojro92n,,0,0,12,,,,0,,,0,0,cfs9uxep,,,,,,0,0,1,362,su_ha_fin,abstract,4,choice_4,,,,,,,,,,,,,,,0,1,1,362,,,,,,,,,,,,,,,,,,,,,,,,,,,,,0,1,1,362,,,,,,,,,,,,,,,,,,,,,,,,,,,,,,,,0,1,1
363,azubytdx,,0,0,12,,,,0,,,0,0,cfs9uxep,,,,,,0,0,1,363,sh_ha_fin,abstract,2,choice_2,,,,,,,,,,,,,,,0,1,1,363,,,,,,,,,,,,,,,,,,,,,,,,,,,,,0,1,1,363,,,,,,,,,,,,,,,,,,,,,,,,,,,,,,,,0,1,1
364,dl7yzskl,,0,0,12,,,,0,,,0,0,cfs9uxep,,,,,,0,0,1,364,sh_sev_fin,abstract,3,choice_3,,,,,,,,,,,,,,,0,1,1,364,,,,,,,,,,,,,,,,,,,,,,,,,,,,,0,1,1,364,,,,,,,,,,,,,,,,,,,,,,,,,,,,,,,,0,1,1
365,ogscqgrm,,0,0,12,,,,0,,,0,0,cfs9uxep,,,,,,0,0,1,365,sh_ha_fin,abstract,3,choice_3,,,,,,,,,,,,,,,0,1,1,365,,,,,,,,,,,,,,,,,,,,,,,,,,,,,0,1,1,365,,,,,,,,,,,,,,,,,,,,,,,,,,,,,,,,0,1,1
366,sdr4uj44,,0,0,12,,,,0,,,0,0,cfs9uxep,,,,,,0,0,1,366,sh_ha_fin,abstract,1,choice_1,,,,,,,,,,,,,,,0,1,1,366,,,,,,,,,,,,,,,,,,,,,,,,,,,,,0,1,1,366,,,,,,,,,,,,,,,,,,,,,,,,,,,,,,,,0,1,1
367,txip26ap,,0,0,12,,,,0,,,0,0,cfs9uxep,,,,,,0,0,1,367,su_sev_fin,abstract,3,choice_3,,,,,,,,,,,,,,,0,1,1,367,,,,,,,,,,,,,,,,,,,,,,,,,,,,,0,1,1,367,,,,,,,,,,,,,,,,,,,,,,,,,,,,,,,,0,1,1
368,n3h4j74i,,0,0,12,,,,0,,,0,0,cfs9uxep,,,,,,0,0,1,368,su_sev_fin,abstract,2,choice_2,,,,,,,,,,,,,,,0,1,1,368,,,,,,,,,,,,,,,,,,,,,,,,,,,,,0,1,1,368,,,,,,,,,,,,,,,,,,,,,,,,,,,,,,,,0,1,1
369,yc1vjulh,,0,0,12,,,,0,,,0,0,cfs9uxep,,,,,,0,0,1,369,su_ha_fin,abstract,4,choice_4,,,,,,,,,,,,,,,0,1,1,369,,,,,,,,,,,,,,,,,,,,,,,,,,,,,0,1,1,369,,,,,,,,,,,,,,,,,,,,,,,,,,,,,,,,0,1,1
370,bf9dwejm,,0,0,12,,,,0,,,0,0,cfs9uxep,,,,,,0,0,1,370,sh_sev_fin,abstract,2,choice_2,,,,,,,,,,,,,,,0,1,1,370,,,,,,,,,,,,,,,,,,,,,,,,,,,,,0,1,1,370,,,,,,,,,,,,,,,,,,,,,,,,,,,,,,,,0,1,1
371,11ufm2m7,,0,0,12,,,,0,,,0,0,cfs9uxep,,,,,,0,0,1,371,su_sev_fin,abstract,1,choice_1,,,,,,,,,,,,,,,0,1,1,371,,,,,,,,,,,,,,,,,,,,,,,,,,,,,0,1,1,371,,,,,,,,,,,,,,,,,,,,,,,,,,,,,,,,0,1,1
372,ellpocba,,0,0,12,,,,0,,,0,0,cfs9uxep,,,,,,0,0,1,372,sh_ha_fin,abstract,4,choice_4,,,,,,,,,,,,,,,0,1,1,372,,,,,,,,,,,,,,,,,,,,,,,,,,,,,0,1,1,372,,,,,,,,,,,,,,,,,,,,,,,,,,,,,,,,0,1,1
373,jrdmdp67,,0,0,12,,,,0,,,0,0,cfs9uxep,,,,,,0,0,1,373,su_sev_fin,abstract,1,choice_1,,,,,,,,,,,,,,,0,1,1,373,,,,,,,,,,,,,,,,,,,,,,,,,,,,,0,1,1,373,,,,,,,,,,,,,,,,,,,,,,,,,,,,,,,,0,1,1
374,8jigv2h6,,0,0,12,,,,0,,,0,0,cfs9uxep,,,,,,0,0,1,374,su_sev_fin,abstract,4,choice_4,,,,,,,,,,,,,,,0,1,1,374,,,,,,,,,,,,,,,,,,,,,,,,,,,,,0,1,1,374,,,,,,,,,,,,,,,,,,,,,,,,,,,,,,,,0,1,1
375,3whjpgyq,,0,0,12,,,,0,,,0,0,cfs9uxep,,,,,,0,0,1,375,sh_sev_fin,abstract,1,choice_1,,,,,,,,,,,,,,,0,1,1,375,,,,,,,,,,,,,,,,,,,,,,,,,,,,,0,1,1,375,,,,,,,,,,,,,,,,,,,,,,,,,,,,,,,,0,1,1
376,ds9m3qz7,,0,0,12,,,,0,,,0,0,cfs9uxep,,,,,,0,0,1,376,su_ha_fin,abstract,2,choice_2,,,,,,,,,,,,,,,0,1,1,376,,,,,,,,,,,,,,,,,,,,,,,,,,,,,0,1,1,376,,,,,,,,,,,,,,,,,,,,,,,,,,,,,,,,0,1,1
377,b1z6a5iq,,0,0,12,,,,0,,,0,0,cfs9uxep,,,,,,0,0,1,377,sh_ha_fin,abstract,4,choice_4,,,,,,,,,,,,,,,0,1,1,377,,,,,,,,,,,,,,,,,,,,,,,,,,,,,0,1,1,377,,,,,,,,,,,,,,,,,,,,,,,,,,,,,,,,0,1,1
378,4ke81ty0,,0,0,12,,,,0,,,0,0,cfs9uxep,,,,,,0,0,1,378,su_sev_fin,abstract,2,choice_2,,,,,,,,,,,,,,,0,1,1,378,,,,,,,,,,,,,,,,,,,,,,,,,,,,,0,1,1,378,,,,,,,,,,,,,,,,,,,,,,,,,,,,,,,,0,1,1
379,7cw9szh5,,0,0,12,,,,0,,,0,0,cfs9uxep,,,,,,0,0,1,379,sh_sev_fin,abstract,4,choice_4,,,,,,,,,,,,,,,0,1,1,379,,,,,,,,,,,,,,,,,,,,,,,,,,,,,0,1,1,379,,,,,,,,,,,,,,,,,,,,,,,,,,,,,,,,0,1,1
380,ttzcfdeo,,0,0,12,,,,0,,,0,0,cfs9uxep,,,,,,0,0,1,380,sh_sev_fin,abstract,2,choice_2,,,,,,,,,,,,,,,0,1,1,380,,,,,,,,,,,,,,,,,,,,,,,,,,,,,0,1,1,380,,,,,,,,,,,,,,,,,,,,,,,,,,,,,,,,0,1,1
381,30vltthl,,0,0,12,,,,0,,,0,0,cfs9uxep,,,,,,0,0,1,381,su_ha_fin,abstract,4,choice_4,,,,,,,,,,,,,,,0,1,1,381,,,,,,,,,,,,,,,,,,,,,,,,,,,,,0,1,1,381,,,,,,,,,,,,,,,,,,,,,,,,,,,,,,,,0,1,1
382,8xsg3k5m,,0,0,12,,,,0,,,0,0,cfs9uxep,,,,,,0,0,1,382,sh_sev_fin,abstract,2,choice_2,,,,,,,,,,,,,,,0,1,1,382,,,,,,,,,,,,,,,,,,,,,,,,,,,,,0,1,1,382,,,,,,,,,,,,,,,,,,,,,,,,,,,,,,,,0,1,1
383,n13dkrjl,,0,0,12,,,,0,,,0,0,cfs9uxep,,,,,,0,0,1,383,su_sev_fin,abstract,4,choice_4,,,,,,,,,,,,,,,0,1,1,383,,,,,,,,,,,,,,,,,,,,,,,,,,,,,0,1,1,383,,,,,,,,,,,,,,,,,,,,,,,,,,,,,,,,0,1,1
384,rbgtg0i6,,0,0,12,,,,0,,,0,0,cfs9uxep,,,,,,0,0,1,384,sh_sev_fin,abstract,1,choice_1,,,,,,,,,,,,,,,0,1,1,384,,,,,,,,,,,,,,,,,,,,,,,,,,,,,0,1,1,384,,,,,,,,,,,,,,,,,,,,,,,,,,,,,,,,0,1,1
385,c6g12wsh,,0,0,12,,,,0,,,0,0,cfs9uxep,,,,,,0,0,1,385,sh_ha_fin,abstract,4,choice_4,,,,,,,,,,,,,,,0,1,1,385,,,,,,,,,,,,,,,,,,,,,,,,,,,,,0,1,1,385,,,,,,,,,,,,,,,,,,,,,,,,,,,,,,,,0,1,1
386,bk241loo,,0,0,12,,,,0,,,0,0,cfs9uxep,,,,,,0,0,1,386,su_ha_fin,abstract,4,choice_4,,,,,,,,,,,,,,,0,1,1,386,,,,,,,,,,,,,,,,,,,,,,,,,,,,,0,1,1,386,,,,,,,,,,,,,,,,,,,,,,,,,,,,,,,,0,1,1
387,qv415iwh,,0,0,12,,,,0,,,0,0,cfs9uxep,,,,,,0,0,1,387,sh_sev_fin,abstract,2,choice_2,,,,,,,,,,,,,,,0,1,1,387,,,,,,,,,,,,,,,,,,,,,,,,,,,,,0,1,1,387,,,,,,,,,,,,,,,,,,,,,,,,,,,,,,,,0,1,1
388,rfsefluj,,0,0,12,,,,0,,,0,0,cfs9uxep,,,,,,0,0,1,388,sh_ha_fin,abstract,1,choice_1,,,,,,,,,,,,,,,0,1,1,388,,,,,,,,,,,,,,,,,,,,,,,,,,,,,0,1,1,388,,,,,,,,,,,,,,,,,,,,,,,,,,,,,,,,0,1,1
389,d4wh1vai,,0,0,12,,,,0,,,0,0,cfs9uxep,,,,,,0,0,1,389,sh_ha_fin,abstract,1,choice_1,,,,,,,,,,,,,,,0,1,1,389,,,,,,,,,,,,,,,,,,,,,,,,,,,,,0,1,1,389,,,,,,,,,,,,,,,,,,,,,,,,,,,,,,,,0,1,1
390,v36caeqc,,0,0,12,,,,0,,,0,0,cfs9uxep,,,,,,0,0,1,390,su_sev_fin,abstract,2,choice_2,,,,,,,,,,,,,,,0,1,1,390,,,,,,,,,,,,,,,,,,,,,,,,,,,,,0,1,1,390,,,,,,,,,,,,,,,,,,,,,,,,,,,,,,,,0,1,1
391,vd2dhwh6,,0,0,12,,,,0,,,0,0,cfs9uxep,,,,,,0,0,1,391,su_ha_fin,abstract,1,choice_1,,,,,,,,,,,,,,,0,1,1,391,,,,,,,,,,,,,,,,,,,,,,,,,,,,,0,1,1,391,,,,,,,,,,,,,,,,,,,,,,,,,,,,,,,,0,1,1
392,0z9waiiq,,0,0,12,,,,0,,,0,0,cfs9uxep,,,,,,0,0,1,392,su_sev_fin,abstract,2,choice_2,,,,,,,,,,,,,,,0,1,1,392,,,,,,,,,,,,,,,,,,,,,,,,,,,,,0,1,1,392,,,,,,,,,,,,,,,,,,,,,,,,,,,,,,,,0,1,1
393,83fy7ywg,,0,0,12,,,,0,,,0,0,cfs9uxep,,,,,,0,0,1,393,sh_ha_fin,abstract,4,choice_4,,,,,,,,,,,,,,,0,1,1,393,,,,,,,,,,,,,,,,,,,,,,,,,,,,,0,1,1,393,,,,,,,,,,,,,,,,,,,,,,,,,,,,,,,,0,1,1
394,5moi55eo,,0,0,12,,,,0,,,0,0,cfs9uxep,,,,,,0,0,1,394,sh_sev_fin,abstract,1,choice_1,,,,,,,,,,,,,,,0,1,1,394,,,,,,,,,,,,,,,,,,,,,,,,,,,,,0,1,1,394,,,,,,,,,,,,,,,,,,,,,,,,,,,,,,,,0,1,1
395,erl1nn4f,,0,0,12,,,,0,,,0,0,cfs9uxep,,,,,,0,0,1,395,sh_sev_fin,abstract,1,choice_1,,,,,,,,,,,,,,,0,1,1,395,,,,,,,,,,,,,,,,,,,,,,,,,,,,,0,1,1,395,,,,,,,,,,,,,,,,,,,,,,,,,,,,,,,,0,1,1
396,9d756m0t,,0,0,12,,,,0,,,0,0,cfs9uxep,,,,,,0,0,1,396,su_sev_fin,abstract,2,choice_2,,,,,,,,,,,,,,,0,1,1,396,,,,,,,,,,,,,,,,,,,,,,,,,,,,,0,1,1,396,,,,,,,,,,,,,,,,,,,,,,,,,,,,,,,,0,1,1
397,bfskdywc,,0,0,12,,,,0,,,0,0,cfs9uxep,,,,,,0,0,1,397,sh_sev_fin,abstract,3,choice_3,,,,,,,,,,,,,,,0,1,1,397,,,,,,,,,,,,,,,,,,,,,,,,,,,,,0,1,1,397,,,,,,,,,,,,,,,,,,,,,,,,,,,,,,,,0,1,1
398,rpz9ulqt,,0,0,12,,,,0,,,0,0,cfs9uxep,,,,,,0,0,1,398,sh_sev_fin,abstract,1,choice_1,,,,,,,,,,,,,,,0,1,1,398,,,,,,,,,,,,,,,,,,,,,,,,,,,,,0,1,1,398,,,,,,,,,,,,,,,,,,,,,,,,,,,,,,,,0,1,1
399,p9h86sm0,,0,0,12,,,,0,,,0,0,cfs9uxep,,,,,,0,0,1,399,sh_ha_fin,abstract,2,choice_2,,,,,,,,,,,,,,,0,1,1,399,,,,,,,,,,,,,,,,,,,,,,,,,,,,,0,1,1,399,,,,,,,,,,,,,,,,,,,,,,,,,,,,,,,,0,1,1
400,xqf9nkg4,,0,0,12,,,,0,,,0,0,cfs9uxep,,,,,,0,0,1,400,sh_ha_fin,abstract,3,choice_3,,,,,,,,,,,,,,,0,1,1,400,,,,,,,,,,,,,,,,,,,,,,,,,,,,,0,1,1,400,,,,,,,,,,,,,,,,,,,,,,,,,,,,,,,,0,1,1
401,w8u28op1,,0,0,12,,,,0,,,0,0,cfs9uxep,,,,,,0,0,1,401,sh_sev_fin,abstract,4,choice_4,,,,,,,,,,,,,,,0,1,1,401,,,,,,,,,,,,,,,,,,,,,,,,,,,,,0,1,1,401,,,,,,,,,,,,,,,,,,,,,,,,,,,,,,,,0,1,1
402,1i9vtive,,0,0,12,,,,0,,,0,0,cfs9uxep,,,,,,0,0,1,402,su_sev_fin,abstract,1,choice_1,,,,,,,,,,,,,,,0,1,1,402,,,,,,,,,,,,,,,,,,,,,,,,,,,,,0,1,1,402,,,,,,,,,,,,,,,,,,,,,,,,,,,,,,,,0,1,1
403,3ltrp2jp,,0,0,12,,,,0,,,0,0,cfs9uxep,,,,,,0,0,1,403,sh_sev_fin,abstract,1,choice_1,,,,,,,,,,,,,,,0,1,1,403,,,,,,,,,,,,,,,,,,,,,,,,,,,,,0,1,1,403,,,,,,,,,,,,,,,,,,,,,,,,,,,,,,,,0,1,1
404,gnfjq26u,,0,0,12,,,,0,,,0,0,cfs9uxep,,,,,,0,0,1,404,su_sev_fin,abstract,1,choice_1,,,,,,,,,,,,,,,0,1,1,404,,,,,,,,,,,,,,,,,,,,,,,,,,,,,0,1,1,404,,,,,,,,,,,,,,,,,,,,,,,,,,,,,,,,0,1,1
405,ilwnnoi6,,0,0,12,,,,0,,,0,0,cfs9uxep,,,,,,0,0,1,405,su_sev_fin,abstract,4,choice_4,,,,,,,,,,,,,,,0,1,1,405,,,,,,,,,,,,,,,,,,,,,,,,,,,,,0,1,1,405,,,,,,,,,,,,,,,,,,,,,,,,,,,,,,,,0,1,1
406,2vol4xh8,,0,0,12,,,,0,,,0,0,cfs9uxep,,,,,,0,0,1,406,sh_ha_fin,abstract,4,choice_4,,,,,,,,,,,,,,,0,1,1,406,,,,,,,,,,,,,,,,,,,,,,,,,,,,,0,1,1,406,,,,,,,,,,,,,,,,,,,,,,,,,,,,,,,,0,1,1
407,7zq9a7mc,,0,0,12,,,,0,,,0,0,cfs9uxep,,,,,,0,0,1,407,su_sev_fin,abstract,2,choice_2,,,,,,,,,,,,,,,0,1,1,407,,,,,,,,,,,,,,,,,,,,,,,,,,,,,0,1,1,407,,,,,,,,,,,,,,,,,,,,,,,,,,,,,,,,0,1,1
408,sj7xwej7,,0,0,12,,,,0,,,0,0,cfs9uxep,,,,,,0,0,1,408,sh_ha_fin,abstract,4,choice_4,,,,,,,,,,,,,,,0,1,1,408,,,,,,,,,,,,,,,,,,,,,,,,,,,,,0,1,1,408,,,,,,,,,,,,,,,,,,,,,,,,,,,,,,,,0,1,1
409,xbm1cqh5,,0,0,12,,,,0,,,0,0,cfs9uxep,,,,,,0,0,1,409,sh_ha_fin,abstract,3,choice_3,,,,,,,,,,,,,,,0,1,1,409,,,,,,,,,,,,,,,,,,,,,,,,,,,,,0,1,1,409,,,,,,,,,,,,,,,,,,,,,,,,,,,,,,,,0,1,1
410,njofil8z,,0,0,12,,,,0,,,0,0,cfs9uxep,,,,,,0,0,1,410,su_ha_fin,abstract,1,choice_1,,,,,,,,,,,,,,,0,1,1,410,,,,,,,,,,,,,,,,,,,,,,,,,,,,,0,1,1,410,,,,,,,,,,,,,,,,,,,,,,,,,,,,,,,,0,1,1
411,nvvegwm8,,0,0,12,,,,0,,,0,0,cfs9uxep,,,,,,0,0,1,411,sh_sev_fin,abstract,1,choice_1,,,,,,,,,,,,,,,0,1,1,411,,,,,,,,,,,,,,,,,,,,,,,,,,,,,0,1,1,411,,,,,,,,,,,,,,,,,,,,,,,,,,,,,,,,0,1,1
412,td1hn501,,0,0,12,,,,0,,,0,0,cfs9uxep,,,,,,0,0,1,412,su_ha_fin,abstract,2,choice_2,,,,,,,,,,,,,,,0,1,1,412,,,,,,,,,,,,,,,,,,,,,,,,,,,,,0,1,1,412,,,,,,,,,,,,,,,,,,,,,,,,,,,,,,,,0,1,1
413,ihxuhey3,,0,0,12,,,,0,,,0,0,cfs9uxep,,,,,,0,0,1,413,su_sev_fin,abstract,3,choice_3,,,,,,,,,,,,,,,0,1,1,413,,,,,,,,,,,,,,,,,,,,,,,,,,,,,0,1,1,413,,,,,,,,,,,,,,,,,,,,,,,,,,,,,,,,0,1,1
414,7q9afez6,,0,0,12,,,,0,,,0,0,cfs9uxep,,,,,,0,0,1,414,sh_sev_fin,abstract,3,choice_3,,,,,,,,,,,,,,,0,1,1,414,,,,,,,,,,,,,,,,,,,,,,,,,,,,,0,1,1,414,,,,,,,,,,,,,,,,,,,,,,,,,,,,,,,,0,1,1
415,xkz3g63w,,0,0,12,,,,0,,,0,0,cfs9uxep,,,,,,0,0,1,415,sh_ha_fin,abstract,4,choice_4,,,,,,,,,,,,,,,0,1,1,415,,,,,,,,,,,,,,,,,,,,,,,,,,,,,0,1,1,415,,,,,,,,,,,,,,,,,,,,,,,,,,,,,,,,0,1,1
416,hiwpudc1,,0,0,12,,,,0,,,0,0,cfs9uxep,,,,,,0,0,1,416,sh_sev_fin,abstract,1,choice_1,,,,,,,,,,,,,,,0,1,1,416,,,,,,,,,,,,,,,,,,,,,,,,,,,,,0,1,1,416,,,,,,,,,,,,,,,,,,,,,,,,,,,,,,,,0,1,1
417,7nma72oy,,0,0,12,,,,0,,,0,0,cfs9uxep,,,,,,0,0,1,417,su_ha_fin,abstract,1,choice_1,,,,,,,,,,,,,,,0,1,1,417,,,,,,,,,,,,,,,,,,,,,,,,,,,,,0,1,1,417,,,,,,,,,,,,,,,,,,,,,,,,,,,,,,,,0,1,1
418,1jbd9e5d,,0,0,12,,,,0,,,0,0,cfs9uxep,,,,,,0,0,1,418,sh_ha_fin,abstract,3,choice_3,,,,,,,,,,,,,,,0,1,1,418,,,,,,,,,,,,,,,,,,,,,,,,,,,,,0,1,1,418,,,,,,,,,,,,,,,,,,,,,,,,,,,,,,,,0,1,1
419,z0e825rj,,0,0,12,,,,0,,,0,0,cfs9uxep,,,,,,0,0,1,419,su_sev_fin,abstract,1,choice_1,,,,,,,,,,,,,,,0,1,1,419,,,,,,,,,,,,,,,,,,,,,,,,,,,,,0,1,1,419,,,,,,,,,,,,,,,,,,,,,,,,,,,,,,,,0,1,1
420,0ifislk5,,0,0,12,,,,0,,,0,0,cfs9uxep,,,,,,0,0,1,420,sh_ha_fin,abstract,2,choice_2,,,,,,,,,,,,,,,0,1,1,420,,,,,,,,,,,,,,,,,,,,,,,,,,,,,0,1,1,420,,,,,,,,,,,,,,,,,,,,,,,,,,,,,,,,0,1,1
421,rxdwzl0b,,0,0,12,,,,0,,,0,0,cfs9uxep,,,,,,0,0,1,421,su_sev_fin,abstract,1,choice_1,,,,,,,,,,,,,,,0,1,1,421,,,,,,,,,,,,,,,,,,,,,,,,,,,,,0,1,1,421,,,,,,,,,,,,,,,,,,,,,,,,,,,,,,,,0,1,1
422,jeborkyw,,0,0,12,,,,0,,,0,0,cfs9uxep,,,,,,0,0,1,422,sh_sev_fin,abstract,1,choice_1,,,,,,,,,,,,,,,0,1,1,422,,,,,,,,,,,,,,,,,,,,,,,,,,,,,0,1,1,422,,,,,,,,,,,,,,,,,,,,,,,,,,,,,,,,0,1,1
423,4y69ssr5,,0,0,12,,,,0,,,0,0,cfs9uxep,,,,,,0,0,1,423,sh_ha_fin,abstract,1,choice_1,,,,,,,,,,,,,,,0,1,1,423,,,,,,,,,,,,,,,,,,,,,,,,,,,,,0,1,1,423,,,,,,,,,,,,,,,,,,,,,,,,,,,,,,,,0,1,1
424,s2nrbhv0,,0,0,12,,,,0,,,0,0,cfs9uxep,,,,,,0,0,1,424,su_sev_fin,abstract,3,choice_3,,,,,,,,,,,,,,,0,1,1,424,,,,,,,,,,,,,,,,,,,,,,,,,,,,,0,1,1,424,,,,,,,,,,,,,,,,,,,,,,,,,,,,,,,,0,1,1
425,w1e1c9uf,,0,0,12,,,,0,,,0,0,cfs9uxep,,,,,,0,0,1,425,sh_ha_fin,abstract,3,choice_3,,,,,,,,,,,,,,,0,1,1,425,,,,,,,,,,,,,,,,,,,,,,,,,,,,,0,1,1,425,,,,,,,,,,,,,,,,,,,,,,,,,,,,,,,,0,1,1
426,n1asntb7,,0,0,12,,,,0,,,0,0,cfs9uxep,,,,,,0,0,1,426,sh_sev_fin,abstract,2,choice_2,,,,,,,,,,,,,,,0,1,1,426,,,,,,,,,,,,,,,,,,,,,,,,,,,,,0,1,1,426,,,,,,,,,,,,,,,,,,,,,,,,,,,,,,,,0,1,1
427,rnv23kx1,,0,0,12,,,,0,,,0,0,cfs9uxep,,,,,,0,0,1,427,su_ha_fin,abstract,2,choice_2,,,,,,,,,,,,,,,0,1,1,427,,,,,,,,,,,,,,,,,,,,,,,,,,,,,0,1,1,427,,,,,,,,,,,,,,,,,,,,,,,,,,,,,,,,0,1,1
428,2zd9nxhw,,0,0,12,,,,0,,,0,0,cfs9uxep,,,,,,0,0,1,428,su_sev_fin,abstract,1,choice_1,,,,,,,,,,,,,,,0,1,1,428,,,,,,,,,,,,,,,,,,,,,,,,,,,,,0,1,1,428,,,,,,,,,,,,,,,,,,,,,,,,,,,,,,,,0,1,1
429,nqzdoxir,,0,0,12,,,,0,,,0,0,cfs9uxep,,,,,,0,0,1,429,sh_ha_fin,abstract,4,choice_4,,,,,,,,,,,,,,,0,1,1,429,,,,,,,,,,,,,,,,,,,,,,,,,,,,,0,1,1,429,,,,,,,,,,,,,,,,,,,,,,,,,,,,,,,,0,1,1
430,cbxsuql4,,0,0,12,,,,0,,,0,0,cfs9uxep,,,,,,0,0,1,430,sh_sev_fin,abstract,4,choice_4,,,,,,,,,,,,,,,0,1,1,430,,,,,,,,,,,,,,,,,,,,,,,,,,,,,0,1,1,430,,,,,,,,,,,,,,,,,,,,,,,,,,,,,,,,0,1,1
431,8bjlnb8v,,0,0,12,,,,0,,,0,0,cfs9uxep,,,,,,0,0,1,431,su_ha_fin,abstract,1,choice_1,,,,,,,,,,,,,,,0,1,1,431,,,,,,,,,,,,,,,,,,,,,,,,,,,,,0,1,1,431,,,,,,,,,,,,,,,,,,,,,,,,,,,,,,,,0,1,1
432,nhr8f83d,,0,0,12,,,,0,,,0,0,cfs9uxep,,,,,,0,0,1,432,sh_ha_fin,abstract,1,choice_1,,,,,,,,,,,,,,,0,1,1,432,,,,,,,,,,,,,,,,,,,,,,,,,,,,,0,1,1,432,,,,,,,,,,,,,,,,,,,,,,,,,,,,,,,,0,1,1
433,u5f02lm7,,0,0,12,,,,0,,,0,0,cfs9uxep,,,,,,0,0,1,433,sh_ha_fin,abstract,3,choice_3,,,,,,,,,,,,,,,0,1,1,433,,,,,,,,,,,,,,,,,,,,,,,,,,,,,0,1,1,433,,,,,,,,,,,,,,,,,,,,,,,,,,,,,,,,0,1,1
434,rqy2ddfz,,0,0,12,,,,0,,,0,0,cfs9uxep,,,,,,0,0,1,434,su_sev_fin,abstract,3,choice_3,,,,,,,,,,,,,,,0,1,1,434,,,,,,,,,,,,,,,,,,,,,,,,,,,,,0,1,1,434,,,,,,,,,,,,,,,,,,,,,,,,,,,,,,,,0,1,1
435,rnsyyr4p,,0,0,12,,,,0,,,0,0,cfs9uxep,,,,,,0,0,1,435,sh_ha_fin,abstract,1,choice_1,,,,,,,,,,,,,,,0,1,1,435,,,,,,,,,,,,,,,,,,,,,,,,,,,,,0,1,1,435,,,,,,,,,,,,,,,,,,,,,,,,,,,,,,,,0,1,1
436,vatxzkv5,,0,0,12,,,,0,,,0,0,cfs9uxep,,,,,,0,0,1,436,sh_sev_fin,abstract,4,choice_4,,,,,,,,,,,,,,,0,1,1,436,,,,,,,,,,,,,,,,,,,,,,,,,,,,,0,1,1,436,,,,,,,,,,,,,,,,,,,,,,,,,,,,,,,,0,1,1
437,mllmk0uc,,0,0,12,,,,0,,,0,0,cfs9uxep,,,,,,0,0,1,437,sh_ha_fin,abstract,3,choice_3,,,,,,,,,,,,,,,0,1,1,437,,,,,,,,,,,,,,,,,,,,,,,,,,,,,0,1,1,437,,,,,,,,,,,,,,,,,,,,,,,,,,,,,,,,0,1,1
438,qizpv3cs,,0,0,12,,,,0,,,0,0,cfs9uxep,,,,,,0,0,1,438,sh_ha_fin,abstract,1,choice_1,,,,,,,,,,,,,,,0,1,1,438,,,,,,,,,,,,,,,,,,,,,,,,,,,,,0,1,1,438,,,,,,,,,,,,,,,,,,,,,,,,,,,,,,,,0,1,1
439,2lew8r00,,0,0,12,,,,0,,,0,0,cfs9uxep,,,,,,0,0,1,439,sh_sev_fin,abstract,2,choice_2,,,,,,,,,,,,,,,0,1,1,439,,,,,,,,,,,,,,,,,,,,,,,,,,,,,0,1,1,439,,,,,,,,,,,,,,,,,,,,,,,,,,,,,,,,0,1,1
440,qx6fkeo0,,0,0,12,,,,0,,,0,0,cfs9uxep,,,,,,0,0,1,440,sh_sev_fin,abstract,4,choice_4,,,,,,,,,,,,,,,0,1,1,440,,,,,,,,,,,,,,,,,,,,,,,,,,,,,0,1,1,440,,,,,,,,,,,,,,,,,,,,,,,,,,,,,,,,0,1,1
441,kuw3d32o,,0,0,12,,,,0,,,0,0,cfs9uxep,,,,,,0,0,1,441,sh_sev_fin,abstract,2,choice_2,,,,,,,,,,,,,,,0,1,1,441,,,,,,,,,,,,,,,,,,,,,,,,,,,,,0,1,1,441,,,,,,,,,,,,,,,,,,,,,,,,,,,,,,,,0,1,1
442,bi0u16sm,,0,0,12,,,,0,,,0,0,cfs9uxep,,,,,,0,0,1,442,sh_ha_fin,abstract,3,choice_3,,,,,,,,,,,,,,,0,1,1,442,,,,,,,,,,,,,,,,,,,,,,,,,,,,,0,1,1,442,,,,,,,,,,,,,,,,,,,,,,,,,,,,,,,,0,1,1
443,jary1z50,,0,0,12,,,,0,,,0,0,cfs9uxep,,,,,,0,0,1,443,sh_ha_fin,abstract,2,choice_2,,,,,,,,,,,,,,,0,1,1,443,,,,,,,,,,,,,,,,,,,,,,,,,,,,,0,1,1,443,,,,,,,,,,,,,,,,,,,,,,,,,,,,,,,,0,1,1
444,ok7p0psl,,0,0,12,,,,0,,,0,0,cfs9uxep,,,,,,0,0,1,444,su_ha_fin,abstract,2,choice_2,,,,,,,,,,,,,,,0,1,1,444,,,,,,,,,,,,,,,,,,,,,,,,,,,,,0,1,1,444,,,,,,,,,,,,,,,,,,,,,,,,,,,,,,,,0,1,1
445,rpwlept3,,0,0,12,,,,0,,,0,0,cfs9uxep,,,,,,0,0,1,445,sh_ha_fin,abstract,3,choice_3,,,,,,,,,,,,,,,0,1,1,445,,,,,,,,,,,,,,,,,,,,,,,,,,,,,0,1,1,445,,,,,,,,,,,,,,,,,,,,,,,,,,,,,,,,0,1,1
446,i3w7ck4c,,0,0,12,,,,0,,,0,0,cfs9uxep,,,,,,0,0,1,446,su_sev_fin,abstract,3,choice_3,,,,,,,,,,,,,,,0,1,1,446,,,,,,,,,,,,,,,,,,,,,,,,,,,,,0,1,1,446,,,,,,,,,,,,,,,,,,,,,,,,,,,,,,,,0,1,1
447,ajxpp0og,,0,0,12,,,,0,,,0,0,cfs9uxep,,,,,,0,0,1,447,sh_sev_fin,abstract,3,choice_3,,,,,,,,,,,,,,,0,1,1,447,,,,,,,,,,,,,,,,,,,,,,,,,,,,,0,1,1,447,,,,,,,,,,,,,,,,,,,,,,,,,,,,,,,,0,1,1
448,pzoziy4a,,0,0,12,,,,0,,,0,0,cfs9uxep,,,,,,0,0,1,448,su_sev_fin,abstract,4,choice_4,,,,,,,,,,,,,,,0,1,1,448,,,,,,,,,,,,,,,,,,,,,,,,,,,,,0,1,1,448,,,,,,,,,,,,,,,,,,,,,,,,,,,,,,,,0,1,1
449,6tzvupr7,,0,0,12,,,,0,,,0,0,cfs9uxep,,,,,,0,0,1,449,sh_sev_fin,abstract,3,choice_3,,,,,,,,,,,,,,,0,1,1,449,,,,,,,,,,,,,,,,,,,,,,,,,,,,,0,1,1,449,,,,,,,,,,,,,,,,,,,,,,,,,,,,,,,,0,1,1
450,zh1mhtly,,0,0,12,,,,0,,,0,0,cfs9uxep,,,,,,0,0,1,450,su_ha_fin,abstract,1,choice_1,,,,,,,,,,,,,,,0,1,1,450,,,,,,,,,,,,,,,,,,,,,,,,,,,,,0,1,1,450,,,,,,,,,,,,,,,,,,,,,,,,,,,,,,,,0,1,1
451,3cc73arr,,0,0,12,,,,0,,,0,0,cfs9uxep,,,,,,0,0,1,451,sh_ha_fin,abstract,4,choice_4,,,,,,,,,,,,,,,0,1,1,451,,,,,,,,,,,,,,,,,,,,,,,,,,,,,0,1,1,451,,,,,,,,,,,,,,,,,,,,,,,,,,,,,,,,0,1,1
452,2konm8cl,,0,0,12,,,,0,,,0,0,cfs9uxep,,,,,,0,0,1,452,su_sev_fin,abstract,1,choice_1,,,,,,,,,,,,,,,0,1,1,452,,,,,,,,,,,,,,,,,,,,,,,,,,,,,0,1,1,452,,,,,,,,,,,,,,,,,,,,,,,,,,,,,,,,0,1,1
453,entct5ox,,0,0,12,,,,0,,,0,0,cfs9uxep,,,,,,0,0,1,453,sh_ha_fin,abstract,3,choice_3,,,,,,,,,,,,,,,0,1,1,453,,,,,,,,,,,,,,,,,,,,,,,,,,,,,0,1,1,453,,,,,,,,,,,,,,,,,,,,,,,,,,,,,,,,0,1,1
454,mwirvy3g,,0,0,12,,,,0,,,0,0,cfs9uxep,,,,,,0,0,1,454,sh_ha_fin,abstract,2,choice_2,,,,,,,,,,,,,,,0,1,1,454,,,,,,,,,,,,,,,,,,,,,,,,,,,,,0,1,1,454,,,,,,,,,,,,,,,,,,,,,,,,,,,,,,,,0,1,1
455,a4zgpz74,,0,0,12,,,,0,,,0,0,cfs9uxep,,,,,,0,0,1,455,su_ha_fin,abstract,4,choice_4,,,,,,,,,,,,,,,0,1,1,455,,,,,,,,,,,,,,,,,,,,,,,,,,,,,0,1,1,455,,,,,,,,,,,,,,,,,,,,,,,,,,,,,,,,0,1,1
456,9ckzyx8n,,0,0,12,,,,0,,,0,0,cfs9uxep,,,,,,0,0,1,456,su_ha_fin,abstract,1,choice_1,,,,,,,,,,,,,,,0,1,1,456,,,,,,,,,,,,,,,,,,,,,,,,,,,,,0,1,1,456,,,,,,,,,,,,,,,,,,,,,,,,,,,,,,,,0,1,1
457,7vbcpof9,,0,0,12,,,,0,,,0,0,cfs9uxep,,,,,,0,0,1,457,sh_sev_fin,abstract,2,choice_2,,,,,,,,,,,,,,,0,1,1,457,,,,,,,,,,,,,,,,,,,,,,,,,,,,,0,1,1,457,,,,,,,,,,,,,,,,,,,,,,,,,,,,,,,,0,1,1
458,q8gv76ob,,0,0,12,,,,0,,,0,0,cfs9uxep,,,,,,0,0,1,458,su_ha_fin,abstract,2,choice_2,,,,,,,,,,,,,,,0,1,1,458,,,,,,,,,,,,,,,,,,,,,,,,,,,,,0,1,1,458,,,,,,,,,,,,,,,,,,,,,,,,,,,,,,,,0,1,1
459,m8x05z84,,0,0,12,,,,0,,,0,0,cfs9uxep,,,,,,0,0,1,459,sh_ha_fin,abstract,1,choice_1,,,,,,,,,,,,,,,0,1,1,459,,,,,,,,,,,,,,,,,,,,,,,,,,,,,0,1,1,459,,,,,,,,,,,,,,,,,,,,,,,,,,,,,,,,0,1,1
460,64c0xhak,,0,0,12,,,,0,,,0,0,cfs9uxep,,,,,,0,0,1,460,su_sev_fin,abstract,1,choice_1,,,,,,,,,,,,,,,0,1,1,460,,,,,,,,,,,,,,,,,,,,,,,,,,,,,0,1,1,460,,,,,,,,,,,,,,,,,,,,,,,,,,,,,,,,0,1,1
461,mkx0ljm4,,0,0,12,,,,0,,,0,0,cfs9uxep,,,,,,0,0,1,461,sh_ha_fin,abstract,4,choice_4,,,,,,,,,,,,,,,0,1,1,461,,,,,,,,,,,,,,,,,,,,,,,,,,,,,0,1,1,461,,,,,,,,,,,,,,,,,,,,,,,,,,,,,,,,0,1,1
462,b7docfo5,,0,0,12,,,,0,,,0,0,cfs9uxep,,,,,,0,0,1,462,su_ha_fin,abstract,2,choice_2,,,,,,,,,,,,,,,0,1,1,462,,,,,,,,,,,,,,,,,,,,,,,,,,,,,0,1,1,462,,,,,,,,,,,,,,,,,,,,,,,,,,,,,,,,0,1,1
463,n70nqtbh,,0,0,12,,,,0,,,0,0,cfs9uxep,,,,,,0,0,1,463,sh_ha_fin,abstract,1,choice_1,,,,,,,,,,,,,,,0,1,1,463,,,,,,,,,,,,,,,,,,,,,,,,,,,,,0,1,1,463,,,,,,,,,,,,,,,,,,,,,,,,,,,,,,,,0,1,1
464,g0q09xv0,,0,0,12,,,,0,,,0,0,cfs9uxep,,,,,,0,0,1,464,su_ha_fin,abstract,1,choice_1,,,,,,,,,,,,,,,0,1,1,464,,,,,,,,,,,,,,,,,,,,,,,,,,,,,0,1,1,464,,,,,,,,,,,,,,,,,,,,,,,,,,,,,,,,0,1,1
465,mwypq49z,,0,0,12,,,,0,,,0,0,cfs9uxep,,,,,,0,0,1,465,sh_sev_fin,abstract,1,choice_1,,,,,,,,,,,,,,,0,1,1,465,,,,,,,,,,,,,,,,,,,,,,,,,,,,,0,1,1,465,,,,,,,,,,,,,,,,,,,,,,,,,,,,,,,,0,1,1
466,pj8vxow9,,0,0,12,,,,0,,,0,0,cfs9uxep,,,,,,0,0,1,466,su_sev_fin,abstract,4,choice_4,,,,,,,,,,,,,,,0,1,1,466,,,,,,,,,,,,,,,,,,,,,,,,,,,,,0,1,1,466,,,,,,,,,,,,,,,,,,,,,,,,,,,,,,,,0,1,1
467,lr2tq0hd,,0,0,12,,,,0,,,0,0,cfs9uxep,,,,,,0,0,1,467,su_ha_fin,abstract,4,choice_4,,,,,,,,,,,,,,,0,1,1,467,,,,,,,,,,,,,,,,,,,,,,,,,,,,,0,1,1,467,,,,,,,,,,,,,,,,,,,,,,,,,,,,,,,,0,1,1
468,mns0hl0s,,0,0,12,,,,0,,,0,0,cfs9uxep,,,,,,0,0,1,468,sh_sev_fin,abstract,4,choice_4,,,,,,,,,,,,,,,0,1,1,468,,,,,,,,,,,,,,,,,,,,,,,,,,,,,0,1,1,468,,,,,,,,,,,,,,,,,,,,,,,,,,,,,,,,0,1,1
469,puo2a1ha,,0,0,12,,,,0,,,0,0,cfs9uxep,,,,,,0,0,1,469,su_ha_fin,abstract,2,choice_2,,,,,,,,,,,,,,,0,1,1,469,,,,,,,,,,,,,,,,,,,,,,,,,,,,,0,1,1,469,,,,,,,,,,,,,,,,,,,,,,,,,,,,,,,,0,1,1
470,klptflqd,,0,0,12,,,,0,,,0,0,cfs9uxep,,,,,,0,0,1,470,su_sev_fin,abstract,4,choice_4,,,,,,,,,,,,,,,0,1,1,470,,,,,,,,,,,,,,,,,,,,,,,,,,,,,0,1,1,470,,,,,,,,,,,,,,,,,,,,,,,,,,,,,,,,0,1,1
471,grhnvup4,,0,0,12,,,,0,,,0,0,cfs9uxep,,,,,,0,0,1,471,sh_sev_fin,abstract,4,choice_4,,,,,,,,,,,,,,,0,1,1,471,,,,,,,,,,,,,,,,,,,,,,,,,,,,,0,1,1,471,,,,,,,,,,,,,,,,,,,,,,,,,,,,,,,,0,1,1
472,zmf09hba,,0,0,12,,,,0,,,0,0,cfs9uxep,,,,,,0,0,1,472,sh_ha_fin,abstract,4,choice_4,,,,,,,,,,,,,,,0,1,1,472,,,,,,,,,,,,,,,,,,,,,,,,,,,,,0,1,1,472,,,,,,,,,,,,,,,,,,,,,,,,,,,,,,,,0,1,1
473,j137tyqc,,0,0,12,,,,0,,,0,0,cfs9uxep,,,,,,0,0,1,473,sh_sev_fin,abstract,1,choice_1,,,,,,,,,,,,,,,0,1,1,473,,,,,,,,,,,,,,,,,,,,,,,,,,,,,0,1,1,473,,,,,,,,,,,,,,,,,,,,,,,,,,,,,,,,0,1,1
474,myd140pp,,0,0,12,,,,0,,,0,0,cfs9uxep,,,,,,0,0,1,474,sh_ha_fin,abstract,4,choice_4,,,,,,,,,,,,,,,0,1,1,474,,,,,,,,,,,,,,,,,,,,,,,,,,,,,0,1,1,474,,,,,,,,,,,,,,,,,,,,,,,,,,,,,,,,0,1,1
475,gervq500,,0,0,12,,,,0,,,0,0,cfs9uxep,,,,,,0,0,1,475,sh_sev_fin,abstract,2,choice_2,,,,,,,,,,,,,,,0,1,1,475,,,,,,,,,,,,,,,,,,,,,,,,,,,,,0,1,1,475,,,,,,,,,,,,,,,,,,,,,,,,,,,,,,,,0,1,1
476,tjzgffjk,,0,0,12,,,,0,,,0,0,cfs9uxep,,,,,,0,0,1,476,sh_ha_fin,abstract,3,choice_3,,,,,,,,,,,,,,,0,1,1,476,,,,,,,,,,,,,,,,,,,,,,,,,,,,,0,1,1,476,,,,,,,,,,,,,,,,,,,,,,,,,,,,,,,,0,1,1
477,mgl56mvb,,0,0,12,,,,0,,,0,0,cfs9uxep,,,,,,0,0,1,477,sh_sev_fin,abstract,2,choice_2,,,,,,,,,,,,,,,0,1,1,477,,,,,,,,,,,,,,,,,,,,,,,,,,,,,0,1,1,477,,,,,,,,,,,,,,,,,,,,,,,,,,,,,,,,0,1,1
478,tv8fansg,,0,0,12,,,,0,,,0,0,cfs9uxep,,,,,,0,0,1,478,su_ha_fin,abstract,2,choice_2,,,,,,,,,,,,,,,0,1,1,478,,,,,,,,,,,,,,,,,,,,,,,,,,,,,0,1,1,478,,,,,,,,,,,,,,,,,,,,,,,,,,,,,,,,0,1,1
479,pnau5ska,,0,0,12,,,,0,,,0,0,cfs9uxep,,,,,,0,0,1,479,su_sev_fin,abstract,2,choice_2,,,,,,,,,,,,,,,0,1,1,479,,,,,,,,,,,,,,,,,,,,,,,,,,,,,0,1,1,479,,,,,,,,,,,,,,,,,,,,,,,,,,,,,,,,0,1,1
480,n3u1egub,,0,0,12,,,,0,,,0,0,cfs9uxep,,,,,,0,0,1,480,su_ha_fin,abstract,1,choice_1,,,,,,,,,,,,,,,0,1,1,480,,,,,,,,,,,,,,,,,,,,,,,,,,,,,0,1,1,480,,,,,,,,,,,,,,,,,,,,,,,,,,,,,,,,0,1,1
481,ctknkqrw,,0,0,12,,,,0,,,0,0,cfs9uxep,,,,,,0,0,1,481,sh_sev_fin,abstract,4,choice_4,,,,,,,,,,,,,,,0,1,1,481,,,,,,,,,,,,,,,,,,,,,,,,,,,,,0,1,1,481,,,,,,,,,,,,,,,,,,,,,,,,,,,,,,,,0,1,1
482,gyv237rl,,0,0,12,,,,0,,,0,0,cfs9uxep,,,,,,0,0,1,482,su_sev_fin,abstract,4,choice_4,,,,,,,,,,,,,,,0,1,1,482,,,,,,,,,,,,,,,,,,,,,,,,,,,,,0,1,1,482,,,,,,,,,,,,,,,,,,,,,,,,,,,,,,,,0,1,1
483,w66svswz,,0,0,12,,,,0,,,0,0,cfs9uxep,,,,,,0,0,1,483,su_sev_fin,abstract,1,choice_1,,,,,,,,,,,,,,,0,1,1,483,,,,,,,,,,,,,,,,,,,,,,,,,,,,,0,1,1,483,,,,,,,,,,,,,,,,,,,,,,,,,,,,,,,,0,1,1
484,b3lb7if7,,0,0,12,,,,0,,,0,0,cfs9uxep,,,,,,0,0,1,484,sh_sev_fin,abstract,1,choice_1,,,,,,,,,,,,,,,0,1,1,484,,,,,,,,,,,,,,,,,,,,,,,,,,,,,0,1,1,484,,,,,,,,,,,,,,,,,,,,,,,,,,,,,,,,0,1,1
485,3k05zqwg,,0,0,12,,,,0,,,0,0,cfs9uxep,,,,,,0,0,1,485,su_ha_fin,abstract,1,choice_1,,,,,,,,,,,,,,,0,1,1,485,,,,,,,,,,,,,,,,,,,,,,,,,,,,,0,1,1,485,,,,,,,,,,,,,,,,,,,,,,,,,,,,,,,,0,1,1
486,febetb76,,0,0,12,,,,0,,,0,0,cfs9uxep,,,,,,0,0,1,486,su_sev_fin,abstract,1,choice_1,,,,,,,,,,,,,,,0,1,1,486,,,,,,,,,,,,,,,,,,,,,,,,,,,,,0,1,1,486,,,,,,,,,,,,,,,,,,,,,,,,,,,,,,,,0,1,1
487,apstqazv,,0,0,12,,,,0,,,0,0,cfs9uxep,,,,,,0,0,1,487,su_sev_fin,abstract,2,choice_2,,,,,,,,,,,,,,,0,1,1,487,,,,,,,,,,,,,,,,,,,,,,,,,,,,,0,1,1,487,,,,,,,,,,,,,,,,,,,,,,,,,,,,,,,,0,1,1
488,ws25ebaf,,0,0,12,,,,0,,,0,0,cfs9uxep,,,,,,0,0,1,488,sh_sev_fin,abstract,1,choice_1,,,,,,,,,,,,,,,0,1,1,488,,,,,,,,,,,,,,,,,,,,,,,,,,,,,0,1,1,488,,,,,,,,,,,,,,,,,,,,,,,,,,,,,,,,0,1,1
489,e0cz8hbe,,0,0,12,,,,0,,,0,0,cfs9uxep,,,,,,0,0,1,489,su_ha_fin,abstract,3,choice_3,,,,,,,,,,,,,,,0,1,1,489,,,,,,,,,,,,,,,,,,,,,,,,,,,,,0,1,1,489,,,,,,,,,,,,,,,,,,,,,,,,,,,,,,,,0,1,1
490,iqp1c7tz,,0,0,12,,,,0,,,0,0,cfs9uxep,,,,,,0,0,1,490,sh_sev_fin,abstract,2,choice_2,,,,,,,,,,,,,,,0,1,1,490,,,,,,,,,,,,,,,,,,,,,,,,,,,,,0,1,1,490,,,,,,,,,,,,,,,,,,,,,,,,,,,,,,,,0,1,1
491,7izr15n8,,0,0,12,,,,0,,,0,0,cfs9uxep,,,,,,0,0,1,491,su_sev_fin,abstract,1,choice_1,,,,,,,,,,,,,,,0,1,1,491,,,,,,,,,,,,,,,,,,,,,,,,,,,,,0,1,1,491,,,,,,,,,,,,,,,,,,,,,,,,,,,,,,,,0,1,1
492,llc8a3xw,,0,0,12,,,,0,,,0,0,cfs9uxep,,,,,,0,0,1,492,su_sev_fin,abstract,4,choice_4,,,,,,,,,,,,,,,0,1,1,492,,,,,,,,,,,,,,,,,,,,,,,,,,,,,0,1,1,492,,,,,,,,,,,,,,,,,,,,,,,,,,,,,,,,0,1,1
493,8xnw3njs,,0,0,12,,,,0,,,0,0,cfs9uxep,,,,,,0,0,1,493,sh_ha_fin,abstract,3,choice_3,,,,,,,,,,,,,,,0,1,1,493,,,,,,,,,,,,,,,,,,,,,,,,,,,,,0,1,1,493,,,,,,,,,,,,,,,,,,,,,,,,,,,,,,,,0,1,1
494,cdoogwr8,,0,0,12,,,,0,,,0,0,cfs9uxep,,,,,,0,0,1,494,sh_ha_fin,abstract,2,choice_2,,,,,,,,,,,,,,,0,1,1,494,,,,,,,,,,,,,,,,,,,,,,,,,,,,,0,1,1,494,,,,,,,,,,,,,,,,,,,,,,,,,,,,,,,,0,1,1
495,s2g2cl7m,,0,0,12,,,,0,,,0,0,cfs9uxep,,,,,,0,0,1,495,su_ha_fin,abstract,1,choice_1,,,,,,,,,,,,,,,0,1,1,495,,,,,,,,,,,,,,,,,,,,,,,,,,,,,0,1,1,495,,,,,,,,,,,,,,,,,,,,,,,,,,,,,,,,0,1,1
496,kmfi73il,,0,0,12,,,,0,,,0,0,cfs9uxep,,,,,,0,0,1,496,sh_sev_fin,abstract,1,choice_1,,,,,,,,,,,,,,,0,1,1,496,,,,,,,,,,,,,,,,,,,,,,,,,,,,,0,1,1,496,,,,,,,,,,,,,,,,,,,,,,,,,,,,,,,,0,1,1
497,y3yc2khc,,0,0,12,,,,0,,,0,0,cfs9uxep,,,,,,0,0,1,497,sh_ha_fin,abstract,1,choice_1,,,,,,,,,,,,,,,0,1,1,497,,,,,,,,,,,,,,,,,,,,,,,,,,,,,0,1,1,497,,,,,,,,,,,,,,,,,,,,,,,,,,,,,,,,0,1,1
498,z3jpjyi2,,0,0,12,,,,0,,,0,0,cfs9uxep,,,,,,0,0,1,498,sh_sev_fin,abstract,3,choice_3,,,,,,,,,,,,,,,0,1,1,498,,,,,,,,,,,,,,,,,,,,,,,,,,,,,0,1,1,498,,,,,,,,,,,,,,,,,,,,,,,,,,,,,,,,0,1,1
499,bp319xoe,,0,0,12,,,,0,,,0,0,cfs9uxep,,,,,,0,0,1,499,su_sev_fin,abstract,2,choice_2,,,,,,,,,,,,,,,0,1,1,499,,,,,,,,,,,,,,,,,,,,,,,,,,,,,0,1,1,499,,,,,,,,,,,,,,,,,,,,,,,,,,,,,,,,0,1,1
500,y8mqdhep,,0,0,12,,,,0,,,0,0,cfs9uxep,,,,,,0,0,1,500,sh_sev_fin,abstract,3,choice_3,,,,,,,,,,,,,,,0,1,1,500,,,,,,,,,,,,,,,,,,,,,,,,,,,,,0,1,1,500,,,,,,,,,,,,,,,,,,,,,,,,,,,,,,,,0,1,1
501,1xadfysc,,0,0,12,,,,0,,,0,0,cfs9uxep,,,,,,0,0,1,501,su_ha_fin,abstract,2,choice_2,,,,,,,,,,,,,,,0,1,1,501,,,,,,,,,,,,,,,,,,,,,,,,,,,,,0,1,1,501,,,,,,,,,,,,,,,,,,,,,,,,,,,,,,,,0,1,1
502,1rsoziq5,,0,0,12,,,,0,,,0,0,cfs9uxep,,,,,,0,0,1,502,su_ha_fin,abstract,2,choice_2,,,,,,,,,,,,,,,0,1,1,502,,,,,,,,,,,,,,,,,,,,,,,,,,,,,0,1,1,502,,,,,,,,,,,,,,,,,,,,,,,,,,,,,,,,0,1,1
503,vmzvagmd,,0,0,12,,,,0,,,0,0,cfs9uxep,,,,,,0,0,1,503,sh_sev_fin,abstract,4,choice_4,,,,,,,,,,,,,,,0,1,1,503,,,,,,,,,,,,,,,,,,,,,,,,,,,,,0,1,1,503,,,,,,,,,,,,,,,,,,,,,,,,,,,,,,,,0,1,1
504,e8eavm2w,,0,0,12,,,,0,,,0,0,cfs9uxep,,,,,,0,0,1,504,sh_sev_fin,abstract,4,choice_4,,,,,,,,,,,,,,,0,1,1,504,,,,,,,,,,,,,,,,,,,,,,,,,,,,,0,1,1,504,,,,,,,,,,,,,,,,,,,,,,,,,,,,,,,,0,1,1
505,eaixwr99,,0,0,12,,,,0,,,0,0,cfs9uxep,,,,,,0,0,1,505,su_ha_fin,abstract,2,choice_2,,,,,,,,,,,,,,,0,1,1,505,,,,,,,,,,,,,,,,,,,,,,,,,,,,,0,1,1,505,,,,,,,,,,,,,,,,,,,,,,,,,,,,,,,,0,1,1
506,6r4c7sea,,0,0,12,,,,0,,,0,0,cfs9uxep,,,,,,0,0,1,506,su_ha_fin,abstract,3,choice_3,,,,,,,,,,,,,,,0,1,1,506,,,,,,,,,,,,,,,,,,,,,,,,,,,,,0,1,1,506,,,,,,,,,,,,,,,,,,,,,,,,,,,,,,,,0,1,1
507,8dsmpxoa,,0,0,12,,,,0,,,0,0,cfs9uxep,,,,,,0,0,1,507,su_ha_fin,abstract,1,choice_1,,,,,,,,,,,,,,,0,1,1,507,,,,,,,,,,,,,,,,,,,,,,,,,,,,,0,1,1,507,,,,,,,,,,,,,,,,,,,,,,,,,,,,,,,,0,1,1
508,hhhc437r,,0,0,12,,,,0,,,0,0,cfs9uxep,,,,,,0,0,1,508,su_ha_fin,abstract,2,choice_2,,,,,,,,,,,,,,,0,1,1,508,,,,,,,,,,,,,,,,,,,,,,,,,,,,,0,1,1,508,,,,,,,,,,,,,,,,,,,,,,,,,,,,,,,,0,1,1
509,5onya54e,,0,0,12,,,,0,,,0,0,cfs9uxep,,,,,,0,0,1,509,su_sev_fin,abstract,2,choice_2,,,,,,,,,,,,,,,0,1,1,509,,,,,,,,,,,,,,,,,,,,,,,,,,,,,0,1,1,509,,,,,,,,,,,,,,,,,,,,,,,,,,,,,,,,0,1,1
510,4ls2vz5d,,0,0,12,,,,0,,,0,0,cfs9uxep,,,,,,0,0,1,510,su_ha_fin,abstract,3,choice_3,,,,,,,,,,,,,,,0,1,1,510,,,,,,,,,,,,,,,,,,,,,,,,,,,,,0,1,1,510,,,,,,,,,,,,,,,,,,,,,,,,,,,,,,,,0,1,1
511,qu7sygsi,,0,0,12,,,,0,,,0,0,cfs9uxep,,,,,,0,0,1,511,su_sev_fin,abstract,2,choice_2,,,,,,,,,,,,,,,0,1,1,511,,,,,,,,,,,,,,,,,,,,,,,,,,,,,0,1,1,511,,,,,,,,,,,,,,,,,,,,,,,,,,,,,,,,0,1,1
512,wjlr1zhl,,0,0,12,,,,0,,,0,0,cfs9uxep,,,,,,0,0,1,512,sh_ha_fin,abstract,3,choice_3,,,,,,,,,,,,,,,0,1,1,512,,,,,,,,,,,,,,,,,,,,,,,,,,,,,0,1,1,512,,,,,,,,,,,,,,,,,,,,,,,,,,,,,,,,0,1,1
513,w20h7vrz,,0,0,12,,,,0,,,0,0,cfs9uxep,,,,,,0,0,1,513,su_ha_fin,abstract,4,choice_4,,,,,,,,,,,,,,,0,1,1,513,,,,,,,,,,,,,,,,,,,,,,,,,,,,,0,1,1,513,,,,,,,,,,,,,,,,,,,,,,,,,,,,,,,,0,1,1
514,w6ei3yv7,,0,0,12,,,,0,,,0,0,cfs9uxep,,,,,,0,0,1,514,su_ha_fin,abstract,2,choice_2,,,,,,,,,,,,,,,0,1,1,514,,,,,,,,,,,,,,,,,,,,,,,,,,,,,0,1,1,514,,,,,,,,,,,,,,,,,,,,,,,,,,,,,,,,0,1,1
515,jc4f5bxo,,0,0,12,,,,0,,,0,0,cfs9uxep,,,,,,0,0,1,515,sh_ha_fin,abstract,4,choice_4,,,,,,,,,,,,,,,0,1,1,515,,,,,,,,,,,,,,,,,,,,,,,,,,,,,0,1,1,515,,,,,,,,,,,,,,,,,,,,,,,,,,,,,,,,0,1,1
516,txeumqvp,,0,0,12,,,,0,,,0,0,cfs9uxep,,,,,,0,0,1,516,su_sev_fin,abstract,4,choice_4,,,,,,,,,,,,,,,0,1,1,516,,,,,,,,,,,,,,,,,,,,,,,,,,,,,0,1,1,516,,,,,,,,,,,,,,,,,,,,,,,,,,,,,,,,0,1,1
517,16jibzg9,,0,0,12,,,,0,,,0,0,cfs9uxep,,,,,,0,0,1,517,su_ha_fin,abstract,1,choice_1,,,,,,,,,,,,,,,0,1,1,517,,,,,,,,,,,,,,,,,,,,,,,,,,,,,0,1,1,517,,,,,,,,,,,,,,,,,,,,,,,,,,,,,,,,0,1,1
518,2n0h0q99,,0,0,12,,,,0,,,0,0,cfs9uxep,,,,,,0,0,1,518,sh_ha_fin,abstract,3,choice_3,,,,,,,,,,,,,,,0,1,1,518,,,,,,,,,,,,,,,,,,,,,,,,,,,,,0,1,1,518,,,,,,,,,,,,,,,,,,,,,,,,,,,,,,,,0,1,1
519,kkxi6s8r,,0,0,12,,,,0,,,0,0,cfs9uxep,,,,,,0,0,1,519,su_ha_fin,abstract,2,choice_2,,,,,,,,,,,,,,,0,1,1,519,,,,,,,,,,,,,,,,,,,,,,,,,,,,,0,1,1,519,,,,,,,,,,,,,,,,,,,,,,,,,,,,,,,,0,1,1
520,7kuap04s,,0,0,12,,,,0,,,0,0,cfs9uxep,,,,,,0,0,1,520,sh_ha_fin,abstract,3,choice_3,,,,,,,,,,,,,,,0,1,1,520,,,,,,,,,,,,,,,,,,,,,,,,,,,,,0,1,1,520,,,,,,,,,,,,,,,,,,,,,,,,,,,,,,,,0,1,1
521,pm6q3f5b,,0,0,12,,,,0,,,0,0,cfs9uxep,,,,,,0,0,1,521,su_ha_fin,abstract,4,choice_4,,,,,,,,,,,,,,,0,1,1,521,,,,,,,,,,,,,,,,,,,,,,,,,,,,,0,1,1,521,,,,,,,,,,,,,,,,,,,,,,,,,,,,,,,,0,1,1
522,gl9041x5,,0,0,12,,,,0,,,0,0,cfs9uxep,,,,,,0,0,1,522,su_ha_fin,abstract,2,choice_2,,,,,,,,,,,,,,,0,1,1,522,,,,,,,,,,,,,,,,,,,,,,,,,,,,,0,1,1,522,,,,,,,,,,,,,,,,,,,,,,,,,,,,,,,,0,1,1
523,5aca5ch6,,0,0,12,,,,0,,,0,0,cfs9uxep,,,,,,0,0,1,523,su_sev_fin,abstract,4,choice_4,,,,,,,,,,,,,,,0,1,1,523,,,,,,,,,,,,,,,,,,,,,,,,,,,,,0,1,1,523,,,,,,,,,,,,,,,,,,,,,,,,,,,,,,,,0,1,1
524,8iuszz9z,,0,0,12,,,,0,,,0,0,cfs9uxep,,,,,,0,0,1,524,su_ha_fin,abstract,2,choice_2,,,,,,,,,,,,,,,0,1,1,524,,,,,,,,,,,,,,,,,,,,,,,,,,,,,0,1,1,524,,,,,,,,,,,,,,,,,,,,,,,,,,,,,,,,0,1,1
525,axmg8cy1,,0,0,12,,,,0,,,0,0,cfs9uxep,,,,,,0,0,1,525,su_ha_fin,abstract,4,choice_4,,,,,,,,,,,,,,,0,1,1,525,,,,,,,,,,,,,,,,,,,,,,,,,,,,,0,1,1,525,,,,,,,,,,,,,,,,,,,,,,,,,,,,,,,,0,1,1
526,c9govpzz,,0,0,12,,,,0,,,0,0,cfs9uxep,,,,,,0,0,1,526,sh_ha_fin,abstract,3,choice_3,,,,,,,,,,,,,,,0,1,1,526,,,,,,,,,,,,,,,,,,,,,,,,,,,,,0,1,1,526,,,,,,,,,,,,,,,,,,,,,,,,,,,,,,,,0,1,1
527,pkjtmam5,,0,0,12,,,,0,,,0,0,cfs9uxep,,,,,,0,0,1,527,sh_sev_fin,abstract,4,choice_4,,,,,,,,,,,,,,,0,1,1,527,,,,,,,,,,,,,,,,,,,,,,,,,,,,,0,1,1,527,,,,,,,,,,,,,,,,,,,,,,,,,,,,,,,,0,1,1
528,neb54wzx,,0,0,12,,,,0,,,0,0,cfs9uxep,,,,,,0,0,1,528,su_sev_fin,abstract,4,choice_4,,,,,,,,,,,,,,,0,1,1,528,,,,,,,,,,,,,,,,,,,,,,,,,,,,,0,1,1,528,,,,,,,,,,,,,,,,,,,,,,,,,,,,,,,,0,1,1
529,agwdgsp8,,0,0,12,,,,0,,,0,0,cfs9uxep,,,,,,0,0,1,529,su_sev_fin,abstract,1,choice_1,,,,,,,,,,,,,,,0,1,1,529,,,,,,,,,,,,,,,,,,,,,,,,,,,,,0,1,1,529,,,,,,,,,,,,,,,,,,,,,,,,,,,,,,,,0,1,1
530,w35r040k,,0,0,12,,,,0,,,0,0,cfs9uxep,,,,,,0,0,1,530,sh_ha_fin,abstract,1,choice_1,,,,,,,,,,,,,,,0,1,1,530,,,,,,,,,,,,,,,,,,,,,,,,,,,,,0,1,1,530,,,,,,,,,,,,,,,,,,,,,,,,,,,,,,,,0,1,1
531,3stfxlcr,,0,0,12,,,,0,,,0,0,cfs9uxep,,,,,,0,0,1,531,su_sev_fin,abstract,3,choice_3,,,,,,,,,,,,,,,0,1,1,531,,,,,,,,,,,,,,,,,,,,,,,,,,,,,0,1,1,531,,,,,,,,,,,,,,,,,,,,,,,,,,,,,,,,0,1,1
532,r0qrwkpt,,0,0,12,,,,0,,,0,0,cfs9uxep,,,,,,0,0,1,532,su_ha_fin,abstract,4,choice_4,,,,,,,,,,,,,,,0,1,1,532,,,,,,,,,,,,,,,,,,,,,,,,,,,,,0,1,1,532,,,,,,,,,,,,,,,,,,,,,,,,,,,,,,,,0,1,1
533,7qaagxss,,0,0,12,,,,0,,,0,0,cfs9uxep,,,,,,0,0,1,533,sh_ha_fin,abstract,1,choice_1,,,,,,,,,,,,,,,0,1,1,533,,,,,,,,,,,,,,,,,,,,,,,,,,,,,0,1,1,533,,,,,,,,,,,,,,,,,,,,,,,,,,,,,,,,0,1,1
534,zj6rbbgs,,0,0,12,,,,0,,,0,0,cfs9uxep,,,,,,0,0,1,534,sh_ha_fin,abstract,1,choice_1,,,,,,,,,,,,,,,0,1,1,534,,,,,,,,,,,,,,,,,,,,,,,,,,,,,0,1,1,534,,,,,,,,,,,,,,,,,,,,,,,,,,,,,,,,0,1,1
535,is03dmzn,,0,0,12,,,,0,,,0,0,cfs9uxep,,,,,,0,0,1,535,su_sev_fin,abstract,3,choice_3,,,,,,,,,,,,,,,0,1,1,535,,,,,,,,,,,,,,,,,,,,,,,,,,,,,0,1,1,535,,,,,,,,,,,,,,,,,,,,,,,,,,,,,,,,0,1,1
536,pyzb7p7w,,0,0,12,,,,0,,,0,0,cfs9uxep,,,,,,0,0,1,536,sh_ha_fin,abstract,1,choice_1,,,,,,,,,,,,,,,0,1,1,536,,,,,,,,,,,,,,,,,,,,,,,,,,,,,0,1,1,536,,,,,,,,,,,,,,,,,,,,,,,,,,,,,,,,0,1,1
537,2gynl4vz,,0,0,12,,,,0,,,0,0,cfs9uxep,,,,,,0,0,1,537,su_ha_fin,abstract,4,choice_4,,,,,,,,,,,,,,,0,1,1,537,,,,,,,,,,,,,,,,,,,,,,,,,,,,,0,1,1,537,,,,,,,,,,,,,,,,,,,,,,,,,,,,,,,,0,1,1
538,6hoo4e6h,,0,0,12,,,,0,,,0,0,cfs9uxep,,,,,,0,0,1,538,sh_ha_fin,abstract,1,choice_1,,,,,,,,,,,,,,,0,1,1,538,,,,,,,,,,,,,,,,,,,,,,,,,,,,,0,1,1,538,,,,,,,,,,,,,,,,,,,,,,,,,,,,,,,,0,1,1
539,p1nk784j,,0,0,12,,,,0,,,0,0,cfs9uxep,,,,,,0,0,1,539,su_ha_fin,abstract,4,choice_4,,,,,,,,,,,,,,,0,1,1,539,,,,,,,,,,,,,,,,,,,,,,,,,,,,,0,1,1,539,,,,,,,,,,,,,,,,,,,,,,,,,,,,,,,,0,1,1
540,lly5vive,,0,0,12,,,,0,,,0,0,cfs9uxep,,,,,,0,0,1,540,sh_sev_fin,abstract,1,choice_1,,,,,,,,,,,,,,,0,1,1,540,,,,,,,,,,,,,,,,,,,,,,,,,,,,,0,1,1,540,,,,,,,,,,,,,,,,,,,,,,,,,,,,,,,,0,1,1
541,fz4gszmt,,0,0,12,,,,0,,,0,0,cfs9uxep,,,,,,0,0,1,541,su_sev_fin,abstract,4,choice_4,,,,,,,,,,,,,,,0,1,1,541,,,,,,,,,,,,,,,,,,,,,,,,,,,,,0,1,1,541,,,,,,,,,,,,,,,,,,,,,,,,,,,,,,,,0,1,1
542,7cbc3pa9,,0,0,12,,,,0,,,0,0,cfs9uxep,,,,,,0,0,1,542,sh_sev_fin,abstract,2,choice_2,,,,,,,,,,,,,,,0,1,1,542,,,,,,,,,,,,,,,,,,,,,,,,,,,,,0,1,1,542,,,,,,,,,,,,,,,,,,,,,,,,,,,,,,,,0,1,1
543,9tsaui41,,0,0,12,,,,0,,,0,0,cfs9uxep,,,,,,0,0,1,543,sh_ha_fin,abstract,3,choice_3,,,,,,,,,,,,,,,0,1,1,543,,,,,,,,,,,,,,,,,,,,,,,,,,,,,0,1,1,543,,,,,,,,,,,,,,,,,,,,,,,,,,,,,,,,0,1,1
544,by7rkpg2,,0,0,12,,,,0,,,0,0,cfs9uxep,,,,,,0,0,1,544,su_sev_fin,abstract,1,choice_1,,,,,,,,,,,,,,,0,1,1,544,,,,,,,,,,,,,,,,,,,,,,,,,,,,,0,1,1,544,,,,,,,,,,,,,,,,,,,,,,,,,,,,,,,,0,1,1
545,c97pc9g6,,0,0,12,,,,0,,,0,0,cfs9uxep,,,,,,0,0,1,545,sh_ha_fin,abstract,4,choice_4,,,,,,,,,,,,,,,0,1,1,545,,,,,,,,,,,,,,,,,,,,,,,,,,,,,0,1,1,545,,,,,,,,,,,,,,,,,,,,,,,,,,,,,,,,0,1,1
546,zlq3mxj7,,0,0,12,,,,0,,,0,0,cfs9uxep,,,,,,0,0,1,546,su_sev_fin,abstract,3,choice_3,,,,,,,,,,,,,,,0,1,1,546,,,,,,,,,,,,,,,,,,,,,,,,,,,,,0,1,1,546,,,,,,,,,,,,,,,,,,,,,,,,,,,,,,,,0,1,1
547,ccd9r0nh,,0,0,12,,,,0,,,0,0,cfs9uxep,,,,,,0,0,1,547,su_sev_fin,abstract,3,choice_3,,,,,,,,,,,,,,,0,1,1,547,,,,,,,,,,,,,,,,,,,,,,,,,,,,,0,1,1,547,,,,,,,,,,,,,,,,,,,,,,,,,,,,,,,,0,1,1
548,1ne4y60r,,0,0,12,,,,0,,,0,0,cfs9uxep,,,,,,0,0,1,548,su_sev_fin,abstract,4,choice_4,,,,,,,,,,,,,,,0,1,1,548,,,,,,,,,,,,,,,,,,,,,,,,,,,,,0,1,1,548,,,,,,,,,,,,,,,,,,,,,,,,,,,,,,,,0,1,1
549,plo6tvtj,,0,0,12,,,,0,,,0,0,cfs9uxep,,,,,,0,0,1,549,su_sev_fin,abstract,4,choice_4,,,,,,,,,,,,,,,0,1,1,549,,,,,,,,,,,,,,,,,,,,,,,,,,,,,0,1,1,549,,,,,,,,,,,,,,,,,,,,,,,,,,,,,,,,0,1,1
550,tqx4ic3u,,0,0,12,,,,0,,,0,0,cfs9uxep,,,,,,0,0,1,550,sh_sev_fin,abstract,2,choice_2,,,,,,,,,,,,,,,0,1,1,550,,,,,,,,,,,,,,,,,,,,,,,,,,,,,0,1,1,550,,,,,,,,,,,,,,,,,,,,,,,,,,,,,,,,0,1,1
551,pr4xmt7s,,0,0,12,,,,0,,,0,0,cfs9uxep,,,,,,0,0,1,551,sh_sev_fin,abstract,2,choice_2,,,,,,,,,,,,,,,0,1,1,551,,,,,,,,,,,,,,,,,,,,,,,,,,,,,0,1,1,551,,,,,,,,,,,,,,,,,,,,,,,,,,,,,,,,0,1,1
552,rzovi5tv,,0,0,12,,,,0,,,0,0,cfs9uxep,,,,,,0,0,1,552,su_sev_fin,abstract,3,choice_3,,,,,,,,,,,,,,,0,1,1,552,,,,,,,,,,,,,,,,,,,,,,,,,,,,,0,1,1,552,,,,,,,,,,,,,,,,,,,,,,,,,,,,,,,,0,1,1
553,0h43p2gw,,0,0,12,,,,0,,,0,0,cfs9uxep,,,,,,0,0,1,553,sh_sev_fin,abstract,4,choice_4,,,,,,,,,,,,,,,0,1,1,553,,,,,,,,,,,,,,,,,,,,,,,,,,,,,0,1,1,553,,,,,,,,,,,,,,,,,,,,,,,,,,,,,,,,0,1,1
554,kirc4cle,,0,0,12,,,,0,,,0,0,cfs9uxep,,,,,,0,0,1,554,sh_ha_fin,abstract,1,choice_1,,,,,,,,,,,,,,,0,1,1,554,,,,,,,,,,,,,,,,,,,,,,,,,,,,,0,1,1,554,,,,,,,,,,,,,,,,,,,,,,,,,,,,,,,,0,1,1
555,8j3idpqu,,0,0,12,,,,0,,,0,0,cfs9uxep,,,,,,0,0,1,555,sh_sev_fin,abstract,3,choice_3,,,,,,,,,,,,,,,0,1,1,555,,,,,,,,,,,,,,,,,,,,,,,,,,,,,0,1,1,555,,,,,,,,,,,,,,,,,,,,,,,,,,,,,,,,0,1,1
556,60km1cz3,,0,0,12,,,,0,,,0,0,cfs9uxep,,,,,,0,0,1,556,su_sev_fin,abstract,4,choice_4,,,,,,,,,,,,,,,0,1,1,556,,,,,,,,,,,,,,,,,,,,,,,,,,,,,0,1,1,556,,,,,,,,,,,,,,,,,,,,,,,,,,,,,,,,0,1,1
557,0x0z3o6e,,0,0,12,,,,0,,,0,0,cfs9uxep,,,,,,0,0,1,557,su_ha_fin,abstract,3,choice_3,,,,,,,,,,,,,,,0,1,1,557,,,,,,,,,,,,,,,,,,,,,,,,,,,,,0,1,1,557,,,,,,,,,,,,,,,,,,,,,,,,,,,,,,,,0,1,1
558,2jbonnhz,,0,0,12,,,,0,,,0,0,cfs9uxep,,,,,,0,0,1,558,su_sev_fin,abstract,3,choice_3,,,,,,,,,,,,,,,0,1,1,558,,,,,,,,,,,,,,,,,,,,,,,,,,,,,0,1,1,558,,,,,,,,,,,,,,,,,,,,,,,,,,,,,,,,0,1,1
559,v4zfd33q,,0,0,12,,,,0,,,0,0,cfs9uxep,,,,,,0,0,1,559,su_sev_fin,abstract,2,choice_2,,,,,,,,,,,,,,,0,1,1,559,,,,,,,,,,,,,,,,,,,,,,,,,,,,,0,1,1,559,,,,,,,,,,,,,,,,,,,,,,,,,,,,,,,,0,1,1
560,fmw3dumf,,0,0,12,,,,0,,,0,0,cfs9uxep,,,,,,0,0,1,560,su_ha_fin,abstract,2,choice_2,,,,,,,,,,,,,,,0,1,1,560,,,,,,,,,,,,,,,,,,,,,,,,,,,,,0,1,1,560,,,,,,,,,,,,,,,,,,,,,,,,,,,,,,,,0,1,1
561,j72myd1b,,0,0,12,,,,0,,,0,0,cfs9uxep,,,,,,0,0,1,561,sh_sev_fin,abstract,3,choice_3,,,,,,,,,,,,,,,0,1,1,561,,,,,,,,,,,,,,,,,,,,,,,,,,,,,0,1,1,561,,,,,,,,,,,,,,,,,,,,,,,,,,,,,,,,0,1,1
562,dgfe3l8s,,0,0,12,,,,0,,,0,0,cfs9uxep,,,,,,0,0,1,562,sh_sev_fin,abstract,2,choice_2,,,,,,,,,,,,,,,0,1,1,562,,,,,,,,,,,,,,,,,,,,,,,,,,,,,0,1,1,562,,,,,,,,,,,,,,,,,,,,,,,,,,,,,,,,0,1,1
563,jhqdb68k,,0,0,12,,,,0,,,0,0,cfs9uxep,,,,,,0,0,1,563,su_ha_fin,abstract,2,choice_2,,,,,,,,,,,,,,,0,1,1,563,,,,,,,,,,,,,,,,,,,,,,,,,,,,,0,1,1,563,,,,,,,,,,,,,,,,,,,,,,,,,,,,,,,,0,1,1
564,dog4ajuq,,0,0,12,,,,0,,,0,0,cfs9uxep,,,,,,0,0,1,564,su_sev_fin,abstract,1,choice_1,,,,,,,,,,,,,,,0,1,1,564,,,,,,,,,,,,,,,,,,,,,,,,,,,,,0,1,1,564,,,,,,,,,,,,,,,,,,,,,,,,,,,,,,,,0,1,1
565,88wk9jt9,,0,0,12,,,,0,,,0,0,cfs9uxep,,,,,,0,0,1,565,su_sev_fin,abstract,1,choice_1,,,,,,,,,,,,,,,0,1,1,565,,,,,,,,,,,,,,,,,,,,,,,,,,,,,0,1,1,565,,,,,,,,,,,,,,,,,,,,,,,,,,,,,,,,0,1,1
566,3cozs0p8,,0,0,12,,,,0,,,0,0,cfs9uxep,,,,,,0,0,1,566,sh_ha_fin,abstract,3,choice_3,,,,,,,,,,,,,,,0,1,1,566,,,,,,,,,,,,,,,,,,,,,,,,,,,,,0,1,1,566,,,,,,,,,,,,,,,,,,,,,,,,,,,,,,,,0,1,1
567,szmj0g8z,,0,0,12,,,,0,,,0,0,cfs9uxep,,,,,,0,0,1,567,su_sev_fin,abstract,1,choice_1,,,,,,,,,,,,,,,0,1,1,567,,,,,,,,,,,,,,,,,,,,,,,,,,,,,0,1,1,567,,,,,,,,,,,,,,,,,,,,,,,,,,,,,,,,0,1,1
568,24icgl0q,,0,0,12,,,,0,,,0,0,cfs9uxep,,,,,,0,0,1,568,sh_sev_fin,abstract,4,choice_4,,,,,,,,,,,,,,,0,1,1,568,,,,,,,,,,,,,,,,,,,,,,,,,,,,,0,1,1,568,,,,,,,,,,,,,,,,,,,,,,,,,,,,,,,,0,1,1
569,d22phrkz,,0,0,12,,,,0,,,0,0,cfs9uxep,,,,,,0,0,1,569,su_sev_fin,abstract,1,choice_1,,,,,,,,,,,,,,,0,1,1,569,,,,,,,,,,,,,,,,,,,,,,,,,,,,,0,1,1,569,,,,,,,,,,,,,,,,,,,,,,,,,,,,,,,,0,1,1
570,5c47banr,,0,0,12,,,,0,,,0,0,cfs9uxep,,,,,,0,0,1,570,su_sev_fin,abstract,2,choice_2,,,,,,,,,,,,,,,0,1,1,570,,,,,,,,,,,,,,,,,,,,,,,,,,,,,0,1,1,570,,,,,,,,,,,,,,,,,,,,,,,,,,,,,,,,0,1,1
571,34khvru7,,0,0,12,,,,0,,,0,0,cfs9uxep,,,,,,0,0,1,571,sh_ha_fin,abstract,1,choice_1,,,,,,,,,,,,,,,0,1,1,571,,,,,,,,,,,,,,,,,,,,,,,,,,,,,0,1,1,571,,,,,,,,,,,,,,,,,,,,,,,,,,,,,,,,0,1,1
572,rnhxtpoc,,0,0,12,,,,0,,,0,0,cfs9uxep,,,,,,0,0,1,572,sh_ha_fin,abstract,4,choice_4,,,,,,,,,,,,,,,0,1,1,572,,,,,,,,,,,,,,,,,,,,,,,,,,,,,0,1,1,572,,,,,,,,,,,,,,,,,,,,,,,,,,,,,,,,0,1,1
573,678tko8l,,0,0,12,,,,0,,,0,0,cfs9uxep,,,,,,0,0,1,573,su_ha_fin,abstract,3,choice_3,,,,,,,,,,,,,,,0,1,1,573,,,,,,,,,,,,,,,,,,,,,,,,,,,,,0,1,1,573,,,,,,,,,,,,,,,,,,,,,,,,,,,,,,,,0,1,1
574,9l11iknu,,0,0,12,,,,0,,,0,0,cfs9uxep,,,,,,0,0,1,574,sh_sev_fin,abstract,2,choice_2,,,,,,,,,,,,,,,0,1,1,574,,,,,,,,,,,,,,,,,,,,,,,,,,,,,0,1,1,574,,,,,,,,,,,,,,,,,,,,,,,,,,,,,,,,0,1,1
575,qipnf9by,,0,0,12,,,,0,,,0,0,cfs9uxep,,,,,,0,0,1,575,sh_ha_fin,abstract,1,choice_1,,,,,,,,,,,,,,,0,1,1,575,,,,,,,,,,,,,,,,,,,,,,,,,,,,,0,1,1,575,,,,,,,,,,,,,,,,,,,,,,,,,,,,,,,,0,1,1
576,812jnt1e,,0,0,12,,,,0,,,0,0,cfs9uxep,,,,,,0,0,1,576,sh_ha_fin,abstract,1,choice_1,,,,,,,,,,,,,,,0,1,1,576,,,,,,,,,,,,,,,,,,,,,,,,,,,,,0,1,1,576,,,,,,,,,,,,,,,,,,,,,,,,,,,,,,,,0,1,1
577,eey5hsqm,,0,0,12,,,,0,,,0,0,cfs9uxep,,,,,,0,0,1,577,su_sev_fin,abstract,1,choice_1,,,,,,,,,,,,,,,0,1,1,577,,,,,,,,,,,,,,,,,,,,,,,,,,,,,0,1,1,577,,,,,,,,,,,,,,,,,,,,,,,,,,,,,,,,0,1,1
578,dv61mda6,,0,0,12,,,,0,,,0,0,cfs9uxep,,,,,,0,0,1,578,sh_sev_fin,abstract,1,choice_1,,,,,,,,,,,,,,,0,1,1,578,,,,,,,,,,,,,,,,,,,,,,,,,,,,,0,1,1,578,,,,,,,,,,,,,,,,,,,,,,,,,,,,,,,,0,1,1
579,w74h1nkn,,0,0,12,,,,0,,,0,0,cfs9uxep,,,,,,0,0,1,579,su_sev_fin,abstract,3,choice_3,,,,,,,,,,,,,,,0,1,1,579,,,,,,,,,,,,,,,,,,,,,,,,,,,,,0,1,1,579,,,,,,,,,,,,,,,,,,,,,,,,,,,,,,,,0,1,1
580,hch514vl,,0,0,12,,,,0,,,0,0,cfs9uxep,,,,,,0,0,1,580,sh_ha_fin,abstract,2,choice_2,,,,,,,,,,,,,,,0,1,1,580,,,,,,,,,,,,,,,,,,,,,,,,,,,,,0,1,1,580,,,,,,,,,,,,,,,,,,,,,,,,,,,,,,,,0,1,1
581,kzktwsaz,,0,0,12,,,,0,,,0,0,cfs9uxep,,,,,,0,0,1,581,su_ha_fin,abstract,1,choice_1,,,,,,,,,,,,,,,0,1,1,581,,,,,,,,,,,,,,,,,,,,,,,,,,,,,0,1,1,581,,,,,,,,,,,,,,,,,,,,,,,,,,,,,,,,0,1,1
582,umuv0p9p,,0,0,12,,,,0,,,0,0,cfs9uxep,,,,,,0,0,1,582,sh_sev_fin,abstract,3,choice_3,,,,,,,,,,,,,,,0,1,1,582,,,,,,,,,,,,,,,,,,,,,,,,,,,,,0,1,1,582,,,,,,,,,,,,,,,,,,,,,,,,,,,,,,,,0,1,1
583,fswsirt1,,0,0,12,,,,0,,,0,0,cfs9uxep,,,,,,0,0,1,583,su_ha_fin,abstract,3,choice_3,,,,,,,,,,,,,,,0,1,1,583,,,,,,,,,,,,,,,,,,,,,,,,,,,,,0,1,1,583,,,,,,,,,,,,,,,,,,,,,,,,,,,,,,,,0,1,1
584,8gqx02rw,,0,0,12,,,,0,,,0,0,cfs9uxep,,,,,,0,0,1,584,su_sev_fin,abstract,2,choice_2,,,,,,,,,,,,,,,0,1,1,584,,,,,,,,,,,,,,,,,,,,,,,,,,,,,0,1,1,584,,,,,,,,,,,,,,,,,,,,,,,,,,,,,,,,0,1,1
585,px5jy1i1,,0,0,12,,,,0,,,0,0,cfs9uxep,,,,,,0,0,1,585,sh_sev_fin,abstract,2,choice_2,,,,,,,,,,,,,,,0,1,1,585,,,,,,,,,,,,,,,,,,,,,,,,,,,,,0,1,1,585,,,,,,,,,,,,,,,,,,,,,,,,,,,,,,,,0,1,1
586,p6vaw8f4,,0,0,12,,,,0,,,0,0,cfs9uxep,,,,,,0,0,1,586,su_sev_fin,abstract,4,choice_4,,,,,,,,,,,,,,,0,1,1,586,,,,,,,,,,,,,,,,,,,,,,,,,,,,,0,1,1,586,,,,,,,,,,,,,,,,,,,,,,,,,,,,,,,,0,1,1
587,by941ulk,,0,0,12,,,,0,,,0,0,cfs9uxep,,,,,,0,0,1,587,su_ha_fin,abstract,1,choice_1,,,,,,,,,,,,,,,0,1,1,587,,,,,,,,,,,,,,,,,,,,,,,,,,,,,0,1,1,587,,,,,,,,,,,,,,,,,,,,,,,,,,,,,,,,0,1,1
588,w8aow2ms,,0,0,12,,,,0,,,0,0,cfs9uxep,,,,,,0,0,1,588,su_ha_fin,abstract,3,choice_3,,,,,,,,,,,,,,,0,1,1,588,,,,,,,,,,,,,,,,,,,,,,,,,,,,,0,1,1,588,,,,,,,,,,,,,,,,,,,,,,,,,,,,,,,,0,1,1
589,bbwflkw9,,0,0,12,,,,0,,,0,0,cfs9uxep,,,,,,0,0,1,589,su_ha_fin,abstract,4,choice_4,,,,,,,,,,,,,,,0,1,1,589,,,,,,,,,,,,,,,,,,,,,,,,,,,,,0,1,1,589,,,,,,,,,,,,,,,,,,,,,,,,,,,,,,,,0,1,1
590,0zt85gqu,,0,0,12,,,,0,,,0,0,cfs9uxep,,,,,,0,0,1,590,su_sev_fin,abstract,2,choice_2,,,,,,,,,,,,,,,0,1,1,590,,,,,,,,,,,,,,,,,,,,,,,,,,,,,0,1,1,590,,,,,,,,,,,,,,,,,,,,,,,,,,,,,,,,0,1,1
591,lug50i9j,,0,0,12,,,,0,,,0,0,cfs9uxep,,,,,,0,0,1,591,sh_ha_fin,abstract,3,choice_3,,,,,,,,,,,,,,,0,1,1,591,,,,,,,,,,,,,,,,,,,,,,,,,,,,,0,1,1,591,,,,,,,,,,,,,,,,,,,,,,,,,,,,,,,,0,1,1
592,hq65of99,,0,0,12,,,,0,,,0,0,cfs9uxep,,,,,,0,0,1,592,su_ha_fin,abstract,4,choice_4,,,,,,,,,,,,,,,0,1,1,592,,,,,,,,,,,,,,,,,,,,,,,,,,,,,0,1,1,592,,,,,,,,,,,,,,,,,,,,,,,,,,,,,,,,0,1,1
593,w4o7km0x,,0,0,12,,,,0,,,0,0,cfs9uxep,,,,,,0,0,1,593,sh_sev_fin,abstract,4,choice_4,,,,,,,,,,,,,,,0,1,1,593,,,,,,,,,,,,,,,,,,,,,,,,,,,,,0,1,1,593,,,,,,,,,,,,,,,,,,,,,,,,,,,,,,,,0,1,1
594,9mefkg5d,,0,0,12,,,,0,,,0,0,cfs9uxep,,,,,,0,0,1,594,su_sev_fin,abstract,3,choice_3,,,,,,,,,,,,,,,0,1,1,594,,,,,,,,,,,,,,,,,,,,,,,,,,,,,0,1,1,594,,,,,,,,,,,,,,,,,,,,,,,,,,,,,,,,0,1,1
595,z4tj4ff7,,0,0,12,,,,0,,,0,0,cfs9uxep,,,,,,0,0,1,595,sh_ha_fin,abstract,1,choice_1,,,,,,,,,,,,,,,0,1,1,595,,,,,,,,,,,,,,,,,,,,,,,,,,,,,0,1,1,595,,,,,,,,,,,,,,,,,,,,,,,,,,,,,,,,0,1,1
596,x6l5it7z,,0,0,12,,,,0,,,0,0,cfs9uxep,,,,,,0,0,1,596,su_ha_fin,abstract,2,choice_2,,,,,,,,,,,,,,,0,1,1,596,,,,,,,,,,,,,,,,,,,,,,,,,,,,,0,1,1,596,,,,,,,,,,,,,,,,,,,,,,,,,,,,,,,,0,1,1
597,kry0uxk4,,0,0,12,,,,0,,,0,0,cfs9uxep,,,,,,0,0,1,597,sh_ha_fin,abstract,4,choice_4,,,,,,,,,,,,,,,0,1,1,597,,,,,,,,,,,,,,,,,,,,,,,,,,,,,0,1,1,597,,,,,,,,,,,,,,,,,,,,,,,,,,,,,,,,0,1,1
598,9fhesv5a,,0,0,12,,,,0,,,0,0,cfs9uxep,,,,,,0,0,1,598,sh_ha_fin,abstract,1,choice_1,,,,,,,,,,,,,,,0,1,1,598,,,,,,,,,,,,,,,,,,,,,,,,,,,,,0,1,1,598,,,,,,,,,,,,,,,,,,,,,,,,,,,,,,,,0,1,1
599,lrcesp11,,0,0,12,,,,0,,,0,0,cfs9uxep,,,,,,0,0,1,599,su_sev_fin,abstract,3,choice_3,,,,,,,,,,,,,,,0,1,1,599,,,,,,,,,,,,,,,,,,,,,,,,,,,,,0,1,1,599,,,,,,,,,,,,,,,,,,,,,,,,,,,,,,,,0,1,1
600,oaby3e3m,,0,0,12,,,,0,,,0,0,cfs9uxep,,,,,,0,0,1,600,sh_sev_fin,abstract,3,choice_3,,,,,,,,,,,,,,,0,1,1,600,,,,,,,,,,,,,,,,,,,,,,,,,,,,,0,1,1,600,,,,,,,,,,,,,,,,,,,,,,,,,,,,,,,,0,1,1
601,0ls1f5gu,,0,0,12,,,,0,,,0,0,cfs9uxep,,,,,,0,0,1,601,sh_sev_fin,abstract,2,choice_2,,,,,,,,,,,,,,,0,1,1,601,,,,,,,,,,,,,,,,,,,,,,,,,,,,,0,1,1,601,,,,,,,,,,,,,,,,,,,,,,,,,,,,,,,,0,1,1
602,vi7dtnpo,,0,0,12,,,,0,,,0,0,cfs9uxep,,,,,,0,0,1,602,sh_sev_fin,abstract,4,choice_4,,,,,,,,,,,,,,,0,1,1,602,,,,,,,,,,,,,,,,,,,,,,,,,,,,,0,1,1,602,,,,,,,,,,,,,,,,,,,,,,,,,,,,,,,,0,1,1
603,yfpccgdv,,0,0,12,,,,0,,,0,0,cfs9uxep,,,,,,0,0,1,603,su_ha_fin,abstract,3,choice_3,,,,,,,,,,,,,,,0,1,1,603,,,,,,,,,,,,,,,,,,,,,,,,,,,,,0,1,1,603,,,,,,,,,,,,,,,,,,,,,,,,,,,,,,,,0,1,1
604,lrvqx35s,,0,0,12,,,,0,,,0,0,cfs9uxep,,,,,,0,0,1,604,sh_ha_fin,abstract,1,choice_1,,,,,,,,,,,,,,,0,1,1,604,,,,,,,,,,,,,,,,,,,,,,,,,,,,,0,1,1,604,,,,,,,,,,,,,,,,,,,,,,,,,,,,,,,,0,1,1
605,ndngoppn,,0,0,12,,,,0,,,0,0,cfs9uxep,,,,,,0,0,1,605,su_ha_fin,abstract,1,choice_1,,,,,,,,,,,,,,,0,1,1,605,,,,,,,,,,,,,,,,,,,,,,,,,,,,,0,1,1,605,,,,,,,,,,,,,,,,,,,,,,,,,,,,,,,,0,1,1
606,odlkq6k7,,0,0,12,,,,0,,,0,0,cfs9uxep,,,,,,0,0,1,606,sh_sev_fin,abstract,3,choice_3,,,,,,,,,,,,,,,0,1,1,606,,,,,,,,,,,,,,,,,,,,,,,,,,,,,0,1,1,606,,,,,,,,,,,,,,,,,,,,,,,,,,,,,,,,0,1,1
607,tvy65jr6,,0,0,12,,,,0,,,0,0,cfs9uxep,,,,,,0,0,1,607,su_ha_fin,abstract,1,choice_1,,,,,,,,,,,,,,,0,1,1,607,,,,,,,,,,,,,,,,,,,,,,,,,,,,,0,1,1,607,,,,,,,,,,,,,,,,,,,,,,,,,,,,,,,,0,1,1
608,29u83n1w,,0,0,12,,,,0,,,0,0,cfs9uxep,,,,,,0,0,1,608,sh_ha_fin,abstract,4,choice_4,,,,,,,,,,,,,,,0,1,1,608,,,,,,,,,,,,,,,,,,,,,,,,,,,,,0,1,1,608,,,,,,,,,,,,,,,,,,,,,,,,,,,,,,,,0,1,1
609,k731pp86,,0,0,12,,,,0,,,0,0,cfs9uxep,,,,,,0,0,1,609,sh_sev_fin,abstract,2,choice_2,,,,,,,,,,,,,,,0,1,1,609,,,,,,,,,,,,,,,,,,,,,,,,,,,,,0,1,1,609,,,,,,,,,,,,,,,,,,,,,,,,,,,,,,,,0,1,1
610,x6uea8rp,,0,0,12,,,,0,,,0,0,cfs9uxep,,,,,,0,0,1,610,su_sev_fin,abstract,1,choice_1,,,,,,,,,,,,,,,0,1,1,610,,,,,,,,,,,,,,,,,,,,,,,,,,,,,0,1,1,610,,,,,,,,,,,,,,,,,,,,,,,,,,,,,,,,0,1,1
611,j6mzh7h6,,0,0,12,,,,0,,,0,0,cfs9uxep,,,,,,0,0,1,611,su_ha_fin,abstract,4,choice_4,,,,,,,,,,,,,,,0,1,1,611,,,,,,,,,,,,,,,,,,,,,,,,,,,,,0,1,1,611,,,,,,,,,,,,,,,,,,,,,,,,,,,,,,,,0,1,1
612,58yygdua,,0,0,12,,,,0,,,0,0,cfs9uxep,,,,,,0,0,1,612,sh_sev_fin,abstract,1,choice_1,,,,,,,,,,,,,,,0,1,1,612,,,,,,,,,,,,,,,,,,,,,,,,,,,,,0,1,1,612,,,,,,,,,,,,,,,,,,,,,,,,,,,,,,,,0,1,1
613,vtis13ph,,0,0,12,,,,0,,,0,0,cfs9uxep,,,,,,0,0,1,613,sh_sev_fin,abstract,3,choice_3,,,,,,,,,,,,,,,0,1,1,613,,,,,,,,,,,,,,,,,,,,,,,,,,,,,0,1,1,613,,,,,,,,,,,,,,,,,,,,,,,,,,,,,,,,0,1,1
614,39vbt6cx,,0,0,12,,,,0,,,0,0,cfs9uxep,,,,,,0,0,1,614,su_ha_fin,abstract,1,choice_1,,,,,,,,,,,,,,,0,1,1,614,,,,,,,,,,,,,,,,,,,,,,,,,,,,,0,1,1,614,,,,,,,,,,,,,,,,,,,,,,,,,,,,,,,,0,1,1
615,6sglx0jm,,0,0,12,,,,0,,,0,0,cfs9uxep,,,,,,0,0,1,615,su_ha_fin,abstract,3,choice_3,,,,,,,,,,,,,,,0,1,1,615,,,,,,,,,,,,,,,,,,,,,,,,,,,,,0,1,1,615,,,,,,,,,,,,,,,,,,,,,,,,,,,,,,,,0,1,1
616,k3g1vz4q,,0,0,12,,,,0,,,0,0,cfs9uxep,,,,,,0,0,1,616,su_ha_fin,abstract,4,choice_4,,,,,,,,,,,,,,,0,1,1,616,,,,,,,,,,,,,,,,,,,,,,,,,,,,,0,1,1,616,,,,,,,,,,,,,,,,,,,,,,,,,,,,,,,,0,1,1
617,5ul4kfgr,,0,0,12,,,,0,,,0,0,cfs9uxep,,,,,,0,0,1,617,su_sev_fin,abstract,3,choice_3,,,,,,,,,,,,,,,0,1,1,617,,,,,,,,,,,,,,,,,,,,,,,,,,,,,0,1,1,617,,,,,,,,,,,,,,,,,,,,,,,,,,,,,,,,0,1,1
618,97cjohoz,,0,0,12,,,,0,,,0,0,cfs9uxep,,,,,,0,0,1,618,su_sev_fin,abstract,1,choice_1,,,,,,,,,,,,,,,0,1,1,618,,,,,,,,,,,,,,,,,,,,,,,,,,,,,0,1,1,618,,,,,,,,,,,,,,,,,,,,,,,,,,,,,,,,0,1,1
619,w7fw9v7o,,0,0,12,,,,0,,,0,0,cfs9uxep,,,,,,0,0,1,619,su_ha_fin,abstract,1,choice_1,,,,,,,,,,,,,,,0,1,1,619,,,,,,,,,,,,,,,,,,,,,,,,,,,,,0,1,1,619,,,,,,,,,,,,,,,,,,,,,,,,,,,,,,,,0,1,1
620,yt7htfvf,,0,0,12,,,,0,,,0,0,cfs9uxep,,,,,,0,0,1,620,su_sev_fin,abstract,4,choice_4,,,,,,,,,,,,,,,0,1,1,620,,,,,,,,,,,,,,,,,,,,,,,,,,,,,0,1,1,620,,,,,,,,,,,,,,,,,,,,,,,,,,,,,,,,0,1,1
621,f5ku9pl7,,0,0,12,,,,0,,,0,0,cfs9uxep,,,,,,0,0,1,621,su_ha_fin,abstract,4,choice_4,,,,,,,,,,,,,,,0,1,1,621,,,,,,,,,,,,,,,,,,,,,,,,,,,,,0,1,1,621,,,,,,,,,,,,,,,,,,,,,,,,,,,,,,,,0,1,1
622,lfx46qjs,,0,0,12,,,,0,,,0,0,cfs9uxep,,,,,,0,0,1,622,su_ha_fin,abstract,3,choice_3,,,,,,,,,,,,,,,0,1,1,622,,,,,,,,,,,,,,,,,,,,,,,,,,,,,0,1,1,622,,,,,,,,,,,,,,,,,,,,,,,,,,,,,,,,0,1,1
623,ikcvz1u9,,0,0,12,,,,0,,,0,0,cfs9uxep,,,,,,0,0,1,623,sh_ha_fin,abstract,2,choice_2,,,,,,,,,,,,,,,0,1,1,623,,,,,,,,,,,,,,,,,,,,,,,,,,,,,0,1,1,623,,,,,,,,,,,,,,,,,,,,,,,,,,,,,,,,0,1,1
624,mc0tz2xc,,0,0,12,,,,0,,,0,0,cfs9uxep,,,,,,0,0,1,624,su_sev_fin,abstract,1,choice_1,,,,,,,,,,,,,,,0,1,1,624,,,,,,,,,,,,,,,,,,,,,,,,,,,,,0,1,1,624,,,,,,,,,,,,,,,,,,,,,,,,,,,,,,,,0,1,1
625,jbbqm2t2,,0,0,12,,,,0,,,0,0,cfs9uxep,,,,,,0,0,1,625,su_ha_fin,abstract,2,choice_2,,,,,,,,,,,,,,,0,1,1,625,,,,,,,,,,,,,,,,,,,,,,,,,,,,,0,1,1,625,,,,,,,,,,,,,,,,,,,,,,,,,,,,,,,,0,1,1
626,fdsfq5q4,,0,0,12,,,,0,,,0,0,cfs9uxep,,,,,,0,0,1,626,sh_ha_fin,abstract,2,choice_2,,,,,,,,,,,,,,,0,1,1,626,,,,,,,,,,,,,,,,,,,,,,,,,,,,,0,1,1,626,,,,,,,,,,,,,,,,,,,,,,,,,,,,,,,,0,1,1
627,n101as3h,,0,0,12,,,,0,,,0,0,cfs9uxep,,,,,,0,0,1,627,su_ha_fin,abstract,1,choice_1,,,,,,,,,,,,,,,0,1,1,627,,,,,,,,,,,,,,,,,,,,,,,,,,,,,0,1,1,627,,,,,,,,,,,,,,,,,,,,,,,,,,,,,,,,0,1,1
628,xtptwrec,,0,0,12,,,,0,,,0,0,cfs9uxep,,,,,,0,0,1,628,su_sev_fin,abstract,1,choice_1,,,,,,,,,,,,,,,0,1,1,628,,,,,,,,,,,,,,,,,,,,,,,,,,,,,0,1,1,628,,,,,,,,,,,,,,,,,,,,,,,,,,,,,,,,0,1,1
629,bvnmqu65,,0,0,12,,,,0,,,0,0,cfs9uxep,,,,,,0,0,1,629,su_sev_fin,abstract,1,choice_1,,,,,,,,,,,,,,,0,1,1,629,,,,,,,,,,,,,,,,,,,,,,,,,,,,,0,1,1,629,,,,,,,,,,,,,,,,,,,,,,,,,,,,,,,,0,1,1
630,jarn9n55,,0,0,12,,,,0,,,0,0,cfs9uxep,,,,,,0,0,1,630,sh_sev_fin,abstract,1,choice_1,,,,,,,,,,,,,,,0,1,1,630,,,,,,,,,,,,,,,,,,,,,,,,,,,,,0,1,1,630,,,,,,,,,,,,,,,,,,,,,,,,,,,,,,,,0,1,1
631,5pmh3pki,,0,0,12,,,,0,,,0,0,cfs9uxep,,,,,,0,0,1,631,sh_sev_fin,abstract,1,choice_1,,,,,,,,,,,,,,,0,1,1,631,,,,,,,,,,,,,,,,,,,,,,,,,,,,,0,1,1,631,,,,,,,,,,,,,,,,,,,,,,,,,,,,,,,,0,1,1
632,b0c7pldv,,0,0,12,,,,0,,,0,0,cfs9uxep,,,,,,0,0,1,632,sh_sev_fin,abstract,4,choice_4,,,,,,,,,,,,,,,0,1,1,632,,,,,,,,,,,,,,,,,,,,,,,,,,,,,0,1,1,632,,,,,,,,,,,,,,,,,,,,,,,,,,,,,,,,0,1,1
633,4zq9o0qo,,0,0,12,,,,0,,,0,0,cfs9uxep,,,,,,0,0,1,633,sh_ha_fin,abstract,3,choice_3,,,,,,,,,,,,,,,0,1,1,633,,,,,,,,,,,,,,,,,,,,,,,,,,,,,0,1,1,633,,,,,,,,,,,,,,,,,,,,,,,,,,,,,,,,0,1,1
634,n4ufwhot,,0,0,12,,,,0,,,0,0,cfs9uxep,,,,,,0,0,1,634,sh_ha_fin,abstract,4,choice_4,,,,,,,,,,,,,,,0,1,1,634,,,,,,,,,,,,,,,,,,,,,,,,,,,,,0,1,1,634,,,,,,,,,,,,,,,,,,,,,,,,,,,,,,,,0,1,1
635,cy15vlo8,,0,0,12,,,,0,,,0,0,cfs9uxep,,,,,,0,0,1,635,su_sev_fin,abstract,4,choice_4,,,,,,,,,,,,,,,0,1,1,635,,,,,,,,,,,,,,,,,,,,,,,,,,,,,0,1,1,635,,,,,,,,,,,,,,,,,,,,,,,,,,,,,,,,0,1,1
636,l51a18wg,,0,0,12,,,,0,,,0,0,cfs9uxep,,,,,,0,0,1,636,su_ha_fin,abstract,1,choice_1,,,,,,,,,,,,,,,0,1,1,636,,,,,,,,,,,,,,,,,,,,,,,,,,,,,0,1,1,636,,,,,,,,,,,,,,,,,,,,,,,,,,,,,,,,0,1,1
637,ylznroda,,0,0,12,,,,0,,,0,0,cfs9uxep,,,,,,0,0,1,637,su_ha_fin,abstract,3,choice_3,,,,,,,,,,,,,,,0,1,1,637,,,,,,,,,,,,,,,,,,,,,,,,,,,,,0,1,1,637,,,,,,,,,,,,,,,,,,,,,,,,,,,,,,,,0,1,1
638,xerti1ao,,0,0,12,,,,0,,,0,0,cfs9uxep,,,,,,0,0,1,638,sh_sev_fin,abstract,4,choice_4,,,,,,,,,,,,,,,0,1,1,638,,,,,,,,,,,,,,,,,,,,,,,,,,,,,0,1,1,638,,,,,,,,,,,,,,,,,,,,,,,,,,,,,,,,0,1,1
639,wx1kszju,,0,0,12,,,,0,,,0,0,cfs9uxep,,,,,,0,0,1,639,su_sev_fin,abstract,1,choice_1,,,,,,,,,,,,,,,0,1,1,639,,,,,,,,,,,,,,,,,,,,,,,,,,,,,0,1,1,639,,,,,,,,,,,,,,,,,,,,,,,,,,,,,,,,0,1,1
640,r6gz00th,,0,0,12,,,,0,,,0,0,cfs9uxep,,,,,,0,0,1,640,sh_sev_fin,abstract,4,choice_4,,,,,,,,,,,,,,,0,1,1,640,,,,,,,,,,,,,,,,,,,,,,,,,,,,,0,1,1,640,,,,,,,,,,,,,,,,,,,,,,,,,,,,,,,,0,1,1
641,kj3lfl93,,0,0,12,,,,0,,,0,0,cfs9uxep,,,,,,0,0,1,641,sh_sev_fin,abstract,3,choice_3,,,,,,,,,,,,,,,0,1,1,641,,,,,,,,,,,,,,,,,,,,,,,,,,,,,0,1,1,641,,,,,,,,,,,,,,,,,,,,,,,,,,,,,,,,0,1,1
642,1te8ospj,,0,0,12,,,,0,,,0,0,cfs9uxep,,,,,,0,0,1,642,su_ha_fin,abstract,3,choice_3,,,,,,,,,,,,,,,0,1,1,642,,,,,,,,,,,,,,,,,,,,,,,,,,,,,0,1,1,642,,,,,,,,,,,,,,,,,,,,,,,,,,,,,,,,0,1,1
643,6acd1w9p,,0,0,12,,,,0,,,0,0,cfs9uxep,,,,,,0,0,1,643,sh_sev_fin,abstract,4,choice_4,,,,,,,,,,,,,,,0,1,1,643,,,,,,,,,,,,,,,,,,,,,,,,,,,,,0,1,1,643,,,,,,,,,,,,,,,,,,,,,,,,,,,,,,,,0,1,1
644,d91vj0w9,,0,0,12,,,,0,,,0,0,cfs9uxep,,,,,,0,0,1,644,sh_ha_fin,abstract,1,choice_1,,,,,,,,,,,,,,,0,1,1,644,,,,,,,,,,,,,,,,,,,,,,,,,,,,,0,1,1,644,,,,,,,,,,,,,,,,,,,,,,,,,,,,,,,,0,1,1
645,4uutpos2,,0,0,12,,,,0,,,0,0,cfs9uxep,,,,,,0,0,1,645,su_sev_fin,abstract,3,choice_3,,,,,,,,,,,,,,,0,1,1,645,,,,,,,,,,,,,,,,,,,,,,,,,,,,,0,1,1,645,,,,,,,,,,,,,,,,,,,,,,,,,,,,,,,,0,1,1
646,91u3xq6b,,0,0,12,,,,0,,,0,0,cfs9uxep,,,,,,0,0,1,646,su_ha_fin,abstract,1,choice_1,,,,,,,,,,,,,,,0,1,1,646,,,,,,,,,,,,,,,,,,,,,,,,,,,,,0,1,1,646,,,,,,,,,,,,,,,,,,,,,,,,,,,,,,,,0,1,1
647,ha6slj3w,,0,0,12,,,,0,,,0,0,cfs9uxep,,,,,,0,0,1,647,su_sev_fin,abstract,2,choice_2,,,,,,,,,,,,,,,0,1,1,647,,,,,,,,,,,,,,,,,,,,,,,,,,,,,0,1,1,647,,,,,,,,,,,,,,,,,,,,,,,,,,,,,,,,0,1,1
648,7l4ea1n9,,0,0,12,,,,0,,,0,0,cfs9uxep,,,,,,0,0,1,648,su_ha_fin,abstract,1,choice_1,,,,,,,,,,,,,,,0,1,1,648,,,,,,,,,,,,,,,,,,,,,,,,,,,,,0,1,1,648,,,,,,,,,,,,,,,,,,,,,,,,,,,,,,,,0,1,1
649,rztu85fv,,0,0,12,,,,0,,,0,0,cfs9uxep,,,,,,0,0,1,649,su_ha_fin,abstract,4,choice_4,,,,,,,,,,,,,,,0,1,1,649,,,,,,,,,,,,,,,,,,,,,,,,,,,,,0,1,1,649,,,,,,,,,,,,,,,,,,,,,,,,,,,,,,,,0,1,1
650,nqr4bkj4,,0,0,12,,,,0,,,0,0,cfs9uxep,,,,,,0,0,1,650,su_ha_fin,abstract,1,choice_1,,,,,,,,,,,,,,,0,1,1,650,,,,,,,,,,,,,,,,,,,,,,,,,,,,,0,1,1,650,,,,,,,,,,,,,,,,,,,,,,,,,,,,,,,,0,1,1
651,3muyqzzg,,0,0,12,,,,0,,,0,0,cfs9uxep,,,,,,0,0,1,651,sh_sev_fin,abstract,4,choice_4,,,,,,,,,,,,,,,0,1,1,651,,,,,,,,,,,,,,,,,,,,,,,,,,,,,0,1,1,651,,,,,,,,,,,,,,,,,,,,,,,,,,,,,,,,0,1,1
652,fqw3nvsc,,0,0,12,,,,0,,,0,0,cfs9uxep,,,,,,0,0,1,652,sh_sev_fin,abstract,3,choice_3,,,,,,,,,,,,,,,0,1,1,652,,,,,,,,,,,,,,,,,,,,,,,,,,,,,0,1,1,652,,,,,,,,,,,,,,,,,,,,,,,,,,,,,,,,0,1,1
653,itazvh07,,0,0,12,,,,0,,,0,0,cfs9uxep,,,,,,0,0,1,653,su_ha_fin,abstract,2,choice_2,,,,,,,,,,,,,,,0,1,1,653,,,,,,,,,,,,,,,,,,,,,,,,,,,,,0,1,1,653,,,,,,,,,,,,,,,,,,,,,,,,,,,,,,,,0,1,1
654,ill86vn3,,0,0,12,,,,0,,,0,0,cfs9uxep,,,,,,0,0,1,654,su_sev_fin,abstract,1,choice_1,,,,,,,,,,,,,,,0,1,1,654,,,,,,,,,,,,,,,,,,,,,,,,,,,,,0,1,1,654,,,,,,,,,,,,,,,,,,,,,,,,,,,,,,,,0,1,1
655,dxpjvf0t,,0,0,12,,,,0,,,0,0,cfs9uxep,,,,,,0,0,1,655,su_ha_fin,abstract,4,choice_4,,,,,,,,,,,,,,,0,1,1,655,,,,,,,,,,,,,,,,,,,,,,,,,,,,,0,1,1,655,,,,,,,,,,,,,,,,,,,,,,,,,,,,,,,,0,1,1
656,ik4bzvnd,,0,0,12,,,,0,,,0,0,cfs9uxep,,,,,,0,0,1,656,su_ha_fin,abstract,2,choice_2,,,,,,,,,,,,,,,0,1,1,656,,,,,,,,,,,,,,,,,,,,,,,,,,,,,0,1,1,656,,,,,,,,,,,,,,,,,,,,,,,,,,,,,,,,0,1,1
657,pkzyxgqv,,0,0,12,,,,0,,,0,0,cfs9uxep,,,,,,0,0,1,657,su_ha_fin,abstract,1,choice_1,,,,,,,,,,,,,,,0,1,1,657,,,,,,,,,,,,,,,,,,,,,,,,,,,,,0,1,1,657,,,,,,,,,,,,,,,,,,,,,,,,,,,,,,,,0,1,1
658,cemnfv78,,0,0,12,,,,0,,,0,0,cfs9uxep,,,,,,0,0,1,658,su_ha_fin,abstract,4,choice_4,,,,,,,,,,,,,,,0,1,1,658,,,,,,,,,,,,,,,,,,,,,,,,,,,,,0,1,1,658,,,,,,,,,,,,,,,,,,,,,,,,,,,,,,,,0,1,1
659,killxi5h,,0,0,12,,,,0,,,0,0,cfs9uxep,,,,,,0,0,1,659,su_ha_fin,abstract,2,choice_2,,,,,,,,,,,,,,,0,1,1,659,,,,,,,,,,,,,,,,,,,,,,,,,,,,,0,1,1,659,,,,,,,,,,,,,,,,,,,,,,,,,,,,,,,,0,1,1
660,vt3b9m5q,,0,0,12,,,,0,,,0,0,cfs9uxep,,,,,,0,0,1,660,sh_sev_fin,abstract,3,choice_3,,,,,,,,,,,,,,,0,1,1,660,,,,,,,,,,,,,,,,,,,,,,,,,,,,,0,1,1,660,,,,,,,,,,,,,,,,,,,,,,,,,,,,,,,,0,1,1
661,wtlqxmp8,,0,0,12,,,,0,,,0,0,cfs9uxep,,,,,,0,0,1,661,su_ha_fin,abstract,4,choice_4,,,,,,,,,,,,,,,0,1,1,661,,,,,,,,,,,,,,,,,,,,,,,,,,,,,0,1,1,661,,,,,,,,,,,,,,,,,,,,,,,,,,,,,,,,0,1,1
662,1hdhtaqi,,0,0,12,,,,0,,,0,0,cfs9uxep,,,,,,0,0,1,662,su_ha_fin,abstract,4,choice_4,,,,,,,,,,,,,,,0,1,1,662,,,,,,,,,,,,,,,,,,,,,,,,,,,,,0,1,1,662,,,,,,,,,,,,,,,,,,,,,,,,,,,,,,,,0,1,1
663,1odj7qhs,,0,0,12,,,,0,,,0,0,cfs9uxep,,,,,,0,0,1,663,sh_sev_fin,abstract,2,choice_2,,,,,,,,,,,,,,,0,1,1,663,,,,,,,,,,,,,,,,,,,,,,,,,,,,,0,1,1,663,,,,,,,,,,,,,,,,,,,,,,,,,,,,,,,,0,1,1
664,jknnxyz2,,0,0,12,,,,0,,,0,0,cfs9uxep,,,,,,0,0,1,664,su_sev_fin,abstract,4,choice_4,,,,,,,,,,,,,,,0,1,1,664,,,,,,,,,,,,,,,,,,,,,,,,,,,,,0,1,1,664,,,,,,,,,,,,,,,,,,,,,,,,,,,,,,,,0,1,1
665,b6cebgz0,,0,0,12,,,,0,,,0,0,cfs9uxep,,,,,,0,0,1,665,sh_sev_fin,abstract,1,choice_1,,,,,,,,,,,,,,,0,1,1,665,,,,,,,,,,,,,,,,,,,,,,,,,,,,,0,1,1,665,,,,,,,,,,,,,,,,,,,,,,,,,,,,,,,,0,1,1
666,ah9a4te5,,0,0,12,,,,0,,,0,0,cfs9uxep,,,,,,0,0,1,666,su_sev_fin,abstract,1,choice_1,,,,,,,,,,,,,,,0,1,1,666,,,,,,,,,,,,,,,,,,,,,,,,,,,,,0,1,1,666,,,,,,,,,,,,,,,,,,,,,,,,,,,,,,,,0,1,1
667,pgtr7h9b,,0,0,12,,,,0,,,0,0,cfs9uxep,,,,,,0,0,1,667,su_sev_fin,abstract,4,choice_4,,,,,,,,,,,,,,,0,1,1,667,,,,,,,,,,,,,,,,,,,,,,,,,,,,,0,1,1,667,,,,,,,,,,,,,,,,,,,,,,,,,,,,,,,,0,1,1
668,mm09gy5e,,0,0,12,,,,0,,,0,0,cfs9uxep,,,,,,0,0,1,668,sh_ha_fin,abstract,2,choice_2,,,,,,,,,,,,,,,0,1,1,668,,,,,,,,,,,,,,,,,,,,,,,,,,,,,0,1,1,668,,,,,,,,,,,,,,,,,,,,,,,,,,,,,,,,0,1,1
669,3sghcnhe,,0,0,12,,,,0,,,0,0,cfs9uxep,,,,,,0,0,1,669,sh_ha_fin,abstract,3,choice_3,,,,,,,,,,,,,,,0,1,1,669,,,,,,,,,,,,,,,,,,,,,,,,,,,,,0,1,1,669,,,,,,,,,,,,,,,,,,,,,,,,,,,,,,,,0,1,1
670,pk36afkb,,0,0,12,,,,0,,,0,0,cfs9uxep,,,,,,0,0,1,670,su_sev_fin,abstract,4,choice_4,,,,,,,,,,,,,,,0,1,1,670,,,,,,,,,,,,,,,,,,,,,,,,,,,,,0,1,1,670,,,,,,,,,,,,,,,,,,,,,,,,,,,,,,,,0,1,1
671,7n45n1r6,,0,0,12,,,,0,,,0,0,cfs9uxep,,,,,,0,0,1,671,sh_sev_fin,abstract,3,choice_3,,,,,,,,,,,,,,,0,1,1,671,,,,,,,,,,,,,,,,,,,,,,,,,,,,,0,1,1,671,,,,,,,,,,,,,,,,,,,,,,,,,,,,,,,,0,1,1
672,g72fkh0c,,0,0,12,,,,0,,,0,0,cfs9uxep,,,,,,0,0,1,672,sh_sev_fin,abstract,2,choice_2,,,,,,,,,,,,,,,0,1,1,672,,,,,,,,,,,,,,,,,,,,,,,,,,,,,0,1,1,672,,,,,,,,,,,,,,,,,,,,,,,,,,,,,,,,0,1,1
673,k896qgcw,,0,0,12,,,,0,,,0,0,cfs9uxep,,,,,,0,0,1,673,sh_sev_fin,abstract,1,choice_1,,,,,,,,,,,,,,,0,1,1,673,,,,,,,,,,,,,,,,,,,,,,,,,,,,,0,1,1,673,,,,,,,,,,,,,,,,,,,,,,,,,,,,,,,,0,1,1
674,wngko7z0,,0,0,12,,,,0,,,0,0,cfs9uxep,,,,,,0,0,1,674,su_sev_fin,abstract,4,choice_4,,,,,,,,,,,,,,,0,1,1,674,,,,,,,,,,,,,,,,,,,,,,,,,,,,,0,1,1,674,,,,,,,,,,,,,,,,,,,,,,,,,,,,,,,,0,1,1
675,m9w4ee4z,,0,0,12,,,,0,,,0,0,cfs9uxep,,,,,,0,0,1,675,su_ha_fin,abstract,1,choice_1,,,,,,,,,,,,,,,0,1,1,675,,,,,,,,,,,,,,,,,,,,,,,,,,,,,0,1,1,675,,,,,,,,,,,,,,,,,,,,,,,,,,,,,,,,0,1,1
676,ukdzkyr3,,0,0,12,,,,0,,,0,0,cfs9uxep,,,,,,0,0,1,676,su_sev_fin,abstract,2,choice_2,,,,,,,,,,,,,,,0,1,1,676,,,,,,,,,,,,,,,,,,,,,,,,,,,,,0,1,1,676,,,,,,,,,,,,,,,,,,,,,,,,,,,,,,,,0,1,1
677,3zmzdyto,,0,0,12,,,,0,,,0,0,cfs9uxep,,,,,,0,0,1,677,sh_sev_fin,abstract,2,choice_2,,,,,,,,,,,,,,,0,1,1,677,,,,,,,,,,,,,,,,,,,,,,,,,,,,,0,1,1,677,,,,,,,,,,,,,,,,,,,,,,,,,,,,,,,,0,1,1
678,qnm7ksmk,,0,0,12,,,,0,,,0,0,cfs9uxep,,,,,,0,0,1,678,su_sev_fin,abstract,3,choice_3,,,,,,,,,,,,,,,0,1,1,678,,,,,,,,,,,,,,,,,,,,,,,,,,,,,0,1,1,678,,,,,,,,,,,,,,,,,,,,,,,,,,,,,,,,0,1,1
679,pibuqdjz,,0,0,12,,,,0,,,0,0,cfs9uxep,,,,,,0,0,1,679,sh_ha_fin,abstract,3,choice_3,,,,,,,,,,,,,,,0,1,1,679,,,,,,,,,,,,,,,,,,,,,,,,,,,,,0,1,1,679,,,,,,,,,,,,,,,,,,,,,,,,,,,,,,,,0,1,1
680,0vombm1k,,0,0,12,,,,0,,,0,0,cfs9uxep,,,,,,0,0,1,680,su_sev_fin,abstract,3,choice_3,,,,,,,,,,,,,,,0,1,1,680,,,,,,,,,,,,,,,,,,,,,,,,,,,,,0,1,1,680,,,,,,,,,,,,,,,,,,,,,,,,,,,,,,,,0,1,1
681,n0morsrq,,0,0,12,,,,0,,,0,0,cfs9uxep,,,,,,0,0,1,681,sh_ha_fin,abstract,2,choice_2,,,,,,,,,,,,,,,0,1,1,681,,,,,,,,,,,,,,,,,,,,,,,,,,,,,0,1,1,681,,,,,,,,,,,,,,,,,,,,,,,,,,,,,,,,0,1,1
682,vafwju7k,,0,0,12,,,,0,,,0,0,cfs9uxep,,,,,,0,0,1,682,su_sev_fin,abstract,1,choice_1,,,,,,,,,,,,,,,0,1,1,682,,,,,,,,,,,,,,,,,,,,,,,,,,,,,0,1,1,682,,,,,,,,,,,,,,,,,,,,,,,,,,,,,,,,0,1,1
683,lmp7akww,,0,0,12,,,,0,,,0,0,cfs9uxep,,,,,,0,0,1,683,sh_ha_fin,abstract,2,choice_2,,,,,,,,,,,,,,,0,1,1,683,,,,,,,,,,,,,,,,,,,,,,,,,,,,,0,1,1,683,,,,,,,,,,,,,,,,,,,,,,,,,,,,,,,,0,1,1
684,uaqqvzm1,,0,0,12,,,,0,,,0,0,cfs9uxep,,,,,,0,0,1,684,sh_ha_fin,abstract,1,choice_1,,,,,,,,,,,,,,,0,1,1,684,,,,,,,,,,,,,,,,,,,,,,,,,,,,,0,1,1,684,,,,,,,,,,,,,,,,,,,,,,,,,,,,,,,,0,1,1
685,mr9rrb6r,,0,0,12,,,,0,,,0,0,cfs9uxep,,,,,,0,0,1,685,sh_sev_fin,abstract,3,choice_3,,,,,,,,,,,,,,,0,1,1,685,,,,,,,,,,,,,,,,,,,,,,,,,,,,,0,1,1,685,,,,,,,,,,,,,,,,,,,,,,,,,,,,,,,,0,1,1
686,04os0srx,,0,0,12,,,,0,,,0,0,cfs9uxep,,,,,,0,0,1,686,su_ha_fin,abstract,1,choice_1,,,,,,,,,,,,,,,0,1,1,686,,,,,,,,,,,,,,,,,,,,,,,,,,,,,0,1,1,686,,,,,,,,,,,,,,,,,,,,,,,,,,,,,,,,0,1,1
687,j4yq2vwg,,0,0,12,,,,0,,,0,0,cfs9uxep,,,,,,0,0,1,687,su_sev_fin,abstract,1,choice_1,,,,,,,,,,,,,,,0,1,1,687,,,,,,,,,,,,,,,,,,,,,,,,,,,,,0,1,1,687,,,,,,,,,,,,,,,,,,,,,,,,,,,,,,,,0,1,1
688,ryicri7n,,0,0,12,,,,0,,,0,0,cfs9uxep,,,,,,0,0,1,688,su_sev_fin,abstract,4,choice_4,,,,,,,,,,,,,,,0,1,1,688,,,,,,,,,,,,,,,,,,,,,,,,,,,,,0,1,1,688,,,,,,,,,,,,,,,,,,,,,,,,,,,,,,,,0,1,1
689,vacu46z4,,0,0,12,,,,0,,,0,0,cfs9uxep,,,,,,0,0,1,689,su_ha_fin,abstract,1,choice_1,,,,,,,,,,,,,,,0,1,1,689,,,,,,,,,,,,,,,,,,,,,,,,,,,,,0,1,1,689,,,,,,,,,,,,,,,,,,,,,,,,,,,,,,,,0,1,1
690,ghugtd0d,,0,0,12,,,,0,,,0,0,cfs9uxep,,,,,,0,0,1,690,su_sev_fin,abstract,1,choice_1,,,,,,,,,,,,,,,0,1,1,690,,,,,,,,,,,,,,,,,,,,,,,,,,,,,0,1,1,690,,,,,,,,,,,,,,,,,,,,,,,,,,,,,,,,0,1,1
691,wz0aconm,,0,0,12,,,,0,,,0,0,cfs9uxep,,,,,,0,0,1,691,su_sev_fin,abstract,2,choice_2,,,,,,,,,,,,,,,0,1,1,691,,,,,,,,,,,,,,,,,,,,,,,,,,,,,0,1,1,691,,,,,,,,,,,,,,,,,,,,,,,,,,,,,,,,0,1,1
692,dh7f9sio,,0,0,12,,,,0,,,0,0,cfs9uxep,,,,,,0,0,1,692,sh_sev_fin,abstract,2,choice_2,,,,,,,,,,,,,,,0,1,1,692,,,,,,,,,,,,,,,,,,,,,,,,,,,,,0,1,1,692,,,,,,,,,,,,,,,,,,,,,,,,,,,,,,,,0,1,1
693,csi4hm6g,,0,0,12,,,,0,,,0,0,cfs9uxep,,,,,,0,0,1,693,sh_ha_fin,abstract,3,choice_3,,,,,,,,,,,,,,,0,1,1,693,,,,,,,,,,,,,,,,,,,,,,,,,,,,,0,1,1,693,,,,,,,,,,,,,,,,,,,,,,,,,,,,,,,,0,1,1
694,z6oerf24,,0,0,12,,,,0,,,0,0,cfs9uxep,,,,,,0,0,1,694,su_ha_fin,abstract,2,choice_2,,,,,,,,,,,,,,,0,1,1,694,,,,,,,,,,,,,,,,,,,,,,,,,,,,,0,1,1,694,,,,,,,,,,,,,,,,,,,,,,,,,,,,,,,,0,1,1
695,cjsgfl5g,,0,0,12,,,,0,,,0,0,cfs9uxep,,,,,,0,0,1,695,sh_ha_fin,abstract,3,choice_3,,,,,,,,,,,,,,,0,1,1,695,,,,,,,,,,,,,,,,,,,,,,,,,,,,,0,1,1,695,,,,,,,,,,,,,,,,,,,,,,,,,,,,,,,,0,1,1
696,6seftqw0,,0,0,12,,,,0,,,0,0,cfs9uxep,,,,,,0,0,1,696,sh_ha_fin,abstract,2,choice_2,,,,,,,,,,,,,,,0,1,1,696,,,,,,,,,,,,,,,,,,,,,,,,,,,,,0,1,1,696,,,,,,,,,,,,,,,,,,,,,,,,,,,,,,,,0,1,1
697,b5j2niz2,,0,0,12,,,,0,,,0,0,cfs9uxep,,,,,,0,0,1,697,su_ha_fin,abstract,4,choice_4,,,,,,,,,,,,,,,0,1,1,697,,,,,,,,,,,,,,,,,,,,,,,,,,,,,0,1,1,697,,,,,,,,,,,,,,,,,,,,,,,,,,,,,,,,0,1,1
698,7jqgcs7a,,0,0,12,,,,0,,,0,0,cfs9uxep,,,,,,0,0,1,698,sh_sev_fin,abstract,3,choice_3,,,,,,,,,,,,,,,0,1,1,698,,,,,,,,,,,,,,,,,,,,,,,,,,,,,0,1,1,698,,,,,,,,,,,,,,,,,,,,,,,,,,,,,,,,0,1,1
699,m43iony4,,0,0,12,,,,0,,,0,0,cfs9uxep,,,,,,0,0,1,699,su_sev_fin,abstract,2,choice_2,,,,,,,,,,,,,,,0,1,1,699,,,,,,,,,,,,,,,,,,,,,,,,,,,,,0,1,1,699,,,,,,,,,,,,,,,,,,,,,,,,,,,,,,,,0,1,1
700,y5418cq8,,0,0,12,,,,0,,,0,0,cfs9uxep,,,,,,0,0,1,700,su_ha_fin,abstract,4,choice_4,,,,,,,,,,,,,,,0,1,1,700,,,,,,,,,,,,,,,,,,,,,,,,,,,,,0,1,1,700,,,,,,,,,,,,,,,,,,,,,,,,,,,,,,,,0,1,1
701,my1kj11l,,0,0,12,,,,0,,,0,0,cfs9uxep,,,,,,0,0,1,701,su_sev_fin,abstract,2,choice_2,,,,,,,,,,,,,,,0,1,1,701,,,,,,,,,,,,,,,,,,,,,,,,,,,,,0,1,1,701,,,,,,,,,,,,,,,,,,,,,,,,,,,,,,,,0,1,1
702,046h49ur,,0,0,12,,,,0,,,0,0,cfs9uxep,,,,,,0,0,1,702,sh_ha_fin,abstract,2,choice_2,,,,,,,,,,,,,,,0,1,1,702,,,,,,,,,,,,,,,,,,,,,,,,,,,,,0,1,1,702,,,,,,,,,,,,,,,,,,,,,,,,,,,,,,,,0,1,1
703,w5qatxmj,,0,0,12,,,,0,,,0,0,cfs9uxep,,,,,,0,0,1,703,sh_sev_fin,abstract,3,choice_3,,,,,,,,,,,,,,,0,1,1,703,,,,,,,,,,,,,,,,,,,,,,,,,,,,,0,1,1,703,,,,,,,,,,,,,,,,,,,,,,,,,,,,,,,,0,1,1
704,2ii8wy33,,0,0,12,,,,0,,,0,0,cfs9uxep,,,,,,0,0,1,704,su_sev_fin,abstract,1,choice_1,,,,,,,,,,,,,,,0,1,1,704,,,,,,,,,,,,,,,,,,,,,,,,,,,,,0,1,1,704,,,,,,,,,,,,,,,,,,,,,,,,,,,,,,,,0,1,1
705,95ovq27b,,0,0,12,,,,0,,,0,0,cfs9uxep,,,,,,0,0,1,705,sh_sev_fin,abstract,4,choice_4,,,,,,,,,,,,,,,0,1,1,705,,,,,,,,,,,,,,,,,,,,,,,,,,,,,0,1,1,705,,,,,,,,,,,,,,,,,,,,,,,,,,,,,,,,0,1,1
706,1u6pzl7l,,0,0,12,,,,0,,,0,0,cfs9uxep,,,,,,0,0,1,706,su_ha_fin,abstract,1,choice_1,,,,,,,,,,,,,,,0,1,1,706,,,,,,,,,,,,,,,,,,,,,,,,,,,,,0,1,1,706,,,,,,,,,,,,,,,,,,,,,,,,,,,,,,,,0,1,1
707,yzr11jni,,0,0,12,,,,0,,,0,0,cfs9uxep,,,,,,0,0,1,707,sh_sev_fin,abstract,2,choice_2,,,,,,,,,,,,,,,0,1,1,707,,,,,,,,,,,,,,,,,,,,,,,,,,,,,0,1,1,707,,,,,,,,,,,,,,,,,,,,,,,,,,,,,,,,0,1,1
708,7jey9ais,,0,0,12,,,,0,,,0,0,cfs9uxep,,,,,,0,0,1,708,sh_sev_fin,abstract,1,choice_1,,,,,,,,,,,,,,,0,1,1,708,,,,,,,,,,,,,,,,,,,,,,,,,,,,,0,1,1,708,,,,,,,,,,,,,,,,,,,,,,,,,,,,,,,,0,1,1
709,jath609u,,0,0,12,,,,0,,,0,0,cfs9uxep,,,,,,0,0,1,709,su_sev_fin,abstract,1,choice_1,,,,,,,,,,,,,,,0,1,1,709,,,,,,,,,,,,,,,,,,,,,,,,,,,,,0,1,1,709,,,,,,,,,,,,,,,,,,,,,,,,,,,,,,,,0,1,1
710,rq80imcq,,0,0,12,,,,0,,,0,0,cfs9uxep,,,,,,0,0,1,710,su_sev_fin,abstract,3,choice_3,,,,,,,,,,,,,,,0,1,1,710,,,,,,,,,,,,,,,,,,,,,,,,,,,,,0,1,1,710,,,,,,,,,,,,,,,,,,,,,,,,,,,,,,,,0,1,1
711,1df56plz,,0,0,12,,,,0,,,0,0,cfs9uxep,,,,,,0,0,1,711,su_sev_fin,abstract,4,choice_4,,,,,,,,,,,,,,,0,1,1,711,,,,,,,,,,,,,,,,,,,,,,,,,,,,,0,1,1,711,,,,,,,,,,,,,,,,,,,,,,,,,,,,,,,,0,1,1
712,aam5lwf3,,0,0,12,,,,0,,,0,0,cfs9uxep,,,,,,0,0,1,712,su_sev_fin,abstract,2,choice_2,,,,,,,,,,,,,,,0,1,1,712,,,,,,,,,,,,,,,,,,,,,,,,,,,,,0,1,1,712,,,,,,,,,,,,,,,,,,,,,,,,,,,,,,,,0,1,1
713,aqitne5o,,0,0,12,,,,0,,,0,0,cfs9uxep,,,,,,0,0,1,713,sh_ha_fin,abstract,4,choice_4,,,,,,,,,,,,,,,0,1,1,713,,,,,,,,,,,,,,,,,,,,,,,,,,,,,0,1,1,713,,,,,,,,,,,,,,,,,,,,,,,,,,,,,,,,0,1,1
714,3e21d0ld,,0,0,12,,,,0,,,0,0,cfs9uxep,,,,,,0,0,1,714,su_ha_fin,abstract,4,choice_4,,,,,,,,,,,,,,,0,1,1,714,,,,,,,,,,,,,,,,,,,,,,,,,,,,,0,1,1,714,,,,,,,,,,,,,,,,,,,,,,,,,,,,,,,,0,1,1
715,wu27apda,,0,0,12,,,,0,,,0,0,cfs9uxep,,,,,,0,0,1,715,sh_sev_fin,abstract,4,choice_4,,,,,,,,,,,,,,,0,1,1,715,,,,,,,,,,,,,,,,,,,,,,,,,,,,,0,1,1,715,,,,,,,,,,,,,,,,,,,,,,,,,,,,,,,,0,1,1
716,9mu84gzf,,0,0,12,,,,0,,,0,0,cfs9uxep,,,,,,0,0,1,716,su_sev_fin,abstract,3,choice_3,,,,,,,,,,,,,,,0,1,1,716,,,,,,,,,,,,,,,,,,,,,,,,,,,,,0,1,1,716,,,,,,,,,,,,,,,,,,,,,,,,,,,,,,,,0,1,1
717,s2m4lrxx,,0,0,12,,,,0,,,0,0,cfs9uxep,,,,,,0,0,1,717,su_sev_fin,abstract,2,choice_2,,,,,,,,,,,,,,,0,1,1,717,,,,,,,,,,,,,,,,,,,,,,,,,,,,,0,1,1,717,,,,,,,,,,,,,,,,,,,,,,,,,,,,,,,,0,1,1
718,fcr0lhgd,,0,0,12,,,,0,,,0,0,cfs9uxep,,,,,,0,0,1,718,su_sev_fin,abstract,2,choice_2,,,,,,,,,,,,,,,0,1,1,718,,,,,,,,,,,,,,,,,,,,,,,,,,,,,0,1,1,718,,,,,,,,,,,,,,,,,,,,,,,,,,,,,,,,0,1,1
719,rg94el1y,,0,0,12,,,,0,,,0,0,cfs9uxep,,,,,,0,0,1,719,sh_sev_fin,abstract,3,choice_3,,,,,,,,,,,,,,,0,1,1,719,,,,,,,,,,,,,,,,,,,,,,,,,,,,,0,1,1,719,,,,,,,,,,,,,,,,,,,,,,,,,,,,,,,,0,1,1
720,u2pukf27,,0,0,12,,,,0,,,0,0,cfs9uxep,,,,,,0,0,1,720,su_sev_fin,abstract,1,choice_1,,,,,,,,,,,,,,,0,1,1,720,,,,,,,,,,,,,,,,,,,,,,,,,,,,,0,1,1,720,,,,,,,,,,,,,,,,,,,,,,,,,,,,,,,,0,1,1
721,kj8yfigd,,0,0,12,,,,0,,,0,0,cfs9uxep,,,,,,0,0,1,721,sh_sev_fin,abstract,2,choice_2,,,,,,,,,,,,,,,0,1,1,721,,,,,,,,,,,,,,,,,,,,,,,,,,,,,0,1,1,721,,,,,,,,,,,,,,,,,,,,,,,,,,,,,,,,0,1,1
722,9e7z5k4l,,0,0,12,,,,0,,,0,0,cfs9uxep,,,,,,0,0,1,722,su_ha_fin,abstract,1,choice_1,,,,,,,,,,,,,,,0,1,1,722,,,,,,,,,,,,,,,,,,,,,,,,,,,,,0,1,1,722,,,,,,,,,,,,,,,,,,,,,,,,,,,,,,,,0,1,1
723,8utg6iij,,0,0,12,,,,0,,,0,0,cfs9uxep,,,,,,0,0,1,723,su_ha_fin,abstract,1,choice_1,,,,,,,,,,,,,,,0,1,1,723,,,,,,,,,,,,,,,,,,,,,,,,,,,,,0,1,1,723,,,,,,,,,,,,,,,,,,,,,,,,,,,,,,,,0,1,1
724,9miu7624,,0,0,12,,,,0,,,0,0,cfs9uxep,,,,,,0,0,1,724,sh_sev_fin,abstract,4,choice_4,,,,,,,,,,,,,,,0,1,1,724,,,,,,,,,,,,,,,,,,,,,,,,,,,,,0,1,1,724,,,,,,,,,,,,,,,,,,,,,,,,,,,,,,,,0,1,1
725,hlknz3z0,,0,0,12,,,,0,,,0,0,cfs9uxep,,,,,,0,0,1,725,sh_ha_fin,abstract,1,choice_1,,,,,,,,,,,,,,,0,1,1,725,,,,,,,,,,,,,,,,,,,,,,,,,,,,,0,1,1,725,,,,,,,,,,,,,,,,,,,,,,,,,,,,,,,,0,1,1
726,qs24cczx,,0,0,12,,,,0,,,0,0,cfs9uxep,,,,,,0,0,1,726,su_sev_fin,abstract,3,choice_3,,,,,,,,,,,,,,,0,1,1,726,,,,,,,,,,,,,,,,,,,,,,,,,,,,,0,1,1,726,,,,,,,,,,,,,,,,,,,,,,,,,,,,,,,,0,1,1
727,kb8pxleu,,0,0,12,,,,0,,,0,0,cfs9uxep,,,,,,0,0,1,727,sh_sev_fin,abstract,3,choice_3,,,,,,,,,,,,,,,0,1,1,727,,,,,,,,,,,,,,,,,,,,,,,,,,,,,0,1,1,727,,,,,,,,,,,,,,,,,,,,,,,,,,,,,,,,0,1,1
728,xgyty09y,,0,0,12,,,,0,,,0,0,cfs9uxep,,,,,,0,0,1,728,sh_sev_fin,abstract,1,choice_1,,,,,,,,,,,,,,,0,1,1,728,,,,,,,,,,,,,,,,,,,,,,,,,,,,,0,1,1,728,,,,,,,,,,,,,,,,,,,,,,,,,,,,,,,,0,1,1
729,mup51wj5,,0,0,12,,,,0,,,0,0,cfs9uxep,,,,,,0,0,1,729,su_ha_fin,abstract,3,choice_3,,,,,,,,,,,,,,,0,1,1,729,,,,,,,,,,,,,,,,,,,,,,,,,,,,,0,1,1,729,,,,,,,,,,,,,,,,,,,,,,,,,,,,,,,,0,1,1
730,6kshsidl,,0,0,12,,,,0,,,0,0,cfs9uxep,,,,,,0,0,1,730,sh_sev_fin,abstract,2,choice_2,,,,,,,,,,,,,,,0,1,1,730,,,,,,,,,,,,,,,,,,,,,,,,,,,,,0,1,1,730,,,,,,,,,,,,,,,,,,,,,,,,,,,,,,,,0,1,1
731,r31wbk65,,0,0,12,,,,0,,,0,0,cfs9uxep,,,,,,0,0,1,731,su_ha_fin,abstract,1,choice_1,,,,,,,,,,,,,,,0,1,1,731,,,,,,,,,,,,,,,,,,,,,,,,,,,,,0,1,1,731,,,,,,,,,,,,,,,,,,,,,,,,,,,,,,,,0,1,1
732,znn3leta,,0,0,12,,,,0,,,0,0,cfs9uxep,,,,,,0,0,1,732,su_ha_fin,abstract,3,choice_3,,,,,,,,,,,,,,,0,1,1,732,,,,,,,,,,,,,,,,,,,,,,,,,,,,,0,1,1,732,,,,,,,,,,,,,,,,,,,,,,,,,,,,,,,,0,1,1
733,v2ssvu16,,0,0,12,,,,0,,,0,0,cfs9uxep,,,,,,0,0,1,733,su_sev_fin,abstract,3,choice_3,,,,,,,,,,,,,,,0,1,1,733,,,,,,,,,,,,,,,,,,,,,,,,,,,,,0,1,1,733,,,,,,,,,,,,,,,,,,,,,,,,,,,,,,,,0,1,1
734,e180dlfo,,0,0,12,,,,0,,,0,0,cfs9uxep,,,,,,0,0,1,734,sh_sev_fin,abstract,2,choice_2,,,,,,,,,,,,,,,0,1,1,734,,,,,,,,,,,,,,,,,,,,,,,,,,,,,0,1,1,734,,,,,,,,,,,,,,,,,,,,,,,,,,,,,,,,0,1,1
735,53k8it3p,,0,0,12,,,,0,,,0,0,cfs9uxep,,,,,,0,0,1,735,sh_sev_fin,abstract,1,choice_1,,,,,,,,,,,,,,,0,1,1,735,,,,,,,,,,,,,,,,,,,,,,,,,,,,,0,1,1,735,,,,,,,,,,,,,,,,,,,,,,,,,,,,,,,,0,1,1
736,taf04ao6,,0,0,12,,,,0,,,0,0,cfs9uxep,,,,,,0,0,1,736,su_sev_fin,abstract,3,choice_3,,,,,,,,,,,,,,,0,1,1,736,,,,,,,,,,,,,,,,,,,,,,,,,,,,,0,1,1,736,,,,,,,,,,,,,,,,,,,,,,,,,,,,,,,,0,1,1
737,fsxyitet,,0,0,12,,,,0,,,0,0,cfs9uxep,,,,,,0,0,1,737,sh_sev_fin,abstract,4,choice_4,,,,,,,,,,,,,,,0,1,1,737,,,,,,,,,,,,,,,,,,,,,,,,,,,,,0,1,1,737,,,,,,,,,,,,,,,,,,,,,,,,,,,,,,,,0,1,1
738,l0bo72l6,,0,0,12,,,,0,,,0,0,cfs9uxep,,,,,,0,0,1,738,sh_ha_fin,abstract,4,choice_4,,,,,,,,,,,,,,,0,1,1,738,,,,,,,,,,,,,,,,,,,,,,,,,,,,,0,1,1,738,,,,,,,,,,,,,,,,,,,,,,,,,,,,,,,,0,1,1
739,ylhj5v4p,,0,0,12,,,,0,,,0,0,cfs9uxep,,,,,,0,0,1,739,su_ha_fin,abstract,4,choice_4,,,,,,,,,,,,,,,0,1,1,739,,,,,,,,,,,,,,,,,,,,,,,,,,,,,0,1,1,739,,,,,,,,,,,,,,,,,,,,,,,,,,,,,,,,0,1,1
740,5pdckd5u,,0,0,12,,,,0,,,0,0,cfs9uxep,,,,,,0,0,1,740,su_ha_fin,abstract,1,choice_1,,,,,,,,,,,,,,,0,1,1,740,,,,,,,,,,,,,,,,,,,,,,,,,,,,,0,1,1,740,,,,,,,,,,,,,,,,,,,,,,,,,,,,,,,,0,1,1
741,t8s9tebe,,0,0,12,,,,0,,,0,0,cfs9uxep,,,,,,0,0,1,741,sh_sev_fin,abstract,4,choice_4,,,,,,,,,,,,,,,0,1,1,741,,,,,,,,,,,,,,,,,,,,,,,,,,,,,0,1,1,741,,,,,,,,,,,,,,,,,,,,,,,,,,,,,,,,0,1,1
742,bpzznc1w,,0,0,12,,,,0,,,0,0,cfs9uxep,,,,,,0,0,1,742,sh_ha_fin,abstract,1,choice_1,,,,,,,,,,,,,,,0,1,1,742,,,,,,,,,,,,,,,,,,,,,,,,,,,,,0,1,1,742,,,,,,,,,,,,,,,,,,,,,,,,,,,,,,,,0,1,1
743,11fxthzb,,0,0,12,,,,0,,,0,0,cfs9uxep,,,,,,0,0,1,743,sh_ha_fin,abstract,1,choice_1,,,,,,,,,,,,,,,0,1,1,743,,,,,,,,,,,,,,,,,,,,,,,,,,,,,0,1,1,743,,,,,,,,,,,,,,,,,,,,,,,,,,,,,,,,0,1,1
744,heb8tmvf,,0,0,12,,,,0,,,0,0,cfs9uxep,,,,,,0,0,1,744,sh_sev_fin,abstract,2,choice_2,,,,,,,,,,,,,,,0,1,1,744,,,,,,,,,,,,,,,,,,,,,,,,,,,,,0,1,1,744,,,,,,,,,,,,,,,,,,,,,,,,,,,,,,,,0,1,1
745,5jrkawgc,,0,0,12,,,,0,,,0,0,cfs9uxep,,,,,,0,0,1,745,sh_sev_fin,abstract,1,choice_1,,,,,,,,,,,,,,,0,1,1,745,,,,,,,,,,,,,,,,,,,,,,,,,,,,,0,1,1,745,,,,,,,,,,,,,,,,,,,,,,,,,,,,,,,,0,1,1
746,xus72qiu,,0,0,12,,,,0,,,0,0,cfs9uxep,,,,,,0,0,1,746,sh_ha_fin,abstract,1,choice_1,,,,,,,,,,,,,,,0,1,1,746,,,,,,,,,,,,,,,,,,,,,,,,,,,,,0,1,1,746,,,,,,,,,,,,,,,,,,,,,,,,,,,,,,,,0,1,1
747,xsn74n33,,0,0,12,,,,0,,,0,0,cfs9uxep,,,,,,0,0,1,747,sh_ha_fin,abstract,3,choice_3,,,,,,,,,,,,,,,0,1,1,747,,,,,,,,,,,,,,,,,,,,,,,,,,,,,0,1,1,747,,,,,,,,,,,,,,,,,,,,,,,,,,,,,,,,0,1,1
748,rnhynho0,,0,0,12,,,,0,,,0,0,cfs9uxep,,,,,,0,0,1,748,sh_ha_fin,abstract,1,choice_1,,,,,,,,,,,,,,,0,1,1,748,,,,,,,,,,,,,,,,,,,,,,,,,,,,,0,1,1,748,,,,,,,,,,,,,,,,,,,,,,,,,,,,,,,,0,1,1
749,4xj9qryi,,0,0,12,,,,0,,,0,0,cfs9uxep,,,,,,0,0,1,749,sh_ha_fin,abstract,1,choice_1,,,,,,,,,,,,,,,0,1,1,749,,,,,,,,,,,,,,,,,,,,,,,,,,,,,0,1,1,749,,,,,,,,,,,,,,,,,,,,,,,,,,,,,,,,0,1,1
750,qhuiiypt,,0,0,12,,,,0,,,0,0,cfs9uxep,,,,,,0,0,1,750,sh_ha_fin,abstract,4,choice_4,,,,,,,,,,,,,,,0,1,1,750,,,,,,,,,,,,,,,,,,,,,,,,,,,,,0,1,1,750,,,,,,,,,,,,,,,,,,,,,,,,,,,,,,,,0,1,1
751,pifftl1l,,0,0,12,,,,0,,,0,0,cfs9uxep,,,,,,0,0,1,751,su_ha_fin,abstract,1,choice_1,,,,,,,,,,,,,,,0,1,1,751,,,,,,,,,,,,,,,,,,,,,,,,,,,,,0,1,1,751,,,,,,,,,,,,,,,,,,,,,,,,,,,,,,,,0,1,1
752,a388ohd3,,0,0,12,,,,0,,,0,0,cfs9uxep,,,,,,0,0,1,752,sh_sev_fin,abstract,2,choice_2,,,,,,,,,,,,,,,0,1,1,752,,,,,,,,,,,,,,,,,,,,,,,,,,,,,0,1,1,752,,,,,,,,,,,,,,,,,,,,,,,,,,,,,,,,0,1,1
753,c12q6i2k,,0,0,12,,,,0,,,0,0,cfs9uxep,,,,,,0,0,1,753,sh_sev_fin,abstract,1,choice_1,,,,,,,,,,,,,,,0,1,1,753,,,,,,,,,,,,,,,,,,,,,,,,,,,,,0,1,1,753,,,,,,,,,,,,,,,,,,,,,,,,,,,,,,,,0,1,1
754,lwbb7bew,,0,0,12,,,,0,,,0,0,cfs9uxep,,,,,,0,0,1,754,sh_sev_fin,abstract,1,choice_1,,,,,,,,,,,,,,,0,1,1,754,,,,,,,,,,,,,,,,,,,,,,,,,,,,,0,1,1,754,,,,,,,,,,,,,,,,,,,,,,,,,,,,,,,,0,1,1
755,ca6fxrfm,,0,0,12,,,,0,,,0,0,cfs9uxep,,,,,,0,0,1,755,sh_ha_fin,abstract,4,choice_4,,,,,,,,,,,,,,,0,1,1,755,,,,,,,,,,,,,,,,,,,,,,,,,,,,,0,1,1,755,,,,,,,,,,,,,,,,,,,,,,,,,,,,,,,,0,1,1
756,hhe454z3,,0,0,12,,,,0,,,0,0,cfs9uxep,,,,,,0,0,1,756,su_sev_fin,abstract,3,choice_3,,,,,,,,,,,,,,,0,1,1,756,,,,,,,,,,,,,,,,,,,,,,,,,,,,,0,1,1,756,,,,,,,,,,,,,,,,,,,,,,,,,,,,,,,,0,1,1
757,oetd0wip,,0,0,12,,,,0,,,0,0,cfs9uxep,,,,,,0,0,1,757,su_sev_fin,abstract,3,choice_3,,,,,,,,,,,,,,,0,1,1,757,,,,,,,,,,,,,,,,,,,,,,,,,,,,,0,1,1,757,,,,,,,,,,,,,,,,,,,,,,,,,,,,,,,,0,1,1
758,hjhp7148,,0,0,12,,,,0,,,0,0,cfs9uxep,,,,,,0,0,1,758,su_ha_fin,abstract,2,choice_2,,,,,,,,,,,,,,,0,1,1,758,,,,,,,,,,,,,,,,,,,,,,,,,,,,,0,1,1,758,,,,,,,,,,,,,,,,,,,,,,,,,,,,,,,,0,1,1
759,h7h9avbl,,0,0,12,,,,0,,,0,0,cfs9uxep,,,,,,0,0,1,759,sh_sev_fin,abstract,3,choice_3,,,,,,,,,,,,,,,0,1,1,759,,,,,,,,,,,,,,,,,,,,,,,,,,,,,0,1,1,759,,,,,,,,,,,,,,,,,,,,,,,,,,,,,,,,0,1,1
760,gfeni1nv,,0,0,12,,,,0,,,0,0,cfs9uxep,,,,,,0,0,1,760,su_ha_fin,abstract,1,choice_1,,,,,,,,,,,,,,,0,1,1,760,,,,,,,,,,,,,,,,,,,,,,,,,,,,,0,1,1,760,,,,,,,,,,,,,,,,,,,,,,,,,,,,,,,,0,1,1
761,3trejekh,,0,0,12,,,,0,,,0,0,cfs9uxep,,,,,,0,0,1,761,su_sev_fin,abstract,4,choice_4,,,,,,,,,,,,,,,0,1,1,761,,,,,,,,,,,,,,,,,,,,,,,,,,,,,0,1,1,761,,,,,,,,,,,,,,,,,,,,,,,,,,,,,,,,0,1,1
762,8d3omaxd,,0,0,12,,,,0,,,0,0,cfs9uxep,,,,,,0,0,1,762,sh_sev_fin,abstract,3,choice_3,,,,,,,,,,,,,,,0,1,1,762,,,,,,,,,,,,,,,,,,,,,,,,,,,,,0,1,1,762,,,,,,,,,,,,,,,,,,,,,,,,,,,,,,,,0,1,1
763,kgwt41c1,,0,0,12,,,,0,,,0,0,cfs9uxep,,,,,,0,0,1,763,su_sev_fin,abstract,4,choice_4,,,,,,,,,,,,,,,0,1,1,763,,,,,,,,,,,,,,,,,,,,,,,,,,,,,0,1,1,763,,,,,,,,,,,,,,,,,,,,,,,,,,,,,,,,0,1,1
764,a3zrbrvm,,0,0,12,,,,0,,,0,0,cfs9uxep,,,,,,0,0,1,764,sh_sev_fin,abstract,4,choice_4,,,,,,,,,,,,,,,0,1,1,764,,,,,,,,,,,,,,,,,,,,,,,,,,,,,0,1,1,764,,,,,,,,,,,,,,,,,,,,,,,,,,,,,,,,0,1,1
765,ycs76yav,,0,0,12,,,,0,,,0,0,cfs9uxep,,,,,,0,0,1,765,su_sev_fin,abstract,4,choice_4,,,,,,,,,,,,,,,0,1,1,765,,,,,,,,,,,,,,,,,,,,,,,,,,,,,0,1,1,765,,,,,,,,,,,,,,,,,,,,,,,,,,,,,,,,0,1,1
766,pusie0vw,,0,0,12,,,,0,,,0,0,cfs9uxep,,,,,,0,0,1,766,sh_sev_fin,abstract,3,choice_3,,,,,,,,,,,,,,,0,1,1,766,,,,,,,,,,,,,,,,,,,,,,,,,,,,,0,1,1,766,,,,,,,,,,,,,,,,,,,,,,,,,,,,,,,,0,1,1
767,vixd2dp8,,0,0,12,,,,0,,,0,0,cfs9uxep,,,,,,0,0,1,767,su_sev_fin,abstract,3,choice_3,,,,,,,,,,,,,,,0,1,1,767,,,,,,,,,,,,,,,,,,,,,,,,,,,,,0,1,1,767,,,,,,,,,,,,,,,,,,,,,,,,,,,,,,,,0,1,1
768,hdp6okjz,,0,0,12,,,,0,,,0,0,cfs9uxep,,,,,,0,0,1,768,sh_sev_fin,abstract,4,choice_4,,,,,,,,,,,,,,,0,1,1,768,,,,,,,,,,,,,,,,,,,,,,,,,,,,,0,1,1,768,,,,,,,,,,,,,,,,,,,,,,,,,,,,,,,,0,1,1
769,haiaoybz,,0,0,12,,,,0,,,0,0,cfs9uxep,,,,,,0,0,1,769,su_ha_fin,abstract,3,choice_3,,,,,,,,,,,,,,,0,1,1,769,,,,,,,,,,,,,,,,,,,,,,,,,,,,,0,1,1,769,,,,,,,,,,,,,,,,,,,,,,,,,,,,,,,,0,1,1
770,9k7omnri,,0,0,12,,,,0,,,0,0,cfs9uxep,,,,,,0,0,1,770,su_sev_fin,abstract,3,choice_3,,,,,,,,,,,,,,,0,1,1,770,,,,,,,,,,,,,,,,,,,,,,,,,,,,,0,1,1,770,,,,,,,,,,,,,,,,,,,,,,,,,,,,,,,,0,1,1
771,o4ovlvul,,0,0,12,,,,0,,,0,0,cfs9uxep,,,,,,0,0,1,771,su_ha_fin,abstract,4,choice_4,,,,,,,,,,,,,,,0,1,1,771,,,,,,,,,,,,,,,,,,,,,,,,,,,,,0,1,1,771,,,,,,,,,,,,,,,,,,,,,,,,,,,,,,,,0,1,1
772,y69vhpeq,,0,0,12,,,,0,,,0,0,cfs9uxep,,,,,,0,0,1,772,sh_sev_fin,abstract,3,choice_3,,,,,,,,,,,,,,,0,1,1,772,,,,,,,,,,,,,,,,,,,,,,,,,,,,,0,1,1,772,,,,,,,,,,,,,,,,,,,,,,,,,,,,,,,,0,1,1
773,go0p461x,,0,0,12,,,,0,,,0,0,cfs9uxep,,,,,,0,0,1,773,sh_ha_fin,abstract,1,choice_1,,,,,,,,,,,,,,,0,1,1,773,,,,,,,,,,,,,,,,,,,,,,,,,,,,,0,1,1,773,,,,,,,,,,,,,,,,,,,,,,,,,,,,,,,,0,1,1
774,tpy3jt62,,0,0,12,,,,0,,,0,0,cfs9uxep,,,,,,0,0,1,774,sh_sev_fin,abstract,3,choice_3,,,,,,,,,,,,,,,0,1,1,774,,,,,,,,,,,,,,,,,,,,,,,,,,,,,0,1,1,774,,,,,,,,,,,,,,,,,,,,,,,,,,,,,,,,0,1,1
775,wyfz85s0,,0,0,12,,,,0,,,0,0,cfs9uxep,,,,,,0,0,1,775,su_ha_fin,abstract,1,choice_1,,,,,,,,,,,,,,,0,1,1,775,,,,,,,,,,,,,,,,,,,,,,,,,,,,,0,1,1,775,,,,,,,,,,,,,,,,,,,,,,,,,,,,,,,,0,1,1
776,jkbm23y4,,0,0,12,,,,0,,,0,0,cfs9uxep,,,,,,0,0,1,776,su_sev_fin,abstract,4,choice_4,,,,,,,,,,,,,,,0,1,1,776,,,,,,,,,,,,,,,,,,,,,,,,,,,,,0,1,1,776,,,,,,,,,,,,,,,,,,,,,,,,,,,,,,,,0,1,1
777,mzdslh6p,,0,0,12,,,,0,,,0,0,cfs9uxep,,,,,,0,0,1,777,su_sev_fin,abstract,4,choice_4,,,,,,,,,,,,,,,0,1,1,777,,,,,,,,,,,,,,,,,,,,,,,,,,,,,0,1,1,777,,,,,,,,,,,,,,,,,,,,,,,,,,,,,,,,0,1,1
778,ke200jts,,0,0,12,,,,0,,,0,0,cfs9uxep,,,,,,0,0,1,778,sh_ha_fin,abstract,1,choice_1,,,,,,,,,,,,,,,0,1,1,778,,,,,,,,,,,,,,,,,,,,,,,,,,,,,0,1,1,778,,,,,,,,,,,,,,,,,,,,,,,,,,,,,,,,0,1,1
779,717lez1i,,0,0,12,,,,0,,,0,0,cfs9uxep,,,,,,0,0,1,779,su_ha_fin,abstract,1,choice_1,,,,,,,,,,,,,,,0,1,1,779,,,,,,,,,,,,,,,,,,,,,,,,,,,,,0,1,1,779,,,,,,,,,,,,,,,,,,,,,,,,,,,,,,,,0,1,1
780,m52itq35,,0,0,12,,,,0,,,0,0,cfs9uxep,,,,,,0,0,1,780,su_sev_fin,abstract,4,choice_4,,,,,,,,,,,,,,,0,1,1,780,,,,,,,,,,,,,,,,,,,,,,,,,,,,,0,1,1,780,,,,,,,,,,,,,,,,,,,,,,,,,,,,,,,,0,1,1
781,9b3ehss9,,0,0,12,,,,0,,,0,0,cfs9uxep,,,,,,0,0,1,781,sh_ha_fin,abstract,1,choice_1,,,,,,,,,,,,,,,0,1,1,781,,,,,,,,,,,,,,,,,,,,,,,,,,,,,0,1,1,781,,,,,,,,,,,,,,,,,,,,,,,,,,,,,,,,0,1,1
782,fkgfct45,,0,0,12,,,,0,,,0,0,cfs9uxep,,,,,,0,0,1,782,su_sev_fin,abstract,2,choice_2,,,,,,,,,,,,,,,0,1,1,782,,,,,,,,,,,,,,,,,,,,,,,,,,,,,0,1,1,782,,,,,,,,,,,,,,,,,,,,,,,,,,,,,,,,0,1,1
783,5i734cvh,,0,0,12,,,,0,,,0,0,cfs9uxep,,,,,,0,0,1,783,su_ha_fin,abstract,2,choice_2,,,,,,,,,,,,,,,0,1,1,783,,,,,,,,,,,,,,,,,,,,,,,,,,,,,0,1,1,783,,,,,,,,,,,,,,,,,,,,,,,,,,,,,,,,0,1,1
784,z3clydyg,,0,0,12,,,,0,,,0,0,cfs9uxep,,,,,,0,0,1,784,sh_sev_fin,abstract,1,choice_1,,,,,,,,,,,,,,,0,1,1,784,,,,,,,,,,,,,,,,,,,,,,,,,,,,,0,1,1,784,,,,,,,,,,,,,,,,,,,,,,,,,,,,,,,,0,1,1
785,v6haaqf9,,0,0,12,,,,0,,,0,0,cfs9uxep,,,,,,0,0,1,785,su_sev_fin,abstract,3,choice_3,,,,,,,,,,,,,,,0,1,1,785,,,,,,,,,,,,,,,,,,,,,,,,,,,,,0,1,1,785,,,,,,,,,,,,,,,,,,,,,,,,,,,,,,,,0,1,1
786,bkebre07,,0,0,12,,,,0,,,0,0,cfs9uxep,,,,,,0,0,1,786,sh_sev_fin,abstract,4,choice_4,,,,,,,,,,,,,,,0,1,1,786,,,,,,,,,,,,,,,,,,,,,,,,,,,,,0,1,1,786,,,,,,,,,,,,,,,,,,,,,,,,,,,,,,,,0,1,1
787,r9wkk2pb,,0,0,12,,,,0,,,0,0,cfs9uxep,,,,,,0,0,1,787,sh_sev_fin,abstract,2,choice_2,,,,,,,,,,,,,,,0,1,1,787,,,,,,,,,,,,,,,,,,,,,,,,,,,,,0,1,1,787,,,,,,,,,,,,,,,,,,,,,,,,,,,,,,,,0,1,1
788,1ozmt796,,0,0,12,,,,0,,,0,0,cfs9uxep,,,,,,0,0,1,788,su_sev_fin,abstract,4,choice_4,,,,,,,,,,,,,,,0,1,1,788,,,,,,,,,,,,,,,,,,,,,,,,,,,,,0,1,1,788,,,,,,,,,,,,,,,,,,,,,,,,,,,,,,,,0,1,1
789,mt8526ok,,0,0,12,,,,0,,,0,0,cfs9uxep,,,,,,0,0,1,789,sh_ha_fin,abstract,2,choice_2,,,,,,,,,,,,,,,0,1,1,789,,,,,,,,,,,,,,,,,,,,,,,,,,,,,0,1,1,789,,,,,,,,,,,,,,,,,,,,,,,,,,,,,,,,0,1,1
790,r438fko1,,0,0,12,,,,0,,,0,0,cfs9uxep,,,,,,0,0,1,790,sh_sev_fin,abstract,1,choice_1,,,,,,,,,,,,,,,0,1,1,790,,,,,,,,,,,,,,,,,,,,,,,,,,,,,0,1,1,790,,,,,,,,,,,,,,,,,,,,,,,,,,,,,,,,0,1,1
791,n0fdri53,,0,0,12,,,,0,,,0,0,cfs9uxep,,,,,,0,0,1,791,sh_ha_fin,abstract,3,choice_3,,,,,,,,,,,,,,,0,1,1,791,,,,,,,,,,,,,,,,,,,,,,,,,,,,,0,1,1,791,,,,,,,,,,,,,,,,,,,,,,,,,,,,,,,,0,1,1
792,qhxwe0y3,,0,0,12,,,,0,,,0,0,cfs9uxep,,,,,,0,0,1,792,sh_sev_fin,abstract,3,choice_3,,,,,,,,,,,,,,,0,1,1,792,,,,,,,,,,,,,,,,,,,,,,,,,,,,,0,1,1,792,,,,,,,,,,,,,,,,,,,,,,,,,,,,,,,,0,1,1
793,gmu0k93i,,0,0,12,,,,0,,,0,0,cfs9uxep,,,,,,0,0,1,793,sh_sev_fin,abstract,3,choice_3,,,,,,,,,,,,,,,0,1,1,793,,,,,,,,,,,,,,,,,,,,,,,,,,,,,0,1,1,793,,,,,,,,,,,,,,,,,,,,,,,,,,,,,,,,0,1,1
794,592l9t5u,,0,0,12,,,,0,,,0,0,cfs9uxep,,,,,,0,0,1,794,su_ha_fin,abstract,3,choice_3,,,,,,,,,,,,,,,0,1,1,794,,,,,,,,,,,,,,,,,,,,,,,,,,,,,0,1,1,794,,,,,,,,,,,,,,,,,,,,,,,,,,,,,,,,0,1,1
795,mwrqosz0,,0,0,12,,,,0,,,0,0,cfs9uxep,,,,,,0,0,1,795,sh_ha_fin,abstract,3,choice_3,,,,,,,,,,,,,,,0,1,1,795,,,,,,,,,,,,,,,,,,,,,,,,,,,,,0,1,1,795,,,,,,,,,,,,,,,,,,,,,,,,,,,,,,,,0,1,1
796,rv5fegls,,0,0,12,,,,0,,,0,0,cfs9uxep,,,,,,0,0,1,796,sh_sev_fin,abstract,4,choice_4,,,,,,,,,,,,,,,0,1,1,796,,,,,,,,,,,,,,,,,,,,,,,,,,,,,0,1,1,796,,,,,,,,,,,,,,,,,,,,,,,,,,,,,,,,0,1,1
797,tvrryg91,,0,0,12,,,,0,,,0,0,cfs9uxep,,,,,,0,0,1,797,sh_ha_fin,abstract,1,choice_1,,,,,,,,,,,,,,,0,1,1,797,,,,,,,,,,,,,,,,,,,,,,,,,,,,,0,1,1,797,,,,,,,,,,,,,,,,,,,,,,,,,,,,,,,,0,1,1
798,k6x5e6ii,,0,0,12,,,,0,,,0,0,cfs9uxep,,,,,,0,0,1,798,sh_ha_fin,abstract,1,choice_1,,,,,,,,,,,,,,,0,1,1,798,,,,,,,,,,,,,,,,,,,,,,,,,,,,,0,1,1,798,,,,,,,,,,,,,,,,,,,,,,,,,,,,,,,,0,1,1
799,ntozjo6x,,0,0,12,,,,0,,,0,0,cfs9uxep,,,,,,0,0,1,799,su_sev_fin,abstract,3,choice_3,,,,,,,,,,,,,,,0,1,1,799,,,,,,,,,,,,,,,,,,,,,,,,,,,,,0,1,1,799,,,,,,,,,,,,,,,,,,,,,,,,,,,,,,,,0,1,1
800,gwqp5b19,,0,0,12,,,,0,,,0,0,cfs9uxep,,,,,,0,0,1,800,sh_ha_fin,abstract,3,choice_3,,,,,,,,,,,,,,,0,1,1,800,,,,,,,,,,,,,,,,,,,,,,,,,,,,,0,1,1,800,,,,,,,,,,,,,,,,,,,,,,,,,,,,,,,,0,1,1
