session_id,participant__id_in_session,participant__code,page_index,app_name,page_name,epoch_time,seconds_on_page,subsession_pk,auto_submitted
1,3,ve3z0qoi,1,tt,Instructions,1578407257,35,1,False
1,3,ve3z0qoi,2,tt,Task,1578407285,28,1,False
1,3,ve3z0qoi,3,tt,BeliefInstructions,1578407293,8,1,False
1,3,ve3z0qoi,4,tt,Beliefs,1578407333,40,1,False
1,3,ve3z0qoi,5,tt,Questions,1578407346,13,1,False
1,3,ve3z0qoi,6,wordscra,Task,1578407419,73,1,False
1,3,ve3z0qoi,7,postexp,Risk,1578407425,6,1,False
1,3,ve3z0qoi,8,postexp,Pref1,1578407451,26,1,False
1,3,ve3z0qoi,9,postexp,Pref2,1578407467,16,1,False
1,3,ve3z0qoi,10,postexp,Demographics,1578407502,35,1,False
1,3,ve3z0qoi,11,postexp,ResultsTask,1578407528,26,1,False
1,4,zqb8pr9b,1,tt,Instructions,1578407286,27,1,False
1,4,zqb8pr9b,2,tt,Task,1578407305,19,1,False
1,4,zqb8pr9b,3,tt,BeliefInstructions,1578407310,5,1,False
1,4,zqb8pr9b,4,tt,Beliefs,1578407352,42,1,False
1,4,zqb8pr9b,5,tt,Questions,1578407371,19,1,False
1,4,zqb8pr9b,6,wordscra,Task,1578407427,56,1,False
1,4,zqb8pr9b,7,postexp,Risk,1578407435,8,1,False
1,4,zqb8pr9b,8,postexp,Pref1,1578407456,21,1,False
1,4,zqb8pr9b,9,postexp,Pref2,1578407470,14,1,False
1,4,zqb8pr9b,10,postexp,Demographics,1578407502,32,1,False
1,4,zqb8pr9b,11,postexp,ResultsTask,1578407510,8,1,False
1,5,aaqkxegr,1,tt,Instructions,1578407314,24,1,False
1,5,aaqkxegr,2,tt,Task,1578407327,13,1,False
1,5,aaqkxegr,3,tt,BeliefInstructions,1578407331,4,1,False
1,5,aaqkxegr,4,tt,Beliefs,1578407404,73,1,False
1,5,aaqkxegr,5,tt,Questions,1578407420,16,1,False
1,5,aaqkxegr,6,wordscra,Task,1578407473,53,1,False
1,5,aaqkxegr,7,postexp,Risk,1578407480,7,1,False
1,5,aaqkxegr,8,postexp,Pref1,1578407502,22,1,False
1,5,aaqkxegr,9,postexp,Pref2,1578407516,14,1,False
1,5,aaqkxegr,10,postexp,Demographics,1578407538,22,1,False
1,5,aaqkxegr,11,postexp,ResultsTask,1578407552,14,1,False
1,6,h9uey5t0,1,tt,Instructions,1578407388,61,1,False
1,6,h9uey5t0,2,tt,Task,1578407434,46,1,False
1,6,h9uey5t0,3,tt,BeliefInstructions,1578407452,18,1,False
1,6,h9uey5t0,4,tt,Beliefs,1578407499,47,1,False
1,6,h9uey5t0,5,tt,Questions,1578407595,96,1,False
1,6,h9uey5t0,6,wordscra,Task,1578407675,80,1,False
1,6,h9uey5t0,7,postexp,Risk,1578407689,14,1,False
1,6,h9uey5t0,8,postexp,Pref1,1578407741,52,1,False
1,6,h9uey5t0,9,postexp,Pref2,1578407765,24,1,False
1,6,h9uey5t0,10,postexp,Demographics,1578407799,34,1,False
1,6,h9uey5t0,11,postexp,ResultsTask,1578407814,15,1,False
1,7,jsvtrgt8,1,tt,Instructions,1578407406,54,1,False
1,7,jsvtrgt8,2,tt,Task,1578407465,59,1,False
1,7,jsvtrgt8,3,tt,BeliefInstructions,1578407477,12,1,False
1,7,jsvtrgt8,4,tt,Beliefs,1578407507,30,1,False
1,7,jsvtrgt8,5,tt,Questions,1578407526,19,1,False
1,7,jsvtrgt8,6,wordscra,Task,1578407693,167,1,False
1,7,jsvtrgt8,7,postexp,Risk,1578407701,8,1,False
1,7,jsvtrgt8,8,postexp,Pref1,1578407731,30,1,False
1,7,jsvtrgt8,9,postexp,Pref2,1578407769,38,1,False
1,7,jsvtrgt8,10,postexp,Demographics,1578407927,158,1,False
1,7,jsvtrgt8,11,postexp,ResultsTask,1578407946,19,1,False
1,8,lxu4jihq,1,tt,Instructions,1578407711,313,1,False
1,8,lxu4jihq,2,tt,Task,1578407761,50,1,False
1,8,lxu4jihq,3,tt,BeliefInstructions,1578407786,25,1,False
1,8,lxu4jihq,4,tt,Beliefs,1578407882,96,1,False
1,8,lxu4jihq,5,tt,Questions,1578407914,32,1,False
1,8,lxu4jihq,6,wordscra,Task,1578408015,101,1,False
1,8,lxu4jihq,7,postexp,Risk,1578408032,17,1,False
1,8,lxu4jihq,8,postexp,Pref1,1578408082,50,1,False
1,8,lxu4jihq,9,postexp,Pref2,1578408111,29,1,False
1,8,lxu4jihq,10,postexp,Demographics,1578408191,80,1,False
1,8,lxu4jihq,11,postexp,ResultsTask,1578408210,19,1,False
1,9,g4pf89eu,1,tt,Instructions,1578407458,44,1,False
1,9,g4pf89eu,2,tt,Task,1578407495,37,1,False
1,9,g4pf89eu,3,tt,BeliefInstructions,1578407506,11,1,False
1,9,g4pf89eu,4,tt,Beliefs,1578407541,35,1,False
1,9,g4pf89eu,5,tt,Questions,1578407553,12,1,False
1,9,g4pf89eu,6,wordscra,Task,1578407594,41,1,False
1,9,g4pf89eu,7,postexp,Risk,1578407603,9,1,False
1,9,g4pf89eu,8,postexp,Pref1,1578407628,25,1,False
1,9,g4pf89eu,9,postexp,Pref2,1578407641,13,1,False
1,9,g4pf89eu,10,postexp,Demographics,1578407665,24,1,False
1,9,g4pf89eu,11,postexp,ResultsTask,1578407674,9,1,False
1,10,i1hns4sn,1,tt,Instructions,1578407500,52,1,False
1,10,i1hns4sn,2,tt,Task,1578407536,36,1,False
1,10,i1hns4sn,3,tt,BeliefInstructions,1578407552,16,1,False
1,10,i1hns4sn,4,tt,Beliefs,1578407587,35,1,False
1,10,i1hns4sn,5,tt,Questions,1578407606,19,1,False
1,10,i1hns4sn,6,wordscra,Task,1578407643,37,1,False
1,10,i1hns4sn,7,postexp,Risk,1578407650,7,1,False
1,10,i1hns4sn,8,postexp,Pref1,1578407684,34,1,False
1,10,i1hns4sn,9,postexp,Pref2,1578407706,22,1,False
1,10,i1hns4sn,10,postexp,Demographics,1578407762,56,1,False
1,10,i1hns4sn,11,postexp,ResultsTask,1578407777,15,1,False
1,11,0p61s9st,1,tt,Instructions,1578407606,151,1,False
1,11,0p61s9st,2,tt,Task,1578407621,15,1,False
1,11,0p61s9st,3,tt,BeliefInstructions,1578407629,8,1,False
1,11,0p61s9st,4,tt,Beliefs,1578408302,673,1,False
1,11,0p61s9st,5,tt,Questions,1578408319,17,1,False
1,11,0p61s9st,6,wordscra,Task,1578408357,38,1,False
1,11,0p61s9st,7,postexp,Risk,1578408365,8,1,False
1,11,0p61s9st,8,postexp,Pref1,1578408399,34,1,False
1,11,0p61s9st,9,postexp,Pref2,1578408423,24,1,False
1,11,0p61s9st,10,postexp,Demographics,1578408444,21,1,False
1,11,0p61s9st,11,postexp,ResultsTask,1578408460,16,1,False
1,12,hkoq6l36,1,tt,Instructions,1578407540,48,1,False
1,12,hkoq6l36,2,tt,Task,1578407556,16,1,False
1,12,hkoq6l36,3,tt,BeliefInstructions,1578407569,13,1,False
1,12,hkoq6l36,4,tt,Beliefs,1578407596,27,1,False
1,12,hkoq6l36,5,tt,Questions,1578407612,16,1,False
1,12,hkoq6l36,6,wordscra,Task,1578407806,194,1,False
1,12,hkoq6l36,7,postexp,Risk,1578407814,8,1,False
1,12,hkoq6l36,8,postexp,Pref1,1578407838,24,1,False
1,12,hkoq6l36,9,postexp,Pref2,1578407852,14,1,False
1,12,hkoq6l36,10,postexp,Demographics,1578408053,201,1,False
1,12,hkoq6l36,11,postexp,ResultsTask,1578408067,14,1,False
1,13,b8aror87,1,tt,Instructions,1578407540,45,1,False
1,13,b8aror87,2,tt,Task,1578407616,76,1,False
1,13,b8aror87,3,tt,BeliefInstructions,1578407629,13,1,False
1,13,b8aror87,4,tt,Beliefs,1578407683,54,1,False
1,13,b8aror87,5,tt,Questions,1578407711,28,1,False
1,13,b8aror87,6,wordscra,Task,1578407884,173,1,False
1,13,b8aror87,7,postexp,Risk,1578407895,11,1,False
1,13,b8aror87,8,postexp,Pref1,1578407933,38,1,False
1,13,b8aror87,9,postexp,Pref2,1578407960,27,1,False
1,13,b8aror87,10,postexp,Demographics,1578407994,34,1,False
1,13,b8aror87,11,postexp,ResultsTask,1578408007,13,1,False
1,14,ct27367p,1,tt,Instructions,1578408516,1019,1,False
1,14,ct27367p,2,tt,Task,1578408588,72,1,False
1,14,ct27367p,3,tt,BeliefInstructions,1578408599,11,1,False
1,14,ct27367p,4,tt,Beliefs,1578408629,30,1,False
1,14,ct27367p,5,tt,Questions,1578408644,15,1,False
1,14,ct27367p,6,wordscra,Task,1578408684,40,1,False
1,14,ct27367p,7,postexp,Risk,1578408692,8,1,False
1,14,ct27367p,8,postexp,Pref1,1578408724,32,1,False
1,14,ct27367p,9,postexp,Pref2,1578408741,17,1,False
1,14,ct27367p,10,postexp,Demographics,1578408773,32,1,False
1,14,ct27367p,11,postexp,ResultsTask,1578408783,10,1,False
1,15,wp3jt639,1,tt,Instructions,1578407552,55,1,False
1,15,wp3jt639,2,tt,Task,1578407593,41,1,False
1,15,wp3jt639,3,tt,BeliefInstructions,1578407608,15,1,False
1,15,wp3jt639,4,tt,Beliefs,1578407650,42,1,False
1,15,wp3jt639,5,tt,Questions,1578407661,11,1,False
1,15,wp3jt639,6,wordscra,Task,1578407719,58,1,False
1,15,wp3jt639,7,postexp,Risk,1578407730,11,1,False
1,15,wp3jt639,8,postexp,Pref1,1578407754,24,1,False
1,15,wp3jt639,9,postexp,Pref2,1578407771,17,1,False
1,15,wp3jt639,10,postexp,Demographics,1578407800,29,1,False
1,15,wp3jt639,11,postexp,ResultsTask,1578407827,27,1,False
1,16,yr4dogqc,1,tt,Instructions,1578407527,29,1,False
1,16,yr4dogqc,2,tt,Task,1578407552,25,1,False
1,16,yr4dogqc,3,tt,BeliefInstructions,1578407562,10,1,False
1,16,yr4dogqc,4,tt,Beliefs,1578407592,30,1,False
1,16,yr4dogqc,5,tt,Questions,1578407603,11,1,False
1,16,yr4dogqc,6,wordscra,Task,1578407633,30,1,False
1,16,yr4dogqc,7,postexp,Risk,1578407641,8,1,False
1,16,yr4dogqc,8,postexp,Pref1,1578407668,27,1,False
1,16,yr4dogqc,9,postexp,Pref2,1578407680,12,1,False
1,16,yr4dogqc,10,postexp,Demographics,1578407714,34,1,False
1,16,yr4dogqc,11,postexp,ResultsTask,1578407725,11,1,False
1,17,jywraafb,1,tt,Instructions,1578407561,28,1,False
1,17,jywraafb,2,tt,Task,1578407581,20,1,False
1,17,jywraafb,3,tt,BeliefInstructions,1578407591,10,1,False
1,17,jywraafb,4,tt,Beliefs,1578407606,15,1,False
1,17,jywraafb,5,tt,Questions,1578407614,8,1,False
1,17,jywraafb,6,wordscra,Task,1578407663,49,1,False
1,17,jywraafb,7,postexp,Risk,1578407675,12,1,False
1,17,jywraafb,8,postexp,Pref1,1578407704,29,1,False
1,17,jywraafb,9,postexp,Pref2,1578407714,10,1,False
1,17,jywraafb,10,postexp,Demographics,1578407759,45,1,False
1,17,jywraafb,11,postexp,ResultsTask,1578407765,6,1,False
1,19,bterxxkj,1,tt,Instructions,1578407580,20,1,False
1,19,bterxxkj,2,tt,Task,1578407812,232,1,False
1,19,bterxxkj,3,tt,BeliefInstructions,1578407817,5,1,False
1,20,dbrv985w,1,tt,Instructions,1578407585,25,1,False
1,20,dbrv985w,2,tt,Task,1578407616,31,1,False
1,20,dbrv985w,3,tt,BeliefInstructions,1578407622,6,1,False
1,20,dbrv985w,4,tt,Beliefs,1578407676,54,1,False
1,20,dbrv985w,5,tt,Questions,1578407690,14,1,False
1,20,dbrv985w,6,wordscra,Task,1578407729,39,1,False
1,20,dbrv985w,7,postexp,Risk,1578407736,7,1,False
1,20,dbrv985w,8,postexp,Pref1,1578407754,18,1,False
1,20,dbrv985w,9,postexp,Pref2,1578407767,13,1,False
1,20,dbrv985w,10,postexp,Demographics,1578407806,39,1,False
1,20,dbrv985w,11,postexp,ResultsTask,1578407821,15,1,False
1,21,0dsy0g8n,1,tt,Instructions,1578407645,29,1,False
1,21,0dsy0g8n,2,tt,Task,1578407668,23,1,False
1,21,0dsy0g8n,3,tt,BeliefInstructions,1578407675,7,1,False
1,21,0dsy0g8n,4,tt,Beliefs,1578407699,24,1,False
1,21,0dsy0g8n,5,tt,Questions,1578407714,15,1,False
1,21,0dsy0g8n,6,wordscra,Task,1578407914,200,1,False
1,21,0dsy0g8n,7,postexp,Risk,1578407922,8,1,False
1,21,0dsy0g8n,8,postexp,Pref1,1578407953,31,1,False
1,21,0dsy0g8n,9,postexp,Pref2,1578408022,69,1,False
1,21,0dsy0g8n,10,postexp,Demographics,1578408051,29,1,False
1,21,0dsy0g8n,11,postexp,ResultsTask,1578408065,14,1,False
1,22,mlqungfi,1,tt,Instructions,1578407672,52,1,False
1,22,mlqungfi,2,tt,Task,1578407692,20,1,False
1,22,mlqungfi,3,tt,BeliefInstructions,1578407703,11,1,False
1,22,mlqungfi,4,tt,Beliefs,1578407740,37,1,False
1,22,mlqungfi,5,tt,Questions,1578407753,13,1,False
1,22,mlqungfi,6,wordscra,Task,1578407798,45,1,False
1,22,mlqungfi,7,postexp,Risk,1578407807,9,1,False
1,22,mlqungfi,8,postexp,Pref1,1578407827,20,1,False
1,22,mlqungfi,9,postexp,Pref2,1578407839,12,1,False
1,22,mlqungfi,10,postexp,Demographics,1578407872,33,1,False
1,22,mlqungfi,11,postexp,ResultsTask,1578407880,8,1,False
1,23,j77lwaws,1,tt,Instructions,1578407765,123,1,False
1,23,j77lwaws,2,tt,Task,1578407785,20,1,False
1,23,j77lwaws,3,tt,BeliefInstructions,1578407805,20,1,False
1,23,j77lwaws,4,tt,Beliefs,1578407838,33,1,False
1,23,j77lwaws,5,tt,Questions,1578407846,8,1,False
1,23,j77lwaws,6,wordscra,Task,1578407937,91,1,False
1,23,j77lwaws,7,postexp,Risk,1578407947,10,1,False
1,23,j77lwaws,8,postexp,Pref1,1578407969,22,1,False
1,23,j77lwaws,9,postexp,Pref2,1578407984,15,1,False
1,23,j77lwaws,10,postexp,Demographics,1578408035,51,1,False
1,23,j77lwaws,11,postexp,ResultsTask,1578408054,19,1,False
1,24,irj2xye6,1,tt,Instructions,1578407683,40,1,False
1,24,irj2xye6,2,tt,Task,1578407703,20,1,False
1,24,irj2xye6,3,tt,BeliefInstructions,1578407712,9,1,False
1,24,irj2xye6,4,tt,Beliefs,1578407751,39,1,False
1,24,irj2xye6,5,tt,Questions,1578407779,28,1,False
1,24,irj2xye6,6,wordscra,Task,1578407822,43,1,False
1,24,irj2xye6,7,postexp,Risk,1578407838,16,1,False
1,24,irj2xye6,8,postexp,Pref1,1578407868,30,1,False
1,24,irj2xye6,9,postexp,Pref2,1578407883,15,1,False
1,24,irj2xye6,10,postexp,Demographics,1578407922,39,1,False
1,24,irj2xye6,11,postexp,ResultsTask,1578407938,16,1,False
1,25,wt27xj4a,1,tt,Instructions,1578407739,92,1,False
1,25,wt27xj4a,2,tt,Task,1578407773,34,1,False
1,25,wt27xj4a,3,tt,BeliefInstructions,1578407783,10,1,False
1,25,wt27xj4a,4,tt,Beliefs,1578407809,26,1,False
1,25,wt27xj4a,5,tt,Questions,1578407821,12,1,False
1,25,wt27xj4a,6,wordscra,Task,1578407867,46,1,False
1,25,wt27xj4a,7,postexp,Risk,1578407877,10,1,False
1,25,wt27xj4a,8,postexp,Pref1,1578408005,128,1,False
1,25,wt27xj4a,9,postexp,Pref2,1578408119,114,1,False
1,25,wt27xj4a,10,postexp,Demographics,1578408369,250,1,False
1,25,wt27xj4a,11,postexp,ResultsTask,1578408378,9,1,False
1,26,fvq97yq3,1,tt,Instructions,1578407662,11,1,False
1,26,fvq97yq3,2,tt,Task,1578407689,27,1,False
1,26,fvq97yq3,3,tt,BeliefInstructions,1578407692,3,1,False
1,26,fvq97yq3,4,tt,Beliefs,1578407720,28,1,False
1,26,fvq97yq3,5,tt,Questions,1578407732,12,1,False
1,26,fvq97yq3,6,wordscra,Task,1578407850,118,1,False
1,26,fvq97yq3,7,postexp,Risk,1578407867,17,1,False
1,26,fvq97yq3,8,postexp,Pref1,1578407895,28,1,False
1,26,fvq97yq3,9,postexp,Pref2,1578407924,29,1,False
1,26,fvq97yq3,10,postexp,Demographics,1578407974,50,1,False
1,26,fvq97yq3,11,postexp,ResultsTask,1578407989,15,1,False
1,27,ckrs8ubg,1,tt,Instructions,1578407722,36,1,False
1,27,ckrs8ubg,2,tt,Task,1578407743,21,1,False
1,27,ckrs8ubg,3,tt,BeliefInstructions,1578407750,7,1,False
1,27,ckrs8ubg,4,tt,Beliefs,1578407794,44,1,False
1,27,ckrs8ubg,5,tt,Questions,1578407804,10,1,False
1,27,ckrs8ubg,6,wordscra,Task,1578407868,64,1,False
1,27,ckrs8ubg,7,postexp,Risk,1578407876,8,1,False
1,27,ckrs8ubg,8,postexp,Pref1,1578407909,33,1,False
1,27,ckrs8ubg,9,postexp,Pref2,1578407953,44,1,False
1,27,ckrs8ubg,10,postexp,Demographics,1578407978,25,1,False
1,27,ckrs8ubg,11,postexp,ResultsTask,1578407994,16,1,False
1,28,widjpruy,1,tt,Instructions,1578407740,44,1,False
1,28,widjpruy,2,tt,Task,1578407780,40,1,False
1,28,widjpruy,3,tt,BeliefInstructions,1578407793,13,1,False
1,28,widjpruy,4,tt,Beliefs,1578407829,36,1,False
1,28,widjpruy,5,tt,Questions,1578407867,38,1,False
1,28,widjpruy,6,wordscra,Task,1578407924,57,1,False
1,28,widjpruy,7,postexp,Risk,1578407933,9,1,False
1,28,widjpruy,8,postexp,Pref1,1578407975,42,1,False
1,28,widjpruy,9,postexp,Pref2,1578408004,29,1,False
1,28,widjpruy,10,postexp,Demographics,1578408102,98,1,False
1,28,widjpruy,11,postexp,ResultsTask,1578408114,12,1,False
1,29,4su6cori,1,tt,Instructions,1578407794,55,1,False
1,29,4su6cori,2,tt,Task,1578407821,27,1,False
1,29,4su6cori,3,tt,BeliefInstructions,1578407831,10,1,False
1,29,4su6cori,4,tt,Beliefs,1578407867,36,1,False
1,29,4su6cori,5,tt,Questions,1578407882,15,1,False
1,29,4su6cori,6,wordscra,Task,1578407925,43,1,False
1,29,4su6cori,7,postexp,Risk,1578407935,10,1,False
1,29,4su6cori,8,postexp,Pref1,1578407963,28,1,False
1,29,4su6cori,9,postexp,Pref2,1578407984,21,1,False
1,29,4su6cori,10,postexp,Demographics,1578408020,36,1,False
1,29,4su6cori,11,postexp,ResultsTask,1578408038,18,1,False
1,30,zchtoop6,1,tt,Instructions,1578407827,72,1,False
1,30,zchtoop6,2,tt,Task,1578407867,40,1,False
1,30,zchtoop6,3,tt,BeliefInstructions,1578407889,22,1,False
1,30,zchtoop6,4,tt,Beliefs,1578407953,64,1,False
1,30,zchtoop6,5,tt,Questions,1578407999,46,1,False
1,30,zchtoop6,6,wordscra,Task,1578408084,85,1,False
1,30,zchtoop6,7,postexp,Risk,1578408090,6,1,False
1,30,zchtoop6,8,postexp,Pref1,1578408122,32,1,False
1,30,zchtoop6,9,postexp,Pref2,1578408142,20,1,False
1,30,zchtoop6,10,postexp,Demographics,1578408173,31,1,False
1,30,zchtoop6,11,postexp,ResultsTask,1578408186,13,1,False
1,31,wm9jd2iz,1,tt,Instructions,1578407819,53,1,False
1,31,wm9jd2iz,2,tt,Task,1578407867,48,1,False
1,31,wm9jd2iz,3,tt,BeliefInstructions,1578407880,13,1,False
1,31,wm9jd2iz,4,tt,Beliefs,1578407926,46,1,False
1,31,wm9jd2iz,5,tt,Questions,1578407950,24,1,False
1,31,wm9jd2iz,6,wordscra,Task,1578408003,53,1,False
1,31,wm9jd2iz,7,postexp,Risk,1578408025,22,1,False
1,31,wm9jd2iz,8,postexp,Pref1,1578408067,42,1,False
1,31,wm9jd2iz,9,postexp,Pref2,1578408096,29,1,False
1,31,wm9jd2iz,10,postexp,Demographics,1578408141,45,1,False
1,31,wm9jd2iz,11,postexp,ResultsTask,1578408164,23,1,False
1,32,x1azlvmk,1,tt,Instructions,1578407867,83,1,False
1,32,x1azlvmk,2,tt,Task,1578407917,50,1,False
1,32,x1azlvmk,3,tt,BeliefInstructions,1578407928,11,1,False
1,32,x1azlvmk,4,tt,Beliefs,1578407986,58,1,False
1,32,x1azlvmk,5,tt,Questions,1578408019,33,1,False
1,32,x1azlvmk,6,wordscra,Task,1578408096,77,1,False
1,32,x1azlvmk,7,postexp,Risk,1578408106,10,1,False
1,32,x1azlvmk,8,postexp,Pref1,1578408140,34,1,False
1,32,x1azlvmk,9,postexp,Pref2,1578408157,17,1,False
1,32,x1azlvmk,10,postexp,Demographics,1578408211,54,1,False
1,32,x1azlvmk,11,postexp,ResultsTask,1578408230,19,1,False
1,33,j0jxaf0z,1,tt,Instructions,1578408020,226,1,False
1,33,j0jxaf0z,2,tt,Task,1578408090,70,1,False
1,33,j0jxaf0z,3,tt,BeliefInstructions,1578408099,9,1,False
1,33,j0jxaf0z,4,tt,Beliefs,1578408132,33,1,False
1,33,j0jxaf0z,5,tt,Questions,1578408147,15,1,False
1,33,j0jxaf0z,6,wordscra,Task,1578408196,49,1,False
1,33,j0jxaf0z,7,postexp,Risk,1578408205,9,1,False
1,33,j0jxaf0z,8,postexp,Pref1,1578408226,21,1,False
1,33,j0jxaf0z,9,postexp,Pref2,1578408256,30,1,False
1,33,j0jxaf0z,10,postexp,Demographics,1578408339,83,1,False
1,33,j0jxaf0z,11,postexp,ResultsTask,1578408346,7,1,False
1,34,u1klasir,1,tt,Instructions,1578407825,25,1,False
1,34,u1klasir,2,tt,Task,1578407838,13,1,False
1,34,u1klasir,3,tt,BeliefInstructions,1578407845,7,1,False
1,34,u1klasir,4,tt,Beliefs,1578407867,22,1,False
1,34,u1klasir,5,tt,Questions,1578407879,12,1,False
1,34,u1klasir,6,wordscra,Task,1578407916,37,1,False
1,34,u1klasir,7,postexp,Risk,1578407922,6,1,False
1,34,u1klasir,8,postexp,Pref1,1578407976,54,1,False
1,34,u1klasir,9,postexp,Pref2,1578407995,19,1,False
1,34,u1klasir,10,postexp,Demographics,1578408024,29,1,False
1,34,u1klasir,11,postexp,ResultsTask,1578408034,10,1,False
1,35,21ntouy8,1,tt,Instructions,1578407828,12,1,False
1,35,21ntouy8,2,tt,Task,1578407839,11,1,False
1,35,21ntouy8,3,tt,BeliefInstructions,1578407841,2,1,False
1,35,21ntouy8,4,tt,Beliefs,1578408267,426,1,False
1,35,21ntouy8,5,tt,Questions,1578408282,15,1,False
1,35,21ntouy8,6,wordscra,Task,1578408355,73,1,False
1,35,21ntouy8,7,postexp,Risk,1578408365,10,1,False
1,35,21ntouy8,8,postexp,Pref1,1578408397,32,1,False
1,35,21ntouy8,9,postexp,Pref2,1578408408,11,1,False
1,35,21ntouy8,10,postexp,Demographics,1578408506,98,1,False
1,35,21ntouy8,11,postexp,ResultsTask,1578408530,24,1,False
1,36,m0e2zvhd,1,tt,Instructions,1578407931,63,1,False
1,36,m0e2zvhd,2,tt,Task,1578407997,66,1,False
1,36,m0e2zvhd,3,tt,BeliefInstructions,1578408009,12,1,False
1,36,m0e2zvhd,4,tt,Beliefs,1578408059,50,1,False
1,36,m0e2zvhd,5,tt,Questions,1578408080,21,1,False
1,36,m0e2zvhd,6,wordscra,Task,1578408170,90,1,False
1,36,m0e2zvhd,7,postexp,Risk,1578408179,9,1,False
1,36,m0e2zvhd,8,postexp,Pref1,1578408211,32,1,False
1,36,m0e2zvhd,9,postexp,Pref2,1578408241,30,1,False
1,36,m0e2zvhd,10,postexp,Demographics,1578408288,47,1,False
1,36,m0e2zvhd,11,postexp,ResultsTask,1578408310,22,1,False
1,37,fjl7kut3,1,tt,Instructions,1578407916,38,1,False
1,37,fjl7kut3,2,tt,Task,1578407960,44,1,False
1,37,fjl7kut3,3,tt,BeliefInstructions,1578408010,50,1,False
1,37,fjl7kut3,4,tt,Beliefs,1578408041,31,1,False
1,37,fjl7kut3,5,tt,Questions,1578408056,15,1,False
1,37,fjl7kut3,6,wordscra,Task,1578408090,34,1,False
1,37,fjl7kut3,7,postexp,Risk,1578408120,30,1,False
1,37,fjl7kut3,8,postexp,Pref1,1578408168,48,1,False
1,37,fjl7kut3,9,postexp,Pref2,1578408187,19,1,False
1,37,fjl7kut3,10,postexp,Demographics,1578408283,96,1,False
1,37,fjl7kut3,11,postexp,ResultsTask,1578408290,7,1,False
1,38,1f1c7lbn,1,tt,Instructions,1578408021,133,1,False
1,38,1f1c7lbn,2,tt,Task,1578408068,47,1,False
1,38,1f1c7lbn,3,tt,BeliefInstructions,1578408096,28,1,False
1,38,1f1c7lbn,4,tt,Beliefs,1578408155,59,1,False
1,38,1f1c7lbn,5,tt,Questions,1578408175,20,1,False
1,38,1f1c7lbn,6,wordscra,Task,1578408256,81,1,False
1,38,1f1c7lbn,7,postexp,Risk,1578408267,11,1,False
1,38,1f1c7lbn,8,postexp,Pref1,1578408331,64,1,False
1,38,1f1c7lbn,9,postexp,Pref2,1578408355,24,1,False
1,38,1f1c7lbn,10,postexp,Demographics,1578408414,59,1,False
1,38,1f1c7lbn,11,postexp,ResultsTask,1578408423,9,1,False
1,39,boxj7s1t,1,tt,Instructions,1578407969,32,1,False
1,39,boxj7s1t,2,tt,Task,1578407990,21,1,False
1,39,boxj7s1t,3,tt,BeliefInstructions,1578408002,12,1,False
1,39,boxj7s1t,4,tt,Beliefs,1578408040,38,1,False
1,39,boxj7s1t,5,tt,Questions,1578408059,19,1,False
1,39,boxj7s1t,6,wordscra,Task,1578408123,64,1,False
1,39,boxj7s1t,7,postexp,Risk,1578408131,8,1,False
1,39,boxj7s1t,8,postexp,Pref1,1578408161,30,1,False
1,39,boxj7s1t,9,postexp,Pref2,1578408182,21,1,False
1,39,boxj7s1t,10,postexp,Demographics,1578408221,39,1,False
1,39,boxj7s1t,11,postexp,ResultsTask,1578408241,20,1,False
1,40,i67vun4l,1,tt,Instructions,1578407960,21,1,False
1,40,i67vun4l,2,tt,Task,1578408003,43,1,False
1,40,i67vun4l,3,tt,BeliefInstructions,1578408017,14,1,False
1,40,i67vun4l,4,tt,Beliefs,1578408041,24,1,False
1,40,i67vun4l,5,tt,Questions,1578408053,12,1,False
1,40,i67vun4l,6,wordscra,Task,1578408126,73,1,False
1,40,i67vun4l,7,postexp,Risk,1578408141,15,1,False
1,40,i67vun4l,8,postexp,Pref1,1578408163,22,1,False
1,40,i67vun4l,9,postexp,Pref2,1578408182,19,1,False
1,40,i67vun4l,10,postexp,Demographics,1578408227,45,1,False
1,40,i67vun4l,11,postexp,ResultsTask,1578408241,14,1,False
1,41,1rdjh03c,1,tt,Instructions,1578408019,66,1,False
1,41,1rdjh03c,2,tt,Task,1578408092,73,1,False
1,41,1rdjh03c,3,tt,BeliefInstructions,1578408105,13,1,False
1,41,1rdjh03c,4,tt,Beliefs,1578408145,40,1,False
1,41,1rdjh03c,5,tt,Questions,1578408158,13,1,False
1,41,1rdjh03c,6,wordscra,Task,1578408202,44,1,False
1,41,1rdjh03c,7,postexp,Risk,1578408210,8,1,False
1,41,1rdjh03c,8,postexp,Pref1,1578408241,31,1,False
1,41,1rdjh03c,9,postexp,Pref2,1578408259,18,1,False
1,41,1rdjh03c,10,postexp,Demographics,1578408375,116,1,False
1,41,1rdjh03c,11,postexp,ResultsTask,1578408387,12,1,False
1,42,ihwf35t2,1,tt,Instructions,1578408055,83,1,False
1,42,ihwf35t2,2,tt,Task,1578408079,24,1,False
1,42,ihwf35t2,3,tt,BeliefInstructions,1578408091,12,1,False
1,42,ihwf35t2,4,tt,Beliefs,1578408132,41,1,False
1,42,ihwf35t2,5,tt,Questions,1578408144,12,1,False
1,42,ihwf35t2,6,wordscra,Task,1578408241,97,1,False
1,42,ihwf35t2,7,postexp,Risk,1578408250,9,1,False
1,42,ihwf35t2,8,postexp,Pref1,1578408284,34,1,False
1,42,ihwf35t2,9,postexp,Pref2,1578408299,15,1,False
1,42,ihwf35t2,10,postexp,Demographics,1578408381,82,1,False
1,42,ihwf35t2,11,postexp,ResultsTask,1578408400,19,1,False
1,43,fzfipm0w,1,tt,Instructions,1578408106,112,1,False
1,43,fzfipm0w,2,tt,Task,1578408143,37,1,False
1,43,fzfipm0w,3,tt,BeliefInstructions,1578408158,15,1,False
1,43,fzfipm0w,4,tt,Beliefs,1578408191,33,1,False
1,43,fzfipm0w,5,tt,Questions,1578408217,26,1,False
1,43,fzfipm0w,6,wordscra,Task,1578408314,97,1,False
1,43,fzfipm0w,7,postexp,Risk,1578408324,10,1,False
1,43,fzfipm0w,8,postexp,Pref1,1578408377,53,1,False
1,43,fzfipm0w,9,postexp,Pref2,1578408399,22,1,False
1,43,fzfipm0w,10,postexp,Demographics,1578408460,61,1,False
1,43,fzfipm0w,11,postexp,ResultsTask,1578408475,15,1,False
1,45,69prndfa,1,tt,Instructions,1578408118,66,1,False
1,45,69prndfa,2,tt,Task,1578408172,54,1,False
1,45,69prndfa,3,tt,BeliefInstructions,1578408185,13,1,False
1,45,69prndfa,4,tt,Beliefs,1578408281,96,1,False
1,45,69prndfa,5,tt,Questions,1578408298,17,1,False
1,45,69prndfa,6,wordscra,Task,1578408389,91,1,False
1,45,69prndfa,7,postexp,Risk,1578408404,15,1,False
1,45,69prndfa,8,postexp,Pref1,1578408428,24,1,False
1,45,69prndfa,9,postexp,Pref2,1578408443,15,1,False
1,45,69prndfa,10,postexp,Demographics,1578408554,111,1,False
1,45,69prndfa,11,postexp,ResultsTask,1578408572,18,1,False
1,46,odqnqj7v,1,tt,Instructions,1578408092,35,1,False
1,46,odqnqj7v,2,tt,Task,1578408108,16,1,False
1,46,odqnqj7v,3,tt,BeliefInstructions,1578408115,7,1,False
1,46,odqnqj7v,4,tt,Beliefs,1578408132,17,1,False
1,46,odqnqj7v,5,tt,Questions,1578408168,36,1,False
1,46,odqnqj7v,6,wordscra,Task,1578408199,31,1,False
1,46,odqnqj7v,7,postexp,Risk,1578408205,6,1,False
1,46,odqnqj7v,8,postexp,Pref1,1578408221,16,1,False
1,46,odqnqj7v,9,postexp,Pref2,1578408241,20,1,False
1,46,odqnqj7v,10,postexp,Demographics,1578408265,24,1,False
1,46,odqnqj7v,11,postexp,ResultsTask,1578408273,8,1,False
1,47,m1unq03l,1,tt,Instructions,1578408147,89,1,False
1,47,m1unq03l,2,tt,Task,1578408211,64,1,False
1,47,m1unq03l,3,tt,BeliefInstructions,1578408241,30,1,False
1,47,m1unq03l,4,tt,Beliefs,1578408384,143,1,False
1,47,m1unq03l,5,tt,Questions,1578408523,139,1,False
1,47,m1unq03l,6,wordscra,Task,1578408662,139,1,False
1,47,m1unq03l,7,postexp,Risk,1578408679,17,1,False
1,47,m1unq03l,8,postexp,Pref1,1578408761,82,1,False
1,47,m1unq03l,9,postexp,Pref2,1578408795,34,1,False
1,47,m1unq03l,10,postexp,Demographics,1578408865,70,1,False
1,47,m1unq03l,11,postexp,ResultsTask,1578408906,41,1,False
1,48,dafnykuu,1,tt,Instructions,1578408099,5,1,False
1,48,dafnykuu,2,tt,Task,1578408142,43,1,False
1,48,dafnykuu,3,tt,BeliefInstructions,1578408144,2,1,False
1,48,dafnykuu,4,tt,Beliefs,1578408190,46,1,False
1,48,dafnykuu,5,tt,Questions,1578408215,25,1,False
1,48,dafnykuu,6,wordscra,Task,1578408245,30,1,False
1,48,dafnykuu,7,postexp,Risk,1578408251,6,1,False
1,48,dafnykuu,8,postexp,Pref1,1578408270,19,1,False
1,48,dafnykuu,9,postexp,Pref2,1578408289,19,1,False
1,48,dafnykuu,10,postexp,Demographics,1578408324,35,1,False
1,48,dafnykuu,11,postexp,ResultsTask,1578408334,10,1,False
1,49,j58ehsw5,1,tt,Instructions,1578408125,22,1,False
1,49,j58ehsw5,2,tt,Task,1578408146,21,1,False
1,49,j58ehsw5,3,tt,BeliefInstructions,1578408155,9,1,False
1,49,j58ehsw5,4,tt,Beliefs,1578408171,16,1,False
1,49,j58ehsw5,5,tt,Questions,1578408186,15,1,False
1,49,j58ehsw5,6,wordscra,Task,1578408263,77,1,False
1,49,j58ehsw5,7,postexp,Risk,1578408271,8,1,False
1,49,j58ehsw5,8,postexp,Pref1,1578408284,13,1,False
1,49,j58ehsw5,9,postexp,Pref2,1578408305,21,1,False
1,49,j58ehsw5,10,postexp,Demographics,1578408332,27,1,False
1,49,j58ehsw5,11,postexp,ResultsTask,1578408341,9,1,False
1,50,edghmvvl,1,tt,Instructions,1578408164,37,1,False
1,50,edghmvvl,2,tt,Task,1578408188,24,1,False
1,50,edghmvvl,3,tt,BeliefInstructions,1578408211,23,1,False
1,50,edghmvvl,4,tt,Beliefs,1578408241,30,1,False
1,50,edghmvvl,5,tt,Questions,1578408259,18,1,False
1,50,edghmvvl,6,wordscra,Task,1578408329,70,1,False
1,50,edghmvvl,7,postexp,Risk,1578408335,6,1,False
1,50,edghmvvl,8,postexp,Pref1,1578408362,27,1,False
1,50,edghmvvl,9,postexp,Pref2,1578408377,15,1,False
1,50,edghmvvl,10,postexp,Demographics,1578408404,27,1,False
1,50,edghmvvl,11,postexp,ResultsTask,1578408421,17,1,False
1,51,qhcd64nt,1,tt,Instructions,1578408178,49,1,False
1,51,qhcd64nt,2,tt,Task,1578408223,45,1,False
1,51,qhcd64nt,3,tt,BeliefInstructions,1578408241,18,1,False
1,51,qhcd64nt,4,tt,Beliefs,1578408279,38,1,False
1,51,qhcd64nt,5,tt,Questions,1578408297,18,1,False
1,51,qhcd64nt,6,wordscra,Task,1578408334,37,1,False
1,51,qhcd64nt,7,postexp,Risk,1578408344,10,1,False
1,51,qhcd64nt,8,postexp,Pref1,1578408375,31,1,False
1,51,qhcd64nt,9,postexp,Pref2,1578408393,18,1,False
1,51,qhcd64nt,10,postexp,Demographics,1578408431,38,1,False
1,51,qhcd64nt,11,postexp,ResultsTask,1578408448,17,1,False
1,52,komd7twl,1,tt,Instructions,1578408177,44,1,False
1,52,komd7twl,2,tt,Task,1578408241,64,1,False
1,52,komd7twl,3,tt,BeliefInstructions,1578408249,8,1,False
1,52,komd7twl,4,tt,Beliefs,1578408276,27,1,False
1,52,komd7twl,5,tt,Questions,1578408300,24,1,False
1,52,komd7twl,6,wordscra,Task,1578408417,117,1,False
1,52,komd7twl,7,postexp,Risk,1578408423,6,1,False
1,52,komd7twl,8,postexp,Pref1,1578408459,36,1,False
1,52,komd7twl,9,postexp,Pref2,1578408480,21,1,False
1,52,komd7twl,10,postexp,Demographics,1578408549,69,1,False
1,52,komd7twl,11,postexp,ResultsTask,1578408557,8,1,False
1,53,pzxcxcq0,1,tt,Instructions,1578408244,58,1,False
1,53,pzxcxcq0,2,tt,Task,1578408329,85,1,False
1,53,pzxcxcq0,3,tt,BeliefInstructions,1578408340,11,1,False
1,53,pzxcxcq0,4,tt,Beliefs,1578408392,52,1,False
1,53,pzxcxcq0,5,tt,Questions,1578408406,14,1,False
1,53,pzxcxcq0,6,wordscra,Task,1578408498,92,1,False
1,53,pzxcxcq0,7,postexp,Risk,1578408510,12,1,False
1,53,pzxcxcq0,8,postexp,Pref1,1578408549,39,1,False
1,53,pzxcxcq0,9,postexp,Pref2,1578408571,22,1,False
1,53,pzxcxcq0,10,postexp,Demographics,1578408623,52,1,False
1,53,pzxcxcq0,11,postexp,ResultsTask,1578408636,13,1,False
1,54,6humhe6i,1,tt,Instructions,1578408395,175,1,False
1,54,6humhe6i,2,tt,Task,1578408426,31,1,False
1,54,6humhe6i,3,tt,BeliefInstructions,1578408437,11,1,False
1,54,6humhe6i,4,tt,Beliefs,1578408468,31,1,False
1,54,6humhe6i,5,tt,Questions,1578408481,13,1,False
1,54,6humhe6i,6,wordscra,Task,1578408516,35,1,False
1,54,6humhe6i,7,postexp,Risk,1578408527,11,1,False
1,54,6humhe6i,8,postexp,Pref1,1578408557,30,1,False
1,54,6humhe6i,9,postexp,Pref2,1578408579,22,1,False
1,54,6humhe6i,10,postexp,Demographics,1578408608,29,1,False
1,54,6humhe6i,11,postexp,ResultsTask,1578408629,21,1,False
1,55,6p1je043,1,tt,Instructions,1578408331,23,1,False
1,55,6p1je043,2,tt,Task,1578408342,11,1,False
1,55,6p1je043,3,tt,BeliefInstructions,1578408354,12,1,False
1,55,6p1je043,4,tt,Beliefs,1578408381,27,1,False
1,55,6p1je043,5,tt,Questions,1578408476,95,1,False
1,55,6p1je043,6,wordscra,Task,1578408514,38,1,False
1,55,6p1je043,7,postexp,Risk,1578408523,9,1,False
1,55,6p1je043,8,postexp,Pref1,1578408560,37,1,False
1,55,6p1je043,9,postexp,Pref2,1578408572,12,1,False
1,55,6p1je043,10,postexp,Demographics,1578408607,35,1,False
1,55,6p1je043,11,postexp,ResultsTask,1578408615,8,1,False
1,56,nlbznrsp,1,tt,Instructions,1578408374,62,1,False
1,56,nlbznrsp,2,tt,Task,1578408519,145,1,False
1,56,nlbznrsp,3,tt,BeliefInstructions,1578408524,5,1,False
1,56,nlbznrsp,4,tt,Beliefs,1578408557,33,1,False
1,56,nlbznrsp,5,tt,Questions,1578408595,38,1,False
1,56,nlbznrsp,6,wordscra,Task,1578408652,57,1,False
1,56,nlbznrsp,7,postexp,Risk,1578408661,9,1,False
1,56,nlbznrsp,8,postexp,Pref1,1578408686,25,1,False
1,56,nlbznrsp,9,postexp,Pref2,1578408713,27,1,False
1,56,nlbznrsp,10,postexp,Demographics,1578408744,31,1,False
1,56,nlbznrsp,11,postexp,ResultsTask,1578408767,23,1,False
1,57,9awiw4m6,1,tt,Instructions,1578408359,31,1,False
1,57,9awiw4m6,2,tt,Task,1578408380,21,1,False
1,57,9awiw4m6,3,tt,BeliefInstructions,1578408398,18,1,False
1,57,9awiw4m6,4,tt,Beliefs,1578408431,33,1,False
1,57,9awiw4m6,5,tt,Questions,1578408443,12,1,False
1,57,9awiw4m6,6,wordscra,Task,1578408483,40,1,False
1,57,9awiw4m6,7,postexp,Risk,1578408493,10,1,False
1,57,9awiw4m6,8,postexp,Pref1,1578408531,38,1,False
1,57,9awiw4m6,9,postexp,Pref2,1578408549,18,1,False
1,57,9awiw4m6,10,postexp,Demographics,1578408581,32,1,False
1,57,9awiw4m6,11,postexp,ResultsTask,1578408591,10,1,False
1,58,hlrkihat,1,tt,Instructions,1578408413,43,1,False
1,58,hlrkihat,2,tt,Task,1578408485,72,1,False
1,58,hlrkihat,3,tt,BeliefInstructions,1578408489,4,1,False
1,58,hlrkihat,4,tt,Beliefs,1578408535,46,1,False
1,58,hlrkihat,5,tt,Questions,1578408561,26,1,False
1,58,hlrkihat,6,wordscra,Task,1578408723,162,1,False
1,58,hlrkihat,7,postexp,Risk,1578408730,7,1,False
1,58,hlrkihat,8,postexp,Pref1,1578408759,29,1,False
1,58,hlrkihat,9,postexp,Pref2,1578408777,18,1,False
1,58,hlrkihat,10,postexp,Demographics,1578408820,43,1,False
1,58,hlrkihat,11,postexp,ResultsTask,1578408826,6,1,False
1,60,zzwd8te5,1,tt,Instructions,1578408498,54,1,False
1,60,zzwd8te5,2,tt,Task,1578408537,39,1,False
1,60,zzwd8te5,3,tt,BeliefInstructions,1578408565,28,1,False
1,60,zzwd8te5,4,tt,Beliefs,1578408603,38,1,False
1,60,zzwd8te5,5,tt,Questions,1578408621,18,1,False
1,60,zzwd8te5,6,wordscra,Task,1578408748,127,1,False
1,60,zzwd8te5,7,postexp,Risk,1578408755,7,1,False
1,60,zzwd8te5,8,postexp,Pref1,1578408782,27,1,False
1,60,zzwd8te5,9,postexp,Pref2,1578408802,20,1,False
1,60,zzwd8te5,10,postexp,Demographics,1578408843,41,1,False
1,60,zzwd8te5,11,postexp,ResultsTask,1578408868,25,1,False
1,61,taqke1w5,1,tt,Instructions,1578408494,49,1,False
1,61,taqke1w5,2,tt,Task,1578408516,22,1,False
1,61,taqke1w5,3,tt,BeliefInstructions,1578408529,13,1,False
1,61,taqke1w5,4,tt,Beliefs,1578408558,29,1,False
1,61,taqke1w5,5,tt,Questions,1578408571,13,1,False
1,61,taqke1w5,6,wordscra,Task,1578408603,32,1,False
1,61,taqke1w5,7,postexp,Risk,1578408613,10,1,False
1,61,taqke1w5,8,postexp,Pref1,1578408629,16,1,False
1,61,taqke1w5,9,postexp,Pref2,1578408643,14,1,False
1,61,taqke1w5,10,postexp,Demographics,1578408667,24,1,False
1,61,taqke1w5,11,postexp,ResultsTask,1578408677,10,1,False
1,62,zsn6eaxy,1,tt,Instructions,1578408533,36,1,False
1,62,zsn6eaxy,2,tt,Task,1578408557,24,1,False
1,62,zsn6eaxy,3,tt,BeliefInstructions,1578408589,32,1,False
1,62,zsn6eaxy,4,tt,Beliefs,1578408627,38,1,False
1,62,zsn6eaxy,5,tt,Questions,1578408640,13,1,False
1,62,zsn6eaxy,6,wordscra,Task,1578408681,41,1,False
1,62,zsn6eaxy,7,postexp,Risk,1578408689,8,1,False
1,62,zsn6eaxy,8,postexp,Pref1,1578408716,27,1,False
1,62,zsn6eaxy,9,postexp,Pref2,1578408732,16,1,False
1,62,zsn6eaxy,10,postexp,Demographics,1578408765,33,1,False
1,62,zsn6eaxy,11,postexp,ResultsTask,1578408778,13,1,False
1,63,5tzpswh5,1,tt,Instructions,1578408700,112,1,False
1,63,5tzpswh5,2,tt,Task,1578408724,24,1,False
1,63,5tzpswh5,3,tt,BeliefInstructions,1578408736,12,1,False
1,63,5tzpswh5,4,tt,Beliefs,1578408773,37,1,False
1,63,5tzpswh5,5,tt,Questions,1578408930,157,1,False
1,63,5tzpswh5,6,wordscra,Task,1578408968,38,1,False
1,63,5tzpswh5,7,postexp,Risk,1578408975,7,1,False
1,63,5tzpswh5,8,postexp,Pref1,1578409000,25,1,False
1,63,5tzpswh5,9,postexp,Pref2,1578409034,34,1,False
1,63,5tzpswh5,10,postexp,Demographics,1578409070,36,1,False
1,63,5tzpswh5,11,postexp,ResultsTask,1578409080,10,1,False
1,64,0kqfxuzo,1,tt,Instructions,1578408688,41,1,False
1,64,0kqfxuzo,2,tt,Task,1578408761,73,1,False
1,64,0kqfxuzo,3,tt,BeliefInstructions,1578408775,14,1,False
1,64,0kqfxuzo,4,tt,Beliefs,1578408863,88,1,False
1,64,0kqfxuzo,5,tt,Questions,1578408884,21,1,False
1,64,0kqfxuzo,6,wordscra,Task,1578409067,183,1,False
1,64,0kqfxuzo,7,postexp,Risk,1578409079,12,1,False
1,64,0kqfxuzo,8,postexp,Pref1,1578409109,30,1,False
1,64,0kqfxuzo,9,postexp,Pref2,1578409129,20,1,False
1,64,0kqfxuzo,10,postexp,Demographics,1578409165,36,1,False
1,64,0kqfxuzo,11,postexp,ResultsTask,1578409174,9,1,False
1,65,rjw3jcdm,1,tt,Instructions,1578408955,302,1,False
1,65,rjw3jcdm,2,tt,Task,1578408984,29,1,False
1,65,rjw3jcdm,3,tt,BeliefInstructions,1578409050,66,1,False
1,65,rjw3jcdm,4,tt,Beliefs,1578409110,60,1,False
1,65,rjw3jcdm,5,tt,Questions,1578409120,10,1,False
1,65,rjw3jcdm,6,wordscra,Task,1578409165,45,1,False
1,65,rjw3jcdm,7,postexp,Risk,1578409173,8,1,False
1,65,rjw3jcdm,8,postexp,Pref1,1578409219,46,1,False
1,65,rjw3jcdm,9,postexp,Pref2,1578409229,10,1,False
1,65,rjw3jcdm,10,postexp,Demographics,1578409283,54,1,False
1,65,rjw3jcdm,11,postexp,ResultsTask,1578409299,16,1,False
1,66,hxlj46y0,1,tt,Instructions,1578408754,87,1,False
1,66,hxlj46y0,2,tt,Task,1578408780,26,1,False
1,66,hxlj46y0,3,tt,BeliefInstructions,1578408801,21,1,False
1,66,hxlj46y0,4,tt,Beliefs,1578408826,25,1,False
1,66,hxlj46y0,5,tt,Questions,1578408835,9,1,False
1,66,hxlj46y0,6,wordscra,Task,1578408876,41,1,False
1,66,hxlj46y0,7,postexp,Risk,1578408881,5,1,False
1,66,hxlj46y0,8,postexp,Pref1,1578408903,22,1,False
1,66,hxlj46y0,9,postexp,Pref2,1578408912,9,1,False
1,66,hxlj46y0,10,postexp,Demographics,1578408934,22,1,False
1,66,hxlj46y0,11,postexp,ResultsTask,1578408940,6,1,False
1,67,86ff03or,1,tt,Instructions,1578408715,47,1,False
1,67,86ff03or,2,tt,Task,1578408746,31,1,False
1,67,86ff03or,3,tt,BeliefInstructions,1578408762,16,1,False
1,67,86ff03or,4,tt,Beliefs,1578408841,79,1,False
1,67,86ff03or,5,tt,Questions,1578408849,8,1,False
1,67,86ff03or,6,wordscra,Task,1578408931,82,1,False
1,67,86ff03or,7,postexp,Risk,1578408940,9,1,False
1,67,86ff03or,8,postexp,Pref1,1578408970,30,1,False
1,67,86ff03or,9,postexp,Pref2,1578408986,16,1,False
1,67,86ff03or,10,postexp,Demographics,1578409041,55,1,False
1,67,86ff03or,11,postexp,ResultsTask,1578409056,15,1,False
1,68,q5qsc1gu,1,tt,Instructions,1578408829,72,1,False
1,68,q5qsc1gu,2,tt,Task,1578408869,40,1,False
1,68,q5qsc1gu,3,tt,BeliefInstructions,1578408883,14,1,False
1,68,q5qsc1gu,4,tt,Beliefs,1578408920,37,1,False
1,68,q5qsc1gu,5,tt,Questions,1578409015,95,1,False
1,68,q5qsc1gu,6,wordscra,Task,1578409085,70,1,False
1,68,q5qsc1gu,7,postexp,Risk,1578409099,14,1,False
1,68,q5qsc1gu,8,postexp,Pref1,1578409144,45,1,False
1,68,q5qsc1gu,9,postexp,Pref2,1578409189,45,1,False
1,68,q5qsc1gu,10,postexp,Demographics,1578409234,45,1,False
1,68,q5qsc1gu,11,postexp,ResultsTask,1578409255,21,1,False
1,69,vb43mtog,1,tt,Instructions,1578408863,35,1,False
1,69,vb43mtog,2,tt,Task,1578408882,19,1,False
1,69,vb43mtog,3,tt,BeliefInstructions,1578408910,28,1,False
1,69,vb43mtog,4,tt,Beliefs,1578408928,18,1,False
1,69,vb43mtog,5,tt,Questions,1578408948,20,1,False
1,69,vb43mtog,6,wordscra,Task,1578409081,133,1,False
1,69,vb43mtog,7,postexp,Risk,1578409094,13,1,False
1,69,vb43mtog,8,postexp,Pref1,1578409132,38,1,False
1,69,vb43mtog,9,postexp,Pref2,1578409149,17,1,False
1,69,vb43mtog,10,postexp,Demographics,1578409174,25,1,False
1,69,vb43mtog,11,postexp,ResultsTask,1578409183,9,1,False
1,70,ioy921p3,1,tt,Instructions,1578408841,9,1,False
1,70,ioy921p3,2,tt,Task,1578408884,43,1,False
1,70,ioy921p3,3,tt,BeliefInstructions,1578408894,10,1,False
1,70,ioy921p3,4,tt,Beliefs,1578408913,19,1,False
1,70,ioy921p3,5,tt,Questions,1578408924,11,1,False
1,70,ioy921p3,6,wordscra,Task,1578409049,125,1,False
1,70,ioy921p3,7,postexp,Risk,1578409056,7,1,False
1,70,ioy921p3,8,postexp,Pref1,1578409086,30,1,False
1,70,ioy921p3,9,postexp,Pref2,1578409106,20,1,False
1,70,ioy921p3,10,postexp,Demographics,1578409136,30,1,False
1,70,ioy921p3,11,postexp,ResultsTask,1578409145,9,1,False
1,71,womjg3gf,1,tt,Instructions,1578409012,33,1,False
1,71,womjg3gf,2,tt,Task,1578409038,26,1,False
1,71,womjg3gf,3,tt,BeliefInstructions,1578409049,11,1,False
1,71,womjg3gf,4,tt,Beliefs,1578409086,37,1,False
1,71,womjg3gf,5,tt,Questions,1578409096,10,1,False
1,71,womjg3gf,6,wordscra,Task,1578409142,46,1,False
1,71,womjg3gf,7,postexp,Risk,1578409146,4,1,False
1,71,womjg3gf,8,postexp,Pref1,1578409177,31,1,False
1,71,womjg3gf,9,postexp,Pref2,1578409192,15,1,False
1,71,womjg3gf,10,postexp,Demographics,1578409220,28,1,False
1,71,womjg3gf,11,postexp,ResultsTask,1578409243,23,1,False
1,73,8rvp8pmc,1,tt,Instructions,1578409187,155,1,False
1,73,8rvp8pmc,2,tt,Task,1578409239,52,1,False
1,73,8rvp8pmc,3,tt,BeliefInstructions,1578409254,15,1,False
1,73,8rvp8pmc,4,tt,Beliefs,1578409340,86,1,False
1,73,8rvp8pmc,5,tt,Questions,1578409372,32,1,False
1,73,8rvp8pmc,6,wordscra,Task,1578409426,54,1,False
1,73,8rvp8pmc,7,postexp,Risk,1578409436,10,1,False
1,73,8rvp8pmc,8,postexp,Pref1,1578409480,44,1,False
1,73,8rvp8pmc,9,postexp,Pref2,1578409514,34,1,False
1,73,8rvp8pmc,10,postexp,Demographics,1578409573,59,1,False
1,73,8rvp8pmc,11,postexp,ResultsTask,1578409583,10,1,False
1,74,xs9fce50,1,tt,Instructions,1578411026,1821,1,False
1,74,xs9fce50,2,tt,Task,1578411147,121,1,False
1,74,xs9fce50,3,tt,BeliefInstructions,1578411165,18,1,False
1,74,xs9fce50,4,tt,Beliefs,1578411301,136,1,False
1,74,xs9fce50,5,tt,Questions,1578411342,41,1,False
1,74,xs9fce50,6,wordscra,Task,1578411606,264,1,False
1,74,xs9fce50,7,postexp,Risk,1578411617,11,1,False
1,74,xs9fce50,8,postexp,Pref1,1578411665,48,1,False
1,74,xs9fce50,9,postexp,Pref2,1578411695,30,1,False
1,74,xs9fce50,10,postexp,Demographics,1578411785,90,1,False
1,74,xs9fce50,11,postexp,ResultsTask,1578411828,43,1,False
1,75,iqv0g6tc,1,tt,Instructions,1578409358,60,1,False
1,75,iqv0g6tc,2,tt,Task,1578409384,26,1,False
1,75,iqv0g6tc,3,tt,BeliefInstructions,1578409395,11,1,False
1,75,iqv0g6tc,4,tt,Beliefs,1578409477,82,1,False
1,75,iqv0g6tc,5,tt,Questions,1578409492,15,1,False
1,75,iqv0g6tc,6,wordscra,Task,1578409557,65,1,False
1,75,iqv0g6tc,7,postexp,Risk,1578409562,5,1,False
1,75,iqv0g6tc,8,postexp,Pref1,1578409591,29,1,False
1,75,iqv0g6tc,9,postexp,Pref2,1578409609,18,1,False
1,75,iqv0g6tc,10,postexp,Demographics,1578409642,33,1,False
1,75,iqv0g6tc,11,postexp,ResultsTask,1578409657,15,1,False
1,76,j6skh73h,1,tt,Instructions,1578409392,53,1,False
1,76,j6skh73h,2,tt,Task,1578409407,15,1,False
1,76,j6skh73h,3,tt,BeliefInstructions,1578409420,13,1,False
1,76,j6skh73h,4,tt,Beliefs,1578409461,41,1,False
1,76,j6skh73h,5,tt,Questions,1578409480,19,1,False
1,76,j6skh73h,6,wordscra,Task,1578409530,50,1,False
1,76,j6skh73h,7,postexp,Risk,1578409536,6,1,False
1,76,j6skh73h,8,postexp,Pref1,1578409557,21,1,False
1,76,j6skh73h,9,postexp,Pref2,1578409573,16,1,False
1,76,j6skh73h,10,postexp,Demographics,1578409603,30,1,False
1,76,j6skh73h,11,postexp,ResultsTask,1578409608,5,1,False
1,77,dkdwmpvg,1,tt,Instructions,1578409467,103,1,False
1,77,dkdwmpvg,2,tt,Task,1578409480,13,1,False
1,77,dkdwmpvg,3,tt,BeliefInstructions,1578409496,16,1,False
1,77,dkdwmpvg,4,tt,Beliefs,1578409535,39,1,False
1,77,dkdwmpvg,5,tt,Questions,1578409544,9,1,False
1,77,dkdwmpvg,6,wordscra,Task,1578409625,81,1,False
1,77,dkdwmpvg,7,postexp,Risk,1578409631,6,1,False
1,77,dkdwmpvg,8,postexp,Pref1,1578409645,14,1,False
1,77,dkdwmpvg,9,postexp,Pref2,1578409654,9,1,False
1,77,dkdwmpvg,10,postexp,Demographics,1578409682,28,1,False
1,77,dkdwmpvg,11,postexp,ResultsTask,1578409692,10,1,False
1,78,9bm36yfa,1,tt,Instructions,1578409448,33,1,False
1,78,9bm36yfa,2,tt,Task,1578409469,21,1,False
1,78,9bm36yfa,3,tt,BeliefInstructions,1578409477,8,1,False
1,78,9bm36yfa,4,tt,Beliefs,1578409514,37,1,False
1,78,9bm36yfa,5,tt,Questions,1578409524,10,1,False
1,78,9bm36yfa,6,wordscra,Task,1578409551,27,1,False
1,78,9bm36yfa,7,postexp,Risk,1578409556,5,1,False
1,78,9bm36yfa,8,postexp,Pref1,1578409573,17,1,False
1,78,9bm36yfa,9,postexp,Pref2,1578409592,19,1,False
1,78,9bm36yfa,10,postexp,Demographics,1578409634,42,1,False
1,78,9bm36yfa,11,postexp,ResultsTask,1578409652,18,1,False
1,79,wxq0012u,1,tt,Instructions,1578409773,14,1,False
1,79,wxq0012u,2,tt,Task,1578409804,31,1,False
1,79,wxq0012u,3,tt,BeliefInstructions,1578409824,20,1,False
1,79,wxq0012u,4,tt,Beliefs,1578409894,70,1,False
1,79,wxq0012u,5,tt,Questions,1578409905,11,1,False
1,79,wxq0012u,6,wordscra,Task,1578409958,53,1,False
1,79,wxq0012u,7,postexp,Risk,1578409969,11,1,False
1,79,wxq0012u,8,postexp,Pref1,1578409983,14,1,False
1,79,wxq0012u,9,postexp,Pref2,1578409992,9,1,False
1,79,wxq0012u,10,postexp,Demographics,1578410031,39,1,False
1,79,wxq0012u,11,postexp,ResultsTask,1578410039,8,1,False
1,80,mb5edp3a,1,tt,Instructions,1578409860,49,1,False
1,80,mb5edp3a,2,tt,Task,1578409885,25,1,False
1,80,mb5edp3a,3,tt,BeliefInstructions,1578409894,9,1,False
1,80,mb5edp3a,4,tt,Beliefs,1578409943,49,1,False
1,80,mb5edp3a,5,tt,Questions,1578409951,8,1,False
1,80,mb5edp3a,6,wordscra,Task,1578409974,23,1,False
1,80,mb5edp3a,7,postexp,Risk,1578409981,7,1,False
1,80,mb5edp3a,8,postexp,Pref1,1578410000,19,1,False
1,80,mb5edp3a,9,postexp,Pref2,1578410011,11,1,False
1,80,mb5edp3a,10,postexp,Demographics,1578410028,17,1,False
1,80,mb5edp3a,11,postexp,ResultsTask,1578410037,9,1,False
1,81,f272qshu,1,tt,Instructions,1578410022,42,1,False
1,81,f272qshu,2,tt,Task,1578410064,42,1,False
1,81,f272qshu,3,tt,BeliefInstructions,1578410074,10,1,False
1,81,f272qshu,4,tt,Beliefs,1578410120,46,1,False
1,81,f272qshu,5,tt,Questions,1578410142,22,1,False
1,81,f272qshu,6,wordscra,Task,1578410203,61,1,False
1,81,f272qshu,7,postexp,Risk,1578410212,9,1,False
1,81,f272qshu,8,postexp,Pref1,1578410246,34,1,False
1,81,f272qshu,9,postexp,Pref2,1578410263,17,1,False
1,81,f272qshu,10,postexp,Demographics,1578410537,274,1,False
1,81,f272qshu,11,postexp,ResultsTask,1578410555,18,1,False
1,82,u6668ef5,1,tt,Instructions,1578410308,17,1,False
1,82,u6668ef5,2,tt,Task,1578410330,22,1,False
1,82,u6668ef5,3,tt,BeliefInstructions,1578410340,10,1,False
1,82,u6668ef5,4,tt,Beliefs,1578410389,49,1,False
1,82,u6668ef5,5,tt,Questions,1578410408,19,1,False
1,82,u6668ef5,6,wordscra,Task,1578410462,54,1,False
1,82,u6668ef5,7,postexp,Risk,1578410476,14,1,False
1,82,u6668ef5,8,postexp,Pref1,1578410532,56,1,False
1,82,u6668ef5,9,postexp,Pref2,1578410543,11,1,False
1,82,u6668ef5,10,postexp,Demographics,1578410574,31,1,False
1,82,u6668ef5,11,postexp,ResultsTask,1578410582,8,1,False
1,83,onv7qjza,1,tt,Instructions,1578410342,48,1,False
1,83,onv7qjza,2,tt,Task,1578410376,34,1,False
1,83,onv7qjza,3,tt,BeliefInstructions,1578410391,15,1,False
1,83,onv7qjza,4,tt,Beliefs,1578410417,26,1,False
1,83,onv7qjza,5,tt,Questions,1578410429,12,1,False
1,83,onv7qjza,6,wordscra,Task,1578410482,53,1,False
1,83,onv7qjza,7,postexp,Risk,1578410492,10,1,False
1,83,onv7qjza,8,postexp,Pref1,1578410518,26,1,False
1,83,onv7qjza,9,postexp,Pref2,1578410537,19,1,False
1,83,onv7qjza,10,postexp,Demographics,1578410565,28,1,False
1,83,onv7qjza,11,postexp,ResultsTask,1578410577,12,1,False
1,84,cs1h5hfr,1,tt,Instructions,1578410484,78,1,False
1,84,cs1h5hfr,2,tt,Task,1578410542,58,1,False
1,84,cs1h5hfr,3,tt,BeliefInstructions,1578410558,16,1,False
1,84,cs1h5hfr,4,tt,Beliefs,1578410632,74,1,False
1,84,cs1h5hfr,5,tt,Questions,1578410652,20,1,False
1,84,cs1h5hfr,6,wordscra,Task,1578410706,54,1,False
1,84,cs1h5hfr,7,postexp,Risk,1578410712,6,1,False
1,84,cs1h5hfr,8,postexp,Pref1,1578410736,24,1,False
1,84,cs1h5hfr,9,postexp,Pref2,1578410752,16,1,False
1,84,cs1h5hfr,10,postexp,Demographics,1578410792,40,1,False
1,84,cs1h5hfr,11,postexp,ResultsTask,1578410798,6,1,False
1,85,oou4pg1i,1,tt,Instructions,1578410453,33,1,False
1,85,oou4pg1i,2,tt,Task,1578410475,22,1,False
1,85,oou4pg1i,3,tt,BeliefInstructions,1578410482,7,1,False
1,85,oou4pg1i,4,tt,Beliefs,1578410504,22,1,False
1,85,oou4pg1i,5,tt,Questions,1578410512,8,1,False
1,85,oou4pg1i,6,wordscra,Task,1578410558,46,1,False
1,85,oou4pg1i,7,postexp,Risk,1578410566,8,1,False
1,85,oou4pg1i,8,postexp,Pref1,1578410578,12,1,False
1,85,oou4pg1i,9,postexp,Pref2,1578410585,7,1,False
1,85,oou4pg1i,10,postexp,Demographics,1578410617,32,1,False
1,85,oou4pg1i,11,postexp,ResultsTask,1578410623,6,1,False
1,86,rgmicy5h,1,tt,Instructions,1578410485,35,1,False
1,86,rgmicy5h,2,tt,Task,1578410501,16,1,False
1,86,rgmicy5h,3,tt,BeliefInstructions,1578410512,11,1,False
1,86,rgmicy5h,4,tt,Beliefs,1578410537,25,1,False
1,86,rgmicy5h,5,tt,Questions,1578410549,12,1,False
1,86,rgmicy5h,6,wordscra,Task,1578410594,45,1,False
1,86,rgmicy5h,7,postexp,Risk,1578410602,8,1,False
1,86,rgmicy5h,8,postexp,Pref1,1578410626,24,1,False
1,86,rgmicy5h,9,postexp,Pref2,1578410637,11,1,False
1,86,rgmicy5h,10,postexp,Demographics,1578410661,24,1,False
1,86,rgmicy5h,11,postexp,ResultsTask,1578410668,7,1,False
1,87,u5x9jd5k,1,tt,Instructions,1578410592,45,1,False
1,87,u5x9jd5k,2,tt,Task,1578410606,14,1,False
1,87,u5x9jd5k,3,tt,BeliefInstructions,1578410623,17,1,False
1,87,u5x9jd5k,4,tt,Beliefs,1578410652,29,1,False
1,87,u5x9jd5k,5,tt,Questions,1578410664,12,1,False
1,87,u5x9jd5k,6,wordscra,Task,1578410760,96,1,False
1,87,u5x9jd5k,7,postexp,Risk,1578410768,8,1,False
1,87,u5x9jd5k,8,postexp,Pref1,1578410793,25,1,False
1,87,u5x9jd5k,9,postexp,Pref2,1578410810,17,1,False
1,87,u5x9jd5k,10,postexp,Demographics,1578410837,27,1,False
1,87,u5x9jd5k,11,postexp,ResultsTask,1578410847,10,1,False
1,88,1ge3np0z,1,tt,Instructions,1578410673,67,1,False
1,88,1ge3np0z,2,tt,Task,1578410707,34,1,False
1,88,1ge3np0z,3,tt,BeliefInstructions,1578410720,13,1,False
1,88,1ge3np0z,4,tt,Beliefs,1578410782,62,1,False
1,88,1ge3np0z,5,tt,Questions,1578410797,15,1,False
1,88,1ge3np0z,6,wordscra,Task,1578410862,65,1,False
1,88,1ge3np0z,7,postexp,Risk,1578410879,17,1,False
1,88,1ge3np0z,8,postexp,Pref1,1578410903,24,1,False
1,88,1ge3np0z,9,postexp,Pref2,1578410915,12,1,False
1,88,1ge3np0z,10,postexp,Demographics,1578410957,42,1,False
1,88,1ge3np0z,11,postexp,ResultsTask,1578410967,10,1,False
1,89,s1nxsku9,1,tt,Instructions,1578410865,55,1,False
1,89,s1nxsku9,2,tt,Task,1578410898,33,1,False
1,89,s1nxsku9,3,tt,BeliefInstructions,1578410932,34,1,False
1,89,s1nxsku9,4,tt,Beliefs,1578410975,43,1,False
1,89,s1nxsku9,5,tt,Questions,1578410990,15,1,False
1,89,s1nxsku9,6,wordscra,Task,1578411056,66,1,False
1,89,s1nxsku9,7,postexp,Risk,1578411064,8,1,False
1,89,s1nxsku9,8,postexp,Pref1,1578411101,37,1,False
1,89,s1nxsku9,9,postexp,Pref2,1578411117,16,1,False
1,89,s1nxsku9,10,postexp,Demographics,1578411165,48,1,False
1,89,s1nxsku9,11,postexp,ResultsTask,1578411182,17,1,False
1,90,6qoqeczo,1,tt,Instructions,1578410921,59,1,False
1,90,6qoqeczo,2,tt,Task,1578410959,38,1,False
1,90,6qoqeczo,3,tt,BeliefInstructions,1578410971,12,1,False
1,90,6qoqeczo,4,tt,Beliefs,1578410992,21,1,False
1,91,fz3iophw,1,tt,Instructions,1578410946,34,1,False
1,91,fz3iophw,2,tt,Task,1578410984,38,1,False
1,91,fz3iophw,3,tt,BeliefInstructions,1578410999,15,1,False
1,91,fz3iophw,4,tt,Beliefs,1578411031,32,1,False
1,91,fz3iophw,5,tt,Questions,1578411053,22,1,False
1,91,fz3iophw,6,wordscra,Task,1578411089,36,1,False
1,91,fz3iophw,7,postexp,Risk,1578411099,10,1,False
1,91,fz3iophw,8,postexp,Pref1,1578411132,33,1,False
1,91,fz3iophw,9,postexp,Pref2,1578411153,21,1,False
1,91,fz3iophw,10,postexp,Demographics,1578411184,31,1,False
1,91,fz3iophw,11,postexp,ResultsTask,1578411219,35,1,False
1,92,497yfp3t,1,tt,Instructions,1578411406,58,1,False
1,92,497yfp3t,2,tt,Task,1578411456,50,1,False
1,92,497yfp3t,3,tt,BeliefInstructions,1578411468,12,1,False
1,92,497yfp3t,4,tt,Beliefs,1578411506,38,1,False
1,92,497yfp3t,5,tt,Questions,1578411521,15,1,False
1,92,497yfp3t,6,wordscra,Task,1578411579,58,1,False
1,92,497yfp3t,7,postexp,Risk,1578411587,8,1,False
1,92,497yfp3t,8,postexp,Pref1,1578411608,21,1,False
1,92,497yfp3t,9,postexp,Pref2,1578411621,13,1,False
1,92,497yfp3t,10,postexp,Demographics,1578411654,33,1,False
1,92,497yfp3t,11,postexp,ResultsTask,1578411659,5,1,False
1,93,g5ew4ygv,1,tt,Instructions,1578411705,51,1,False
1,93,g5ew4ygv,2,tt,Task,1578411728,23,1,False
1,93,g5ew4ygv,3,tt,BeliefInstructions,1578411742,14,1,False
1,93,g5ew4ygv,4,tt,Beliefs,1578411778,36,1,False
1,93,g5ew4ygv,5,tt,Questions,1578411794,16,1,False
1,93,g5ew4ygv,6,wordscra,Task,1578411876,82,1,False
1,93,g5ew4ygv,7,postexp,Risk,1578411883,7,1,False
1,93,g5ew4ygv,8,postexp,Pref1,1578411910,27,1,False
1,93,g5ew4ygv,9,postexp,Pref2,1578411928,18,1,False
1,93,g5ew4ygv,10,postexp,Demographics,1578411965,37,1,False
1,93,g5ew4ygv,11,postexp,ResultsTask,1578411980,15,1,False
1,94,4oa1or2n,1,tt,Instructions,1578411857,33,1,False
1,94,4oa1or2n,2,tt,Task,1578411888,31,1,False
1,94,4oa1or2n,3,tt,BeliefInstructions,1578411896,8,1,False
1,94,4oa1or2n,4,tt,Beliefs,1578411909,13,1,False
1,94,4oa1or2n,5,tt,Questions,1578411925,16,1,False
1,94,4oa1or2n,6,wordscra,Task,1578411953,28,1,False
1,94,4oa1or2n,7,postexp,Risk,1578411962,9,1,False
1,94,4oa1or2n,8,postexp,Pref1,1578411985,23,1,False
1,94,4oa1or2n,9,postexp,Pref2,1578411999,14,1,False
1,94,4oa1or2n,10,postexp,Demographics,1578412031,32,1,False
1,94,4oa1or2n,11,postexp,ResultsTask,1578412040,9,1,False
1,95,wouvm967,1,tt,Instructions,1578411947,36,1,False
1,95,wouvm967,2,tt,Task,1578411968,21,1,False
1,95,wouvm967,3,tt,BeliefInstructions,1578411977,9,1,False
1,95,wouvm967,4,tt,Beliefs,1578412041,64,1,False
1,95,wouvm967,5,tt,Questions,1578412055,14,1,False
1,95,wouvm967,6,wordscra,Task,1578412111,56,1,False
1,95,wouvm967,7,postexp,Risk,1578412125,14,1,False
1,95,wouvm967,8,postexp,Pref1,1578412157,32,1,False
1,95,wouvm967,9,postexp,Pref2,1578412201,44,1,False
1,95,wouvm967,10,postexp,Demographics,1578412231,30,1,False
1,95,wouvm967,11,postexp,ResultsTask,1578412240,9,1,False
1,96,a686u7o5,1,tt,Instructions,1578412011,36,1,False
1,96,a686u7o5,2,tt,Task,1578412036,25,1,False
1,96,a686u7o5,3,tt,BeliefInstructions,1578412048,12,1,False
1,96,a686u7o5,4,tt,Beliefs,1578412070,22,1,False
1,96,a686u7o5,5,tt,Questions,1578412081,11,1,False
1,96,a686u7o5,6,wordscra,Task,1578412142,61,1,False
1,96,a686u7o5,7,postexp,Risk,1578412156,14,1,False
1,96,a686u7o5,8,postexp,Pref1,1578412187,31,1,False
1,96,a686u7o5,9,postexp,Pref2,1578412206,19,1,False
1,96,a686u7o5,10,postexp,Demographics,1578412259,53,1,False
1,96,a686u7o5,11,postexp,ResultsTask,1578412276,17,1,False
1,97,v0d34ant,1,tt,Instructions,1578412186,55,1,False
1,97,v0d34ant,2,tt,Task,1578412224,38,1,False
1,97,v0d34ant,3,tt,BeliefInstructions,1578412235,11,1,False
1,97,v0d34ant,4,tt,Beliefs,1578412272,37,1,False
1,97,v0d34ant,5,tt,Questions,1578412290,18,1,False
1,97,v0d34ant,6,wordscra,Task,1578412372,82,1,False
1,97,v0d34ant,7,postexp,Risk,1578412381,9,1,False
1,97,v0d34ant,8,postexp,Pref1,1578412415,34,1,False
1,97,v0d34ant,9,postexp,Pref2,1578412431,16,1,False
1,97,v0d34ant,10,postexp,Demographics,1578412475,44,1,False
1,97,v0d34ant,11,postexp,ResultsTask,1578412484,9,1,False
1,98,ewvyxfno,1,tt,Instructions,1578412410,83,1,False
1,98,ewvyxfno,2,tt,Task,1578412425,15,1,False
1,98,ewvyxfno,3,tt,BeliefInstructions,1578412431,6,1,False
1,98,ewvyxfno,4,tt,Beliefs,1578412459,28,1,False
1,98,ewvyxfno,5,tt,Questions,1578412470,11,1,False
1,98,ewvyxfno,6,wordscra,Task,1578412521,51,1,False
1,98,ewvyxfno,7,postexp,Risk,1578412525,4,1,False
1,98,ewvyxfno,8,postexp,Pref1,1578412568,43,1,False
1,98,ewvyxfno,9,postexp,Pref2,1578412575,7,1,False
1,98,ewvyxfno,10,postexp,Demographics,1578412600,25,1,False
1,98,ewvyxfno,11,postexp,ResultsTask,1578412693,93,1,False
1,99,eu4s0szd,1,tt,Instructions,1578412377,41,1,False
1,99,eu4s0szd,2,tt,Task,1578412390,13,1,False
1,99,eu4s0szd,3,tt,BeliefInstructions,1578412401,11,1,False
1,99,eu4s0szd,4,tt,Beliefs,1578412427,26,1,False
1,99,eu4s0szd,5,tt,Questions,1578412438,11,1,False
1,99,eu4s0szd,6,wordscra,Task,1578412474,36,1,False
1,99,eu4s0szd,7,postexp,Risk,1578412481,7,1,False
1,99,eu4s0szd,8,postexp,Pref1,1578412497,16,1,False
1,99,eu4s0szd,9,postexp,Pref2,1578412507,10,1,False
1,99,eu4s0szd,10,postexp,Demographics,1578412533,26,1,False
1,99,eu4s0szd,11,postexp,ResultsTask,1578412537,4,1,False
1,100,04dezfaz,1,tt,Instructions,1578412620,14,1,False
1,100,04dezfaz,2,tt,Task,1578412633,13,1,False
1,100,04dezfaz,3,tt,BeliefInstructions,1578412635,2,1,False
1,100,04dezfaz,4,tt,Beliefs,1578412665,30,1,False
1,100,04dezfaz,5,tt,Questions,1578412677,12,1,False
1,100,04dezfaz,6,wordscra,Task,1578412717,40,1,False
1,100,04dezfaz,7,postexp,Risk,1578412739,22,1,False
1,100,04dezfaz,8,postexp,Pref1,1578412804,65,1,False
1,100,04dezfaz,9,postexp,Pref2,1578412821,17,1,False
1,100,04dezfaz,10,postexp,Demographics,1578413022,201,1,False
1,100,04dezfaz,11,postexp,ResultsTask,1578413032,10,1,False
1,101,ds07y1vy,1,tt,Instructions,1578412737,49,1,False
1,101,ds07y1vy,2,tt,Task,1578412791,54,1,False
1,101,ds07y1vy,3,tt,BeliefInstructions,1578412822,31,1,False
1,101,ds07y1vy,4,tt,Beliefs,1578412867,45,1,False
1,101,ds07y1vy,5,tt,Questions,1578412889,22,1,False
1,101,ds07y1vy,6,wordscra,Task,1578412957,68,1,False
1,101,ds07y1vy,7,postexp,Risk,1578412966,9,1,False
1,101,ds07y1vy,8,postexp,Pref1,1578413043,77,1,False
1,101,ds07y1vy,9,postexp,Pref2,1578413063,20,1,False
1,101,ds07y1vy,10,postexp,Demographics,1578413104,41,1,False
1,101,ds07y1vy,11,postexp,ResultsTask,1578413118,14,1,False
1,102,rv7sakd5,1,tt,Instructions,1578412774,60,1,False
1,102,rv7sakd5,2,tt,Task,1578412798,24,1,False
1,102,rv7sakd5,3,tt,BeliefInstructions,1578412821,23,1,False
1,102,rv7sakd5,4,tt,Beliefs,1578412866,45,1,False
1,102,rv7sakd5,5,tt,Questions,1578412884,18,1,False
1,102,rv7sakd5,6,wordscra,Task,1578412989,105,1,False
1,102,rv7sakd5,7,postexp,Risk,1578412996,7,1,False
1,102,rv7sakd5,8,postexp,Pref1,1578413024,28,1,False
1,102,rv7sakd5,9,postexp,Pref2,1578413041,17,1,False
1,102,rv7sakd5,10,postexp,Demographics,1578413068,27,1,False
1,102,rv7sakd5,11,postexp,ResultsTask,1578413078,10,1,False
1,103,56cmxjzx,1,tt,Instructions,1578412857,77,1,False
1,103,56cmxjzx,2,tt,Task,1578412889,32,1,False
1,103,56cmxjzx,3,tt,BeliefInstructions,1578413054,165,1,False
1,103,56cmxjzx,4,tt,Beliefs,1578413111,57,1,False
1,103,56cmxjzx,5,tt,Questions,1578413134,23,1,False
1,103,56cmxjzx,6,wordscra,Task,1578413186,52,1,False
1,103,56cmxjzx,7,postexp,Risk,1578413196,10,1,False
1,103,56cmxjzx,8,postexp,Pref1,1578413227,31,1,False
1,103,56cmxjzx,9,postexp,Pref2,1578413242,15,1,False
1,103,56cmxjzx,10,postexp,Demographics,1578413277,35,1,False
1,103,56cmxjzx,11,postexp,ResultsTask,1578413298,21,1,False
1,104,3ajyno09,1,tt,Instructions,1578413234,46,1,False
1,104,3ajyno09,2,tt,Task,1578413268,34,1,False
1,104,3ajyno09,3,tt,BeliefInstructions,1578413283,15,1,False
1,104,3ajyno09,4,tt,Beliefs,1578413312,29,1,False
1,104,3ajyno09,5,tt,Questions,1578413345,33,1,False
1,104,3ajyno09,6,wordscra,Task,1578413442,97,1,False
1,104,3ajyno09,7,postexp,Risk,1578413450,8,1,False
1,104,3ajyno09,8,postexp,Pref1,1578413502,52,1,False
1,104,3ajyno09,9,postexp,Pref2,1578413521,19,1,False
1,104,3ajyno09,10,postexp,Demographics,1578413577,56,1,False
1,104,3ajyno09,11,postexp,ResultsTask,1578413593,16,1,False
1,105,88npf4s8,1,tt,Instructions,1578413269,47,1,False
1,105,88npf4s8,2,tt,Task,1578413294,25,1,False
1,105,88npf4s8,3,tt,BeliefInstructions,1578413314,20,1,False
1,105,88npf4s8,4,tt,Beliefs,1578413366,52,1,False
1,105,88npf4s8,5,tt,Questions,1578413385,19,1,False
1,105,88npf4s8,6,wordscra,Task,1578413431,46,1,False
1,105,88npf4s8,7,postexp,Risk,1578413440,9,1,False
1,105,88npf4s8,8,postexp,Pref1,1578413484,44,1,False
1,105,88npf4s8,9,postexp,Pref2,1578413515,31,1,False
1,105,88npf4s8,10,postexp,Demographics,1578413576,61,1,False
1,105,88npf4s8,11,postexp,ResultsTask,1578413585,9,1,False
1,106,fezi9xqm,1,tt,Instructions,1578413289,42,1,False
1,106,fezi9xqm,2,tt,Task,1578413314,25,1,False
1,106,fezi9xqm,3,tt,BeliefInstructions,1578413331,17,1,False
1,106,fezi9xqm,4,tt,Beliefs,1578413384,53,1,False
1,106,fezi9xqm,5,tt,Questions,1578413396,12,1,False
1,106,fezi9xqm,6,wordscra,Task,1578413494,98,1,False
1,106,fezi9xqm,7,postexp,Risk,1578413501,7,1,False
1,106,fezi9xqm,8,postexp,Pref1,1578413527,26,1,False
1,106,fezi9xqm,9,postexp,Pref2,1578413544,17,1,False
1,106,fezi9xqm,10,postexp,Demographics,1578413586,42,1,False
1,106,fezi9xqm,11,postexp,ResultsTask,1578413607,21,1,False
1,107,4uqhe9kj,1,tt,Instructions,1578413435,37,1,False
1,107,4uqhe9kj,2,tt,Task,1578413450,15,1,False
1,107,4uqhe9kj,3,tt,BeliefInstructions,1578413458,8,1,False
1,107,4uqhe9kj,4,tt,Beliefs,1578413494,36,1,False
1,107,4uqhe9kj,5,tt,Questions,1578413509,15,1,False
1,107,4uqhe9kj,6,wordscra,Task,1578413548,39,1,False
1,107,4uqhe9kj,7,postexp,Risk,1578413554,6,1,False
1,107,4uqhe9kj,8,postexp,Pref1,1578413580,26,1,False
1,107,4uqhe9kj,9,postexp,Pref2,1578413594,14,1,False
1,107,4uqhe9kj,10,postexp,Demographics,1578413625,31,1,False
1,107,4uqhe9kj,11,postexp,ResultsTask,1578413630,5,1,False
1,108,dteops2g,1,tt,Instructions,1578413750,122,1,False
1,108,dteops2g,2,tt,Task,1578413766,16,1,False
1,108,dteops2g,3,tt,BeliefInstructions,1578413857,91,1,False
1,108,dteops2g,4,tt,Beliefs,1578413896,39,1,False
1,108,dteops2g,5,tt,Questions,1578413941,45,1,False
1,108,dteops2g,6,wordscra,Task,1578413986,45,1,False
1,108,dteops2g,7,postexp,Risk,1578413990,4,1,False
1,108,dteops2g,8,postexp,Pref1,1578414031,41,1,False
1,108,dteops2g,9,postexp,Pref2,1578414044,13,1,False
1,108,dteops2g,10,postexp,Demographics,1578414064,20,1,False
1,108,dteops2g,11,postexp,ResultsTask,1578414097,33,1,False
1,109,jrrbbjjm,1,tt,Instructions,1578413758,74,1,False
1,109,jrrbbjjm,2,tt,Task,1578413785,27,1,False
1,109,jrrbbjjm,3,tt,BeliefInstructions,1578413797,12,1,False
1,109,jrrbbjjm,4,tt,Beliefs,1578413833,36,1,False
1,109,jrrbbjjm,5,tt,Questions,1578413854,21,1,False
1,109,jrrbbjjm,6,wordscra,Task,1578414014,160,1,False
1,109,jrrbbjjm,7,postexp,Risk,1578414021,7,1,False
1,109,jrrbbjjm,8,postexp,Pref1,1578414058,37,1,False
1,109,jrrbbjjm,9,postexp,Pref2,1578414079,21,1,False
1,109,jrrbbjjm,10,postexp,Demographics,1578414113,34,1,False
1,109,jrrbbjjm,11,postexp,ResultsTask,1578414120,7,1,False
1,110,krz3h7aw,1,tt,Instructions,1578413811,20,1,False
1,110,krz3h7aw,2,tt,Task,1578414108,297,1,False
1,110,krz3h7aw,3,tt,BeliefInstructions,1578414126,18,1,False
1,110,krz3h7aw,4,tt,Beliefs,1578414218,92,1,False
1,110,krz3h7aw,5,tt,Questions,1578414241,23,1,False
1,110,krz3h7aw,6,wordscra,Task,1578414328,87,1,False
1,110,krz3h7aw,7,postexp,Risk,1578414333,5,1,False
1,110,krz3h7aw,8,postexp,Pref1,1578414363,30,1,False
1,110,krz3h7aw,9,postexp,Pref2,1578414380,17,1,False
1,110,krz3h7aw,10,postexp,Demographics,1578414408,28,1,False
1,110,krz3h7aw,11,postexp,ResultsTask,1578414421,13,1,False
1,111,ju6cqbyb,1,tt,Instructions,1578414231,332,1,False
1,111,ju6cqbyb,2,tt,Task,1578414259,28,1,False
1,111,ju6cqbyb,3,tt,BeliefInstructions,1578414286,27,1,False
1,111,ju6cqbyb,4,tt,Beliefs,1578414327,41,1,False
1,111,ju6cqbyb,5,tt,Questions,1578414348,21,1,False
1,111,ju6cqbyb,6,wordscra,Task,1578414402,54,1,False
1,111,ju6cqbyb,7,postexp,Risk,1578414412,10,1,False
1,111,ju6cqbyb,8,postexp,Pref1,1578414453,41,1,False
1,111,ju6cqbyb,9,postexp,Pref2,1578414473,20,1,False
1,111,ju6cqbyb,10,postexp,Demographics,1578414570,97,1,False
1,111,ju6cqbyb,11,postexp,ResultsTask,1578414586,16,1,False
1,112,tii7niaw,1,tt,Instructions,1578414271,48,1,False
1,112,tii7niaw,2,tt,Task,1578414295,24,1,False
1,112,tii7niaw,3,tt,BeliefInstructions,1578414311,16,1,False
1,112,tii7niaw,4,tt,Beliefs,1578414346,35,1,False
1,112,tii7niaw,5,tt,Questions,1578414360,14,1,False
1,112,tii7niaw,6,wordscra,Task,1578414481,121,1,False
1,112,tii7niaw,7,postexp,Risk,1578414495,14,1,False
1,112,tii7niaw,8,postexp,Pref1,1578414537,42,1,False
1,112,tii7niaw,9,postexp,Pref2,1578414558,21,1,False
1,112,tii7niaw,10,postexp,Demographics,1578414626,68,1,False
1,112,tii7niaw,11,postexp,ResultsTask,1578414635,9,1,False
1,113,vppdsj9c,1,tt,Instructions,1578414474,91,1,False
1,113,vppdsj9c,2,tt,Task,1578414505,31,1,False
1,113,vppdsj9c,3,tt,BeliefInstructions,1578414519,14,1,False
1,113,vppdsj9c,4,tt,Beliefs,1578414555,36,1,False
1,113,vppdsj9c,5,tt,Questions,1578414574,19,1,False
1,113,vppdsj9c,6,wordscra,Task,1578414606,32,1,False
1,113,vppdsj9c,7,postexp,Risk,1578414618,12,1,False
1,113,vppdsj9c,8,postexp,Pref1,1578414655,37,1,False
1,113,vppdsj9c,9,postexp,Pref2,1578414676,21,1,False
1,113,vppdsj9c,10,postexp,Demographics,1578414719,43,1,False
1,113,vppdsj9c,11,postexp,ResultsTask,1578414727,8,1,False
1,114,zsony8zn,1,tt,Instructions,1578415330,68,1,False
1,114,zsony8zn,2,tt,Task,1578415375,45,1,False
1,114,zsony8zn,3,tt,BeliefInstructions,1578415387,12,1,False
1,114,zsony8zn,4,tt,Beliefs,1578415434,47,1,False
1,114,zsony8zn,5,tt,Questions,1578415470,36,1,False
1,114,zsony8zn,6,wordscra,Task,1578415506,36,1,False
1,114,zsony8zn,7,postexp,Risk,1578415511,5,1,False
1,114,zsony8zn,8,postexp,Pref1,1578415574,63,1,False
1,114,zsony8zn,9,postexp,Pref2,1578415606,32,1,False
1,114,zsony8zn,10,postexp,Demographics,1578415645,39,1,False
1,114,zsony8zn,11,postexp,ResultsTask,1578415651,6,1,False
1,115,9wqyt7p8,1,tt,Instructions,1578415827,29,1,False
1,115,9wqyt7p8,2,tt,Task,1578415846,19,1,False
1,115,9wqyt7p8,3,tt,BeliefInstructions,1578415852,6,1,False
1,115,9wqyt7p8,4,tt,Beliefs,1578415872,20,1,False
1,115,9wqyt7p8,5,tt,Questions,1578415881,9,1,False
1,115,9wqyt7p8,6,wordscra,Task,1578415899,18,1,False
1,115,9wqyt7p8,7,postexp,Risk,1578415904,5,1,False
1,115,9wqyt7p8,8,postexp,Pref1,1578415918,14,1,False
1,115,9wqyt7p8,9,postexp,Pref2,1578415935,17,1,False
1,115,9wqyt7p8,10,postexp,Demographics,1578415956,21,1,False
1,115,9wqyt7p8,11,postexp,ResultsTask,1578415962,6,1,False
1,116,4xuzudtv,1,tt,Instructions,1578416408,70,1,False
1,116,4xuzudtv,2,tt,Task,1578416447,39,1,False
1,116,4xuzudtv,3,tt,BeliefInstructions,1578416459,12,1,False
1,116,4xuzudtv,4,tt,Beliefs,1578416501,42,1,False
1,116,4xuzudtv,5,tt,Questions,1578416513,12,1,False
1,116,4xuzudtv,6,wordscra,Task,1578416557,44,1,False
1,116,4xuzudtv,7,postexp,Risk,1578416567,10,1,False
1,116,4xuzudtv,8,postexp,Pref1,1578416598,31,1,False
1,116,4xuzudtv,9,postexp,Pref2,1578416609,11,1,False
1,116,4xuzudtv,10,postexp,Demographics,1578416635,26,1,False
1,116,4xuzudtv,11,postexp,ResultsTask,1578416643,8,1,False
1,117,ydw6n02z,1,tt,Instructions,1578416918,59,1,False
1,117,ydw6n02z,2,tt,Task,1578416943,25,1,False
1,117,ydw6n02z,3,tt,BeliefInstructions,1578416954,11,1,False
1,117,ydw6n02z,4,tt,Beliefs,1578416979,25,1,False
1,117,ydw6n02z,5,tt,Questions,1578416995,16,1,False
1,117,ydw6n02z,6,wordscra,Task,1578417031,36,1,False
1,117,ydw6n02z,7,postexp,Risk,1578417038,7,1,False
1,117,ydw6n02z,8,postexp,Pref1,1578417066,28,1,False
1,117,ydw6n02z,9,postexp,Pref2,1578417124,58,1,False
1,117,ydw6n02z,10,postexp,Demographics,1578417148,24,1,False
1,117,ydw6n02z,11,postexp,ResultsTask,1578417154,6,1,False
1,118,p2t3gynq,1,tt,Instructions,1578416996,59,1,False
1,118,p2t3gynq,2,tt,Task,1578417124,128,1,False
1,118,p2t3gynq,3,tt,BeliefInstructions,1578417138,14,1,False
1,118,p2t3gynq,4,tt,Beliefs,1578417184,46,1,False
1,118,p2t3gynq,5,tt,Questions,1578417206,22,1,False
1,118,p2t3gynq,6,wordscra,Task,1578417254,48,1,False
1,118,p2t3gynq,7,postexp,Risk,1578417264,10,1,False
1,118,p2t3gynq,8,postexp,Pref1,1578417295,31,1,False
1,118,p2t3gynq,9,postexp,Pref2,1578417312,17,1,False
1,118,p2t3gynq,10,postexp,Demographics,1578417344,32,1,False
1,118,p2t3gynq,11,postexp,ResultsTask,1578417365,21,1,False
1,119,jsk5asp6,1,tt,Instructions,1578417186,70,1,False
1,119,jsk5asp6,2,tt,Task,1578417225,39,1,False
1,119,jsk5asp6,3,tt,BeliefInstructions,1578417236,11,1,False
1,119,jsk5asp6,4,tt,Beliefs,1578417271,35,1,False
1,119,jsk5asp6,5,tt,Questions,1578417283,12,1,False
1,119,jsk5asp6,6,wordscra,Task,1578417335,52,1,False
1,119,jsk5asp6,7,postexp,Risk,1578417343,8,1,False
1,119,jsk5asp6,8,postexp,Pref1,1578417366,23,1,False
1,119,jsk5asp6,9,postexp,Pref2,1578417379,13,1,False
1,119,jsk5asp6,10,postexp,Demographics,1578417421,42,1,False
1,119,jsk5asp6,11,postexp,ResultsTask,1578417433,12,1,False
1,120,jz7uwfrb,1,tt,Instructions,1578417308,39,1,False
1,120,jz7uwfrb,2,tt,Task,1578417377,69,1,False
1,120,jz7uwfrb,3,tt,BeliefInstructions,1578417390,13,1,False
1,120,jz7uwfrb,4,tt,Beliefs,1578417456,66,1,False
1,120,jz7uwfrb,5,tt,Questions,1578417495,39,1,False
1,120,jz7uwfrb,6,wordscra,Task,1578417613,118,1,False
1,120,jz7uwfrb,7,postexp,Risk,1578417625,12,1,False
1,120,jz7uwfrb,8,postexp,Pref1,1578417705,80,1,False
1,120,jz7uwfrb,9,postexp,Pref2,1578417730,25,1,False
1,120,jz7uwfrb,10,postexp,Demographics,1578417775,45,1,False
1,120,jz7uwfrb,11,postexp,ResultsTask,1578417789,14,1,False
1,121,t4si0mzd,1,tt,Instructions,1578417419,64,1,False
1,121,t4si0mzd,2,tt,Task,1578417466,47,1,False
1,121,t4si0mzd,3,tt,BeliefInstructions,1578417481,15,1,False
1,121,t4si0mzd,4,tt,Beliefs,1578417625,144,1,False
1,121,t4si0mzd,5,tt,Questions,1578417649,24,1,False
1,121,t4si0mzd,6,wordscra,Task,1578417763,114,1,False
1,121,t4si0mzd,7,postexp,Risk,1578417778,15,1,False
1,121,t4si0mzd,8,postexp,Pref1,1578417815,37,1,False
1,121,t4si0mzd,9,postexp,Pref2,1578417831,16,1,False
1,121,t4si0mzd,10,postexp,Demographics,1578417874,43,1,False
1,121,t4si0mzd,11,postexp,ResultsTask,1578417895,21,1,False
1,122,wx3dmfxf,1,tt,Instructions,1578417715,98,1,False
1,122,wx3dmfxf,2,tt,Task,1578417800,85,1,False
1,122,wx3dmfxf,3,tt,BeliefInstructions,1578417822,22,1,False
1,122,wx3dmfxf,4,tt,Beliefs,1578417869,47,1,False
1,122,wx3dmfxf,5,tt,Questions,1578417894,25,1,False
1,122,wx3dmfxf,6,wordscra,Task,1578417957,63,1,False
1,122,wx3dmfxf,7,postexp,Risk,1578417973,16,1,False
1,122,wx3dmfxf,8,postexp,Pref1,1578418013,40,1,False
1,122,wx3dmfxf,9,postexp,Pref2,1578418047,34,1,False
1,122,wx3dmfxf,10,postexp,Demographics,1578418112,65,1,False
1,122,wx3dmfxf,11,postexp,ResultsTask,1578418118,6,1,False
1,123,i1fy3xj3,1,tt,Instructions,1578417991,29,1,False
1,123,i1fy3xj3,2,tt,Task,1578418019,28,1,False
1,123,i1fy3xj3,3,tt,BeliefInstructions,1578418025,6,1,False
1,123,i1fy3xj3,4,tt,Beliefs,1578418051,26,1,False
1,123,i1fy3xj3,5,tt,Questions,1578418061,10,1,False
1,123,i1fy3xj3,6,wordscra,Task,1578418121,60,1,False
1,123,i1fy3xj3,7,postexp,Risk,1578418129,8,1,False
1,123,i1fy3xj3,8,postexp,Pref1,1578418157,28,1,False
1,123,i1fy3xj3,9,postexp,Pref2,1578418169,12,1,False
1,123,i1fy3xj3,10,postexp,Demographics,1578418213,44,1,False
1,123,i1fy3xj3,11,postexp,ResultsTask,1578418223,10,1,False
1,124,ih61lhti,1,tt,Instructions,1578418689,69,1,False
1,124,ih61lhti,2,tt,Task,1578418729,40,1,False
1,124,ih61lhti,3,tt,BeliefInstructions,1578418746,17,1,False
1,124,ih61lhti,4,tt,Beliefs,1578418848,102,1,False
1,124,ih61lhti,5,tt,Questions,1578418861,13,1,False
1,124,ih61lhti,6,wordscra,Task,1578418906,45,1,False
1,124,ih61lhti,7,postexp,Risk,1578418910,4,1,False
1,124,ih61lhti,8,postexp,Pref1,1578418933,23,1,False
1,124,ih61lhti,9,postexp,Pref2,1578418950,17,1,False
1,124,ih61lhti,10,postexp,Demographics,1578418975,25,1,False
1,124,ih61lhti,11,postexp,ResultsTask,1578418984,9,1,False
1,125,651v59s3,1,tt,Instructions,1578418723,38,1,False
1,125,651v59s3,2,tt,Task,1578418768,45,1,False
1,125,651v59s3,3,tt,BeliefInstructions,1578418777,9,1,False
1,125,651v59s3,4,tt,Beliefs,1578418800,23,1,False
1,125,651v59s3,5,tt,Questions,1578418811,11,1,False
1,125,651v59s3,6,wordscra,Task,1578418895,84,1,False
1,125,651v59s3,7,postexp,Risk,1578418903,8,1,False
1,125,651v59s3,8,postexp,Pref1,1578418924,21,1,False
1,125,651v59s3,9,postexp,Pref2,1578418943,19,1,False
1,125,651v59s3,10,postexp,Demographics,1578418973,30,1,False
1,125,651v59s3,11,postexp,ResultsTask,1578418986,13,1,False
1,126,zsb3bx8p,1,tt,Instructions,1578418766,51,1,False
1,126,zsb3bx8p,2,tt,Task,1578418783,17,1,False
1,126,zsb3bx8p,3,tt,BeliefInstructions,1578418790,7,1,False
1,126,zsb3bx8p,4,tt,Beliefs,1578418805,15,1,False
1,126,zsb3bx8p,5,tt,Questions,1578418815,10,1,False
1,126,zsb3bx8p,6,wordscra,Task,1578418839,24,1,False
1,126,zsb3bx8p,7,postexp,Risk,1578418843,4,1,False
1,126,zsb3bx8p,8,postexp,Pref1,1578418856,13,1,False
1,126,zsb3bx8p,9,postexp,Pref2,1578418868,12,1,False
1,126,zsb3bx8p,10,postexp,Demographics,1578418911,43,1,False
1,126,zsb3bx8p,11,postexp,ResultsTask,1578418916,5,1,False
1,127,eilpdpag,1,tt,Instructions,1578418808,75,1,False
1,127,eilpdpag,2,tt,Task,1578418831,23,1,False
1,127,eilpdpag,3,tt,BeliefInstructions,1578418865,34,1,False
1,127,eilpdpag,4,tt,Beliefs,1578418907,42,1,False
1,127,eilpdpag,5,tt,Questions,1578418935,28,1,False
1,127,eilpdpag,6,wordscra,Task,1578419088,153,1,False
1,127,eilpdpag,7,postexp,Risk,1578419111,23,1,False
1,127,eilpdpag,8,postexp,Pref1,1578419163,52,1,False
1,127,eilpdpag,9,postexp,Pref2,1578419197,34,1,False
1,127,eilpdpag,10,postexp,Demographics,1578419234,37,1,False
1,127,eilpdpag,11,postexp,ResultsTask,1578419263,29,1,False
1,129,2zp7v5po,1,tt,Instructions,1578419046,35,1,False
1,129,2zp7v5po,2,tt,Task,1578419084,38,1,False
1,129,2zp7v5po,3,tt,BeliefInstructions,1578419103,19,1,False
1,129,2zp7v5po,4,tt,Beliefs,1578419133,30,1,False
1,129,2zp7v5po,5,tt,Questions,1578419160,27,1,False
1,129,2zp7v5po,6,wordscra,Task,1578419226,66,1,False
1,129,2zp7v5po,7,postexp,Risk,1578419234,8,1,False
1,129,2zp7v5po,8,postexp,Pref1,1578419263,29,1,False
1,129,2zp7v5po,9,postexp,Pref2,1578419283,20,1,False
1,129,2zp7v5po,10,postexp,Demographics,1578419320,37,1,False
1,129,2zp7v5po,11,postexp,ResultsTask,1578419341,21,1,False
1,131,wd83ns53,1,tt,Instructions,1578419366,15,1,False
1,131,wd83ns53,2,tt,Task,1578419400,34,1,False
1,131,wd83ns53,3,tt,BeliefInstructions,1578419407,7,1,False
1,131,wd83ns53,4,tt,Beliefs,1578419439,32,1,False
1,131,wd83ns53,5,tt,Questions,1578419449,10,1,False
1,131,wd83ns53,6,wordscra,Task,1578419518,69,1,False
1,131,wd83ns53,7,postexp,Risk,1578419532,14,1,False
1,131,wd83ns53,8,postexp,Pref1,1578419559,27,1,False
1,131,wd83ns53,9,postexp,Pref2,1578419574,15,1,False
1,131,wd83ns53,10,postexp,Demographics,1578419604,30,1,False
1,131,wd83ns53,11,postexp,ResultsTask,1578419615,11,1,False
1,132,z59hd6r8,1,tt,Instructions,1578419449,98,1,False
1,132,z59hd6r8,2,tt,Task,1578419519,70,1,False
1,132,z59hd6r8,3,tt,BeliefInstructions,1578419638,119,1,False
1,132,z59hd6r8,4,tt,Beliefs,1578419730,92,1,False
1,132,z59hd6r8,5,tt,Questions,1578419839,109,1,False
1,132,z59hd6r8,6,wordscra,Task,1578419904,65,1,False
1,132,z59hd6r8,7,postexp,Risk,1578419924,20,1,False
1,132,z59hd6r8,8,postexp,Pref1,1578420012,88,1,False
1,132,z59hd6r8,9,postexp,Pref2,1578420047,35,1,False
1,132,z59hd6r8,10,postexp,Demographics,1578420107,60,1,False
1,132,z59hd6r8,11,postexp,ResultsTask,1578420119,12,1,False
1,133,ibbtcjh5,1,tt,Instructions,1578419504,27,1,False
1,133,ibbtcjh5,2,tt,Task,1578419521,17,1,False
1,133,ibbtcjh5,3,tt,BeliefInstructions,1578419532,11,1,False
1,133,ibbtcjh5,4,tt,Beliefs,1578419549,17,1,False
1,133,ibbtcjh5,5,tt,Questions,1578419558,9,1,False
1,133,ibbtcjh5,6,wordscra,Task,1578419576,18,1,False
1,133,ibbtcjh5,7,postexp,Risk,1578419580,4,1,False
1,133,ibbtcjh5,8,postexp,Pref1,1578419591,11,1,False
1,133,ibbtcjh5,9,postexp,Pref2,1578419601,10,1,False
1,133,ibbtcjh5,10,postexp,Demographics,1578419624,23,1,False
1,133,ibbtcjh5,11,postexp,ResultsTask,1578419633,9,1,False
1,134,5kfsqhtk,1,tt,Instructions,1578419603,71,1,False
1,134,5kfsqhtk,2,tt,Task,1578419657,54,1,False
1,134,5kfsqhtk,3,tt,BeliefInstructions,1578419687,30,1,False
1,134,5kfsqhtk,4,tt,Beliefs,1578419788,101,1,False
1,134,5kfsqhtk,5,tt,Questions,1578419836,48,1,False
1,134,5kfsqhtk,6,wordscra,Task,1578419923,87,1,False
1,134,5kfsqhtk,7,postexp,Risk,1578419939,16,1,False
1,134,5kfsqhtk,8,postexp,Pref1,1578420011,72,1,False
1,134,5kfsqhtk,9,postexp,Pref2,1578420041,30,1,False
1,134,5kfsqhtk,10,postexp,Demographics,1578420133,92,1,False
1,134,5kfsqhtk,11,postexp,ResultsTask,1578420152,19,1,False
1,135,iq93xb0m,1,tt,Instructions,1578419618,55,1,False
1,135,iq93xb0m,2,tt,Task,1578419657,39,1,False
1,135,iq93xb0m,3,tt,BeliefInstructions,1578419673,16,1,False
1,135,iq93xb0m,4,tt,Beliefs,1578419710,37,1,False
1,135,iq93xb0m,5,tt,Questions,1578419730,20,1,False
1,135,iq93xb0m,6,wordscra,Task,1578419967,237,1,False
1,135,iq93xb0m,7,postexp,Risk,1578419977,10,1,False
1,135,iq93xb0m,8,postexp,Pref1,1578419999,22,1,False
1,135,iq93xb0m,9,postexp,Pref2,1578420021,22,1,False
1,135,iq93xb0m,10,postexp,Demographics,1578420200,179,1,False
1,135,iq93xb0m,11,postexp,ResultsTask,1578420217,17,1,False
1,136,2i9yh3ks,1,tt,Instructions,1578419713,46,1,False
1,136,2i9yh3ks,2,tt,Task,1578419747,34,1,False
1,136,2i9yh3ks,3,tt,BeliefInstructions,1578419762,15,1,False
1,136,2i9yh3ks,4,tt,Beliefs,1578419796,34,1,False
1,136,2i9yh3ks,5,tt,Questions,1578419811,15,1,False
1,136,2i9yh3ks,6,wordscra,Task,1578419887,76,1,False
1,136,2i9yh3ks,7,postexp,Risk,1578419898,11,1,False
1,136,2i9yh3ks,8,postexp,Pref1,1578419932,34,1,False
1,136,2i9yh3ks,9,postexp,Pref2,1578419954,22,1,False
1,136,2i9yh3ks,10,postexp,Demographics,1578419982,28,1,False
1,136,2i9yh3ks,11,postexp,ResultsTask,1578419992,10,1,False
1,137,5yb7z1ta,1,tt,Instructions,1578419736,7,1,False
1,137,5yb7z1ta,2,tt,Task,1578419746,10,1,False
1,137,5yb7z1ta,3,tt,BeliefInstructions,1578419748,2,1,False
1,137,5yb7z1ta,4,tt,Beliefs,1578419767,19,1,False
1,137,5yb7z1ta,5,tt,Questions,1578419773,6,1,False
1,137,5yb7z1ta,6,wordscra,Task,1578419792,19,1,False
1,137,5yb7z1ta,7,postexp,Risk,1578419795,3,1,False
1,137,5yb7z1ta,8,postexp,Pref1,1578419806,11,1,False
1,137,5yb7z1ta,9,postexp,Pref2,1578419811,5,1,False
1,137,5yb7z1ta,10,postexp,Demographics,1578419822,11,1,False
1,137,5yb7z1ta,11,postexp,ResultsTask,1578419824,2,1,False
1,138,yjesgwx4,1,tt,Instructions,1578419776,36,1,False
1,138,yjesgwx4,2,tt,Task,1578419811,35,1,False
1,138,yjesgwx4,3,tt,BeliefInstructions,1578419820,9,1,False
1,138,yjesgwx4,4,tt,Beliefs,1578419865,45,1,False
1,138,yjesgwx4,5,tt,Questions,1578419884,19,1,False
1,138,yjesgwx4,6,wordscra,Task,1578419956,72,1,False
1,138,yjesgwx4,7,postexp,Risk,1578419967,11,1,False
1,138,yjesgwx4,8,postexp,Pref1,1578420001,34,1,False
1,138,yjesgwx4,9,postexp,Pref2,1578420016,15,1,False
1,138,yjesgwx4,10,postexp,Demographics,1578420061,45,1,False
1,138,yjesgwx4,11,postexp,ResultsTask,1578420079,18,1,False
1,140,f9aj5wku,1,tt,Instructions,1578420347,72,1,False
1,140,f9aj5wku,2,tt,Task,1578420382,35,1,False
1,140,f9aj5wku,3,tt,BeliefInstructions,1578420404,22,1,False
1,140,f9aj5wku,4,tt,Beliefs,1578420554,150,1,False
1,140,f9aj5wku,5,tt,Questions,1578420577,23,1,False
1,140,f9aj5wku,6,wordscra,Task,1578420636,59,1,False
1,140,f9aj5wku,7,postexp,Risk,1578420641,5,1,False
1,140,f9aj5wku,8,postexp,Pref1,1578420670,29,1,False
1,140,f9aj5wku,9,postexp,Pref2,1578420685,15,1,False
1,140,f9aj5wku,10,postexp,Demographics,1578420730,45,1,False
1,140,f9aj5wku,11,postexp,ResultsTask,1578420735,5,1,False
1,141,5wmf04ij,1,tt,Instructions,1578420359,30,1,False
1,141,5wmf04ij,2,tt,Task,1578420404,45,1,False
1,141,5wmf04ij,3,tt,BeliefInstructions,1578420412,8,1,False
1,141,5wmf04ij,4,tt,Beliefs,1578420437,25,1,False
1,141,5wmf04ij,5,tt,Questions,1578420450,13,1,False
1,141,5wmf04ij,6,wordscra,Task,1578420479,29,1,False
1,141,5wmf04ij,7,postexp,Risk,1578420486,7,1,False
1,141,5wmf04ij,8,postexp,Pref1,1578420509,23,1,False
1,141,5wmf04ij,9,postexp,Pref2,1578420521,12,1,False
1,141,5wmf04ij,10,postexp,Demographics,1578420561,40,1,False
1,141,5wmf04ij,11,postexp,ResultsTask,1578420591,30,1,False
1,142,2af4k7dq,1,tt,Instructions,1578420678,99,1,False
1,142,2af4k7dq,2,tt,Task,1578420753,75,1,False
1,142,2af4k7dq,3,tt,BeliefInstructions,1578420768,15,1,False
1,142,2af4k7dq,4,tt,Beliefs,1578420833,65,1,False
1,142,2af4k7dq,5,tt,Questions,1578420857,24,1,False
1,142,2af4k7dq,6,wordscra,Task,1578420908,51,1,False
1,142,2af4k7dq,7,postexp,Risk,1578420919,11,1,False
1,142,2af4k7dq,8,postexp,Pref1,1578420981,62,1,False
1,142,2af4k7dq,9,postexp,Pref2,1578421023,42,1,False
1,142,2af4k7dq,10,postexp,Demographics,1578421086,63,1,False
1,142,2af4k7dq,11,postexp,ResultsTask,1578421109,23,1,False
1,143,b0z6vdlq,1,tt,Instructions,1578420689,25,1,False
1,143,b0z6vdlq,2,tt,Task,1578420705,16,1,False
1,143,b0z6vdlq,3,tt,BeliefInstructions,1578420710,5,1,False
1,143,b0z6vdlq,4,tt,Beliefs,1578420754,44,1,False
1,143,b0z6vdlq,5,tt,Questions,1578420765,11,1,False
1,143,b0z6vdlq,6,wordscra,Task,1578420811,46,1,False
1,143,b0z6vdlq,7,postexp,Risk,1578420819,8,1,False
1,143,b0z6vdlq,8,postexp,Pref1,1578420847,28,1,False
1,143,b0z6vdlq,9,postexp,Pref2,1578420869,22,1,False
1,143,b0z6vdlq,10,postexp,Demographics,1578420907,38,1,False
1,143,b0z6vdlq,11,postexp,ResultsTask,1578420920,13,1,False
1,144,rwxbl9k1,1,tt,Instructions,1578421110,35,1,False
1,144,rwxbl9k1,2,tt,Task,1578421126,16,1,False
1,144,rwxbl9k1,3,tt,BeliefInstructions,1578421134,8,1,False
1,144,rwxbl9k1,4,tt,Beliefs,1578421171,37,1,False
1,144,rwxbl9k1,5,tt,Questions,1578421200,29,1,False
1,144,rwxbl9k1,6,wordscra,Task,1578421344,144,1,False
1,144,rwxbl9k1,7,postexp,Risk,1578421349,5,1,False
1,144,rwxbl9k1,8,postexp,Pref1,1578421373,24,1,False
1,144,rwxbl9k1,9,postexp,Pref2,1578421389,16,1,False
1,144,rwxbl9k1,10,postexp,Demographics,1578421526,137,1,False
1,144,rwxbl9k1,11,postexp,ResultsTask,1578421539,13,1,False
1,145,1jl2ngjq,1,tt,Instructions,1578422378,208,1,False
1,145,1jl2ngjq,2,tt,Task,1578422396,18,1,False
1,145,1jl2ngjq,3,tt,BeliefInstructions,1578422412,16,1,False
1,145,1jl2ngjq,4,tt,Beliefs,1578422446,34,1,False
1,145,1jl2ngjq,5,tt,Questions,1578422465,19,1,False
1,145,1jl2ngjq,6,wordscra,Task,1578422494,29,1,False
1,145,1jl2ngjq,7,postexp,Risk,1578422504,10,1,False
1,145,1jl2ngjq,8,postexp,Pref1,1578422547,43,1,False
1,145,1jl2ngjq,9,postexp,Pref2,1578422567,20,1,False
1,145,1jl2ngjq,10,postexp,Demographics,1578422613,46,1,False
1,145,1jl2ngjq,11,postexp,ResultsTask,1578422630,17,1,False
1,146,x9puplwn,1,tt,Instructions,1578422547,66,1,False
1,146,x9puplwn,2,tt,Task,1578422571,24,1,False
1,146,x9puplwn,3,tt,BeliefInstructions,1578422593,22,1,False
1,146,x9puplwn,4,tt,Beliefs,1578422648,55,1,False
1,146,x9puplwn,5,tt,Questions,1578422673,25,1,False
1,146,x9puplwn,6,wordscra,Task,1578422809,136,1,False
1,146,x9puplwn,7,postexp,Risk,1578422823,14,1,False
1,146,x9puplwn,8,postexp,Pref1,1578422875,52,1,False
1,146,x9puplwn,9,postexp,Pref2,1578422909,34,1,False
1,146,x9puplwn,10,postexp,Demographics,1578422961,52,1,False
1,146,x9puplwn,11,postexp,ResultsTask,1578422986,25,1,False
1,147,dyyt7eq0,1,tt,Instructions,1578422737,18,1,False
1,147,dyyt7eq0,2,tt,Task,1578422777,40,1,False
1,147,dyyt7eq0,3,tt,BeliefInstructions,1578422787,10,1,False
1,147,dyyt7eq0,4,tt,Beliefs,1578422834,47,1,False
1,147,dyyt7eq0,5,tt,Questions,1578422852,18,1,False
1,147,dyyt7eq0,6,wordscra,Task,1578423040,188,1,False
1,147,dyyt7eq0,7,postexp,Risk,1578423050,10,1,False
1,147,dyyt7eq0,8,postexp,Pref1,1578423078,28,1,False
1,147,dyyt7eq0,9,postexp,Pref2,1578423092,14,1,False
1,147,dyyt7eq0,10,postexp,Demographics,1578423117,25,1,False
1,147,dyyt7eq0,11,postexp,ResultsTask,1578423128,11,1,False
1,148,folm8g89,1,tt,Instructions,1578422994,20,1,False
1,148,folm8g89,2,tt,Task,1578423013,19,1,False
1,148,folm8g89,3,tt,BeliefInstructions,1578423019,6,1,False
1,148,folm8g89,4,tt,Beliefs,1578423040,21,1,False
1,148,folm8g89,5,tt,Questions,1578423052,12,1,False
1,148,folm8g89,6,wordscra,Task,1578423082,30,1,False
1,148,folm8g89,7,postexp,Risk,1578423086,4,1,False
1,148,folm8g89,8,postexp,Pref1,1578423111,25,1,False
1,148,folm8g89,9,postexp,Pref2,1578423127,16,1,False
1,148,folm8g89,10,postexp,Demographics,1578423169,42,1,False
1,148,folm8g89,11,postexp,ResultsTask,1578423177,8,1,False
1,149,1nmosjnd,1,tt,Instructions,1578423040,22,1,False
1,149,1nmosjnd,2,tt,Task,1578423065,25,1,False
1,149,1nmosjnd,3,tt,BeliefInstructions,1578423070,5,1,False
1,149,1nmosjnd,4,tt,Beliefs,1578423099,29,1,False
1,149,1nmosjnd,5,tt,Questions,1578423110,11,1,False
1,149,1nmosjnd,6,wordscra,Task,1578423188,78,1,False
1,149,1nmosjnd,7,postexp,Risk,1578423194,6,1,False
1,149,1nmosjnd,8,postexp,Pref1,1578423237,43,1,False
1,149,1nmosjnd,9,postexp,Pref2,1578423245,8,1,False
1,149,1nmosjnd,10,postexp,Demographics,1578423275,30,1,False
1,149,1nmosjnd,11,postexp,ResultsTask,1578423291,16,1,False
1,150,ocsyyfh7,1,tt,Instructions,1578423168,38,1,False
1,150,ocsyyfh7,2,tt,Task,1578423201,33,1,False
1,150,ocsyyfh7,3,tt,BeliefInstructions,1578423215,14,1,False
1,150,ocsyyfh7,4,tt,Beliefs,1578423259,44,1,False
1,150,ocsyyfh7,5,tt,Questions,1578423280,21,1,False
1,150,ocsyyfh7,6,wordscra,Task,1578423395,115,1,False
1,150,ocsyyfh7,7,postexp,Risk,1578423403,8,1,False
1,150,ocsyyfh7,8,postexp,Pref1,1578423430,27,1,False
1,150,ocsyyfh7,9,postexp,Pref2,1578423445,15,1,False
1,150,ocsyyfh7,10,postexp,Demographics,1578423492,47,1,False
1,150,ocsyyfh7,11,postexp,ResultsTask,1578423503,11,1,False
1,151,3omxw3r6,1,tt,Instructions,1578423478,27,1,False
1,151,3omxw3r6,2,tt,Task,1578423507,29,1,False
1,151,3omxw3r6,3,tt,BeliefInstructions,1578423519,12,1,False
1,151,3omxw3r6,4,tt,Beliefs,1578423539,20,1,False
1,151,3omxw3r6,5,tt,Questions,1578423554,15,1,False
1,151,3omxw3r6,6,wordscra,Task,1578423601,47,1,False
1,151,3omxw3r6,7,postexp,Risk,1578423611,10,1,False
1,151,3omxw3r6,8,postexp,Pref1,1578423647,36,1,False
1,151,3omxw3r6,9,postexp,Pref2,1578423679,32,1,False
1,151,3omxw3r6,10,postexp,Demographics,1578423733,54,1,False
1,151,3omxw3r6,11,postexp,ResultsTask,1578423805,72,1,False
1,152,zx1xrlpd,1,tt,Instructions,1578423548,78,1,False
1,152,zx1xrlpd,2,tt,Task,1578423578,30,1,False
1,152,zx1xrlpd,3,tt,BeliefInstructions,1578423589,11,1,False
1,152,zx1xrlpd,4,tt,Beliefs,1578423685,96,1,False
1,152,zx1xrlpd,5,tt,Questions,1578423718,33,1,False
1,152,zx1xrlpd,6,wordscra,Task,1578423784,66,1,False
1,152,zx1xrlpd,7,postexp,Risk,1578423829,45,1,False
1,152,zx1xrlpd,8,postexp,Pref1,1578423863,34,1,False
1,152,zx1xrlpd,9,postexp,Pref2,1578423891,28,1,False
1,152,zx1xrlpd,10,postexp,Demographics,1578424080,189,1,False
1,152,zx1xrlpd,11,postexp,ResultsTask,1578424089,9,1,False
1,153,um1bg08n,1,tt,Instructions,1578423590,28,1,False
1,153,um1bg08n,2,tt,Task,1578423607,17,1,False
1,153,um1bg08n,3,tt,BeliefInstructions,1578423615,8,1,False
1,153,um1bg08n,4,tt,Beliefs,1578423634,19,1,False
1,153,um1bg08n,5,tt,Questions,1578423655,21,1,False
1,153,um1bg08n,6,wordscra,Task,1578423673,18,1,False
1,153,um1bg08n,7,postexp,Risk,1578423679,6,1,False
1,153,um1bg08n,8,postexp,Pref1,1578423708,29,1,False
1,153,um1bg08n,9,postexp,Pref2,1578423718,10,1,False
1,153,um1bg08n,10,postexp,Demographics,1578423766,48,1,False
1,153,um1bg08n,11,postexp,ResultsTask,1578423770,4,1,False
1,154,kqelu4wx,1,tt,Instructions,1578423833,32,1,False
1,154,kqelu4wx,2,tt,Task,1578423862,29,1,False
1,154,kqelu4wx,3,tt,BeliefInstructions,1578423872,10,1,False
1,154,kqelu4wx,4,tt,Beliefs,1578423905,33,1,False
1,154,kqelu4wx,5,tt,Questions,1578423923,18,1,False
1,154,kqelu4wx,6,wordscra,Task,1578423969,46,1,False
1,154,kqelu4wx,7,postexp,Risk,1578423978,9,1,False
1,154,kqelu4wx,8,postexp,Pref1,1578424011,33,1,False
1,154,kqelu4wx,9,postexp,Pref2,1578424026,15,1,False
1,154,kqelu4wx,10,postexp,Demographics,1578424055,29,1,False
1,154,kqelu4wx,11,postexp,ResultsTask,1578424066,11,1,False
1,155,93iml7tp,1,tt,Instructions,1578424309,290,1,False
1,155,93iml7tp,2,tt,Task,1578424340,31,1,False
1,155,93iml7tp,3,tt,BeliefInstructions,1578424343,3,1,False
1,155,93iml7tp,4,tt,Beliefs,1578424363,20,1,False
1,155,93iml7tp,5,tt,Questions,1578424377,14,1,False
1,155,93iml7tp,6,wordscra,Task,1578424409,32,1,False
1,155,93iml7tp,7,postexp,Risk,1578424430,21,1,False
1,155,93iml7tp,8,postexp,Pref1,1578424451,21,1,False
1,155,93iml7tp,9,postexp,Pref2,1578424472,21,1,False
1,155,93iml7tp,10,postexp,Demographics,1578424504,32,1,False
1,155,93iml7tp,11,postexp,ResultsTask,1578424535,31,1,False
1,156,tgk6i93m,1,tt,Instructions,1578424165,62,1,False
1,156,tgk6i93m,2,tt,Task,1578424246,81,1,False
1,156,tgk6i93m,3,tt,BeliefInstructions,1578424270,24,1,False
1,156,tgk6i93m,4,tt,Beliefs,1578424338,68,1,False
1,156,tgk6i93m,5,tt,Questions,1578424353,15,1,False
1,156,tgk6i93m,6,wordscra,Task,1578424465,112,1,False
1,156,tgk6i93m,7,postexp,Risk,1578424475,10,1,False
1,156,tgk6i93m,8,postexp,Pref1,1578424533,58,1,False
1,156,tgk6i93m,9,postexp,Pref2,1578424554,21,1,False
1,156,tgk6i93m,10,postexp,Demographics,1578424614,60,1,False
1,156,tgk6i93m,11,postexp,ResultsTask,1578424629,15,1,False
1,157,3ztr131g,1,tt,Instructions,1578424438,25,1,False
1,157,3ztr131g,2,tt,Task,1578424459,21,1,False
1,157,3ztr131g,3,tt,BeliefInstructions,1578424469,10,1,False
1,157,3ztr131g,4,tt,Beliefs,1578424502,33,1,False
1,157,3ztr131g,5,tt,Questions,1578424518,16,1,False
1,157,3ztr131g,6,wordscra,Task,1578424560,42,1,False
1,157,3ztr131g,7,postexp,Risk,1578424566,6,1,False
1,157,3ztr131g,8,postexp,Pref1,1578424594,28,1,False
1,157,3ztr131g,9,postexp,Pref2,1578424610,16,1,False
1,157,3ztr131g,10,postexp,Demographics,1578424646,36,1,False
1,157,3ztr131g,11,postexp,ResultsTask,1578424654,8,1,False
1,158,v1kiy2li,1,tt,Instructions,1578424496,34,1,False
1,158,v1kiy2li,2,tt,Task,1578424519,23,1,False
1,158,v1kiy2li,3,tt,BeliefInstructions,1578424537,18,1,False
1,158,v1kiy2li,4,tt,Beliefs,1578424580,43,1,False
1,158,v1kiy2li,5,tt,Questions,1578424643,63,1,False
1,158,v1kiy2li,6,wordscra,Task,1578424704,61,1,False
1,158,v1kiy2li,7,postexp,Risk,1578424711,7,1,False
1,158,v1kiy2li,8,postexp,Pref1,1578424740,29,1,False
1,158,v1kiy2li,9,postexp,Pref2,1578424758,18,1,False
1,158,v1kiy2li,10,postexp,Demographics,1578424797,39,1,False
1,158,v1kiy2li,11,postexp,ResultsTask,1578424802,5,1,False
1,159,wr9kch9f,1,tt,Instructions,1578424901,74,1,False
1,159,wr9kch9f,2,tt,Task,1578424928,27,1,False
1,159,wr9kch9f,3,tt,BeliefInstructions,1578424949,21,1,False
1,159,wr9kch9f,4,tt,Beliefs,1578425025,76,1,False
1,159,wr9kch9f,5,tt,Questions,1578425052,27,1,False
1,159,wr9kch9f,6,wordscra,Task,1578425100,48,1,False
1,159,wr9kch9f,7,postexp,Risk,1578425107,7,1,False
1,159,wr9kch9f,8,postexp,Pref1,1578425135,28,1,False
1,159,wr9kch9f,9,postexp,Pref2,1578425158,23,1,False
1,159,wr9kch9f,10,postexp,Demographics,1578425194,36,1,False
1,159,wr9kch9f,11,postexp,ResultsTask,1578425212,18,1,False
1,160,mxe3yqnr,1,tt,Instructions,1578424913,36,1,False
1,160,mxe3yqnr,2,tt,Task,1578424930,17,1,False
1,160,mxe3yqnr,3,tt,BeliefInstructions,1578424941,11,1,False
1,160,mxe3yqnr,4,tt,Beliefs,1578424983,42,1,False
1,160,mxe3yqnr,5,tt,Questions,1578424994,11,1,False
1,160,mxe3yqnr,6,wordscra,Task,1578425068,74,1,False
1,160,mxe3yqnr,7,postexp,Risk,1578425075,7,1,False
1,160,mxe3yqnr,8,postexp,Pref1,1578425100,25,1,False
1,160,mxe3yqnr,9,postexp,Pref2,1578425118,18,1,False
1,160,mxe3yqnr,10,postexp,Demographics,1578425146,28,1,False
1,160,mxe3yqnr,11,postexp,ResultsTask,1578425154,8,1,False
1,161,m2vpj9th,1,tt,Instructions,1578425008,7,1,False
1,161,m2vpj9th,2,tt,Task,1578425038,30,1,False
1,161,m2vpj9th,3,tt,BeliefInstructions,1578425040,2,1,False
1,161,m2vpj9th,4,tt,Beliefs,1578425069,29,1,False
1,161,m2vpj9th,5,tt,Questions,1578425091,22,1,False
1,161,m2vpj9th,6,wordscra,Task,1578425141,50,1,False
1,161,m2vpj9th,7,postexp,Risk,1578425149,8,1,False
1,161,m2vpj9th,8,postexp,Pref1,1578425172,23,1,False
1,161,m2vpj9th,9,postexp,Pref2,1578425186,14,1,False
1,161,m2vpj9th,10,postexp,Demographics,1578425223,37,1,False
1,161,m2vpj9th,11,postexp,ResultsTask,1578425234,11,1,False
1,162,em65fnkr,1,tt,Instructions,1578425561,42,1,False
1,162,em65fnkr,2,tt,Task,1578425595,34,1,False
1,162,em65fnkr,3,tt,BeliefInstructions,1578425607,12,1,False
1,162,em65fnkr,4,tt,Beliefs,1578425644,37,1,False
1,162,em65fnkr,5,tt,Questions,1578425659,15,1,False
1,162,em65fnkr,6,wordscra,Task,1578425723,64,1,False
1,162,em65fnkr,7,postexp,Risk,1578425734,11,1,False
1,162,em65fnkr,8,postexp,Pref1,1578425789,55,1,False
1,162,em65fnkr,9,postexp,Pref2,1578425812,23,1,False
1,162,em65fnkr,10,postexp,Demographics,1578425855,43,1,False
1,162,em65fnkr,11,postexp,ResultsTask,1578425870,15,1,False
1,163,e83apox8,1,tt,Instructions,1578425631,6,1,False
1,163,e83apox8,2,tt,Task,1578425666,35,1,False
1,163,e83apox8,3,tt,BeliefInstructions,1578425734,68,1,False
1,163,e83apox8,4,tt,Beliefs,1578425772,38,1,False
1,163,e83apox8,5,tt,Questions,1578425784,12,1,False
1,163,e83apox8,6,wordscra,Task,1578425820,36,1,False
1,163,e83apox8,7,postexp,Risk,1578425825,5,1,False
1,163,e83apox8,8,postexp,Pref1,1578425867,42,1,False
1,163,e83apox8,9,postexp,Pref2,1578425892,25,1,False
1,163,e83apox8,10,postexp,Demographics,1578425925,33,1,False
1,163,e83apox8,11,postexp,ResultsTask,1578425937,12,1,False
1,164,9k0ndcix,1,tt,Instructions,1578425735,12,1,False
1,164,9k0ndcix,2,tt,Task,1578425753,18,1,False
1,164,9k0ndcix,3,tt,BeliefInstructions,1578425757,4,1,False
1,164,9k0ndcix,4,tt,Beliefs,1578425797,40,1,False
1,164,9k0ndcix,5,tt,Questions,1578426160,363,1,False
1,164,9k0ndcix,6,wordscra,Task,1578426409,249,1,False
1,164,9k0ndcix,7,postexp,Risk,1578426414,5,1,False
1,164,9k0ndcix,8,postexp,Pref1,1578426448,34,1,False
1,164,9k0ndcix,9,postexp,Pref2,1578426463,15,1,False
1,164,9k0ndcix,10,postexp,Demographics,1578426857,394,1,False
1,164,9k0ndcix,11,postexp,ResultsTask,1578426870,13,1,False
1,166,stfannb3,1,tt,Instructions,1578426051,40,1,False
1,166,stfannb3,2,tt,Task,1578426124,73,1,False
1,166,stfannb3,3,tt,BeliefInstructions,1578426133,9,1,False
1,166,stfannb3,4,tt,Beliefs,1578426199,66,1,False
1,166,stfannb3,5,tt,Questions,1578426218,19,1,False
1,166,stfannb3,6,wordscra,Task,1578426302,84,1,False
1,166,stfannb3,7,postexp,Risk,1578426313,11,1,False
1,166,stfannb3,8,postexp,Pref1,1578426344,31,1,False
1,166,stfannb3,9,postexp,Pref2,1578426360,16,1,False
1,166,stfannb3,10,postexp,Demographics,1578426392,32,1,False
1,166,stfannb3,11,postexp,ResultsTask,1578426396,4,1,False
1,167,um9qdq2y,1,tt,Instructions,1578426076,62,1,False
1,167,um9qdq2y,2,tt,Task,1578426097,21,1,False
1,167,um9qdq2y,3,tt,BeliefInstructions,1578426122,25,1,False
1,167,um9qdq2y,4,tt,Beliefs,1578426172,50,1,False
1,167,um9qdq2y,5,tt,Questions,1578426186,14,1,False
1,167,um9qdq2y,6,wordscra,Task,1578426235,49,1,False
1,167,um9qdq2y,7,postexp,Risk,1578426241,6,1,False
1,167,um9qdq2y,8,postexp,Pref1,1578426465,224,1,False
1,167,um9qdq2y,9,postexp,Pref2,1578426484,19,1,False
1,167,um9qdq2y,10,postexp,Demographics,1578426511,27,1,False
1,167,um9qdq2y,11,postexp,ResultsTask,1578426523,12,1,False
1,168,ncnesu5i,1,tt,Instructions,1578426760,120,1,False
1,168,ncnesu5i,2,tt,Task,1578426804,44,1,False
1,168,ncnesu5i,3,tt,BeliefInstructions,1578426854,50,1,False
1,168,ncnesu5i,4,tt,Beliefs,1578426934,80,1,False
1,168,ncnesu5i,5,tt,Questions,1578426992,58,1,False
1,168,ncnesu5i,6,wordscra,Task,1578427262,270,1,False
1,168,ncnesu5i,7,postexp,Risk,1578427296,34,1,False
1,168,ncnesu5i,8,postexp,Pref1,1578427406,110,1,False
1,168,ncnesu5i,9,postexp,Pref2,1578427460,54,1,False
1,168,ncnesu5i,10,postexp,Demographics,1578427572,112,1,False
1,168,ncnesu5i,11,postexp,ResultsTask,1578427602,30,1,False
1,169,wqh4h25j,1,tt,Instructions,1578426869,114,1,False
1,169,wqh4h25j,2,tt,Task,1578426950,81,1,False
1,169,wqh4h25j,3,tt,BeliefInstructions,1578426969,19,1,False
1,169,wqh4h25j,4,tt,Beliefs,1578427076,107,1,False
1,169,wqh4h25j,5,tt,Questions,1578427108,32,1,False
1,169,wqh4h25j,6,wordscra,Task,1578427268,160,1,False
1,169,wqh4h25j,7,postexp,Risk,1578427284,16,1,False
1,169,wqh4h25j,8,postexp,Pref1,1578427329,45,1,False
1,169,wqh4h25j,9,postexp,Pref2,1578427353,24,1,False
1,169,wqh4h25j,10,postexp,Demographics,1578427443,90,1,False
1,169,wqh4h25j,11,postexp,ResultsTask,1578427455,12,1,False
1,170,xjsx4uex,1,tt,Instructions,1578427038,134,1,False
1,170,xjsx4uex,2,tt,Task,1578427093,55,1,False
1,170,xjsx4uex,3,tt,BeliefInstructions,1578427106,13,1,False
1,170,xjsx4uex,4,tt,Beliefs,1578427181,75,1,False
1,170,xjsx4uex,5,tt,Questions,1578427202,21,1,False
1,170,xjsx4uex,6,wordscra,Task,1578427253,51,1,False
1,170,xjsx4uex,7,postexp,Risk,1578427262,9,1,False
1,170,xjsx4uex,8,postexp,Pref1,1578427291,29,1,False
1,170,xjsx4uex,9,postexp,Pref2,1578427315,24,1,False
1,170,xjsx4uex,10,postexp,Demographics,1578427380,65,1,False
1,170,xjsx4uex,11,postexp,ResultsTask,1578427389,9,1,False
1,171,95cuhmme,1,tt,Instructions,1578427038,42,1,False
1,171,95cuhmme,2,tt,Task,1578427066,28,1,False
1,171,95cuhmme,3,tt,BeliefInstructions,1578427071,5,1,False
1,171,95cuhmme,4,tt,Beliefs,1578427110,39,1,False
1,171,95cuhmme,5,tt,Questions,1578427123,13,1,False
1,171,95cuhmme,6,wordscra,Task,1578427176,53,1,False
1,171,95cuhmme,7,postexp,Risk,1578427191,15,1,False
1,171,95cuhmme,8,postexp,Pref1,1578427230,39,1,False
1,171,95cuhmme,9,postexp,Pref2,1578427246,16,1,False
1,171,95cuhmme,10,postexp,Demographics,1578427294,48,1,False
1,171,95cuhmme,11,postexp,ResultsTask,1578427305,11,1,False
1,173,3hcb9q79,1,tt,Instructions,1578427646,26,1,False
1,173,3hcb9q79,2,tt,Task,1578427715,69,1,False
1,173,3hcb9q79,3,tt,BeliefInstructions,1578427725,10,1,False
1,173,3hcb9q79,4,tt,Beliefs,1578427755,30,1,False
1,173,3hcb9q79,5,tt,Questions,1578427765,10,1,False
1,173,3hcb9q79,6,wordscra,Task,1578427797,32,1,False
1,173,3hcb9q79,7,postexp,Risk,1578427804,7,1,False
1,173,3hcb9q79,8,postexp,Pref1,1578427830,26,1,False
1,173,3hcb9q79,9,postexp,Pref2,1578427844,14,1,False
1,173,3hcb9q79,10,postexp,Demographics,1578427940,96,1,False
1,173,3hcb9q79,11,postexp,ResultsTask,1578427947,7,1,False
1,174,6x88c6ow,1,tt,Instructions,1578427665,35,1,False
1,174,6x88c6ow,2,tt,Task,1578427688,23,1,False
1,174,6x88c6ow,3,tt,BeliefInstructions,1578427700,12,1,False
1,174,6x88c6ow,4,tt,Beliefs,1578427726,26,1,False
1,174,6x88c6ow,5,tt,Questions,1578427738,12,1,False
1,174,6x88c6ow,6,wordscra,Task,1578427780,42,1,False
1,174,6x88c6ow,7,postexp,Risk,1578427799,19,1,False
1,174,6x88c6ow,8,postexp,Pref1,1578427820,21,1,False
1,174,6x88c6ow,9,postexp,Pref2,1578427831,11,1,False
1,174,6x88c6ow,10,postexp,Demographics,1578427853,22,1,False
1,174,6x88c6ow,11,postexp,ResultsTask,1578427858,5,1,False
1,175,kyd8flp4,1,tt,Instructions,1578427875,33,1,False
1,175,kyd8flp4,2,tt,Task,1578427896,21,1,False
1,175,kyd8flp4,3,tt,BeliefInstructions,1578427908,12,1,False
1,175,kyd8flp4,4,tt,Beliefs,1578427932,24,1,False
1,175,kyd8flp4,5,tt,Questions,1578427956,24,1,False
1,175,kyd8flp4,6,wordscra,Task,1578427988,32,1,False
1,175,kyd8flp4,7,postexp,Risk,1578428006,18,1,False
1,175,kyd8flp4,8,postexp,Pref1,1578428041,35,1,False
1,175,kyd8flp4,9,postexp,Pref2,1578428058,17,1,False
1,175,kyd8flp4,10,postexp,Demographics,1578428093,35,1,False
1,175,kyd8flp4,11,postexp,ResultsTask,1578428102,9,1,False
1,176,0t3tyr38,1,tt,Instructions,1578428601,127,1,False
1,176,0t3tyr38,2,tt,Task,1578428696,95,1,False
1,176,0t3tyr38,3,tt,BeliefInstructions,1578428700,4,1,False
1,176,0t3tyr38,4,tt,Beliefs,1578428757,57,1,False
1,176,0t3tyr38,5,tt,Questions,1578428787,30,1,False
1,176,0t3tyr38,6,wordscra,Task,1578428817,30,1,False
1,176,0t3tyr38,7,postexp,Risk,1578428826,9,1,False
1,176,0t3tyr38,8,postexp,Pref1,1578428895,69,1,False
1,176,0t3tyr38,9,postexp,Pref2,1578429032,137,1,False
1,176,0t3tyr38,10,postexp,Demographics,1578429109,77,1,False
1,176,0t3tyr38,11,postexp,ResultsTask,1578429120,11,1,False
1,177,dh6xnkr8,1,tt,Instructions,1578428729,39,1,False
1,177,dh6xnkr8,2,tt,Task,1578428756,27,1,False
1,177,dh6xnkr8,3,tt,BeliefInstructions,1578428787,31,1,False
1,177,dh6xnkr8,4,tt,Beliefs,1578428816,29,1,False
1,177,dh6xnkr8,5,tt,Questions,1578428889,73,1,False
1,177,dh6xnkr8,6,wordscra,Task,1578428944,55,1,False
1,177,dh6xnkr8,7,postexp,Risk,1578428956,12,1,False
1,177,dh6xnkr8,8,postexp,Pref1,1578428990,34,1,False
1,177,dh6xnkr8,9,postexp,Pref2,1578429016,26,1,False
1,177,dh6xnkr8,10,postexp,Demographics,1578429044,28,1,False
1,177,dh6xnkr8,11,postexp,ResultsTask,1578429057,13,1,False
1,178,12bx3brm,1,tt,Instructions,1578428745,37,1,False
1,178,12bx3brm,2,tt,Task,1578428760,15,1,False
1,178,12bx3brm,3,tt,BeliefInstructions,1578428772,12,1,False
1,178,12bx3brm,4,tt,Beliefs,1578428818,46,1,False
1,178,12bx3brm,5,tt,Questions,1578428836,18,1,False
1,178,12bx3brm,6,wordscra,Task,1578428937,101,1,False
1,178,12bx3brm,7,postexp,Risk,1578428947,10,1,False
1,178,12bx3brm,8,postexp,Pref1,1578428972,25,1,False
1,178,12bx3brm,9,postexp,Pref2,1578428988,16,1,False
1,178,12bx3brm,10,postexp,Demographics,1578429122,134,1,False
1,178,12bx3brm,11,postexp,ResultsTask,1578429130,8,1,False
1,179,t3s74asa,1,tt,Instructions,1578428889,83,1,False
1,179,t3s74asa,2,tt,Task,1578428928,39,1,False
1,179,t3s74asa,3,tt,BeliefInstructions,1578428938,10,1,False
1,179,t3s74asa,4,tt,Beliefs,1578428987,49,1,False
1,179,t3s74asa,5,tt,Questions,1578429034,47,1,False
1,179,t3s74asa,6,wordscra,Task,1578429358,324,1,False
1,179,t3s74asa,7,postexp,Risk,1578429366,8,1,False
1,179,t3s74asa,8,postexp,Pref1,1578429404,38,1,False
1,179,t3s74asa,9,postexp,Pref2,1578429421,17,1,False
1,179,t3s74asa,10,postexp,Demographics,1578429449,28,1,False
1,179,t3s74asa,11,postexp,ResultsTask,1578429470,21,1,False
1,181,n02toej1,1,tt,Instructions,1578429636,46,1,False
1,181,n02toej1,2,tt,Task,1578429697,61,1,False
1,181,n02toej1,3,tt,BeliefInstructions,1578429710,13,1,False
1,181,n02toej1,4,tt,Beliefs,1578429758,48,1,False
1,181,n02toej1,5,tt,Questions,1578429778,20,1,False
1,181,n02toej1,6,wordscra,Task,1578429861,83,1,False
1,181,n02toej1,7,postexp,Risk,1578429872,11,1,False
1,181,n02toej1,8,postexp,Pref1,1578429898,26,1,False
1,181,n02toej1,9,postexp,Pref2,1578429918,20,1,False
1,181,n02toej1,10,postexp,Demographics,1578429950,32,1,False
1,181,n02toej1,11,postexp,ResultsTask,1578429961,11,1,False
1,182,v20ztdb7,1,tt,Instructions,1578429825,14,1,False
1,182,v20ztdb7,2,tt,Task,1578429835,10,1,False
1,182,v20ztdb7,3,tt,BeliefInstructions,1578429839,4,1,False
1,182,v20ztdb7,4,tt,Beliefs,1578429857,18,1,False
1,182,v20ztdb7,5,tt,Questions,1578429863,6,1,False
1,182,v20ztdb7,6,wordscra,Task,1578429904,41,1,False
1,182,v20ztdb7,7,postexp,Risk,1578429912,8,1,False
1,182,v20ztdb7,8,postexp,Pref1,1578429922,10,1,False
1,182,v20ztdb7,9,postexp,Pref2,1578429932,10,1,False
1,182,v20ztdb7,10,postexp,Demographics,1578429975,43,1,False
1,182,v20ztdb7,11,postexp,ResultsTask,1578429981,6,1,False
1,183,dzqc0suy,1,tt,Instructions,1578430035,27,1,False
1,183,dzqc0suy,2,tt,Task,1578430065,30,1,False
1,183,dzqc0suy,3,tt,BeliefInstructions,1578430075,10,1,False
1,183,dzqc0suy,4,tt,Beliefs,1578430115,40,1,False
1,183,dzqc0suy,5,tt,Questions,1578430129,14,1,False
1,183,dzqc0suy,6,wordscra,Task,1578430172,43,1,False
1,183,dzqc0suy,7,postexp,Risk,1578430177,5,1,False
1,183,dzqc0suy,8,postexp,Pref1,1578430184,7,1,False
1,183,dzqc0suy,9,postexp,Pref2,1578430189,5,1,False
1,183,dzqc0suy,10,postexp,Demographics,1578430224,35,1,False
1,183,dzqc0suy,11,postexp,ResultsTask,1578430234,10,1,False
1,184,r6o6vti4,1,tt,Instructions,1578430409,103,1,False
1,184,r6o6vti4,2,tt,Task,1578430430,21,1,False
1,184,r6o6vti4,3,tt,BeliefInstructions,1578430438,8,1,False
1,184,r6o6vti4,4,tt,Beliefs,1578430462,24,1,False
1,184,r6o6vti4,5,tt,Questions,1578430469,7,1,False
1,184,r6o6vti4,6,wordscra,Task,1578430515,46,1,False
1,184,r6o6vti4,7,postexp,Risk,1578430520,5,1,False
1,184,r6o6vti4,8,postexp,Pref1,1578430537,17,1,False
1,184,r6o6vti4,9,postexp,Pref2,1578430559,22,1,False
1,184,r6o6vti4,10,postexp,Demographics,1578430584,25,1,False
1,184,r6o6vti4,11,postexp,ResultsTask,1578430597,13,1,False
1,185,q3yauek6,1,tt,Instructions,1578430452,40,1,False
1,185,q3yauek6,2,tt,Task,1578430475,23,1,False
1,185,q3yauek6,3,tt,BeliefInstructions,1578430491,16,1,False
1,185,q3yauek6,4,tt,Beliefs,1578430535,44,1,False
1,185,q3yauek6,5,tt,Questions,1578430557,22,1,False
1,185,q3yauek6,6,wordscra,Task,1578430655,98,1,False
1,185,q3yauek6,7,postexp,Risk,1578430665,10,1,False
1,185,q3yauek6,8,postexp,Pref1,1578430713,48,1,False
1,185,q3yauek6,9,postexp,Pref2,1578430739,26,1,False
1,185,q3yauek6,10,postexp,Demographics,1578430812,73,1,False
1,185,q3yauek6,11,postexp,ResultsTask,1578430832,20,1,False
1,186,ji5hsmub,1,tt,Instructions,1578430900,41,1,False
1,186,ji5hsmub,2,tt,Task,1578430923,23,1,False
1,186,ji5hsmub,3,tt,BeliefInstructions,1578430936,13,1,False
1,186,ji5hsmub,4,tt,Beliefs,1578430955,19,1,False
1,186,ji5hsmub,5,tt,Questions,1578430975,20,1,False
1,186,ji5hsmub,6,wordscra,Task,1578431016,41,1,False
1,186,ji5hsmub,7,postexp,Risk,1578431025,9,1,False
1,186,ji5hsmub,8,postexp,Pref1,1578431045,20,1,False
1,186,ji5hsmub,9,postexp,Pref2,1578431061,16,1,False
1,186,ji5hsmub,10,postexp,Demographics,1578431127,66,1,False
1,186,ji5hsmub,11,postexp,ResultsTask,1578431140,13,1,False
1,187,m2ohhatm,1,tt,Instructions,1578430905,47,1,False
1,187,m2ohhatm,2,tt,Task,1578430927,22,1,False
1,187,m2ohhatm,3,tt,BeliefInstructions,1578430935,8,1,False
1,187,m2ohhatm,4,tt,Beliefs,1578430966,31,1,False
1,187,m2ohhatm,5,tt,Questions,1578430980,14,1,False
1,187,m2ohhatm,6,wordscra,Task,1578431011,31,1,False
1,187,m2ohhatm,7,postexp,Risk,1578431016,5,1,False
1,187,m2ohhatm,8,postexp,Pref1,1578431034,18,1,False
1,187,m2ohhatm,9,postexp,Pref2,1578431046,12,1,False
1,187,m2ohhatm,10,postexp,Demographics,1578431096,50,1,False
1,187,m2ohhatm,11,postexp,ResultsTask,1578431107,11,1,False
1,188,kdfqf44q,1,tt,Instructions,1578431173,40,1,False
1,188,kdfqf44q,2,tt,Task,1578431188,15,1,False
1,188,kdfqf44q,3,tt,BeliefInstructions,1578431198,10,1,False
1,188,kdfqf44q,4,tt,Beliefs,1578431219,21,1,False
1,188,kdfqf44q,5,tt,Questions,1578431230,11,1,False
1,188,kdfqf44q,6,wordscra,Task,1578431262,32,1,False
1,188,kdfqf44q,7,postexp,Risk,1578431267,5,1,False
1,188,kdfqf44q,8,postexp,Pref1,1578431299,32,1,False
1,188,kdfqf44q,9,postexp,Pref2,1578431314,15,1,False
1,188,kdfqf44q,10,postexp,Demographics,1578431347,33,1,False
1,188,kdfqf44q,11,postexp,ResultsTask,1578431361,14,1,False
1,189,p6lb5r8y,1,tt,Instructions,1578431718,81,1,False
1,189,p6lb5r8y,2,tt,Task,1578431749,31,1,False
1,189,p6lb5r8y,3,tt,BeliefInstructions,1578431755,6,1,False
1,189,p6lb5r8y,4,tt,Beliefs,1578431788,33,1,False
1,189,p6lb5r8y,5,tt,Questions,1578431807,19,1,False
1,189,p6lb5r8y,6,wordscra,Task,1578431854,47,1,False
1,189,p6lb5r8y,7,postexp,Risk,1578431865,11,1,False
1,189,p6lb5r8y,8,postexp,Pref1,1578431934,69,1,False
1,189,p6lb5r8y,9,postexp,Pref2,1578431960,26,1,False
1,189,p6lb5r8y,10,postexp,Demographics,1578432026,66,1,False
1,189,p6lb5r8y,11,postexp,ResultsTask,1578432039,13,1,False
1,190,5eum8r3d,1,tt,Instructions,1578432940,56,1,False
1,190,5eum8r3d,2,tt,Task,1578432965,25,1,False
1,190,5eum8r3d,3,tt,BeliefInstructions,1578432979,14,1,False
1,190,5eum8r3d,4,tt,Beliefs,1578433035,56,1,False
1,190,5eum8r3d,5,tt,Questions,1578433062,27,1,False
1,190,5eum8r3d,6,wordscra,Task,1578433118,56,1,False
1,190,5eum8r3d,7,postexp,Risk,1578433126,8,1,False
1,190,5eum8r3d,8,postexp,Pref1,1578433161,35,1,False
1,190,5eum8r3d,9,postexp,Pref2,1578433178,17,1,False
1,190,5eum8r3d,10,postexp,Demographics,1578433224,46,1,False
1,190,5eum8r3d,11,postexp,ResultsTask,1578433241,17,1,False
1,191,rlp8q1dq,1,tt,Instructions,1578433141,71,1,False
1,191,rlp8q1dq,2,tt,Task,1578433181,40,1,False
1,191,rlp8q1dq,3,tt,BeliefInstructions,1578433202,21,1,False
1,191,rlp8q1dq,4,tt,Beliefs,1578433259,57,1,False
1,191,rlp8q1dq,5,tt,Questions,1578433275,16,1,False
1,191,rlp8q1dq,6,wordscra,Task,1578433316,41,1,False
1,191,rlp8q1dq,7,postexp,Risk,1578433325,9,1,False
1,191,rlp8q1dq,8,postexp,Pref1,1578433541,216,1,False
1,191,rlp8q1dq,9,postexp,Pref2,1578433555,14,1,False
1,191,rlp8q1dq,10,postexp,Demographics,1578433586,31,1,False
1,191,rlp8q1dq,11,postexp,ResultsTask,1578433600,14,1,False
1,193,g8fmwqrn,1,tt,Instructions,1578433594,43,1,False
1,193,g8fmwqrn,2,tt,Task,1578433633,39,1,False
1,193,g8fmwqrn,3,tt,BeliefInstructions,1578433648,15,1,False
1,193,g8fmwqrn,4,tt,Beliefs,1578433683,35,1,False
1,193,g8fmwqrn,5,tt,Questions,1578433708,25,1,False
1,193,g8fmwqrn,6,wordscra,Task,1578433945,237,1,False
1,193,g8fmwqrn,7,postexp,Risk,1578433958,13,1,False
1,193,g8fmwqrn,8,postexp,Pref1,1578434143,185,1,False
1,193,g8fmwqrn,9,postexp,Pref2,1578434173,30,1,False
1,193,g8fmwqrn,10,postexp,Demographics,1578434219,46,1,False
1,193,g8fmwqrn,11,postexp,ResultsTask,1578434225,6,1,False
1,194,9fdve2ha,1,tt,Instructions,1578434519,39,1,False
1,194,9fdve2ha,2,tt,Task,1578434540,21,1,False
1,194,9fdve2ha,3,tt,BeliefInstructions,1578434549,9,1,False
1,194,9fdve2ha,4,tt,Beliefs,1578434603,54,1,False
1,194,9fdve2ha,5,tt,Questions,1578434617,14,1,False
1,194,9fdve2ha,6,wordscra,Task,1578434651,34,1,False
1,194,9fdve2ha,7,postexp,Risk,1578434657,6,1,False
1,194,9fdve2ha,8,postexp,Pref1,1578434682,25,1,False
1,194,9fdve2ha,9,postexp,Pref2,1578434698,16,1,False
1,194,9fdve2ha,10,postexp,Demographics,1578434732,34,1,False
1,194,9fdve2ha,11,postexp,ResultsTask,1578434741,9,1,False
1,195,lrd4dsdd,1,tt,Instructions,1578435384,39,1,False
1,195,lrd4dsdd,2,tt,Task,1578435409,25,1,False
1,195,lrd4dsdd,3,tt,BeliefInstructions,1578435420,11,1,False
1,195,lrd4dsdd,4,tt,Beliefs,1578435452,32,1,False
1,195,lrd4dsdd,5,tt,Questions,1578435464,12,1,False
1,195,lrd4dsdd,6,wordscra,Task,1578435576,112,1,False
1,195,lrd4dsdd,7,postexp,Risk,1578435586,10,1,False
1,195,lrd4dsdd,8,postexp,Pref1,1578435603,17,1,False
1,195,lrd4dsdd,9,postexp,Pref2,1578435612,9,1,False
1,195,lrd4dsdd,10,postexp,Demographics,1578435644,32,1,False
1,195,lrd4dsdd,11,postexp,ResultsTask,1578435650,6,1,False
1,196,k0lors5m,1,tt,Instructions,1578435770,20,1,False
1,196,k0lors5m,2,tt,Task,1578435794,24,1,False
1,196,k0lors5m,3,tt,BeliefInstructions,1578435799,5,1,False
1,196,k0lors5m,4,tt,Beliefs,1578435836,37,1,False
1,196,k0lors5m,5,tt,Questions,1578435847,11,1,False
1,196,k0lors5m,6,wordscra,Task,1578435879,32,1,False
1,196,k0lors5m,7,postexp,Risk,1578435884,5,1,False
1,196,k0lors5m,8,postexp,Pref1,1578435900,16,1,False
1,196,k0lors5m,9,postexp,Pref2,1578435908,8,1,False
1,196,k0lors5m,10,postexp,Demographics,1578435932,24,1,False
1,196,k0lors5m,11,postexp,ResultsTask,1578435937,5,1,False
1,197,vpeno5g8,1,tt,Instructions,1578436835,40,1,False
1,197,vpeno5g8,2,tt,Task,1578436868,33,1,False
1,197,vpeno5g8,3,tt,BeliefInstructions,1578436876,8,1,False
1,197,vpeno5g8,4,tt,Beliefs,1578436896,20,1,False
1,197,vpeno5g8,5,tt,Questions,1578436910,14,1,False
1,197,vpeno5g8,6,wordscra,Task,1578437011,101,1,False
1,197,vpeno5g8,7,postexp,Risk,1578437032,21,1,False
1,198,u42qqln0,1,tt,Instructions,1578436962,77,1,False
1,198,u42qqln0,2,tt,Task,1578437032,70,1,False
1,198,u42qqln0,3,tt,BeliefInstructions,1578437060,28,1,False
1,198,u42qqln0,4,tt,Beliefs,1578437113,53,1,False
1,198,u42qqln0,5,tt,Questions,1578437150,37,1,False
1,198,u42qqln0,6,wordscra,Task,1578437365,215,1,False
1,198,u42qqln0,7,postexp,Risk,1578437380,15,1,False
1,198,u42qqln0,8,postexp,Pref1,1578437425,45,1,False
1,198,u42qqln0,9,postexp,Pref2,1578437453,28,1,False
1,198,u42qqln0,10,postexp,Demographics,1578437505,52,1,False
1,198,u42qqln0,11,postexp,ResultsTask,1578437519,14,1,False
1,199,qjwv04s5,1,tt,Instructions,1578437013,35,1,False
1,199,qjwv04s5,2,tt,Task,1578437050,37,1,False
1,199,qjwv04s5,3,tt,BeliefInstructions,1578437062,12,1,False
1,199,qjwv04s5,4,tt,Beliefs,1578437087,25,1,False
1,199,qjwv04s5,5,tt,Questions,1578437101,14,1,False
1,199,qjwv04s5,6,wordscra,Task,1578437194,93,1,False
1,199,qjwv04s5,7,postexp,Risk,1578437199,5,1,False
1,199,qjwv04s5,8,postexp,Pref1,1578437240,41,1,False
1,199,qjwv04s5,9,postexp,Pref2,1578437276,36,1,False
1,199,qjwv04s5,10,postexp,Demographics,1578437341,65,1,False
1,199,qjwv04s5,11,postexp,ResultsTask,1578437352,11,1,False
1,200,9ja2r6f2,1,tt,Instructions,1578437217,23,1,False
1,200,9ja2r6f2,2,tt,Task,1578437230,13,1,False
1,200,9ja2r6f2,3,tt,BeliefInstructions,1578437236,6,1,False
1,200,9ja2r6f2,4,tt,Beliefs,1578437276,40,1,False
1,200,9ja2r6f2,5,tt,Questions,1578437298,22,1,False
1,200,9ja2r6f2,6,wordscra,Task,1578437345,47,1,False
1,200,9ja2r6f2,7,postexp,Risk,1578437350,5,1,False
1,200,9ja2r6f2,8,postexp,Pref1,1578437372,22,1,False
1,200,9ja2r6f2,9,postexp,Pref2,1578437387,15,1,False
1,200,9ja2r6f2,10,postexp,Demographics,1578437414,27,1,False
1,200,9ja2r6f2,11,postexp,ResultsTask,1578437426,12,1,False
1,201,y799lz5t,1,tt,Instructions,1578438491,39,1,False
1,201,y799lz5t,2,tt,Task,1578438516,25,1,False
1,201,y799lz5t,3,tt,BeliefInstructions,1578438529,13,1,False
1,201,y799lz5t,4,tt,Beliefs,1578438546,17,1,False
1,201,y799lz5t,5,tt,Questions,1578438557,11,1,False
1,201,y799lz5t,6,wordscra,Task,1578438618,61,1,False
1,201,y799lz5t,7,postexp,Risk,1578438622,4,1,False
1,201,y799lz5t,8,postexp,Pref1,1578438642,20,1,False
1,201,y799lz5t,9,postexp,Pref2,1578438668,26,1,False
1,201,y799lz5t,10,postexp,Demographics,1578438698,30,1,False
1,201,y799lz5t,11,postexp,ResultsTask,1578438703,5,1,False
1,202,8pd42co4,1,tt,Instructions,1578439699,23,1,False
1,202,8pd42co4,2,tt,Task,1578439720,21,1,False
1,202,8pd42co4,3,tt,BeliefInstructions,1578439732,12,1,False
1,202,8pd42co4,4,tt,Beliefs,1578439771,39,1,False
1,202,8pd42co4,5,tt,Questions,1578439779,8,1,False
1,202,8pd42co4,6,wordscra,Task,1578439821,42,1,False
1,202,8pd42co4,7,postexp,Risk,1578439831,10,1,False
1,202,8pd42co4,8,postexp,Pref1,1578439851,20,1,False
1,202,8pd42co4,9,postexp,Pref2,1578439863,12,1,False
1,202,8pd42co4,10,postexp,Demographics,1578439898,35,1,False
1,202,8pd42co4,11,postexp,ResultsTask,1578439905,7,1,False
1,203,s00aa0nl,1,tt,Instructions,1578440507,706,1,False
1,203,s00aa0nl,2,tt,Task,1578440531,24,1,False
1,203,s00aa0nl,3,tt,BeliefInstructions,1578440541,10,1,False
1,203,s00aa0nl,4,tt,Beliefs,1578440566,25,1,False
1,203,s00aa0nl,5,tt,Questions,1578440578,12,1,False
1,203,s00aa0nl,6,wordscra,Task,1578440627,49,1,False
1,203,s00aa0nl,7,postexp,Risk,1578440639,12,1,False
1,203,s00aa0nl,8,postexp,Pref1,1578440658,19,1,False
1,203,s00aa0nl,9,postexp,Pref2,1578440672,14,1,False
1,203,s00aa0nl,10,postexp,Demographics,1578440720,48,1,False
1,203,s00aa0nl,11,postexp,ResultsTask,1578440729,9,1,False
1,204,ezbqfrxt,1,tt,Instructions,1578442141,75,1,False
1,204,ezbqfrxt,2,tt,Task,1578442237,96,1,False
1,204,ezbqfrxt,3,tt,BeliefInstructions,1578442245,8,1,False
1,204,ezbqfrxt,4,tt,Beliefs,1578442287,42,1,False
1,204,ezbqfrxt,5,tt,Questions,1578442306,19,1,False
1,204,ezbqfrxt,6,wordscra,Task,1578442426,120,1,False
1,204,ezbqfrxt,7,postexp,Risk,1578442443,17,1,False
1,204,ezbqfrxt,8,postexp,Pref1,1578442476,33,1,False
1,204,ezbqfrxt,9,postexp,Pref2,1578442599,123,1,False
1,204,ezbqfrxt,10,postexp,Demographics,1578442725,126,1,False
1,204,ezbqfrxt,11,postexp,ResultsTask,1578442742,17,1,False
1,206,4ruiin3r,1,tt,Instructions,1578444275,130,1,False
1,206,4ruiin3r,2,tt,Task,1578444307,32,1,False
1,206,4ruiin3r,3,tt,BeliefInstructions,1578444319,12,1,False
1,206,4ruiin3r,4,tt,Beliefs,1578444347,28,1,False
1,206,4ruiin3r,5,tt,Questions,1578444366,19,1,False
1,206,4ruiin3r,6,wordscra,Task,1578444497,131,1,False
1,206,4ruiin3r,7,postexp,Risk,1578444519,22,1,False
1,206,4ruiin3r,8,postexp,Pref1,1578444554,35,1,False
1,206,4ruiin3r,9,postexp,Pref2,1578444575,21,1,False
1,206,4ruiin3r,10,postexp,Demographics,1578444620,45,1,False
1,206,4ruiin3r,11,postexp,ResultsTask,1578444629,9,1,False
1,207,zcc9fi9m,1,tt,Instructions,1578448891,169,1,False
1,207,zcc9fi9m,2,tt,Task,1578448938,47,1,False
1,207,zcc9fi9m,3,tt,BeliefInstructions,1578448981,43,1,False
1,207,zcc9fi9m,4,tt,Beliefs,1578449047,66,1,False
1,207,zcc9fi9m,5,tt,Questions,1578449070,23,1,False
1,207,zcc9fi9m,6,wordscra,Task,1578449120,50,1,False
1,207,zcc9fi9m,7,postexp,Risk,1578449134,14,1,False
1,207,zcc9fi9m,8,postexp,Pref1,1578449181,47,1,False
1,207,zcc9fi9m,9,postexp,Pref2,1578449203,22,1,False
1,207,zcc9fi9m,10,postexp,Demographics,1578449280,77,1,False
1,207,zcc9fi9m,11,postexp,ResultsTask,1578449307,27,1,False
1,208,wcaobizx,1,tt,Instructions,1578449498,41,1,False
1,208,wcaobizx,2,tt,Task,1578449533,35,1,False
1,208,wcaobizx,3,tt,BeliefInstructions,1578449579,46,1,False
1,208,wcaobizx,4,tt,Beliefs,1578449607,28,1,False
1,208,wcaobizx,5,tt,Questions,1578449622,15,1,False
1,208,wcaobizx,6,wordscra,Task,1578449660,38,1,False
1,208,wcaobizx,7,postexp,Risk,1578449666,6,1,False
1,208,wcaobizx,8,postexp,Pref1,1578449689,23,1,False
1,208,wcaobizx,9,postexp,Pref2,1578449704,15,1,False
1,208,wcaobizx,10,postexp,Demographics,1578449742,38,1,False
1,208,wcaobizx,11,postexp,ResultsTask,1578449752,10,1,False
1,209,p0mby5h7,1,tt,Instructions,1578454668,106,1,False
1,209,p0mby5h7,2,tt,Task,1578454734,66,1,False
1,209,p0mby5h7,3,tt,BeliefInstructions,1578454785,51,1,False
1,209,p0mby5h7,4,tt,Beliefs,1578454841,56,1,False
1,209,p0mby5h7,5,tt,Questions,1578454883,42,1,False
1,209,p0mby5h7,6,wordscra,Task,1578455034,151,1,False
1,209,p0mby5h7,7,postexp,Risk,1578455053,19,1,False
1,209,p0mby5h7,8,postexp,Pref1,1578455136,83,1,False
1,209,p0mby5h7,9,postexp,Pref2,1578455180,44,1,False
1,209,p0mby5h7,10,postexp,Demographics,1578455233,53,1,False
1,209,p0mby5h7,11,postexp,ResultsTask,1578455241,8,1,False
1,210,l5z39lhh,1,tt,Instructions,1578465255,49,1,False
1,210,l5z39lhh,2,tt,Task,1578465327,72,1,False
1,210,l5z39lhh,3,tt,BeliefInstructions,1578465341,14,1,False
1,210,l5z39lhh,4,tt,Beliefs,1578465370,29,1,False
1,210,l5z39lhh,5,tt,Questions,1578465394,24,1,False
1,210,l5z39lhh,6,wordscra,Task,1578465455,61,1,False
1,210,l5z39lhh,7,postexp,Risk,1578465468,13,1,False
1,210,l5z39lhh,8,postexp,Pref1,1578465494,26,1,False
1,210,l5z39lhh,9,postexp,Pref2,1578465523,29,1,False
1,210,l5z39lhh,10,postexp,Demographics,1578465619,96,1,False
1,210,l5z39lhh,11,postexp,ResultsTask,1578465632,13,1,False
1,213,ecjhhd4e,1,tt,Instructions,1578468022,135,1,False
1,213,ecjhhd4e,2,tt,Task,1578468045,23,1,False
1,213,ecjhhd4e,3,tt,BeliefInstructions,1578468058,13,1,False
1,213,ecjhhd4e,4,tt,Beliefs,1578468117,59,1,False
1,213,ecjhhd4e,5,tt,Questions,1578468134,17,1,False
1,213,ecjhhd4e,6,wordscra,Task,1578468187,53,1,False
1,213,ecjhhd4e,7,postexp,Risk,1578468197,10,1,False
1,213,ecjhhd4e,8,postexp,Pref1,1578468236,39,1,False
1,213,ecjhhd4e,9,postexp,Pref2,1578468254,18,1,False
1,213,ecjhhd4e,10,postexp,Demographics,1578468287,33,1,False
1,213,ecjhhd4e,11,postexp,ResultsTask,1578468299,12,1,False
