session_id,participant__id_in_session,participant__code,page_index,app_name,page_name,time_stamp,seconds_on_page,subsession_pk,auto_submitted
1,1,bw18bsz5,1,tt,Instructions,1544535192,59,1,False
1,1,bw18bsz5,2,tt,Task,1544535224,32,1,False
1,1,bw18bsz5,3,tt,BeliefInstructions,1544535241,17,1,False
1,1,bw18bsz5,4,tt,Beliefs,1544535283,42,1,False
1,1,bw18bsz5,5,wordscra,Task,1544535496,213,1,False
1,1,bw18bsz5,6,postexp,Risk,1544535507,11,1,False
1,1,bw18bsz5,7,postexp,Pref1,1544535533,26,1,False
1,1,bw18bsz5,8,postexp,Pref2,1544535554,21,1,False
1,1,bw18bsz5,9,postexp,Demographics,1544535603,49,1,False
1,1,bw18bsz5,10,postexp,ResultsTask,1544535610,7,1,False
1,3,bd668foj,1,tt,Instructions,1544535447,91,1,False
1,3,bd668foj,2,tt,Task,1544535477,30,1,False
1,3,bd668foj,3,tt,BeliefInstructions,1544535495,18,1,False
1,3,bd668foj,4,tt,Beliefs,1544535532,37,1,False
1,3,bd668foj,5,wordscra,Task,1544535617,85,1,False
1,3,bd668foj,6,postexp,Risk,1544535627,10,1,False
1,3,bd668foj,7,postexp,Pref1,1544535680,53,1,False
1,3,bd668foj,8,postexp,Pref2,1544535697,17,1,False
1,3,bd668foj,9,postexp,Demographics,1544535734,37,1,False
1,3,bd668foj,10,postexp,ResultsTask,1544535740,6,1,False
1,4,ygtn5fbe,1,tt,Instructions,1544535426,66,1,False
1,4,ygtn5fbe,2,tt,Task,1544535453,27,1,False
1,4,ygtn5fbe,3,tt,BeliefInstructions,1544535469,16,1,False
1,4,ygtn5fbe,4,tt,Beliefs,1544535495,26,1,False
1,4,ygtn5fbe,5,wordscra,Task,1544535567,72,1,False
1,4,ygtn5fbe,6,postexp,Risk,1544535580,13,1,False
1,4,ygtn5fbe,7,postexp,Pref1,1544535621,41,1,False
1,4,ygtn5fbe,8,postexp,Pref2,1544535644,23,1,False
1,4,ygtn5fbe,9,postexp,Demographics,1544535678,34,1,False
1,4,ygtn5fbe,10,postexp,ResultsTask,1544535685,7,1,False
1,5,7td3bzcr,1,tt,Instructions,1544535438,39,1,False
1,5,7td3bzcr,2,tt,Task,1544535473,35,1,False
1,5,7td3bzcr,3,tt,BeliefInstructions,1544535484,11,1,False
1,5,7td3bzcr,4,tt,Beliefs,1544535520,36,1,False
1,5,7td3bzcr,5,wordscra,Task,1544535613,93,1,False
1,5,7td3bzcr,6,postexp,Risk,1544535623,10,1,False
1,5,7td3bzcr,7,postexp,Pref1,1544535665,42,1,False
1,5,7td3bzcr,8,postexp,Pref2,1544535686,21,1,False
1,5,7td3bzcr,9,postexp,Demographics,1544535730,44,1,False
1,5,7td3bzcr,10,postexp,ResultsTask,1544535813,83,1,False
1,6,7npdyrx1,1,tt,Instructions,1544535713,55,1,False
1,6,7npdyrx1,2,tt,Task,1544535735,22,1,False
1,6,7npdyrx1,3,tt,BeliefInstructions,1544535747,12,1,False
1,6,7npdyrx1,4,tt,Beliefs,1544535774,27,1,False
1,6,7npdyrx1,5,wordscra,Task,1544535828,54,1,False
1,6,7npdyrx1,6,postexp,Risk,1544535835,7,1,False
1,6,7npdyrx1,7,postexp,Pref1,1544535867,32,1,False
1,6,7npdyrx1,8,postexp,Pref2,1544535887,20,1,False
1,6,7npdyrx1,9,postexp,Demographics,1544535913,26,1,False
1,6,7npdyrx1,10,postexp,ResultsTask,1544535918,5,1,False
1,7,347n72ct,1,tt,Instructions,1544535854,191,1,False
1,7,347n72ct,2,tt,Task,1544535883,29,1,False
1,7,347n72ct,3,tt,BeliefInstructions,1544535905,22,1,False
1,7,347n72ct,4,tt,Beliefs,1544536001,96,1,False
1,7,347n72ct,5,wordscra,Task,1544536184,183,1,False
1,7,347n72ct,6,postexp,Risk,1544536197,13,1,False
1,7,347n72ct,7,postexp,Pref1,1544536233,36,1,False
1,7,347n72ct,8,postexp,Pref2,1544536271,38,1,False
1,7,347n72ct,9,postexp,Demographics,1544536400,129,1,False
1,7,347n72ct,10,postexp,ResultsTask,1544536426,26,1,False
1,8,n0mocmoc,1,tt,Instructions,1544535831,163,1,False
1,8,n0mocmoc,2,tt,Task,1544535879,48,1,False
1,8,n0mocmoc,3,tt,BeliefInstructions,1544535887,8,1,False
1,8,n0mocmoc,4,tt,Beliefs,1544535910,23,1,False
1,8,n0mocmoc,5,wordscra,Task,1544535990,80,1,False
1,8,n0mocmoc,6,postexp,Risk,1544535998,8,1,False
1,8,n0mocmoc,7,postexp,Pref1,1544536040,42,1,False
1,8,n0mocmoc,8,postexp,Pref2,1544536082,42,1,False
1,8,n0mocmoc,9,postexp,Demographics,1544536206,124,1,False
1,8,n0mocmoc,10,postexp,ResultsTask,1544536211,5,1,False
1,9,ggjvyqrl,1,tt,Instructions,1544535941,110,1,False
1,9,ggjvyqrl,2,tt,Task,1544535983,42,1,False
1,9,ggjvyqrl,3,tt,BeliefInstructions,1544536005,22,1,False
1,9,ggjvyqrl,4,tt,Beliefs,1544536077,72,1,False
1,9,ggjvyqrl,5,wordscra,Task,1544536191,114,1,False
1,9,ggjvyqrl,6,postexp,Risk,1544536211,20,1,False
1,9,ggjvyqrl,7,postexp,Pref1,1544536263,52,1,False
1,9,ggjvyqrl,8,postexp,Pref2,1544536336,73,1,False
1,9,ggjvyqrl,9,postexp,Demographics,1544536456,120,1,False
1,9,ggjvyqrl,10,postexp,ResultsTask,1544536592,136,1,False
1,10,j9wxpm4a,1,tt,Instructions,1544536050,9,1,False
1,10,j9wxpm4a,2,tt,Task,1544536090,40,1,False
1,10,j9wxpm4a,3,tt,BeliefInstructions,1544536104,14,1,False
1,10,j9wxpm4a,4,tt,Beliefs,1544536130,26,1,False
1,10,j9wxpm4a,5,wordscra,Task,1544536163,33,1,False
1,10,j9wxpm4a,6,postexp,Risk,1544536173,10,1,False
1,10,j9wxpm4a,7,postexp,Pref1,1544536208,35,1,False
1,10,j9wxpm4a,8,postexp,Pref2,1544536238,30,1,False
1,10,j9wxpm4a,9,postexp,Demographics,1544536277,39,1,False
1,10,j9wxpm4a,10,postexp,ResultsTask,1544536294,17,1,False
1,11,msfpfpwu,1,tt,Instructions,1544536162,92,1,False
1,11,msfpfpwu,2,tt,Task,1544536244,82,1,False
1,11,msfpfpwu,3,tt,BeliefInstructions,1544536256,12,1,False
1,11,msfpfpwu,4,tt,Beliefs,1544536287,31,1,False
1,11,msfpfpwu,5,wordscra,Task,1544536347,60,1,False
1,11,msfpfpwu,6,postexp,Risk,1544536355,8,1,False
1,11,msfpfpwu,7,postexp,Pref1,1544536381,26,1,False
1,11,msfpfpwu,8,postexp,Pref2,1544536398,17,1,False
1,11,msfpfpwu,9,postexp,Demographics,1544536432,34,1,False
1,11,msfpfpwu,10,postexp,ResultsTask,1544536443,11,1,False
1,12,2792njue,1,tt,Instructions,1544536570,162,1,False
1,12,2792njue,2,tt,Task,1544536639,69,1,False
1,12,2792njue,3,tt,BeliefInstructions,1544536667,28,1,False
1,12,2792njue,4,tt,Beliefs,1544536689,22,1,False
1,12,2792njue,5,wordscra,Task,1544536765,76,1,False
1,12,2792njue,6,postexp,Risk,1544536779,14,1,False
1,12,2792njue,7,postexp,Pref1,1544536825,46,1,False
1,12,2792njue,8,postexp,Pref2,1544536855,30,1,False
1,12,2792njue,9,postexp,Demographics,1544536917,62,1,False
1,12,2792njue,10,postexp,ResultsTask,1544536927,10,1,False
1,13,sppuzflf,1,tt,Instructions,1544536540,94,1,False
1,13,sppuzflf,2,tt,Task,1544536578,38,1,False
1,13,sppuzflf,3,tt,BeliefInstructions,1544536596,18,1,False
1,13,sppuzflf,4,tt,Beliefs,1544536720,124,1,False
1,13,sppuzflf,5,wordscra,Task,1544536852,132,1,False
1,13,sppuzflf,6,postexp,Risk,1544536863,11,1,False
1,13,sppuzflf,7,postexp,Pref1,1544536922,59,1,False
1,13,sppuzflf,8,postexp,Pref2,1544536950,28,1,False
1,13,sppuzflf,9,postexp,Demographics,1544537006,56,1,False
1,13,sppuzflf,10,postexp,ResultsTask,1544537020,14,1,False
1,16,05tsfzra,1,tt,Instructions,1544536952,56,1,False
1,16,05tsfzra,2,tt,Task,1544536990,38,1,False
1,16,05tsfzra,3,tt,BeliefInstructions,1544537008,18,1,False
1,16,05tsfzra,4,tt,Beliefs,1544537046,38,1,False
1,16,05tsfzra,5,wordscra,Task,1544537234,188,1,False
1,16,05tsfzra,6,postexp,Risk,1544537246,12,1,False
1,16,05tsfzra,7,postexp,Pref1,1544537287,41,1,False
1,16,05tsfzra,8,postexp,Pref2,1544537314,27,1,False
1,16,05tsfzra,9,postexp,Demographics,1544537376,62,1,False
1,16,05tsfzra,10,postexp,ResultsTask,1544537383,7,1,False
1,17,dio5y9lu,1,tt,Instructions,1544537173,161,1,False
1,17,dio5y9lu,2,tt,Task,1544537258,85,1,False
1,17,dio5y9lu,3,tt,BeliefInstructions,1544537280,22,1,False
1,17,dio5y9lu,4,tt,Beliefs,1544537327,47,1,False
1,17,dio5y9lu,5,wordscra,Task,1544537567,240,1,False
1,17,dio5y9lu,6,postexp,Risk,1544537579,12,1,False
1,17,dio5y9lu,7,postexp,Pref1,1544537641,62,1,False
1,17,dio5y9lu,8,postexp,Pref2,1544537693,52,1,False
1,17,dio5y9lu,9,postexp,Demographics,1544537819,126,1,False
1,17,dio5y9lu,10,postexp,ResultsTask,1544537828,9,1,False
1,18,0be3p8vf,1,tt,Instructions,1544537183,22,1,False
1,18,0be3p8vf,2,tt,Task,1544537204,21,1,False
1,18,0be3p8vf,3,tt,BeliefInstructions,1544537208,4,1,False
1,18,0be3p8vf,4,tt,Beliefs,1544537258,50,1,False
1,18,0be3p8vf,5,wordscra,Task,1544537433,175,1,False
1,18,0be3p8vf,6,postexp,Risk,1544537448,15,1,False
1,18,0be3p8vf,7,postexp,Pref1,1544537490,42,1,False
1,18,0be3p8vf,8,postexp,Pref2,1544537511,21,1,False
1,18,0be3p8vf,9,postexp,Demographics,1544537611,100,1,False
1,18,0be3p8vf,10,postexp,ResultsTask,1544537626,15,1,False
1,19,0cpk0fx7,1,tt,Instructions,1544537801,136,1,False
1,19,0cpk0fx7,2,tt,Task,1544537842,41,1,False
1,19,0cpk0fx7,3,tt,BeliefInstructions,1544537856,14,1,False
1,19,0cpk0fx7,4,tt,Beliefs,1544537892,36,1,False
1,19,0cpk0fx7,5,wordscra,Task,1544537983,91,1,False
1,19,0cpk0fx7,6,postexp,Risk,1544537997,14,1,False
1,19,0cpk0fx7,7,postexp,Pref1,1544538039,42,1,False
1,19,0cpk0fx7,8,postexp,Pref2,1544538065,26,1,False
1,19,0cpk0fx7,9,postexp,Demographics,1544538125,60,1,False
1,19,0cpk0fx7,10,postexp,ResultsTask,1544538167,42,1,False
1,20,p2v11qpb,1,tt,Instructions,1544537866,167,1,False
1,20,p2v11qpb,2,tt,Task,1544537904,38,1,False
1,20,p2v11qpb,3,tt,BeliefInstructions,1544537918,14,1,False
1,20,p2v11qpb,4,tt,Beliefs,1544537942,24,1,False
1,20,p2v11qpb,5,wordscra,Task,1544538033,91,1,False
1,20,p2v11qpb,6,postexp,Risk,1544538046,13,1,False
1,20,p2v11qpb,7,postexp,Pref1,1544538099,53,1,False
1,20,p2v11qpb,8,postexp,Pref2,1544538122,23,1,False
1,20,p2v11qpb,9,postexp,Demographics,1544538181,59,1,False
1,20,p2v11qpb,10,postexp,ResultsTask,1544538193,12,1,False
1,22,iehhvx25,1,tt,Instructions,1544538055,82,1,False
1,22,iehhvx25,2,tt,Task,1544538077,22,1,False
1,22,iehhvx25,3,tt,BeliefInstructions,1544538091,14,1,False
1,22,iehhvx25,4,tt,Beliefs,1544538126,35,1,False
1,22,iehhvx25,5,wordscra,Task,1544538214,88,1,False
1,22,iehhvx25,6,postexp,Risk,1544538228,14,1,False
1,22,iehhvx25,7,postexp,Pref1,1544538271,43,1,False
1,22,iehhvx25,8,postexp,Pref2,1544538298,27,1,False
1,22,iehhvx25,9,postexp,Demographics,1544538462,164,1,False
1,22,iehhvx25,10,postexp,ResultsTask,1544538533,71,1,False
1,23,i7mw5104,1,tt,Instructions,1544539251,752,1,False
1,23,i7mw5104,2,tt,Task,1544539293,42,1,False
1,23,i7mw5104,3,tt,BeliefInstructions,1544539309,16,1,False
1,23,i7mw5104,4,tt,Beliefs,1544539356,47,1,False
1,23,i7mw5104,5,wordscra,Task,1544539454,98,1,False
1,23,i7mw5104,6,postexp,Risk,1544539468,14,1,False
1,23,i7mw5104,7,postexp,Pref1,1544539569,101,1,False
1,23,i7mw5104,8,postexp,Pref2,1544539610,41,1,False
1,23,i7mw5104,9,postexp,Demographics,1544539693,83,1,False
1,23,i7mw5104,10,postexp,ResultsTask,1544539718,25,1,False
1,24,00vodcyc,1,tt,Instructions,1544538540,23,1,False
1,24,00vodcyc,2,tt,Task,1544538610,70,1,False
1,24,00vodcyc,3,tt,BeliefInstructions,1544538623,13,1,False
1,24,00vodcyc,4,tt,Beliefs,1544538664,41,1,False
1,24,00vodcyc,5,wordscra,Task,1544538807,143,1,False
1,24,00vodcyc,6,postexp,Risk,1544538818,11,1,False
1,24,00vodcyc,7,postexp,Pref1,1544538860,42,1,False
1,24,00vodcyc,8,postexp,Pref2,1544538882,22,1,False
1,24,00vodcyc,9,postexp,Demographics,1544538950,68,1,False
1,24,00vodcyc,10,postexp,ResultsTask,1544538962,12,1,False
1,26,nr45skna,1,tt,Instructions,1544538630,37,1,False
1,26,nr45skna,2,tt,Task,1544538660,30,1,False
1,26,nr45skna,3,tt,BeliefInstructions,1544538672,12,1,False
1,26,nr45skna,4,tt,Beliefs,1544538725,53,1,False
1,26,nr45skna,5,wordscra,Task,1544538759,34,1,False
1,26,nr45skna,6,postexp,Risk,1544538768,9,1,False
1,26,nr45skna,7,postexp,Pref1,1544538808,40,1,False
1,26,nr45skna,8,postexp,Pref2,1544538824,16,1,False
1,26,nr45skna,9,postexp,Demographics,1544538868,44,1,False
1,26,nr45skna,10,postexp,ResultsTask,1544538879,11,1,False
1,29,r07bo42u,1,tt,Instructions,1544539855,364,1,False
1,29,r07bo42u,2,tt,Task,1544539974,119,1,False
1,29,r07bo42u,3,tt,BeliefInstructions,1544539996,22,1,False
1,29,r07bo42u,4,tt,Beliefs,1544540053,57,1,False
1,29,r07bo42u,5,wordscra,Task,1544540168,115,1,False
1,29,r07bo42u,6,postexp,Risk,1544540193,25,1,False
1,29,r07bo42u,7,postexp,Pref1,1544540326,133,1,False
1,29,r07bo42u,8,postexp,Pref2,1544540398,72,1,False
1,29,r07bo42u,9,postexp,Demographics,1544540511,113,1,False
1,29,r07bo42u,10,postexp,ResultsTask,1544540529,18,1,False
1,30,8sslnt8i,1,tt,Instructions,1544539776,63,1,False
1,30,8sslnt8i,2,tt,Task,1544539808,32,1,False
1,30,8sslnt8i,3,tt,BeliefInstructions,1544539819,11,1,False
1,30,8sslnt8i,4,tt,Beliefs,1544539873,54,1,False
1,30,8sslnt8i,5,wordscra,Task,1544540065,192,1,False
1,30,8sslnt8i,6,postexp,Risk,1544540079,14,1,False
1,30,8sslnt8i,7,postexp,Pref1,1544540118,39,1,False
1,30,8sslnt8i,8,postexp,Pref2,1544540140,22,1,False
1,30,8sslnt8i,9,postexp,Demographics,1544540213,73,1,False
1,30,8sslnt8i,10,postexp,ResultsTask,1544540223,10,1,False
1,31,4hygov66,1,tt,Instructions,1544539784,63,1,False
1,31,4hygov66,2,tt,Task,1544539812,28,1,False
1,31,4hygov66,3,tt,BeliefInstructions,1544539831,19,1,False
1,31,4hygov66,4,tt,Beliefs,1544539947,116,1,False
1,31,4hygov66,5,wordscra,Task,1544540043,96,1,False
1,31,4hygov66,6,postexp,Risk,1544540063,20,1,False
1,31,4hygov66,7,postexp,Pref1,1544540117,54,1,False
1,31,4hygov66,8,postexp,Pref2,1544540149,32,1,False
1,31,4hygov66,9,postexp,Demographics,1544540226,77,1,False
1,31,4hygov66,10,postexp,ResultsTask,1544540234,8,1,False
1,32,nz6vl9cu,1,tt,Instructions,1544541661,1512,1,False
1,32,nz6vl9cu,2,tt,Task,1544541688,27,1,False
1,32,nz6vl9cu,3,tt,BeliefInstructions,1544541704,16,1,False
1,32,nz6vl9cu,4,tt,Beliefs,1544541748,44,1,False
1,32,nz6vl9cu,5,wordscra,Task,1544541903,155,1,False
1,32,nz6vl9cu,6,postexp,Risk,1544541911,8,1,False
1,32,nz6vl9cu,7,postexp,Pref1,1544541966,55,1,False
1,32,nz6vl9cu,8,postexp,Pref2,1544542000,34,1,False
1,32,nz6vl9cu,9,postexp,Demographics,1544542068,68,1,False
1,32,nz6vl9cu,10,postexp,ResultsTask,1544542085,17,1,False
1,34,l7iabrhg,1,tt,Instructions,1544540691,16,1,False
1,34,l7iabrhg,2,tt,Task,1544540714,23,1,False
1,34,l7iabrhg,3,tt,BeliefInstructions,1544540724,10,1,False
1,34,l7iabrhg,4,tt,Beliefs,1544540749,25,1,False
1,34,l7iabrhg,5,wordscra,Task,1544540843,94,1,False
1,34,l7iabrhg,6,postexp,Risk,1544540855,12,1,False
1,34,l7iabrhg,7,postexp,Pref1,1544540899,44,1,False
1,34,l7iabrhg,8,postexp,Pref2,1544540926,27,1,False
1,34,l7iabrhg,9,postexp,Demographics,1544541002,76,1,False
1,34,l7iabrhg,10,postexp,ResultsTask,1544541009,7,1,False
1,35,p2w6yucs,1,tt,Instructions,1544540941,73,1,False
1,35,p2w6yucs,2,tt,Task,1544540981,40,1,False
1,35,p2w6yucs,3,tt,BeliefInstructions,1544540995,14,1,False
1,35,p2w6yucs,4,tt,Beliefs,1544541020,25,1,False
1,35,p2w6yucs,5,wordscra,Task,1544541247,227,1,False
1,35,p2w6yucs,6,postexp,Risk,1544541261,14,1,False
1,35,p2w6yucs,7,postexp,Pref1,1544541305,44,1,False
1,35,p2w6yucs,8,postexp,Pref2,1544541331,26,1,False
1,35,p2w6yucs,9,postexp,Demographics,1544541386,55,1,False
1,35,p2w6yucs,10,postexp,ResultsTask,1544541395,9,1,False
1,36,banttp1l,1,tt,Instructions,1544541377,164,1,False
1,36,banttp1l,2,tt,Task,1544541415,38,1,False
1,36,banttp1l,3,tt,BeliefInstructions,1544541436,21,1,False
1,36,banttp1l,4,tt,Beliefs,1544541471,35,1,False
1,36,banttp1l,5,wordscra,Task,1544541549,78,1,False
1,36,banttp1l,6,postexp,Risk,1544541559,10,1,False
1,36,banttp1l,7,postexp,Pref1,1544541596,37,1,False
1,36,banttp1l,8,postexp,Pref2,1544541621,25,1,False
1,36,banttp1l,9,postexp,Demographics,1544541733,112,1,False
1,36,banttp1l,10,postexp,ResultsTask,1544541743,10,1,False
1,37,j3d25fe1,1,tt,Instructions,1544542233,82,1,False
1,37,j3d25fe1,2,tt,Task,1544542281,48,1,False
1,37,j3d25fe1,3,tt,BeliefInstructions,1544542317,36,1,False
1,37,j3d25fe1,4,tt,Beliefs,1544542379,62,1,False
1,37,j3d25fe1,5,wordscra,Task,1544542631,252,1,False
1,37,j3d25fe1,6,postexp,Risk,1544542643,12,1,False
1,37,j3d25fe1,7,postexp,Pref1,1544542720,77,1,False
1,37,j3d25fe1,8,postexp,Pref2,1544542760,40,1,False
1,37,j3d25fe1,9,postexp,Demographics,1544542814,54,1,False
1,37,j3d25fe1,10,postexp,ResultsTask,1544542824,10,1,False
1,38,2ck7ugn3,1,tt,Instructions,1544542489,99,1,False
1,38,2ck7ugn3,2,tt,Task,1544542514,25,1,False
1,38,2ck7ugn3,3,tt,BeliefInstructions,1544542527,13,1,False
1,38,2ck7ugn3,4,tt,Beliefs,1544542559,32,1,False
1,38,2ck7ugn3,5,wordscra,Task,1544542646,87,1,False
1,38,2ck7ugn3,6,postexp,Risk,1544542655,9,1,False
1,38,2ck7ugn3,7,postexp,Pref1,1544542695,40,1,False
1,38,2ck7ugn3,8,postexp,Pref2,1544542712,17,1,False
1,38,2ck7ugn3,9,postexp,Demographics,1544542749,37,1,False
1,38,2ck7ugn3,10,postexp,ResultsTask,1544542756,7,1,False
1,40,v56ercrs,1,tt,Instructions,1544542544,64,1,False
1,40,v56ercrs,2,tt,Task,1544542578,34,1,False
1,40,v56ercrs,3,tt,BeliefInstructions,1544542590,12,1,False
1,40,v56ercrs,4,tt,Beliefs,1544542643,53,1,False
1,40,v56ercrs,5,wordscra,Task,1544542710,67,1,False
1,40,v56ercrs,6,postexp,Risk,1544542721,11,1,False
1,40,v56ercrs,7,postexp,Pref1,1544542766,45,1,False
1,40,v56ercrs,8,postexp,Pref2,1544542794,28,1,False
1,40,v56ercrs,9,postexp,Demographics,1544542890,96,1,False
1,40,v56ercrs,10,postexp,ResultsTask,1544542903,13,1,False
1,41,9mmj47ji,1,tt,Instructions,1544542866,92,1,False
1,41,9mmj47ji,2,tt,Task,1544542899,33,1,False
1,41,9mmj47ji,3,tt,BeliefInstructions,1544542909,10,1,False
1,41,9mmj47ji,4,tt,Beliefs,1544542955,46,1,False
1,41,9mmj47ji,5,wordscra,Task,1544543001,46,1,False
1,41,9mmj47ji,6,postexp,Risk,1544543014,13,1,False
1,41,9mmj47ji,7,postexp,Pref1,1544543070,56,1,False
1,41,9mmj47ji,8,postexp,Pref2,1544543102,32,1,False
1,41,9mmj47ji,9,postexp,Demographics,1544543170,68,1,False
1,41,9mmj47ji,10,postexp,ResultsTask,1544543178,8,1,False
1,42,a2ohdwba,1,tt,Instructions,1544543610,56,1,False
1,42,a2ohdwba,2,tt,Task,1544543666,56,1,False
1,42,a2ohdwba,3,tt,BeliefInstructions,1544543676,10,1,False
1,42,a2ohdwba,4,tt,Beliefs,1544543731,55,1,False
1,42,a2ohdwba,5,wordscra,Task,1544543792,61,1,False
1,42,a2ohdwba,6,postexp,Risk,1544543802,10,1,False
1,42,a2ohdwba,7,postexp,Pref1,1544543860,58,1,False
1,42,a2ohdwba,8,postexp,Pref2,1544543885,25,1,False
1,42,a2ohdwba,9,postexp,Demographics,1544543946,61,1,False
1,42,a2ohdwba,10,postexp,ResultsTask,1544543956,10,1,False
1,44,4xxgppk3,1,tt,Instructions,1544544551,154,1,False
1,44,4xxgppk3,2,tt,Task,1544544585,34,1,False
1,44,4xxgppk3,3,tt,BeliefInstructions,1544544610,25,1,False
1,44,4xxgppk3,4,tt,Beliefs,1544544687,77,1,False
1,44,4xxgppk3,5,wordscra,Task,1544544741,54,1,False
1,44,4xxgppk3,6,postexp,Risk,1544544757,16,1,False
1,44,4xxgppk3,7,postexp,Pref1,1544544816,59,1,False
1,44,4xxgppk3,8,postexp,Pref2,1544544846,30,1,False
1,44,4xxgppk3,9,postexp,Demographics,1544544938,92,1,False
1,44,4xxgppk3,10,postexp,ResultsTask,1544544953,15,1,False
1,45,ho8fuupz,1,tt,Instructions,1544544590,134,1,False
1,45,ho8fuupz,2,tt,Task,1544544621,31,1,False
1,45,ho8fuupz,3,tt,BeliefInstructions,1544544633,12,1,False
1,45,ho8fuupz,4,tt,Beliefs,1544544680,47,1,False
1,45,ho8fuupz,5,wordscra,Task,1544544728,48,1,False
1,45,ho8fuupz,6,postexp,Risk,1544544736,8,1,False
1,45,ho8fuupz,7,postexp,Pref1,1544544787,51,1,False
1,45,ho8fuupz,8,postexp,Pref2,1544544810,23,1,False
1,45,ho8fuupz,9,postexp,Demographics,1544544866,56,1,False
1,45,ho8fuupz,10,postexp,ResultsTask,1544544881,15,1,False
1,46,lydfqjky,1,tt,Instructions,1544545152,219,1,False
1,46,lydfqjky,2,tt,Task,1544545204,52,1,False
1,46,lydfqjky,3,tt,BeliefInstructions,1544545221,17,1,False
1,46,lydfqjky,4,tt,Beliefs,1544545272,51,1,False
1,46,lydfqjky,5,wordscra,Task,1544545403,131,1,False
1,46,lydfqjky,6,postexp,Risk,1544545419,16,1,False
1,46,lydfqjky,7,postexp,Pref1,1544545477,58,1,False
1,46,lydfqjky,8,postexp,Pref2,1544545505,28,1,False
1,46,lydfqjky,9,postexp,Demographics,1544545570,65,1,False
1,46,lydfqjky,10,postexp,ResultsTask,1544545577,7,1,False
1,47,wb94133f,1,tt,Instructions,1544545232,137,1,False
1,47,wb94133f,2,tt,Task,1544545314,82,1,False
1,47,wb94133f,3,tt,BeliefInstructions,1544545326,12,1,False
1,47,wb94133f,4,tt,Beliefs,1544545352,26,1,False
1,47,wb94133f,5,wordscra,Task,1544545411,59,1,False
1,47,wb94133f,6,postexp,Risk,1544545421,10,1,False
1,47,wb94133f,7,postexp,Pref1,1544545636,215,1,False
1,47,wb94133f,8,postexp,Pref2,1544545678,42,1,False
1,47,wb94133f,9,postexp,Demographics,1544545719,41,1,False
1,47,wb94133f,10,postexp,ResultsTask,1544545725,6,1,False
1,48,y1q7yu4s,1,tt,Instructions,1544545331,107,1,False
1,48,y1q7yu4s,2,tt,Task,1544545362,31,1,False
1,48,y1q7yu4s,3,tt,BeliefInstructions,1544545386,24,1,False
1,48,y1q7yu4s,4,tt,Beliefs,1544545433,47,1,False
1,48,y1q7yu4s,5,wordscra,Task,1544545683,250,1,False
1,48,y1q7yu4s,6,postexp,Risk,1544545699,16,1,False
1,48,y1q7yu4s,7,postexp,Pref1,1544545749,50,1,False
1,48,y1q7yu4s,8,postexp,Pref2,1544545777,28,1,False
1,48,y1q7yu4s,9,postexp,Demographics,1544545825,48,1,False
1,48,y1q7yu4s,10,postexp,ResultsTask,1544545839,14,1,False
1,50,y2ssp5f6,1,tt,Instructions,1544545480,89,1,False
1,50,y2ssp5f6,2,tt,Task,1544545519,39,1,False
1,50,y2ssp5f6,3,tt,BeliefInstructions,1544545533,14,1,False
1,50,y2ssp5f6,4,tt,Beliefs,1544545745,212,1,False
1,50,y2ssp5f6,5,wordscra,Task,1544545827,82,1,False
1,50,y2ssp5f6,6,postexp,Risk,1544545839,12,1,False
1,50,y2ssp5f6,7,postexp,Pref1,1544545901,62,1,False
1,50,y2ssp5f6,8,postexp,Pref2,1544545933,32,1,False
1,50,y2ssp5f6,9,postexp,Demographics,1544546029,96,1,False
1,50,y2ssp5f6,10,postexp,ResultsTask,1544546038,9,1,False
1,51,zvobbasd,1,tt,Instructions,1544546311,142,1,False
1,51,zvobbasd,2,tt,Task,1544546334,23,1,False
1,51,zvobbasd,3,tt,BeliefInstructions,1544546346,12,1,False
1,51,zvobbasd,4,tt,Beliefs,1544546380,34,1,False
1,51,zvobbasd,5,wordscra,Task,1544546426,46,1,False
1,51,zvobbasd,6,postexp,Risk,1544546470,44,1,False
1,51,zvobbasd,7,postexp,Pref1,1544546609,139,1,False
1,51,zvobbasd,8,postexp,Pref2,1544546750,141,1,False
1,51,zvobbasd,9,postexp,Demographics,1544546839,89,1,False
1,51,zvobbasd,10,postexp,ResultsTask,1544546844,5,1,False
1,52,azrwmlz1,1,tt,Instructions,1544555977,9594,1,False
1,52,azrwmlz1,2,tt,Task,1544556045,68,1,False
1,52,azrwmlz1,3,tt,BeliefInstructions,1544556094,49,1,False
1,52,azrwmlz1,4,tt,Beliefs,1544556111,17,1,False
1,52,azrwmlz1,5,wordscra,Task,1544556451,340,1,False
1,52,azrwmlz1,6,postexp,Risk,1544556468,17,1,False
1,52,azrwmlz1,7,postexp,Pref1,1544556537,69,1,False
1,52,azrwmlz1,8,postexp,Pref2,1544556571,34,1,False
1,52,azrwmlz1,9,postexp,Demographics,1544556669,98,1,False
1,52,azrwmlz1,10,postexp,ResultsTask,1544556687,18,1,False
1,53,xzbumadc,1,tt,Instructions,1544547677,87,1,False
1,53,xzbumadc,2,tt,Task,1544547707,30,1,False
1,53,xzbumadc,3,tt,BeliefInstructions,1544547721,14,1,False
1,53,xzbumadc,4,tt,Beliefs,1544547759,38,1,False
1,53,xzbumadc,5,wordscra,Task,1544547803,44,1,False
1,53,xzbumadc,6,postexp,Risk,1544547811,8,1,False
1,53,xzbumadc,7,postexp,Pref1,1544547871,60,1,False
1,53,xzbumadc,8,postexp,Pref2,1544547893,22,1,False
1,53,xzbumadc,9,postexp,Demographics,1544547936,43,1,False
1,53,xzbumadc,10,postexp,ResultsTask,1544547947,11,1,False
1,54,8vk0s8da,1,tt,Instructions,1544547963,151,1,False
1,54,8vk0s8da,2,tt,Task,1544548000,37,1,False
1,54,8vk0s8da,3,tt,BeliefInstructions,1544548020,20,1,False
1,54,8vk0s8da,4,tt,Beliefs,1544548043,23,1,False
1,54,8vk0s8da,5,wordscra,Task,1544548228,185,1,False
1,54,8vk0s8da,6,postexp,Risk,1544548242,14,1,False
1,54,8vk0s8da,7,postexp,Pref1,1544548283,41,1,False
1,54,8vk0s8da,8,postexp,Pref2,1544548304,21,1,False
1,54,8vk0s8da,9,postexp,Demographics,1544548437,133,1,False
1,54,8vk0s8da,10,postexp,ResultsTask,1544548443,6,1,False
1,55,fjk3fcir,1,tt,Instructions,1544548253,123,1,False
1,55,fjk3fcir,2,tt,Task,1544548273,20,1,False
1,55,fjk3fcir,3,tt,BeliefInstructions,1544548302,29,1,False
1,55,fjk3fcir,4,tt,Beliefs,1544548359,57,1,False
1,55,fjk3fcir,5,wordscra,Task,1544548434,75,1,False
1,55,fjk3fcir,6,postexp,Risk,1544548460,26,1,False
1,55,fjk3fcir,7,postexp,Pref1,1544548524,64,1,False
1,55,fjk3fcir,8,postexp,Pref2,1544548573,49,1,False
1,55,fjk3fcir,9,postexp,Demographics,1544548818,245,1,False
1,55,fjk3fcir,10,postexp,ResultsTask,1544548826,8,1,False
1,56,2cdkta0k,1,tt,Instructions,1544548303,83,1,False
1,56,2cdkta0k,2,tt,Task,1544548333,30,1,False
1,56,2cdkta0k,3,tt,BeliefInstructions,1544548348,15,1,False
1,56,2cdkta0k,4,tt,Beliefs,1544548422,74,1,False
1,56,2cdkta0k,5,wordscra,Task,1544548577,155,1,False
1,56,2cdkta0k,6,postexp,Risk,1544548591,14,1,False
1,56,2cdkta0k,7,postexp,Pref1,1544548636,45,1,False
1,56,2cdkta0k,8,postexp,Pref2,1544548662,26,1,False
1,56,2cdkta0k,9,postexp,Demographics,1544548733,71,1,False
1,56,2cdkta0k,10,postexp,ResultsTask,1544548749,16,1,False
1,58,lzig392j,1,tt,Instructions,1544548936,250,1,False
1,58,lzig392j,2,tt,Task,1544548968,32,1,False
1,58,lzig392j,3,tt,BeliefInstructions,1544549011,43,1,False
1,58,lzig392j,4,tt,Beliefs,1544549043,32,1,False
1,58,lzig392j,5,wordscra,Task,1544549129,86,1,False
1,58,lzig392j,6,postexp,Risk,1544549149,20,1,False
1,58,lzig392j,7,postexp,Pref1,1544549217,68,1,False
1,58,lzig392j,8,postexp,Pref2,1544549251,34,1,False
1,58,lzig392j,9,postexp,Demographics,1544549318,67,1,False
1,58,lzig392j,10,postexp,ResultsTask,1544549353,35,1,False
1,59,k7wub589,1,tt,Instructions,1544548960,183,1,False
1,59,k7wub589,2,tt,Task,1544548991,31,1,False
1,59,k7wub589,3,tt,BeliefInstructions,1544549024,33,1,False
1,59,k7wub589,4,tt,Beliefs,1544549068,44,1,False
1,59,k7wub589,5,wordscra,Task,1544549279,211,1,False
1,59,k7wub589,6,postexp,Risk,1544549288,9,1,False
1,59,k7wub589,7,postexp,Pref1,1544549335,47,1,False
1,59,k7wub589,8,postexp,Pref2,1544549356,21,1,False
1,59,k7wub589,9,postexp,Demographics,1544549403,47,1,False
1,59,k7wub589,10,postexp,ResultsTask,1544549413,10,1,False
1,60,fg7kh1ns,1,tt,Instructions,1544549174,153,1,False
1,60,fg7kh1ns,2,tt,Task,1544549238,64,1,False
1,60,fg7kh1ns,3,tt,BeliefInstructions,1544549252,14,1,False
1,60,fg7kh1ns,4,tt,Beliefs,1544549347,95,1,False
1,60,fg7kh1ns,5,wordscra,Task,1544549486,139,1,False
1,60,fg7kh1ns,6,postexp,Risk,1544549515,29,1,False
1,60,fg7kh1ns,7,postexp,Pref1,1544549581,66,1,False
1,60,fg7kh1ns,8,postexp,Pref2,1544549626,45,1,False
1,60,fg7kh1ns,9,postexp,Demographics,1544549897,271,1,False
1,60,fg7kh1ns,10,postexp,ResultsTask,1544549914,17,1,False
1,61,c3aco8x1,1,tt,Instructions,1544549162,139,1,False
1,61,c3aco8x1,2,tt,Task,1544549277,115,1,False
1,61,c3aco8x1,3,tt,BeliefInstructions,1544549298,21,1,False
1,61,c3aco8x1,4,tt,Beliefs,1544549343,45,1,False
1,61,c3aco8x1,5,wordscra,Task,1544549405,62,1,False
1,61,c3aco8x1,6,postexp,Risk,1544549421,16,1,False
1,61,c3aco8x1,7,postexp,Pref1,1544549467,46,1,False
1,61,c3aco8x1,8,postexp,Pref2,1544549487,20,1,False
1,61,c3aco8x1,9,postexp,Demographics,1544549523,36,1,False
1,61,c3aco8x1,10,postexp,ResultsTask,1544549539,16,1,False
1,62,k47jesh2,1,tt,Instructions,1544549901,146,1,False
1,62,k47jesh2,2,tt,Task,1544549942,41,1,False
1,62,k47jesh2,3,tt,BeliefInstructions,1544549955,13,1,False
1,62,k47jesh2,4,tt,Beliefs,1544549989,34,1,False
1,62,k47jesh2,5,wordscra,Task,1544550029,40,1,False
1,62,k47jesh2,6,postexp,Risk,1544550041,12,1,False
1,62,k47jesh2,7,postexp,Pref1,1544550081,40,1,False
1,62,k47jesh2,8,postexp,Pref2,1544550108,27,1,False
1,62,k47jesh2,9,postexp,Demographics,1544550222,114,1,False
1,62,k47jesh2,10,postexp,ResultsTask,1544550245,23,1,False
1,64,gwtk6irb,1,tt,Instructions,1544550072,99,1,False
1,64,gwtk6irb,2,tt,Task,1544550100,28,1,False
1,64,gwtk6irb,3,tt,BeliefInstructions,1544550131,31,1,False
1,64,gwtk6irb,4,tt,Beliefs,1544550154,23,1,False
1,64,gwtk6irb,5,wordscra,Task,1544550226,72,1,False
1,64,gwtk6irb,6,postexp,Risk,1544550240,14,1,False
1,64,gwtk6irb,7,postexp,Pref1,1544550327,87,1,False
1,64,gwtk6irb,8,postexp,Pref2,1544550349,22,1,False
1,64,gwtk6irb,9,postexp,Demographics,1544550436,87,1,False
1,64,gwtk6irb,10,postexp,ResultsTask,1544550446,10,1,False
1,65,f0sf9qaq,1,tt,Instructions,1544550215,123,1,False
1,65,f0sf9qaq,2,tt,Task,1544550259,44,1,False
1,65,f0sf9qaq,3,tt,BeliefInstructions,1544550278,19,1,False
1,65,f0sf9qaq,4,tt,Beliefs,1544550325,47,1,False
1,65,f0sf9qaq,5,wordscra,Task,1544550418,93,1,False
1,65,f0sf9qaq,6,postexp,Risk,1544550467,49,1,False
1,65,f0sf9qaq,7,postexp,Pref1,1544550681,214,1,False
1,65,f0sf9qaq,8,postexp,Pref2,1544550710,29,1,False
1,65,f0sf9qaq,9,postexp,Demographics,1544550775,65,1,False
1,65,f0sf9qaq,10,postexp,ResultsTask,1544550782,7,1,False
1,66,7pvoztto,1,tt,Instructions,1544550791,522,1,False
1,66,7pvoztto,2,tt,Task,1544550830,39,1,False
1,66,7pvoztto,3,tt,BeliefInstructions,1544550868,38,1,False
1,66,7pvoztto,4,tt,Beliefs,1544550917,49,1,False
1,66,7pvoztto,5,wordscra,Task,1544550984,67,1,False
1,66,7pvoztto,6,postexp,Risk,1544550995,11,1,False
1,66,7pvoztto,7,postexp,Pref1,1544551033,38,1,False
1,66,7pvoztto,8,postexp,Pref2,1544551067,34,1,False
1,66,7pvoztto,9,postexp,Demographics,1544551143,76,1,False
1,66,7pvoztto,10,postexp,ResultsTask,1544551151,8,1,False
1,67,2yy0evi7,1,tt,Instructions,1544550714,181,1,False
1,67,2yy0evi7,2,tt,Task,1544550818,104,1,False
1,67,2yy0evi7,3,tt,BeliefInstructions,1544550870,52,1,False
1,67,2yy0evi7,4,tt,Beliefs,1544550957,87,1,False
1,67,2yy0evi7,5,wordscra,Task,1544551046,89,1,False
1,67,2yy0evi7,6,postexp,Risk,1544551063,17,1,False
1,67,2yy0evi7,7,postexp,Pref1,1544551171,108,1,False
1,67,2yy0evi7,8,postexp,Pref2,1544551225,54,1,False
1,67,2yy0evi7,9,postexp,Demographics,1544551438,213,1,False
1,67,2yy0evi7,10,postexp,ResultsTask,1544551468,30,1,False
1,68,uwjx2mqf,1,tt,Instructions,1544551990,152,1,False
1,68,uwjx2mqf,2,tt,Task,1544552027,37,1,False
1,68,uwjx2mqf,3,tt,BeliefInstructions,1544552059,32,1,False
1,68,uwjx2mqf,4,tt,Beliefs,1544552117,58,1,False
1,68,uwjx2mqf,5,wordscra,Task,1544552262,145,1,False
1,68,uwjx2mqf,6,postexp,Risk,1544552280,18,1,False
1,68,uwjx2mqf,7,postexp,Pref1,1544552353,73,1,False
1,68,uwjx2mqf,8,postexp,Pref2,1544552389,36,1,False
1,68,uwjx2mqf,9,postexp,Demographics,1544552565,176,1,False
1,68,uwjx2mqf,10,postexp,ResultsTask,1544552574,9,1,False
1,69,0ymsqe92,1,tt,Instructions,1544552641,147,1,False
1,69,0ymsqe92,2,tt,Task,1544552824,183,1,False
1,69,0ymsqe92,3,tt,BeliefInstructions,1544552849,25,1,False
1,69,0ymsqe92,4,tt,Beliefs,1544552905,56,1,False
1,69,0ymsqe92,5,wordscra,Task,1544553026,121,1,False
1,69,0ymsqe92,6,postexp,Risk,1544553073,47,1,False
1,69,0ymsqe92,7,postexp,Pref1,1544553130,57,1,False
1,69,0ymsqe92,8,postexp,Pref2,1544553184,54,1,False
1,69,0ymsqe92,9,postexp,Demographics,1544553437,253,1,False
1,69,0ymsqe92,10,postexp,ResultsTask,1544553469,32,1,False
1,70,a4t1ntgd,1,tt,Instructions,1544553795,53,1,False
1,70,a4t1ntgd,2,tt,Task,1544553867,72,1,False
1,70,a4t1ntgd,3,tt,BeliefInstructions,1544553880,13,1,False
1,70,a4t1ntgd,4,tt,Beliefs,1544554140,260,1,False
1,70,a4t1ntgd,5,wordscra,Task,1544554185,45,1,False
1,70,a4t1ntgd,6,postexp,Risk,1544554199,14,1,False
1,70,a4t1ntgd,7,postexp,Pref1,1544554256,57,1,False
1,70,a4t1ntgd,8,postexp,Pref2,1544554279,23,1,False
1,70,a4t1ntgd,9,postexp,Demographics,1544554374,95,1,False
1,70,a4t1ntgd,10,postexp,ResultsTask,1544554381,7,1,False
1,71,i1rcbngy,1,tt,Instructions,1544554501,43,1,False
1,71,i1rcbngy,2,tt,Task,1544554566,65,1,False
1,71,i1rcbngy,3,tt,BeliefInstructions,1544554568,2,1,False
1,72,9ix1h849,1,tt,Instructions,1544554725,15,1,False
1,73,vfogbdj0,1,tt,Instructions,1544554918,94,1,False
1,73,vfogbdj0,2,tt,Task,1544554946,28,1,False
1,73,vfogbdj0,3,tt,BeliefInstructions,1544554948,2,1,False
1,73,vfogbdj0,4,tt,Beliefs,1544555014,66,1,False
1,73,vfogbdj0,5,wordscra,Task,1544555310,296,1,False
1,73,vfogbdj0,6,postexp,Risk,1544555331,21,1,False
1,73,vfogbdj0,7,postexp,Pref1,1544555670,339,1,False
1,73,vfogbdj0,8,postexp,Pref2,1544555707,37,1,False
1,73,vfogbdj0,9,postexp,Demographics,1544555797,90,1,False
1,73,vfogbdj0,10,postexp,ResultsTask,1544555810,13,1,False
1,74,3wvxik5h,1,tt,Instructions,1544554916,83,1,False
1,74,3wvxik5h,2,tt,Task,1544554982,66,1,False
1,74,3wvxik5h,3,tt,BeliefInstructions,1544554995,13,1,False
1,74,3wvxik5h,4,tt,Beliefs,1544555059,64,1,False
1,74,3wvxik5h,5,wordscra,Task,1544555157,98,1,False
1,74,3wvxik5h,6,postexp,Risk,1544555168,11,1,False
1,74,3wvxik5h,7,postexp,Pref1,1544555203,35,1,False
1,74,3wvxik5h,8,postexp,Pref2,1544555219,16,1,False
1,74,3wvxik5h,9,postexp,Demographics,1544555444,225,1,False
1,74,3wvxik5h,10,postexp,ResultsTask,1544555459,15,1,False
1,75,4q93hm4u,1,tt,Instructions,1544556995,194,1,False
1,75,4q93hm4u,2,tt,Task,1544557038,43,1,False
1,75,4q93hm4u,3,tt,BeliefInstructions,1544557052,14,1,False
1,75,4q93hm4u,4,tt,Beliefs,1544557093,41,1,False
1,75,4q93hm4u,5,wordscra,Task,1544557272,179,1,False
1,75,4q93hm4u,6,postexp,Risk,1544557283,11,1,False
1,75,4q93hm4u,7,postexp,Pref1,1544557323,40,1,False
1,75,4q93hm4u,8,postexp,Pref2,1544557348,25,1,False
1,75,4q93hm4u,9,postexp,Demographics,1544557397,49,1,False
1,75,4q93hm4u,10,postexp,ResultsTask,1544557431,34,1,False
1,76,934scmc4,1,tt,Instructions,1544558388,315,1,False
1,76,934scmc4,2,tt,Task,1544558433,45,1,False
1,76,934scmc4,3,tt,BeliefInstructions,1544558442,9,1,False
1,76,934scmc4,4,tt,Beliefs,1544558487,45,1,False
1,76,934scmc4,5,wordscra,Task,1544558654,167,1,False
1,76,934scmc4,6,postexp,Risk,1544558679,25,1,False
1,76,934scmc4,7,postexp,Pref1,1544558793,114,1,False
1,76,934scmc4,8,postexp,Pref2,1544558823,30,1,False
1,76,934scmc4,9,postexp,Demographics,1544559215,392,1,False
1,76,934scmc4,10,postexp,ResultsTask,1544559246,31,1,False
1,77,ef3h8uol,1,tt,Instructions,1544558321,126,1,False
1,77,ef3h8uol,2,tt,Task,1544558358,37,1,False
1,77,ef3h8uol,3,tt,BeliefInstructions,1544558372,14,1,False
1,77,ef3h8uol,4,tt,Beliefs,1544558446,74,1,False
1,77,ef3h8uol,5,wordscra,Task,1544558493,47,1,False
1,77,ef3h8uol,6,postexp,Risk,1544558503,10,1,False
1,77,ef3h8uol,7,postexp,Pref1,1544558551,48,1,False
1,77,ef3h8uol,8,postexp,Pref2,1544558578,27,1,False
1,77,ef3h8uol,9,postexp,Demographics,1544558683,105,1,False
1,77,ef3h8uol,10,postexp,ResultsTask,1544558710,27,1,False
1,78,xv9b3eq8,1,tt,Instructions,1544560420,234,1,False
1,78,xv9b3eq8,2,tt,Task,1544560454,34,1,False
1,78,xv9b3eq8,3,tt,BeliefInstructions,1544560484,30,1,False
1,78,xv9b3eq8,4,tt,Beliefs,1544560539,55,1,False
1,78,xv9b3eq8,5,wordscra,Task,1544560973,434,1,False
1,78,xv9b3eq8,6,postexp,Risk,1544560986,13,1,False
1,78,xv9b3eq8,7,postexp,Pref1,1544561068,82,1,False
1,78,xv9b3eq8,8,postexp,Pref2,1544561137,69,1,False
1,78,xv9b3eq8,9,postexp,Demographics,1544561256,119,1,False
1,78,xv9b3eq8,10,postexp,ResultsTask,1544561291,35,1,False
1,79,97wdfm72,1,tt,Instructions,1544561914,433,1,False
1,79,97wdfm72,2,tt,Task,1544561959,45,1,False
1,79,97wdfm72,3,tt,BeliefInstructions,1544561990,31,1,False
1,79,97wdfm72,4,tt,Beliefs,1544562055,65,1,False
1,79,97wdfm72,5,wordscra,Task,1544562120,65,1,False
1,79,97wdfm72,6,postexp,Risk,1544562142,22,1,False
1,79,97wdfm72,7,postexp,Pref1,1544562237,95,1,False
1,79,97wdfm72,8,postexp,Pref2,1544562278,41,1,False
1,79,97wdfm72,9,postexp,Demographics,1544562367,89,1,False
1,79,97wdfm72,10,postexp,ResultsTask,1544562391,24,1,False
1,82,ihoan860,1,tt,Instructions,1544561832,89,1,False
1,82,ihoan860,2,tt,Task,1544561871,39,1,False
1,82,ihoan860,3,tt,BeliefInstructions,1544561892,21,1,False
1,82,ihoan860,4,tt,Beliefs,1544561960,68,1,False
1,82,ihoan860,5,wordscra,Task,1544562031,71,1,False
1,82,ihoan860,6,postexp,Risk,1544562053,22,1,False
1,82,ihoan860,7,postexp,Pref1,1544562110,57,1,False
1,82,ihoan860,8,postexp,Pref2,1544562146,36,1,False
1,82,ihoan860,9,postexp,Demographics,1544562220,74,1,False
1,82,ihoan860,10,postexp,ResultsTask,1544562230,10,1,False
1,85,6g4ngdew,1,tt,Instructions,1544562892,121,1,False
1,85,6g4ngdew,2,tt,Task,1544562926,34,1,False
1,85,6g4ngdew,3,tt,BeliefInstructions,1544562944,18,1,False
1,85,6g4ngdew,4,tt,Beliefs,1544563002,58,1,False
1,85,6g4ngdew,5,wordscra,Task,1544563151,149,1,False
1,85,6g4ngdew,6,postexp,Risk,1544563166,15,1,False
1,85,6g4ngdew,7,postexp,Pref1,1544563264,98,1,False
1,85,6g4ngdew,8,postexp,Pref2,1544563297,33,1,False
1,85,6g4ngdew,9,postexp,Demographics,1544563396,99,1,False
1,85,6g4ngdew,10,postexp,ResultsTask,1544563421,25,1,False
1,86,yeqnzkf7,1,tt,Instructions,1544562910,60,1,False
1,86,yeqnzkf7,2,tt,Task,1544562951,41,1,False
1,86,yeqnzkf7,3,tt,BeliefInstructions,1544562968,17,1,False
1,86,yeqnzkf7,4,tt,Beliefs,1544563001,33,1,False
1,86,yeqnzkf7,5,wordscra,Task,1544563072,71,1,False
1,86,yeqnzkf7,6,postexp,Risk,1544563084,12,1,False
1,86,yeqnzkf7,7,postexp,Pref1,1544563146,62,1,False
1,86,yeqnzkf7,8,postexp,Pref2,1544563188,42,1,False
1,86,yeqnzkf7,9,postexp,Demographics,1544563242,54,1,False
1,86,yeqnzkf7,10,postexp,ResultsTask,1544563250,8,1,False
1,87,l6407lmx,1,tt,Instructions,1544563301,141,1,False
1,87,l6407lmx,2,tt,Task,1544563341,40,1,False
1,87,l6407lmx,3,tt,BeliefInstructions,1544563355,14,1,False
1,87,l6407lmx,4,tt,Beliefs,1544563371,16,1,False
1,87,l6407lmx,5,wordscra,Task,1544563466,95,1,False
1,87,l6407lmx,6,postexp,Risk,1544563477,11,1,False
1,87,l6407lmx,7,postexp,Pref1,1544563520,43,1,False
1,87,l6407lmx,8,postexp,Pref2,1544563558,38,1,False
1,87,l6407lmx,9,postexp,Demographics,1544563660,102,1,False
1,87,l6407lmx,10,postexp,ResultsTask,1544563668,8,1,False
1,88,uxhza3k8,1,tt,Instructions,1544563587,53,1,False
1,88,uxhza3k8,2,tt,Task,1544563611,24,1,False
1,88,uxhza3k8,3,tt,BeliefInstructions,1544563629,18,1,False
1,88,uxhza3k8,4,tt,Beliefs,1544563679,50,1,False
1,88,uxhza3k8,5,wordscra,Task,1544564053,374,1,False
1,88,uxhza3k8,6,postexp,Risk,1544564062,9,1,False
1,88,uxhza3k8,7,postexp,Pref1,1544564120,58,1,False
1,88,uxhza3k8,8,postexp,Pref2,1544564151,31,1,False
1,88,uxhza3k8,9,postexp,Demographics,1544564190,39,1,False
1,88,uxhza3k8,10,postexp,ResultsTask,1544564199,9,1,False
1,89,vpnfc6pb,1,tt,Instructions,1544566566,134,1,False
1,89,vpnfc6pb,2,tt,Task,1544566604,38,1,False
1,89,vpnfc6pb,3,tt,BeliefInstructions,1544566633,29,1,False
1,89,vpnfc6pb,4,tt,Beliefs,1544566690,57,1,False
1,89,vpnfc6pb,5,wordscra,Task,1544566755,65,1,False
1,89,vpnfc6pb,6,postexp,Risk,1544566767,12,1,False
1,89,vpnfc6pb,7,postexp,Pref1,1544566817,50,1,False
1,89,vpnfc6pb,8,postexp,Pref2,1544566840,23,1,False
1,89,vpnfc6pb,9,postexp,Demographics,1544566927,87,1,False
1,89,vpnfc6pb,10,postexp,ResultsTask,1544566974,47,1,False
1,90,ppaag634,1,tt,Instructions,1544577374,76,1,False
1,90,ppaag634,2,tt,Task,1544577393,19,1,False
1,90,ppaag634,3,tt,BeliefInstructions,1544577397,4,1,False
1,90,ppaag634,4,tt,Beliefs,1544577451,54,1,False
1,90,ppaag634,5,wordscra,Task,1544577545,94,1,False
1,90,ppaag634,6,postexp,Risk,1544577553,8,1,False
1,90,ppaag634,7,postexp,Pref1,1544577581,28,1,False
1,90,ppaag634,8,postexp,Pref2,1544577599,18,1,False
1,90,ppaag634,9,postexp,Demographics,1544577640,41,1,False
1,90,ppaag634,10,postexp,ResultsTask,1544577660,20,1,False
1,91,4nn2d0fi,1,tt,Instructions,1544595260,137,1,False
1,91,4nn2d0fi,2,tt,Task,1544595318,58,1,False
1,91,4nn2d0fi,3,tt,BeliefInstructions,1544595356,38,1,False
1,91,4nn2d0fi,4,tt,Beliefs,1544595414,58,1,False
1,91,4nn2d0fi,5,wordscra,Task,1544595662,248,1,False
1,91,4nn2d0fi,6,postexp,Risk,1544595692,30,1,False
1,91,4nn2d0fi,7,postexp,Pref1,1544595788,96,1,False
1,91,4nn2d0fi,8,postexp,Pref2,1544595822,34,1,False
1,91,4nn2d0fi,9,postexp,Demographics,1544595898,76,1,False
1,91,4nn2d0fi,10,postexp,ResultsTask,1544595957,59,1,False
1,92,vyb2wfl8,1,tt,Instructions,1544597451,238,1,False
1,92,vyb2wfl8,2,tt,Task,1544597565,114,1,False
1,92,vyb2wfl8,3,tt,BeliefInstructions,1544597614,49,1,False
1,92,vyb2wfl8,4,tt,Beliefs,1544597690,76,1,False
1,92,vyb2wfl8,5,wordscra,Task,1544597916,226,1,False
1,92,vyb2wfl8,6,postexp,Risk,1544597940,24,1,False
1,92,vyb2wfl8,7,postexp,Pref1,1544598032,92,1,False
1,92,vyb2wfl8,8,postexp,Pref2,1544598086,54,1,False
1,92,vyb2wfl8,9,postexp,Demographics,1544598334,248,1,False
1,92,vyb2wfl8,10,postexp,ResultsTask,1544598390,56,1,False
1,93,xek7aho9,1,tt,Instructions,1544598843,112,1,False
1,93,xek7aho9,2,tt,Task,1544598896,53,1,False
1,93,xek7aho9,3,tt,BeliefInstructions,1544598914,18,1,False
1,93,xek7aho9,4,tt,Beliefs,1544598964,50,1,False
1,93,xek7aho9,5,wordscra,Task,1544599153,189,1,False
1,93,xek7aho9,6,postexp,Risk,1544599169,16,1,False
1,93,xek7aho9,7,postexp,Pref1,1544599231,62,1,False
1,93,xek7aho9,8,postexp,Pref2,1544599259,28,1,False
1,93,xek7aho9,9,postexp,Demographics,1544599329,70,1,False
1,93,xek7aho9,10,postexp,ResultsTask,1544599341,12,1,False
1,94,4m73nxxs,1,tt,Instructions,1544598953,128,1,False
1,94,4m73nxxs,2,tt,Task,1544598997,44,1,False
1,94,4m73nxxs,3,tt,BeliefInstructions,1544599017,20,1,False
1,94,4m73nxxs,4,tt,Beliefs,1544599066,49,1,False
1,94,4m73nxxs,5,wordscra,Task,1544599183,117,1,False
1,94,4m73nxxs,6,postexp,Risk,1544599199,16,1,False
1,94,4m73nxxs,7,postexp,Pref1,1544599274,75,1,False
1,94,4m73nxxs,8,postexp,Pref2,1544599317,43,1,False
1,94,4m73nxxs,9,postexp,Demographics,1544599427,110,1,False
1,94,4m73nxxs,10,postexp,ResultsTask,1544599439,12,1,False
1,96,r4wmcu2f,1,tt,Instructions,1544601870,331,1,False
1,96,r4wmcu2f,2,tt,Task,1544601939,69,1,False
1,96,r4wmcu2f,3,tt,BeliefInstructions,1544601959,20,1,False
1,96,r4wmcu2f,4,tt,Beliefs,1544602024,65,1,False
1,96,r4wmcu2f,5,wordscra,Task,1544602395,371,1,False
1,96,r4wmcu2f,6,postexp,Risk,1544602415,20,1,False
1,96,r4wmcu2f,7,postexp,Pref1,1544602500,85,1,False
1,96,r4wmcu2f,8,postexp,Pref2,1544602555,55,1,False
1,96,r4wmcu2f,9,postexp,Demographics,1544602642,87,1,False
1,96,r4wmcu2f,10,postexp,ResultsTask,1544602661,19,1,False
1,97,cy6kmgxf,1,tt,Instructions,1544601848,51,1,False
1,97,cy6kmgxf,2,tt,Task,1544601870,22,1,False
1,97,cy6kmgxf,3,tt,BeliefInstructions,1544601873,3,1,False
1,97,cy6kmgxf,4,tt,Beliefs,1544601925,52,1,False
1,97,cy6kmgxf,5,wordscra,Task,1544601989,64,1,False
1,97,cy6kmgxf,6,postexp,Risk,1544601999,10,1,False
1,97,cy6kmgxf,7,postexp,Pref1,1544602042,43,1,False
1,97,cy6kmgxf,8,postexp,Pref2,1544602063,21,1,False
1,97,cy6kmgxf,9,postexp,Demographics,1544602102,39,1,False
1,97,cy6kmgxf,10,postexp,ResultsTask,1544602110,8,1,False
1,98,z3xdkr1h,1,tt,Instructions,1544603882,220,1,False
1,98,z3xdkr1h,2,tt,Task,1544603930,48,1,False
1,98,z3xdkr1h,3,tt,BeliefInstructions,1544603966,36,1,False
1,98,z3xdkr1h,4,tt,Beliefs,1544604039,73,1,False
1,98,z3xdkr1h,5,wordscra,Task,1544604103,64,1,False
1,98,z3xdkr1h,6,postexp,Risk,1544604119,16,1,False
1,98,z3xdkr1h,7,postexp,Pref1,1544604193,74,1,False
1,98,z3xdkr1h,8,postexp,Pref2,1544604227,34,1,False
1,98,z3xdkr1h,9,postexp,Demographics,1544604297,70,1,False
1,98,z3xdkr1h,10,postexp,ResultsTask,1544604305,8,1,False
1,99,na83exry,1,tt,Instructions,1544604361,103,1,False
1,99,na83exry,2,tt,Task,1544604417,56,1,False
1,99,na83exry,3,tt,BeliefInstructions,1544604433,16,1,False
1,99,na83exry,4,tt,Beliefs,1544604523,90,1,False
1,99,na83exry,5,wordscra,Task,1544604694,171,1,False
1,99,na83exry,6,postexp,Risk,1544604719,25,1,False
1,99,na83exry,7,postexp,Pref1,1544604772,53,1,False
1,99,na83exry,8,postexp,Pref2,1544604800,28,1,False
1,99,na83exry,9,postexp,Demographics,1544604959,159,1,False
1,99,na83exry,10,postexp,ResultsTask,1544604996,37,1,False
1,100,knhhg41w,1,tt,Instructions,1544604493,74,1,False
1,100,knhhg41w,2,tt,Task,1544604520,27,1,False
1,100,knhhg41w,3,tt,BeliefInstructions,1544604533,13,1,False
1,100,knhhg41w,4,tt,Beliefs,1544604564,31,1,False
1,100,knhhg41w,5,wordscra,Task,1544604775,211,1,False
1,100,knhhg41w,6,postexp,Risk,1544604790,15,1,False
1,100,knhhg41w,7,postexp,Pref1,1544604834,44,1,False
1,100,knhhg41w,8,postexp,Pref2,1544604857,23,1,False
1,100,knhhg41w,9,postexp,Demographics,1544604930,73,1,False
1,100,knhhg41w,10,postexp,ResultsTask,1544604941,11,1,False
1,101,ur3fkj9n,1,tt,Instructions,1544606512,120,1,False
1,101,ur3fkj9n,2,tt,Task,1544606563,51,1,False
1,101,ur3fkj9n,3,tt,BeliefInstructions,1544606572,9,1,False
1,101,ur3fkj9n,4,tt,Beliefs,1544606619,47,1,False
1,101,ur3fkj9n,5,wordscra,Task,1544606687,68,1,False
1,101,ur3fkj9n,6,postexp,Risk,1544606695,8,1,False
1,101,ur3fkj9n,7,postexp,Pref1,1544606722,27,1,False
1,101,ur3fkj9n,8,postexp,Pref2,1544606739,17,1,False
1,101,ur3fkj9n,9,postexp,Demographics,1544606773,34,1,False
1,101,ur3fkj9n,10,postexp,ResultsTask,1544606778,5,1,False
1,102,pyzen8sk,1,tt,Instructions,1544608048,81,1,False
1,102,pyzen8sk,2,tt,Task,1544608090,42,1,False
1,102,pyzen8sk,3,tt,BeliefInstructions,1544608106,16,1,False
1,102,pyzen8sk,4,tt,Beliefs,1544608159,53,1,False
1,102,pyzen8sk,5,wordscra,Task,1544608291,132,1,False
1,102,pyzen8sk,6,postexp,Risk,1544608303,12,1,False
1,102,pyzen8sk,7,postexp,Pref1,1544608350,47,1,False
1,102,pyzen8sk,8,postexp,Pref2,1544608373,23,1,False
1,102,pyzen8sk,9,postexp,Demographics,1544608433,60,1,False
1,102,pyzen8sk,10,postexp,ResultsTask,1544608438,5,1,False
1,103,ednfh04k,1,tt,Instructions,1544610955,145,1,False
1,103,ednfh04k,2,tt,Task,1544611019,64,1,False
1,103,ednfh04k,3,tt,BeliefInstructions,1544611053,34,1,False
1,103,ednfh04k,4,tt,Beliefs,1544611147,94,1,False
1,103,ednfh04k,5,wordscra,Task,1544611306,159,1,False
1,103,ednfh04k,6,postexp,Risk,1544611330,24,1,False
1,103,ednfh04k,7,postexp,Pref1,1544611430,100,1,False
1,103,ednfh04k,8,postexp,Pref2,1544611490,60,1,False
1,103,ednfh04k,9,postexp,Demographics,1544611632,142,1,False
1,103,ednfh04k,10,postexp,ResultsTask,1544611642,10,1,False
1,105,chuvnh17,1,tt,Instructions,1544611280,72,1,False
1,105,chuvnh17,2,tt,Task,1544611318,38,1,False
1,105,chuvnh17,3,tt,BeliefInstructions,1544611362,44,1,False
1,105,chuvnh17,4,tt,Beliefs,1544611433,71,1,False
1,105,chuvnh17,5,wordscra,Task,1544611485,52,1,False
1,105,chuvnh17,6,postexp,Risk,1544611503,18,1,False
1,105,chuvnh17,7,postexp,Pref1,1544611565,62,1,False
1,105,chuvnh17,8,postexp,Pref2,1544611595,30,1,False
1,105,chuvnh17,9,postexp,Demographics,1544611641,46,1,False
1,105,chuvnh17,10,postexp,ResultsTask,1544611658,17,1,False
1,107,dyr173vg,1,tt,Instructions,1544614629,171,1,False
1,107,dyr173vg,2,tt,Task,1544614656,27,1,False
1,107,dyr173vg,3,tt,BeliefInstructions,1544614693,37,1,False
1,107,dyr173vg,4,tt,Beliefs,1544614735,42,1,False
1,107,dyr173vg,5,wordscra,Task,1544614873,138,1,False
1,107,dyr173vg,6,postexp,Risk,1544614887,14,1,False
1,107,dyr173vg,7,postexp,Pref1,1544614963,76,1,False
1,107,dyr173vg,8,postexp,Pref2,1544615002,39,1,False
1,107,dyr173vg,9,postexp,Demographics,1544615163,161,1,False
1,107,dyr173vg,10,postexp,ResultsTask,1544615173,10,1,False
1,108,ydv8tb3a,1,tt,Instructions,1544614865,40,1,False
1,108,ydv8tb3a,2,tt,Task,1544614903,38,1,False
1,108,ydv8tb3a,3,tt,BeliefInstructions,1544614914,11,1,False
1,108,ydv8tb3a,4,tt,Beliefs,1544614936,22,1,False
1,108,ydv8tb3a,5,wordscra,Task,1544614993,57,1,False
1,108,ydv8tb3a,6,postexp,Risk,1544615001,8,1,False
1,108,ydv8tb3a,7,postexp,Pref1,1544615038,37,1,False
1,108,ydv8tb3a,8,postexp,Pref2,1544615058,20,1,False
1,108,ydv8tb3a,9,postexp,Demographics,1544615130,72,1,False
1,108,ydv8tb3a,10,postexp,ResultsTask,1544615140,10,1,False
1,110,j3c2mmdd,1,tt,Instructions,1544616342,170,1,False
1,110,j3c2mmdd,2,tt,Task,1544616414,72,1,False
1,110,j3c2mmdd,3,tt,BeliefInstructions,1544616444,30,1,False
1,110,j3c2mmdd,4,tt,Beliefs,1544616474,30,1,False
1,110,j3c2mmdd,5,wordscra,Task,1544616696,222,1,False
1,110,j3c2mmdd,6,postexp,Risk,1544616709,13,1,False
1,110,j3c2mmdd,7,postexp,Pref1,1544616761,52,1,False
1,110,j3c2mmdd,8,postexp,Pref2,1544616791,30,1,False
1,110,j3c2mmdd,9,postexp,Demographics,1544616848,57,1,False
1,110,j3c2mmdd,10,postexp,ResultsTask,1544616859,11,1,False
2,1,9cwqqau9,1,tt_norms,Instructions,1544536046,38,1,False
2,1,9cwqqau9,2,tt_norms,Task,1544536180,134,1,False
2,1,9cwqqau9,6,tt_norms,Task,1544536212,32,2,False
2,1,9cwqqau9,10,tt_norms,Task,1544536226,14,3,False
2,1,9cwqqau9,14,tt_norms,Task,1544536286,60,4,False
2,1,9cwqqau9,18,tt_norms,Task,1544536296,10,5,False
2,1,9cwqqau9,19,tt_norms,BeliefInstructions,1544536304,8,5,False
2,1,9cwqqau9,20,tt_norms,Beliefs,1544536369,65,5,False
2,1,9cwqqau9,21,wordscra,Task,1544536411,42,2,False
2,1,9cwqqau9,22,postexp,Risk,1544536419,8,2,False
2,1,9cwqqau9,23,postexp,Pref1,1544536458,39,2,False
2,1,9cwqqau9,24,postexp,Pref2,1544536474,16,2,False
2,1,9cwqqau9,25,postexp,Demographics,1544536538,64,2,False
2,3,2dtzqbuf,1,tt_norms,Instructions,1544536293,206,1,False
2,3,2dtzqbuf,2,tt_norms,Task,1544536451,158,1,False
2,3,2dtzqbuf,6,tt_norms,Task,1544536467,16,2,False
2,3,2dtzqbuf,10,tt_norms,Task,1544536487,20,3,False
2,3,2dtzqbuf,14,tt_norms,Task,1544536502,15,4,False
2,3,2dtzqbuf,18,tt_norms,Task,1544536515,13,5,False
2,3,2dtzqbuf,19,tt_norms,BeliefInstructions,1544536530,15,5,False
2,3,2dtzqbuf,20,tt_norms,Beliefs,1544536586,56,5,False
2,3,2dtzqbuf,21,wordscra,Task,1544536673,87,2,False
2,3,2dtzqbuf,22,postexp,Risk,1544536687,14,2,False
2,3,2dtzqbuf,23,postexp,Pref1,1544536744,57,2,False
2,3,2dtzqbuf,24,postexp,Pref2,1544536783,39,2,False
2,3,2dtzqbuf,25,postexp,Demographics,1544536845,62,2,False
2,4,phz2kpi4,1,tt_norms,Instructions,1544536241,93,1,False
2,4,phz2kpi4,2,tt_norms,Task,1544536317,76,1,False
2,4,phz2kpi4,6,tt_norms,Task,1544536346,29,2,False
2,4,phz2kpi4,10,tt_norms,Task,1544536358,12,3,False
2,4,phz2kpi4,14,tt_norms,Task,1544536370,12,4,False
2,4,phz2kpi4,18,tt_norms,Task,1544536378,8,5,False
2,4,phz2kpi4,19,tt_norms,BeliefInstructions,1544536400,22,5,False
2,4,phz2kpi4,20,tt_norms,Beliefs,1544536444,44,5,False
2,4,phz2kpi4,21,wordscra,Task,1544536523,79,2,False
2,4,phz2kpi4,22,postexp,Risk,1544536536,13,2,False
2,4,phz2kpi4,23,postexp,Pref1,1544536603,67,2,False
2,4,phz2kpi4,24,postexp,Pref2,1544536629,26,2,False
2,4,phz2kpi4,25,postexp,Demographics,1544536671,42,2,False
2,5,zi89w134,1,tt_norms,Instructions,1544536216,35,1,False
2,5,zi89w134,2,tt_norms,Task,1544536273,57,1,False
2,5,zi89w134,6,tt_norms,Task,1544536305,32,2,False
2,5,zi89w134,10,tt_norms,Task,1544536320,15,3,False
2,5,zi89w134,14,tt_norms,Task,1544536335,15,4,False
2,5,zi89w134,18,tt_norms,Task,1544536341,6,5,False
2,5,zi89w134,19,tt_norms,BeliefInstructions,1544536347,6,5,False
2,5,zi89w134,20,tt_norms,Beliefs,1544536369,22,5,False
2,5,zi89w134,21,wordscra,Task,1544536549,180,2,False
2,5,zi89w134,22,postexp,Risk,1544536559,10,2,False
2,5,zi89w134,23,postexp,Pref1,1544536587,28,2,False
2,5,zi89w134,24,postexp,Pref2,1544536603,16,2,False
2,5,zi89w134,25,postexp,Demographics,1544536649,46,2,False
2,7,2weh17hj,1,tt_norms,Instructions,1544536562,151,1,False
2,7,2weh17hj,2,tt_norms,Task,1544536625,63,1,False
2,7,2weh17hj,6,tt_norms,Task,1544536674,49,2,False
2,7,2weh17hj,10,tt_norms,Task,1544536688,14,3,False
2,7,2weh17hj,14,tt_norms,Task,1544536697,9,4,False
2,7,2weh17hj,18,tt_norms,Task,1544536703,6,5,False
2,7,2weh17hj,19,tt_norms,BeliefInstructions,1544536745,42,5,False
2,7,2weh17hj,20,tt_norms,Beliefs,1544536875,130,5,False
2,7,2weh17hj,21,wordscra,Task,1544536916,41,2,False
2,7,2weh17hj,22,postexp,Risk,1544536927,11,2,False
2,7,2weh17hj,23,postexp,Pref1,1544536985,58,2,False
2,7,2weh17hj,24,postexp,Pref2,1544537006,21,2,False
2,7,2weh17hj,25,postexp,Demographics,1544537039,33,2,False
2,8,h014q4rw,1,tt_norms,Instructions,1544536724,131,1,False
2,8,h014q4rw,2,tt_norms,Task,1544536928,204,1,False
2,8,h014q4rw,6,tt_norms,Task,1544537012,84,2,False
2,8,h014q4rw,10,tt_norms,Task,1544537054,42,3,False
2,8,h014q4rw,14,tt_norms,Task,1544537119,65,4,False
2,8,h014q4rw,18,tt_norms,Task,1544537129,10,5,False
2,8,h014q4rw,19,tt_norms,BeliefInstructions,1544537146,17,5,False
2,8,h014q4rw,20,tt_norms,Beliefs,1544537216,70,5,False
2,8,h014q4rw,21,wordscra,Task,1544537293,77,2,False
2,8,h014q4rw,22,postexp,Risk,1544537312,19,2,False
2,8,h014q4rw,23,postexp,Pref1,1544537376,64,2,False
2,8,h014q4rw,24,postexp,Pref2,1544537408,32,2,False
2,8,h014q4rw,25,postexp,Demographics,1544537477,69,2,False
2,9,0vud4dap,1,tt_norms,Instructions,1544536811,63,1,False
2,9,0vud4dap,2,tt_norms,Task,1544536901,90,1,False
2,9,0vud4dap,6,tt_norms,Task,1544536954,53,2,False
2,9,0vud4dap,10,tt_norms,Task,1544536968,14,3,False
2,9,0vud4dap,14,tt_norms,Task,1544536976,8,4,False
2,9,0vud4dap,18,tt_norms,Task,1544536983,7,5,False
2,9,0vud4dap,19,tt_norms,BeliefInstructions,1544537006,23,5,False
2,9,0vud4dap,20,tt_norms,Beliefs,1544537060,54,5,False
2,9,0vud4dap,21,wordscra,Task,1544537307,247,2,False
2,9,0vud4dap,22,postexp,Risk,1544537321,14,2,False
2,9,0vud4dap,23,postexp,Pref1,1544537371,50,2,False
2,9,0vud4dap,24,postexp,Pref2,1544537396,25,2,False
2,9,0vud4dap,25,postexp,Demographics,1544537444,48,2,False
2,10,qdllcxaw,1,tt_norms,Instructions,1544536865,101,1,False
2,10,qdllcxaw,2,tt_norms,Task,1544536963,98,1,False
2,10,qdllcxaw,6,tt_norms,Task,1544537028,65,2,False
2,10,qdllcxaw,10,tt_norms,Task,1544537056,28,3,False
2,10,qdllcxaw,14,tt_norms,Task,1544537088,32,4,False
2,10,qdllcxaw,18,tt_norms,Task,1544537098,10,5,False
2,10,qdllcxaw,19,tt_norms,BeliefInstructions,1544537115,17,5,False
2,10,qdllcxaw,20,tt_norms,Beliefs,1544537173,58,5,False
2,10,qdllcxaw,21,wordscra,Task,1544537205,32,2,False
2,10,qdllcxaw,22,postexp,Risk,1544537215,10,2,False
2,10,qdllcxaw,23,postexp,Pref1,1544537270,55,2,False
2,10,qdllcxaw,24,postexp,Pref2,1544537301,31,2,False
2,10,qdllcxaw,25,postexp,Demographics,1544537402,101,2,False
2,11,wh278ujg,1,tt_norms,Instructions,1544536898,131,1,False
2,11,wh278ujg,2,tt_norms,Task,1544537286,388,1,False
2,11,wh278ujg,6,tt_norms,Task,1544537322,36,2,False
2,11,wh278ujg,10,tt_norms,Task,1544537426,104,3,False
2,11,wh278ujg,14,tt_norms,Task,1544537450,24,4,False
2,11,wh278ujg,18,tt_norms,Task,1544537513,63,5,False
2,11,wh278ujg,19,tt_norms,BeliefInstructions,1544537528,15,5,False
2,11,wh278ujg,20,tt_norms,Beliefs,1544537730,202,5,False
2,11,wh278ujg,21,wordscra,Task,1544537808,78,2,False
2,11,wh278ujg,22,postexp,Risk,1544537835,27,2,False
2,11,wh278ujg,23,postexp,Pref1,1544537952,117,2,False
2,11,wh278ujg,24,postexp,Pref2,1544537998,46,2,False
2,11,wh278ujg,25,postexp,Demographics,1544538109,111,2,False
2,12,0fq8i1gt,1,tt_norms,Instructions,1544536891,8,1,False
2,12,0fq8i1gt,2,tt_norms,Task,1544536927,36,1,False
2,12,0fq8i1gt,6,tt_norms,Task,1544536933,6,2,False
2,12,0fq8i1gt,10,tt_norms,Task,1544536940,7,3,False
2,12,0fq8i1gt,14,tt_norms,Task,1544536950,10,4,False
2,12,0fq8i1gt,18,tt_norms,Task,1544536957,7,5,False
2,12,0fq8i1gt,19,tt_norms,BeliefInstructions,1544536961,4,5,False
2,12,0fq8i1gt,20,tt_norms,Beliefs,1544537006,45,5,False
2,12,0fq8i1gt,21,wordscra,Task,1544537080,74,2,False
2,12,0fq8i1gt,22,postexp,Risk,1544537085,5,2,False
2,12,0fq8i1gt,23,postexp,Pref1,1544537090,5,2,False
2,12,0fq8i1gt,24,postexp,Pref2,1544537095,5,2,False
2,12,0fq8i1gt,25,postexp,Demographics,1544537178,83,2,False
2,13,01pklc4q,1,tt_norms,Instructions,1544537074,159,1,False
2,13,01pklc4q,2,tt_norms,Task,1544537161,87,1,False
2,13,01pklc4q,6,tt_norms,Task,1544537188,27,2,False
2,13,01pklc4q,10,tt_norms,Task,1544537208,20,3,False
2,13,01pklc4q,14,tt_norms,Task,1544537226,18,4,False
2,13,01pklc4q,18,tt_norms,Task,1544537238,12,5,False
2,13,01pklc4q,19,tt_norms,BeliefInstructions,1544537259,21,5,False
2,13,01pklc4q,20,tt_norms,Beliefs,1544537294,35,5,False
2,13,01pklc4q,21,wordscra,Task,1544537512,218,2,False
2,13,01pklc4q,22,postexp,Risk,1544537531,19,2,False
2,13,01pklc4q,23,postexp,Pref1,1544537584,53,2,False
2,13,01pklc4q,24,postexp,Pref2,1544537612,28,2,False
2,13,01pklc4q,25,postexp,Demographics,1544537824,212,2,False
2,14,ww004m2l,1,tt_norms,Instructions,1544541040,3721,1,False
2,14,ww004m2l,2,tt_norms,Task,1544541146,106,1,False
2,14,ww004m2l,6,tt_norms,Task,1544541176,30,2,False
2,14,ww004m2l,10,tt_norms,Task,1544541183,7,3,False
2,14,ww004m2l,14,tt_norms,Task,1544541191,8,4,False
2,14,ww004m2l,18,tt_norms,Task,1544541224,33,5,False
2,14,ww004m2l,19,tt_norms,BeliefInstructions,1544541229,5,5,False
2,14,ww004m2l,20,tt_norms,Beliefs,1544541303,74,5,False
2,14,ww004m2l,21,wordscra,Task,1544541426,123,2,False
2,14,ww004m2l,22,postexp,Risk,1544541439,13,2,False
2,14,ww004m2l,23,postexp,Pref1,1544541479,40,2,False
2,14,ww004m2l,24,postexp,Pref2,1544541498,19,2,False
2,14,ww004m2l,25,postexp,Demographics,1544541532,34,2,False
2,15,590fcgqt,1,tt_norms,Instructions,1544537554,56,1,False
2,15,590fcgqt,2,tt_norms,Task,1544537653,99,1,False
2,15,590fcgqt,6,tt_norms,Task,1544537667,14,2,False
2,15,590fcgqt,10,tt_norms,Task,1544537674,7,3,False
2,15,590fcgqt,14,tt_norms,Task,1544537685,11,4,False
2,15,590fcgqt,18,tt_norms,Task,1544537699,14,5,False
2,15,590fcgqt,19,tt_norms,BeliefInstructions,1544537706,7,5,False
2,15,590fcgqt,20,tt_norms,Beliefs,1544537747,41,5,False
2,15,590fcgqt,21,wordscra,Task,1544537826,79,2,False
2,15,590fcgqt,22,postexp,Risk,1544537833,7,2,False
2,15,590fcgqt,23,postexp,Pref1,1544537866,33,2,False
2,15,590fcgqt,24,postexp,Pref2,1544537889,23,2,False
2,15,590fcgqt,25,postexp,Demographics,1544538034,145,2,False
2,16,yx4h7ugx,1,tt_norms,Instructions,1544538324,74,1,False
2,16,yx4h7ugx,2,tt_norms,Task,1544538405,81,1,False
2,16,yx4h7ugx,6,tt_norms,Task,1544538460,55,2,False
2,16,yx4h7ugx,10,tt_norms,Task,1544538485,25,3,False
2,16,yx4h7ugx,14,tt_norms,Task,1544538522,37,4,False
2,16,yx4h7ugx,18,tt_norms,Task,1544538538,16,5,False
2,16,yx4h7ugx,19,tt_norms,BeliefInstructions,1544538574,36,5,False
2,16,yx4h7ugx,20,tt_norms,Beliefs,1544538683,109,5,False
2,16,yx4h7ugx,21,wordscra,Task,1544538765,82,2,False
2,16,yx4h7ugx,22,postexp,Risk,1544538775,10,2,False
2,16,yx4h7ugx,23,postexp,Pref1,1544538828,53,2,False
2,16,yx4h7ugx,24,postexp,Pref2,1544538855,27,2,False
2,16,yx4h7ugx,25,postexp,Demographics,1544538978,123,2,False
2,17,9h6pzf7k,1,tt_norms,Instructions,1544538683,48,1,False
2,17,9h6pzf7k,2,tt_norms,Task,1544538738,55,1,False
2,17,9h6pzf7k,6,tt_norms,Task,1544538776,38,2,False
2,17,9h6pzf7k,10,tt_norms,Task,1544538785,9,3,False
2,17,9h6pzf7k,14,tt_norms,Task,1544538798,13,4,False
2,17,9h6pzf7k,18,tt_norms,Task,1544538808,10,5,False
2,17,9h6pzf7k,19,tt_norms,BeliefInstructions,1544538812,4,5,False
2,17,9h6pzf7k,20,tt_norms,Beliefs,1544538856,44,5,False
2,17,9h6pzf7k,21,wordscra,Task,1544538904,48,2,False
2,17,9h6pzf7k,22,postexp,Risk,1544538915,11,2,False
2,17,9h6pzf7k,23,postexp,Pref1,1544538935,20,2,False
2,17,9h6pzf7k,24,postexp,Pref2,1544538951,16,2,False
2,17,9h6pzf7k,25,postexp,Demographics,1544539048,97,2,False
2,18,u3z0g80r,1,tt_norms,Instructions,1544538827,48,1,False
2,18,u3z0g80r,2,tt_norms,Task,1544538893,66,1,False
2,18,u3z0g80r,6,tt_norms,Task,1544538918,25,2,False
2,18,u3z0g80r,10,tt_norms,Task,1544538926,8,3,False
2,18,u3z0g80r,14,tt_norms,Task,1544538942,16,4,False
2,18,u3z0g80r,18,tt_norms,Task,1544538949,7,5,False
2,18,u3z0g80r,19,tt_norms,BeliefInstructions,1544538984,35,5,False
2,18,u3z0g80r,20,tt_norms,Beliefs,1544539036,52,5,False
2,18,u3z0g80r,21,wordscra,Task,1544539154,118,2,False
2,18,u3z0g80r,22,postexp,Risk,1544539163,9,2,False
2,18,u3z0g80r,23,postexp,Pref1,1544539200,37,2,False
2,18,u3z0g80r,24,postexp,Pref2,1544539219,19,2,False
2,18,u3z0g80r,25,postexp,Demographics,1544539302,83,2,False
2,19,dk3km3g7,1,tt_norms,Instructions,1544538830,31,1,False
2,19,dk3km3g7,2,tt_norms,Task,1544538885,55,1,False
2,19,dk3km3g7,6,tt_norms,Task,1544538921,36,2,False
2,19,dk3km3g7,10,tt_norms,Task,1544538940,19,3,False
2,19,dk3km3g7,14,tt_norms,Task,1544538952,12,4,False
2,19,dk3km3g7,18,tt_norms,Task,1544538960,8,5,False
2,19,dk3km3g7,19,tt_norms,BeliefInstructions,1544538970,10,5,False
2,19,dk3km3g7,20,tt_norms,Beliefs,1544538990,20,5,False
2,19,dk3km3g7,21,wordscra,Task,1544539142,152,2,False
2,19,dk3km3g7,22,postexp,Risk,1544539149,7,2,False
2,19,dk3km3g7,23,postexp,Pref1,1544539161,12,2,False
2,19,dk3km3g7,24,postexp,Pref2,1544539167,6,2,False
2,19,dk3km3g7,25,postexp,Demographics,1544539214,47,2,False
2,20,gmpvm4pe,1,tt_norms,Instructions,1544541492,98,1,False
2,20,gmpvm4pe,2,tt_norms,Task,1544541560,68,1,False
2,20,gmpvm4pe,6,tt_norms,Task,1544541609,49,2,False
2,20,gmpvm4pe,10,tt_norms,Task,1544541643,34,3,False
2,20,gmpvm4pe,14,tt_norms,Task,1544541668,25,4,False
2,20,gmpvm4pe,18,tt_norms,Task,1544541680,12,5,False
2,20,gmpvm4pe,19,tt_norms,BeliefInstructions,1544541700,20,5,False
2,20,gmpvm4pe,20,tt_norms,Beliefs,1544541765,65,5,False
2,20,gmpvm4pe,21,wordscra,Task,1544541960,195,2,False
2,20,gmpvm4pe,22,postexp,Risk,1544541975,15,2,False
2,20,gmpvm4pe,23,postexp,Pref1,1544542010,35,2,False
2,20,gmpvm4pe,24,postexp,Pref2,1544542031,21,2,False
2,20,gmpvm4pe,25,postexp,Demographics,1544542083,52,2,False
2,22,s2drvclv,1,tt_norms,Instructions,1544543052,111,1,False
2,22,s2drvclv,2,tt_norms,Task,1544543142,90,1,False
2,22,s2drvclv,6,tt_norms,Task,1544543163,21,2,False
2,22,s2drvclv,10,tt_norms,Task,1544543176,13,3,False
2,22,s2drvclv,14,tt_norms,Task,1544543183,7,4,False
2,22,s2drvclv,18,tt_norms,Task,1544543194,11,5,False
2,22,s2drvclv,19,tt_norms,BeliefInstructions,1544543216,22,5,False
2,22,s2drvclv,20,tt_norms,Beliefs,1544543255,39,5,False
2,22,s2drvclv,21,wordscra,Task,1544543391,136,2,False
2,22,s2drvclv,22,postexp,Risk,1544543404,13,2,False
2,22,s2drvclv,23,postexp,Pref1,1544543440,36,2,False
2,22,s2drvclv,24,postexp,Pref2,1544543468,28,2,False
2,22,s2drvclv,25,postexp,Demographics,1544543534,66,2,False
2,24,bxedlw9p,1,tt_norms,Instructions,1544543253,33,1,False
2,24,bxedlw9p,2,tt_norms,Task,1544543309,56,1,False
2,24,bxedlw9p,6,tt_norms,Task,1544543331,22,2,False
2,24,bxedlw9p,10,tt_norms,Task,1544543338,7,3,False
2,24,bxedlw9p,14,tt_norms,Task,1544543353,15,4,False
2,24,bxedlw9p,18,tt_norms,Task,1544543360,7,5,False
2,24,bxedlw9p,19,tt_norms,BeliefInstructions,1544543369,9,5,False
2,24,bxedlw9p,20,tt_norms,Beliefs,1544543401,32,5,False
2,24,bxedlw9p,21,wordscra,Task,1544543432,31,2,False
2,24,bxedlw9p,22,postexp,Risk,1544543439,7,2,False
2,24,bxedlw9p,23,postexp,Pref1,1544543454,15,2,False
2,24,bxedlw9p,24,postexp,Pref2,1544543459,5,2,False
2,24,bxedlw9p,25,postexp,Demographics,1544543489,30,2,False
2,25,4vwonrkp,1,tt_norms,Instructions,1544544624,210,1,False
2,25,4vwonrkp,2,tt_norms,Task,1544544787,163,1,False
2,25,4vwonrkp,6,tt_norms,Task,1544544837,50,2,False
2,25,4vwonrkp,10,tt_norms,Task,1544544862,25,3,False
2,25,4vwonrkp,14,tt_norms,Task,1544544878,16,4,False
2,25,4vwonrkp,18,tt_norms,Task,1544544900,22,5,False
2,25,4vwonrkp,19,tt_norms,BeliefInstructions,1544544919,19,5,False
2,25,4vwonrkp,20,tt_norms,Beliefs,1544545063,144,5,False
2,25,4vwonrkp,21,wordscra,Task,1544545255,192,2,False
2,25,4vwonrkp,22,postexp,Risk,1544545278,23,2,False
2,25,4vwonrkp,23,postexp,Pref1,1544545386,108,2,False
2,25,4vwonrkp,24,postexp,Pref2,1544545431,45,2,False
2,25,4vwonrkp,25,postexp,Demographics,1544545519,88,2,False
2,26,wvzzh32h,1,tt_norms,Instructions,1544544674,39,1,False
2,26,wvzzh32h,2,tt_norms,Task,1544544774,100,1,False
2,26,wvzzh32h,6,tt_norms,Task,1544544902,128,2,False
2,26,wvzzh32h,10,tt_norms,Task,1544544916,14,3,False
2,26,wvzzh32h,14,tt_norms,Task,1544544927,11,4,False
2,26,wvzzh32h,18,tt_norms,Task,1544544942,15,5,False
2,26,wvzzh32h,19,tt_norms,BeliefInstructions,1544544954,12,5,False
2,26,wvzzh32h,20,tt_norms,Beliefs,1544545003,49,5,False
2,26,wvzzh32h,21,wordscra,Task,1544545142,139,2,False
2,26,wvzzh32h,22,postexp,Risk,1544545152,10,2,False
2,26,wvzzh32h,23,postexp,Pref1,1544545190,38,2,False
2,26,wvzzh32h,24,postexp,Pref2,1544545215,25,2,False
2,26,wvzzh32h,25,postexp,Demographics,1544545265,50,2,False
2,28,p5gncvrw,1,tt_norms,Instructions,1544544842,62,1,False
2,28,p5gncvrw,2,tt_norms,Task,1544544949,107,1,False
2,28,p5gncvrw,6,tt_norms,Task,1544544987,38,2,False
2,28,p5gncvrw,10,tt_norms,Task,1544544999,12,3,False
2,28,p5gncvrw,14,tt_norms,Task,1544545021,22,4,False
2,28,p5gncvrw,18,tt_norms,Task,1544545030,9,5,False
2,28,p5gncvrw,19,tt_norms,BeliefInstructions,1544545045,15,5,False
2,28,p5gncvrw,20,tt_norms,Beliefs,1544545082,37,5,False
2,28,p5gncvrw,21,wordscra,Task,1544545175,93,2,False
2,28,p5gncvrw,22,postexp,Risk,1544545188,13,2,False
2,28,p5gncvrw,23,postexp,Pref1,1544545226,38,2,False
2,28,p5gncvrw,24,postexp,Pref2,1544545257,31,2,False
2,28,p5gncvrw,25,postexp,Demographics,1544545316,59,2,False
2,29,zatl2q5n,1,tt_norms,Instructions,1544546914,552,1,False
2,29,zatl2q5n,2,tt_norms,Task,1544547042,128,1,False
2,29,zatl2q5n,6,tt_norms,Task,1544547127,85,2,False
2,29,zatl2q5n,10,tt_norms,Task,1544547180,53,3,False
2,29,zatl2q5n,14,tt_norms,Task,1544547203,23,4,False
2,29,zatl2q5n,18,tt_norms,Task,1544547212,9,5,False
2,29,zatl2q5n,19,tt_norms,BeliefInstructions,1544547235,23,5,False
2,29,zatl2q5n,20,tt_norms,Beliefs,1544547312,77,5,False
2,29,zatl2q5n,21,wordscra,Task,1544547440,128,2,False
2,29,zatl2q5n,22,postexp,Risk,1544547454,14,2,False
2,29,zatl2q5n,23,postexp,Pref1,1544547519,65,2,False
2,29,zatl2q5n,24,postexp,Pref2,1544547549,30,2,False
2,29,zatl2q5n,25,postexp,Demographics,1544547598,49,2,False
2,30,t3ryoujx,1,tt_norms,Instructions,1544547503,160,1,False
2,30,t3ryoujx,2,tt_norms,Task,1544547574,71,1,False
2,30,t3ryoujx,6,tt_norms,Task,1544547612,38,2,False
2,30,t3ryoujx,10,tt_norms,Task,1544547645,33,3,False
2,30,t3ryoujx,14,tt_norms,Task,1544547654,9,4,False
2,30,t3ryoujx,18,tt_norms,Task,1544547673,19,5,False
2,30,t3ryoujx,19,tt_norms,BeliefInstructions,1544547694,21,5,False
2,30,t3ryoujx,20,tt_norms,Beliefs,1544547762,68,5,False
2,30,t3ryoujx,21,wordscra,Task,1544547806,44,2,False
2,30,t3ryoujx,22,postexp,Risk,1544547820,14,2,False
2,30,t3ryoujx,23,postexp,Pref1,1544547880,60,2,False
2,30,t3ryoujx,24,postexp,Pref2,1544547919,39,2,False
2,30,t3ryoujx,25,postexp,Demographics,1544548069,150,2,False
2,31,n5m91wzb,1,tt_norms,Instructions,1544547683,149,1,False
2,31,n5m91wzb,2,tt_norms,Task,1544547756,73,1,False
2,31,n5m91wzb,6,tt_norms,Task,1544547799,43,2,False
2,31,n5m91wzb,10,tt_norms,Task,1544547813,14,3,False
2,31,n5m91wzb,14,tt_norms,Task,1544547822,9,4,False
2,31,n5m91wzb,18,tt_norms,Task,1544547832,10,5,False
2,31,n5m91wzb,19,tt_norms,BeliefInstructions,1544547848,16,5,False
2,31,n5m91wzb,20,tt_norms,Beliefs,1544547903,55,5,False
2,31,n5m91wzb,21,wordscra,Task,1544548058,155,2,False
2,31,n5m91wzb,22,postexp,Risk,1544548074,16,2,False
2,31,n5m91wzb,23,postexp,Pref1,1544548136,62,2,False
2,31,n5m91wzb,24,postexp,Pref2,1544548172,36,2,False
2,31,n5m91wzb,25,postexp,Demographics,1544548303,131,2,False
2,33,fegab8k2,1,tt_norms,Instructions,1544550936,104,1,False
2,33,fegab8k2,2,tt_norms,Task,1544551010,74,1,False
2,33,fegab8k2,6,tt_norms,Task,1544551028,18,2,False
2,33,fegab8k2,10,tt_norms,Task,1544551036,8,3,False
2,33,fegab8k2,14,tt_norms,Task,1544551041,5,4,False
2,33,fegab8k2,18,tt_norms,Task,1544551048,7,5,False
2,33,fegab8k2,19,tt_norms,BeliefInstructions,1544551050,2,5,False
2,33,fegab8k2,20,tt_norms,Beliefs,1544551078,28,5,False
2,33,fegab8k2,21,wordscra,Task,1544551123,45,2,False
2,33,fegab8k2,22,postexp,Risk,1544551133,10,2,False
2,33,fegab8k2,23,postexp,Pref1,1544551200,67,2,False
2,33,fegab8k2,24,postexp,Pref2,1544551221,21,2,False
2,33,fegab8k2,25,postexp,Demographics,1544551262,41,2,False
2,34,r9jt4pym,1,tt_norms,Instructions,1544552621,15,1,False
2,34,r9jt4pym,2,tt_norms,Task,1544552673,52,1,False
2,34,r9jt4pym,6,tt_norms,Task,1544552694,21,2,False
2,34,r9jt4pym,10,tt_norms,Task,1544552707,13,3,False
2,34,r9jt4pym,14,tt_norms,Task,1544552719,12,4,False
2,34,r9jt4pym,18,tt_norms,Task,1544552727,8,5,False
2,34,r9jt4pym,19,tt_norms,BeliefInstructions,1544552735,8,5,False
2,34,r9jt4pym,20,tt_norms,Beliefs,1544552785,50,5,False
2,34,r9jt4pym,21,wordscra,Task,1544552916,131,2,False
2,34,r9jt4pym,22,postexp,Risk,1544552926,10,2,False
2,34,r9jt4pym,23,postexp,Pref1,1544552953,27,2,False
2,34,r9jt4pym,24,postexp,Pref2,1544552971,18,2,False
2,34,r9jt4pym,25,postexp,Demographics,1544553073,102,2,False
2,35,7c6iffg8,1,tt_norms,Instructions,1544553555,114,1,False
2,35,7c6iffg8,2,tt_norms,Task,1544553635,80,1,False
2,35,7c6iffg8,6,tt_norms,Task,1544553672,37,2,False
2,35,7c6iffg8,10,tt_norms,Task,1544553686,14,3,False
2,35,7c6iffg8,14,tt_norms,Task,1544553690,4,4,False
2,35,7c6iffg8,18,tt_norms,Task,1544553696,6,5,False
2,35,7c6iffg8,19,tt_norms,BeliefInstructions,1544553704,8,5,False
2,35,7c6iffg8,20,tt_norms,Beliefs,1544553751,47,5,False
2,35,7c6iffg8,21,wordscra,Task,1544553800,49,2,False
2,35,7c6iffg8,22,postexp,Risk,1544553808,8,2,False
2,35,7c6iffg8,23,postexp,Pref1,1544553851,43,2,False
2,35,7c6iffg8,24,postexp,Pref2,1544553868,17,2,False
2,35,7c6iffg8,25,postexp,Demographics,1544553901,33,2,False
2,36,ywpr6qi0,1,tt_norms,Instructions,1544555188,60,1,False
2,36,ywpr6qi0,2,tt_norms,Task,1544555282,94,1,False
2,36,ywpr6qi0,6,tt_norms,Task,1544555308,26,2,False
2,36,ywpr6qi0,10,tt_norms,Task,1544555318,10,3,False
2,36,ywpr6qi0,14,tt_norms,Task,1544555326,8,4,False
2,36,ywpr6qi0,18,tt_norms,Task,1544555333,7,5,False
2,36,ywpr6qi0,19,tt_norms,BeliefInstructions,1544555340,7,5,False
2,36,ywpr6qi0,20,tt_norms,Beliefs,1544555411,71,5,False
2,36,ywpr6qi0,21,wordscra,Task,1544555474,63,2,False
2,36,ywpr6qi0,22,postexp,Risk,1544555487,13,2,False
2,36,ywpr6qi0,23,postexp,Pref1,1544555532,45,2,False
2,36,ywpr6qi0,24,postexp,Pref2,1544555572,40,2,False
2,36,ywpr6qi0,25,postexp,Demographics,1544555655,83,2,False
2,37,5rp46x1m,1,tt_norms,Instructions,1544557853,68,1,False
2,37,5rp46x1m,2,tt_norms,Task,1544557955,102,1,False
2,37,5rp46x1m,6,tt_norms,Task,1544557975,20,2,False
2,37,5rp46x1m,10,tt_norms,Task,1544557987,12,3,False
2,37,5rp46x1m,14,tt_norms,Task,1544557998,11,4,False
2,37,5rp46x1m,18,tt_norms,Task,1544558003,5,5,False
2,37,5rp46x1m,19,tt_norms,BeliefInstructions,1544558016,13,5,False
2,37,5rp46x1m,20,tt_norms,Beliefs,1544558051,35,5,False
2,37,5rp46x1m,21,wordscra,Task,1544558133,82,2,False
2,37,5rp46x1m,22,postexp,Risk,1544558160,27,2,False
2,37,5rp46x1m,23,postexp,Pref1,1544558223,63,2,False
2,37,5rp46x1m,24,postexp,Pref2,1544558257,34,2,False
2,37,5rp46x1m,25,postexp,Demographics,1544558309,52,2,False
2,38,oz60mqrp,1,tt_norms,Instructions,1544558529,220,1,False
2,38,oz60mqrp,2,tt_norms,Task,1544558620,91,1,False
2,38,oz60mqrp,6,tt_norms,Task,1544558659,39,2,False
2,38,oz60mqrp,10,tt_norms,Task,1544558702,43,3,False
2,38,oz60mqrp,14,tt_norms,Task,1544558716,14,4,False
2,38,oz60mqrp,18,tt_norms,Task,1544558772,56,5,False
2,38,oz60mqrp,19,tt_norms,BeliefInstructions,1544558787,15,5,False
2,38,oz60mqrp,20,tt_norms,Beliefs,1544558916,129,5,False
2,38,oz60mqrp,21,wordscra,Task,1544559049,133,2,False
2,38,oz60mqrp,22,postexp,Risk,1544559060,11,2,False
2,38,oz60mqrp,23,postexp,Pref1,1544559116,56,2,False
2,38,oz60mqrp,24,postexp,Pref2,1544559149,33,2,False
2,38,oz60mqrp,25,postexp,Demographics,1544559227,78,2,False
2,39,k1dhwkei,1,tt_norms,Instructions,1544561293,16,1,False
2,39,k1dhwkei,2,tt_norms,Task,1544561377,84,1,False
2,39,k1dhwkei,6,tt_norms,Task,1544561392,15,2,False
2,39,k1dhwkei,10,tt_norms,Task,1544561401,9,3,False
2,39,k1dhwkei,14,tt_norms,Task,1544561411,10,4,False
2,39,k1dhwkei,18,tt_norms,Task,1544561418,7,5,False
2,39,k1dhwkei,19,tt_norms,BeliefInstructions,1544561421,3,5,False
2,39,k1dhwkei,20,tt_norms,Beliefs,1544561469,48,5,False
2,39,k1dhwkei,21,wordscra,Task,1544561530,61,2,False
2,39,k1dhwkei,22,postexp,Risk,1544561538,8,2,False
2,39,k1dhwkei,23,postexp,Pref1,1544561584,46,2,False
2,39,k1dhwkei,24,postexp,Pref2,1544561606,22,2,False
2,39,k1dhwkei,25,postexp,Demographics,1544561639,33,2,False
2,40,9bpt89qg,1,tt_norms,Instructions,1544563778,56,1,False
2,40,9bpt89qg,2,tt_norms,Task,1544563836,58,1,False
2,40,9bpt89qg,6,tt_norms,Task,1544563848,12,2,False
2,40,9bpt89qg,10,tt_norms,Task,1544563863,15,3,False
2,40,9bpt89qg,14,tt_norms,Task,1544563913,50,4,False
2,40,9bpt89qg,18,tt_norms,Task,1544563925,12,5,False
2,40,9bpt89qg,19,tt_norms,BeliefInstructions,1544563938,13,5,False
2,40,9bpt89qg,20,tt_norms,Beliefs,1544564059,121,5,False
2,40,9bpt89qg,21,wordscra,Task,1544564083,24,2,False
2,40,9bpt89qg,22,postexp,Risk,1544564088,5,2,False
2,40,9bpt89qg,23,postexp,Pref1,1544564108,20,2,False
2,40,9bpt89qg,24,postexp,Pref2,1544564126,18,2,False
2,40,9bpt89qg,25,postexp,Demographics,1544564147,21,2,False
2,41,t9yast4o,1,tt_norms,Instructions,1544565006,166,1,False
2,41,t9yast4o,2,tt_norms,Task,1544565268,262,1,False
2,41,t9yast4o,6,tt_norms,Task,1544565309,41,2,False
2,41,t9yast4o,10,tt_norms,Task,1544565326,17,3,False
2,41,t9yast4o,14,tt_norms,Task,1544565336,10,4,False
2,41,t9yast4o,18,tt_norms,Task,1544565360,24,5,False
2,41,t9yast4o,19,tt_norms,BeliefInstructions,1544565400,40,5,False
2,41,t9yast4o,20,tt_norms,Beliefs,1544565593,193,5,False
2,41,t9yast4o,21,wordscra,Task,1544565679,86,2,False
2,41,t9yast4o,22,postexp,Risk,1544565692,13,2,False
2,41,t9yast4o,23,postexp,Pref1,1544565770,78,2,False
2,41,t9yast4o,24,postexp,Pref2,1544565856,86,2,False
2,41,t9yast4o,25,postexp,Demographics,1544565968,112,2,False
2,42,5op8a5lw,1,tt_norms,Instructions,1544565344,196,1,False
2,42,5op8a5lw,2,tt_norms,Task,1544565446,102,1,False
2,42,5op8a5lw,6,tt_norms,Task,1544565477,31,2,False
2,42,5op8a5lw,10,tt_norms,Task,1544565492,15,3,False
2,42,5op8a5lw,14,tt_norms,Task,1544565502,10,4,False
2,42,5op8a5lw,18,tt_norms,Task,1544565512,10,5,False
2,42,5op8a5lw,19,tt_norms,BeliefInstructions,1544565531,19,5,False
2,42,5op8a5lw,20,tt_norms,Beliefs,1544565667,136,5,False
2,42,5op8a5lw,21,wordscra,Task,1544566408,741,2,False
2,42,5op8a5lw,22,postexp,Risk,1544566421,13,2,False
2,42,5op8a5lw,23,postexp,Pref1,1544566512,91,2,False
2,42,5op8a5lw,24,postexp,Pref2,1544566556,44,2,False
2,42,5op8a5lw,25,postexp,Demographics,1544566697,141,2,False
2,43,0v3k828w,1,tt_norms,Instructions,1544565655,107,1,False
2,43,0v3k828w,2,tt_norms,Task,1544565751,96,1,False
2,43,0v3k828w,6,tt_norms,Task,1544565774,23,2,False
2,43,0v3k828w,10,tt_norms,Task,1544565801,27,3,False
2,43,0v3k828w,14,tt_norms,Task,1544565809,8,4,False
2,43,0v3k828w,18,tt_norms,Task,1544565815,6,5,False
2,43,0v3k828w,19,tt_norms,BeliefInstructions,1544565834,19,5,False
2,43,0v3k828w,20,tt_norms,Beliefs,1544565888,54,5,False
2,43,0v3k828w,21,wordscra,Task,1544566433,545,2,False
2,43,0v3k828w,22,postexp,Risk,1544566446,13,2,False
2,43,0v3k828w,23,postexp,Pref1,1544566509,63,2,False
2,43,0v3k828w,24,postexp,Pref2,1544566543,34,2,False
2,43,0v3k828w,25,postexp,Demographics,1544566604,61,2,False
2,45,a5lim8l1,1,tt_norms,Instructions,1544595560,84,1,False
2,45,a5lim8l1,2,tt_norms,Task,1544595649,89,1,False
2,45,a5lim8l1,6,tt_norms,Task,1544595700,51,2,False
2,45,a5lim8l1,10,tt_norms,Task,1544595738,38,3,False
2,45,a5lim8l1,14,tt_norms,Task,1544595797,59,4,False
2,45,a5lim8l1,18,tt_norms,Task,1544595810,13,5,False
2,45,a5lim8l1,19,tt_norms,BeliefInstructions,1544595844,34,5,False
2,45,a5lim8l1,20,tt_norms,Beliefs,1544595948,104,5,False
2,45,a5lim8l1,21,wordscra,Task,1544596134,186,2,False
2,45,a5lim8l1,22,postexp,Risk,1544596145,11,2,False
2,45,a5lim8l1,23,postexp,Pref1,1544596182,37,2,False
2,45,a5lim8l1,24,postexp,Pref2,1544596195,13,2,False
2,45,a5lim8l1,25,postexp,Demographics,1544596245,50,2,False
2,46,5k71ib8g,1,tt_norms,Instructions,1544599979,116,1,False
2,46,5k71ib8g,2,tt_norms,Task,1544600057,78,1,False
2,46,5k71ib8g,6,tt_norms,Task,1544600097,40,2,False
2,46,5k71ib8g,10,tt_norms,Task,1544600123,26,3,False
2,46,5k71ib8g,14,tt_norms,Task,1544600130,7,4,False
2,46,5k71ib8g,18,tt_norms,Task,1544600145,15,5,False
2,46,5k71ib8g,19,tt_norms,BeliefInstructions,1544600157,12,5,False
2,46,5k71ib8g,20,tt_norms,Beliefs,1544600252,95,5,False
2,46,5k71ib8g,21,wordscra,Task,1544600368,116,2,False
2,46,5k71ib8g,22,postexp,Risk,1544600383,15,2,False
2,46,5k71ib8g,23,postexp,Pref1,1544600447,64,2,False
2,46,5k71ib8g,24,postexp,Pref2,1544600481,34,2,False
2,46,5k71ib8g,25,postexp,Demographics,1544600532,51,2,False
2,48,qmlh23bf,1,tt_norms,Instructions,1544605743,138,1,False
2,48,qmlh23bf,2,tt_norms,Task,1544605902,159,1,False
2,48,qmlh23bf,6,tt_norms,Task,1544605924,22,2,False
2,48,qmlh23bf,10,tt_norms,Task,1544605937,13,3,False
2,48,qmlh23bf,14,tt_norms,Task,1544605977,40,4,False
2,48,qmlh23bf,18,tt_norms,Task,1544605995,18,5,False
2,48,qmlh23bf,19,tt_norms,BeliefInstructions,1544606024,29,5,False
2,48,qmlh23bf,20,tt_norms,Beliefs,1544606061,37,5,False
2,48,qmlh23bf,21,wordscra,Task,1544606177,116,2,False
2,48,qmlh23bf,22,postexp,Risk,1544606192,15,2,False
2,48,qmlh23bf,23,postexp,Pref1,1544606236,44,2,False
2,48,qmlh23bf,24,postexp,Pref2,1544606262,26,2,False
2,48,qmlh23bf,25,postexp,Demographics,1544606309,47,2,False
2,49,gtvxdr23,1,tt_norms,Instructions,1544606710,258,1,False
2,49,gtvxdr23,2,tt_norms,Task,1544606883,173,1,False
2,49,gtvxdr23,6,tt_norms,Task,1544607010,127,2,False
2,49,gtvxdr23,10,tt_norms,Task,1544607042,32,3,False
2,49,gtvxdr23,14,tt_norms,Task,1544607059,17,4,False
2,49,gtvxdr23,18,tt_norms,Task,1544607066,7,5,False
2,49,gtvxdr23,19,tt_norms,BeliefInstructions,1544607068,2,5,False
2,49,gtvxdr23,20,tt_norms,Beliefs,1544607106,38,5,False
2,49,gtvxdr23,21,wordscra,Task,1544607338,232,2,False
2,49,gtvxdr23,22,postexp,Risk,1544607353,15,2,False
2,49,gtvxdr23,23,postexp,Pref1,1544607408,55,2,False
2,49,gtvxdr23,24,postexp,Pref2,1544607446,38,2,False
2,49,gtvxdr23,25,postexp,Demographics,1544607658,212,2,False
2,50,q7m6zy6r,1,tt_norms,Instructions,1544609009,175,1,False
2,50,q7m6zy6r,2,tt_norms,Task,1544609055,46,1,False
2,50,q7m6zy6r,6,tt_norms,Task,1544609082,27,2,False
2,50,q7m6zy6r,10,tt_norms,Task,1544609094,12,3,False
2,50,q7m6zy6r,14,tt_norms,Task,1544609106,12,4,False
2,50,q7m6zy6r,18,tt_norms,Task,1544609115,9,5,False
2,50,q7m6zy6r,19,tt_norms,BeliefInstructions,1544609123,8,5,False
2,50,q7m6zy6r,20,tt_norms,Beliefs,1544609158,35,5,False
2,50,q7m6zy6r,21,wordscra,Task,1544609256,98,2,False
2,50,q7m6zy6r,22,postexp,Risk,1544609267,11,2,False
2,50,q7m6zy6r,23,postexp,Pref1,1544609318,51,2,False
2,50,q7m6zy6r,24,postexp,Pref2,1544609338,20,2,False
2,50,q7m6zy6r,25,postexp,Demographics,1544609417,79,2,False
2,51,1nb5n3bm,1,tt_norms,Instructions,1544611375,181,1,False
2,51,1nb5n3bm,2,tt_norms,Task,1544611530,155,1,False
2,51,1nb5n3bm,6,tt_norms,Task,1544611608,78,2,False
2,51,1nb5n3bm,10,tt_norms,Task,1544611695,87,3,False
2,51,1nb5n3bm,14,tt_norms,Task,1544611706,11,4,False
2,51,1nb5n3bm,18,tt_norms,Task,1544611719,13,5,False
2,51,1nb5n3bm,19,tt_norms,BeliefInstructions,1544611746,27,5,False
2,51,1nb5n3bm,20,tt_norms,Beliefs,1544611900,154,5,False
2,51,1nb5n3bm,21,wordscra,Task,1544612173,273,2,False
2,51,1nb5n3bm,22,postexp,Risk,1544612186,13,2,False
2,51,1nb5n3bm,23,postexp,Pref1,1544612275,89,2,False
2,51,1nb5n3bm,24,postexp,Pref2,1544612309,34,2,False
2,51,1nb5n3bm,25,postexp,Demographics,1544612519,210,2,False
2,52,b0bqjmxx,1,tt_norms,Instructions,1544612670,99,1,False
2,52,b0bqjmxx,2,tt_norms,Task,1544612804,134,1,False
2,52,b0bqjmxx,6,tt_norms,Task,1544612851,47,2,False
2,52,b0bqjmxx,10,tt_norms,Task,1544612866,15,3,False
2,52,b0bqjmxx,14,tt_norms,Task,1544612870,4,4,False
2,52,b0bqjmxx,18,tt_norms,Task,1544612877,7,5,False
2,52,b0bqjmxx,19,tt_norms,BeliefInstructions,1544612900,23,5,False
2,52,b0bqjmxx,20,tt_norms,Beliefs,1544612942,42,5,False
2,52,b0bqjmxx,21,wordscra,Task,1544613095,153,2,False
2,52,b0bqjmxx,22,postexp,Risk,1544613112,17,2,False
2,52,b0bqjmxx,23,postexp,Pref1,1544613167,55,2,False
2,52,b0bqjmxx,24,postexp,Pref2,1544613195,28,2,False
2,52,b0bqjmxx,25,postexp,Demographics,1544613256,61,2,False
2,53,ramt4jqb,1,tt_norms,Instructions,1544612998,50,1,False
2,53,ramt4jqb,2,tt_norms,Task,1544613096,98,1,False
2,53,ramt4jqb,6,tt_norms,Task,1544613122,26,2,False
2,53,ramt4jqb,10,tt_norms,Task,1544613132,10,3,False
2,53,ramt4jqb,14,tt_norms,Task,1544613140,8,4,False
2,53,ramt4jqb,18,tt_norms,Task,1544613149,9,5,False
2,53,ramt4jqb,19,tt_norms,BeliefInstructions,1544613160,11,5,False
2,53,ramt4jqb,20,tt_norms,Beliefs,1544613212,52,5,False
2,53,ramt4jqb,21,wordscra,Task,1544613360,148,2,False
2,53,ramt4jqb,22,postexp,Risk,1544613368,8,2,False
2,53,ramt4jqb,23,postexp,Pref1,1544613397,29,2,False
2,53,ramt4jqb,24,postexp,Pref2,1544613416,19,2,False
2,53,ramt4jqb,25,postexp,Demographics,1544613466,50,2,False
2,54,m1w3y5w9,1,tt_norms,Instructions,1544615247,66,1,False
2,54,m1w3y5w9,2,tt_norms,Task,1544615397,150,1,False
2,54,m1w3y5w9,6,tt_norms,Task,1544615439,42,2,False
2,54,m1w3y5w9,10,tt_norms,Task,1544615477,38,3,False
2,54,m1w3y5w9,14,tt_norms,Task,1544615496,19,4,False
2,54,m1w3y5w9,18,tt_norms,Task,1544615507,11,5,False
2,54,m1w3y5w9,19,tt_norms,BeliefInstructions,1544615523,16,5,False
2,54,m1w3y5w9,20,tt_norms,Beliefs,1544615606,83,5,False
2,54,m1w3y5w9,21,wordscra,Task,1544615659,53,2,False
2,54,m1w3y5w9,22,postexp,Risk,1544615668,9,2,False
2,54,m1w3y5w9,23,postexp,Pref1,1544615734,66,2,False
2,54,m1w3y5w9,24,postexp,Pref2,1544615769,35,2,False
2,54,m1w3y5w9,25,postexp,Demographics,1544615851,82,2,False
2,55,ocq733ia,1,tt_norms,Instructions,1544616854,180,1,False
2,55,ocq733ia,2,tt_norms,Task,1544617048,194,1,False
2,55,ocq733ia,6,tt_norms,Task,1544617100,52,2,False
2,55,ocq733ia,10,tt_norms,Task,1544617130,30,3,False
2,55,ocq733ia,14,tt_norms,Task,1544617138,8,4,False
2,55,ocq733ia,18,tt_norms,Task,1544617149,11,5,False
2,55,ocq733ia,19,tt_norms,BeliefInstructions,1544617166,17,5,False
2,55,ocq733ia,20,tt_norms,Beliefs,1544617288,122,5,False
2,55,ocq733ia,21,wordscra,Task,1544617470,182,2,False
2,55,ocq733ia,22,postexp,Risk,1544617483,13,2,False
2,55,ocq733ia,23,postexp,Pref1,1544617533,50,2,False
2,55,ocq733ia,24,postexp,Pref2,1544617585,52,2,False
2,55,ocq733ia,25,postexp,Demographics,1544617716,131,2,False
3,1,sinaaeic,1,tt,Instructions,1544617658,119,2,False
3,1,sinaaeic,2,tt,Task,1544617695,37,2,False
3,1,sinaaeic,3,tt,BeliefInstructions,1544617723,28,2,False
3,1,sinaaeic,4,tt,Beliefs,1544617772,49,2,False
3,1,sinaaeic,5,wordscra,Task,1544617862,90,3,False
3,1,sinaaeic,6,postexp,Risk,1544617878,16,3,False
3,1,sinaaeic,7,postexp,Pref1,1544617925,47,3,False
3,1,sinaaeic,8,postexp,Pref2,1544617951,26,3,False
3,1,sinaaeic,9,postexp,Demographics,1544618013,62,3,False
3,1,sinaaeic,10,postexp,ResultsTask,1544618024,11,3,False
3,2,169cs9fr,1,tt,Instructions,1544618196,241,2,False
3,2,169cs9fr,2,tt,Task,1544618251,55,2,False
3,2,169cs9fr,3,tt,BeliefInstructions,1544618278,27,2,False
3,2,169cs9fr,4,tt,Beliefs,1544618325,47,2,False
3,2,169cs9fr,5,wordscra,Task,1544618534,209,3,False
3,2,169cs9fr,6,postexp,Risk,1544618547,13,3,False
3,2,169cs9fr,7,postexp,Pref1,1544618607,60,3,False
3,2,169cs9fr,8,postexp,Pref2,1544618638,31,3,False
3,2,169cs9fr,9,postexp,Demographics,1544618713,75,3,False
3,2,169cs9fr,10,postexp,ResultsTask,1544618727,14,3,False
3,3,sm1dj0te,1,tt,Instructions,1544640790,22193,2,False
3,3,sm1dj0te,2,tt,Task,1544640833,43,2,False
3,3,sm1dj0te,3,tt,BeliefInstructions,1544640847,14,2,False
3,3,sm1dj0te,4,tt,Beliefs,1544640902,55,2,False
3,3,sm1dj0te,5,wordscra,Task,1544641065,163,3,False
3,3,sm1dj0te,6,postexp,Risk,1544641082,17,3,False
3,3,sm1dj0te,7,postexp,Pref1,1544641135,53,3,False
3,3,sm1dj0te,8,postexp,Pref2,1544641163,28,3,False
3,3,sm1dj0te,9,postexp,Demographics,1544641236,73,3,False
3,3,sm1dj0te,10,postexp,ResultsTask,1544641259,23,3,False
3,4,oj8xtnf7,1,tt,Instructions,1544619058,114,2,False
3,4,oj8xtnf7,2,tt,Task,1544619088,30,2,False
3,4,oj8xtnf7,3,tt,BeliefInstructions,1544619101,13,2,False
3,4,oj8xtnf7,4,tt,Beliefs,1544619159,58,2,False
3,4,oj8xtnf7,5,wordscra,Task,1544619248,89,3,False
3,4,oj8xtnf7,6,postexp,Risk,1544619264,16,3,False
3,4,oj8xtnf7,7,postexp,Pref1,1544619320,56,3,False
3,4,oj8xtnf7,8,postexp,Pref2,1544619360,40,3,False
3,4,oj8xtnf7,9,postexp,Demographics,1544619534,174,3,False
3,4,oj8xtnf7,10,postexp,ResultsTask,1544619545,11,3,False
3,5,ejrqpywt,1,tt,Instructions,1544620926,133,2,False
3,5,ejrqpywt,2,tt,Task,1544620943,17,2,False
3,5,ejrqpywt,3,tt,BeliefInstructions,1544620953,10,2,False
3,5,ejrqpywt,4,tt,Beliefs,1544620994,41,2,False
3,5,ejrqpywt,5,wordscra,Task,1544621035,41,3,False
3,5,ejrqpywt,6,postexp,Risk,1544621041,6,3,False
3,5,ejrqpywt,7,postexp,Pref1,1544621077,36,3,False
3,5,ejrqpywt,8,postexp,Pref2,1544621091,14,3,False
3,5,ejrqpywt,9,postexp,Demographics,1544621122,31,3,False
3,5,ejrqpywt,10,postexp,ResultsTask,1544621129,7,3,False
3,6,wq35zzvx,1,tt,Instructions,1544622491,77,2,False
3,6,wq35zzvx,2,tt,Task,1544622512,21,2,False
3,6,wq35zzvx,3,tt,BeliefInstructions,1544622526,14,2,False
3,6,wq35zzvx,4,tt,Beliefs,1544622544,18,2,False
3,6,wq35zzvx,5,wordscra,Task,1544622722,178,3,False
3,6,wq35zzvx,6,postexp,Risk,1544622734,12,3,False
3,6,wq35zzvx,7,postexp,Pref1,1544622767,33,3,False
3,6,wq35zzvx,8,postexp,Pref2,1544622788,21,3,False
3,6,wq35zzvx,9,postexp,Demographics,1544622829,41,3,False
3,6,wq35zzvx,10,postexp,ResultsTask,1544622836,7,3,False
3,8,nepqxxr8,1,tt,Instructions,1544623824,97,2,False
3,8,nepqxxr8,2,tt,Task,1544623856,32,2,False
3,8,nepqxxr8,3,tt,BeliefInstructions,1544623877,21,2,False
3,8,nepqxxr8,4,tt,Beliefs,1544623895,18,2,False
3,8,nepqxxr8,5,wordscra,Task,1544624084,189,3,False
3,8,nepqxxr8,6,postexp,Risk,1544624104,20,3,False
3,8,nepqxxr8,7,postexp,Pref1,1544624115,11,3,False
3,8,nepqxxr8,8,postexp,Pref2,1544624122,7,3,False
3,8,nepqxxr8,9,postexp,Demographics,1544624186,64,3,False
3,8,nepqxxr8,10,postexp,ResultsTask,1544624198,12,3,False
3,9,f7bzyoon,1,tt,Instructions,1544627612,58,2,False
3,9,f7bzyoon,2,tt,Task,1544627672,60,2,False
3,9,f7bzyoon,3,tt,BeliefInstructions,1544627679,7,2,False
3,10,2tc1n7xo,1,tt,Instructions,1544628154,273,2,False
3,10,2tc1n7xo,2,tt,Task,1544628202,48,2,False
3,10,2tc1n7xo,3,tt,BeliefInstructions,1544628236,34,2,False
3,10,2tc1n7xo,4,tt,Beliefs,1544628286,50,2,False
3,10,2tc1n7xo,5,wordscra,Task,1544628475,189,3,False
3,10,2tc1n7xo,6,postexp,Risk,1544628517,42,3,False
3,10,2tc1n7xo,7,postexp,Pref1,1544628609,92,3,False
3,10,2tc1n7xo,8,postexp,Pref2,1544628654,45,3,False
3,10,2tc1n7xo,9,postexp,Demographics,1544628870,216,3,False
3,10,2tc1n7xo,10,postexp,ResultsTask,1544628891,21,3,False
3,11,30ysci02,1,tt,Instructions,1544628452,75,2,False
3,11,30ysci02,2,tt,Task,1544628479,27,2,False
3,11,30ysci02,3,tt,BeliefInstructions,1544628490,11,2,False
3,11,30ysci02,4,tt,Beliefs,1544628529,39,2,False
3,11,30ysci02,5,wordscra,Task,1544628628,99,3,False
3,11,30ysci02,6,postexp,Risk,1544628639,11,3,False
3,11,30ysci02,7,postexp,Pref1,1544628671,32,3,False
3,11,30ysci02,8,postexp,Pref2,1544628690,19,3,False
3,11,30ysci02,9,postexp,Demographics,1544628723,33,3,False
3,11,30ysci02,10,postexp,ResultsTask,1544628735,12,3,False
3,13,emtr7m0r,1,tt,Instructions,1544631169,160,2,False
3,13,emtr7m0r,2,tt,Task,1544631190,21,2,False
3,13,emtr7m0r,3,tt,BeliefInstructions,1544631307,117,2,False
3,13,emtr7m0r,4,tt,Beliefs,1544631338,31,2,False
3,13,emtr7m0r,5,wordscra,Task,1544631382,44,3,False
3,13,emtr7m0r,6,postexp,Risk,1544631391,9,3,False
3,13,emtr7m0r,7,postexp,Pref1,1544631404,13,3,False
3,13,emtr7m0r,8,postexp,Pref2,1544631414,10,3,False
3,13,emtr7m0r,9,postexp,Demographics,1544631462,48,3,False
3,13,emtr7m0r,10,postexp,ResultsTask,1544631479,17,3,False
3,16,k92bmv18,1,tt,Instructions,1544644161,152,2,False
3,16,k92bmv18,2,tt,Task,1544644198,37,2,False
3,16,k92bmv18,3,tt,BeliefInstructions,1544644215,17,2,False
3,16,k92bmv18,4,tt,Beliefs,1544644240,25,2,False
3,16,k92bmv18,5,wordscra,Task,1544644339,99,3,False
3,16,k92bmv18,6,postexp,Risk,1544644351,12,3,False
3,16,k92bmv18,7,postexp,Pref1,1544644403,52,3,False
3,16,k92bmv18,8,postexp,Pref2,1544644448,45,3,False
3,16,k92bmv18,9,postexp,Demographics,1544644537,89,3,False
3,16,k92bmv18,10,postexp,ResultsTask,1544644548,11,3,False
3,17,1jrbbjb5,1,tt,Instructions,1544646600,86,2,False
3,17,1jrbbjb5,2,tt,Task,1544646654,54,2,False
3,17,1jrbbjb5,3,tt,BeliefInstructions,1544646665,11,2,False
3,17,1jrbbjb5,4,tt,Beliefs,1544646703,38,2,False
3,17,1jrbbjb5,5,wordscra,Task,1544646754,51,3,False
3,17,1jrbbjb5,6,postexp,Risk,1544646766,12,3,False
3,17,1jrbbjb5,7,postexp,Pref1,1544646852,86,3,False
3,17,1jrbbjb5,8,postexp,Pref2,1544646880,28,3,False
3,17,1jrbbjb5,9,postexp,Demographics,1544646949,69,3,False
3,17,1jrbbjb5,10,postexp,ResultsTask,1544646958,9,3,False
3,18,yp0xof0f,1,tt,Instructions,1544648137,562,2,False
3,18,yp0xof0f,2,tt,Task,1544648179,42,2,False
3,18,yp0xof0f,3,tt,BeliefInstructions,1544648194,15,2,False
3,18,yp0xof0f,4,tt,Beliefs,1544648230,36,2,False
3,18,yp0xof0f,5,wordscra,Task,1544648391,161,3,False
3,18,yp0xof0f,6,postexp,Risk,1544648405,14,3,False
3,18,yp0xof0f,7,postexp,Pref1,1544648452,47,3,False
3,18,yp0xof0f,8,postexp,Pref2,1544648480,28,3,False
3,18,yp0xof0f,9,postexp,Demographics,1544648571,91,3,False
3,18,yp0xof0f,10,postexp,ResultsTask,1544648577,6,3,False
3,19,jt7irfzn,1,tt,Instructions,1544652010,139,2,False
3,19,jt7irfzn,2,tt,Task,1544652071,61,2,False
3,19,jt7irfzn,3,tt,BeliefInstructions,1544652102,31,2,False
3,19,jt7irfzn,4,tt,Beliefs,1544652182,80,2,False
3,19,jt7irfzn,5,wordscra,Task,1544652348,166,3,False
3,19,jt7irfzn,6,postexp,Risk,1544652365,17,3,False
3,19,jt7irfzn,7,postexp,Pref1,1544652461,96,3,False
3,19,jt7irfzn,8,postexp,Pref2,1544652494,33,3,False
3,19,jt7irfzn,9,postexp,Demographics,1544652578,84,3,False
3,19,jt7irfzn,10,postexp,ResultsTask,1544652588,10,3,False
3,20,231f3u28,1,tt,Instructions,1544657334,132,2,False
3,20,231f3u28,2,tt,Task,1544657379,45,2,False
3,20,231f3u28,3,tt,BeliefInstructions,1544657394,15,2,False
3,20,231f3u28,4,tt,Beliefs,1544657539,145,2,False
3,20,231f3u28,5,wordscra,Task,1544657983,444,3,False
3,20,231f3u28,6,postexp,Risk,1544658003,20,3,False
3,20,231f3u28,7,postexp,Pref1,1544658091,88,3,False
3,20,231f3u28,8,postexp,Pref2,1544658128,37,3,False
3,20,231f3u28,9,postexp,Demographics,1544658200,72,3,False
3,20,231f3u28,10,postexp,ResultsTask,1544658216,16,3,False
4,1,3j92ngjz,1,tt_norms,Instructions,1544617222,142,6,False
4,1,3j92ngjz,2,tt_norms,Task,1544617297,75,6,False
4,1,3j92ngjz,6,tt_norms,Task,1544617339,42,7,False
4,1,3j92ngjz,10,tt_norms,Task,1544617358,19,8,False
4,1,3j92ngjz,14,tt_norms,Task,1544617375,17,9,False
4,1,3j92ngjz,18,tt_norms,Task,1544617395,20,10,False
4,1,3j92ngjz,19,tt_norms,BeliefInstructions,1544617433,38,10,False
4,1,3j92ngjz,20,tt_norms,Beliefs,1544617494,61,10,False
4,1,3j92ngjz,21,wordscra,Task,1544617651,157,4,False
4,1,3j92ngjz,22,postexp,Risk,1544617668,17,4,False
4,1,3j92ngjz,23,postexp,Pref1,1544617716,48,4,False
4,1,3j92ngjz,24,postexp,Pref2,1544617767,51,4,False
4,1,3j92ngjz,25,postexp,Demographics,1544617853,86,4,False
4,2,knogt4qt,1,tt_norms,Instructions,1544621481,97,6,False
4,2,knogt4qt,2,tt_norms,Task,1544621664,183,6,False
4,2,knogt4qt,6,tt_norms,Task,1544621740,76,7,False
4,2,knogt4qt,10,tt_norms,Task,1544621778,38,8,False
4,2,knogt4qt,14,tt_norms,Task,1544621800,22,9,False
4,2,knogt4qt,18,tt_norms,Task,1544621832,32,10,False
4,2,knogt4qt,19,tt_norms,BeliefInstructions,1544621847,15,10,False
4,2,knogt4qt,20,tt_norms,Beliefs,1544621919,72,10,False
4,2,knogt4qt,21,wordscra,Task,1544622082,163,4,False
4,2,knogt4qt,22,postexp,Risk,1544622106,24,4,False
4,2,knogt4qt,23,postexp,Pref1,1544622175,69,4,False
4,2,knogt4qt,24,postexp,Pref2,1544622219,44,4,False
4,2,knogt4qt,25,postexp,Demographics,1544622329,110,4,False
4,3,gc0tk9eu,1,tt_norms,Instructions,1544622123,122,6,False
4,3,gc0tk9eu,2,tt_norms,Task,1544622213,90,6,False
4,3,gc0tk9eu,6,tt_norms,Task,1544622244,31,7,False
4,3,gc0tk9eu,10,tt_norms,Task,1544622281,37,8,False
4,3,gc0tk9eu,14,tt_norms,Task,1544622297,16,9,False
4,3,gc0tk9eu,18,tt_norms,Task,1544622309,12,10,False
4,3,gc0tk9eu,19,tt_norms,BeliefInstructions,1544622318,9,10,False
4,3,gc0tk9eu,20,tt_norms,Beliefs,1544622383,65,10,False
4,3,gc0tk9eu,21,wordscra,Task,1544622503,120,4,False
4,3,gc0tk9eu,22,postexp,Risk,1544622515,12,4,False
4,3,gc0tk9eu,23,postexp,Pref1,1544622546,31,4,False
4,3,gc0tk9eu,24,postexp,Pref2,1544622563,17,4,False
4,3,gc0tk9eu,25,postexp,Demographics,1544622622,59,4,False
4,4,cnovr6uj,1,tt_norms,Instructions,1544623716,31,6,False
4,4,cnovr6uj,2,tt_norms,Task,1544623786,70,6,False
4,4,cnovr6uj,6,tt_norms,Task,1544623812,26,7,False
4,4,cnovr6uj,10,tt_norms,Task,1544623827,15,8,False
4,4,cnovr6uj,14,tt_norms,Task,1544623835,8,9,False
4,4,cnovr6uj,18,tt_norms,Task,1544623858,23,10,False
4,4,cnovr6uj,19,tt_norms,BeliefInstructions,1544623864,6,10,False
4,4,cnovr6uj,20,tt_norms,Beliefs,1544623908,44,10,False
4,4,cnovr6uj,21,wordscra,Task,1544623947,39,4,False
4,4,cnovr6uj,22,postexp,Risk,1544623960,13,4,False
4,4,cnovr6uj,23,postexp,Pref1,1544623997,37,4,False
4,4,cnovr6uj,24,postexp,Pref2,1544624017,20,4,False
4,4,cnovr6uj,25,postexp,Demographics,1544624063,46,4,False
4,5,j2w5c90c,1,tt_norms,Instructions,1544626736,636,6,False
4,5,j2w5c90c,2,tt_norms,Task,1544626888,152,6,False
4,5,j2w5c90c,6,tt_norms,Task,1544626945,57,7,False
4,5,j2w5c90c,10,tt_norms,Task,1544626999,54,8,False
4,5,j2w5c90c,14,tt_norms,Task,1544627022,23,9,False
4,5,j2w5c90c,18,tt_norms,Task,1544627054,32,10,False
4,5,j2w5c90c,19,tt_norms,BeliefInstructions,1544627065,11,10,False
4,5,j2w5c90c,20,tt_norms,Beliefs,1544627238,173,10,False
4,5,j2w5c90c,21,wordscra,Task,1544627321,83,4,False
4,5,j2w5c90c,22,postexp,Risk,1544627336,15,4,False
4,5,j2w5c90c,23,postexp,Pref1,1544627389,53,4,False
4,5,j2w5c90c,24,postexp,Pref2,1544627414,25,4,False
4,5,j2w5c90c,25,postexp,Demographics,1544627583,169,4,False
4,6,2cf6qkwh,1,tt_norms,Instructions,1544628678,22,6,False
4,7,dwga2y2m,1,tt_norms,Instructions,1544628814,5,6,False
4,7,dwga2y2m,2,tt_norms,Task,1544628930,116,6,False
4,7,dwga2y2m,6,tt_norms,Task,1544628950,20,7,False
4,7,dwga2y2m,10,tt_norms,Task,1544628956,6,8,False
4,7,dwga2y2m,14,tt_norms,Task,1544628965,9,9,False
4,7,dwga2y2m,18,tt_norms,Task,1544628975,10,10,False
4,7,dwga2y2m,19,tt_norms,BeliefInstructions,1544628994,19,10,False
4,7,dwga2y2m,20,tt_norms,Beliefs,1544629048,54,10,False
4,7,dwga2y2m,21,wordscra,Task,1544629111,63,4,False
4,7,dwga2y2m,22,postexp,Risk,1544629127,16,4,False
4,7,dwga2y2m,23,postexp,Pref1,1544629208,81,4,False
4,7,dwga2y2m,24,postexp,Pref2,1544629230,22,4,False
4,7,dwga2y2m,25,postexp,Demographics,1544629298,68,4,False
4,8,38ke9bj8,1,tt_norms,Instructions,1544631378,629,6,False
4,8,38ke9bj8,2,tt_norms,Task,1544631521,143,6,False
4,8,38ke9bj8,6,tt_norms,Task,1544631581,60,7,False
4,8,38ke9bj8,10,tt_norms,Task,1544631589,8,8,False
4,8,38ke9bj8,14,tt_norms,Task,1544631601,12,9,False
4,8,38ke9bj8,18,tt_norms,Task,1544631610,9,10,False
4,8,38ke9bj8,19,tt_norms,BeliefInstructions,1544631619,9,10,False
4,8,38ke9bj8,20,tt_norms,Beliefs,1544631672,53,10,False
4,8,38ke9bj8,21,wordscra,Task,1544631804,132,4,False
4,8,38ke9bj8,22,postexp,Risk,1544631819,15,4,False
4,8,38ke9bj8,23,postexp,Pref1,1544631882,63,4,False
4,8,38ke9bj8,24,postexp,Pref2,1544631907,25,4,False
4,8,38ke9bj8,25,postexp,Demographics,1544631992,85,4,False
4,9,nnxe3k3c,1,tt_norms,Instructions,1544633568,112,6,False
4,9,nnxe3k3c,2,tt_norms,Task,1544633641,73,6,False
4,9,nnxe3k3c,6,tt_norms,Task,1544633658,17,7,False
4,9,nnxe3k3c,10,tt_norms,Task,1544633674,16,8,False
4,9,nnxe3k3c,14,tt_norms,Task,1544633680,6,9,False
4,9,nnxe3k3c,18,tt_norms,Task,1544633690,10,10,False
4,9,nnxe3k3c,19,tt_norms,BeliefInstructions,1544633699,9,10,False
4,9,nnxe3k3c,20,tt_norms,Beliefs,1544633748,49,10,False
4,9,nnxe3k3c,21,wordscra,Task,1544633938,190,4,False
4,9,nnxe3k3c,22,postexp,Risk,1544633948,10,4,False
4,9,nnxe3k3c,23,postexp,Pref1,1544633995,47,4,False
4,9,nnxe3k3c,24,postexp,Pref2,1544634024,29,4,False
4,9,nnxe3k3c,25,postexp,Demographics,1544634149,125,4,False
4,11,ykjeqzzz,1,tt_norms,Instructions,1544641092,193,6,False
4,11,ykjeqzzz,2,tt_norms,Task,1544641290,198,6,False
4,11,ykjeqzzz,6,tt_norms,Task,1544641362,72,7,False
4,11,ykjeqzzz,10,tt_norms,Task,1544641382,20,8,False
4,11,ykjeqzzz,14,tt_norms,Task,1544641414,32,9,False
4,11,ykjeqzzz,18,tt_norms,Task,1544641424,10,10,False
4,11,ykjeqzzz,19,tt_norms,BeliefInstructions,1544641456,32,10,False
4,11,ykjeqzzz,20,tt_norms,Beliefs,1544641558,102,10,False
4,11,ykjeqzzz,21,wordscra,Task,1544641715,157,4,False
4,11,ykjeqzzz,22,postexp,Risk,1544641735,20,4,False
4,11,ykjeqzzz,23,postexp,Pref1,1544641807,72,4,False
4,11,ykjeqzzz,24,postexp,Pref2,1544641850,43,4,False
4,11,ykjeqzzz,25,postexp,Demographics,1544641973,123,4,False
4,13,2px359tq,1,tt_norms,Instructions,1544642096,200,6,False
4,13,2px359tq,2,tt_norms,Task,1544642186,90,6,False
4,13,2px359tq,6,tt_norms,Task,1544642222,36,7,False
4,13,2px359tq,10,tt_norms,Task,1544642238,16,8,False
4,13,2px359tq,14,tt_norms,Task,1544642256,18,9,False
4,13,2px359tq,18,tt_norms,Task,1544642262,6,10,False
4,13,2px359tq,19,tt_norms,BeliefInstructions,1544642272,10,10,False
4,13,2px359tq,20,tt_norms,Beliefs,1544642323,51,10,False
4,13,2px359tq,21,wordscra,Task,1544642480,157,4,False
4,13,2px359tq,22,postexp,Risk,1544642494,14,4,False
4,13,2px359tq,23,postexp,Pref1,1544642535,41,4,False
4,13,2px359tq,24,postexp,Pref2,1544642552,17,4,False
4,13,2px359tq,25,postexp,Demographics,1544642591,39,4,False
4,15,uuvbjewb,1,tt_norms,Instructions,1544642753,36,6,False
4,15,uuvbjewb,2,tt_norms,Task,1544642833,80,6,False
4,15,uuvbjewb,6,tt_norms,Task,1544642844,11,7,False
4,15,uuvbjewb,10,tt_norms,Task,1544642853,9,8,False
4,15,uuvbjewb,14,tt_norms,Task,1544642860,7,9,False
4,15,uuvbjewb,18,tt_norms,Task,1544642868,8,10,False
4,15,uuvbjewb,19,tt_norms,BeliefInstructions,1544642872,4,10,False
4,15,uuvbjewb,20,tt_norms,Beliefs,1544642897,25,10,False
4,15,uuvbjewb,21,wordscra,Task,1544643072,175,4,False
4,15,uuvbjewb,22,postexp,Risk,1544643082,10,4,False
4,15,uuvbjewb,23,postexp,Pref1,1544643116,34,4,False
4,15,uuvbjewb,24,postexp,Pref2,1544643140,24,4,False
4,15,uuvbjewb,25,postexp,Demographics,1544643170,30,4,False
4,16,xm9ovkwt,1,tt_norms,Instructions,1544647369,303,6,False
4,16,xm9ovkwt,2,tt_norms,Task,1544647468,99,6,False
4,16,xm9ovkwt,6,tt_norms,Task,1544647509,41,7,False
4,16,xm9ovkwt,10,tt_norms,Task,1544647537,28,8,False
4,16,xm9ovkwt,14,tt_norms,Task,1544647557,20,9,False
4,16,xm9ovkwt,18,tt_norms,Task,1544647577,20,10,False
4,16,xm9ovkwt,19,tt_norms,BeliefInstructions,1544647597,20,10,False
4,16,xm9ovkwt,20,tt_norms,Beliefs,1544647666,69,10,False
4,16,xm9ovkwt,21,wordscra,Task,1544647778,112,4,False
4,16,xm9ovkwt,22,postexp,Risk,1544647795,17,4,False
4,16,xm9ovkwt,23,postexp,Pref1,1544647882,87,4,False
4,16,xm9ovkwt,24,postexp,Pref2,1544647928,46,4,False
4,16,xm9ovkwt,25,postexp,Demographics,1544648054,126,4,False
4,17,f243er65,1,tt_norms,Instructions,1544651097,7,6,False
4,17,f243er65,2,tt_norms,Task,1544651223,126,6,False
4,17,f243er65,6,tt_norms,Task,1544651251,28,7,False
4,17,f243er65,10,tt_norms,Task,1544651261,10,8,False
4,17,f243er65,14,tt_norms,Task,1544651269,8,9,False
4,17,f243er65,18,tt_norms,Task,1544651279,10,10,False
4,17,f243er65,19,tt_norms,BeliefInstructions,1544651310,31,10,False
4,17,f243er65,20,tt_norms,Beliefs,1544651355,45,10,False
4,17,f243er65,21,wordscra,Task,1544651527,172,4,False
4,17,f243er65,22,postexp,Risk,1544651541,14,4,False
4,17,f243er65,23,postexp,Pref1,1544651591,50,4,False
4,17,f243er65,24,postexp,Pref2,1544651617,26,4,False
4,17,f243er65,25,postexp,Demographics,1544651743,126,4,False
4,18,i6s7yild,1,tt_norms,Instructions,1544652209,12,6,False
4,18,i6s7yild,2,tt_norms,Task,1544652373,164,6,False
4,18,i6s7yild,6,tt_norms,Task,1544652499,126,7,False
4,18,i6s7yild,10,tt_norms,Task,1544652507,8,8,False
4,18,i6s7yild,14,tt_norms,Task,1544652514,7,9,False
4,18,i6s7yild,18,tt_norms,Task,1544652521,7,10,False
4,18,i6s7yild,19,tt_norms,BeliefInstructions,1544652527,6,10,False
4,18,i6s7yild,20,tt_norms,Beliefs,1544652574,47,10,False
4,18,i6s7yild,21,wordscra,Task,1544652713,139,4,False
4,18,i6s7yild,22,postexp,Risk,1544652726,13,4,False
4,18,i6s7yild,23,postexp,Pref1,1544652774,48,4,False
4,18,i6s7yild,24,postexp,Pref2,1544652807,33,4,False
4,18,i6s7yild,25,postexp,Demographics,1544652890,83,4,False
4,19,mccy0zg2,1,tt_norms,Instructions,1544653021,122,6,False
4,19,mccy0zg2,2,tt_norms,Task,1544653167,146,6,False
4,19,mccy0zg2,6,tt_norms,Task,1544653184,17,7,False
4,19,mccy0zg2,10,tt_norms,Task,1544653190,6,8,False
4,19,mccy0zg2,14,tt_norms,Task,1544653203,13,9,False
4,19,mccy0zg2,18,tt_norms,Task,1544653213,10,10,False
4,19,mccy0zg2,19,tt_norms,BeliefInstructions,1544653243,30,10,False
4,19,mccy0zg2,20,tt_norms,Beliefs,1544653283,40,10,False
4,19,mccy0zg2,21,wordscra,Task,1544653383,100,4,False
4,19,mccy0zg2,22,postexp,Risk,1544653402,19,4,False
4,19,mccy0zg2,23,postexp,Pref1,1544653467,65,4,False
4,19,mccy0zg2,24,postexp,Pref2,1544653497,30,4,False
4,19,mccy0zg2,25,postexp,Demographics,1544653670,173,4,False
4,20,57qrkceq,1,tt_norms,Instructions,1544677716,23,6,False
4,20,57qrkceq,2,tt_norms,Task,1544677782,66,6,False
4,20,57qrkceq,6,tt_norms,Task,1544677801,19,7,False
4,20,57qrkceq,10,tt_norms,Task,1544677817,16,8,False
4,20,57qrkceq,14,tt_norms,Task,1544677825,8,9,False
4,20,57qrkceq,18,tt_norms,Task,1544677836,11,10,False
4,20,57qrkceq,19,tt_norms,BeliefInstructions,1544677846,10,10,False
4,20,57qrkceq,20,tt_norms,Beliefs,1544677890,44,10,False
4,20,57qrkceq,21,wordscra,Task,1544677933,43,4,False
4,20,57qrkceq,22,postexp,Risk,1544677943,10,4,False
4,20,57qrkceq,23,postexp,Pref1,1544677970,27,4,False
4,20,57qrkceq,24,postexp,Pref2,1544677984,14,4,False
4,20,57qrkceq,25,postexp,Demographics,1544678029,45,4,False
4,24,1q89jdoe,1,tt_norms,Instructions,1544688156,19,6,False
4,24,1q89jdoe,2,tt_norms,Task,1544688185,29,6,False
4,24,1q89jdoe,6,tt_norms,Task,1544688202,17,7,False
4,24,1q89jdoe,10,tt_norms,Task,1544688217,15,8,False
4,24,1q89jdoe,14,tt_norms,Task,1544688225,8,9,False
4,24,1q89jdoe,18,tt_norms,Task,1544688234,9,10,False
4,24,1q89jdoe,19,tt_norms,BeliefInstructions,1544688243,9,10,False
4,24,1q89jdoe,20,tt_norms,Beliefs,1544688304,61,10,False
4,24,1q89jdoe,21,wordscra,Task,1544688352,48,4,False
4,24,1q89jdoe,22,postexp,Risk,1544688362,10,4,False
4,24,1q89jdoe,23,postexp,Pref1,1544688399,37,4,False
4,24,1q89jdoe,24,postexp,Pref2,1544688415,16,4,False
4,24,1q89jdoe,25,postexp,Demographics,1544688468,53,4,False
5,1,3f6cv5sf,1,bt,Instructions,1544628979,4,1,False
6,1,ftc9silv,1,tt,Instructions,1544690751,112,3,False
6,1,ftc9silv,2,tt,Task,1544690783,32,3,False
6,1,ftc9silv,3,tt,BeliefInstructions,1544690832,49,3,False
6,1,ftc9silv,4,tt,Beliefs,1544690884,52,3,False
6,1,ftc9silv,5,wordscra,Task,1544691011,127,5,False
6,1,ftc9silv,6,postexp,Risk,1544691026,15,5,False
6,1,ftc9silv,7,postexp,Pref1,1544691113,87,5,False
6,1,ftc9silv,8,postexp,Pref2,1544691148,35,5,False
6,1,ftc9silv,9,postexp,Demographics,1544691213,65,5,False
6,1,ftc9silv,10,postexp,ResultsTask,1544691228,15,5,False
6,2,u1i2421v,1,tt,Instructions,1544710275,79,3,False
6,2,u1i2421v,2,tt,Task,1544710312,37,3,False
6,2,u1i2421v,3,tt,BeliefInstructions,1544710329,17,3,False
6,2,u1i2421v,4,tt,Beliefs,1544710373,44,3,False
6,2,u1i2421v,5,wordscra,Task,1544710424,51,5,False
6,2,u1i2421v,6,postexp,Risk,1544710434,10,5,False
6,2,u1i2421v,7,postexp,Pref1,1544710477,43,5,False
6,2,u1i2421v,8,postexp,Pref2,1544710516,39,5,False
6,2,u1i2421v,9,postexp,Demographics,1544710562,46,5,False
6,2,u1i2421v,10,postexp,ResultsTask,1544710569,7,5,False
6,3,ay3yuzmq,1,tt,Instructions,1544713262,68,3,False
6,3,ay3yuzmq,2,tt,Task,1544713301,39,3,False
6,3,ay3yuzmq,3,tt,BeliefInstructions,1544713311,10,3,False
6,3,ay3yuzmq,4,tt,Beliefs,1544713340,29,3,False
6,3,ay3yuzmq,5,wordscra,Task,1544713453,113,5,False
6,3,ay3yuzmq,6,postexp,Risk,1544713463,10,5,False
6,3,ay3yuzmq,7,postexp,Pref1,1544713516,53,5,False
6,3,ay3yuzmq,8,postexp,Pref2,1544713538,22,5,False
6,3,ay3yuzmq,9,postexp,Demographics,1544713610,72,5,False
6,3,ay3yuzmq,10,postexp,ResultsTask,1544713621,11,5,False
6,4,p8l9qaau,1,tt,Instructions,1544717750,82,3,False
6,4,p8l9qaau,2,tt,Task,1544717790,40,3,False
6,4,p8l9qaau,3,tt,BeliefInstructions,1544717812,22,3,False
6,4,p8l9qaau,4,tt,Beliefs,1544717964,152,3,False
6,4,p8l9qaau,5,wordscra,Task,1544718344,380,5,False
6,4,p8l9qaau,6,postexp,Risk,1544718365,21,5,False
6,4,p8l9qaau,7,postexp,Pref1,1544718425,60,5,False
6,4,p8l9qaau,8,postexp,Pref2,1544718466,41,5,False
6,4,p8l9qaau,9,postexp,Demographics,1544718529,63,5,False
6,4,p8l9qaau,10,postexp,ResultsTask,1544718542,13,5,False
6,5,6hnfxvfi,1,tt,Instructions,1544719731,127,3,False
6,5,6hnfxvfi,2,tt,Task,1544719759,28,3,False
6,5,6hnfxvfi,3,tt,BeliefInstructions,1544719780,21,3,False
6,5,6hnfxvfi,4,tt,Beliefs,1544719820,40,3,False
6,5,6hnfxvfi,5,wordscra,Task,1544719963,143,5,False
6,5,6hnfxvfi,6,postexp,Risk,1544719978,15,5,False
6,5,6hnfxvfi,7,postexp,Pref1,1544720043,65,5,False
6,5,6hnfxvfi,8,postexp,Pref2,1544720088,45,5,False
6,5,6hnfxvfi,9,postexp,Demographics,1544720254,166,5,False
6,5,6hnfxvfi,10,postexp,ResultsTask,1544720282,28,5,False
6,7,yd4eu0ic,1,tt,Instructions,1544735646,132,3,False
6,7,yd4eu0ic,2,tt,Task,1544735684,38,3,False
6,7,yd4eu0ic,3,tt,BeliefInstructions,1544735711,27,3,False
6,7,yd4eu0ic,4,tt,Beliefs,1544735806,95,3,False
6,7,yd4eu0ic,5,wordscra,Task,1544735887,81,5,False
6,7,yd4eu0ic,6,postexp,Risk,1544735908,21,5,False
6,7,yd4eu0ic,7,postexp,Pref1,1544735989,81,5,False
6,7,yd4eu0ic,8,postexp,Pref2,1544736053,64,5,False
6,7,yd4eu0ic,9,postexp,Demographics,1544736132,79,5,False
6,7,yd4eu0ic,10,postexp,ResultsTask,1544736140,8,5,False
6,8,4xzzyfdk,1,tt,Instructions,1544897319,11,3,False
6,8,4xzzyfdk,2,tt,Task,1544897378,59,3,False
6,8,4xzzyfdk,3,tt,BeliefInstructions,1544897390,12,3,False
6,8,4xzzyfdk,4,tt,Beliefs,1544897425,35,3,False
6,8,4xzzyfdk,5,wordscra,Task,1544897481,56,5,False
6,8,4xzzyfdk,6,postexp,Risk,1544897488,7,5,False
6,8,4xzzyfdk,7,postexp,Pref1,1544897516,28,5,False
6,8,4xzzyfdk,8,postexp,Pref2,1544897534,18,5,False
6,8,4xzzyfdk,9,postexp,Demographics,1544897575,41,5,False
6,8,4xzzyfdk,10,postexp,ResultsTask,1544897579,4,5,False
6,9,dpjhru6n,1,tt,Instructions,1545033507,23,3,False
6,9,dpjhru6n,2,tt,Task,1545033534,27,3,False
6,9,dpjhru6n,3,tt,BeliefInstructions,1545033537,3,3,False
6,9,dpjhru6n,4,tt,Beliefs,1545033572,35,3,False
6,9,dpjhru6n,5,wordscra,Task,1545033627,55,5,False
6,9,dpjhru6n,6,postexp,Risk,1545033645,18,5,False
6,9,dpjhru6n,7,postexp,Pref1,1545033680,35,5,False
6,9,dpjhru6n,8,postexp,Pref2,1545033701,21,5,False
6,9,dpjhru6n,9,postexp,Demographics,1545033747,46,5,False
6,9,dpjhru6n,10,postexp,ResultsTask,1545033754,7,5,False
7,1,wkls1acy,1,tt_norms,Instructions,1544690085,117,11,False
7,1,wkls1acy,2,tt_norms,Task,1544690230,145,11,False
7,1,wkls1acy,6,tt_norms,Task,1544690280,50,12,False
7,1,wkls1acy,10,tt_norms,Task,1544690311,31,13,False
7,1,wkls1acy,14,tt_norms,Task,1544690360,49,14,False
7,1,wkls1acy,18,tt_norms,Task,1544690377,17,15,False
7,1,wkls1acy,19,tt_norms,BeliefInstructions,1544690512,135,15,False
7,1,wkls1acy,20,tt_norms,Beliefs,1544690619,107,15,False
7,1,wkls1acy,21,wordscra,Task,1544690802,183,6,False
7,1,wkls1acy,22,postexp,Risk,1544690813,11,6,False
7,1,wkls1acy,23,postexp,Pref1,1544690866,53,6,False
7,1,wkls1acy,24,postexp,Pref2,1544690896,30,6,False
7,1,wkls1acy,25,postexp,Demographics,1544691048,152,6,False
7,3,7vcpv2th,1,tt_norms,Instructions,1544700288,57,11,False
7,3,7vcpv2th,2,tt_norms,Task,1544700357,69,11,False
7,3,7vcpv2th,6,tt_norms,Task,1544700372,15,12,False
7,3,7vcpv2th,10,tt_norms,Task,1544700382,10,13,False
7,3,7vcpv2th,14,tt_norms,Task,1544700389,7,14,False
7,3,7vcpv2th,18,tt_norms,Task,1544700397,8,15,False
7,3,7vcpv2th,19,tt_norms,BeliefInstructions,1544700404,7,15,False
7,3,7vcpv2th,20,tt_norms,Beliefs,1544700444,40,15,False
7,3,7vcpv2th,21,wordscra,Task,1544700642,198,6,False
7,3,7vcpv2th,22,postexp,Risk,1544700653,11,6,False
7,3,7vcpv2th,23,postexp,Pref1,1544700677,24,6,False
7,3,7vcpv2th,24,postexp,Pref2,1544700696,19,6,False
7,3,7vcpv2th,25,postexp,Demographics,1544700777,81,6,False
7,4,v5filiy3,1,tt_norms,Instructions,1544704587,63,11,False
7,4,v5filiy3,2,tt_norms,Task,1544704753,166,11,False
7,4,v5filiy3,6,tt_norms,Task,1544704784,31,12,False
7,4,v5filiy3,10,tt_norms,Task,1544704798,14,13,False
7,4,v5filiy3,14,tt_norms,Task,1544704811,13,14,False
7,4,v5filiy3,18,tt_norms,Task,1544704820,9,15,False
7,4,v5filiy3,19,tt_norms,BeliefInstructions,1544704850,30,15,False
7,4,v5filiy3,20,tt_norms,Beliefs,1544704922,72,15,False
7,4,v5filiy3,21,wordscra,Task,1544705040,118,6,False
7,4,v5filiy3,22,postexp,Risk,1544705060,20,6,False
7,4,v5filiy3,23,postexp,Pref1,1544705119,59,6,False
7,4,v5filiy3,24,postexp,Pref2,1544705161,42,6,False
7,4,v5filiy3,25,postexp,Demographics,1544705320,159,6,False
7,5,dqmy1q8h,1,tt_norms,Instructions,1544705774,111,11,False
7,5,dqmy1q8h,2,tt_norms,Task,1544705940,166,11,False
7,5,dqmy1q8h,6,tt_norms,Task,1544705980,40,12,False
7,5,dqmy1q8h,10,tt_norms,Task,1544705991,11,13,False
7,5,dqmy1q8h,14,tt_norms,Task,1544706001,10,14,False
7,5,dqmy1q8h,18,tt_norms,Task,1544706012,11,15,False
7,5,dqmy1q8h,19,tt_norms,BeliefInstructions,1544706038,26,15,False
7,5,dqmy1q8h,20,tt_norms,Beliefs,1544706090,52,15,False
7,5,dqmy1q8h,21,wordscra,Task,1544706145,55,6,False
7,5,dqmy1q8h,22,postexp,Risk,1544706162,17,6,False
7,5,dqmy1q8h,23,postexp,Pref1,1544706207,45,6,False
7,5,dqmy1q8h,24,postexp,Pref2,1544706228,21,6,False
7,5,dqmy1q8h,25,postexp,Demographics,1544706279,51,6,False
7,6,92dv3ifq,1,tt_norms,Instructions,1544720455,38,11,False
7,6,92dv3ifq,2,tt_norms,Task,1544720641,186,11,False
7,6,92dv3ifq,6,tt_norms,Task,1544720713,72,12,False
7,6,92dv3ifq,10,tt_norms,Task,1544720724,11,13,False
7,6,92dv3ifq,14,tt_norms,Task,1544720738,14,14,False
7,6,92dv3ifq,18,tt_norms,Task,1544720748,10,15,False
7,6,92dv3ifq,19,tt_norms,BeliefInstructions,1544720757,9,15,False
7,6,92dv3ifq,20,tt_norms,Beliefs,1544720798,41,15,False
7,6,92dv3ifq,21,wordscra,Task,1544720854,56,6,False
7,6,92dv3ifq,22,postexp,Risk,1544720861,7,6,False
7,6,92dv3ifq,23,postexp,Pref1,1544720899,38,6,False
7,6,92dv3ifq,24,postexp,Pref2,1544720917,18,6,False
7,6,92dv3ifq,25,postexp,Demographics,1544721056,139,6,False
7,7,26ou50z8,1,tt_norms,Instructions,1544736649,218,11,False
7,7,26ou50z8,2,tt_norms,Task,1544736845,196,11,False
7,7,26ou50z8,6,tt_norms,Task,1544737020,175,12,False
7,7,26ou50z8,10,tt_norms,Task,1544737035,15,13,False
7,7,26ou50z8,14,tt_norms,Task,1544737043,8,14,False
7,7,26ou50z8,18,tt_norms,Task,1544737051,8,15,False
7,7,26ou50z8,19,tt_norms,BeliefInstructions,1544737078,27,15,False
7,7,26ou50z8,20,tt_norms,Beliefs,1544737220,142,15,False
7,7,26ou50z8,21,wordscra,Task,1544737297,77,6,False
7,7,26ou50z8,22,postexp,Risk,1544737346,49,6,False
7,7,26ou50z8,23,postexp,Pref1,1544737467,121,6,False
7,7,26ou50z8,24,postexp,Pref2,1544737504,37,6,False
7,7,26ou50z8,25,postexp,Demographics,1544737595,91,6,False
