session_id,participant__id_in_session,participant__code,page_index,app_name,page_name,time_stamp,seconds_on_page,subsession_pk,auto_submitted
3,6,chrgnhak,1,tt,Instructions,1549363141,60,1,False
3,6,chrgnhak,2,tt,Task,1549363251,110,1,False
3,6,chrgnhak,3,tt,BeliefInstructions,1549363297,46,1,False
3,6,chrgnhak,4,tt,Beliefs,1549363333,36,1,False
3,6,chrgnhak,5,wordscra,Task,1549363404,71,1,False
3,6,chrgnhak,6,postexp,Risk,1549363416,12,1,False
3,6,chrgnhak,7,postexp,Pref1,1549363458,42,1,False
3,6,chrgnhak,8,postexp,Pref2,1549363484,26,1,False
3,6,chrgnhak,9,postexp,Demographics,1549363525,41,1,False
3,6,chrgnhak,10,postexp,ResultsTask,1549363537,12,1,False
3,6,chrgnhak,11,postexp,Results,1549363594,57,1,False
3,9,vbjlc7oz,1,tt,Instructions,1549363152,64,1,False
3,9,vbjlc7oz,2,tt,Task,1549363175,23,1,False
3,9,vbjlc7oz,3,tt,BeliefInstructions,1549363193,18,1,False
3,9,vbjlc7oz,4,tt,Beliefs,1549363243,50,1,False
3,9,vbjlc7oz,5,wordscra,Task,1549363296,53,1,False
3,9,vbjlc7oz,6,postexp,Risk,1549363306,10,1,False
3,9,vbjlc7oz,7,postexp,Pref1,1549363356,50,1,False
3,9,vbjlc7oz,8,postexp,Pref2,1549363381,25,1,False
3,9,vbjlc7oz,9,postexp,Demographics,1549363439,58,1,False
3,9,vbjlc7oz,10,postexp,ResultsTask,1549363449,10,1,False
3,9,vbjlc7oz,11,postexp,Results,1549363507,58,1,False
3,10,4aes4liv,1,tt,Instructions,1549363390,204,1,False
3,10,4aes4liv,2,tt,Task,1549363479,89,1,False
3,10,4aes4liv,3,tt,BeliefInstructions,1549363516,37,1,False
3,10,4aes4liv,4,tt,Beliefs,1549363593,77,1,False
3,10,4aes4liv,5,wordscra,Task,1549364016,423,1,False
3,10,4aes4liv,6,postexp,Risk,1549364044,28,1,False
3,10,4aes4liv,7,postexp,Pref1,1549364198,154,1,False
3,10,4aes4liv,8,postexp,Pref2,1549364266,68,1,False
3,10,4aes4liv,9,postexp,Demographics,1549364339,73,1,False
3,10,4aes4liv,10,postexp,ResultsTask,1549364358,19,1,False
3,10,4aes4liv,11,postexp,Results,1549364485,127,1,False
3,12,etdeckyg,1,tt,Instructions,1549363581,105,1,False
3,12,etdeckyg,2,tt,Task,1549363636,55,1,False
3,12,etdeckyg,3,tt,BeliefInstructions,1549363659,23,1,False
3,12,etdeckyg,4,tt,Beliefs,1549363710,51,1,False
3,12,etdeckyg,5,wordscra,Task,1549363920,210,1,False
3,12,etdeckyg,6,postexp,Risk,1549363932,12,1,False
3,12,etdeckyg,7,postexp,Pref1,1549363989,57,1,False
3,12,etdeckyg,8,postexp,Pref2,1549364027,38,1,False
3,12,etdeckyg,9,postexp,Demographics,1549364083,56,1,False
3,12,etdeckyg,10,postexp,ResultsTask,1549364097,14,1,False
3,12,etdeckyg,11,postexp,Results,1549364115,18,1,False
3,13,dfgzyz90,1,tt,Instructions,1549363659,54,1,False
3,13,dfgzyz90,2,tt,Task,1549363678,19,1,False
3,13,dfgzyz90,3,tt,BeliefInstructions,1549363696,18,1,False
3,13,dfgzyz90,4,tt,Beliefs,1549363748,52,1,False
3,13,dfgzyz90,5,wordscra,Task,1549363801,53,1,False
3,13,dfgzyz90,6,postexp,Risk,1549363816,15,1,False
3,13,dfgzyz90,7,postexp,Pref1,1549363867,51,1,False
3,13,dfgzyz90,8,postexp,Pref2,1549363892,25,1,False
3,13,dfgzyz90,9,postexp,Demographics,1549363948,56,1,False
3,13,dfgzyz90,10,postexp,ResultsTask,1549363956,8,1,False
3,13,dfgzyz90,11,postexp,Results,1549364083,127,1,False
3,14,jprnpvc8,1,tt,Instructions,1549363805,128,1,False
3,14,jprnpvc8,2,tt,Task,1549363852,47,1,False
3,14,jprnpvc8,3,tt,BeliefInstructions,1549363871,19,1,False
3,14,jprnpvc8,4,tt,Beliefs,1549363911,40,1,False
3,14,jprnpvc8,5,wordscra,Task,1549364006,95,1,False
3,14,jprnpvc8,6,postexp,Risk,1549364022,16,1,False
3,14,jprnpvc8,7,postexp,Pref1,1549364107,85,1,False
3,14,jprnpvc8,8,postexp,Pref2,1549364147,40,1,False
3,14,jprnpvc8,9,postexp,Demographics,1549364232,85,1,False
3,14,jprnpvc8,10,postexp,ResultsTask,1549364241,9,1,False
3,14,jprnpvc8,11,postexp,Results,1549364300,59,1,False
3,16,kgeg37ue,1,tt,Instructions,1549363854,87,1,False
3,16,kgeg37ue,2,tt,Task,1549363870,16,1,False
3,16,kgeg37ue,3,tt,BeliefInstructions,1549363898,28,1,False
3,16,kgeg37ue,4,tt,Beliefs,1549363953,55,1,False
3,16,kgeg37ue,5,wordscra,Task,1549364009,56,1,False
3,16,kgeg37ue,6,postexp,Risk,1549364020,11,1,False
3,16,kgeg37ue,7,postexp,Pref1,1549364086,66,1,False
3,16,kgeg37ue,8,postexp,Pref2,1549364122,36,1,False
3,16,kgeg37ue,9,postexp,Demographics,1549364239,117,1,False
3,16,kgeg37ue,10,postexp,ResultsTask,1549364253,14,1,False
3,16,kgeg37ue,11,postexp,Results,1549364276,23,1,False
3,17,4ku08zzo,1,tt,Instructions,1549364002,98,1,False
3,17,4ku08zzo,2,tt,Task,1549364064,62,1,False
3,17,4ku08zzo,3,tt,BeliefInstructions,1549364073,9,1,False
3,17,4ku08zzo,4,tt,Beliefs,1549364109,36,1,False
3,17,4ku08zzo,5,wordscra,Task,1549364174,65,1,False
3,17,4ku08zzo,6,postexp,Risk,1549364189,15,1,False
3,17,4ku08zzo,7,postexp,Pref1,1549364271,82,1,False
3,17,4ku08zzo,8,postexp,Pref2,1549364306,35,1,False
3,17,4ku08zzo,9,postexp,Demographics,1549364424,118,1,False
3,17,4ku08zzo,10,postexp,ResultsTask,1549364509,85,1,False
3,17,4ku08zzo,11,postexp,Results,1549364644,135,1,False
3,18,moyqtocb,1,tt,Instructions,1549364208,16,1,False
3,19,ex0pqc2n,1,tt,Instructions,1549364695,104,1,False
3,19,ex0pqc2n,2,tt,Task,1549364719,24,1,False
3,19,ex0pqc2n,3,tt,BeliefInstructions,1549364751,32,1,False
3,19,ex0pqc2n,4,tt,Beliefs,1549364780,29,1,False
3,19,ex0pqc2n,5,wordscra,Task,1549364904,124,1,False
3,19,ex0pqc2n,6,postexp,Risk,1549364917,13,1,False
3,19,ex0pqc2n,7,postexp,Pref1,1549364957,40,1,False
3,19,ex0pqc2n,8,postexp,Pref2,1549364989,32,1,False
3,19,ex0pqc2n,9,postexp,Demographics,1549365050,61,1,False
3,19,ex0pqc2n,10,postexp,ResultsTask,1549365058,8,1,False
3,19,ex0pqc2n,11,postexp,Results,1549365111,53,1,False
3,20,o6m2s72v,1,tt,Instructions,1549469342,104407,1,False
3,20,o6m2s72v,2,tt,Task,1549469439,97,1,False
3,20,o6m2s72v,3,tt,BeliefInstructions,1549469485,46,1,False
3,20,o6m2s72v,4,tt,Beliefs,1549469537,52,1,False
3,20,o6m2s72v,5,wordscra,Task,1549469658,121,1,False
3,20,o6m2s72v,6,postexp,Risk,1549469685,27,1,False
3,20,o6m2s72v,7,postexp,Pref1,1549469747,62,1,False
3,20,o6m2s72v,8,postexp,Pref2,1549469791,44,1,False
3,20,o6m2s72v,9,postexp,Demographics,1549469849,58,1,False
3,20,o6m2s72v,10,postexp,ResultsTask,1549469856,7,1,False
3,20,o6m2s72v,11,postexp,Results,1549469885,29,1,False
3,24,162nanrl,1,tt,Instructions,1549375053,9240,1,False
3,24,162nanrl,2,tt,Task,1549375224,171,1,False
3,24,162nanrl,3,tt,BeliefInstructions,1549375244,20,1,False
3,24,162nanrl,4,tt,Beliefs,1549375272,28,1,False
3,24,162nanrl,5,wordscra,Task,1549375382,110,1,False
3,24,162nanrl,6,postexp,Risk,1549375395,13,1,False
3,24,162nanrl,7,postexp,Pref1,1549375474,79,1,False
3,24,162nanrl,8,postexp,Pref2,1549375511,37,1,False
3,24,162nanrl,9,postexp,Demographics,1549375713,202,1,False
3,24,162nanrl,10,postexp,ResultsTask,1549375731,18,1,False
3,24,162nanrl,11,postexp,Results,1549375801,70,1,False
3,25,3vy4m0gl,1,tt,Instructions,1549366051,74,1,False
3,25,3vy4m0gl,2,tt,Task,1549366100,49,1,False
3,25,3vy4m0gl,3,tt,BeliefInstructions,1549366125,25,1,False
3,25,3vy4m0gl,4,tt,Beliefs,1549366220,95,1,False
3,25,3vy4m0gl,5,wordscra,Task,1549366328,108,1,False
3,25,3vy4m0gl,6,postexp,Risk,1549366342,14,1,False
3,25,3vy4m0gl,7,postexp,Pref1,1549366405,63,1,False
3,25,3vy4m0gl,8,postexp,Pref2,1549366438,33,1,False
3,25,3vy4m0gl,9,postexp,Demographics,1549366573,135,1,False
3,25,3vy4m0gl,10,postexp,ResultsTask,1549366585,12,1,False
3,25,3vy4m0gl,11,postexp,Results,1549366625,40,1,False
3,26,uaxc9pjw,1,tt,Instructions,1549366565,56,1,False
3,26,uaxc9pjw,2,tt,Task,1549366617,52,1,False
3,26,uaxc9pjw,3,tt,BeliefInstructions,1549366635,18,1,False
3,26,uaxc9pjw,4,tt,Beliefs,1549366656,21,1,False
3,26,uaxc9pjw,5,wordscra,Task,1549366711,55,1,False
3,26,uaxc9pjw,6,postexp,Risk,1549366721,10,1,False
3,26,uaxc9pjw,7,postexp,Pref1,1549366761,40,1,False
3,26,uaxc9pjw,8,postexp,Pref2,1549366786,25,1,False
3,26,uaxc9pjw,9,postexp,Demographics,1549366826,40,1,False
3,26,uaxc9pjw,10,postexp,ResultsTask,1549366833,7,1,False
3,26,uaxc9pjw,11,postexp,Results,1549366885,52,1,False
3,27,6z4vgmz9,1,tt,Instructions,1549368073,42,1,False
3,27,6z4vgmz9,2,tt,Task,1549368121,48,1,False
3,27,6z4vgmz9,3,tt,BeliefInstructions,1549368125,4,1,False
3,27,6z4vgmz9,4,tt,Beliefs,1549368162,37,1,False
3,27,6z4vgmz9,5,wordscra,Task,1549368206,44,1,False
3,27,6z4vgmz9,6,postexp,Risk,1549368217,11,1,False
3,27,6z4vgmz9,7,postexp,Pref1,1549368242,25,1,False
3,27,6z4vgmz9,8,postexp,Pref2,1549368262,20,1,False
3,27,6z4vgmz9,9,postexp,Demographics,1549368304,42,1,False
3,27,6z4vgmz9,10,postexp,ResultsTask,1549368313,9,1,False
3,27,6z4vgmz9,11,postexp,Results,1549368430,117,1,False
3,29,ow2lclos,1,tt,Instructions,1549368898,58,1,False
3,29,ow2lclos,2,tt,Task,1549368930,32,1,False
3,29,ow2lclos,3,tt,BeliefInstructions,1549369006,76,1,False
3,29,ow2lclos,4,tt,Beliefs,1549369061,55,1,False
3,29,ow2lclos,5,wordscra,Task,1549369127,66,1,False
3,29,ow2lclos,6,postexp,Risk,1549369140,13,1,False
3,29,ow2lclos,7,postexp,Pref1,1549369204,64,1,False
3,29,ow2lclos,8,postexp,Pref2,1549369227,23,1,False
3,29,ow2lclos,9,postexp,Demographics,1549369277,50,1,False
3,29,ow2lclos,10,postexp,ResultsTask,1549369289,12,1,False
3,29,ow2lclos,11,postexp,Results,1549369317,28,1,False
3,30,dca4fykp,1,tt,Instructions,1549369245,49,1,False
3,30,dca4fykp,2,tt,Task,1549369292,47,1,False
3,30,dca4fykp,3,tt,BeliefInstructions,1549369310,18,1,False
3,30,dca4fykp,4,tt,Beliefs,1549369347,37,1,False
3,30,dca4fykp,5,wordscra,Task,1549369418,71,1,False
3,30,dca4fykp,6,postexp,Risk,1549369429,11,1,False
3,30,dca4fykp,7,postexp,Pref1,1549369476,47,1,False
3,30,dca4fykp,8,postexp,Pref2,1549369513,37,1,False
3,30,dca4fykp,9,postexp,Demographics,1549369545,32,1,False
3,30,dca4fykp,10,postexp,ResultsTask,1549369554,9,1,False
3,30,dca4fykp,11,postexp,Results,1549369835,281,1,False
3,31,h86ekofy,1,tt,Instructions,1549369432,15,1,False
3,31,h86ekofy,2,tt,Task,1549369561,129,1,False
3,31,h86ekofy,3,tt,BeliefInstructions,1549369563,2,1,False
3,31,h86ekofy,4,tt,Beliefs,1549369639,76,1,False
3,31,h86ekofy,5,wordscra,Task,1549369746,107,1,False
3,31,h86ekofy,6,postexp,Risk,1549369755,9,1,False
3,31,h86ekofy,7,postexp,Pref1,1549369794,39,1,False
3,31,h86ekofy,8,postexp,Pref2,1549369818,24,1,False
3,31,h86ekofy,9,postexp,Demographics,1549369852,34,1,False
3,31,h86ekofy,10,postexp,ResultsTask,1549369861,9,1,False
3,31,h86ekofy,11,postexp,Results,1549369891,30,1,False
3,33,94sq7yka,1,tt,Instructions,1549370107,157,1,False
3,33,94sq7yka,2,tt,Task,1549370162,55,1,False
3,33,94sq7yka,3,tt,BeliefInstructions,1549370185,23,1,False
3,33,94sq7yka,4,tt,Beliefs,1549370378,193,1,False
3,33,94sq7yka,5,wordscra,Task,1549370461,83,1,False
3,33,94sq7yka,6,postexp,Risk,1549370476,15,1,False
3,33,94sq7yka,7,postexp,Pref1,1549370547,71,1,False
3,33,94sq7yka,8,postexp,Pref2,1549370577,30,1,False
3,33,94sq7yka,9,postexp,Demographics,1549370635,58,1,False
3,33,94sq7yka,10,postexp,ResultsTask,1549370648,13,1,False
3,33,94sq7yka,11,postexp,Results,1549370698,50,1,False
3,34,rzx7qe15,1,tt,Instructions,1549370979,69,1,False
3,34,rzx7qe15,2,tt,Task,1549371013,34,1,False
3,34,rzx7qe15,3,tt,BeliefInstructions,1549371015,2,1,False
3,34,rzx7qe15,4,tt,Beliefs,1549371039,24,1,False
3,34,rzx7qe15,5,wordscra,Task,1549371072,33,1,False
3,34,rzx7qe15,6,postexp,Risk,1549371081,9,1,False
3,34,rzx7qe15,7,postexp,Pref1,1549371126,45,1,False
3,34,rzx7qe15,8,postexp,Pref2,1549371136,10,1,False
3,34,rzx7qe15,9,postexp,Demographics,1549371166,30,1,False
3,34,rzx7qe15,10,postexp,ResultsTask,1549371173,7,1,False
3,34,rzx7qe15,11,postexp,Results,1549371241,68,1,False
3,36,vyk9fniw,1,tt,Instructions,1549371431,479,1,False
3,36,vyk9fniw,2,tt,Task,1549371522,91,1,False
3,36,vyk9fniw,3,tt,BeliefInstructions,1549371549,27,1,False
3,36,vyk9fniw,4,tt,Beliefs,1549371590,41,1,False
3,36,vyk9fniw,5,wordscra,Task,1549371696,106,1,False
3,36,vyk9fniw,6,postexp,Risk,1549371720,24,1,False
3,36,vyk9fniw,7,postexp,Pref1,1549371799,79,1,False
3,36,vyk9fniw,8,postexp,Pref2,1549371834,35,1,False
3,36,vyk9fniw,9,postexp,Demographics,1549371894,60,1,False
3,36,vyk9fniw,10,postexp,ResultsTask,1549371914,20,1,False
3,36,vyk9fniw,11,postexp,Results,1549371986,72,1,False
3,37,wj4e0gh5,1,tt,Instructions,1549371149,81,1,False
3,37,wj4e0gh5,2,tt,Task,1549371172,23,1,False
3,37,wj4e0gh5,3,tt,BeliefInstructions,1549371187,15,1,False
3,37,wj4e0gh5,4,tt,Beliefs,1549371217,30,1,False
3,37,wj4e0gh5,5,wordscra,Task,1549371311,94,1,False
3,37,wj4e0gh5,6,postexp,Risk,1549371320,9,1,False
3,37,wj4e0gh5,7,postexp,Pref1,1549371364,44,1,False
3,37,wj4e0gh5,8,postexp,Pref2,1549371395,31,1,False
3,37,wj4e0gh5,9,postexp,Demographics,1549371482,87,1,False
3,37,wj4e0gh5,10,postexp,ResultsTask,1549371493,11,1,False
3,37,wj4e0gh5,11,postexp,Results,1549371533,40,1,False
3,38,3qyupy2j,1,tt,Instructions,1549371387,26,1,False
3,39,qf40gt2q,1,tt,Instructions,1549373194,48,1,False
3,39,qf40gt2q,2,tt,Task,1549373251,57,1,False
3,39,qf40gt2q,3,tt,BeliefInstructions,1549373262,11,1,False
3,39,qf40gt2q,4,tt,Beliefs,1549373297,35,1,False
3,39,qf40gt2q,5,wordscra,Task,1549373341,44,1,False
3,39,qf40gt2q,6,postexp,Risk,1549373355,14,1,False
3,39,qf40gt2q,7,postexp,Pref1,1549373401,46,1,False
3,39,qf40gt2q,8,postexp,Pref2,1549373428,27,1,False
3,39,qf40gt2q,9,postexp,Demographics,1549374946,1518,1,False
3,39,qf40gt2q,10,postexp,ResultsTask,1549374954,8,1,False
3,39,qf40gt2q,11,postexp,Results,1549374988,34,1,False
3,40,pinu1vj0,1,tt,Instructions,1549373751,78,1,False
3,40,pinu1vj0,2,tt,Task,1549373812,61,1,False
3,40,pinu1vj0,3,tt,BeliefInstructions,1549373830,18,1,False
3,40,pinu1vj0,4,tt,Beliefs,1549373886,56,1,False
3,40,pinu1vj0,5,wordscra,Task,1549374011,125,1,False
3,40,pinu1vj0,6,postexp,Risk,1549374023,12,1,False
3,40,pinu1vj0,7,postexp,Pref1,1549374080,57,1,False
3,40,pinu1vj0,8,postexp,Pref2,1549374114,34,1,False
3,40,pinu1vj0,9,postexp,Demographics,1549374154,40,1,False
3,40,pinu1vj0,10,postexp,ResultsTask,1549374171,17,1,False
3,40,pinu1vj0,11,postexp,Results,1549374211,40,1,False
3,41,lbnixfbe,1,tt,Instructions,1549373788,51,1,False
3,41,lbnixfbe,2,tt,Task,1549374239,451,1,False
3,41,lbnixfbe,3,tt,BeliefInstructions,1549374244,5,1,False
3,41,lbnixfbe,4,tt,Beliefs,1549374269,25,1,False
3,41,lbnixfbe,5,wordscra,Task,1549374315,46,1,False
3,41,lbnixfbe,6,postexp,Risk,1549374328,13,1,False
3,41,lbnixfbe,7,postexp,Pref1,1549374408,80,1,False
3,41,lbnixfbe,8,postexp,Pref2,1549374431,23,1,False
3,41,lbnixfbe,9,postexp,Demographics,1549374477,46,1,False
3,41,lbnixfbe,10,postexp,ResultsTask,1549374504,27,1,False
3,41,lbnixfbe,11,postexp,Results,1549374554,50,1,False
3,43,djo4db9c,1,tt,Instructions,1549374078,219,1,False
3,43,djo4db9c,2,tt,Task,1549374124,46,1,False
3,43,djo4db9c,3,tt,BeliefInstructions,1549374136,12,1,False
3,43,djo4db9c,4,tt,Beliefs,1549374172,36,1,False
3,43,djo4db9c,5,wordscra,Task,1549374240,68,1,False
3,43,djo4db9c,6,postexp,Risk,1549374249,9,1,False
3,43,djo4db9c,7,postexp,Pref1,1549374288,39,1,False
3,43,djo4db9c,8,postexp,Pref2,1549374322,34,1,False
3,43,djo4db9c,9,postexp,Demographics,1549374368,46,1,False
3,43,djo4db9c,10,postexp,ResultsTask,1549374376,8,1,False
3,43,djo4db9c,11,postexp,Results,1549374440,64,1,False
3,44,9hepnqd8,1,tt,Instructions,1549375693,107,1,False
3,44,9hepnqd8,2,tt,Task,1549375798,105,1,False
3,44,9hepnqd8,3,tt,BeliefInstructions,1549375832,34,1,False
3,44,9hepnqd8,4,tt,Beliefs,1549375894,62,1,False
3,44,9hepnqd8,5,wordscra,Task,1549376477,583,1,False
3,44,9hepnqd8,6,postexp,Risk,1549376493,16,1,False
3,44,9hepnqd8,7,postexp,Pref1,1549376589,96,1,False
3,44,9hepnqd8,8,postexp,Pref2,1549376652,63,1,False
3,44,9hepnqd8,9,postexp,Demographics,1549376713,61,1,False
3,44,9hepnqd8,10,postexp,ResultsTask,1549376753,40,1,False
3,44,9hepnqd8,11,postexp,Results,1549376902,149,1,False
3,45,g6pdvyeq,1,tt,Instructions,1549375913,55,1,False
3,45,g6pdvyeq,2,tt,Task,1549375945,32,1,False
3,45,g6pdvyeq,3,tt,BeliefInstructions,1549375962,17,1,False
3,45,g6pdvyeq,4,tt,Beliefs,1549376014,52,1,False
3,45,g6pdvyeq,5,wordscra,Task,1549376301,287,1,False
3,45,g6pdvyeq,6,postexp,Risk,1549376311,10,1,False
3,45,g6pdvyeq,7,postexp,Pref1,1549376347,36,1,False
3,45,g6pdvyeq,8,postexp,Pref2,1549376376,29,1,False
3,45,g6pdvyeq,9,postexp,Demographics,1549376409,33,1,False
3,45,g6pdvyeq,10,postexp,ResultsTask,1549376422,13,1,False
3,45,g6pdvyeq,11,postexp,Results,1549376469,47,1,False
3,46,sqea6t5d,1,tt,Instructions,1549376434,98,1,False
3,46,sqea6t5d,2,tt,Task,1549376478,44,1,False
3,46,sqea6t5d,3,tt,BeliefInstructions,1549376513,35,1,False
3,46,sqea6t5d,4,tt,Beliefs,1549376575,62,1,False
3,46,sqea6t5d,5,wordscra,Task,1549376680,105,1,False
3,46,sqea6t5d,6,postexp,Risk,1549376697,17,1,False
3,46,sqea6t5d,7,postexp,Pref1,1549376774,77,1,False
3,46,sqea6t5d,8,postexp,Pref2,1549376814,40,1,False
3,46,sqea6t5d,9,postexp,Demographics,1549376862,48,1,False
3,46,sqea6t5d,10,postexp,ResultsTask,1549376870,8,1,False
3,46,sqea6t5d,11,postexp,Results,1549376938,68,1,False
3,50,clxc3hq1,1,tt,Instructions,1549381119,52,1,False
3,50,clxc3hq1,2,tt,Task,1549381168,49,1,False
3,50,clxc3hq1,3,tt,BeliefInstructions,1549381183,15,1,False
3,50,clxc3hq1,4,tt,Beliefs,1549381248,65,1,False
3,50,clxc3hq1,5,wordscra,Task,1549381289,41,1,False
3,50,clxc3hq1,6,postexp,Risk,1549381303,14,1,False
3,50,clxc3hq1,7,postexp,Pref1,1549381361,58,1,False
3,50,clxc3hq1,8,postexp,Pref2,1549381388,27,1,False
3,50,clxc3hq1,9,postexp,Demographics,1549381449,61,1,False
3,50,clxc3hq1,10,postexp,ResultsTask,1549381466,17,1,False
3,50,clxc3hq1,11,postexp,Results,1549381540,74,1,False
3,51,2vi2p1rr,1,tt,Instructions,1549381423,83,1,False
3,51,2vi2p1rr,2,tt,Task,1549381455,32,1,False
3,51,2vi2p1rr,3,tt,BeliefInstructions,1549381483,28,1,False
3,51,2vi2p1rr,4,tt,Beliefs,1549381534,51,1,False
3,51,2vi2p1rr,5,wordscra,Task,1549381658,124,1,False
3,51,2vi2p1rr,6,postexp,Risk,1549381671,13,1,False
3,51,2vi2p1rr,7,postexp,Pref1,1549381734,63,1,False
3,51,2vi2p1rr,8,postexp,Pref2,1549381766,32,1,False
3,51,2vi2p1rr,9,postexp,Demographics,1549381855,89,1,False
3,51,2vi2p1rr,10,postexp,ResultsTask,1549381886,31,1,False
3,51,2vi2p1rr,11,postexp,Results,1549381933,47,1,False
3,52,zumjeolz,1,tt,Instructions,1549382673,218,1,False
3,52,zumjeolz,2,tt,Task,1549382713,40,1,False
3,52,zumjeolz,3,tt,BeliefInstructions,1549382798,85,1,False
3,52,zumjeolz,4,tt,Beliefs,1549382868,70,1,False
3,52,zumjeolz,5,wordscra,Task,1549383246,378,1,False
3,52,zumjeolz,6,postexp,Risk,1549383262,16,1,False
3,52,zumjeolz,7,postexp,Pref1,1549383390,128,1,False
3,52,zumjeolz,8,postexp,Pref2,1549383447,57,1,False
3,52,zumjeolz,9,postexp,Demographics,1549383634,187,1,False
3,52,zumjeolz,10,postexp,ResultsTask,1549383651,17,1,False
3,52,zumjeolz,11,postexp,Results,1549383754,103,1,False
3,53,gzk9jxzn,1,tt,Instructions,1549385155,75,1,False
3,53,gzk9jxzn,2,tt,Task,1549385209,54,1,False
3,53,gzk9jxzn,3,tt,BeliefInstructions,1549385224,15,1,False
3,53,gzk9jxzn,4,tt,Beliefs,1549385277,53,1,False
3,53,gzk9jxzn,5,wordscra,Task,1549385436,159,1,False
3,53,gzk9jxzn,6,postexp,Risk,1549385452,16,1,False
3,53,gzk9jxzn,7,postexp,Pref1,1549385484,32,1,False
3,53,gzk9jxzn,8,postexp,Pref2,1549385490,6,1,False
3,53,gzk9jxzn,9,postexp,Demographics,1549385551,61,1,False
3,53,gzk9jxzn,10,postexp,ResultsTask,1549385575,24,1,False
3,53,gzk9jxzn,11,postexp,Results,1549385624,49,1,False
3,54,7d8w3922,1,tt,Instructions,1549386082,74,1,False
3,54,7d8w3922,2,tt,Task,1549386107,25,1,False
3,54,7d8w3922,3,tt,BeliefInstructions,1549386124,17,1,False
3,54,7d8w3922,4,tt,Beliefs,1549386168,44,1,False
3,54,7d8w3922,5,wordscra,Task,1549386454,286,1,False
3,54,7d8w3922,6,postexp,Risk,1549386471,17,1,False
3,54,7d8w3922,7,postexp,Pref1,1549386538,67,1,False
3,54,7d8w3922,8,postexp,Pref2,1549386670,132,1,False
3,54,7d8w3922,9,postexp,Demographics,1549386728,58,1,False
3,54,7d8w3922,10,postexp,ResultsTask,1549386735,7,1,False
3,54,7d8w3922,11,postexp,Results,1549386771,36,1,False
3,55,y2rwj4fj,1,tt,Instructions,1549447042,54340,1,False
3,55,y2rwj4fj,2,tt,Task,1549447115,73,1,False
3,55,y2rwj4fj,3,tt,BeliefInstructions,1549447134,19,1,False
3,55,y2rwj4fj,4,tt,Beliefs,1549447216,82,1,False
3,55,y2rwj4fj,5,wordscra,Task,1549447290,74,1,False
3,55,y2rwj4fj,6,postexp,Risk,1549447301,11,1,False
3,55,y2rwj4fj,7,postexp,Pref1,1549447348,47,1,False
3,55,y2rwj4fj,8,postexp,Pref2,1549447374,26,1,False
3,55,y2rwj4fj,9,postexp,Demographics,1549447479,105,1,False
3,55,y2rwj4fj,10,postexp,ResultsTask,1549447499,20,1,False
3,55,y2rwj4fj,11,postexp,Results,1549447549,50,1,False
3,56,61mjvw28,1,tt,Instructions,1549394673,106,1,False
3,56,61mjvw28,2,tt,Task,1549394900,227,1,False
3,56,61mjvw28,3,tt,BeliefInstructions,1549394953,53,1,False
3,56,61mjvw28,4,tt,Beliefs,1549395026,73,1,False
3,56,61mjvw28,5,wordscra,Task,1549395349,323,1,False
3,56,61mjvw28,6,postexp,Risk,1549395375,26,1,False
3,56,61mjvw28,7,postexp,Pref1,1549395479,104,1,False
3,56,61mjvw28,8,postexp,Pref2,1549395510,31,1,False
3,56,61mjvw28,9,postexp,Demographics,1549395565,55,1,False
3,56,61mjvw28,10,postexp,ResultsTask,1549395581,16,1,False
3,56,61mjvw28,11,postexp,Results,1549395661,80,1,False
3,59,ikj9omf9,1,tt,Instructions,1549396328,150,1,False
3,59,ikj9omf9,2,tt,Task,1549396391,63,1,False
3,59,ikj9omf9,3,tt,BeliefInstructions,1549396428,37,1,False
3,59,ikj9omf9,4,tt,Beliefs,1549396492,64,1,False
3,59,ikj9omf9,5,wordscra,Task,1549396729,237,1,False
3,59,ikj9omf9,6,postexp,Risk,1549396742,13,1,False
3,59,ikj9omf9,7,postexp,Pref1,1549396838,96,1,False
3,59,ikj9omf9,8,postexp,Pref2,1549396895,57,1,False
3,59,ikj9omf9,9,postexp,Demographics,1549396991,96,1,False
3,59,ikj9omf9,10,postexp,ResultsTask,1549397003,12,1,False
3,59,ikj9omf9,11,postexp,Results,1549397103,100,1,False
3,60,d22v44w2,1,tt,Instructions,1549397439,81,1,False
3,60,d22v44w2,2,tt,Task,1549397508,69,1,False
3,60,d22v44w2,3,tt,BeliefInstructions,1549397523,15,1,False
3,60,d22v44w2,4,tt,Beliefs,1549397569,46,1,False
3,60,d22v44w2,5,wordscra,Task,1549397689,120,1,False
3,60,d22v44w2,6,postexp,Risk,1549397706,17,1,False
3,60,d22v44w2,7,postexp,Pref1,1549397754,48,1,False
3,60,d22v44w2,8,postexp,Pref2,1549397783,29,1,False
3,60,d22v44w2,9,postexp,Demographics,1549397824,41,1,False
3,60,d22v44w2,10,postexp,ResultsTask,1549397831,7,1,False
3,60,d22v44w2,11,postexp,Results,1549397893,62,1,False
3,61,077azzzz,1,tt,Instructions,1549399967,56,1,False
3,61,077azzzz,2,tt,Task,1549400005,38,1,False
3,61,077azzzz,3,tt,BeliefInstructions,1549400014,9,1,False
3,61,077azzzz,4,tt,Beliefs,1549400082,68,1,False
3,61,077azzzz,5,wordscra,Task,1549400199,117,1,False
3,61,077azzzz,6,postexp,Risk,1549400218,19,1,False
3,61,077azzzz,7,postexp,Pref1,1549400261,43,1,False
3,61,077azzzz,8,postexp,Pref2,1549400292,31,1,False
3,61,077azzzz,9,postexp,Demographics,1549400350,58,1,False
3,61,077azzzz,10,postexp,ResultsTask,1549400360,10,1,False
3,61,077azzzz,11,postexp,Results,1549400704,344,1,False
3,62,aphmf75p,1,tt,Instructions,1549403973,98,1,False
3,62,aphmf75p,2,tt,Task,1549404060,87,1,False
3,62,aphmf75p,3,tt,BeliefInstructions,1549404076,16,1,False
3,62,aphmf75p,4,tt,Beliefs,1549404113,37,1,False
3,62,aphmf75p,5,wordscra,Task,1549404313,200,1,False
3,62,aphmf75p,6,postexp,Risk,1549404327,14,1,False
3,62,aphmf75p,7,postexp,Pref1,1549404387,60,1,False
3,62,aphmf75p,8,postexp,Pref2,1549404430,43,1,False
3,62,aphmf75p,9,postexp,Demographics,1549404485,55,1,False
3,62,aphmf75p,10,postexp,ResultsTask,1549404495,10,1,False
3,62,aphmf75p,11,postexp,Results,1549404717,222,1,False
3,63,grfazptg,1,tt,Instructions,1549445512,204,1,False
3,63,grfazptg,2,tt,Task,1549445551,39,1,False
3,63,grfazptg,3,tt,BeliefInstructions,1549445578,27,1,False
3,63,grfazptg,4,tt,Beliefs,1549445626,48,1,False
3,63,grfazptg,5,wordscra,Task,1549445848,222,1,False
3,63,grfazptg,6,postexp,Risk,1549445879,31,1,False
3,63,grfazptg,7,postexp,Pref1,1549445927,48,1,False
3,63,grfazptg,8,postexp,Pref2,1549445948,21,1,False
3,63,grfazptg,9,postexp,Demographics,1549446025,77,1,False
3,63,grfazptg,10,postexp,ResultsTask,1549446040,15,1,False
3,63,grfazptg,11,postexp,Results,1549446095,55,1,False
3,64,e4yluk7m,1,tt,Instructions,1549446093,73,1,False
3,64,e4yluk7m,2,tt,Task,1549446113,20,1,False
3,64,e4yluk7m,3,tt,BeliefInstructions,1549446128,15,1,False
3,64,e4yluk7m,4,tt,Beliefs,1549446163,35,1,False
3,64,e4yluk7m,5,wordscra,Task,1549446222,59,1,False
3,64,e4yluk7m,6,postexp,Risk,1549446229,7,1,False
3,64,e4yluk7m,7,postexp,Pref1,1549446260,31,1,False
3,64,e4yluk7m,8,postexp,Pref2,1549446281,21,1,False
3,64,e4yluk7m,9,postexp,Demographics,1549446367,86,1,False
3,64,e4yluk7m,10,postexp,ResultsTask,1549446375,8,1,False
3,64,e4yluk7m,11,postexp,Results,1549446529,154,1,False
3,66,iktw1b6c,1,tt,Instructions,1549446870,26,1,False
3,66,iktw1b6c,2,tt,Task,1549446911,41,1,False
3,66,iktw1b6c,3,tt,BeliefInstructions,1549446917,6,1,False
3,67,sene01jx,1,tt,Instructions,1549452151,345,1,False
3,67,sene01jx,2,tt,Task,1549452229,78,1,False
3,67,sene01jx,3,tt,BeliefInstructions,1549452240,11,1,False
3,67,sene01jx,4,tt,Beliefs,1549452267,27,1,False
3,67,sene01jx,5,wordscra,Task,1549452325,58,1,False
3,67,sene01jx,6,postexp,Risk,1549452330,5,1,False
3,67,sene01jx,7,postexp,Pref1,1549452340,10,1,False
3,67,sene01jx,8,postexp,Pref2,1549452348,8,1,False
3,67,sene01jx,9,postexp,Demographics,1549452376,28,1,False
3,67,sene01jx,10,postexp,ResultsTask,1549452387,11,1,False
3,67,sene01jx,11,postexp,Results,1549452413,26,1,False
3,68,6o1fxb50,1,tt,Instructions,1549457038,97,1,False
3,68,6o1fxb50,2,tt,Task,1549457095,57,1,False
3,68,6o1fxb50,3,tt,BeliefInstructions,1549457120,25,1,False
3,68,6o1fxb50,4,tt,Beliefs,1549457193,73,1,False
3,68,6o1fxb50,5,wordscra,Task,1549457583,390,1,False
3,68,6o1fxb50,6,postexp,Risk,1549457622,39,1,False
3,68,6o1fxb50,7,postexp,Pref1,1549457764,142,1,False
3,68,6o1fxb50,8,postexp,Pref2,1549457832,68,1,False
3,68,6o1fxb50,9,postexp,Demographics,1549458022,190,1,False
3,68,6o1fxb50,10,postexp,ResultsTask,1549458044,22,1,False
3,68,6o1fxb50,11,postexp,Results,1549458097,53,1,False
3,69,34s9xpbw,1,tt,Instructions,1549465676,241,1,False
3,69,34s9xpbw,2,tt,Task,1549465947,271,1,False
3,69,34s9xpbw,3,tt,BeliefInstructions,1549466069,122,1,False
3,69,34s9xpbw,4,tt,Beliefs,1549466564,495,1,False
3,69,34s9xpbw,5,wordscra,Task,1549467046,482,1,False
3,69,34s9xpbw,6,postexp,Risk,1549467085,39,1,False
3,69,34s9xpbw,7,postexp,Pref1,1549467218,133,1,False
3,69,34s9xpbw,8,postexp,Pref2,1549467523,305,1,False
3,69,34s9xpbw,9,postexp,Demographics,1549467744,221,1,False
3,69,34s9xpbw,10,postexp,ResultsTask,1549467774,30,1,False
3,69,34s9xpbw,11,postexp,Results,1549467859,85,1,False
3,70,ooomjtgt,1,tt,Instructions,1549467927,57,1,False
3,70,ooomjtgt,2,tt,Task,1549467976,49,1,False
3,70,ooomjtgt,3,tt,BeliefInstructions,1549468005,29,1,False
3,70,ooomjtgt,4,tt,Beliefs,1549468043,38,1,False
3,70,ooomjtgt,5,wordscra,Task,1549468099,56,1,False
3,70,ooomjtgt,6,postexp,Risk,1549468118,19,1,False
3,70,ooomjtgt,7,postexp,Pref1,1549468276,158,1,False
3,70,ooomjtgt,8,postexp,Pref2,1549468299,23,1,False
3,70,ooomjtgt,9,postexp,Demographics,1549468403,104,1,False
3,70,ooomjtgt,10,postexp,ResultsTask,1549468416,13,1,False
3,70,ooomjtgt,11,postexp,Results,1549468457,41,1,False
3,71,5yx5ye0x,1,tt,Instructions,1549481405,72,1,False
3,71,5yx5ye0x,2,tt,Task,1549481427,22,1,False
3,71,5yx5ye0x,3,tt,BeliefInstructions,1549481449,22,1,False
3,71,5yx5ye0x,4,tt,Beliefs,1549481496,47,1,False
3,71,5yx5ye0x,5,wordscra,Task,1549481589,93,1,False
3,71,5yx5ye0x,6,postexp,Risk,1549481598,9,1,False
3,71,5yx5ye0x,7,postexp,Pref1,1549481648,50,1,False
3,71,5yx5ye0x,8,postexp,Pref2,1549481673,25,1,False
3,71,5yx5ye0x,9,postexp,Demographics,1549481716,43,1,False
3,71,5yx5ye0x,10,postexp,ResultsTask,1549481725,9,1,False
3,71,5yx5ye0x,11,postexp,Results,1549481749,24,1,False
3,72,p3ii2qdm,1,tt,Instructions,1549515886,8,1,False
3,72,p3ii2qdm,2,tt,Task,1549515937,51,1,False
3,72,p3ii2qdm,3,tt,BeliefInstructions,1549515944,7,1,False
3,72,p3ii2qdm,4,tt,Beliefs,1549515985,41,1,False
3,72,p3ii2qdm,5,wordscra,Task,1549516039,54,1,False
3,72,p3ii2qdm,6,postexp,Risk,1549516052,13,1,False
3,72,p3ii2qdm,7,postexp,Pref1,1549516150,98,1,False
3,72,p3ii2qdm,8,postexp,Pref2,1549516164,14,1,False
3,72,p3ii2qdm,9,postexp,Demographics,1549516210,46,1,False
3,72,p3ii2qdm,10,postexp,ResultsTask,1549516222,12,1,False
3,72,p3ii2qdm,11,postexp,Results,1549516291,69,1,False
3,73,cimglip2,1,tt,Instructions,1549531009,141,1,False
3,73,cimglip2,2,tt,Task,1549531098,89,1,False
3,73,cimglip2,3,tt,BeliefInstructions,1549531203,105,1,False
3,73,cimglip2,4,tt,Beliefs,1549531312,109,1,False
3,73,cimglip2,5,wordscra,Task,1549531480,168,1,False
3,73,cimglip2,6,postexp,Risk,1549531502,22,1,False
3,73,cimglip2,7,postexp,Pref1,1549531709,207,1,False
3,73,cimglip2,8,postexp,Pref2,1549531814,105,1,False
3,73,cimglip2,9,postexp,Demographics,1549531908,94,1,False
3,73,cimglip2,10,postexp,ResultsTask,1549531918,10,1,False
3,73,cimglip2,11,postexp,Results,1549532041,123,1,False
3,74,jg65rkfs,1,tt,Instructions,1549535493,6,1,False
3,75,k1hjptcr,1,tt,Instructions,1549569432,304,1,False
3,75,k1hjptcr,2,tt,Task,1549569464,32,1,False
3,75,k1hjptcr,3,tt,BeliefInstructions,1549569482,18,1,False
3,75,k1hjptcr,4,tt,Beliefs,1549569516,34,1,False
3,75,k1hjptcr,5,wordscra,Task,1549569584,68,1,False
3,75,k1hjptcr,6,postexp,Risk,1549569596,12,1,False
3,75,k1hjptcr,7,postexp,Pref1,1549569642,46,1,False
3,75,k1hjptcr,8,postexp,Pref2,1549569674,32,1,False
3,75,k1hjptcr,9,postexp,Demographics,1549569869,195,1,False
3,75,k1hjptcr,10,postexp,ResultsTask,1549569879,10,1,False
3,75,k1hjptcr,11,postexp,Results,1549570182,303,1,False
3,76,a303o8n7,1,tt,Instructions,1549569734,518,1,False
3,76,a303o8n7,2,tt,Task,1549569868,134,1,False
3,76,a303o8n7,3,tt,BeliefInstructions,1549569905,37,1,False
3,76,a303o8n7,4,tt,Beliefs,1549569981,76,1,False
3,76,a303o8n7,5,wordscra,Task,1549570095,114,1,False
3,76,a303o8n7,6,postexp,Risk,1549570125,30,1,False
3,76,a303o8n7,7,postexp,Pref1,1549570264,139,1,False
3,76,a303o8n7,8,postexp,Pref2,1549570320,56,1,False
3,76,a303o8n7,9,postexp,Demographics,1549570490,170,1,False
3,76,a303o8n7,10,postexp,ResultsTask,1549570525,35,1,False
3,76,a303o8n7,11,postexp,Results,1549570586,61,1,False
3,79,85ugzr13,1,tt,Instructions,1549616402,23,1,False
3,79,85ugzr13,2,tt,Task,1549616450,48,1,False
3,79,85ugzr13,3,tt,BeliefInstructions,1549616461,11,1,False
3,79,85ugzr13,4,tt,Beliefs,1549616508,47,1,False
3,79,85ugzr13,5,wordscra,Task,1549617615,1107,1,False
3,79,85ugzr13,6,postexp,Risk,1549617628,13,1,False
3,79,85ugzr13,7,postexp,Pref1,1549617688,60,1,False
3,79,85ugzr13,8,postexp,Pref2,1549617713,25,1,False
3,79,85ugzr13,9,postexp,Demographics,1549617758,45,1,False
3,79,85ugzr13,10,postexp,ResultsTask,1549617770,12,1,False
3,79,85ugzr13,11,postexp,Results,1549617817,47,1,False
3,80,xebl6ih4,1,tt,Instructions,1549619870,103,1,False
3,80,xebl6ih4,2,tt,Task,1549619984,114,1,False
3,80,xebl6ih4,3,tt,BeliefInstructions,1549620006,22,1,False
3,80,xebl6ih4,4,tt,Beliefs,1549620163,157,1,False
3,80,xebl6ih4,5,wordscra,Task,1549620289,126,1,False
3,80,xebl6ih4,6,postexp,Risk,1549620317,28,1,False
3,80,xebl6ih4,7,postexp,Pref1,1549620385,68,1,False
3,80,xebl6ih4,8,postexp,Pref2,1549620427,42,1,False
3,80,xebl6ih4,9,postexp,Demographics,1549620516,89,1,False
3,80,xebl6ih4,10,postexp,ResultsTask,1549620529,13,1,False
3,80,xebl6ih4,11,postexp,Results,1549620575,46,1,False
3,82,dyzbga6t,1,tt,Instructions,1549631045,11,1,False
3,84,43qh13qz,1,tt,Instructions,1549640601,90,1,False
3,84,43qh13qz,2,tt,Task,1549640645,44,1,False
3,84,43qh13qz,3,tt,BeliefInstructions,1549640661,16,1,False
3,84,43qh13qz,4,tt,Beliefs,1549640689,28,1,False
3,84,43qh13qz,5,wordscra,Task,1549640837,148,1,False
3,84,43qh13qz,6,postexp,Risk,1549640857,20,1,False
3,84,43qh13qz,7,postexp,Pref1,1549640897,40,1,False
3,84,43qh13qz,8,postexp,Pref2,1549640920,23,1,False
3,84,43qh13qz,9,postexp,Demographics,1549640956,36,1,False
3,84,43qh13qz,10,postexp,ResultsTask,1549640965,9,1,False
3,84,43qh13qz,11,postexp,Results,1549640988,23,1,False
3,85,63sf0btt,1,tt,Instructions,1549653384,686,1,False
3,85,63sf0btt,2,tt,Task,1549653577,193,1,False
3,85,63sf0btt,3,tt,BeliefInstructions,1549653627,50,1,False
3,85,63sf0btt,4,tt,Beliefs,1549653689,62,1,False
3,85,63sf0btt,5,wordscra,Task,1549653770,81,1,False
3,85,63sf0btt,6,postexp,Risk,1549653794,24,1,False
3,85,63sf0btt,7,postexp,Pref1,1549653902,108,1,False
3,85,63sf0btt,8,postexp,Pref2,1549653946,44,1,False
3,85,63sf0btt,9,postexp,Demographics,1549654061,115,1,False
3,85,63sf0btt,10,postexp,ResultsTask,1549654087,26,1,False
3,85,63sf0btt,11,postexp,Results,1549654162,75,1,False
3,86,z62jhq7u,1,tt,Instructions,1549711679,76,1,False
3,86,z62jhq7u,2,tt,Task,1549711773,94,1,False
3,86,z62jhq7u,3,tt,BeliefInstructions,1549711794,21,1,False
3,86,z62jhq7u,4,tt,Beliefs,1549711875,81,1,False
3,86,z62jhq7u,5,wordscra,Task,1549712018,143,1,False
3,86,z62jhq7u,6,postexp,Risk,1549712040,22,1,False
3,86,z62jhq7u,7,postexp,Pref1,1549712117,77,1,False
3,86,z62jhq7u,8,postexp,Pref2,1549712172,55,1,False
3,86,z62jhq7u,9,postexp,Demographics,1549712259,87,1,False
3,86,z62jhq7u,10,postexp,ResultsTask,1549712276,17,1,False
3,86,z62jhq7u,11,postexp,Results,1549712331,55,1,False
3,89,ulajy2sx,1,tt,Instructions,1549738613,35,1,False
3,89,ulajy2sx,2,tt,Task,1549738684,71,1,False
3,89,ulajy2sx,3,tt,BeliefInstructions,1549738710,26,1,False
3,89,ulajy2sx,4,tt,Beliefs,1549738774,64,1,False
3,89,ulajy2sx,5,wordscra,Task,1549738875,101,1,False
3,89,ulajy2sx,6,postexp,Risk,1549738898,23,1,False
3,89,ulajy2sx,7,postexp,Pref1,1549738958,60,1,False
3,89,ulajy2sx,8,postexp,Pref2,1549739000,42,1,False
3,89,ulajy2sx,9,postexp,Demographics,1549739086,86,1,False
3,89,ulajy2sx,10,postexp,ResultsTask,1549739100,14,1,False
3,89,ulajy2sx,11,postexp,Results,1549739294,194,1,False
3,90,qgse8abn,1,tt,Instructions,1549795978,144,1,False
3,90,qgse8abn,2,tt,Task,1549796011,33,1,False
3,90,qgse8abn,3,tt,BeliefInstructions,1549796037,26,1,False
3,90,qgse8abn,4,tt,Beliefs,1549796113,76,1,False
3,90,qgse8abn,5,wordscra,Task,1549796260,147,1,False
3,90,qgse8abn,6,postexp,Risk,1549796276,16,1,False
3,90,qgse8abn,7,postexp,Pref1,1549796327,51,1,False
3,90,qgse8abn,8,postexp,Pref2,1549796363,36,1,False
3,90,qgse8abn,9,postexp,Demographics,1549796435,72,1,False
3,90,qgse8abn,10,postexp,ResultsTask,1549796450,15,1,False
3,90,qgse8abn,11,postexp,Results,1549796488,38,1,False
3,91,xxac8n0k,1,tt,Instructions,1549811703,67,1,False
3,91,xxac8n0k,2,tt,Task,1549811754,51,1,False
3,91,xxac8n0k,3,tt,BeliefInstructions,1549811773,19,1,False
3,91,xxac8n0k,4,tt,Beliefs,1549811805,32,1,False
3,91,xxac8n0k,5,wordscra,Task,1549812058,253,1,False
3,91,xxac8n0k,6,postexp,Risk,1549812072,14,1,False
3,91,xxac8n0k,7,postexp,Pref1,1549812125,53,1,False
3,91,xxac8n0k,8,postexp,Pref2,1549812162,37,1,False
3,91,xxac8n0k,9,postexp,Demographics,1549812214,52,1,False
3,91,xxac8n0k,10,postexp,ResultsTask,1549812222,8,1,False
3,91,xxac8n0k,11,postexp,Results,1549812347,125,1,False
3,92,0p7xx8jk,1,tt,Instructions,1549815159,57,1,False
3,92,0p7xx8jk,2,tt,Task,1549815286,127,1,False
3,92,0p7xx8jk,3,tt,BeliefInstructions,1549815345,59,1,False
3,92,0p7xx8jk,4,tt,Beliefs,1549815421,76,1,False
3,92,0p7xx8jk,5,wordscra,Task,1549815651,230,1,False
3,92,0p7xx8jk,6,postexp,Risk,1549815667,16,1,False
3,92,0p7xx8jk,7,postexp,Pref1,1549815722,55,1,False
3,92,0p7xx8jk,8,postexp,Pref2,1549815742,20,1,False
3,92,0p7xx8jk,9,postexp,Demographics,1549815787,45,1,False
3,92,0p7xx8jk,10,postexp,ResultsTask,1549815796,9,1,False
3,92,0p7xx8jk,11,postexp,Results,1549815949,153,1,False
3,93,sfoeehlr,1,tt,Instructions,1549824285,268,1,False
3,93,sfoeehlr,2,tt,Task,1549824327,42,1,False
3,93,sfoeehlr,3,tt,BeliefInstructions,1549824359,32,1,False
3,93,sfoeehlr,4,tt,Beliefs,1549824385,26,1,False
3,93,sfoeehlr,5,wordscra,Task,1549824492,107,1,False
3,93,sfoeehlr,6,postexp,Risk,1549824511,19,1,False
3,93,sfoeehlr,7,postexp,Pref1,1549824634,123,1,False
3,93,sfoeehlr,8,postexp,Pref2,1549824683,49,1,False
3,93,sfoeehlr,9,postexp,Demographics,1549824751,68,1,False
3,93,sfoeehlr,10,postexp,ResultsTask,1549824766,15,1,False
3,93,sfoeehlr,11,postexp,Results,1549824886,120,1,False
3,94,56i8uhza,1,tt,Instructions,1549888467,142,1,False
3,94,56i8uhza,2,tt,Task,1549888531,64,1,False
3,94,56i8uhza,3,tt,BeliefInstructions,1549888562,31,1,False
3,94,56i8uhza,4,tt,Beliefs,1549888615,53,1,False
3,94,56i8uhza,5,wordscra,Task,1549888801,186,1,False
3,94,56i8uhza,6,postexp,Risk,1549888822,21,1,False
3,94,56i8uhza,7,postexp,Pref1,1549888934,112,1,False
3,94,56i8uhza,8,postexp,Pref2,1549888979,45,1,False
3,94,56i8uhza,9,postexp,Demographics,1549889128,149,1,False
3,94,56i8uhza,10,postexp,ResultsTask,1549889151,23,1,False
3,94,56i8uhza,11,postexp,Results,1549889258,107,1,False
3,96,qw0p9cl7,1,tt,Instructions,1549890700,25,1,False
3,96,qw0p9cl7,2,tt,Task,1549890790,90,1,False
3,96,qw0p9cl7,3,tt,BeliefInstructions,1549890802,12,1,False
3,97,ycuuv036,1,tt,Instructions,1550032948,123,1,False
3,97,ycuuv036,2,tt,Task,1550032983,35,1,False
3,97,ycuuv036,3,tt,BeliefInstructions,1550033005,22,1,False
3,97,ycuuv036,4,tt,Beliefs,1550033032,27,1,False
3,97,ycuuv036,5,wordscra,Task,1550033082,50,1,False
3,97,ycuuv036,6,postexp,Risk,1550033100,18,1,False
3,97,ycuuv036,7,postexp,Pref1,1550033184,84,1,False
3,97,ycuuv036,8,postexp,Pref2,1550033219,35,1,False
3,97,ycuuv036,9,postexp,Demographics,1550033276,57,1,False
3,97,ycuuv036,10,postexp,ResultsTask,1550033287,11,1,False
3,97,ycuuv036,11,postexp,Results,1550033330,43,1,False
3,98,c8cusuul,1,tt,Instructions,1550048805,95,1,False
3,98,c8cusuul,2,tt,Task,1550048837,32,1,False
3,98,c8cusuul,3,tt,BeliefInstructions,1550048856,19,1,False
3,98,c8cusuul,4,tt,Beliefs,1550048893,37,1,False
3,98,c8cusuul,5,wordscra,Task,1550049124,231,1,False
3,98,c8cusuul,6,postexp,Risk,1550049137,13,1,False
3,98,c8cusuul,7,postexp,Pref1,1550049223,86,1,False
3,98,c8cusuul,8,postexp,Pref2,1550049265,42,1,False
3,98,c8cusuul,9,postexp,Demographics,1550049398,133,1,False
3,98,c8cusuul,10,postexp,ResultsTask,1550049419,21,1,False
3,98,c8cusuul,11,postexp,Results,1550049482,63,1,False
3,100,zet1v3uf,1,tt,Instructions,1550153901,84,1,False
3,100,zet1v3uf,2,tt,Task,1550154060,159,1,False
3,100,zet1v3uf,3,tt,BeliefInstructions,1550154084,24,1,False
3,100,zet1v3uf,4,tt,Beliefs,1550154156,72,1,False
3,100,zet1v3uf,5,wordscra,Task,1550154309,153,1,False
3,100,zet1v3uf,6,postexp,Risk,1550154336,27,1,False
3,100,zet1v3uf,7,postexp,Pref1,1550154477,141,1,False
3,100,zet1v3uf,8,postexp,Pref2,1550154542,65,1,False
3,100,zet1v3uf,9,postexp,Demographics,1550154628,86,1,False
3,100,zet1v3uf,10,postexp,ResultsTask,1550154644,16,1,False
3,100,zet1v3uf,11,postexp,Results,1550154762,118,1,False
3,103,doh0ko09,1,tt,Instructions,1550493551,7,1,False
3,110,eb7osoxk,1,tt,Instructions,1550508070,34,1,False
3,111,zppmx684,1,tt,Instructions,1550508182,102,1,False
3,112,263o71dk,1,tt,Instructions,1550508783,588,1,False
3,112,263o71dk,2,tt,Task,1550508827,44,1,False
3,112,263o71dk,3,tt,BeliefInstructions,1550508881,54,1,False
3,112,263o71dk,4,tt,Beliefs,1550508966,85,1,False
3,112,263o71dk,5,wordscra,Task,1550509071,105,1,False
3,112,263o71dk,6,postexp,Risk,1550509087,16,1,False
3,112,263o71dk,7,postexp,Pref1,1550509167,80,1,False
3,112,263o71dk,8,postexp,Pref2,1550509222,55,1,False
3,112,263o71dk,9,postexp,Demographics,1550509298,76,1,False
3,112,263o71dk,10,postexp,ResultsTask,1550509317,19,1,False
3,112,263o71dk,11,postexp,Results,1550509396,79,1,False
3,113,dpg4z6b1,1,tt,Instructions,1550508381,47,1,False
3,113,dpg4z6b1,2,tt,Task,1550508390,9,1,False
3,113,dpg4z6b1,3,tt,BeliefInstructions,1550508422,32,1,False
3,113,dpg4z6b1,4,tt,Beliefs,1550508458,36,1,False
3,113,dpg4z6b1,5,wordscra,Task,1550508598,140,1,False
3,113,dpg4z6b1,6,postexp,Risk,1550508624,26,1,False
3,113,dpg4z6b1,7,postexp,Pref1,1550508692,68,1,False
3,113,dpg4z6b1,8,postexp,Pref2,1550508720,28,1,False
3,113,dpg4z6b1,9,postexp,Demographics,1550508952,232,1,False
3,113,dpg4z6b1,10,postexp,ResultsTask,1550508961,9,1,False
3,113,dpg4z6b1,11,postexp,Results,1550508996,35,1,False
3,115,8ditpurj,1,tt,Instructions,1550508842,58,1,False
3,115,8ditpurj,2,tt,Task,1550508866,24,1,False
3,115,8ditpurj,3,tt,BeliefInstructions,1550508897,31,1,False
3,115,8ditpurj,4,tt,Beliefs,1550508927,30,1,False
3,115,8ditpurj,5,wordscra,Task,1550509030,103,1,False
3,115,8ditpurj,6,postexp,Risk,1550509041,11,1,False
3,115,8ditpurj,7,postexp,Pref1,1550509100,59,1,False
3,115,8ditpurj,8,postexp,Pref2,1550509131,31,1,False
3,115,8ditpurj,9,postexp,Demographics,1550509181,50,1,False
3,115,8ditpurj,10,postexp,ResultsTask,1550509187,6,1,False
3,115,8ditpurj,11,postexp,Results,1550509225,38,1,False
3,116,be6t36xp,1,tt,Instructions,1550508839,52,1,False
3,116,be6t36xp,2,tt,Task,1550508910,71,1,False
3,116,be6t36xp,3,tt,BeliefInstructions,1550508924,14,1,False
3,116,be6t36xp,4,tt,Beliefs,1550508992,68,1,False
3,116,be6t36xp,5,wordscra,Task,1550509195,203,1,False
3,116,be6t36xp,6,postexp,Risk,1550509218,23,1,False
3,116,be6t36xp,7,postexp,Pref1,1550509655,437,1,False
3,116,be6t36xp,8,postexp,Pref2,1550509682,27,1,False
3,116,be6t36xp,9,postexp,Demographics,1550509748,66,1,False
3,116,be6t36xp,10,postexp,ResultsTask,1550509760,12,1,False
3,116,be6t36xp,11,postexp,Results,1550509795,35,1,False
3,117,8tyw9900,1,tt,Instructions,1550509342,144,1,False
3,119,nvwm0zp8,1,tt,Instructions,1550509543,126,1,False
3,119,nvwm0zp8,2,tt,Task,1550509693,150,1,False
3,119,nvwm0zp8,3,tt,BeliefInstructions,1550509722,29,1,False
3,119,nvwm0zp8,4,tt,Beliefs,1550509785,63,1,False
3,119,nvwm0zp8,5,wordscra,Task,1550510288,503,1,False
3,119,nvwm0zp8,6,postexp,Risk,1550510321,33,1,False
3,119,nvwm0zp8,7,postexp,Pref1,1550510407,86,1,False
3,119,nvwm0zp8,8,postexp,Pref2,1550510451,44,1,False
3,119,nvwm0zp8,9,postexp,Demographics,1550510564,113,1,False
3,119,nvwm0zp8,10,postexp,ResultsTask,1550510579,15,1,False
3,119,nvwm0zp8,11,postexp,Results,1550510672,93,1,False
3,122,vizf1dlt,1,tt,Instructions,1550510304,146,1,False
3,122,vizf1dlt,2,tt,Task,1550510359,55,1,False
3,122,vizf1dlt,3,tt,BeliefInstructions,1550510379,20,1,False
3,122,vizf1dlt,4,tt,Beliefs,1550510413,34,1,False
3,122,vizf1dlt,5,wordscra,Task,1550510494,81,1,False
3,122,vizf1dlt,6,postexp,Risk,1550510512,18,1,False
3,122,vizf1dlt,7,postexp,Pref1,1550510558,46,1,False
3,122,vizf1dlt,8,postexp,Pref2,1550510582,24,1,False
3,122,vizf1dlt,9,postexp,Demographics,1550510639,57,1,False
3,122,vizf1dlt,10,postexp,ResultsTask,1550510645,6,1,False
3,122,vizf1dlt,11,postexp,Results,1550510720,75,1,False
3,123,ihg7rwy1,1,tt,Instructions,1550510457,58,1,False
3,123,ihg7rwy1,2,tt,Task,1550510487,30,1,False
3,123,ihg7rwy1,3,tt,BeliefInstructions,1550510497,10,1,False
3,123,ihg7rwy1,4,tt,Beliefs,1550510571,74,1,False
3,123,ihg7rwy1,5,wordscra,Task,1550510911,340,1,False
3,123,ihg7rwy1,6,postexp,Risk,1550510925,14,1,False
3,123,ihg7rwy1,7,postexp,Pref1,1550510971,46,1,False
3,123,ihg7rwy1,8,postexp,Pref2,1550511000,29,1,False
3,123,ihg7rwy1,9,postexp,Demographics,1550511045,45,1,False
3,123,ihg7rwy1,10,postexp,ResultsTask,1550511065,20,1,False
3,123,ihg7rwy1,11,postexp,Results,1550511108,43,1,False
3,127,g2tj1ikl,1,tt,Instructions,1550511867,62,1,False
3,127,g2tj1ikl,2,tt,Task,1550512012,145,1,False
3,127,g2tj1ikl,3,tt,BeliefInstructions,1550512027,15,1,False
3,127,g2tj1ikl,4,tt,Beliefs,1550512107,80,1,False
3,127,g2tj1ikl,5,wordscra,Task,1550512197,90,1,False
3,127,g2tj1ikl,6,postexp,Risk,1550512211,14,1,False
3,127,g2tj1ikl,7,postexp,Pref1,1550512424,213,1,False
3,127,g2tj1ikl,8,postexp,Pref2,1550512451,27,1,False
3,127,g2tj1ikl,9,postexp,Demographics,1550512558,107,1,False
3,127,g2tj1ikl,10,postexp,ResultsTask,1550512569,11,1,False
3,127,g2tj1ikl,11,postexp,Results,1550512629,60,1,False
3,130,78ws2dg1,1,tt,Instructions,1550514789,100,1,False
3,130,78ws2dg1,2,tt,Task,1550514845,56,1,False
3,130,78ws2dg1,3,tt,BeliefInstructions,1550514888,43,1,False
3,130,78ws2dg1,4,tt,Beliefs,1550514934,46,1,False
3,130,78ws2dg1,5,wordscra,Task,1550515022,88,1,False
3,130,78ws2dg1,6,postexp,Risk,1550515035,13,1,False
3,130,78ws2dg1,7,postexp,Pref1,1550515100,65,1,False
3,130,78ws2dg1,8,postexp,Pref2,1550515133,33,1,False
3,130,78ws2dg1,9,postexp,Demographics,1550515259,126,1,False
3,130,78ws2dg1,10,postexp,ResultsTask,1550515279,20,1,False
3,130,78ws2dg1,11,postexp,Results,1550515372,93,1,False
3,133,cf2khldg,1,tt,Instructions,1550522428,48,1,False
3,133,cf2khldg,2,tt,Task,1550522496,68,1,False
3,133,cf2khldg,3,tt,BeliefInstructions,1550522519,23,1,False
3,133,cf2khldg,4,tt,Beliefs,1550522549,30,1,False
3,133,cf2khldg,5,wordscra,Task,1550522772,223,1,False
3,133,cf2khldg,6,postexp,Risk,1550522783,11,1,False
3,133,cf2khldg,7,postexp,Pref1,1550522821,38,1,False
3,133,cf2khldg,8,postexp,Pref2,1550522849,28,1,False
3,133,cf2khldg,9,postexp,Demographics,1550522905,56,1,False
3,133,cf2khldg,10,postexp,ResultsTask,1550522913,8,1,False
3,133,cf2khldg,11,postexp,Results,1550522942,29,1,False
3,134,h26ahz7h,1,tt,Instructions,1550522565,47,1,False
3,134,h26ahz7h,2,tt,Task,1550522679,114,1,False
3,134,h26ahz7h,3,tt,BeliefInstructions,1550522695,16,1,False
3,134,h26ahz7h,4,tt,Beliefs,1550522760,65,1,False
3,134,h26ahz7h,5,wordscra,Task,1550522840,80,1,False
3,134,h26ahz7h,6,postexp,Risk,1550522850,10,1,False
3,134,h26ahz7h,7,postexp,Pref1,1550522890,40,1,False
3,134,h26ahz7h,8,postexp,Pref2,1550522915,25,1,False
3,134,h26ahz7h,9,postexp,Demographics,1550522960,45,1,False
3,134,h26ahz7h,10,postexp,ResultsTask,1550522970,10,1,False
3,134,h26ahz7h,11,postexp,Results,1550523023,53,1,False
3,135,1iv9aaod,1,tt,Instructions,1550523161,171,1,False
3,135,1iv9aaod,2,tt,Task,1550523196,35,1,False
3,135,1iv9aaod,3,tt,BeliefInstructions,1550523219,23,1,False
3,135,1iv9aaod,4,tt,Beliefs,1550523241,22,1,False
3,135,1iv9aaod,5,wordscra,Task,1550523388,147,1,False
3,135,1iv9aaod,6,postexp,Risk,1550523399,11,1,False
3,135,1iv9aaod,7,postexp,Pref1,1550523463,64,1,False
3,135,1iv9aaod,8,postexp,Pref2,1550523502,39,1,False
3,135,1iv9aaod,9,postexp,Demographics,1550523559,57,1,False
3,135,1iv9aaod,10,postexp,ResultsTask,1550523571,12,1,False
3,135,1iv9aaod,11,postexp,Results,1550523884,313,1,False
3,137,96kaszgx,1,tt,Instructions,1550528558,107,1,False
3,137,96kaszgx,2,tt,Task,1550528624,66,1,False
3,137,96kaszgx,3,tt,BeliefInstructions,1550528652,28,1,False
3,137,96kaszgx,4,tt,Beliefs,1550528723,71,1,False
3,137,96kaszgx,5,wordscra,Task,1550528870,147,1,False
3,137,96kaszgx,6,postexp,Risk,1550528882,12,1,False
3,137,96kaszgx,7,postexp,Pref1,1550528951,69,1,False
3,137,96kaszgx,8,postexp,Pref2,1550528983,32,1,False
3,137,96kaszgx,9,postexp,Demographics,1550529082,99,1,False
3,137,96kaszgx,10,postexp,ResultsTask,1550529117,35,1,False
3,137,96kaszgx,11,postexp,Results,1550529239,122,1,False
3,138,vavpdcwm,1,tt,Instructions,1550577156,18670,1,False
3,138,vavpdcwm,2,tt,Task,1550577260,104,1,False
3,138,vavpdcwm,3,tt,BeliefInstructions,1550577273,13,1,False
3,139,ntee8geq,1,tt,Instructions,1550559902,113,1,False
3,139,ntee8geq,2,tt,Task,1550559950,48,1,False
3,139,ntee8geq,3,tt,BeliefInstructions,1550559982,32,1,False
3,139,ntee8geq,4,tt,Beliefs,1550560019,37,1,False
3,139,ntee8geq,5,wordscra,Task,1550560106,87,1,False
3,139,ntee8geq,6,postexp,Risk,1550560117,11,1,False
3,139,ntee8geq,7,postexp,Pref1,1550560207,90,1,False
3,139,ntee8geq,8,postexp,Pref2,1550560241,34,1,False
3,139,ntee8geq,9,postexp,Demographics,1550560310,69,1,False
3,139,ntee8geq,10,postexp,ResultsTask,1550560319,9,1,False
3,139,ntee8geq,11,postexp,Results,1550560353,34,1,False
3,140,otta20x7,1,tt,Instructions,1550559962,77,1,False
3,140,otta20x7,2,tt,Task,1550560925,963,1,False
3,140,otta20x7,3,tt,BeliefInstructions,1550560944,19,1,False
3,140,otta20x7,4,tt,Beliefs,1550561006,62,1,False
3,140,otta20x7,5,wordscra,Task,1550561096,90,1,False
3,140,otta20x7,6,postexp,Risk,1550561113,17,1,False
3,140,otta20x7,7,postexp,Pref1,1550561168,55,1,False
3,140,otta20x7,8,postexp,Pref2,1550561188,20,1,False
3,140,otta20x7,9,postexp,Demographics,1550561242,54,1,False
3,140,otta20x7,10,postexp,ResultsTask,1550561252,10,1,False
3,140,otta20x7,11,postexp,Results,1550561286,34,1,False
3,141,b0yxr15g,1,tt,Instructions,1550560284,60,1,False
3,141,b0yxr15g,2,tt,Task,1550560355,71,1,False
3,141,b0yxr15g,3,tt,BeliefInstructions,1550560394,39,1,False
3,141,b0yxr15g,4,tt,Beliefs,1550560514,120,1,False
3,141,b0yxr15g,5,wordscra,Task,1550560715,201,1,False
3,141,b0yxr15g,6,postexp,Risk,1550560734,19,1,False
3,141,b0yxr15g,7,postexp,Pref1,1550560827,93,1,False
3,141,b0yxr15g,8,postexp,Pref2,1550560874,47,1,False
3,141,b0yxr15g,9,postexp,Demographics,1550561026,152,1,False
3,141,b0yxr15g,10,postexp,ResultsTask,1550561044,18,1,False
3,141,b0yxr15g,11,postexp,Results,1550561087,43,1,False
3,142,xk6czppd,1,tt,Instructions,1550560871,85,1,False
3,142,xk6czppd,2,tt,Task,1550560903,32,1,False
3,142,xk6czppd,3,tt,BeliefInstructions,1550560944,41,1,False
3,142,xk6czppd,4,tt,Beliefs,1550560998,54,1,False
3,142,xk6czppd,5,wordscra,Task,1550561108,110,1,False
3,142,xk6czppd,6,postexp,Risk,1550561122,14,1,False
3,142,xk6czppd,7,postexp,Pref1,1550561176,54,1,False
3,142,xk6czppd,8,postexp,Pref2,1550561209,33,1,False
3,142,xk6czppd,9,postexp,Demographics,1550561260,51,1,False
3,142,xk6czppd,10,postexp,ResultsTask,1550561284,24,1,False
3,142,xk6czppd,11,postexp,Results,1550561303,19,1,False
3,143,6vd2be4j,1,tt,Instructions,1550561006,68,1,False
3,143,6vd2be4j,2,tt,Task,1550561231,225,1,False
3,143,6vd2be4j,3,tt,BeliefInstructions,1550561254,23,1,False
3,143,6vd2be4j,4,tt,Beliefs,1550561292,38,1,False
3,143,6vd2be4j,5,wordscra,Task,1550561380,88,1,False
3,143,6vd2be4j,6,postexp,Risk,1550561397,17,1,False
3,143,6vd2be4j,7,postexp,Pref1,1550561446,49,1,False
3,143,6vd2be4j,8,postexp,Pref2,1550561476,30,1,False
3,143,6vd2be4j,9,postexp,Demographics,1550561603,127,1,False
3,143,6vd2be4j,10,postexp,ResultsTask,1550561686,83,1,False
3,143,6vd2be4j,11,postexp,Results,1550561771,85,1,False
3,144,mhptr0yc,1,tt,Instructions,1550561321,101,1,False
3,144,mhptr0yc,2,tt,Task,1550561354,33,1,False
3,144,mhptr0yc,3,tt,BeliefInstructions,1550561368,14,1,False
3,144,mhptr0yc,4,tt,Beliefs,1550561406,38,1,False
3,144,mhptr0yc,5,wordscra,Task,1550561500,94,1,False
3,144,mhptr0yc,6,postexp,Risk,1550561522,22,1,False
3,144,mhptr0yc,7,postexp,Pref1,1550561573,51,1,False
3,144,mhptr0yc,8,postexp,Pref2,1550561598,25,1,False
3,144,mhptr0yc,9,postexp,Demographics,1550561645,47,1,False
3,144,mhptr0yc,10,postexp,ResultsTask,1550561672,27,1,False
3,144,mhptr0yc,11,postexp,Results,1550561687,15,1,False
3,145,mxze3crp,1,tt,Instructions,1550561384,72,1,False
3,145,mxze3crp,2,tt,Task,1550561414,30,1,False
3,145,mxze3crp,3,tt,BeliefInstructions,1550561438,24,1,False
3,145,mxze3crp,4,tt,Beliefs,1550561455,17,1,False
3,145,mxze3crp,5,wordscra,Task,1550561491,36,1,False
3,145,mxze3crp,6,postexp,Risk,1550561503,12,1,False
3,145,mxze3crp,7,postexp,Pref1,1550561541,38,1,False
3,145,mxze3crp,8,postexp,Pref2,1550561576,35,1,False
3,145,mxze3crp,9,postexp,Demographics,1550561612,36,1,False
3,145,mxze3crp,10,postexp,ResultsTask,1550561620,8,1,False
3,145,mxze3crp,11,postexp,Results,1550561650,30,1,False
3,146,xuecfaz8,1,tt,Instructions,1550561658,17,1,False
3,146,xuecfaz8,2,tt,Task,1550561701,43,1,False
3,146,xuecfaz8,3,tt,BeliefInstructions,1550561715,14,1,False
3,146,xuecfaz8,4,tt,Beliefs,1550561748,33,1,False
3,146,xuecfaz8,5,wordscra,Task,1550561816,68,1,False
3,146,xuecfaz8,6,postexp,Risk,1550561825,9,1,False
3,146,xuecfaz8,7,postexp,Pref1,1550561843,18,1,False
3,146,xuecfaz8,8,postexp,Pref2,1550561858,15,1,False
3,146,xuecfaz8,9,postexp,Demographics,1550561882,24,1,False
3,146,xuecfaz8,10,postexp,ResultsTask,1550561896,14,1,False
3,146,xuecfaz8,11,postexp,Results,1550561918,22,1,False
3,147,4ztfamza,1,tt,Instructions,1550561769,11,1,False
3,147,4ztfamza,2,tt,Task,1550561776,7,1,False
3,147,4ztfamza,3,tt,BeliefInstructions,1550561779,3,1,False
3,147,4ztfamza,4,tt,Beliefs,1550561827,48,1,False
3,147,4ztfamza,5,wordscra,Task,1550561882,55,1,False
3,147,4ztfamza,6,postexp,Risk,1550561891,9,1,False
3,147,4ztfamza,7,postexp,Pref1,1550561918,27,1,False
3,147,4ztfamza,8,postexp,Pref2,1550561943,25,1,False
3,147,4ztfamza,9,postexp,Demographics,1550561969,26,1,False
3,147,4ztfamza,10,postexp,ResultsTask,1550561972,3,1,False
3,147,4ztfamza,11,postexp,Results,1550561977,5,1,False
3,149,goaa4kkk,1,tt,Instructions,1550562865,8,1,False
3,149,goaa4kkk,2,tt,Task,1550562877,12,1,False
3,149,goaa4kkk,3,tt,BeliefInstructions,1550562880,3,1,False
3,149,goaa4kkk,4,tt,Beliefs,1550562895,15,1,False
3,149,goaa4kkk,5,wordscra,Task,1550563085,190,1,False
3,149,goaa4kkk,6,postexp,Risk,1550563093,8,1,False
3,149,goaa4kkk,7,postexp,Pref1,1550563105,12,1,False
3,149,goaa4kkk,8,postexp,Pref2,1550563118,13,1,False
3,149,goaa4kkk,9,postexp,Demographics,1550563148,30,1,False
3,149,goaa4kkk,10,postexp,ResultsTask,1550563153,5,1,False
3,149,goaa4kkk,11,postexp,Results,1550563174,21,1,False
3,150,etxlj4hi,1,tt,Instructions,1550563266,51,1,False
3,150,etxlj4hi,2,tt,Task,1550563272,6,1,False
3,150,etxlj4hi,3,tt,BeliefInstructions,1550563274,2,1,False
3,150,etxlj4hi,4,tt,Beliefs,1550563288,14,1,False
3,150,etxlj4hi,5,wordscra,Task,1550563417,129,1,False
3,150,etxlj4hi,6,postexp,Risk,1550563424,7,1,False
3,150,etxlj4hi,7,postexp,Pref1,1550563431,7,1,False
3,150,etxlj4hi,8,postexp,Pref2,1550563503,72,1,False
3,150,etxlj4hi,9,postexp,Demographics,1550563537,34,1,False
3,150,etxlj4hi,10,postexp,ResultsTask,1550563540,3,1,False
3,150,etxlj4hi,11,postexp,Results,1550563557,17,1,False
3,152,5n415ydc,1,tt,Instructions,1550565121,1547,1,False
3,152,5n415ydc,2,tt,Task,1550565179,58,1,False
3,152,5n415ydc,3,tt,BeliefInstructions,1550565191,12,1,False
3,152,5n415ydc,4,tt,Beliefs,1550565229,38,1,False
3,152,5n415ydc,5,wordscra,Task,1550565312,83,1,False
3,152,5n415ydc,6,postexp,Risk,1550565326,14,1,False
3,152,5n415ydc,7,postexp,Pref1,1550565376,50,1,False
3,152,5n415ydc,8,postexp,Pref2,1550565401,25,1,False
3,152,5n415ydc,9,postexp,Demographics,1550565465,64,1,False
3,152,5n415ydc,10,postexp,ResultsTask,1550565478,13,1,False
3,152,5n415ydc,11,postexp,Results,1550565527,49,1,False
3,153,td8mgvgu,1,tt,Instructions,1550565243,22,1,False
3,153,td8mgvgu,2,tt,Task,1550565290,47,1,False
3,153,td8mgvgu,3,tt,BeliefInstructions,1550565311,21,1,False
3,153,td8mgvgu,4,tt,Beliefs,1550565345,34,1,False
3,153,td8mgvgu,5,wordscra,Task,1550565524,179,1,False
3,153,td8mgvgu,6,postexp,Risk,1550565540,16,1,False
3,153,td8mgvgu,7,postexp,Pref1,1550565592,52,1,False
3,153,td8mgvgu,8,postexp,Pref2,1550565634,42,1,False
3,153,td8mgvgu,9,postexp,Demographics,1550565711,77,1,False
3,153,td8mgvgu,10,postexp,ResultsTask,1550565722,11,1,False
3,153,td8mgvgu,11,postexp,Results,1550565786,64,1,False
3,154,j0taa0wx,1,tt,Instructions,1550565981,42,1,False
3,154,j0taa0wx,2,tt,Task,1550566004,23,1,False
3,154,j0taa0wx,3,tt,BeliefInstructions,1550566017,13,1,False
3,154,j0taa0wx,4,tt,Beliefs,1550566046,29,1,False
3,154,j0taa0wx,5,wordscra,Task,1550566098,52,1,False
3,154,j0taa0wx,6,postexp,Risk,1550566111,13,1,False
3,154,j0taa0wx,7,postexp,Pref1,1550566160,49,1,False
3,154,j0taa0wx,8,postexp,Pref2,1550566187,27,1,False
3,154,j0taa0wx,9,postexp,Demographics,1550566224,37,1,False
3,154,j0taa0wx,10,postexp,ResultsTask,1550566234,10,1,False
3,154,j0taa0wx,11,postexp,Results,1550566248,14,1,False
3,156,p73jwdsh,1,tt,Instructions,1550566439,60,1,False
3,156,p73jwdsh,2,tt,Task,1550566467,28,1,False
3,156,p73jwdsh,3,tt,BeliefInstructions,1550566484,17,1,False
3,156,p73jwdsh,4,tt,Beliefs,1550566512,28,1,False
3,156,p73jwdsh,5,wordscra,Task,1550566557,45,1,False
3,156,p73jwdsh,6,postexp,Risk,1550566568,11,1,False
3,156,p73jwdsh,7,postexp,Pref1,1550566663,95,1,False
3,156,p73jwdsh,8,postexp,Pref2,1550566720,57,1,False
3,156,p73jwdsh,9,postexp,Demographics,1550566763,43,1,False
3,156,p73jwdsh,10,postexp,ResultsTask,1550566771,8,1,False
3,156,p73jwdsh,11,postexp,Results,1550566813,42,1,False
3,157,68z4ulaz,1,tt,Instructions,1550568723,55,1,False
3,157,68z4ulaz,2,tt,Task,1550568747,24,1,False
3,157,68z4ulaz,3,tt,BeliefInstructions,1550568772,25,1,False
3,157,68z4ulaz,4,tt,Beliefs,1550568806,34,1,False
3,157,68z4ulaz,5,wordscra,Task,1550568887,81,1,False
3,157,68z4ulaz,6,postexp,Risk,1550568899,12,1,False
3,157,68z4ulaz,7,postexp,Pref1,1550568944,45,1,False
3,157,68z4ulaz,8,postexp,Pref2,1550568965,21,1,False
3,157,68z4ulaz,9,postexp,Demographics,1550568999,34,1,False
3,157,68z4ulaz,10,postexp,ResultsTask,1550569004,5,1,False
3,157,68z4ulaz,11,postexp,Results,1550569034,30,1,False
3,158,ewzcqgb1,1,tt,Instructions,1550568891,33,1,False
3,158,ewzcqgb1,2,tt,Task,1550568911,20,1,False
3,158,ewzcqgb1,3,tt,BeliefInstructions,1550568924,13,1,False
3,158,ewzcqgb1,4,tt,Beliefs,1550568953,29,1,False
3,158,ewzcqgb1,5,wordscra,Task,1550569013,60,1,False
3,158,ewzcqgb1,6,postexp,Risk,1550569023,10,1,False
3,158,ewzcqgb1,7,postexp,Pref1,1550569058,35,1,False
3,158,ewzcqgb1,8,postexp,Pref2,1550569078,20,1,False
3,158,ewzcqgb1,9,postexp,Demographics,1550569121,43,1,False
3,158,ewzcqgb1,10,postexp,ResultsTask,1550569131,10,1,False
3,158,ewzcqgb1,11,postexp,Results,1550569200,69,1,False
3,160,uresb99t,1,tt,Instructions,1550589520,19627,1,False
3,160,uresb99t,2,tt,Task,1550589555,35,1,False
3,160,uresb99t,3,tt,BeliefInstructions,1550589655,100,1,False
3,160,uresb99t,4,tt,Beliefs,1550590077,422,1,False
3,160,uresb99t,5,wordscra,Task,1550590267,190,1,False
3,160,uresb99t,6,postexp,Risk,1550590281,14,1,False
3,160,uresb99t,7,postexp,Pref1,1550590377,96,1,False
3,160,uresb99t,8,postexp,Pref2,1550590419,42,1,False
3,160,uresb99t,9,postexp,Demographics,1550590468,49,1,False
3,160,uresb99t,10,postexp,ResultsTask,1550590481,13,1,False
3,160,uresb99t,11,postexp,Results,1550590514,33,1,False
3,162,s9dwh6lq,1,tt,Instructions,1550571087,107,1,False
3,162,s9dwh6lq,2,tt,Task,1550571110,23,1,False
3,162,s9dwh6lq,3,tt,BeliefInstructions,1550571137,27,1,False
3,162,s9dwh6lq,4,tt,Beliefs,1550571159,22,1,False
3,162,s9dwh6lq,5,wordscra,Task,1550571258,99,1,False
3,162,s9dwh6lq,6,postexp,Risk,1550571272,14,1,False
3,162,s9dwh6lq,7,postexp,Pref1,1550571311,39,1,False
3,162,s9dwh6lq,8,postexp,Pref2,1550571337,26,1,False
3,162,s9dwh6lq,9,postexp,Demographics,1550571391,54,1,False
3,162,s9dwh6lq,10,postexp,ResultsTask,1550571401,10,1,False
3,162,s9dwh6lq,11,postexp,Results,1550571447,46,1,False
3,163,lmr9huh1,1,tt,Instructions,1550571130,78,1,False
3,163,lmr9huh1,2,tt,Task,1550571167,37,1,False
3,163,lmr9huh1,3,tt,BeliefInstructions,1550571193,26,1,False
3,163,lmr9huh1,4,tt,Beliefs,1550571239,46,1,False
3,163,lmr9huh1,5,wordscra,Task,1550571384,145,1,False
3,163,lmr9huh1,6,postexp,Risk,1550571394,10,1,False
3,163,lmr9huh1,7,postexp,Pref1,1550571457,63,1,False
3,163,lmr9huh1,8,postexp,Pref2,1550571496,39,1,False
3,163,lmr9huh1,9,postexp,Demographics,1550571576,80,1,False
3,163,lmr9huh1,10,postexp,ResultsTask,1550571592,16,1,False
3,163,lmr9huh1,11,postexp,Results,1550571676,84,1,False
3,164,mweuu57r,1,tt,Instructions,1550574151,40,1,False
3,164,mweuu57r,2,tt,Task,1550574169,18,1,False
3,164,mweuu57r,3,tt,BeliefInstructions,1550574184,15,1,False
3,164,mweuu57r,4,tt,Beliefs,1550574203,19,1,False
3,164,mweuu57r,5,wordscra,Task,1550574253,50,1,False
3,164,mweuu57r,6,postexp,Risk,1550574263,10,1,False
3,164,mweuu57r,7,postexp,Pref1,1550574300,37,1,False
3,164,mweuu57r,8,postexp,Pref2,1550574318,18,1,False
3,164,mweuu57r,9,postexp,Demographics,1550574361,43,1,False
3,164,mweuu57r,10,postexp,ResultsTask,1550574369,8,1,False
3,164,mweuu57r,11,postexp,Results,1550574397,28,1,False
3,168,6caa9led,1,tt,Instructions,1550584722,38,1,False
3,168,6caa9led,2,tt,Task,1550584749,27,1,False
3,168,6caa9led,3,tt,BeliefInstructions,1550584764,15,1,False
3,168,6caa9led,4,tt,Beliefs,1550584787,23,1,False
3,168,6caa9led,5,wordscra,Task,1550584824,37,1,False
3,168,6caa9led,6,postexp,Risk,1550584835,11,1,False
3,168,6caa9led,7,postexp,Pref1,1550584864,29,1,False
3,168,6caa9led,8,postexp,Pref2,1550584992,128,1,False
3,168,6caa9led,9,postexp,Demographics,1550585030,38,1,False
3,168,6caa9led,10,postexp,ResultsTask,1550585040,10,1,False
3,168,6caa9led,11,postexp,Results,1550585081,41,1,False
3,169,uoe5463v,1,tt,Instructions,1550589454,75,1,False
3,169,uoe5463v,2,tt,Task,1550589511,57,1,False
3,169,uoe5463v,3,tt,BeliefInstructions,1550589547,36,1,False
3,169,uoe5463v,4,tt,Beliefs,1550589679,132,1,False
3,169,uoe5463v,5,wordscra,Task,1550589748,69,1,False
3,169,uoe5463v,6,postexp,Risk,1550589761,13,1,False
3,169,uoe5463v,7,postexp,Pref1,1550589800,39,1,False
3,169,uoe5463v,8,postexp,Pref2,1550592220,2420,1,False
3,169,uoe5463v,9,postexp,Demographics,1550592280,60,1,False
3,169,uoe5463v,10,postexp,ResultsTask,1550592287,7,1,False
3,169,uoe5463v,11,postexp,Results,1550592322,35,1,False
3,170,f4ruzo2o,1,tt,Instructions,1550590760,723,1,False
3,170,f4ruzo2o,2,tt,Task,1550590808,48,1,False
3,170,f4ruzo2o,3,tt,BeliefInstructions,1550590848,40,1,False
3,170,f4ruzo2o,4,tt,Beliefs,1550590915,67,1,False
3,170,f4ruzo2o,5,wordscra,Task,1550591115,200,1,False
3,170,f4ruzo2o,6,postexp,Risk,1550591148,33,1,False
3,170,f4ruzo2o,7,postexp,Pref1,1550591319,171,1,False
3,170,f4ruzo2o,8,postexp,Pref2,1550591372,53,1,False
3,170,f4ruzo2o,9,postexp,Demographics,1550591443,71,1,False
3,170,f4ruzo2o,10,postexp,ResultsTask,1550591458,15,1,False
3,170,f4ruzo2o,11,postexp,Results,1550591547,89,1,False
3,171,8u3f2fpb,1,tt,Instructions,1550609779,82,1,False
3,171,8u3f2fpb,2,tt,Task,1550609830,51,1,False
3,171,8u3f2fpb,3,tt,BeliefInstructions,1550609852,22,1,False
3,171,8u3f2fpb,4,tt,Beliefs,1550609894,42,1,False
3,171,8u3f2fpb,5,wordscra,Task,1550609975,81,1,False
3,171,8u3f2fpb,6,postexp,Risk,1550609987,12,1,False
3,171,8u3f2fpb,7,postexp,Pref1,1550610041,54,1,False
3,171,8u3f2fpb,8,postexp,Pref2,1550610077,36,1,False
3,171,8u3f2fpb,9,postexp,Demographics,1550610144,67,1,False
3,171,8u3f2fpb,10,postexp,ResultsTask,1550610153,9,1,False
3,171,8u3f2fpb,11,postexp,Results,1550610187,34,1,False
3,172,mut1zvo8,1,tt,Instructions,1550647904,116,1,False
3,172,mut1zvo8,2,tt,Task,1550647975,71,1,False
3,172,mut1zvo8,3,tt,BeliefInstructions,1550647994,19,1,False
3,172,mut1zvo8,4,tt,Beliefs,1550648104,110,1,False
3,172,mut1zvo8,5,wordscra,Task,1550648180,76,1,False
3,172,mut1zvo8,6,postexp,Risk,1550648192,12,1,False
3,172,mut1zvo8,7,postexp,Pref1,1550648276,84,1,False
3,172,mut1zvo8,8,postexp,Pref2,1550648312,36,1,False
3,172,mut1zvo8,9,postexp,Demographics,1550648741,429,1,False
3,172,mut1zvo8,10,postexp,ResultsTask,1550648764,23,1,False
3,172,mut1zvo8,11,postexp,Results,1550648816,52,1,False
3,173,hicgbyal,1,tt,Instructions,1550656682,7,1,False
3,173,hicgbyal,2,tt,Task,1550656695,13,1,False
3,173,hicgbyal,3,tt,BeliefInstructions,1550656697,2,1,False
3,173,hicgbyal,4,tt,Beliefs,1550656708,11,1,False
3,173,hicgbyal,5,wordscra,Task,1550656796,88,1,False
3,173,hicgbyal,6,postexp,Risk,1550656801,5,1,False
3,173,hicgbyal,7,postexp,Pref1,1550656808,7,1,False
3,173,hicgbyal,8,postexp,Pref2,1550656826,18,1,False
3,173,hicgbyal,9,postexp,Demographics,1550656850,24,1,False
3,173,hicgbyal,10,postexp,ResultsTask,1550656853,3,1,False
3,174,3l16w6u1,1,tt,Instructions,1550663222,110,1,False
3,174,3l16w6u1,2,tt,Task,1550663253,31,1,False
3,174,3l16w6u1,3,tt,BeliefInstructions,1550663305,52,1,False
3,174,3l16w6u1,4,tt,Beliefs,1550663362,57,1,False
3,174,3l16w6u1,5,wordscra,Task,1550663514,152,1,False
3,174,3l16w6u1,6,postexp,Risk,1550663526,12,1,False
3,174,3l16w6u1,7,postexp,Pref1,1550663577,51,1,False
3,174,3l16w6u1,8,postexp,Pref2,1550663614,37,1,False
3,174,3l16w6u1,9,postexp,Demographics,1550663660,46,1,False
3,174,3l16w6u1,10,postexp,ResultsTask,1550663668,8,1,False
3,174,3l16w6u1,11,postexp,Results,1550663761,93,1,False
3,175,gljr8yok,1,tt,Instructions,1550665884,100,1,False
3,175,gljr8yok,2,tt,Task,1550666064,180,1,False
3,175,gljr8yok,3,tt,BeliefInstructions,1550666099,35,1,False
3,175,gljr8yok,4,tt,Beliefs,1550666170,71,1,False
3,175,gljr8yok,5,wordscra,Task,1550666352,182,1,False
3,175,gljr8yok,6,postexp,Risk,1550666407,55,1,False
3,175,gljr8yok,7,postexp,Pref1,1550666481,74,1,False
3,175,gljr8yok,8,postexp,Pref2,1550666523,42,1,False
3,175,gljr8yok,9,postexp,Demographics,1550666565,42,1,False
3,175,gljr8yok,10,postexp,ResultsTask,1550666572,7,1,False
3,175,gljr8yok,11,postexp,Results,1550666620,48,1,False
3,176,ii1vhomz,1,tt,Instructions,1550673373,977,1,False
3,176,ii1vhomz,2,tt,Task,1550673437,64,1,False
3,176,ii1vhomz,3,tt,BeliefInstructions,1550673452,15,1,False
3,176,ii1vhomz,4,tt,Beliefs,1550673537,85,1,False
3,176,ii1vhomz,5,wordscra,Task,1550673749,212,1,False
3,176,ii1vhomz,6,postexp,Risk,1550673773,24,1,False
3,176,ii1vhomz,7,postexp,Pref1,1550673827,54,1,False
3,176,ii1vhomz,8,postexp,Pref2,1550673860,33,1,False
3,176,ii1vhomz,9,postexp,Demographics,1550673928,68,1,False
3,176,ii1vhomz,10,postexp,ResultsTask,1550673938,10,1,False
3,176,ii1vhomz,11,postexp,Results,1550673994,56,1,False
3,177,gygxkpc3,1,tt,Instructions,1550699248,93,1,False
3,177,gygxkpc3,2,tt,Task,1550699298,50,1,False
3,177,gygxkpc3,3,tt,BeliefInstructions,1550699313,15,1,False
3,177,gygxkpc3,4,tt,Beliefs,1550699362,49,1,False
3,177,gygxkpc3,5,wordscra,Task,1550699692,330,1,False
3,177,gygxkpc3,6,postexp,Risk,1550699707,15,1,False
3,177,gygxkpc3,7,postexp,Pref1,1550699753,46,1,False
3,177,gygxkpc3,8,postexp,Pref2,1550699792,39,1,False
3,177,gygxkpc3,9,postexp,Demographics,1550699849,57,1,False
3,177,gygxkpc3,10,postexp,ResultsTask,1550699871,22,1,False
3,177,gygxkpc3,11,postexp,Results,1550699918,47,1,False
3,178,uu2p1klh,1,tt,Instructions,1550740576,37,1,False
3,179,ga7wgt6h,1,tt,Instructions,1550742687,112,1,False
3,179,ga7wgt6h,2,tt,Task,1550742730,43,1,False
3,179,ga7wgt6h,3,tt,BeliefInstructions,1550742755,25,1,False
3,179,ga7wgt6h,4,tt,Beliefs,1550742825,70,1,False
3,179,ga7wgt6h,5,wordscra,Task,1550743458,633,1,False
3,179,ga7wgt6h,6,postexp,Risk,1550743478,20,1,False
3,179,ga7wgt6h,7,postexp,Pref1,1550743559,81,1,False
3,179,ga7wgt6h,8,postexp,Pref2,1550743616,57,1,False
3,179,ga7wgt6h,9,postexp,Demographics,1550743713,97,1,False
3,179,ga7wgt6h,10,postexp,ResultsTask,1550743728,15,1,False
3,179,ga7wgt6h,11,postexp,Results,1550743845,117,1,False
3,180,44cjif4i,1,tt,Instructions,1550824448,1542,1,False
3,181,ntxvi56g,1,tt,Instructions,1550841202,84,1,False
3,181,ntxvi56g,2,tt,Task,1550841224,22,1,False
3,181,ntxvi56g,3,tt,BeliefInstructions,1550841241,17,1,False
3,181,ntxvi56g,4,tt,Beliefs,1550841265,24,1,False
3,181,ntxvi56g,5,wordscra,Task,1550841305,40,1,False
3,181,ntxvi56g,6,postexp,Risk,1550841316,11,1,False
3,181,ntxvi56g,7,postexp,Pref1,1550841374,58,1,False
3,181,ntxvi56g,8,postexp,Pref2,1550841402,28,1,False
3,181,ntxvi56g,9,postexp,Demographics,1550841460,58,1,False
3,181,ntxvi56g,10,postexp,ResultsTask,1550841476,16,1,False
3,181,ntxvi56g,11,postexp,Results,1550841530,54,1,False
3,182,58zy5bn7,1,tt,Instructions,1550842364,201,1,False
3,182,58zy5bn7,2,tt,Task,1550842438,74,1,False
3,182,58zy5bn7,3,tt,BeliefInstructions,1550842479,41,1,False
3,182,58zy5bn7,4,tt,Beliefs,1550842570,91,1,False
3,182,58zy5bn7,5,wordscra,Task,1550842642,72,1,False
3,182,58zy5bn7,6,postexp,Risk,1550842672,30,1,False
3,182,58zy5bn7,7,postexp,Pref1,1550842769,97,1,False
3,182,58zy5bn7,8,postexp,Pref2,1550842815,46,1,False
3,182,58zy5bn7,9,postexp,Demographics,1550842927,112,1,False
3,182,58zy5bn7,10,postexp,ResultsTask,1550842954,27,1,False
3,182,58zy5bn7,11,postexp,Results,1550843077,123,1,False
3,183,sg9y7v5d,1,tt,Instructions,1550846760,53,1,False
3,183,sg9y7v5d,2,tt,Task,1550846792,32,1,False
3,183,sg9y7v5d,3,tt,BeliefInstructions,1550846804,12,1,False
3,183,sg9y7v5d,4,tt,Beliefs,1550846837,33,1,False
3,183,sg9y7v5d,5,wordscra,Task,1550846965,128,1,False
3,183,sg9y7v5d,6,postexp,Risk,1550846976,11,1,False
3,183,sg9y7v5d,7,postexp,Pref1,1550847013,37,1,False
3,183,sg9y7v5d,8,postexp,Pref2,1550847039,26,1,False
3,183,sg9y7v5d,9,postexp,Demographics,1550847081,42,1,False
3,183,sg9y7v5d,10,postexp,ResultsTask,1550847092,11,1,False
3,183,sg9y7v5d,11,postexp,Results,1550847113,21,1,False
3,184,tyj0p2o2,1,tt,Instructions,1550917555,52,1,False
3,184,tyj0p2o2,2,tt,Task,1550917609,54,1,False
3,184,tyj0p2o2,3,tt,BeliefInstructions,1550917638,29,1,False
3,184,tyj0p2o2,4,tt,Beliefs,1550917722,84,1,False
3,184,tyj0p2o2,5,wordscra,Task,1550918551,829,1,False
3,184,tyj0p2o2,6,postexp,Risk,1550918574,23,1,False
3,184,tyj0p2o2,7,postexp,Pref1,1550918635,61,1,False
3,184,tyj0p2o2,8,postexp,Pref2,1550918675,40,1,False
3,184,tyj0p2o2,9,postexp,Demographics,1550918780,105,1,False
3,184,tyj0p2o2,10,postexp,ResultsTask,1550918814,34,1,False
3,184,tyj0p2o2,11,postexp,Results,1550918861,47,1,False
3,185,zpv635rq,1,tt,Instructions,1551019834,33,1,False
3,185,zpv635rq,2,tt,Task,1551019885,51,1,False
3,185,zpv635rq,3,tt,BeliefInstructions,1551019901,16,1,False
3,185,zpv635rq,4,tt,Beliefs,1551019919,18,1,False
3,185,zpv635rq,5,wordscra,Task,1551020022,103,1,False
3,185,zpv635rq,6,postexp,Risk,1551020035,13,1,False
3,185,zpv635rq,7,postexp,Pref1,1551020069,34,1,False
3,185,zpv635rq,8,postexp,Pref2,1551020086,17,1,False
3,185,zpv635rq,9,postexp,Demographics,1551020123,37,1,False
3,185,zpv635rq,10,postexp,ResultsTask,1551020137,14,1,False
3,185,zpv635rq,11,postexp,Results,1551020160,23,1,False
3,187,3cva1zmt,1,tt,Instructions,1551168357,103,1,False
3,187,3cva1zmt,2,tt,Task,1551168407,50,1,False
3,187,3cva1zmt,3,tt,BeliefInstructions,1551168425,18,1,False
3,187,3cva1zmt,4,tt,Beliefs,1551168477,52,1,False
3,188,gxf5nytq,1,tt,Instructions,1551189605,282,1,False
3,189,ri40v4xv,1,tt,Instructions,1551198792,71,1,False
3,190,22lim7ki,1,tt,Instructions,1551209230,144,1,False
3,190,22lim7ki,2,tt,Task,1551209257,27,1,False
3,190,22lim7ki,3,tt,BeliefInstructions,1551209273,16,1,False
3,190,22lim7ki,4,tt,Beliefs,1551209326,53,1,False
3,190,22lim7ki,5,wordscra,Task,1551209392,66,1,False
3,190,22lim7ki,6,postexp,Risk,1551209419,27,1,False
3,190,22lim7ki,7,postexp,Pref1,1551209515,96,1,False
3,190,22lim7ki,8,postexp,Pref2,1551209541,26,1,False
3,190,22lim7ki,9,postexp,Demographics,1551209666,125,1,False
3,190,22lim7ki,10,postexp,ResultsTask,1551209690,24,1,False
3,190,22lim7ki,11,postexp,Results,1551209747,57,1,False
3,191,57mclhfe,1,tt,Instructions,1551258005,327,1,False
3,191,57mclhfe,2,tt,Task,1551258080,75,1,False
3,191,57mclhfe,3,tt,BeliefInstructions,1551258121,41,1,False
3,191,57mclhfe,4,tt,Beliefs,1551258171,50,1,False
3,191,57mclhfe,5,wordscra,Task,1551258539,368,1,False
3,191,57mclhfe,6,postexp,Risk,1551258552,13,1,False
3,191,57mclhfe,7,postexp,Pref1,1551258643,91,1,False
3,191,57mclhfe,8,postexp,Pref2,1551258688,45,1,False
3,191,57mclhfe,9,postexp,Demographics,1551258778,90,1,False
3,191,57mclhfe,10,postexp,ResultsTask,1551258790,12,1,False
3,191,57mclhfe,11,postexp,Results,1551258902,112,1,False
4,1,dd5gikv8,1,tt_norms,Instructions,1549363320,614,1,False
4,1,dd5gikv8,2,tt_norms,Task,1549363499,179,1,False
4,1,dd5gikv8,6,tt_norms,Task,1549363552,53,2,False
4,1,dd5gikv8,10,tt_norms,Task,1549363566,14,3,False
4,1,dd5gikv8,14,tt_norms,Task,1549363577,11,4,False
4,1,dd5gikv8,18,tt_norms,Task,1549363588,11,5,False
4,1,dd5gikv8,19,tt_norms,BeliefInstructions,1549363655,67,5,False
4,1,dd5gikv8,20,tt_norms,Beliefs,1549363711,56,5,False
4,1,dd5gikv8,21,wordscra,Task,1549363747,36,2,False
4,1,dd5gikv8,22,postexp,Risk,1549363758,11,2,False
4,1,dd5gikv8,23,postexp,Pref1,1549363890,132,2,False
4,1,dd5gikv8,24,postexp,Pref2,1549363941,51,2,False
4,1,dd5gikv8,25,postexp,Demographics,1549363995,54,2,False
4,1,dd5gikv8,27,postexp,Results,1549364029,34,2,False
4,3,cx9tqpt0,1,tt_norms,Instructions,1549363258,5,1,False
4,3,cx9tqpt0,2,tt_norms,Task,1549367315,4057,1,False
4,3,cx9tqpt0,6,tt_norms,Task,1549367342,27,2,False
4,3,cx9tqpt0,10,tt_norms,Task,1549367353,11,3,False
4,3,cx9tqpt0,14,tt_norms,Task,1549367359,6,4,False
4,3,cx9tqpt0,18,tt_norms,Task,1549367371,12,5,False
4,3,cx9tqpt0,19,tt_norms,BeliefInstructions,1549367381,10,5,False
4,3,cx9tqpt0,20,tt_norms,Beliefs,1549367431,50,5,False
4,3,cx9tqpt0,21,wordscra,Task,1549367485,54,2,False
4,3,cx9tqpt0,22,postexp,Risk,1549367493,8,2,False
4,3,cx9tqpt0,23,postexp,Pref1,1549367545,52,2,False
4,3,cx9tqpt0,24,postexp,Pref2,1549367584,39,2,False
4,3,cx9tqpt0,25,postexp,Demographics,1549367666,82,2,False
4,3,cx9tqpt0,27,postexp,Results,1549367712,46,2,False
4,4,ggxe7bwj,1,tt_norms,Instructions,1549363392,66,1,False
4,4,ggxe7bwj,2,tt_norms,Task,1549363474,82,1,False
4,4,ggxe7bwj,6,tt_norms,Task,1549363505,31,2,False
4,4,ggxe7bwj,10,tt_norms,Task,1549363515,10,3,False
4,4,ggxe7bwj,14,tt_norms,Task,1549363522,7,4,False
4,4,ggxe7bwj,18,tt_norms,Task,1549363529,7,5,False
4,4,ggxe7bwj,19,tt_norms,BeliefInstructions,1549363558,29,5,False
4,4,ggxe7bwj,20,tt_norms,Beliefs,1549363615,57,5,False
4,4,ggxe7bwj,21,wordscra,Task,1549363688,73,2,False
4,4,ggxe7bwj,22,postexp,Risk,1549363698,10,2,False
4,4,ggxe7bwj,23,postexp,Pref1,1549363732,34,2,False
4,4,ggxe7bwj,24,postexp,Pref2,1549363792,60,2,False
4,4,ggxe7bwj,25,postexp,Demographics,1549363841,49,2,False
4,4,ggxe7bwj,27,postexp,Results,1549363937,96,2,False
4,6,vdrxs02n,1,tt_norms,Instructions,1549365312,1965,1,False
4,6,vdrxs02n,2,tt_norms,Task,1549365484,172,1,False
4,6,vdrxs02n,6,tt_norms,Task,1549365589,105,2,False
4,6,vdrxs02n,10,tt_norms,Task,1549365670,81,3,False
4,6,vdrxs02n,14,tt_norms,Task,1549365693,23,4,False
4,6,vdrxs02n,18,tt_norms,Task,1549365719,26,5,False
4,6,vdrxs02n,19,tt_norms,BeliefInstructions,1549365754,35,5,False
4,6,vdrxs02n,20,tt_norms,Beliefs,1549365857,103,5,False
4,8,p4m4ujt2,1,tt_norms,Instructions,1549365867,2101,1,False
4,8,p4m4ujt2,2,tt_norms,Task,1549366170,303,1,False
4,8,p4m4ujt2,6,tt_norms,Task,1549366205,35,2,False
4,8,p4m4ujt2,10,tt_norms,Task,1549366223,18,3,False
4,8,p4m4ujt2,14,tt_norms,Task,1549366240,17,4,False
4,8,p4m4ujt2,18,tt_norms,Task,1549366260,20,5,False
4,8,p4m4ujt2,19,tt_norms,BeliefInstructions,1549366280,20,5,False
4,8,p4m4ujt2,20,tt_norms,Beliefs,1549366349,69,5,False
4,8,p4m4ujt2,21,wordscra,Task,1549366572,223,2,False
4,8,p4m4ujt2,22,postexp,Risk,1549366584,12,2,False
4,8,p4m4ujt2,23,postexp,Pref1,1549366630,46,2,False
4,8,p4m4ujt2,24,postexp,Pref2,1549366652,22,2,False
4,8,p4m4ujt2,25,postexp,Demographics,1549366718,66,2,False
4,8,p4m4ujt2,27,postexp,Results,1549367024,306,2,False
4,9,xa97vos7,1,tt_norms,Instructions,1549363919,15,1,False
4,9,xa97vos7,2,tt_norms,Task,1549364008,89,1,False
4,9,xa97vos7,6,tt_norms,Task,1549364028,20,2,False
4,9,xa97vos7,10,tt_norms,Task,1549364040,12,3,False
4,9,xa97vos7,14,tt_norms,Task,1549364044,4,4,False
4,9,xa97vos7,18,tt_norms,Task,1549364054,10,5,False
4,9,xa97vos7,19,tt_norms,BeliefInstructions,1549364067,13,5,False
4,9,xa97vos7,20,tt_norms,Beliefs,1549364103,36,5,False
4,9,xa97vos7,21,wordscra,Task,1549364162,59,2,False
4,9,xa97vos7,22,postexp,Risk,1549364172,10,2,False
4,9,xa97vos7,23,postexp,Pref1,1549364200,28,2,False
4,9,xa97vos7,24,postexp,Pref2,1549364220,20,2,False
4,9,xa97vos7,25,postexp,Demographics,1549364265,45,2,False
4,9,xa97vos7,27,postexp,Results,1549364290,25,2,False
4,10,d2ftj1ma,1,tt_norms,Instructions,1549364346,103,1,False
4,10,d2ftj1ma,2,tt_norms,Task,1549364492,146,1,False
4,10,d2ftj1ma,6,tt_norms,Task,1549364515,23,2,False
4,10,d2ftj1ma,10,tt_norms,Task,1549364527,12,3,False
4,10,d2ftj1ma,14,tt_norms,Task,1549364538,11,4,False
4,10,d2ftj1ma,18,tt_norms,Task,1549364546,8,5,False
4,10,d2ftj1ma,19,tt_norms,BeliefInstructions,1549364575,29,5,False
4,10,d2ftj1ma,20,tt_norms,Beliefs,1549364664,89,5,False
4,10,d2ftj1ma,21,wordscra,Task,1549364740,76,2,False
4,10,d2ftj1ma,22,postexp,Risk,1549364756,16,2,False
4,10,d2ftj1ma,23,postexp,Pref1,1549364841,85,2,False
4,10,d2ftj1ma,24,postexp,Pref2,1549364885,44,2,False
4,10,d2ftj1ma,25,postexp,Demographics,1549364929,44,2,False
4,10,d2ftj1ma,27,postexp,Results,1549365031,102,2,False
4,11,rv5byki1,1,tt_norms,Instructions,1549364463,81,1,False
4,11,rv5byki1,2,tt_norms,Task,1549364569,106,1,False
4,11,rv5byki1,6,tt_norms,Task,1549364633,64,2,False
4,11,rv5byki1,10,tt_norms,Task,1549364660,27,3,False
4,11,rv5byki1,14,tt_norms,Task,1549364673,13,4,False
4,11,rv5byki1,18,tt_norms,Task,1549364684,11,5,False
4,11,rv5byki1,19,tt_norms,BeliefInstructions,1549364720,36,5,False
4,11,rv5byki1,20,tt_norms,Beliefs,1549364825,105,5,False
4,11,rv5byki1,21,wordscra,Task,1549365164,339,2,False
4,11,rv5byki1,22,postexp,Risk,1549365175,11,2,False
4,11,rv5byki1,23,postexp,Pref1,1549365275,100,2,False
4,11,rv5byki1,24,postexp,Pref2,1549365311,36,2,False
4,11,rv5byki1,25,postexp,Demographics,1549365377,66,2,False
4,11,rv5byki1,27,postexp,Results,1549365467,90,2,False
4,14,vibi00m3,1,tt_norms,Instructions,1549366680,119,1,False
4,14,vibi00m3,2,tt_norms,Task,1549366795,115,1,False
4,14,vibi00m3,6,tt_norms,Task,1549366819,24,2,False
4,14,vibi00m3,10,tt_norms,Task,1549366844,25,3,False
4,14,vibi00m3,14,tt_norms,Task,1549366893,49,4,False
4,14,vibi00m3,18,tt_norms,Task,1549366911,18,5,False
4,14,vibi00m3,19,tt_norms,BeliefInstructions,1549366926,15,5,False
4,14,vibi00m3,20,tt_norms,Beliefs,1549366965,39,5,False
4,14,vibi00m3,21,wordscra,Task,1549367215,250,2,False
4,14,vibi00m3,22,postexp,Risk,1549367226,11,2,False
4,14,vibi00m3,23,postexp,Pref1,1549367291,65,2,False
4,14,vibi00m3,24,postexp,Pref2,1549367321,30,2,False
4,14,vibi00m3,25,postexp,Demographics,1549367368,47,2,False
4,14,vibi00m3,27,postexp,Results,1549367434,66,2,False
4,15,0xfyho1g,1,tt_norms,Instructions,1549367061,31,1,False
4,15,0xfyho1g,2,tt_norms,Task,1549367130,69,1,False
4,15,0xfyho1g,6,tt_norms,Task,1549367156,26,2,False
4,15,0xfyho1g,10,tt_norms,Task,1549367166,10,3,False
4,15,0xfyho1g,14,tt_norms,Task,1549367174,8,4,False
4,15,0xfyho1g,18,tt_norms,Task,1549367180,6,5,False
4,15,0xfyho1g,19,tt_norms,BeliefInstructions,1549367186,6,5,False
4,15,0xfyho1g,20,tt_norms,Beliefs,1549367230,44,5,False
4,15,0xfyho1g,21,wordscra,Task,1549367287,57,2,False
4,15,0xfyho1g,22,postexp,Risk,1549367297,10,2,False
4,15,0xfyho1g,23,postexp,Pref1,1549367358,61,2,False
4,15,0xfyho1g,24,postexp,Pref2,1549367378,20,2,False
4,15,0xfyho1g,25,postexp,Demographics,1549367406,28,2,False
4,15,0xfyho1g,27,postexp,Results,1549367502,96,2,False
4,17,jwi02oji,1,tt_norms,Instructions,1549369887,52,1,False
4,18,6c96yryh,1,tt_norms,Instructions,1549371464,36,1,False
4,18,6c96yryh,2,tt_norms,Task,1549371569,105,1,False
4,18,6c96yryh,6,tt_norms,Task,1549371599,30,2,False
4,18,6c96yryh,10,tt_norms,Task,1549371613,14,3,False
4,18,6c96yryh,14,tt_norms,Task,1549371638,25,4,False
4,18,6c96yryh,18,tt_norms,Task,1549371658,20,5,False
4,18,6c96yryh,19,tt_norms,BeliefInstructions,1549371685,27,5,False
4,18,6c96yryh,20,tt_norms,Beliefs,1549371725,40,5,False
4,18,6c96yryh,21,wordscra,Task,1549371944,219,2,False
4,18,6c96yryh,22,postexp,Risk,1549371957,13,2,False
4,18,6c96yryh,23,postexp,Pref1,1549372020,63,2,False
4,18,6c96yryh,24,postexp,Pref2,1549372061,41,2,False
4,18,6c96yryh,25,postexp,Demographics,1549372110,49,2,False
4,18,6c96yryh,27,postexp,Results,1549372170,60,2,False
4,19,qeyo2p2d,1,tt_norms,Instructions,1549371982,15,1,False
4,19,qeyo2p2d,2,tt_norms,Task,1549372029,47,1,False
4,19,qeyo2p2d,6,tt_norms,Task,1549372090,61,2,False
4,19,qeyo2p2d,10,tt_norms,Task,1549372118,28,3,False
4,21,kgkycybo,1,tt_norms,Instructions,1549373687,66,1,False
4,22,ja83itjj,1,tt_norms,Instructions,1549377185,35,1,False
4,22,ja83itjj,2,tt_norms,Task,1549377265,80,1,False
4,22,ja83itjj,6,tt_norms,Task,1549377276,11,2,False
4,22,ja83itjj,10,tt_norms,Task,1549377287,11,3,False
4,22,ja83itjj,14,tt_norms,Task,1549377296,9,4,False
4,22,ja83itjj,18,tt_norms,Task,1549377307,11,5,False
4,22,ja83itjj,19,tt_norms,BeliefInstructions,1549377319,12,5,False
4,22,ja83itjj,20,tt_norms,Beliefs,1549377345,26,5,False
4,22,ja83itjj,21,wordscra,Task,1549377426,81,2,False
4,22,ja83itjj,22,postexp,Risk,1549377433,7,2,False
4,22,ja83itjj,23,postexp,Pref1,1549377614,181,2,False
4,22,ja83itjj,24,postexp,Pref2,1549377685,71,2,False
4,22,ja83itjj,25,postexp,Demographics,1549377732,47,2,False
4,22,ja83itjj,27,postexp,Results,1549377800,68,2,False
4,23,rqb05hjt,1,tt_norms,Instructions,1549387141,9,1,False
4,23,rqb05hjt,2,tt_norms,Task,1549387187,46,1,False
4,23,rqb05hjt,6,tt_norms,Task,1549387208,21,2,False
4,23,rqb05hjt,10,tt_norms,Task,1549387218,10,3,False
4,23,rqb05hjt,14,tt_norms,Task,1549387228,10,4,False
4,23,rqb05hjt,18,tt_norms,Task,1549387234,6,5,False
4,23,rqb05hjt,19,tt_norms,BeliefInstructions,1549387246,12,5,False
4,23,rqb05hjt,20,tt_norms,Beliefs,1549387287,41,5,False
4,23,rqb05hjt,21,wordscra,Task,1549387399,112,2,False
4,23,rqb05hjt,22,postexp,Risk,1549387407,8,2,False
4,23,rqb05hjt,23,postexp,Pref1,1549387444,37,2,False
4,23,rqb05hjt,24,postexp,Pref2,1549387462,18,2,False
4,23,rqb05hjt,25,postexp,Demographics,1549387486,24,2,False
4,23,rqb05hjt,27,postexp,Results,1549387503,17,2,False
4,24,smfua56o,1,tt_norms,Instructions,1549394916,10,1,False
4,24,smfua56o,2,tt_norms,Task,1549394974,58,1,False
4,24,smfua56o,6,tt_norms,Task,1549394992,18,2,False
4,24,smfua56o,10,tt_norms,Task,1549395008,16,3,False
4,24,smfua56o,14,tt_norms,Task,1549395016,8,4,False
4,24,smfua56o,18,tt_norms,Task,1549395026,10,5,False
4,24,smfua56o,19,tt_norms,BeliefInstructions,1549395039,13,5,False
4,24,smfua56o,20,tt_norms,Beliefs,1549395077,38,5,False
4,24,smfua56o,21,wordscra,Task,1549395115,38,2,False
4,24,smfua56o,22,postexp,Risk,1549395126,11,2,False
4,24,smfua56o,23,postexp,Pref1,1549395159,33,2,False
4,24,smfua56o,24,postexp,Pref2,1549395176,17,2,False
4,24,smfua56o,25,postexp,Demographics,1549395208,32,2,False
4,24,smfua56o,27,postexp,Results,1549395352,144,2,False
4,26,aq9g13qm,1,tt_norms,Instructions,1549403017,166,1,False
4,26,aq9g13qm,2,tt_norms,Task,1549403106,89,1,False
4,26,aq9g13qm,6,tt_norms,Task,1549403145,39,2,False
4,26,aq9g13qm,10,tt_norms,Task,1549403174,29,3,False
4,26,aq9g13qm,14,tt_norms,Task,1549403206,32,4,False
4,26,aq9g13qm,18,tt_norms,Task,1549403215,9,5,False
4,26,aq9g13qm,19,tt_norms,BeliefInstructions,1549403243,28,5,False
4,26,aq9g13qm,20,tt_norms,Beliefs,1549403304,61,5,False
4,26,aq9g13qm,21,wordscra,Task,1549403398,94,2,False
4,26,aq9g13qm,22,postexp,Risk,1549403410,12,2,False
4,26,aq9g13qm,23,postexp,Pref1,1549403463,53,2,False
4,26,aq9g13qm,24,postexp,Pref2,1549403489,26,2,False
4,26,aq9g13qm,25,postexp,Demographics,1549403562,73,2,False
4,26,aq9g13qm,27,postexp,Results,1549403677,115,2,False
4,27,88i8650b,1,tt_norms,Instructions,1549454367,9,1,False
4,27,88i8650b,2,tt_norms,Task,1549454475,108,1,False
4,27,88i8650b,6,tt_norms,Task,1549454507,32,2,False
4,27,88i8650b,10,tt_norms,Task,1549454544,37,3,False
4,27,88i8650b,14,tt_norms,Task,1549454551,7,4,False
4,27,88i8650b,18,tt_norms,Task,1549454558,7,5,False
4,27,88i8650b,19,tt_norms,BeliefInstructions,1549454586,28,5,False
4,27,88i8650b,20,tt_norms,Beliefs,1549454654,68,5,False
4,27,88i8650b,21,wordscra,Task,1549454752,98,2,False
4,27,88i8650b,22,postexp,Risk,1549454774,22,2,False
4,27,88i8650b,23,postexp,Pref1,1549454836,62,2,False
4,27,88i8650b,24,postexp,Pref2,1549454864,28,2,False
4,27,88i8650b,25,postexp,Demographics,1549455107,243,2,False
4,27,88i8650b,27,postexp,Results,1549455143,36,2,False
4,30,18nbv3g9,1,tt_norms,Instructions,1549480307,150,1,False
4,30,18nbv3g9,2,tt_norms,Task,1549480414,107,1,False
4,30,18nbv3g9,6,tt_norms,Task,1549480451,37,2,False
4,30,18nbv3g9,10,tt_norms,Task,1549480494,43,3,False
4,30,18nbv3g9,14,tt_norms,Task,1549480501,7,4,False
4,30,18nbv3g9,18,tt_norms,Task,1549480507,6,5,False
4,30,18nbv3g9,19,tt_norms,BeliefInstructions,1549480541,34,5,False
4,30,18nbv3g9,20,tt_norms,Beliefs,1549480630,89,5,False
4,30,18nbv3g9,21,wordscra,Task,1549480716,86,2,False
4,30,18nbv3g9,22,postexp,Risk,1549480730,14,2,False
4,30,18nbv3g9,23,postexp,Pref1,1549480787,57,2,False
4,30,18nbv3g9,24,postexp,Pref2,1549480821,34,2,False
4,30,18nbv3g9,25,postexp,Demographics,1549481022,201,2,False
4,30,18nbv3g9,27,postexp,Results,1549481062,40,2,False
4,31,urwmw654,1,tt_norms,Instructions,1549546703,4442,1,False
4,31,urwmw654,2,tt_norms,Task,1549548064,1361,1,False
4,31,urwmw654,6,tt_norms,Task,1549548252,188,2,False
4,31,urwmw654,10,tt_norms,Task,1549548276,24,3,False
4,31,urwmw654,14,tt_norms,Task,1549548297,21,4,False
4,31,urwmw654,18,tt_norms,Task,1549548341,44,5,False
4,31,urwmw654,19,tt_norms,BeliefInstructions,1549548390,49,5,False
4,31,urwmw654,20,tt_norms,Beliefs,1549548488,98,5,False
4,31,urwmw654,21,wordscra,Task,1549548547,59,2,False
4,31,urwmw654,22,postexp,Risk,1549548595,48,2,False
4,31,urwmw654,23,postexp,Pref1,1549548793,198,2,False
4,31,urwmw654,24,postexp,Pref2,1549548903,110,2,False
4,31,urwmw654,25,postexp,Demographics,1549549208,305,2,False
4,31,urwmw654,27,postexp,Results,1549549303,95,2,False
4,32,0uuzpsfg,1,tt_norms,Instructions,1549732936,319,1,False
4,32,0uuzpsfg,2,tt_norms,Task,1549733211,275,1,False
4,32,0uuzpsfg,6,tt_norms,Task,1549733590,379,2,False
4,32,0uuzpsfg,10,tt_norms,Task,1549733625,35,3,False
4,32,0uuzpsfg,14,tt_norms,Task,1549733642,17,4,False
4,32,0uuzpsfg,18,tt_norms,Task,1549733649,7,5,False
4,32,0uuzpsfg,19,tt_norms,BeliefInstructions,1549733672,23,5,False
4,32,0uuzpsfg,20,tt_norms,Beliefs,1549733743,71,5,False
4,32,0uuzpsfg,21,wordscra,Task,1549733865,122,2,False
4,32,0uuzpsfg,22,postexp,Risk,1549733876,11,2,False
4,32,0uuzpsfg,23,postexp,Pref1,1549733939,63,2,False
4,32,0uuzpsfg,24,postexp,Pref2,1549733977,38,2,False
4,32,0uuzpsfg,25,postexp,Demographics,1549734025,48,2,False
4,32,0uuzpsfg,27,postexp,Results,1549734416,391,2,False
4,34,b59jh0sb,1,tt_norms,Instructions,1550322748,195,1,False
4,34,b59jh0sb,2,tt_norms,Task,1550322894,146,1,False
4,34,b59jh0sb,6,tt_norms,Task,1550322950,56,2,False
4,34,b59jh0sb,10,tt_norms,Task,1550322963,13,3,False
4,34,b59jh0sb,14,tt_norms,Task,1550322977,14,4,False
4,34,b59jh0sb,18,tt_norms,Task,1550323030,53,5,False
4,34,b59jh0sb,19,tt_norms,BeliefInstructions,1550323050,20,5,False
4,34,b59jh0sb,20,tt_norms,Beliefs,1550323178,128,5,False
4,34,b59jh0sb,21,wordscra,Task,1550323274,96,2,False
4,34,b59jh0sb,22,postexp,Risk,1550323288,14,2,False
4,34,b59jh0sb,23,postexp,Pref1,1550323347,59,2,False
4,34,b59jh0sb,24,postexp,Pref2,1550323384,37,2,False
4,34,b59jh0sb,25,postexp,Demographics,1550323462,78,2,False
4,34,b59jh0sb,27,postexp,Results,1550323590,128,2,False
4,36,jrqsbw3m,1,tt_norms,Instructions,1550480226,82,1,False
4,36,jrqsbw3m,2,tt_norms,Task,1550480298,72,1,False
4,36,jrqsbw3m,6,tt_norms,Task,1550480337,39,2,False
4,36,jrqsbw3m,10,tt_norms,Task,1550480354,17,3,False
4,36,jrqsbw3m,14,tt_norms,Task,1550480361,7,4,False
4,36,jrqsbw3m,18,tt_norms,Task,1550480368,7,5,False
4,36,jrqsbw3m,19,tt_norms,BeliefInstructions,1550480378,10,5,False
4,36,jrqsbw3m,20,tt_norms,Beliefs,1550480427,49,5,False
4,36,jrqsbw3m,21,wordscra,Task,1550480518,91,2,False
4,36,jrqsbw3m,22,postexp,Risk,1550480534,16,2,False
4,36,jrqsbw3m,23,postexp,Pref1,1550480584,50,2,False
4,36,jrqsbw3m,24,postexp,Pref2,1550480614,30,2,False
4,36,jrqsbw3m,25,postexp,Demographics,1550480660,46,2,False
4,36,jrqsbw3m,27,postexp,Results,1550480788,128,2,False
4,37,0hjoi177,1,tt_norms,Instructions,1550493633,35,1,False
4,37,0hjoi177,2,tt_norms,Task,1550493694,61,1,False
4,37,0hjoi177,6,tt_norms,Task,1550493728,34,2,False
4,37,0hjoi177,10,tt_norms,Task,1550493736,8,3,False
4,37,0hjoi177,14,tt_norms,Task,1550493745,9,4,False
4,37,0hjoi177,18,tt_norms,Task,1550493757,12,5,False
4,37,0hjoi177,19,tt_norms,BeliefInstructions,1550493767,10,5,False
4,37,0hjoi177,20,tt_norms,Beliefs,1550493802,35,5,False
4,37,0hjoi177,21,wordscra,Task,1550494075,273,2,False
4,37,0hjoi177,22,postexp,Risk,1550494085,10,2,False
4,37,0hjoi177,23,postexp,Pref1,1550494112,27,2,False
4,37,0hjoi177,24,postexp,Pref2,1550494132,20,2,False
4,37,0hjoi177,25,postexp,Demographics,1550494169,37,2,False
4,37,0hjoi177,27,postexp,Results,1550494198,29,2,False
4,39,lsfptaaf,1,tt_norms,Instructions,1550508299,64,1,False
4,40,gndhbvpm,1,tt_norms,Instructions,1550508574,92,1,False
4,40,gndhbvpm,2,tt_norms,Task,1550508669,95,1,False
4,40,gndhbvpm,6,tt_norms,Task,1550508712,43,2,False
4,40,gndhbvpm,10,tt_norms,Task,1550508729,17,3,False
4,40,gndhbvpm,14,tt_norms,Task,1550508747,18,4,False
4,40,gndhbvpm,18,tt_norms,Task,1550508758,11,5,False
4,40,gndhbvpm,19,tt_norms,BeliefInstructions,1550508778,20,5,False
4,40,gndhbvpm,20,tt_norms,Beliefs,1550508828,50,5,False
4,40,gndhbvpm,21,wordscra,Task,1550508892,64,2,False
4,40,gndhbvpm,22,postexp,Risk,1550508905,13,2,False
4,40,gndhbvpm,23,postexp,Pref1,1550508950,45,2,False
4,40,gndhbvpm,24,postexp,Pref2,1550508968,18,2,False
4,40,gndhbvpm,25,postexp,Demographics,1550509023,55,2,False
4,40,gndhbvpm,27,postexp,Results,1550509066,43,2,False
4,42,q5kghy8w,1,tt_norms,Instructions,1550510955,83,1,False
4,42,q5kghy8w,2,tt_norms,Task,1550511163,208,1,False
4,42,q5kghy8w,6,tt_norms,Task,1550511193,30,2,False
4,42,q5kghy8w,10,tt_norms,Task,1550511202,9,3,False
4,42,q5kghy8w,14,tt_norms,Task,1550511213,11,4,False
4,42,q5kghy8w,18,tt_norms,Task,1550511234,21,5,False
4,42,q5kghy8w,19,tt_norms,BeliefInstructions,1550511249,15,5,False
4,42,q5kghy8w,20,tt_norms,Beliefs,1550511286,37,5,False
4,42,q5kghy8w,21,wordscra,Task,1550511401,115,2,False
4,42,q5kghy8w,22,postexp,Risk,1550511411,10,2,False
4,42,q5kghy8w,23,postexp,Pref1,1550511447,36,2,False
4,42,q5kghy8w,24,postexp,Pref2,1550511470,23,2,False
4,42,q5kghy8w,25,postexp,Demographics,1550511514,44,2,False
4,42,q5kghy8w,27,postexp,Results,1550511535,21,2,False
4,44,aribebu5,1,tt_norms,Instructions,1550520588,113,1,False
4,44,aribebu5,2,tt_norms,Task,1550520659,71,1,False
4,44,aribebu5,6,tt_norms,Task,1550520701,42,2,False
4,44,aribebu5,10,tt_norms,Task,1550520727,26,3,False
4,44,aribebu5,14,tt_norms,Task,1550520747,20,4,False
4,44,aribebu5,18,tt_norms,Task,1550520759,12,5,False
4,44,aribebu5,19,tt_norms,BeliefInstructions,1550520773,14,5,False
4,44,aribebu5,20,tt_norms,Beliefs,1550520809,36,5,False
4,44,aribebu5,21,wordscra,Task,1550520888,79,2,False
4,44,aribebu5,22,postexp,Risk,1550520902,14,2,False
4,44,aribebu5,23,postexp,Pref1,1550520955,53,2,False
4,44,aribebu5,24,postexp,Pref2,1550520980,25,2,False
4,44,aribebu5,25,postexp,Demographics,1550521076,96,2,False
4,44,aribebu5,27,postexp,Results,1550521106,30,2,False
4,45,xzdr3l2d,1,tt_norms,Instructions,1550524231,84,1,False
4,45,xzdr3l2d,2,tt_norms,Task,1550524397,166,1,False
4,45,xzdr3l2d,6,tt_norms,Task,1550524487,90,2,False
4,45,xzdr3l2d,10,tt_norms,Task,1550524538,51,3,False
4,45,xzdr3l2d,14,tt_norms,Task,1550524565,27,4,False
4,45,xzdr3l2d,18,tt_norms,Task,1550524577,12,5,False
4,45,xzdr3l2d,19,tt_norms,BeliefInstructions,1550524635,58,5,False
4,45,xzdr3l2d,20,tt_norms,Beliefs,1550524706,71,5,False
4,45,xzdr3l2d,21,wordscra,Task,1550524887,181,2,False
4,45,xzdr3l2d,22,postexp,Risk,1550524896,9,2,False
4,45,xzdr3l2d,23,postexp,Pref1,1550524952,56,2,False
4,45,xzdr3l2d,24,postexp,Pref2,1550524989,37,2,False
4,45,xzdr3l2d,25,postexp,Demographics,1550525558,569,2,False
4,45,xzdr3l2d,27,postexp,Results,1550525603,45,2,False
4,46,chjf5h9r,1,tt_norms,Instructions,1550559034,90,1,False
4,46,chjf5h9r,2,tt_norms,Task,1550559148,114,1,False
4,46,chjf5h9r,6,tt_norms,Task,1550559171,23,2,False
4,46,chjf5h9r,10,tt_norms,Task,1550559201,30,3,False
4,46,chjf5h9r,14,tt_norms,Task,1550559217,16,4,False
4,46,chjf5h9r,18,tt_norms,Task,1550559231,14,5,False
4,46,chjf5h9r,19,tt_norms,BeliefInstructions,1550559250,19,5,False
4,46,chjf5h9r,20,tt_norms,Beliefs,1550559304,54,5,False
4,46,chjf5h9r,21,wordscra,Task,1550559585,281,2,False
4,46,chjf5h9r,22,postexp,Risk,1550559600,15,2,False
4,46,chjf5h9r,23,postexp,Pref1,1550559649,49,2,False
4,46,chjf5h9r,24,postexp,Pref2,1550559682,33,2,False
4,46,chjf5h9r,25,postexp,Demographics,1550559728,46,2,False
4,46,chjf5h9r,27,postexp,Results,1550559758,30,2,False
4,47,h4q3ue4i,1,tt_norms,Instructions,1550561727,4,1,False
4,48,wseeyxi5,1,tt_norms,Instructions,1550563711,223,1,False
4,48,wseeyxi5,2,tt_norms,Task,1550563822,111,1,False
4,48,wseeyxi5,6,tt_norms,Task,1550563888,66,2,False
4,48,wseeyxi5,10,tt_norms,Task,1550563916,28,3,False
4,48,wseeyxi5,14,tt_norms,Task,1550563928,12,4,False
4,48,wseeyxi5,18,tt_norms,Task,1550563940,12,5,False
4,48,wseeyxi5,19,tt_norms,BeliefInstructions,1550563966,26,5,False
4,48,wseeyxi5,20,tt_norms,Beliefs,1550564059,93,5,False
4,48,wseeyxi5,21,wordscra,Task,1550564102,43,2,False
4,48,wseeyxi5,22,postexp,Risk,1550564121,19,2,False
4,48,wseeyxi5,23,postexp,Pref1,1550564177,56,2,False
4,48,wseeyxi5,24,postexp,Pref2,1550564209,32,2,False
4,48,wseeyxi5,25,postexp,Demographics,1550564274,65,2,False
4,48,wseeyxi5,27,postexp,Results,1550564337,63,2,False
4,49,1i365m54,1,tt_norms,Instructions,1550564861,276,1,False
4,49,1i365m54,2,tt_norms,Task,1550564980,119,1,False
4,49,1i365m54,6,tt_norms,Task,1550565086,106,2,False
4,49,1i365m54,10,tt_norms,Task,1550565097,11,3,False
4,49,1i365m54,14,tt_norms,Task,1550565101,4,4,False
4,49,1i365m54,18,tt_norms,Task,1550565111,10,5,False
4,49,1i365m54,19,tt_norms,BeliefInstructions,1550565128,17,5,False
4,49,1i365m54,20,tt_norms,Beliefs,1550565162,34,5,False
4,49,1i365m54,21,wordscra,Task,1550565332,170,2,False
4,49,1i365m54,22,postexp,Risk,1550565343,11,2,False
4,49,1i365m54,23,postexp,Pref1,1550565422,79,2,False
4,49,1i365m54,24,postexp,Pref2,1550565451,29,2,False
4,49,1i365m54,25,postexp,Demographics,1550565493,42,2,False
4,49,1i365m54,27,postexp,Results,1550565522,29,2,False
4,50,ro0xdsvd,1,tt_norms,Instructions,1550565089,12,1,False
4,50,ro0xdsvd,2,tt_norms,Task,1550565176,87,1,False
4,50,ro0xdsvd,6,tt_norms,Task,1550565198,22,2,False
4,50,ro0xdsvd,10,tt_norms,Task,1550565210,12,3,False
4,50,ro0xdsvd,14,tt_norms,Task,1550565227,17,4,False
4,50,ro0xdsvd,18,tt_norms,Task,1550565238,11,5,False
4,50,ro0xdsvd,19,tt_norms,BeliefInstructions,1550565244,6,5,False
4,52,wnm6r4ce,1,tt_norms,Instructions,1550567497,78,1,False
4,52,wnm6r4ce,2,tt_norms,Task,1550567569,72,1,False
4,52,wnm6r4ce,6,tt_norms,Task,1550567600,31,2,False
4,52,wnm6r4ce,10,tt_norms,Task,1550567628,28,3,False
4,52,wnm6r4ce,14,tt_norms,Task,1550567654,26,4,False
4,52,wnm6r4ce,18,tt_norms,Task,1550567665,11,5,False
4,52,wnm6r4ce,19,tt_norms,BeliefInstructions,1550567677,12,5,False
4,52,wnm6r4ce,20,tt_norms,Beliefs,1550567753,76,5,False
4,52,wnm6r4ce,21,wordscra,Task,1550567887,134,2,False
4,52,wnm6r4ce,22,postexp,Risk,1550567899,12,2,False
4,52,wnm6r4ce,23,postexp,Pref1,1550567954,55,2,False
4,52,wnm6r4ce,24,postexp,Pref2,1550567999,45,2,False
4,52,wnm6r4ce,25,postexp,Demographics,1550568061,62,2,False
4,52,wnm6r4ce,27,postexp,Results,1550568088,27,2,False
4,53,wcbio7qd,1,tt_norms,Instructions,1550568303,123,1,False
4,53,wcbio7qd,2,tt_norms,Task,1550568385,82,1,False
4,53,wcbio7qd,6,tt_norms,Task,1550568411,26,2,False
4,53,wcbio7qd,10,tt_norms,Task,1550568431,20,3,False
4,53,wcbio7qd,14,tt_norms,Task,1550568448,17,4,False
4,53,wcbio7qd,18,tt_norms,Task,1550568459,11,5,False
4,53,wcbio7qd,19,tt_norms,BeliefInstructions,1550568478,19,5,False
4,53,wcbio7qd,20,tt_norms,Beliefs,1550568506,28,5,False
4,53,wcbio7qd,21,wordscra,Task,1550568698,192,2,False
4,53,wcbio7qd,22,postexp,Risk,1550568714,16,2,False
4,53,wcbio7qd,23,postexp,Pref1,1550568755,41,2,False
4,53,wcbio7qd,24,postexp,Pref2,1550568784,29,2,False
4,53,wcbio7qd,25,postexp,Demographics,1550568862,78,2,False
4,53,wcbio7qd,27,postexp,Results,1550568895,33,2,False
4,54,spcu8n78,1,tt_norms,Instructions,1550584861,148,1,False
4,54,spcu8n78,2,tt_norms,Task,1550585066,205,1,False
4,54,spcu8n78,6,tt_norms,Task,1550585134,68,2,False
4,54,spcu8n78,10,tt_norms,Task,1550585246,112,3,False
4,54,spcu8n78,14,tt_norms,Task,1550585293,47,4,False
4,54,spcu8n78,18,tt_norms,Task,1550585310,17,5,False
4,54,spcu8n78,19,tt_norms,BeliefInstructions,1550585355,45,5,False
4,54,spcu8n78,20,tt_norms,Beliefs,1550585425,70,5,False
4,54,spcu8n78,21,wordscra,Task,1550585561,136,2,False
4,54,spcu8n78,22,postexp,Risk,1550585634,73,2,False
4,54,spcu8n78,23,postexp,Pref1,1550585841,207,2,False
4,54,spcu8n78,24,postexp,Pref2,1550585964,123,2,False
4,54,spcu8n78,25,postexp,Demographics,1550586473,509,2,False
4,54,spcu8n78,27,postexp,Results,1550586563,90,2,False
4,55,z3t6x4tf,1,tt_norms,Instructions,1550612791,4810,1,False
4,55,z3t6x4tf,2,tt_norms,Task,1550612894,103,1,False
4,55,z3t6x4tf,6,tt_norms,Task,1550612933,39,2,False
4,55,z3t6x4tf,10,tt_norms,Task,1550612949,16,3,False
4,55,z3t6x4tf,14,tt_norms,Task,1550612965,16,4,False
4,55,z3t6x4tf,18,tt_norms,Task,1550612983,18,5,False
4,55,z3t6x4tf,19,tt_norms,BeliefInstructions,1550613003,20,5,False
4,55,z3t6x4tf,20,tt_norms,Beliefs,1550613093,90,5,False
4,55,z3t6x4tf,21,wordscra,Task,1550613286,193,2,False
4,55,z3t6x4tf,22,postexp,Risk,1550613307,21,2,False
4,55,z3t6x4tf,23,postexp,Pref1,1550613358,51,2,False
4,55,z3t6x4tf,24,postexp,Pref2,1550613397,39,2,False
4,55,z3t6x4tf,25,postexp,Demographics,1550613469,72,2,False
4,55,z3t6x4tf,27,postexp,Results,1550613509,40,2,False
4,56,98i1vmd1,1,tt_norms,Instructions,1550610519,72,1,False
4,56,98i1vmd1,2,tt_norms,Task,1550610577,58,1,False
4,56,98i1vmd1,6,tt_norms,Task,1550610600,23,2,False
4,56,98i1vmd1,10,tt_norms,Task,1550610622,22,3,False
4,56,98i1vmd1,14,tt_norms,Task,1550610632,10,4,False
4,56,98i1vmd1,18,tt_norms,Task,1550610641,9,5,False
4,56,98i1vmd1,19,tt_norms,BeliefInstructions,1550610655,14,5,False
4,56,98i1vmd1,20,tt_norms,Beliefs,1550610685,30,5,False
4,56,98i1vmd1,21,wordscra,Task,1550610766,81,2,False
4,56,98i1vmd1,22,postexp,Risk,1550610778,12,2,False
4,56,98i1vmd1,23,postexp,Pref1,1550610813,35,2,False
4,56,98i1vmd1,24,postexp,Pref2,1550610842,29,2,False
4,56,98i1vmd1,25,postexp,Demographics,1550610914,72,2,False
4,56,98i1vmd1,27,postexp,Results,1550610945,31,2,False
4,57,suszss5o,1,tt_norms,Instructions,1550674196,86,1,False
4,57,suszss5o,2,tt_norms,Task,1550674260,64,1,False
4,57,suszss5o,6,tt_norms,Task,1550674312,52,2,False
4,57,suszss5o,10,tt_norms,Task,1550674333,21,3,False
4,57,suszss5o,14,tt_norms,Task,1550674344,11,4,False
4,57,suszss5o,18,tt_norms,Task,1550674349,5,5,False
4,57,suszss5o,19,tt_norms,BeliefInstructions,1550674363,14,5,False
4,57,suszss5o,20,tt_norms,Beliefs,1550674414,51,5,False
4,57,suszss5o,21,wordscra,Task,1550674459,45,2,False
4,57,suszss5o,22,postexp,Risk,1550674618,159,2,False
4,57,suszss5o,23,postexp,Pref1,1550674651,33,2,False
4,57,suszss5o,24,postexp,Pref2,1550674681,30,2,False
4,57,suszss5o,25,postexp,Demographics,1550674718,37,2,False
4,57,suszss5o,27,postexp,Results,1550674730,12,2,False
4,58,wgjfli7l,1,tt_norms,Instructions,1550681501,46,1,False
4,58,wgjfli7l,2,tt_norms,Task,1550681606,105,1,False
4,58,wgjfli7l,6,tt_norms,Task,1550681638,32,2,False
4,58,wgjfli7l,10,tt_norms,Task,1550681646,8,3,False
4,58,wgjfli7l,14,tt_norms,Task,1550681651,5,4,False
4,58,wgjfli7l,18,tt_norms,Task,1550681676,25,5,False
4,58,wgjfli7l,19,tt_norms,BeliefInstructions,1550681678,2,5,False
4,58,wgjfli7l,20,tt_norms,Beliefs,1550681720,42,5,False
4,58,wgjfli7l,21,wordscra,Task,1550745190,63470,2,False
4,58,wgjfli7l,22,postexp,Risk,1550745197,7,2,False
4,58,wgjfli7l,23,postexp,Pref1,1550745232,35,2,False
4,58,wgjfli7l,24,postexp,Pref2,1550745258,26,2,False
4,58,wgjfli7l,25,postexp,Demographics,1550745301,43,2,False
4,58,wgjfli7l,27,postexp,Results,1550745375,74,2,False
4,60,sce8pnuh,1,tt_norms,Instructions,1550733211,84,1,False
4,60,sce8pnuh,2,tt_norms,Task,1550733366,155,1,False
4,60,sce8pnuh,6,tt_norms,Task,1550733431,65,2,False
4,60,sce8pnuh,10,tt_norms,Task,1550733459,28,3,False
4,60,sce8pnuh,14,tt_norms,Task,1550733468,9,4,False
4,60,sce8pnuh,18,tt_norms,Task,1550733475,7,5,False
4,60,sce8pnuh,19,tt_norms,BeliefInstructions,1550733510,35,5,False
4,60,sce8pnuh,20,tt_norms,Beliefs,1550733590,80,5,False
4,60,sce8pnuh,21,wordscra,Task,1550733656,66,2,False
4,60,sce8pnuh,22,postexp,Risk,1550733678,22,2,False
4,60,sce8pnuh,23,postexp,Pref1,1550733757,79,2,False
4,60,sce8pnuh,24,postexp,Pref2,1550733813,56,2,False
4,60,sce8pnuh,25,postexp,Demographics,1550733904,91,2,False
4,60,sce8pnuh,27,postexp,Results,1550734281,377,2,False
4,61,z50f0jpp,1,tt_norms,Instructions,1550740827,45,1,False
4,61,z50f0jpp,2,tt_norms,Task,1550740918,91,1,False
4,61,z50f0jpp,6,tt_norms,Task,1550740970,52,2,False
4,61,z50f0jpp,10,tt_norms,Task,1550740994,24,3,False
4,61,z50f0jpp,14,tt_norms,Task,1550741064,70,4,False
4,61,z50f0jpp,18,tt_norms,Task,1550741071,7,5,False
4,61,z50f0jpp,19,tt_norms,BeliefInstructions,1550741091,20,5,False
4,61,z50f0jpp,20,tt_norms,Beliefs,1550741151,60,5,False
4,61,z50f0jpp,21,wordscra,Task,1550741189,38,2,False
4,61,z50f0jpp,22,postexp,Risk,1550741201,12,2,False
4,61,z50f0jpp,23,postexp,Pref1,1550741258,57,2,False
4,61,z50f0jpp,24,postexp,Pref2,1550741287,29,2,False
4,61,z50f0jpp,25,postexp,Demographics,1550741339,52,2,False
4,61,z50f0jpp,27,postexp,Results,1550741363,24,2,False
4,62,m3x1uqtq,1,tt_norms,Instructions,1550751459,95,1,False
4,62,m3x1uqtq,2,tt_norms,Task,1550751554,95,1,False
4,62,m3x1uqtq,6,tt_norms,Task,1550751617,63,2,False
4,62,m3x1uqtq,10,tt_norms,Task,1550751641,24,3,False
4,62,m3x1uqtq,14,tt_norms,Task,1550751652,11,4,False
4,62,m3x1uqtq,18,tt_norms,Task,1550751660,8,5,False
4,62,m3x1uqtq,19,tt_norms,BeliefInstructions,1550751688,28,5,False
4,62,m3x1uqtq,20,tt_norms,Beliefs,1550751741,53,5,False
4,62,m3x1uqtq,21,wordscra,Task,1550751909,168,2,False
4,62,m3x1uqtq,22,postexp,Risk,1550751926,17,2,False
4,62,m3x1uqtq,23,postexp,Pref1,1550751986,60,2,False
4,62,m3x1uqtq,24,postexp,Pref2,1550752014,28,2,False
4,62,m3x1uqtq,25,postexp,Demographics,1550752087,73,2,False
4,62,m3x1uqtq,27,postexp,Results,1550752141,54,2,False
4,64,81jx5fm9,1,tt_norms,Instructions,1550823272,134,1,False
4,64,81jx5fm9,2,tt_norms,Task,1550823404,132,1,False
4,64,81jx5fm9,6,tt_norms,Task,1550823463,59,2,False
4,64,81jx5fm9,10,tt_norms,Task,1550823480,17,3,False
4,64,81jx5fm9,14,tt_norms,Task,1550823490,10,4,False
4,64,81jx5fm9,18,tt_norms,Task,1550823514,24,5,False
4,64,81jx5fm9,19,tt_norms,BeliefInstructions,1550823544,30,5,False
4,64,81jx5fm9,20,tt_norms,Beliefs,1550823586,42,5,False
4,64,81jx5fm9,21,wordscra,Task,1550823754,168,2,False
4,64,81jx5fm9,22,postexp,Risk,1550823767,13,2,False
4,64,81jx5fm9,23,postexp,Pref1,1550823833,66,2,False
4,64,81jx5fm9,24,postexp,Pref2,1550823862,29,2,False
4,64,81jx5fm9,25,postexp,Demographics,1550823915,53,2,False
4,64,81jx5fm9,27,postexp,Results,1550823970,55,2,False
4,65,vackh437,1,tt_norms,Instructions,1551020294,58,1,False
4,65,vackh437,2,tt_norms,Task,1551020355,61,1,False
4,65,vackh437,6,tt_norms,Task,1551020384,29,2,False
4,65,vackh437,10,tt_norms,Task,1551020410,26,3,False
4,65,vackh437,14,tt_norms,Task,1551020420,10,4,False
4,65,vackh437,18,tt_norms,Task,1551020432,12,5,False
4,65,vackh437,19,tt_norms,BeliefInstructions,1551020447,15,5,False
4,65,vackh437,20,tt_norms,Beliefs,1551020493,46,5,False
4,65,vackh437,21,wordscra,Task,1551020812,319,2,False
4,65,vackh437,22,postexp,Risk,1551020821,9,2,False
4,65,vackh437,23,postexp,Pref1,1551020869,48,2,False
4,65,vackh437,24,postexp,Pref2,1551020889,20,2,False
4,65,vackh437,25,postexp,Demographics,1551020920,31,2,False
4,65,vackh437,27,postexp,Results,1551020950,30,2,False
4,66,j8pzbgfi,1,tt_norms,Instructions,1551029834,9579,1,False
4,66,j8pzbgfi,2,tt_norms,Task,1551029981,147,1,False
4,66,j8pzbgfi,6,tt_norms,Task,1551029993,12,2,False
4,66,j8pzbgfi,10,tt_norms,Task,1551030002,9,3,False
4,66,j8pzbgfi,14,tt_norms,Task,1551030008,6,4,False
4,66,j8pzbgfi,18,tt_norms,Task,1551030014,6,5,False
4,66,j8pzbgfi,19,tt_norms,BeliefInstructions,1551030036,22,5,False
4,66,j8pzbgfi,20,tt_norms,Beliefs,1551030085,49,5,False
4,66,j8pzbgfi,21,wordscra,Task,1551030183,98,2,False
4,66,j8pzbgfi,22,postexp,Risk,1551030192,9,2,False
4,66,j8pzbgfi,23,postexp,Pref1,1551030231,39,2,False
4,66,j8pzbgfi,24,postexp,Pref2,1551030249,18,2,False
4,66,j8pzbgfi,25,postexp,Demographics,1551030315,66,2,False
4,66,j8pzbgfi,27,postexp,Results,1551030418,103,2,False
4,67,3cpmqhqj,1,tt_norms,Instructions,1551034064,91,1,False
4,67,3cpmqhqj,2,tt_norms,Task,1551034167,103,1,False
4,67,3cpmqhqj,6,tt_norms,Task,1551034211,44,2,False
4,67,3cpmqhqj,10,tt_norms,Task,1551034253,42,3,False
4,67,3cpmqhqj,14,tt_norms,Task,1551034267,14,4,False
4,67,3cpmqhqj,18,tt_norms,Task,1551034278,11,5,False
4,67,3cpmqhqj,19,tt_norms,BeliefInstructions,1551034306,28,5,False
4,67,3cpmqhqj,20,tt_norms,Beliefs,1551034386,80,5,False
4,67,3cpmqhqj,21,wordscra,Task,1551034468,82,2,False
4,67,3cpmqhqj,22,postexp,Risk,1551034483,15,2,False
4,67,3cpmqhqj,23,postexp,Pref1,1551034529,46,2,False
4,67,3cpmqhqj,24,postexp,Pref2,1551034554,25,2,False
4,67,3cpmqhqj,25,postexp,Demographics,1551034605,51,2,False
4,67,3cpmqhqj,27,postexp,Results,1551034637,32,2,False
4,68,f5u25yql,1,tt_norms,Instructions,1551092175,21,1,False
4,68,f5u25yql,2,tt_norms,Task,1551092242,67,1,False
4,68,f5u25yql,6,tt_norms,Task,1551092272,30,2,False
4,68,f5u25yql,10,tt_norms,Task,1551092290,18,3,False
4,68,f5u25yql,14,tt_norms,Task,1551092299,9,4,False
4,68,f5u25yql,18,tt_norms,Task,1551092309,10,5,False
4,68,f5u25yql,19,tt_norms,BeliefInstructions,1551092319,10,5,False
4,68,f5u25yql,20,tt_norms,Beliefs,1551092413,94,5,False
4,68,f5u25yql,21,wordscra,Task,1551092494,81,2,False
4,68,f5u25yql,22,postexp,Risk,1551092505,11,2,False
4,68,f5u25yql,23,postexp,Pref1,1551092534,29,2,False
4,68,f5u25yql,24,postexp,Pref2,1551092556,22,2,False
4,68,f5u25yql,25,postexp,Demographics,1551092597,41,2,False
4,68,f5u25yql,27,postexp,Results,1551092641,44,2,False
4,69,j62dmr50,1,tt_norms,Instructions,1551169471,26,1,False
4,69,j62dmr50,2,tt_norms,Task,1551169539,68,1,False
4,69,j62dmr50,6,tt_norms,Task,1551169571,32,2,False
4,69,j62dmr50,10,tt_norms,Task,1551169594,23,3,False
4,69,j62dmr50,14,tt_norms,Task,1551169622,28,4,False
4,69,j62dmr50,18,tt_norms,Task,1551169628,6,5,False
4,69,j62dmr50,19,tt_norms,BeliefInstructions,1551169638,10,5,False
4,69,j62dmr50,20,tt_norms,Beliefs,1551169723,85,5,False
4,69,j62dmr50,21,wordscra,Task,1551169837,114,2,False
4,69,j62dmr50,22,postexp,Risk,1551169849,12,2,False
4,69,j62dmr50,23,postexp,Pref1,1551169901,52,2,False
4,69,j62dmr50,24,postexp,Pref2,1551169929,28,2,False
4,69,j62dmr50,25,postexp,Demographics,1551169972,43,2,False
4,69,j62dmr50,27,postexp,Results,1551170020,48,2,False
4,70,ymu5iz7s,1,tt_norms,Instructions,1551189725,61,1,False
4,71,7op2w9x9,1,tt_norms,Instructions,1551197931,129,1,False
4,71,7op2w9x9,2,tt_norms,Task,1551198113,182,1,False
4,71,7op2w9x9,6,tt_norms,Task,1551198147,34,2,False
4,71,7op2w9x9,10,tt_norms,Task,1551198169,22,3,False
4,71,7op2w9x9,14,tt_norms,Task,1551198178,9,4,False
4,71,7op2w9x9,18,tt_norms,Task,1551198191,13,5,False
4,71,7op2w9x9,19,tt_norms,BeliefInstructions,1551198210,19,5,False
4,71,7op2w9x9,20,tt_norms,Beliefs,1551198279,69,5,False
4,71,7op2w9x9,21,wordscra,Task,1551198409,130,2,False
4,71,7op2w9x9,22,postexp,Risk,1551198426,17,2,False
4,71,7op2w9x9,23,postexp,Pref1,1551198498,72,2,False
4,71,7op2w9x9,24,postexp,Pref2,1551198527,29,2,False
4,71,7op2w9x9,25,postexp,Demographics,1551198582,55,2,False
4,71,7op2w9x9,27,postexp,Results,1551198684,102,2,False
5,1,1lgyfl3c,1,tt,Instructions,1549361446,3,2,False
5,1,1lgyfl3c,2,tt,Task,1549361449,3,2,False
5,1,1lgyfl3c,3,tt,BeliefInstructions,1549361451,2,2,False
5,1,1lgyfl3c,4,tt,Beliefs,1549361454,3,2,False
5,1,1lgyfl3c,5,wordscra,Task,1549361461,7,3,False
5,1,1lgyfl3c,6,postexp,Risk,1549361463,2,3,False
5,1,1lgyfl3c,7,postexp,Pref1,1549361465,2,3,False
5,1,1lgyfl3c,8,postexp,Pref2,1549361467,2,3,False
5,1,1lgyfl3c,9,postexp,Demographics,1549361472,5,3,False
5,1,1lgyfl3c,10,postexp,ResultsTask,1549361474,2,3,False
5,1,1lgyfl3c,11,postexp,Results,1549361488,14,3,False
