id_combined,date,experiment,us,treatment,trust_promise,trust,promise,default_yes,default_no,promise_yes,reported_diceroll,correct_guess,age,female,education,universitydegree,sector,employed,highincome,politicalright,believeingod,believeinfreewill,generaltrust,age_35,am_politics,am_god,am_freewill,am_trust,reciprocity_norms,moral_obligation,consistency,negative_emotion,positive_emotion,activepromise_treatment,default_treatment
1,07/05/2019 16:04,1,0,Trust_promise,1,0,0,,,1,1,0,37,0,3,1,1,1,,6,10,10,9,1,0,1,1,1,,,,,,1,
4,07/05/2019 09:37,1,0,Control,0,0,0,,,,2,0,53,0,4,1,1,1,1,4,1,10,9,1,0,0,1,1,,,,,,0,
7,07/05/2019 09:37,1,0,Trust_promise,1,0,0,,,1,6,0,29,0,4,1,1,1,1,9,1,11,8,0,1,0,1,0,,,,,,1,
10,07/05/2019 09:38,1,0,Trust_promise,1,0,0,,,1,1,0,20,1,2,0,3,0,0,5,1,8,7,0,0,0,0,0,,,,,,1,
13,07/05/2019 09:38,1,0,Control,0,0,0,,,,2,0,66,1,2,0,1,1,0,10,10,6,9,1,1,1,0,1,,,,,,0,
16,07/05/2019 09:42,1,0,Control,0,0,0,,,,5,1,37,0,2,0,1,1,0,6,11,11,6,1,0,1,1,0,,,,,,0,
19,07/05/2019 09:46,1,0,Trust_promise,1,0,0,,,1,4,0,65,0,4,1,2,1,1,8,10,11,9,1,1,1,1,1,,,,,,1,
22,07/05/2019 09:48,1,0,Trust_promise,1,0,0,,,1,6,1,48,1,4,1,1,1,1,7,6,7,7,1,1,1,0,0,,,,,,1,
25,07/05/2019 09:59,1,0,Trust_promise,1,0,0,,,1,2,1,35,0,2,0,1,1,1,10,1,6,4,1,1,0,0,0,,,,,,1,
28,07/05/2019 09:53,1,0,Control,0,0,0,,,,4,1,66,1,3,1,2,1,1,9,9,10,7,1,1,1,1,0,,,,,,0,
31,07/08/2019 11:40,1,0,Control,0,0,0,,,,2,1,26,1,3,1,2,1,0,3,11,11,4,0,0,1,1,0,,,,,,0,
34,07/05/2019 10:03,1,0,Control,0,0,0,,,,1,0,60,1,4,1,2,1,1,6,11,11,6,1,0,1,1,0,,,,,,0,
37,07/05/2019 10:05,1,0,Trust_promise,1,0,0,,,1,3,0,26,1,3,1,2,1,0,6,3,8,7,0,0,0,0,0,,,,,,1,
40,07/05/2019 10:31,1,0,Control,0,0,0,,,,4,0,29,1,4,1,1,1,,6,2,10,6,0,0,0,1,0,,,,,,0,
43,07/05/2019 10:23,1,0,Control,0,0,0,,,,3,0,34,1,3,1,2,1,1,5,1,11,7,0,0,0,1,0,,,,,,0,
46,07/05/2019 10:26,1,0,Trust_promise,1,0,0,,,1,2,1,26,1,3,1,2,1,0,6,11,11,9,0,0,1,1,1,,,,,,1,
49,07/05/2019 10:39,1,0,Trust_promise,1,0,0,,,1,4,0,52,0,3,1,1,1,1,8,3,11,9,1,1,0,1,1,,,,,,1,
52,07/05/2019 10:42,1,0,Control,0,0,0,,,,4,1,28,1,3,1,2,1,0,5,1,11,3,0,0,0,1,0,,,,,,0,
55,07/05/2019 10:59,1,0,Trust_promise,1,0,0,,,1,2,1,55,0,3,1,1,1,0,5,5,11,8,1,0,1,1,0,,,,,,1,
58,07/05/2019 11:27,1,0,Control,0,0,0,,,,4,1,22,1,2,0,3,0,,1,1,11,7,0,0,0,1,0,,,,,,0,
61,07/05/2019 11:55,1,0,Control,0,0,0,,,,3,0,33,1,2,0,2,1,,6,1,11,3,0,0,0,1,0,,,,,,0,
64,07/05/2019 18:21,1,0,Trust_promise,1,0,0,,,1,2,0,55,0,2,0,2,1,,6,8,11,7,1,0,1,1,0,,,,,,1,
67,07/05/2019 11:48,1,0,Trust_promise,1,0,0,,,1,6,0,19,1,2,0,1,1,0,1,11,11,2,0,0,1,1,0,,,,,,1,
70,07/05/2019 11:49,1,0,Control,0,0,0,,,,4,1,71,0,3,1,3,0,1,8,4,9,9,1,1,0,0,1,,,,,,0,
73,07/05/2019 12:01,1,0,Trust_promise,1,0,0,,,1,1,0,56,1,2,0,1,1,1,10,6,7,9,1,1,1,0,1,,,,,,1,
76,07/05/2019 12:11,1,0,Control,0,0,0,,,,2,1,70,0,3,1,1,1,1,4,1,8,8,1,0,0,0,0,,,,,,0,
79,07/05/2019 12:24,1,0,Trust_promise,1,0,0,,,1,5,0,30,1,2,0,1,1,0,10,1,11,7,0,1,0,1,0,,,,,,1,
82,07/05/2019 12:35,1,0,Control,0,0,0,,,,5,0,81,0,2,0,3,0,0,9,6,5,9,1,1,1,0,1,,,,,,0,
85,07/05/2019 12:52,1,0,Trust_promise,1,0,0,,,1,1,0,42,1,2,0,3,0,0,4,7,4,6,1,0,1,0,0,,,,,,1,
88,07/05/2019 13:04,1,0,Trust_promise,1,0,0,,,1,5,0,54,1,3,1,2,1,0,4,11,11,9,1,0,1,1,1,,,,,,1,
91,07/05/2019 13:22,1,0,Trust_promise,1,0,0,,,1,5,1,22,0,2,0,2,1,0,6,2,9,8,0,0,0,0,0,,,,,,1,
94,07/05/2019 13:25,1,0,Control,0,0,0,,,,1,0,74,1,4,1,3,0,,4,4,5,7,1,0,0,0,0,,,,,,0,
97,07/05/2019 13:45,1,0,Control,0,0,0,,,,4,1,19,1,2,0,2,1,0,9,1,10,8,0,1,0,1,0,,,,,,0,
100,07/05/2019 13:47,1,0,Control,0,0,0,,,,3,0,40,1,2,0,1,1,,6,6,7,6,1,0,1,0,0,,,,,,0,
103,07/05/2019 13:56,1,0,Trust_promise,1,0,0,,,1,5,0,34,1,4,1,2,1,1,3,3,10,8,0,0,0,1,0,,,,,,1,
106,07/05/2019 14:29,1,0,Trust_promise,1,0,0,,,1,6,1,68,0,3,1,2,1,1,4,1,9,7,1,0,0,0,0,,,,,,1,
109,07/05/2019 14:32,1,0,Control,0,0,0,,,,4,0,25,0,4,1,1,1,1,8,1,11,6,0,1,0,1,0,,,,,,0,
112,07/05/2019 15:30,1,0,Control,0,0,0,,,,5,1,23,1,4,1,2,1,,6,11,11,9,0,0,1,1,1,,,,,,0,
115,07/05/2019 15:46,1,0,Trust_promise,1,0,0,,,1,2,0,69,0,3,1,3,0,,4,1,8,9,1,0,0,0,1,,,,,,1,
118,07/05/2019 16:05,1,0,Control,0,0,0,,,,1,0,35,0,4,1,2,1,1,3,1,9,4,1,0,0,0,0,,,,,,0,
121,07/05/2019 17:00,1,0,Control,0,0,0,,,,3,1,37,1,2,0,1,1,0,9,1,11,9,1,1,0,1,1,,,,,,0,
124,07/05/2019 18:20,1,0,Trust_promise,1,0,0,,,1,2,0,21,1,2,0,2,1,,2,2,8,7,0,0,0,0,0,,,,,,1,
127,07/05/2019 18:44,1,0,Control,0,0,0,,,,4,1,23,1,2,0,1,1,0,6,4,9,6,0,0,0,0,0,,,,,,0,
130,07/05/2019 19:40,1,0,Trust_promise,1,0,0,,,1,5,0,39,1,4,1,2,1,1,6,4,11,6,1,0,0,1,0,,,,,,1,
133,07/05/2019 21:25,1,0,Control,0,0,0,,,,4,1,57,0,3,1,1,1,1,9,1,10,8,1,1,0,1,0,,,,,,0,
136,07/05/2019 22:45,1,0,Control,0,0,0,,,,4,0,56,0,3,1,2,1,1,5,1,7,7,1,0,0,0,0,,,,,,0,
139,07/05/2019 23:57,1,0,Trust_promise,1,0,0,,,1,1,0,75,0,3,1,3,0,1,9,8,9,8,1,1,1,0,0,,,,,,1,
142,07/06/2019 05:08,1,0,Trust_promise,1,0,0,,,1,5,0,30,1,3,1,2,1,0,1,6,11,5,0,0,1,1,0,,,,,,1,
145,07/06/2019 08:31,1,0,Control,0,0,0,,,,3,1,71,1,1,0,3,0,0,8,1,6,5,1,1,0,0,0,,,,,,0,
148,07/06/2019 08:43,1,0,Trust_promise,1,0,0,,,1,5,1,62,0,1,0,3,0,1,9,6,9,7,1,1,1,0,0,,,,,,1,
151,07/06/2019 08:59,1,0,Control,0,0,0,,,,6,0,22,1,2,0,2,1,0,6,11,8,8,0,0,1,0,0,,,,,,0,
154,07/06/2019 10:51,1,0,Control,0,0,0,,,,6,0,54,0,2,0,3,0,0,6,11,11,6,1,0,1,1,0,,,,,,0,
157,07/06/2019 10:50,1,0,Trust_promise,1,0,0,,,1,6,0,35,1,3,1,3,0,0,3,2,11,6,1,0,0,1,0,,,,,,1,
160,07/06/2019 11:36,1,0,Control,0,0,0,,,,5,1,55,0,3,1,1,1,1,3,7,6,9,1,0,1,0,1,,,,,,0,
163,07/06/2019 13:03,1,0,Trust_promise,1,0,0,,,1,4,0,28,0,3,1,1,1,0,3,1,8,9,0,0,0,0,1,,,,,,1,
166,07/06/2019 17:43,1,0,Trust_promise,1,0,0,,,1,2,1,45,0,3,1,1,1,1,9,7,6,6,1,1,1,0,0,,,,,,1,
169,07/06/2019 20:33,1,0,Control,0,0,0,,,,5,0,22,0,2,0,1,1,1,9,2,8,7,0,1,0,0,0,,,,,,0,
172,07/06/2019 21:55,1,0,Control,0,0,0,,,,4,0,22,0,2,0,1,1,0,1,1,1,2,0,0,0,0,0,,,,,,0,
175,07/06/2019 22:05,1,0,Trust_promise,1,0,0,,,1,3,1,41,1,3,1,2,1,,6,6,10,9,1,0,1,1,1,,,,,,1,
178,07/06/2019 23:27,1,0,Trust_promise,1,0,0,,,1,5,0,18,1,1,0,2,1,,6,3,9,4,0,0,0,0,0,,,,,,1,
181,07/07/2019 09:14,1,0,Control,0,0,0,,,,6,1,21,1,2,0,2,1,0,8,7,8,6,0,1,1,0,0,,,,,,0,
184,07/07/2019 15:29,1,0,Trust_promise,1,0,0,,,1,5,1,28,1,4,1,2,1,0,4,2,8,3,0,0,0,0,0,,,,,,1,
187,07/07/2019 15:30,1,0,Control,0,0,0,,,,5,0,45,1,4,1,2,1,0,6,7,11,8,1,0,1,1,0,,,,,,0,
190,07/07/2019 21:43,1,0,Trust_promise,1,0,0,,,1,5,1,23,1,3,1,1,1,0,3,5,11,10,0,0,1,1,1,,,,,,1,
193,07/10/2019 14:44,1,0,Trust_promise,1,0,0,,,1,5,0,38,1,2,0,1,1,0,3,1,11,8,1,0,0,1,0,,,,,,1,
196,07/08/2019 00:01,1,0,Control,0,0,0,,,,5,0,47,1,4,1,2,1,0,5,2,8,10,1,0,0,0,1,,,,,,0,
199,07/08/2019 09:10,1,0,Trust_promise,1,0,0,,,1,6,0,56,0,4,1,1,1,1,8,11,11,11,1,1,1,1,1,,,,,,1,
202,07/08/2019 10:44,1,0,Trust_promise,1,0,0,,,1,2,0,38,1,2,0,3,0,0,6,7,11,6,1,0,1,1,0,,,,,,1,
205,07/08/2019 11:25,1,0,Control,0,0,0,,,,5,1,75,0,4,1,3,0,1,9,1,4,5,1,1,0,0,0,,,,,,0,
208,07/08/2019 13:28,1,0,Control,0,0,0,,,,5,1,60,1,5,1,1,1,1,6,10,9,8,1,0,1,0,0,,,,,,0,
211,07/08/2019 15:22,1,0,Trust_promise,1,0,0,,,1,1,0,18,1,1,0,3,0,,4,1,11,5,0,0,0,1,0,,,,,,1,
214,07/08/2019 17:37,1,0,Control,0,0,0,,,,1,1,35,1,2,0,2,1,0,5,2,10,7,1,0,0,1,0,,,,,,0,
217,07/08/2019 21:23,1,0,Trust_promise,1,0,0,,,1,2,0,63,0,4,1,2,1,1,8,2,9,8,1,1,0,0,0,,,,,,1,
220,07/09/2019 10:02,1,0,Control,0,0,0,,,,3,0,78,1,4,1,3,0,0,9,11,6,9,1,1,1,0,1,,,,,,0,
223,07/09/2019 10:03,1,0,Trust_promise,1,0,0,,,1,1,0,48,1,2,0,2,1,1,6,1,8,6,1,0,0,0,0,,,,,,1,
226,07/09/2019 10:05,1,0,Trust_promise,1,0,0,,,1,4,0,46,1,2,0,1,1,0,11,1,10,7,1,1,0,1,0,,,,,,1,
229,07/09/2019 10:04,1,0,Trust_promise,1,0,0,,,1,3,0,29,0,3,1,1,1,0,2,1,3,7,0,0,0,0,0,,,,,,1,
232,07/09/2019 10:05,1,0,Control,0,0,0,,,,2,0,59,1,4,1,3,0,0,2,11,11,8,1,0,1,1,0,,,,,,0,
235,07/09/2019 10:04,1,0,Control,0,0,0,,,,3,0,24,0,3,1,1,1,0,3,1,11,8,0,0,0,1,0,,,,,,0,
238,07/09/2019 10:04,1,0,Trust_promise,1,0,0,,,1,5,0,20,1,2,0,1,1,0,6,1,5,3,0,0,0,0,0,,,,,,1,
241,07/09/2019 10:03,1,0,Control,0,0,0,,,,5,1,50,1,3,1,1,1,,10,6,11,8,1,1,1,1,0,,,,,,0,
244,07/09/2019 10:06,1,0,Trust_promise,1,0,0,,,1,2,0,72,1,3,1,3,0,1,4,4,8,6,1,0,0,0,0,,,,,,1,
247,07/09/2019 10:10,1,0,Control,0,0,0,,,,2,1,51,0,4,1,1,1,1,10,11,11,5,1,1,1,1,0,,,,,,0,
250,07/09/2019 10:04,1,0,Control,0,0,0,,,,2,1,50,0,4,1,2,1,1,2,1,8,8,1,0,0,0,0,,,,,,0,
253,07/09/2019 10:05,1,0,Control,0,0,0,,,,2,0,25,0,2,0,1,1,0,8,6,11,3,0,1,1,1,0,,,,,,0,
256,07/09/2019 10:04,1,0,Trust_promise,1,0,0,,,1,5,0,43,1,4,1,2,1,1,3,6,11,8,1,0,1,1,0,,,,,,1,
259,07/09/2019 10:12,1,0,Control,0,0,0,,,,5,0,37,0,3,1,1,1,1,5,2,8,9,1,0,0,0,1,,,,,,0,
262,07/09/2019 10:05,1,0,Trust_promise,1,0,0,,,1,1,0,32,1,4,1,1,1,1,6,3,9,8,0,0,0,0,0,,,,,,1,
265,07/09/2019 10:04,1,0,Trust_promise,1,0,0,,,1,5,1,27,0,3,1,1,1,1,6,11,11,8,0,0,1,1,0,,,,,,1,
268,07/09/2019 10:09,1,0,Trust_promise,1,0,0,,,1,6,0,59,1,2,0,3,0,0,6,1,10,8,1,0,0,1,0,,,,,,1,
271,07/09/2019 10:08,1,0,Trust_promise,1,0,0,,,1,3,0,63,1,2,0,2,1,0,4,5,8,8,1,0,1,0,0,,,,,,1,
274,07/09/2019 10:05,1,0,Control,0,0,0,,,,5,1,39,1,3,1,2,1,1,6,1,9,5,1,0,0,0,0,,,,,,0,
277,07/09/2019 10:06,1,0,Control,0,0,0,,,,5,1,30,1,3,1,2,1,1,5,6,9,7,0,0,1,0,0,,,,,,0,
280,07/09/2019 10:06,1,0,Trust_promise,1,0,0,,,1,5,1,23,1,3,1,1,1,,8,6,9,6,0,1,1,0,0,,,,,,1,
283,07/09/2019 10:29,1,0,Trust_promise,1,0,0,,,1,4,0,50,0,2,0,1,1,0,8,6,11,8,1,1,1,1,0,,,,,,1,
286,07/09/2019 10:08,1,0,Trust_promise,1,0,0,,,1,3,0,48,0,2,0,1,1,1,3,6,7,8,1,0,1,0,0,,,,,,1,
289,07/09/2019 10:09,1,0,Control,0,0,0,,,,1,1,35,1,4,1,1,1,0,2,2,11,8,1,0,0,1,0,,,,,,0,
292,07/22/2019 11:25,1,0,Control,0,0,0,,,,6,1,37,0,6,0,2,1,1,8,11,11,8,1,1,1,1,0,,,,,,0,
295,07/09/2019 10:09,1,0,Trust_promise,1,0,0,,,1,5,1,29,0,2,0,1,1,0,3,1,7,5,0,0,0,0,0,,,,,,1,
298,07/09/2019 10:11,1,0,Trust_promise,1,0,0,,,1,2,0,37,1,3,1,1,1,1,4,4,10,8,1,0,0,1,0,,,,,,1,
301,07/09/2019 10:10,1,0,Control,0,0,0,,,,6,0,27,0,3,1,2,1,0,9,9,8,8,0,1,1,0,0,,,,,,0,
304,07/10/2019 10:30,1,0,Trust_promise,1,0,0,,,1,5,1,29,0,3,1,1,1,0,5,1,11,8,0,0,0,1,0,,,,,,1,
307,07/09/2019 10:11,1,0,Trust_promise,1,0,0,,,1,6,0,58,1,2,0,2,1,,7,7,8,5,1,1,1,0,0,,,,,,1,
310,07/09/2019 10:13,1,0,Control,0,0,0,,,,4,1,63,0,2,0,1,1,1,8,6,11,10,1,1,1,1,1,,,,,,0,
313,07/09/2019 10:13,1,0,Control,0,0,0,,,,1,0,29,1,4,1,1,1,0,7,1,6,5,0,1,0,0,0,,,,,,0,
316,07/09/2019 10:13,1,0,Control,0,0,0,,,,2,0,61,0,2,0,3,0,0,8,2,10,6,1,1,0,1,0,,,,,,0,
319,07/09/2019 10:14,1,0,Trust_promise,1,0,0,,,1,2,1,29,0,4,1,1,1,1,7,1,10,8,0,1,0,1,0,,,,,,1,
322,07/09/2019 10:15,1,0,Control,0,0,0,,,,4,1,51,1,3,1,3,0,,8,3,11,8,1,1,0,1,0,,,,,,0,
325,07/09/2019 10:17,1,0,Trust_promise,1,0,0,,,1,5,1,54,0,3,1,1,1,1,7,1,9,8,1,1,0,0,0,,,,,,1,
328,07/09/2019 10:13,1,0,Control,0,0,0,,,,2,1,23,1,2,0,2,1,1,6,3,6,3,0,0,0,0,0,,,,,,0,
331,07/09/2019 10:15,1,0,Control,0,0,0,,,,3,0,43,1,1,0,3,0,0,6,11,11,7,1,0,1,1,0,,,,,,0,
334,07/09/2019 10:13,1,0,Trust_promise,1,0,0,,,1,1,0,22,0,3,1,3,0,0,7,4,10,8,0,1,0,1,0,,,,,,1,
337,07/09/2019 10:15,1,0,Trust_promise,1,0,0,,,1,6,1,71,1,3,1,3,0,0,2,2,9,9,1,0,0,0,1,,,,,,1,
340,07/09/2019 10:16,1,0,Control,0,0,0,,,,2,1,72,1,2,0,3,0,0,6,10,7,7,1,0,1,0,0,,,,,,0,
343,07/09/2019 10:17,1,0,Trust_promise,1,0,0,,,1,1,1,40,1,3,1,1,1,0,6,11,11,9,1,0,1,1,1,,,,,,1,
346,07/09/2019 10:16,1,0,Control,0,0,0,,,,2,1,24,1,2,0,2,1,0,6,3,8,11,0,0,0,0,1,,,,,,0,
349,07/09/2019 10:18,1,0,Trust_promise,1,0,0,,,1,4,0,65,0,3,1,3,0,0,3,4,10,9,1,0,0,1,1,,,,,,1,
352,07/09/2019 10:17,1,0,Control,0,0,0,,,,3,1,23,1,3,1,1,1,0,3,1,10,8,0,0,0,1,0,,,,,,0,
355,07/09/2019 10:17,1,0,Control,0,0,0,,,,4,1,26,1,3,1,2,1,0,2,1,6,5,0,0,0,0,0,,,,,,0,
358,07/09/2019 10:16,1,0,Trust_promise,1,0,0,,,1,4,0,40,1,3,1,1,1,1,8,8,10,9,1,1,1,1,1,,,,,,1,
361,07/09/2019 10:18,1,0,Trust_promise,1,0,0,,,1,4,0,47,1,2,0,2,1,0,6,3,11,6,1,0,0,1,0,,,,,,1,
364,07/09/2019 10:19,1,0,Control,0,0,0,,,,5,0,25,0,3,1,1,1,1,8,1,10,7,0,1,0,1,0,,,,,,0,
367,07/09/2019 10:34,1,0,Trust_promise,1,0,0,,,1,6,0,76,0,3,1,3,0,0,7,5,5,7,1,1,1,0,0,,,,,,1,
370,07/09/2019 10:20,1,0,Control,0,0,0,,,,2,1,62,0,2,0,3,0,0,6,3,8,10,1,0,0,0,1,,,,,,0,
373,07/09/2019 10:21,1,0,Trust_promise,1,0,0,,,1,2,1,26,1,2,0,3,0,0,11,1,11,8,0,1,0,1,0,,,,,,1,
376,07/09/2019 10:20,1,0,Control,0,0,0,,,,2,1,37,0,3,1,1,1,0,5,1,11,8,1,0,0,1,0,,,,,,0,
379,07/09/2019 10:22,1,0,Control,0,0,0,,,,5,1,41,1,2,0,2,1,,6,11,8,7,1,0,1,0,0,,,,,,0,
382,07/09/2019 10:22,1,0,Trust_promise,1,0,0,,,1,2,1,26,1,2,0,1,1,0,6,1,11,7,0,0,0,1,0,,,,,,1,
385,07/09/2019 10:22,1,0,Control,0,0,0,,,,3,0,39,1,2,0,2,1,,6,6,11,9,1,0,1,1,1,,,,,,0,
388,07/09/2019 10:24,1,0,Control,0,0,0,,,,4,1,19,1,2,0,1,1,0,11,1,6,5,0,1,0,0,0,,,,,,0,
391,07/09/2019 10:22,1,0,Trust_promise,1,0,0,,,1,4,0,34,0,4,1,2,1,0,6,1,11,10,0,0,0,1,1,,,,,,1,
394,07/09/2019 10:23,1,0,Control,0,0,0,,,,2,0,52,1,4,1,1,1,1,4,6,11,8,1,0,1,1,0,,,,,,0,
397,07/09/2019 10:23,1,0,Trust_promise,1,0,0,,,1,1,0,21,1,3,1,3,0,,4,7,8,4,0,0,1,0,0,,,,,,1,
400,07/09/2019 10:24,1,0,Control,0,0,0,,,,4,1,18,1,1,0,1,1,0,5,2,9,7,0,0,0,0,0,,,,,,0,
403,07/09/2019 10:25,1,0,Trust_promise,1,0,0,,,1,1,0,32,0,4,1,2,1,0,9,1,9,8,0,1,0,0,0,,,,,,1,
406,07/09/2019 10:27,1,0,Trust_promise,1,0,0,,,1,6,0,29,0,4,1,2,1,0,3,1,11,7,0,0,0,1,0,,,,,,1,
409,07/09/2019 10:26,1,0,Control,0,0,0,,,,1,0,60,1,2,0,2,1,0,5,8,9,6,1,0,1,0,0,,,,,,0,
412,07/09/2019 10:34,1,0,Control,0,0,0,,,,6,1,82,0,2,0,3,0,0,9,6,6,10,1,1,1,0,1,,,,,,0,
415,07/09/2019 10:27,1,0,Control,0,0,0,,,,4,1,31,1,3,1,2,1,0,11,1,11,7,0,1,0,1,0,,,,,,0,
418,07/09/2019 10:30,1,0,Trust_promise,1,0,0,,,1,3,0,22,1,2,0,3,0,,4,5,6,7,0,0,1,0,0,,,,,,1,
421,07/09/2019 10:28,1,0,Trust_promise,1,0,0,,,1,5,1,47,0,4,1,1,1,1,3,1,10,8,1,0,0,1,0,,,,,,1,
424,07/09/2019 10:32,1,0,Trust_promise,1,0,0,,,1,5,0,19,0,2,0,3,0,0,11,1,10,8,0,1,0,1,0,,,,,,1,
427,07/09/2019 10:30,1,0,Control,0,0,0,,,,4,1,24,0,2,0,1,1,0,6,4,8,5,0,0,0,0,0,,,,,,0,
430,07/09/2019 10:34,1,0,Control,0,0,0,,,,3,0,66,0,4,1,3,0,1,5,6,7,9,1,0,1,0,1,,,,,,0,
433,07/09/2019 10:34,1,0,Trust_promise,1,0,0,,,1,5,0,69,1,3,1,3,0,,10,6,11,8,1,1,1,1,0,,,,,,1,
436,07/09/2019 10:33,1,0,Control,0,0,0,,,,2,0,48,1,3,1,2,1,0,9,6,9,5,1,1,1,0,0,,,,,,0,
439,07/09/2019 10:34,1,0,Trust_promise,1,0,0,,,1,1,1,67,1,4,1,3,0,,6,4,6,6,1,0,0,0,0,,,,,,1,
442,07/09/2019 10:37,1,0,Trust_promise,1,0,0,,,1,2,0,67,0,4,1,1,1,,4,5,9,8,1,0,1,0,0,,,,,,1,
445,07/09/2019 10:35,1,0,Control,0,0,0,,,,6,0,43,1,3,1,3,0,1,6,1,11,7,1,0,0,1,0,,,,,,0,
448,07/09/2019 10:38,1,0,Trust_promise,1,0,0,,,1,4,1,33,1,2,0,3,0,0,1,6,7,4,0,0,1,0,0,,,,,,1,
451,07/09/2019 10:46,1,0,Control,0,0,0,,,,3,0,29,1,4,1,2,1,1,1,1,8,8,0,0,0,0,0,,,,,,0,
454,07/09/2019 10:39,1,0,Control,0,0,0,,,,4,1,23,1,2,0,3,0,0,4,1,9,2,0,0,0,0,0,,,,,,0,
457,07/09/2019 10:38,1,0,Control,0,0,0,,,,1,0,47,0,4,1,1,1,1,8,7,9,9,1,1,1,0,1,,,,,,0,
460,07/09/2019 10:40,1,0,Trust_promise,1,0,0,,,1,1,0,29,0,2,0,1,1,1,8,1,4,6,0,1,0,0,0,,,,,,1,
463,07/09/2019 10:42,1,0,Control,0,0,0,,,,2,0,53,0,2,0,1,1,1,6,5,9,7,1,0,1,0,0,,,,,,0,
466,07/09/2019 10:43,1,0,Trust_promise,1,0,0,,,1,5,0,72,0,4,1,3,0,1,8,6,4,8,1,1,1,0,0,,,,,,1,
469,07/09/2019 10:42,1,0,Control,0,0,0,,,,2,1,19,1,2,0,1,1,0,4,4,6,7,0,0,0,0,0,,,,,,0,
472,07/09/2019 10:47,1,0,Trust_promise,1,0,0,,,1,4,0,70,0,2,0,3,0,0,3,7,9,8,1,0,1,0,0,,,,,,1,
475,07/09/2019 10:46,1,0,Trust_promise,1,0,0,,,1,5,0,50,0,4,1,2,1,1,2,1,9,9,1,0,0,0,1,,,,,,1,
478,07/09/2019 10:46,1,0,Control,0,0,0,,,,5,1,32,0,1,0,1,1,1,5,1,11,5,0,0,0,1,0,,,,,,0,
481,07/09/2019 10:45,1,0,Control,0,0,0,,,,3,0,19,1,2,0,2,1,,8,11,9,7,0,1,1,0,0,,,,,,0,
484,07/09/2019 10:46,1,0,Trust_promise,1,0,0,,,1,2,0,29,1,4,1,2,1,1,2,6,9,5,0,0,1,0,0,,,,,,1,
487,07/09/2019 10:47,1,0,Trust_promise,1,0,0,,,1,3,0,54,1,3,1,2,1,1,5,1,8,8,1,0,0,0,0,,,,,,1,
490,07/09/2019 10:52,1,0,Trust_promise,1,0,0,,,1,1,0,69,0,4,1,1,1,1,6,11,10,7,1,0,1,1,0,,,,,,1,
493,07/09/2019 10:51,1,0,Control,0,0,0,,,,2,1,51,0,4,1,1,1,1,6,6,6,6,1,0,1,0,0,,,,,,0,
496,07/22/2019 09:38,1,0,Control,0,0,0,,,,6,0,29,1,3,1,1,1,1,6,1,9,7,0,0,0,0,0,,,,,,0,
499,07/09/2019 10:54,1,0,Trust_promise,1,0,0,,,1,1,1,26,0,2,0,2,1,1,6,1,6,6,0,0,0,0,0,,,,,,1,
502,07/09/2019 10:57,1,0,Control,0,0,0,,,,2,1,28,1,2,0,1,1,0,9,8,10,4,0,1,1,1,0,,,,,,0,
505,07/09/2019 11:04,1,0,Control,0,0,0,,,,3,0,74,1,2,0,2,1,0,11,6,6,10,1,1,1,0,1,,,,,,0,
508,07/09/2019 10:57,1,0,Trust_promise,1,0,0,,,1,2,1,27,0,1,0,1,1,1,3,1,7,7,0,0,0,0,0,,,,,,1,
511,07/09/2019 11:01,1,0,Control,0,0,0,,,,6,1,58,1,6,0,1,1,0,6,4,3,6,1,0,0,0,0,,,,,,0,
514,07/09/2019 10:58,1,0,Trust_promise,1,0,0,,,1,3,0,54,1,3,1,2,1,0,5,10,10,9,1,0,1,1,1,,,,,,1,
517,07/09/2019 11:04,1,0,Trust_promise,1,0,0,,,1,3,1,24,1,3,1,1,1,,5,7,5,3,0,0,1,0,0,,,,,,1,
520,07/09/2019 11:01,1,0,Control,0,0,0,,,,4,0,71,0,3,1,3,0,0,4,6,8,8,1,0,1,0,0,,,,,,0,
523,07/09/2019 11:00,1,0,Control,0,0,0,,,,5,0,31,1,2,0,1,1,0,2,1,10,8,0,0,0,1,0,,,,,,0,
526,07/09/2019 11:01,1,0,Trust_promise,1,0,0,,,1,3,1,38,1,3,1,1,1,1,9,1,9,8,1,1,0,0,0,,,,,,1,
529,07/09/2019 11:04,1,0,Control,0,0,0,,,,6,1,64,1,2,0,2,1,1,6,10,7,9,1,0,1,0,1,,,,,,0,
532,07/09/2019 11:05,1,0,Trust_promise,1,0,0,,,1,6,1,50,0,3,1,2,1,1,9,1,9,5,1,1,0,0,0,,,,,,1,
535,07/09/2019 11:10,1,0,Trust_promise,1,0,0,,,1,3,0,63,0,3,1,2,1,1,2,3,11,9,1,0,0,1,1,,,,,,1,
538,07/09/2019 11:12,1,0,Trust_promise,1,0,0,,,1,4,1,42,1,2,0,1,1,1,6,3,6,7,1,0,0,0,0,,,,,,1,
541,07/09/2019 11:10,1,0,Control,0,0,0,,,,5,0,47,1,3,1,3,0,0,6,11,9,8,1,0,1,0,0,,,,,,0,
544,07/09/2019 11:26,1,0,Control,0,0,0,,,,5,0,41,0,3,1,1,1,1,9,11,11,8,1,1,1,1,0,,,,,,0,
547,07/09/2019 11:15,1,0,Trust_promise,1,0,0,,,1,6,0,41,1,2,0,1,1,,6,1,11,8,1,0,0,1,0,,,,,,1,
550,07/09/2019 11:17,1,0,Control,0,0,0,,,,5,0,68,1,4,1,3,0,0,7,1,10,8,1,1,0,1,0,,,,,,0,
553,07/09/2019 11:20,1,0,Trust_promise,1,0,0,,,1,5,0,30,0,2,0,1,1,0,4,6,7,8,0,0,1,0,0,,,,,,1,
556,07/09/2019 11:20,1,0,Control,0,0,0,,,,6,1,74,0,2,0,3,0,0,4,1,10,8,1,0,0,1,0,,,,,,0,
559,07/09/2019 11:20,1,0,Trust_promise,1,0,0,,,1,3,1,35,0,4,1,2,1,1,4,8,8,8,1,0,1,0,0,,,,,,1,
562,07/09/2019 11:24,1,0,Control,0,0,0,,,,2,0,70,0,3,1,3,0,0,9,1,8,9,1,1,0,0,1,,,,,,0,
565,07/09/2019 11:25,1,0,Control,0,0,0,,,,1,0,62,0,3,1,2,1,1,8,6,8,9,1,1,1,0,1,,,,,,0,
568,07/09/2019 11:25,1,0,Trust_promise,1,0,0,,,1,6,1,54,1,2,0,1,1,1,7,7,6,9,1,1,1,0,1,,,,,,1,
571,07/09/2019 11:29,1,0,Control,0,0,0,,,,4,1,59,0,3,1,2,1,1,10,10,7,5,1,1,1,0,0,,,,,,0,
574,07/09/2019 11:27,1,0,Trust_promise,1,0,0,,,1,3,0,20,1,2,0,1,1,0,3,8,9,7,0,0,1,0,0,,,,,,1,
577,07/09/2019 11:29,1,0,Control,0,0,0,,,,2,1,22,1,2,0,3,0,0,7,4,4,4,0,1,0,0,0,,,,,,0,
580,07/09/2019 11:31,1,0,Trust_promise,1,0,0,,,1,6,0,35,0,1,0,1,1,0,6,2,9,7,1,0,0,0,0,,,,,,1,
583,07/09/2019 11:35,1,0,Control,0,0,0,,,,4,1,70,0,4,1,1,1,,4,5,9,9,1,0,1,0,1,,,,,,0,
586,07/09/2019 11:38,1,0,Trust_promise,1,0,0,,,1,5,1,57,1,2,0,2,1,0,5,4,9,10,1,0,0,0,1,,,,,,1,
589,07/09/2019 11:42,1,0,Control,0,0,0,,,,2,1,29,1,2,0,1,1,0,9,3,8,5,0,1,0,0,0,,,,,,0,
592,07/09/2019 11:42,1,0,Trust_promise,1,0,0,,,1,5,1,43,0,3,1,2,1,1,7,3,8,9,1,1,0,0,1,,,,,,1,
595,07/09/2019 11:43,1,0,Control,0,0,0,,,,2,0,40,1,4,1,1,1,,9,5,7,4,1,1,1,0,0,,,,,,0,
598,07/09/2019 11:44,1,0,Trust_promise,1,0,0,,,1,2,1,71,0,3,1,3,0,,7,6,4,5,1,1,1,0,0,,,,,,1,
601,07/09/2019 11:45,1,0,Trust_promise,1,0,0,,,1,4,0,63,0,2,0,1,1,0,6,1,6,4,1,0,0,0,0,,,,,,1,
604,07/09/2019 11:45,1,0,Control,0,0,0,,,,3,0,27,0,2,0,3,0,,4,3,9,9,0,0,0,0,1,,,,,,0,
607,07/09/2019 11:48,1,0,Control,0,0,0,,,,6,0,73,0,2,0,3,0,,9,1,11,9,1,1,0,1,1,,,,,,0,
610,07/09/2019 11:46,1,0,Trust_promise,1,0,0,,,1,1,0,45,0,2,0,1,1,1,7,2,10,8,1,1,0,1,0,,,,,,1,
613,07/09/2019 11:51,1,0,Trust_promise,1,0,0,,,1,2,0,26,0,1,0,3,0,0,10,1,11,9,0,1,0,1,1,,,,,,1,
616,07/09/2019 11:52,1,0,Control,0,0,0,,,,2,0,69,0,3,1,3,0,0,3,1,9,8,1,0,0,0,0,,,,,,0,
619,07/09/2019 12:00,1,0,Control,0,0,0,,,,3,0,25,1,4,1,2,1,0,6,4,5,5,0,0,0,0,0,,,,,,0,
622,07/09/2019 11:58,1,0,Control,0,0,0,,,,2,1,27,1,4,1,2,1,1,3,2,9,7,0,0,0,0,0,,,,,,0,
625,07/09/2019 11:59,1,0,Trust_promise,1,0,0,,,1,3,0,43,0,3,1,1,1,1,7,1,8,9,1,1,0,0,1,,,,,,1,
628,07/09/2019 12:01,1,0,Control,0,0,0,,,,3,0,30,1,3,1,1,1,0,3,1,11,1,0,0,0,1,0,,,,,,0,
631,07/09/2019 12:08,1,0,Trust_promise,1,0,0,,,1,3,0,79,0,4,1,3,0,1,8,1,6,4,1,1,0,0,0,,,,,,1,
634,07/09/2019 12:07,1,0,Control,0,0,0,,,,1,0,28,1,2,0,1,1,0,3,6,9,9,0,0,1,0,1,,,,,,0,
637,07/09/2019 12:07,1,0,Control,0,0,0,,,,1,0,24,0,2,0,2,1,0,6,4,11,4,0,0,0,1,0,,,,,,0,
640,07/09/2019 12:08,1,0,Trust_promise,1,0,0,,,1,3,1,27,1,3,1,1,1,0,6,1,8,8,0,0,0,0,0,,,,,,1,
643,07/09/2019 12:10,1,0,Trust_promise,1,0,0,,,1,2,1,53,0,2,0,3,0,0,1,1,8,6,1,0,0,0,0,,,,,,1,
646,07/09/2019 12:11,1,0,Control,0,0,0,,,,4,0,25,1,3,1,1,1,0,7,5,9,3,0,1,1,0,0,,,,,,0,
649,07/09/2019 12:10,1,0,Control,0,0,0,,,,5,1,29,1,2,0,1,1,,6,6,4,4,0,0,1,0,0,,,,,,0,
652,07/09/2019 12:14,1,0,Trust_promise,1,0,0,,,1,4,1,66,0,2,0,3,0,0,5,11,11,9,1,0,1,1,1,,,,,,1,
655,07/09/2019 12:16,1,0,Trust_promise,1,0,0,,,1,2,1,29,0,2,0,1,1,0,6,1,11,3,0,0,0,1,0,,,,,,1,
658,07/09/2019 12:21,1,0,Trust_promise,1,0,0,,,1,1,0,59,1,4,1,2,1,1,3,1,8,9,1,0,0,0,1,,,,,,1,
661,07/09/2019 12:24,1,0,Control,0,0,0,,,,1,0,30,1,3,1,1,1,1,6,2,11,8,0,0,0,1,0,,,,,,0,
664,07/09/2019 12:34,1,0,Trust_promise,1,0,0,,,1,4,1,47,1,4,1,1,1,,6,6,8,8,1,0,1,0,0,,,,,,1,
667,07/09/2019 12:26,1,0,Trust_promise,1,0,0,,,1,3,0,24,1,3,1,2,1,,6,6,11,6,0,0,1,1,0,,,,,,1,
670,07/09/2019 12:35,1,0,Control,0,0,0,,,,6,1,26,0,2,0,2,1,0,4,11,11,9,0,0,1,1,1,,,,,,0,
673,07/09/2019 12:35,1,0,Control,0,0,0,,,,4,0,75,1,2,0,3,0,0,9,6,11,7,1,1,1,1,0,,,,,,0,
676,07/09/2019 12:37,1,0,Trust_promise,1,0,0,,,1,2,0,18,0,2,0,1,1,0,6,3,8,8,0,0,0,0,0,,,,,,1,
679,07/09/2019 12:37,1,0,Control,0,0,0,,,,1,0,57,0,3,1,1,1,0,8,6,8,6,1,1,1,0,0,,,,,,0,
682,07/09/2019 12:36,1,0,Trust_promise,1,0,0,,,1,5,0,36,1,4,1,1,1,0,6,11,11,9,1,0,1,1,1,,,,,,1,
685,07/09/2019 12:38,1,0,Control,0,0,0,,,,1,0,27,0,3,1,2,1,1,9,4,9,6,0,1,0,0,0,,,,,,0,
688,07/09/2019 12:39,1,0,Trust_promise,1,0,0,,,1,5,0,31,1,3,1,2,1,1,3,2,9,8,0,0,0,0,0,,,,,,1,
691,07/09/2019 12:44,1,0,Control,0,0,0,,,,5,0,43,0,3,1,1,1,1,6,2,9,7,1,0,0,0,0,,,,,,0,
694,07/09/2019 12:55,1,0,Trust_promise,1,0,0,,,1,5,0,34,1,4,1,2,1,1,7,1,11,5,0,1,0,1,0,,,,,,1,
697,07/09/2019 13:03,1,0,Trust_promise,1,0,0,,,1,4,1,48,1,3,1,2,1,0,5,3,11,9,1,0,0,1,1,,,,,,1,
700,07/09/2019 13:00,1,0,Control,0,0,0,,,,2,0,26,1,2,0,3,0,0,6,2,10,6,0,0,0,1,0,,,,,,0,
703,07/09/2019 13:03,1,0,Trust_promise,1,0,0,,,1,1,0,31,0,4,1,2,1,1,2,1,5,5,0,0,0,0,0,,,,,,1,
706,07/09/2019 13:02,1,0,Control,0,0,0,,,,1,1,29,0,2,0,1,1,0,5,1,11,4,0,0,0,1,0,,,,,,0,
709,07/09/2019 13:06,1,0,Control,0,0,0,,,,3,0,58,0,2,0,3,0,0,4,8,10,8,1,0,1,1,0,,,,,,0,
712,07/09/2019 13:09,1,0,Trust_promise,1,0,0,,,1,6,0,63,1,4,1,1,1,1,6,7,6,5,1,0,1,0,0,,,,,,1,
715,07/09/2019 13:12,1,0,Control,0,0,0,,,,6,0,22,1,3,1,2,1,0,8,1,7,1,0,1,0,0,0,,,,,,0,
718,07/09/2019 13:11,1,0,Trust_promise,1,0,0,,,1,2,0,33,0,3,1,2,1,1,3,1,11,7,0,0,0,1,0,,,,,,1,
721,07/09/2019 13:15,1,0,Trust_promise,1,0,0,,,1,2,0,72,0,4,1,1,1,1,8,9,6,9,1,1,1,0,1,,,,,,1,
724,07/09/2019 13:20,1,0,Control,0,0,0,,,,4,0,26,1,3,1,2,1,1,6,1,11,9,0,0,0,1,1,,,,,,0,
727,07/09/2019 13:24,1,0,Trust_promise,1,0,0,,,1,1,0,48,1,2,0,3,0,0,6,1,11,7,1,0,0,1,0,,,,,,1,
730,07/09/2019 13:27,1,0,Trust_promise,1,0,0,,,1,3,0,63,0,2,0,3,0,1,5,5,7,8,1,0,1,0,0,,,,,,1,
733,07/09/2019 13:28,1,0,Control,0,0,0,,,,4,1,24,0,3,1,1,1,0,6,1,11,6,0,0,0,1,0,,,,,,0,
736,07/09/2019 13:33,1,0,Control,0,0,0,,,,4,1,23,0,3,1,1,1,0,1,1,11,8,0,0,0,1,0,,,,,,0,
739,07/09/2019 13:35,1,0,Control,0,0,0,,,,1,0,30,1,3,1,1,1,0,2,1,11,8,0,0,0,1,0,,,,,,0,
742,07/09/2019 13:39,1,0,Trust_promise,1,0,0,,,1,3,0,41,1,3,1,1,1,,10,1,11,3,1,1,0,1,0,,,,,,1,
745,07/09/2019 13:46,1,0,Trust_promise,1,0,0,,,1,2,1,38,0,2,0,1,1,0,5,4,11,8,1,0,0,1,0,,,,,,1,
748,07/09/2019 13:49,1,0,Control,0,0,0,,,,2,1,72,0,4,1,3,0,1,10,6,9,8,1,1,1,0,0,,,,,,0,
751,07/09/2019 13:51,1,0,Trust_promise,1,0,0,,,1,5,1,23,1,2,0,2,1,,6,1,9,8,0,0,0,0,0,,,,,,1,
754,07/09/2019 13:57,1,0,Control,0,0,0,,,,5,1,52,0,2,0,1,1,,8,3,5,7,1,1,0,0,0,,,,,,0,
757,07/09/2019 13:58,1,0,Trust_promise,1,0,0,,,1,3,0,38,1,4,1,2,1,,5,1,7,7,1,0,0,0,0,,,,,,1,
760,07/09/2019 14:02,1,0,Control,0,0,0,,,,1,1,22,0,2,0,1,1,0,9,3,11,7,0,1,0,1,0,,,,,,0,
763,07/09/2019 14:04,1,0,Trust_promise,1,0,0,,,1,3,1,52,0,3,1,1,1,,8,1,8,8,1,1,0,0,0,,,,,,1,
766,07/09/2019 14:10,1,0,Control,0,0,0,,,,3,1,25,1,3,1,1,1,0,6,2,10,4,0,0,0,1,0,,,,,,0,
769,07/09/2019 14:20,1,0,Control,0,0,0,,,,4,1,19,1,2,0,2,1,,4,6,6,7,0,0,1,0,0,,,,,,0,
772,07/09/2019 14:20,1,0,Trust_promise,1,0,0,,,1,3,0,48,0,2,0,1,1,1,5,4,9,9,1,0,0,0,1,,,,,,1,
775,07/09/2019 14:26,1,0,Control,0,0,0,,,,2,1,49,1,3,1,3,0,0,7,10,10,10,1,1,1,1,1,,,,,,0,
778,07/09/2019 14:29,1,0,Trust_promise,1,0,0,,,1,1,1,44,0,2,0,1,1,1,7,4,6,5,1,1,0,0,0,,,,,,1,
781,07/09/2019 14:35,1,0,Control,0,0,0,,,,1,1,64,0,3,1,2,1,0,1,1,9,8,1,0,0,0,0,,,,,,0,
784,07/09/2019 14:37,1,0,Trust_promise,1,0,0,,,1,1,0,71,0,3,1,3,0,1,3,1,10,9,1,0,0,1,1,,,,,,1,
787,07/10/2019 01:54,1,0,Control,0,0,0,,,,5,1,38,0,2,0,1,1,0,7,1,9,8,1,1,0,0,0,,,,,,0,
790,07/09/2019 14:43,1,0,Trust_promise,1,0,0,,,1,5,1,60,1,3,1,2,1,1,9,10,11,9,1,1,1,1,1,,,,,,1,
793,07/09/2019 14:55,1,0,Control,0,0,0,,,,1,1,51,1,2,0,2,1,0,6,5,6,7,1,0,1,0,0,,,,,,0,
796,07/10/2019 05:30,1,0,Trust_promise,1,0,0,,,1,6,0,49,0,2,0,1,1,1,9,6,11,10,1,1,1,1,1,,,,,,1,
799,07/09/2019 14:57,1,0,Trust_promise,1,0,0,,,1,5,0,53,1,2,0,3,0,0,6,9,9,6,1,0,1,0,0,,,,,,1,
802,07/09/2019 15:09,1,0,Control,0,0,0,,,,4,1,43,1,4,1,1,1,1,9,6,11,9,1,1,1,1,1,,,,,,0,
805,07/09/2019 15:13,1,0,Control,0,0,0,,,,6,1,28,1,2,0,3,0,0,5,1,10,3,0,0,0,1,0,,,,,,0,
808,07/09/2019 15:14,1,0,Trust_promise,1,0,0,,,1,2,0,36,0,2,0,2,1,1,5,3,11,5,1,0,0,1,0,,,,,,1,
811,07/09/2019 15:16,1,0,Control,0,0,0,,,,6,1,74,1,2,0,3,0,0,6,6,9,8,1,0,1,0,0,,,,,,0,
814,07/09/2019 15:21,1,0,Trust_promise,1,0,0,,,1,5,0,34,1,3,1,2,1,0,5,9,11,8,0,0,1,1,0,,,,,,1,
817,07/09/2019 15:22,1,0,Trust_promise,1,0,0,,,1,2,1,22,1,2,0,2,1,0,5,6,9,6,0,0,1,0,0,,,,,,1,
820,07/09/2019 15:26,1,0,Control,0,0,0,,,,1,0,30,1,3,1,1,1,0,11,11,11,9,0,1,1,1,1,,,,,,0,
823,07/09/2019 15:23,1,0,Control,0,0,0,,,,5,1,55,0,4,1,1,1,1,10,1,11,10,1,1,0,1,1,,,,,,0,
826,07/09/2019 15:30,1,0,Trust_promise,1,0,0,,,1,3,0,28,0,4,1,1,1,1,3,1,11,11,0,0,0,1,1,,,,,,1,
829,07/09/2019 15:32,1,0,Control,0,0,0,,,,4,1,21,1,2,0,3,0,0,7,1,11,3,0,1,0,1,0,,,,,,0,
832,07/09/2019 15:36,1,0,Trust_promise,1,0,0,,,1,2,0,64,1,4,1,2,1,,6,11,9,8,1,0,1,0,0,,,,,,1,
835,07/09/2019 15:37,1,0,Trust_promise,1,0,0,,,1,3,0,34,0,3,1,1,1,0,7,1,11,8,0,1,0,1,0,,,,,,1,
838,07/09/2019 15:38,1,0,Control,0,0,0,,,,5,1,19,0,2,0,3,0,0,6,9,6,8,0,0,1,0,0,,,,,,0,
841,07/09/2019 15:40,1,0,Control,0,0,0,,,,6,1,18,0,2,0,1,1,,5,6,8,6,0,0,1,0,0,,,,,,0,
844,07/09/2019 15:46,1,0,Trust_promise,1,0,0,,,1,5,1,34,1,4,1,3,0,0,3,1,11,8,0,0,0,1,0,,,,,,1,
847,07/09/2019 15:48,1,0,Control,0,0,0,,,,2,0,76,0,3,1,3,0,0,3,4,6,9,1,0,0,0,1,,,,,,0,
850,07/09/2019 15:49,1,0,Trust_promise,1,0,0,,,1,3,0,45,1,4,1,2,1,1,2,1,11,9,1,0,0,1,1,,,,,,1,
853,07/09/2019 15:56,1,0,Control,0,0,0,,,,6,0,21,0,2,0,1,1,1,5,8,10,8,0,0,1,1,0,,,,,,0,
856,07/09/2019 16:05,1,0,Trust_promise,1,0,0,,,1,6,0,28,0,2,0,2,1,0,7,5,11,7,0,1,1,1,0,,,,,,1,
859,07/09/2019 16:26,1,0,Trust_promise,1,0,0,,,1,1,1,28,0,4,1,3,0,0,1,1,11,8,0,0,0,1,0,,,,,,1,
862,07/09/2019 16:27,1,0,Control,0,0,0,,,,4,0,70,0,3,1,3,0,,10,4,11,6,1,1,0,1,0,,,,,,0,
865,07/09/2019 16:30,1,0,Control,0,0,0,,,,6,0,51,0,3,1,1,1,1,8,1,11,7,1,1,0,1,0,,,,,,0,
868,07/09/2019 16:40,1,0,Trust_promise,1,0,0,,,1,2,0,63,0,1,0,3,0,0,9,9,10,8,1,1,1,1,0,,,,,,1,
871,07/09/2019 16:39,1,0,Control,0,0,0,,,,3,1,73,0,3,1,1,1,0,6,9,11,9,1,0,1,1,1,,,,,,0,
874,07/09/2019 16:41,1,0,Trust_promise,1,0,0,,,1,4,0,44,1,3,1,1,1,,8,11,11,8,1,1,1,1,0,,,,,,1,
877,07/09/2019 16:51,1,0,Trust_promise,1,0,0,,,1,4,1,21,1,3,1,2,1,0,5,1,8,6,0,0,0,0,0,,,,,,1,
880,07/09/2019 17:06,1,0,Control,0,0,0,,,,6,0,27,0,4,1,1,1,1,5,1,9,4,0,0,0,0,0,,,,,,0,
883,07/09/2019 17:08,1,0,Control,0,0,0,,,,6,0,57,1,3,1,3,0,,1,11,9,8,1,0,1,0,0,,,,,,0,
886,07/09/2019 17:18,1,0,Trust_promise,1,0,0,,,1,2,0,57,0,2,0,1,1,1,3,1,11,9,1,0,0,1,1,,,,,,1,
889,07/09/2019 17:22,1,0,Control,0,0,0,,,,3,0,20,1,2,0,1,1,,8,2,8,6,0,1,0,0,0,,,,,,0,
892,07/09/2019 17:28,1,0,Trust_promise,1,0,0,,,1,2,0,47,1,2,0,3,0,0,3,4,9,8,1,0,0,0,0,,,,,,1,
895,07/09/2019 17:32,1,0,Trust_promise,1,0,0,,,1,5,1,47,1,3,1,1,1,1,7,6,9,8,1,1,1,0,0,,,,,,1,
898,07/09/2019 17:34,1,0,Control,0,0,0,,,,3,1,73,1,2,0,3,0,0,7,8,9,9,1,1,1,0,1,,,,,,0,
901,07/09/2019 17:35,1,0,Control,0,0,0,,,,1,0,69,0,4,1,3,0,0,1,3,6,9,1,0,0,0,1,,,,,,0,
904,07/09/2019 17:40,1,0,Trust_promise,1,0,0,,,1,6,0,38,0,2,0,2,1,0,5,1,11,8,1,0,0,1,0,,,,,,1,
907,07/09/2019 17:45,1,0,Control,0,0,0,,,,1,1,20,1,3,1,2,1,0,5,3,9,7,0,0,0,0,0,,,,,,0,
910,07/09/2019 17:54,1,0,Trust_promise,1,0,0,,,1,2,0,27,1,3,1,2,1,0,3,3,11,3,0,0,0,1,0,,,,,,1,
913,07/09/2019 17:55,1,0,Trust_promise,1,0,0,,,1,3,1,35,0,3,1,3,0,0,4,6,9,7,1,0,1,0,0,,,,,,1,
916,07/09/2019 18:11,1,0,Control,0,0,0,,,,4,0,76,0,4,1,3,0,1,4,1,4,9,1,0,0,0,1,,,,,,0,
919,07/09/2019 18:13,1,0,Control,0,0,0,,,,4,0,76,0,3,1,3,0,0,7,6,11,9,1,1,1,1,1,,,,,,0,
922,07/09/2019 18:22,1,0,Trust_promise,1,0,0,,,1,4,0,66,0,6,0,1,1,1,6,11,6,6,1,0,1,0,0,,,,,,1,
925,07/09/2019 18:25,1,0,Control,0,0,0,,,,1,0,50,1,2,0,2,1,0,6,7,9,8,1,0,1,0,0,,,,,,0,
928,07/09/2019 18:27,1,0,Trust_promise,1,0,0,,,1,5,1,44,0,3,1,3,0,0,10,9,7,8,1,1,1,0,0,,,,,,1,
931,07/09/2019 18:30,1,0,Trust_promise,1,0,0,,,1,5,0,48,1,3,1,1,1,0,6,3,8,7,1,0,0,0,0,,,,,,1,
934,07/09/2019 18:56,1,0,Control,0,0,0,,,,4,1,53,0,3,1,1,1,1,5,1,9,9,1,0,0,0,1,,,,,,0,
937,07/09/2019 18:55,1,0,Trust_promise,1,0,0,,,1,1,1,24,1,3,1,2,1,1,7,1,8,3,0,1,0,0,0,,,,,,1,
940,07/09/2019 19:00,1,0,Control,0,0,0,,,,5,1,20,1,2,0,1,1,0,5,9,10,10,0,0,1,1,1,,,,,,0,
943,07/09/2019 19:00,1,0,Trust_promise,1,0,0,,,1,2,0,25,1,4,1,2,1,1,3,7,9,6,0,0,1,0,0,,,,,,1,
946,07/09/2019 19:04,1,0,Control,0,0,0,,,,3,1,47,1,3,1,1,1,0,5,3,8,8,1,0,0,0,0,,,,,,0,
949,07/09/2019 19:09,1,0,Control,0,0,0,,,,1,0,31,1,3,1,1,1,1,4,1,3,5,0,0,0,0,0,,,,,,0,
952,07/09/2019 19:12,1,0,Trust_promise,1,0,0,,,1,5,0,19,1,2,0,1,1,0,7,11,11,7,0,1,1,1,0,,,,,,1,
955,07/09/2019 19:23,1,0,Control,0,0,0,,,,3,1,46,0,3,1,2,1,1,4,8,8,10,1,0,1,0,1,,,,,,0,
958,07/09/2019 19:26,1,0,Trust_promise,1,0,0,,,1,5,1,30,1,4,1,1,1,1,10,4,9,8,0,1,0,0,0,,,,,,1,
961,07/10/2019 00:44,1,0,Trust_promise,1,0,0,,,1,4,0,29,1,3,1,2,1,0,2,2,11,6,0,0,0,1,0,,,,,,1,
964,07/09/2019 19:29,1,0,Control,0,0,0,,,,4,1,69,0,3,1,3,0,1,9,8,6,6,1,1,1,0,0,,,,,,0,
967,07/09/2019 19:38,1,0,Trust_promise,1,0,0,,,1,3,0,26,0,3,1,1,1,1,5,1,8,8,0,0,0,0,0,,,,,,1,
970,07/09/2019 19:43,1,0,Control,0,0,0,,,,4,0,34,1,3,1,1,1,0,4,1,11,8,0,0,0,1,0,,,,,,0,
973,07/09/2019 19:54,1,0,Trust_promise,1,0,0,,,1,3,0,28,0,4,1,2,1,,4,1,10,8,0,0,0,1,0,,,,,,1,
976,07/09/2019 20:04,1,0,Control,0,0,0,,,,5,0,46,1,3,1,1,1,,9,11,10,9,1,1,1,1,1,,,,,,0,
979,07/09/2019 20:02,1,0,Trust_promise,1,0,0,,,1,3,0,50,0,2,0,1,1,0,5,1,11,8,1,0,0,1,0,,,,,,1,
982,07/09/2019 20:19,1,0,Trust_promise,1,0,0,,,1,3,0,20,0,1,0,2,1,0,6,4,11,1,0,0,0,1,0,,,,,,1,
985,07/09/2019 20:29,1,0,Control,0,0,0,,,,5,0,53,1,3,1,1,1,1,6,11,11,11,1,0,1,1,1,,,,,,0,
988,07/09/2019 20:29,1,0,Control,0,0,0,,,,6,0,46,1,3,1,2,1,0,4,1,9,7,1,0,0,0,0,,,,,,0,
991,07/09/2019 20:40,1,0,Trust_promise,1,0,0,,,1,3,1,41,0,4,1,1,1,0,6,11,11,7,1,0,1,1,0,,,,,,1,
994,07/09/2019 20:47,1,0,Control,0,0,0,,,,1,0,47,1,3,1,2,1,,4,2,11,4,1,0,0,1,0,,,,,,0,
997,07/09/2019 20:45,1,0,Trust_promise,1,0,0,,,1,6,0,62,0,4,1,1,1,1,6,8,11,7,1,0,1,1,0,,,,,,1,
1000,07/09/2019 21:01,1,0,Trust_promise,1,0,0,,,1,6,0,26,0,1,0,1,1,0,6,3,8,5,0,0,0,0,0,,,,,,1,
1003,07/09/2019 20:59,1,0,Trust_promise,1,0,0,,,1,6,0,66,0,5,1,2,1,1,6,1,8,3,1,0,0,0,0,,,,,,1,
1006,07/09/2019 20:59,1,0,Control,0,0,0,,,,5,0,38,1,3,1,2,1,0,1,1,6,4,1,0,0,0,0,,,,,,0,
1009,07/09/2019 21:11,1,0,Control,0,0,0,,,,6,1,19,1,2,0,2,1,0,5,4,8,6,0,0,0,0,0,,,,,,0,
1012,07/09/2019 21:14,1,0,Control,0,0,0,,,,1,0,29,1,2,0,2,1,0,11,11,11,6,0,1,1,1,0,,,,,,0,
1015,07/09/2019 21:18,1,0,Trust_promise,1,0,0,,,1,2,0,70,1,2,0,3,0,0,4,2,5,8,1,0,0,0,0,,,,,,1,
1018,07/09/2019 21:26,1,0,Control,0,0,0,,,,3,0,60,1,4,1,2,1,,10,1,11,9,1,1,0,1,1,,,,,,0,
1021,07/09/2019 21:34,1,0,Trust_promise,1,0,0,,,1,3,0,50,1,2,0,1,1,,6,11,9,4,1,0,1,0,0,,,,,,1,
1024,07/09/2019 21:40,1,0,Control,0,0,0,,,,1,1,66,1,3,1,3,0,,7,7,9,7,1,1,1,0,0,,,,,,0,
1027,07/09/2019 21:38,1,0,Trust_promise,1,0,0,,,1,1,0,26,0,3,1,2,1,0,5,2,11,9,0,0,0,1,1,,,,,,1,
1030,07/09/2019 21:46,1,0,Trust_promise,1,0,0,,,1,5,0,71,0,4,1,1,1,0,8,5,8,7,1,1,1,0,0,,,,,,1,
1033,07/09/2019 21:47,1,0,Control,0,0,0,,,,5,1,24,1,6,0,1,1,,3,3,4,7,0,0,0,0,0,,,,,,0,
1036,07/09/2019 21:49,1,0,Trust_promise,1,0,0,,,1,6,1,46,1,1,0,3,0,0,4,1,5,4,1,0,0,0,0,,,,,,1,
1039,07/09/2019 21:57,1,0,Control,0,0,0,,,,3,0,70,0,2,0,2,1,1,7,1,11,6,1,1,0,1,0,,,,,,0,
1042,07/09/2019 22:20,1,0,Trust_promise,1,0,0,,,1,3,0,45,1,5,1,1,1,1,3,3,7,7,1,0,0,0,0,,,,,,1,
1045,07/09/2019 22:59,1,0,Control,0,0,0,,,,5,0,68,0,3,1,3,0,0,4,4,10,9,1,0,0,1,1,,,,,,0,
1048,07/09/2019 22:32,1,0,Control,0,0,0,,,,6,0,38,1,3,1,1,1,,9,1,11,2,1,1,0,1,0,,,,,,0,
1051,07/09/2019 22:32,1,0,Trust_promise,1,0,0,,,1,3,0,25,0,2,0,2,1,0,8,1,10,4,0,1,0,1,0,,,,,,1,
1054,07/09/2019 22:42,1,0,Control,0,0,0,,,,4,0,43,1,2,0,2,1,0,2,4,9,8,1,0,0,0,0,,,,,,0,
1057,07/09/2019 22:57,1,0,Trust_promise,1,0,0,,,1,3,0,50,1,3,1,1,1,1,6,1,11,7,1,0,0,1,0,,,,,,1,
1060,07/09/2019 22:58,1,0,Trust_promise,1,0,0,,,1,3,0,54,1,2,0,1,1,1,5,7,8,10,1,0,1,0,1,,,,,,1,
1063,07/09/2019 23:11,1,0,Control,0,0,0,,,,2,0,18,1,2,0,3,0,0,6,8,8,8,0,0,1,0,0,,,,,,0,
1066,07/09/2019 23:16,1,0,Control,0,0,0,,,,2,0,18,1,2,0,1,1,0,9,3,9,8,0,1,0,0,0,,,,,,0,
1069,07/09/2019 23:20,1,0,Trust_promise,1,0,0,,,1,2,0,53,0,6,0,2,1,1,9,2,9,6,1,1,0,0,0,,,,,,1,
1072,07/09/2019 23:24,1,0,Control,0,0,0,,,,4,1,31,1,2,0,2,1,,6,11,11,6,0,0,1,1,0,,,,,,0,
1075,07/09/2019 23:26,1,0,Trust_promise,1,0,0,,,1,5,1,73,0,2,0,3,0,,9,1,9,6,1,1,0,0,0,,,,,,1,
1078,07/09/2019 23:45,1,0,Trust_promise,1,0,0,,,1,4,0,46,1,4,1,2,1,,9,9,11,8,1,1,1,1,0,,,,,,1,
1081,07/09/2019 23:48,1,0,Control,0,0,0,,,,1,0,45,0,4,1,1,1,1,9,11,10,8,1,1,1,1,0,,,,,,0,
1084,07/10/2019 00:02,1,0,Control,0,0,0,,,,1,1,31,1,3,1,2,1,,2,4,9,9,0,0,0,0,1,,,,,,0,
1087,07/10/2019 00:08,1,0,Trust_promise,1,0,0,,,1,1,0,69,0,6,0,1,1,1,1,1,11,8,1,0,0,1,0,,,,,,1,
1090,07/10/2019 00:08,1,0,Control,0,0,0,,,,3,1,26,1,4,1,2,1,0,5,4,8,7,0,0,0,0,0,,,,,,0,
1093,07/10/2019 00:10,1,0,Trust_promise,1,0,0,,,1,2,0,18,1,2,0,3,0,0,4,8,8,7,0,0,1,0,0,,,,,,1,
1096,07/10/2019 00:16,1,0,Control,0,0,0,,,,5,0,27,0,4,1,1,1,1,4,2,4,8,0,0,0,0,0,,,,,,0,
1099,07/10/2019 00:34,1,0,Trust_promise,1,0,0,,,1,5,0,26,0,4,1,1,1,0,5,11,9,9,0,0,1,0,1,,,,,,1,
1102,07/10/2019 00:37,1,0,Trust_promise,1,0,0,,,1,3,0,79,1,2,0,3,0,,5,6,10,8,1,0,1,1,0,,,,,,1,
1105,07/10/2019 00:39,1,0,Control,0,0,0,,,,5,0,29,0,3,1,2,1,1,8,9,8,8,0,1,1,0,0,,,,,,0,
1108,07/10/2019 00:50,1,0,Control,0,0,0,,,,2,1,55,1,4,1,2,1,0,6,8,7,9,1,0,1,0,1,,,,,,0,
1111,07/10/2019 01:23,1,0,Trust_promise,1,0,0,,,1,2,0,62,0,4,1,1,1,1,11,1,11,6,1,1,0,1,0,,,,,,1,
1114,07/10/2019 01:25,1,0,Control,0,0,0,,,,5,0,63,0,2,0,3,0,0,6,11,6,8,1,0,1,0,0,,,,,,0,
1117,07/10/2019 06:18,1,0,Control,0,0,0,,,,2,0,29,1,4,1,2,1,0,2,3,8,9,0,0,0,0,1,,,,,,0,
1120,07/10/2019 06:42,1,0,Trust_promise,1,0,0,,,1,5,1,27,0,2,0,1,1,0,4,2,11,8,0,0,0,1,0,,,,,,1,
1123,07/10/2019 07:08,1,0,Control,0,0,0,,,,1,1,33,1,3,1,1,1,1,4,1,8,5,0,0,0,0,0,,,,,,0,
1126,07/10/2019 07:15,1,0,Trust_promise,1,0,0,,,1,2,0,54,1,3,1,2,1,1,4,11,11,10,1,0,1,1,1,,,,,,1,
1129,07/10/2019 07:19,1,0,Trust_promise,1,0,0,,,1,3,0,69,0,1,0,3,0,0,6,1,10,10,1,0,0,1,1,,,,,,1,
1132,07/10/2019 07:26,1,0,Control,0,0,0,,,,5,0,58,0,2,0,1,1,1,9,10,9,6,1,1,1,0,0,,,,,,0,
1135,07/10/2019 08:13,1,0,Control,0,0,0,,,,4,1,43,1,3,1,2,1,1,6,5,10,8,1,0,1,1,0,,,,,,0,
1138,07/10/2019 08:21,1,0,Control,0,0,0,,,,4,1,67,1,2,0,2,1,1,8,5,8,8,1,1,1,0,0,,,,,,0,
1141,07/10/2019 08:42,1,0,Trust_promise,1,0,0,,,1,1,0,27,1,4,1,1,1,1,8,4,6,4,0,1,0,0,0,,,,,,1,
1144,07/10/2019 08:49,1,0,Trust_promise,1,0,0,,,1,1,0,36,0,4,1,1,1,1,5,4,11,9,1,0,0,1,1,,,,,,1,
1147,07/10/2019 09:12,1,0,Control,0,0,0,,,,4,1,64,0,6,0,1,1,,5,6,6,8,1,0,1,0,0,,,,,,0,
1150,07/10/2019 09:14,1,0,Trust_promise,1,0,0,,,1,5,1,75,1,3,1,3,0,0,8,11,11,9,1,1,1,1,1,,,,,,1,
1153,07/10/2019 09:22,1,0,Trust_promise,1,0,0,,,1,5,0,72,0,3,1,3,0,0,5,10,10,10,1,0,1,1,1,,,,,,1,
1156,07/10/2019 09:55,1,0,Control,0,0,0,,,,2,1,47,1,3,1,1,1,1,8,7,11,8,1,1,1,1,0,,,,,,0,
1159,07/10/2019 10:13,1,0,Control,0,0,0,,,,6,1,24,0,2,0,1,1,0,9,1,11,7,0,1,0,1,0,,,,,,0,
1162,07/10/2019 10:46,1,0,Control,0,0,0,,,,2,0,21,1,3,1,2,1,0,6,1,7,5,0,0,0,0,0,,,,,,0,
1165,07/10/2019 10:48,1,0,Trust_promise,1,0,0,,,1,5,0,20,1,2,0,2,1,0,5,11,11,6,0,0,1,1,0,,,,,,1,
1168,07/10/2019 10:54,1,0,Control,0,0,0,,,,4,1,74,0,1,0,3,0,0,4,1,11,6,1,0,0,1,0,,,,,,0,
1171,07/10/2019 11:11,1,0,Trust_promise,1,0,0,,,1,4,1,49,1,3,1,2,1,1,8,1,11,7,1,1,0,1,0,,,,,,1,
1174,07/10/2019 11:11,1,0,Trust_promise,1,0,0,,,1,6,0,67,0,2,0,2,1,1,6,7,7,7,1,0,1,0,0,,,,,,1,
1177,07/10/2019 11:27,1,0,Control,0,0,0,,,,1,0,51,1,2,0,2,1,0,11,3,11,5,1,1,0,1,0,,,,,,0,
1180,07/10/2019 11:36,1,0,Trust_promise,1,0,0,,,1,4,0,58,0,4,1,3,0,1,6,1,9,8,1,0,0,0,0,,,,,,1,
1183,07/10/2019 11:37,1,0,Control,0,0,0,,,,1,1,29,1,3,1,2,1,1,8,3,11,7,0,1,0,1,0,,,,,,0,
1186,07/10/2019 11:41,1,0,Control,0,0,0,,,,1,0,25,0,4,1,1,1,1,2,5,11,9,0,0,1,1,1,,,,,,0,
1189,07/10/2019 11:44,1,0,Trust_promise,1,0,0,,,1,4,1,39,1,3,1,2,1,0,5,1,11,5,1,0,0,1,0,,,,,,1,
1192,07/10/2019 11:59,1,0,Control,0,0,0,,,,4,0,20,0,2,0,3,0,,4,1,8,4,0,0,0,0,0,,,,,,0,
1195,07/10/2019 12:10,1,0,Trust_promise,1,0,0,,,1,5,0,32,0,2,0,3,0,0,9,1,7,7,0,1,0,0,0,,,,,,1,
1198,07/10/2019 12:26,1,0,Trust_promise,1,0,0,,,1,2,0,38,1,2,0,3,0,0,5,1,7,3,1,0,0,0,0,,,,,,1,
1201,07/10/2019 13:12,1,0,Control,0,0,0,,,,6,0,24,0,2,0,1,1,1,6,3,7,9,0,0,0,0,1,,,,,,0,
1204,07/10/2019 14:49,1,0,Control,0,0,0,,,,2,0,52,0,2,0,2,1,0,11,2,7,10,1,1,0,0,1,,,,,,0,
1207,07/10/2019 14:59,1,0,Control,0,0,0,,,,5,0,27,0,2,0,1,1,0,6,3,11,7,0,0,0,1,0,,,,,,0,
1210,07/10/2019 15:04,1,0,Trust_promise,1,0,0,,,1,6,0,24,1,2,0,2,1,0,8,1,5,5,0,1,0,0,0,,,,,,1,
1213,07/10/2019 15:47,1,0,Trust_promise,1,0,0,,,1,4,0,48,1,2,0,3,0,0,10,11,9,8,1,1,1,0,0,,,,,,1,
1216,07/10/2019 15:45,1,0,Control,0,0,0,,,,3,0,63,0,3,1,3,0,1,6,1,9,8,1,0,0,0,0,,,,,,0,
1219,07/10/2019 16:04,1,0,Control,0,0,0,,,,6,0,38,0,2,0,1,1,1,7,2,5,3,1,1,0,0,0,,,,,,0,
1222,07/10/2019 16:38,1,0,Trust_promise,1,0,0,,,1,5,0,41,1,3,1,2,1,0,1,1,11,8,1,0,0,1,0,,,,,,1,
1225,07/10/2019 16:52,1,0,Trust_promise,1,0,0,,,1,5,0,32,0,3,1,1,1,1,8,3,9,8,0,1,0,0,0,,,,,,1,
1228,07/10/2019 17:07,1,0,Control,0,0,0,,,,2,0,64,1,3,1,2,1,1,6,6,8,9,1,0,1,0,1,,,,,,0,
1231,07/10/2019 17:59,1,0,Trust_promise,1,0,0,,,1,6,0,18,1,2,0,1,1,0,4,6,11,7,0,0,1,1,0,,,,,,1,
1234,07/10/2019 18:44,1,0,Control,0,0,0,,,,1,1,51,1,2,0,1,1,0,8,10,9,7,1,1,1,0,0,,,,,,0,
1237,07/10/2019 18:48,1,0,Control,0,0,0,,,,4,1,25,1,2,0,3,0,0,9,1,11,5,0,1,0,1,0,,,,,,0,
1240,07/10/2019 19:15,1,0,Trust_promise,1,0,0,,,1,5,1,26,0,3,1,2,1,,6,11,10,8,0,0,1,1,0,,,,,,1,
1243,07/10/2019 19:44,1,0,Control,0,0,0,,,,2,0,47,1,2,0,1,1,,6,3,10,8,1,0,0,1,0,,,,,,0,
1246,07/10/2019 19:41,1,0,Trust_promise,1,0,0,,,1,6,0,62,0,2,0,3,0,1,6,10,9,7,1,0,1,0,0,,,,,,1,
1249,07/10/2019 23:58,1,0,Trust_promise,1,0,0,,,1,1,1,23,1,2,0,2,1,0,4,1,11,7,0,0,0,1,0,,,,,,1,
1252,07/10/2019 19:57,1,0,Trust_promise,1,0,0,,,1,3,0,32,1,3,1,2,1,,6,7,7,7,0,0,1,0,0,,,,,,1,
1255,07/10/2019 20:26,1,0,Control,0,0,0,,,,6,0,27,0,3,1,1,1,0,7,1,11,9,0,1,0,1,1,,,,,,0,
1258,07/11/2019 10:57,1,0,Trust_promise,1,0,0,,,1,3,0,38,0,4,1,2,1,1,9,9,9,7,1,1,1,0,0,,,,,,1,
1261,07/10/2019 21:26,1,0,Trust_promise,1,0,0,,,1,6,0,64,1,3,1,2,1,0,11,6,11,6,1,1,1,1,0,,,,,,1,
1264,07/10/2019 21:46,1,0,Control,0,0,0,,,,1,1,32,1,4,1,2,1,0,2,1,11,7,0,0,0,1,0,,,,,,0,
1267,07/10/2019 21:48,1,0,Trust_promise,1,0,0,,,1,5,0,29,0,4,1,1,1,1,9,6,11,9,0,1,1,1,1,,,,,,1,
1270,07/10/2019 22:32,1,0,Control,0,0,0,,,,6,0,77,0,3,1,3,0,0,4,2,8,8,1,0,0,0,0,,,,,,0,
1273,07/10/2019 22:48,1,0,Trust_promise,1,0,0,,,1,2,1,25,0,4,1,3,0,0,5,2,11,8,0,0,0,1,0,,,,,,1,
1276,07/10/2019 22:51,1,0,Control,0,0,0,,,,1,1,27,1,1,0,3,0,,6,4,8,4,0,0,0,0,0,,,,,,0,
1279,07/10/2019 23:58,1,0,Control,0,0,0,,,,6,0,73,0,4,1,3,0,0,8,11,11,4,1,1,1,1,0,,,,,,0,
1282,07/11/2019 00:50,1,0,Control,0,0,0,,,,5,1,36,1,3,1,1,1,0,3,3,11,10,1,0,0,1,1,,,,,,0,
1285,07/11/2019 02:12,1,0,Trust_promise,1,0,0,,,1,4,1,23,1,3,1,1,1,0,5,6,10,7,0,0,1,1,0,,,,,,1,
1288,07/11/2019 02:35,1,0,Trust_promise,1,0,0,,,1,3,0,39,0,2,0,1,1,1,6,1,9,8,1,0,0,0,0,,,,,,1,
1291,07/11/2019 06:34,1,0,Control,0,0,0,,,,3,0,26,1,3,1,1,1,0,2,2,6,5,0,0,0,0,0,,,,,,0,
1294,07/11/2019 08:06,1,0,Trust_promise,1,0,0,,,1,6,0,60,0,3,1,1,1,1,9,1,9,8,1,1,0,0,0,,,,,,1,
1297,07/11/2019 08:46,1,0,Control,0,0,0,,,,4,1,25,0,2,0,1,1,1,10,5,8,8,0,1,1,0,0,,,,,,0,
1300,07/11/2019 10:00,1,0,Control,0,0,0,,,,1,0,29,1,2,0,3,0,0,6,1,9,4,0,0,0,0,0,,,,,,0,
1303,07/11/2019 11:08,1,0,Trust_promise,1,0,0,,,1,2,0,68,1,1,0,3,0,1,6,11,11,9,1,0,1,1,1,,,,,,1,
1306,07/11/2019 11:42,1,0,Control,0,0,0,,,,4,0,26,0,2,0,1,1,1,6,10,11,5,0,0,1,1,0,,,,,,0,
1309,07/11/2019 12:16,1,0,Control,0,0,0,,,,6,0,68,1,2,0,3,0,,6,2,4,9,1,0,0,0,1,,,,,,0,
1312,07/11/2019 12:24,1,0,Trust_promise,1,0,0,,,1,6,0,25,1,4,1,3,0,,5,2,10,7,0,0,0,1,0,,,,,,1,
1315,07/11/2019 13:16,1,0,Control,0,0,0,,,,3,1,67,1,4,1,3,0,0,6,11,8,9,1,0,1,0,1,,,,,,0,
1318,07/11/2019 13:28,1,0,Trust_promise,1,0,0,,,1,5,0,55,1,3,1,1,1,0,3,3,6,4,1,0,0,0,0,,,,,,1,
1321,07/11/2019 13:42,1,0,Trust_promise,1,0,0,,,1,4,0,51,1,3,1,2,1,,7,5,10,9,1,1,1,1,1,,,,,,1,
1324,07/11/2019 13:54,1,0,Control,0,0,0,,,,1,1,27,1,2,0,3,0,,5,1,10,6,0,0,0,1,0,,,,,,0,
1327,07/11/2019 14:37,1,0,Trust_promise,1,0,0,,,1,6,0,46,0,2,0,1,1,0,5,1,7,7,1,0,0,0,0,,,,,,1,
1330,07/11/2019 14:51,1,0,Control,0,0,0,,,,6,1,83,1,2,0,3,0,,3,11,11,10,1,0,1,1,1,,,,,,0,
1333,07/11/2019 16:01,1,0,Control,0,0,0,,,,6,0,20,1,2,0,1,1,,10,6,5,10,0,1,1,0,1,,,,,,0,
1336,07/11/2019 16:26,1,0,Trust_promise,1,0,0,,,1,2,0,43,1,4,1,2,1,1,4,1,10,8,1,0,0,1,0,,,,,,1,
1339,07/11/2019 16:49,1,0,Trust_promise,1,0,0,,,1,2,0,56,1,3,1,3,0,0,1,3,8,9,1,0,0,0,1,,,,,,1,
1342,07/11/2019 18:06,1,0,Control,0,0,0,,,,2,1,22,0,2,0,1,1,0,6,2,11,1,0,0,0,1,0,,,,,,0,
1345,07/11/2019 20:06,1,0,Trust_promise,1,0,0,,,1,6,1,30,1,4,1,1,1,,3,4,9,9,0,0,0,0,1,,,,,,1,
1348,07/11/2019 21:19,1,0,Control,0,0,0,,,,2,0,75,1,4,1,3,0,1,4,1,8,6,1,0,0,0,0,,,,,,0,
1351,07/12/2019 09:30,1,0,Trust_promise,1,0,0,,,1,1,0,18,1,2,0,2,1,1,3,1,11,7,0,0,0,1,0,,,,,,1,
1354,07/12/2019 09:50,1,0,Control,0,0,0,,,,6,0,32,0,4,1,1,1,0,2,1,11,3,0,0,0,1,0,,,,,,0,
1357,07/12/2019 09:59,1,0,Control,0,0,0,,,,5,0,28,1,2,0,3,0,0,2,1,7,7,0,0,0,0,0,,,,,,0,
1360,07/12/2019 10:34,1,0,Trust_promise,1,0,0,,,1,1,0,41,1,3,1,2,1,0,3,1,9,9,1,0,0,0,1,,,,,,1,
1363,07/12/2019 10:49,1,0,Control,0,0,0,,,,4,1,38,0,2,0,1,1,1,9,1,9,9,1,1,0,0,1,,,,,,0,
1366,07/12/2019 11:24,1,0,Trust_promise,1,0,0,,,1,6,1,53,1,3,1,2,1,1,3,3,5,3,1,0,0,0,0,,,,,,1,
1369,07/12/2019 14:53,1,0,Control,0,0,0,,,,5,0,28,1,4,1,2,1,1,4,2,11,8,0,0,0,1,0,,,,,,0,
1372,07/12/2019 16:09,1,0,Trust_promise,1,0,0,,,1,4,0,75,1,3,1,3,0,,8,2,8,5,1,1,0,0,0,,,,,,1,
1375,07/12/2019 17:15,1,0,Trust_promise,1,0,0,,,1,2,0,29,1,4,1,2,1,,7,8,9,7,0,1,1,0,0,,,,,,1,
1378,07/12/2019 18:09,1,0,Control,0,0,0,,,,6,1,28,1,6,0,3,0,,6,1,11,7,0,0,0,1,0,,,,,,0,
1381,07/12/2019 18:30,1,0,Trust_promise,1,0,0,,,1,6,0,67,0,2,0,1,1,1,5,1,11,6,1,0,0,1,0,,,,,,1,
1384,07/12/2019 20:48,1,0,Control,0,0,0,,,,5,0,73,0,1,0,3,0,0,3,2,6,7,1,0,0,0,0,,,,,,0,
1387,07/12/2019 20:10,1,0,Control,0,0,0,,,,1,1,32,0,2,0,1,1,0,8,11,10,7,0,1,1,1,0,,,,,,0,
1390,07/12/2019 20:45,1,0,Control,0,0,0,,,,4,0,70,0,4,1,3,0,0,1,1,11,7,1,0,0,1,0,,,,,,0,
1393,07/12/2019 23:23,1,0,Trust_promise,1,0,0,,,1,3,1,23,0,3,1,2,1,0,5,2,4,6,0,0,0,0,0,,,,,,1,
1396,07/13/2019 15:44,1,0,Trust_promise,1,0,0,,,1,6,0,49,1,2,0,3,0,0,7,1,10,5,1,1,0,1,0,,,,,,1,
1399,07/13/2019 23:46,1,0,Control,0,0,0,,,,5,1,66,1,2,0,2,1,,6,3,8,7,1,0,0,0,0,,,,,,0,
1402,07/14/2019 08:19,1,0,Trust_promise,1,0,0,,,1,5,1,57,0,3,1,2,1,1,4,11,11,8,1,0,1,1,0,,,,,,1,
1405,07/14/2019 10:27,1,0,Control,0,0,0,,,,1,0,45,0,3,1,1,1,0,5,1,8,6,1,0,0,0,0,,,,,,0,
1408,07/14/2019 10:40,1,0,Trust_promise,1,0,0,,,1,6,0,42,0,3,1,2,1,1,7,1,11,4,1,1,0,1,0,,,,,,1,
1411,07/14/2019 10:44,1,0,Trust_promise,1,0,0,,,1,6,0,66,0,2,0,1,1,1,10,3,5,5,1,1,0,0,0,,,,,,1,
1414,07/14/2019 10:49,1,0,Control,0,0,0,,,,1,0,39,0,4,1,2,1,1,6,1,9,8,1,0,0,0,0,,,,,,0,
1417,07/14/2019 11:31,1,0,Control,0,0,0,,,,6,0,50,1,3,1,2,1,0,6,10,10,10,1,0,1,1,1,,,,,,0,
1420,07/14/2019 12:19,1,0,Trust_promise,1,0,0,,,1,1,1,72,1,2,0,3,0,,4,1,9,7,1,0,0,0,0,,,,,,1,
1423,07/14/2019 15:59,1,0,Control,0,0,0,,,,4,1,53,1,3,1,2,1,1,7,2,11,2,1,1,0,1,0,,,,,,0,
1426,07/14/2019 16:06,1,0,Trust_promise,1,0,0,,,1,1,0,57,1,2,0,1,1,,6,6,10,8,1,0,1,1,0,,,,,,1,
1429,07/14/2019 16:09,1,0,Control,0,0,0,,,,1,0,49,0,4,1,1,1,1,3,1,11,7,1,0,0,1,0,,,,,,0,
1432,07/14/2019 17:14,1,0,Trust_promise,1,0,0,,,1,1,0,69,1,3,1,3,0,0,6,9,9,10,1,0,1,0,1,,,,,,1,
1435,07/14/2019 17:31,1,0,Control,0,0,0,,,,3,0,71,1,3,1,3,0,,3,6,6,8,1,0,1,0,0,,,,,,0,
1438,07/14/2019 17:52,1,0,Trust_promise,1,0,0,,,1,2,0,38,0,3,1,1,1,0,4,1,11,8,1,0,0,1,0,,,,,,1,
1441,07/14/2019 18:22,1,0,Control,0,0,0,,,,4,0,68,1,1,0,3,0,0,8,11,10,9,1,1,1,1,1,,,,,,0,
1444,07/14/2019 19:43,1,0,Trust_promise,1,0,0,,,1,6,0,47,0,4,1,1,1,1,9,1,11,9,1,1,0,1,1,,,,,,1,
1447,07/14/2019 20:14,1,0,Control,0,0,0,,,,4,0,40,1,3,1,2,1,0,6,11,11,10,1,0,1,1,1,,,,,,0,
1450,07/14/2019 21:20,1,0,Trust_promise,1,0,0,,,1,2,0,59,0,2,0,3,0,,6,8,7,8,1,0,1,0,0,,,,,,1,
1453,07/14/2019 21:22,1,0,Trust_promise,1,0,0,,,1,6,1,54,0,3,1,1,1,1,5,5,11,8,1,0,1,1,0,,,,,,1,
1456,07/14/2019 22:16,1,0,Control,0,0,0,,,,2,0,54,0,1,0,1,1,1,11,10,6,9,1,1,1,0,1,,,,,,0,
1459,07/14/2019 23:26,1,0,Trust_promise,1,0,0,,,1,2,0,67,0,3,1,3,0,0,3,2,11,9,1,0,0,1,1,,,,,,1,
1462,07/14/2019 22:49,1,0,Trust_promise,1,0,0,,,1,5,1,60,1,2,0,3,0,0,3,1,11,9,1,0,0,1,1,,,,,,1,
1465,07/14/2019 23:15,1,0,Control,0,0,0,,,,1,1,70,0,3,1,3,0,1,6,1,10,8,1,0,0,1,0,,,,,,0,
1468,07/14/2019 23:41,1,0,Control,0,0,0,,,,1,1,62,1,1,0,3,0,0,9,7,10,8,1,1,1,1,0,,,,,,0,
1471,07/15/2019 07:34,1,0,Trust_promise,1,0,0,,,1,1,0,55,0,2,0,1,1,1,11,4,11,4,1,1,0,1,0,,,,,,1,
1474,07/15/2019 07:51,1,0,Control,0,0,0,,,,4,1,70,1,2,0,3,0,0,5,1,9,9,1,0,0,0,1,,,,,,0,
1477,07/15/2019 08:30,1,0,Trust_promise,1,0,0,,,1,5,1,58,1,4,1,3,0,0,6,11,11,8,1,0,1,1,0,,,,,,1,
1480,07/15/2019 08:52,1,0,Control,0,0,0,,,,4,1,68,1,2,0,3,0,0,8,6,11,9,1,1,1,1,1,,,,,,0,
1483,07/15/2019 11:08,1,0,Trust_promise,1,0,0,,,1,3,0,47,0,2,0,1,1,1,9,1,6,3,1,1,0,0,0,,,,,,1,
1486,07/15/2019 11:10,1,0,Control,0,0,0,,,,1,0,45,0,3,1,1,1,1,7,1,10,9,1,1,0,1,1,,,,,,0,
1489,07/15/2019 11:12,1,0,Control,0,0,0,,,,3,0,53,0,2,0,1,1,,6,11,11,1,1,0,1,1,0,,,,,,0,
1492,07/15/2019 11:23,1,0,Trust_promise,1,0,0,,,1,1,0,50,0,2,0,1,1,1,6,8,10,10,1,0,1,1,1,,,,,,1,
1495,07/15/2019 13:01,1,0,Control,0,0,0,,,,1,0,44,0,3,1,1,1,1,7,1,11,7,1,1,0,1,0,,,,,,0,
1498,07/15/2019 13:14,1,0,Trust_promise,1,0,0,,,1,1,0,76,1,3,1,3,0,0,6,11,11,7,1,0,1,1,0,,,,,,1,
1501,07/15/2019 13:17,1,0,Trust_promise,1,0,0,,,1,3,0,68,1,2,0,3,0,,9,11,6,9,1,1,1,0,1,,,,,,1,
1504,07/15/2019 15:21,1,0,Control,0,0,0,,,,4,1,71,1,4,1,3,0,,5,11,11,5,1,0,1,1,0,,,,,,0,
1507,07/15/2019 16:03,1,0,Control,0,0,0,,,,3,1,66,1,4,1,3,0,,3,4,8,10,1,0,0,0,1,,,,,,0,
1510,07/15/2019 16:45,1,0,Trust_promise,1,0,0,,,1,2,0,52,1,4,1,3,0,0,8,3,11,5,1,1,0,1,0,,,,,,1,
1513,07/15/2019 17:22,1,0,Trust_promise,1,0,0,,,1,5,1,64,1,2,0,3,0,0,8,11,5,7,1,1,1,0,0,,,,,,1,
1516,07/15/2019 17:26,1,0,Control,0,0,0,,,,2,0,66,1,3,1,3,0,0,7,7,7,9,1,1,1,0,1,,,,,,0,
1519,07/15/2019 17:30,1,0,Control,0,0,0,,,,4,0,72,0,4,1,3,0,0,3,1,6,5,1,0,0,0,0,,,,,,0,
1522,07/15/2019 17:48,1,0,Trust_promise,1,0,0,,,1,4,0,28,1,4,1,2,1,0,6,4,10,6,0,0,0,1,0,,,,,,1,
1525,07/15/2019 18:03,1,0,Control,0,0,0,,,,3,0,70,1,3,1,3,0,0,9,6,8,7,1,1,1,0,0,,,,,,0,
1528,07/15/2019 18:05,1,0,Trust_promise,1,0,0,,,1,3,1,42,0,3,1,1,1,1,9,1,11,1,1,1,0,1,0,,,,,,1,
1531,07/15/2019 18:18,1,0,Trust_promise,1,0,0,,,1,1,0,73,1,2,0,3,0,0,4,2,5,7,1,0,0,0,0,,,,,,1,
1534,07/15/2019 18:26,1,0,Control,0,0,0,,,,5,0,71,1,3,1,3,0,,5,11,11,8,1,0,1,1,0,,,,,,0,
1537,07/15/2019 18:40,1,0,Control,0,0,0,,,,4,1,64,1,4,1,1,1,1,4,1,11,9,1,0,0,1,1,,,,,,0,
1540,07/15/2019 19:02,1,0,Trust_promise,1,0,0,,,1,2,0,69,1,2,0,3,0,0,7,10,9,9,1,1,1,0,1,,,,,,1,
1543,07/15/2019 19:04,1,0,Control,0,0,0,,,,3,0,61,1,1,0,3,0,0,3,1,11,9,1,0,0,1,1,,,,,,0,
1546,07/15/2019 19:16,1,0,Trust_promise,1,0,0,,,1,3,0,66,1,2,0,2,1,,4,6,7,8,1,0,1,0,0,,,,,,1,
1549,07/15/2019 19:46,1,0,Trust_promise,1,0,0,,,1,3,1,73,1,4,1,3,0,1,2,1,8,9,1,0,0,0,1,,,,,,1,
1552,07/15/2019 19:56,1,0,Control,0,0,0,,,,2,0,64,1,2,0,3,0,0,6,7,11,9,1,0,1,1,1,,,,,,0,
1555,07/15/2019 20:21,1,0,Control,0,0,0,,,,5,1,71,1,2,0,3,0,0,8,9,8,6,1,1,1,0,0,,,,,,0,
1558,07/15/2019 20:22,1,0,Trust_promise,1,0,0,,,1,4,1,48,0,2,0,1,1,1,9,4,9,10,1,1,0,0,1,,,,,,1,
1561,07/15/2019 20:47,1,0,Control,0,0,0,,,,2,1,75,0,2,0,3,0,0,3,6,5,5,1,0,1,0,0,,,,,,0,
1564,07/15/2019 20:46,1,0,Trust_promise,1,0,0,,,1,5,0,61,1,3,1,1,1,1,7,7,8,7,1,1,1,0,0,,,,,,1,
1567,07/15/2019 22:09,1,0,Trust_promise,1,0,0,,,1,3,0,67,1,1,0,3,0,0,7,11,11,8,1,1,1,1,0,,,,,,1,
1570,07/15/2019 22:32,1,0,Control,0,0,0,,,,5,1,61,1,1,0,3,0,0,5,7,9,8,1,0,1,0,0,,,,,,0,
1573,07/15/2019 22:34,1,0,Control,0,0,0,,,,4,1,63,1,2,0,1,1,0,8,4,6,8,1,1,0,0,0,,,,,,0,
1576,07/15/2019 22:56,1,0,Trust_promise,1,0,0,,,1,5,0,60,1,2,0,3,0,0,8,1,11,7,1,1,0,1,0,,,,,,1,
1579,07/16/2019 00:38,1,0,Control,0,0,0,,,,6,0,75,1,3,1,3,0,1,9,1,7,8,1,1,0,0,0,,,,,,0,
1582,07/16/2019 00:51,1,0,Trust_promise,1,0,0,,,1,3,0,67,1,4,1,3,0,0,6,11,11,7,1,0,1,1,0,,,,,,1,
1585,07/16/2019 09:12,1,0,Control,0,0,0,,,,3,0,74,1,6,0,3,0,1,5,2,11,1,1,0,0,1,0,,,,,,0,
1588,07/16/2019 09:13,1,0,Trust_promise,1,0,0,,,1,6,1,40,0,3,1,1,1,,1,1,6,1,1,0,0,0,0,,,,,,1,
1591,07/16/2019 09:27,1,0,Trust_promise,1,0,0,,,1,1,0,48,0,2,0,3,0,0,3,1,11,7,1,0,0,1,0,,,,,,1,
1594,07/16/2019 09:26,1,0,Control,0,0,0,,,,6,0,63,1,2,0,3,0,0,10,11,9,8,1,1,1,0,0,,,,,,0,
1597,07/16/2019 10:13,1,0,Control,0,0,0,,,,2,1,66,1,1,0,3,0,0,7,1,11,7,1,1,0,1,0,,,,,,0,
1600,07/16/2019 10:56,1,0,Trust_promise,1,0,0,,,1,3,1,28,1,4,1,2,1,0,7,1,11,8,0,1,0,1,0,,,,,,1,
1603,07/16/2019 10:58,1,0,Control,0,0,0,,,,5,1,69,0,3,1,3,0,0,3,1,11,8,1,0,0,1,0,,,,,,0,
1606,07/16/2019 10:59,1,0,Trust_promise,1,0,0,,,1,5,0,50,0,3,1,1,1,1,5,6,9,8,1,0,1,0,0,,,,,,1,
1609,07/16/2019 11:01,1,0,Trust_promise,1,0,0,,,1,6,1,21,1,2,0,1,1,0,6,11,11,7,0,0,1,1,0,,,,,,1,
1612,07/16/2019 11:00,1,0,Control,0,0,0,,,,4,1,46,1,4,1,2,1,1,4,6,11,11,1,0,1,1,1,,,,,,0,
1615,07/16/2019 11:02,1,0,Trust_promise,1,0,0,,,1,4,1,64,0,2,0,3,0,1,5,1,8,9,1,0,0,0,1,,,,,,1,
1618,07/16/2019 11:04,1,0,Control,0,0,0,,,,3,1,67,0,1,0,3,0,,9,1,11,9,1,1,0,1,1,,,,,,0,
1621,07/16/2019 11:03,1,0,Trust_promise,1,0,0,,,1,1,0,24,1,3,1,2,1,1,6,4,7,8,0,0,0,0,0,,,,,,1,
1624,07/16/2019 11:03,1,0,Control,0,0,0,,,,1,1,59,0,2,0,3,0,1,10,6,9,8,1,1,1,0,0,,,,,,0,
1627,07/16/2019 11:06,1,0,Control,0,0,0,,,,2,1,41,1,2,0,3,0,,8,3,8,5,1,1,0,0,0,,,,,,0,
1630,07/16/2019 11:11,1,0,Trust_promise,1,0,0,,,1,2,0,36,1,4,1,2,1,0,7,4,8,7,1,1,0,0,0,,,,,,1,
1633,07/16/2019 11:11,1,0,Control,0,0,0,,,,1,1,73,1,2,0,3,0,0,10,6,2,8,1,1,1,0,0,,,,,,0,
1636,07/16/2019 11:11,1,0,Trust_promise,1,0,0,,,1,1,0,26,1,6,0,1,1,,4,2,11,6,0,0,0,1,0,,,,,,1,
1639,07/16/2019 11:14,1,0,Trust_promise,1,0,0,,,1,2,0,19,1,2,0,3,0,0,4,1,11,9,0,0,0,1,1,,,,,,1,
1642,07/16/2019 11:15,1,0,Control,0,0,0,,,,2,1,53,1,3,1,2,1,1,7,1,11,6,1,1,0,1,0,,,,,,0,
1645,07/16/2019 11:26,1,0,Trust_promise,1,0,0,,,1,3,0,18,1,1,0,1,1,0,3,3,6,6,0,0,0,0,0,,,,,,1,
1648,07/16/2019 11:24,1,0,Control,0,0,0,,,,2,0,57,1,2,0,1,1,0,6,1,11,10,1,0,0,1,1,,,,,,0,
1651,07/16/2019 11:31,1,0,Trust_promise,1,0,0,,,1,6,0,71,0,3,1,3,0,0,3,1,10,10,1,0,0,1,1,,,,,,1,
1654,07/16/2019 11:34,1,0,Control,0,0,0,,,,3,0,52,1,3,1,1,1,1,4,2,9,9,1,0,0,0,1,,,,,,0,
1657,07/16/2019 11:37,1,0,Control,0,0,0,,,,2,0,61,0,4,1,2,1,1,3,1,6,9,1,0,0,0,1,,,,,,0,
1660,07/16/2019 11:44,1,0,Trust_promise,1,0,0,,,1,4,0,67,0,2,0,3,0,,4,1,11,8,1,0,0,1,0,,,,,,1,
1663,07/16/2019 11:38,1,0,Control,0,0,0,,,,3,0,21,1,3,1,3,0,,2,3,11,7,0,0,0,1,0,,,,,,0,
1666,07/16/2019 11:45,1,0,Trust_promise,1,0,0,,,1,1,0,50,1,4,1,2,1,1,3,4,11,9,1,0,0,1,1,,,,,,1,
1669,07/16/2019 11:48,1,0,Trust_promise,1,0,0,,,1,4,0,71,0,3,1,3,0,0,8,1,11,5,1,1,0,1,0,,,,,,1,
1672,07/16/2019 11:46,1,0,Control,0,0,0,,,,4,1,23,1,4,1,1,1,0,4,1,7,6,0,0,0,0,0,,,,,,0,
1675,07/16/2019 11:57,1,0,Trust_promise,1,0,0,,,1,1,0,27,1,4,1,2,1,1,3,4,9,9,0,0,0,0,1,,,,,,1,
1678,07/16/2019 12:02,1,0,Trust_promise,1,0,0,,,1,2,0,42,0,4,1,1,1,1,8,4,9,6,1,1,0,0,0,,,,,,1,
1681,07/16/2019 12:04,1,0,Control,0,0,0,,,,3,1,54,1,2,0,1,1,1,8,4,11,9,1,1,0,1,1,,,,,,0,
1684,07/16/2019 12:07,1,0,Control,0,0,0,,,,3,0,24,1,2,0,2,1,0,6,1,7,3,0,0,0,0,0,,,,,,0,
1687,07/16/2019 12:12,1,0,Trust_promise,1,0,0,,,1,2,0,69,0,2,0,3,0,1,9,8,6,7,1,1,1,0,0,,,,,,1,
1690,07/16/2019 12:12,1,0,Trust_promise,1,0,0,,,1,3,0,61,0,3,1,1,1,1,4,2,9,10,1,0,0,0,1,,,,,,1,
1693,07/16/2019 12:19,1,0,Control,0,0,0,,,,4,1,56,0,1,0,1,1,0,8,1,11,4,1,1,0,1,0,,,,,,0,
1696,07/16/2019 12:20,1,0,Control,0,0,0,,,,4,1,52,1,3,1,1,1,,7,4,8,7,1,1,0,0,0,,,,,,0,
1699,07/16/2019 12:22,1,0,Trust_promise,1,0,0,,,1,2,1,66,0,2,0,3,0,0,2,1,11,9,1,0,0,1,1,,,,,,1,
1702,07/16/2019 12:24,1,0,Control,0,0,0,,,,6,0,59,0,3,1,1,1,1,7,5,9,7,1,1,1,0,0,,,,,,0,
1705,07/16/2019 12:32,1,0,Trust_promise,1,0,0,,,1,6,0,31,1,3,1,1,1,1,3,1,9,8,0,0,0,0,0,,,,,,1,
1708,07/16/2019 12:45,1,0,Control,0,0,0,,,,3,1,50,0,2,0,1,1,1,7,6,9,6,1,1,1,0,0,,,,,,0,
1711,07/16/2019 12:54,1,0,Control,0,0,0,,,,4,0,58,0,2,0,1,1,1,6,2,6,7,1,0,0,0,0,,,,,,0,
1714,07/16/2019 12:56,1,0,Trust_promise,1,0,0,,,1,3,1,66,0,3,1,3,0,0,7,1,7,4,1,1,0,0,0,,,,,,1,
1717,07/16/2019 13:04,1,0,Trust_promise,1,0,0,,,1,2,0,43,1,2,0,1,1,0,7,8,6,9,1,1,1,0,1,,,,,,1,
1720,07/16/2019 13:23,1,0,Control,0,0,0,,,,2,1,63,0,2,0,1,1,0,6,6,8,8,1,0,1,0,0,,,,,,0,
1723,07/16/2019 13:45,1,0,Trust_promise,1,0,0,,,1,6,1,27,1,3,1,2,1,1,6,8,11,11,0,0,1,1,1,,,,,,1,
1726,07/16/2019 13:46,1,0,Control,0,0,0,,,,4,0,61,0,1,0,1,1,1,7,1,8,6,1,1,0,0,0,,,,,,0,
1729,07/16/2019 13:51,1,0,Trust_promise,1,0,0,,,1,4,0,77,0,4,1,3,0,0,3,1,9,6,1,0,0,0,0,,,,,,1,
1732,07/16/2019 14:02,1,0,Control,0,0,0,,,,4,0,39,1,3,1,2,1,,7,6,10,7,1,1,1,1,0,,,,,,0,
1735,07/16/2019 14:06,1,0,Control,0,0,0,,,,2,0,43,0,4,1,1,1,,6,10,9,7,1,0,1,0,0,,,,,,0,
1738,07/16/2019 14:08,1,0,Trust_promise,1,0,0,,,1,6,0,78,0,3,1,3,0,1,4,1,4,7,1,0,0,0,0,,,,,,1,
1741,07/16/2019 14:12,1,0,Control,0,0,0,,,,6,1,70,0,4,1,3,0,0,1,1,4,10,1,0,0,0,1,,,,,,0,
1744,07/16/2019 14:33,1,0,Trust_promise,1,0,0,,,1,4,0,51,1,2,0,2,1,0,5,2,6,4,1,0,0,0,0,,,,,,1,
1747,07/16/2019 14:46,1,0,Trust_promise,1,0,0,,,1,5,0,27,1,4,1,2,1,0,6,1,9,7,0,0,0,0,0,,,,,,1,
1750,07/16/2019 15:19,1,0,Control,0,0,0,,,,2,1,18,1,1,0,3,0,1,6,2,9,7,0,0,0,0,0,,,,,,0,
1753,07/16/2019 15:22,1,0,Trust_promise,1,0,0,,,1,3,0,47,0,1,0,1,1,0,1,1,1,5,1,0,0,0,0,,,,,,1,
1756,07/16/2019 15:37,1,0,Control,0,0,0,,,,4,1,62,0,2,0,1,1,,8,1,11,8,1,1,0,1,0,,,,,,0,
1759,07/16/2019 16:16,1,0,Control,0,0,0,,,,6,1,44,0,3,1,2,1,1,8,2,5,4,1,1,0,0,0,,,,,,0,
1762,07/16/2019 16:06,1,0,Trust_promise,1,0,0,,,1,3,0,78,0,4,1,3,0,1,9,4,11,9,1,1,0,1,1,,,,,,1,
1765,07/16/2019 16:07,1,0,Control,0,0,0,,,,6,1,76,0,3,1,1,1,1,10,9,10,6,1,1,1,1,0,,,,,,0,
1768,07/16/2019 16:39,1,0,Trust_promise,1,0,0,,,1,3,0,69,0,3,1,1,1,1,6,1,11,9,1,0,0,1,1,,,,,,1,
1771,07/16/2019 17:06,1,0,Trust_promise,1,0,0,,,1,3,0,42,0,2,0,3,0,0,5,9,10,7,1,0,1,1,0,,,,,,1,
1774,07/16/2019 16:50,1,0,Control,0,0,0,,,,2,0,30,1,2,0,3,0,0,1,2,11,9,0,0,0,1,1,,,,,,0,
1777,07/16/2019 17:06,1,0,Trust_promise,1,0,0,,,1,6,1,49,0,4,1,1,1,1,11,9,6,6,1,1,1,0,0,,,,,,1,
1780,07/16/2019 17:25,1,0,Control,0,0,0,,,,1,1,20,1,2,0,1,1,0,3,3,11,6,0,0,0,1,0,,,,,,0,
1783,07/16/2019 17:24,1,0,Control,0,0,0,,,,6,1,51,1,2,0,3,0,0,9,9,10,7,1,1,1,1,0,,,,,,0,
1786,07/16/2019 17:58,1,0,Trust_promise,1,0,0,,,1,6,0,56,1,2,0,2,1,0,3,8,8,7,1,0,1,0,0,,,,,,1,
1789,07/16/2019 17:59,1,0,Trust_promise,1,0,0,,,1,6,1,55,1,2,0,3,0,,7,1,8,8,1,1,0,0,0,,,,,,1,
1792,07/16/2019 18:06,1,0,Control,0,0,0,,,,6,1,27,1,3,1,1,1,0,7,1,7,6,0,1,0,0,0,,,,,,0,
1795,07/16/2019 18:09,1,0,Control,0,0,0,,,,6,1,55,0,2,0,3,0,,6,4,11,8,1,0,0,1,0,,,,,,0,
1798,07/16/2019 18:40,1,0,Trust_promise,1,0,0,,,1,2,0,66,0,4,1,3,0,0,2,1,10,10,1,0,0,1,1,,,,,,1,
1801,07/16/2019 18:59,1,0,Trust_promise,1,0,0,,,1,4,1,64,0,2,0,1,1,,6,6,8,9,1,0,1,0,1,,,,,,1,
1804,07/16/2019 19:17,1,0,Control,0,0,0,,,,6,1,44,0,2,0,1,1,1,9,6,7,4,1,1,1,0,0,,,,,,0,
1807,07/16/2019 19:23,1,0,Control,0,0,0,,,,2,1,60,0,3,1,1,1,0,9,6,11,8,1,1,1,1,0,,,,,,0,
1810,07/16/2019 19:35,1,0,Trust_promise,1,0,0,,,1,1,0,21,1,3,1,3,0,0,8,1,9,9,0,1,0,0,1,,,,,,1,
1813,07/16/2019 19:35,1,0,Trust_promise,1,0,0,,,1,6,1,30,1,4,1,3,0,0,6,7,11,6,0,0,1,1,0,,,,,,1,
1816,07/16/2019 19:53,1,0,Control,0,0,0,,,,6,0,41,0,2,0,1,1,1,6,8,8,7,1,0,1,0,0,,,,,,0,
1819,07/16/2019 20:06,1,0,Control,0,0,0,,,,3,0,74,0,3,1,3,0,1,6,11,11,6,1,0,1,1,0,,,,,,0,
1822,07/16/2019 20:10,1,0,Trust_promise,1,0,0,,,1,3,0,34,1,2,0,1,1,0,7,6,8,3,0,1,1,0,0,,,,,,1,
1825,07/16/2019 20:23,1,0,Control,0,0,0,,,,4,0,69,1,3,1,3,0,0,6,11,11,10,1,0,1,1,1,,,,,,0,
1828,07/16/2019 20:25,1,0,Trust_promise,1,0,0,,,1,4,0,49,0,3,1,1,1,1,8,1,11,9,1,1,0,1,1,,,,,,1,
1831,07/16/2019 20:26,1,0,Control,0,0,0,,,,3,0,71,0,1,0,3,0,0,11,6,6,5,1,1,1,0,0,,,,,,0,
1834,07/16/2019 21:21,1,0,Trust_promise,1,0,0,,,1,4,0,59,1,3,1,3,0,,6,2,10,7,1,0,0,1,0,,,,,,1,
1837,07/16/2019 21:29,1,0,Control,0,0,0,,,,4,0,58,0,1,0,1,1,0,8,1,6,8,1,1,0,0,0,,,,,,0,
1840,07/16/2019 21:42,1,0,Trust_promise,1,0,0,,,1,6,0,32,1,3,1,1,1,,5,3,8,6,0,0,0,0,0,,,,,,1,
1843,07/16/2019 22:59,1,0,Trust_promise,1,0,0,,,1,1,0,66,0,4,1,1,1,,3,11,9,9,1,0,1,0,1,,,,,,1,
1846,07/16/2019 23:01,1,0,Control,0,0,0,,,,3,0,60,0,4,1,1,1,1,9,1,11,8,1,1,0,1,0,,,,,,0,
1849,07/16/2019 23:27,1,0,Trust_promise,1,0,0,,,1,4,1,42,0,4,1,2,1,,6,10,9,9,1,0,1,0,1,,,,,,1,
1852,07/16/2019 23:47,1,0,Control,0,0,0,,,,5,1,73,1,4,1,3,0,1,4,1,9,8,1,0,0,0,0,,,,,,0,
1855,07/16/2019 23:56,1,0,Trust_promise,1,0,0,,,1,6,0,73,0,6,0,3,0,,8,2,11,8,1,1,0,1,0,,,,,,1,
1858,07/17/2019 00:20,1,0,Control,0,0,0,,,,6,0,41,1,4,1,1,1,1,7,1,11,6,1,1,0,1,0,,,,,,0,
1861,07/17/2019 08:34,1,0,Control,0,0,0,,,,2,0,77,0,3,1,3,0,0,6,8,6,6,1,0,1,0,0,,,,,,0,
1864,07/17/2019 08:36,1,0,Trust_promise,1,0,0,,,1,6,0,60,0,2,0,2,1,1,10,6,9,8,1,1,1,0,0,,,,,,1,
1867,07/17/2019 08:43,1,0,Trust_promise,1,0,0,,,1,5,1,59,1,2,0,1,1,1,10,1,7,10,1,1,0,0,1,,,,,,1,
1870,07/17/2019 08:49,1,0,Control,0,0,0,,,,5,0,39,1,4,1,2,1,1,6,4,8,6,1,0,0,0,0,,,,,,0,
1873,07/17/2019 09:59,1,0,Control,0,0,0,,,,6,0,43,0,3,1,1,1,0,2,1,11,9,1,0,0,1,1,,,,,,0,
1876,07/17/2019 10:22,1,0,Trust_promise,1,0,0,,,1,3,0,59,0,3,1,2,1,1,8,1,8,9,1,1,0,0,1,,,,,,1,
1879,07/23/2019 09:27,1,0,Control,0,0,0,,,,6,1,72,0,1,0,3,0,0,6,3,5,8,1,0,0,0,0,,,,,,0,
1882,07/17/2019 10:52,1,0,Trust_promise,1,0,0,,,1,6,0,51,0,3,1,2,1,1,6,11,9,8,1,0,1,0,0,,,,,,1,
1885,07/17/2019 10:51,1,0,Trust_promise,1,0,0,,,1,3,1,26,1,2,0,1,1,0,6,1,8,6,0,0,0,0,0,,,,,,1,
1888,07/17/2019 11:00,1,0,Control,0,0,0,,,,5,1,53,1,2,0,1,1,,6,3,6,7,1,0,0,0,0,,,,,,0,
1891,07/17/2019 11:02,1,0,Control,0,0,0,,,,1,0,68,0,3,1,3,0,0,5,2,9,9,1,0,0,0,1,,,,,,0,
1894,07/17/2019 13:08,1,0,Trust_promise,1,0,0,,,1,2,0,21,1,2,0,3,0,0,1,1,11,6,0,0,0,1,0,,,,,,1,
1897,07/17/2019 11:05,1,0,Trust_promise,1,0,0,,,1,6,0,56,1,4,1,2,1,1,6,11,9,9,1,0,1,0,1,,,,,,1,
1900,07/17/2019 11:08,1,0,Control,0,0,0,,,,4,0,53,0,4,1,1,1,1,6,11,11,9,1,0,1,1,1,,,,,,0,
1903,07/17/2019 11:12,1,0,Trust_promise,1,0,0,,,1,4,0,75,0,2,0,3,0,1,6,3,11,6,1,0,0,1,0,,,,,,1,
1906,07/17/2019 11:18,1,0,Trust_promise,1,0,0,,,1,4,1,47,1,3,1,1,1,,8,6,8,9,1,1,1,0,1,,,,,,1,
1909,07/17/2019 11:18,1,0,Control,0,0,0,,,,1,0,77,0,3,1,1,1,1,10,7,11,6,1,1,1,1,0,,,,,,0,
1912,07/17/2019 11:18,1,0,Control,0,0,0,,,,3,1,37,1,4,1,2,1,1,4,6,11,9,1,0,1,1,1,,,,,,0,
1915,07/17/2019 11:22,1,0,Trust_promise,1,0,0,,,1,4,0,73,0,3,1,3,0,0,9,9,11,9,1,1,1,1,1,,,,,,1,
1918,07/17/2019 11:27,1,0,Control,0,0,0,,,,2,0,37,1,3,1,3,0,0,6,8,11,5,1,0,1,1,0,,,,,,0,
1921,07/17/2019 11:30,1,0,Trust_promise,1,0,0,,,1,4,0,24,1,2,0,3,0,0,7,4,8,5,0,1,0,0,0,,,,,,1,
1924,07/17/2019 11:37,1,0,Control,0,0,0,,,,3,1,58,0,2,0,1,1,0,6,5,6,7,1,0,1,0,0,,,,,,0,
1927,07/17/2019 11:38,1,0,Trust_promise,1,0,0,,,1,4,0,37,0,2,0,1,1,1,6,5,7,7,1,0,1,0,0,,,,,,1,
1930,07/17/2019 11:48,1,0,Trust_promise,1,0,0,,,1,1,0,60,0,2,0,1,1,0,8,6,9,8,1,1,1,0,0,,,,,,1,
1933,07/17/2019 11:52,1,0,Control,0,0,0,,,,3,1,20,1,2,0,2,1,0,8,1,8,5,0,1,0,0,0,,,,,,0,
1936,07/17/2019 11:58,1,0,Control,0,0,0,,,,3,0,70,0,4,1,1,1,1,9,1,10,8,1,1,0,1,0,,,,,,0,
1939,07/17/2019 11:59,1,0,Control,0,0,0,,,,3,1,57,0,2,0,3,0,1,8,6,8,6,1,1,1,0,0,,,,,,0,
1942,07/17/2019 12:09,1,0,Control,0,0,0,,,,2,0,34,1,3,1,1,1,0,1,1,8,7,0,0,0,0,0,,,,,,0,
1945,07/17/2019 12:15,1,0,Trust_promise,1,0,0,,,1,3,0,21,1,2,0,2,1,,6,8,9,8,0,0,1,0,0,,,,,,1,
1948,07/17/2019 12:18,1,0,Trust_promise,1,0,0,,,1,5,0,51,0,3,1,2,1,1,8,3,11,8,1,1,0,1,0,,,,,,1,
1951,07/17/2019 12:24,1,0,Control,0,0,0,,,,6,0,35,1,2,0,3,0,0,3,1,11,8,1,0,0,1,0,,,,,,0,
1954,07/17/2019 12:39,1,0,Trust_promise,1,0,0,,,1,1,0,73,0,2,0,3,0,0,9,10,6,9,1,1,1,0,1,,,,,,1,
1957,07/17/2019 12:55,1,0,Control,0,0,0,,,,4,0,64,1,1,0,3,0,,4,6,9,7,1,0,1,0,0,,,,,,0,
1960,07/17/2019 12:58,1,0,Trust_promise,1,0,0,,,1,5,0,58,1,3,1,2,1,1,2,1,11,9,1,0,0,1,1,,,,,,1,
1963,07/17/2019 13:02,1,0,Control,0,0,0,,,,5,1,39,1,2,0,3,0,0,6,9,11,11,1,0,1,1,1,,,,,,0,
1966,07/17/2019 13:20,1,0,Control,0,0,0,,,,5,0,66,0,3,1,1,1,,9,4,6,7,1,1,0,0,0,,,,,,0,
1969,07/17/2019 13:33,1,0,Trust_promise,1,0,0,,,1,3,1,70,0,2,0,3,0,0,2,1,11,7,1,0,0,1,0,,,,,,1,
1972,07/17/2019 13:40,1,0,Control,0,0,0,,,,5,1,52,1,3,1,3,0,0,8,11,11,6,1,1,1,1,0,,,,,,0,
1975,07/17/2019 13:46,1,0,Trust_promise,1,0,0,,,1,4,1,72,0,2,0,3,0,0,6,6,7,7,1,0,1,0,0,,,,,,1,
1978,07/17/2019 13:46,1,0,Control,0,0,0,,,,6,0,57,0,2,0,1,1,0,10,1,11,5,1,1,0,1,0,,,,,,0,
1981,07/17/2019 13:49,1,0,Trust_promise,1,0,0,,,1,3,1,51,1,2,0,3,0,,6,4,8,5,1,0,0,0,0,,,,,,1,
1984,07/17/2019 14:28,1,0,Control,0,0,0,,,,6,1,70,0,3,1,3,0,0,10,1,10,7,1,1,0,1,0,,,,,,0,
1987,07/17/2019 14:24,1,0,Trust_promise,1,0,0,,,1,5,0,24,1,2,0,3,0,0,2,2,11,8,0,0,0,1,0,,,,,,1,
1990,07/22/2019 10:51,1,0,Control,0,0,0,,,,6,1,26,1,4,1,1,1,1,3,1,9,9,0,0,0,0,1,,,,,,0,
1993,07/17/2019 15:09,1,0,Trust_promise,1,0,0,,,1,2,0,50,1,3,1,2,1,,6,5,8,8,1,0,1,0,0,,,,,,1,
1996,07/17/2019 15:44,1,0,Control,0,0,0,,,,3,0,79,0,3,1,3,0,0,10,1,11,6,1,1,0,1,0,,,,,,0,
1999,07/17/2019 16:27,1,0,Trust_promise,1,0,0,,,1,3,1,67,0,2,0,3,0,0,5,5,7,8,1,0,1,0,0,,,,,,1,
2002,07/17/2019 16:34,1,0,Control,0,0,0,,,,3,0,75,0,2,0,3,0,1,9,8,10,9,1,1,1,1,1,,,,,,0,
2005,07/17/2019 16:53,1,0,Control,0,0,0,,,,4,1,45,1,3,1,1,1,,5,2,9,9,1,0,0,0,1,,,,,,0,
2008,07/17/2019 17:03,1,0,Trust_promise,1,0,0,,,1,2,1,21,1,2,0,1,1,0,6,1,7,8,0,0,0,0,0,,,,,,1,
2011,07/17/2019 17:39,1,0,Control,0,0,0,,,,1,0,22,1,3,1,2,1,0,3,1,8,9,0,0,0,0,1,,,,,,0,
2014,07/17/2019 17:55,1,0,Trust_promise,1,0,0,,,1,2,0,41,1,6,0,1,1,,6,1,10,9,1,0,0,1,1,,,,,,1,
2017,07/17/2019 17:58,1,0,Trust_promise,1,0,0,,,1,6,1,65,1,2,0,2,1,,5,6,8,8,1,0,1,0,0,,,,,,1,
2020,07/17/2019 18:24,1,0,Control,0,0,0,,,,5,0,62,0,4,1,1,1,1,8,1,7,7,1,1,0,0,0,,,,,,0,
2023,07/17/2019 20:07,1,0,Control,0,0,0,,,,1,0,61,1,3,1,2,1,1,5,9,11,9,1,0,1,1,1,,,,,,0,
2026,07/17/2019 20:07,1,0,Trust_promise,1,0,0,,,1,2,0,38,1,3,1,3,0,0,3,1,9,8,1,0,0,0,0,,,,,,1,
2029,07/17/2019 20:27,1,0,Control,0,0,0,,,,2,1,71,1,3,1,3,0,0,6,4,11,5,1,0,0,1,0,,,,,,0,
2032,07/17/2019 20:48,1,0,Trust_promise,1,0,0,,,1,4,1,56,0,1,0,3,0,0,7,11,11,9,1,1,1,1,1,,,,,,1,
2035,07/17/2019 21:52,1,0,Trust_promise,1,0,0,,,1,6,0,83,0,1,0,3,0,0,6,1,7,9,1,0,0,0,1,,,,,,1,
2038,07/17/2019 21:55,1,0,Control,0,0,0,,,,2,0,76,0,3,1,3,0,0,7,3,8,8,1,1,0,0,0,,,,,,0,
2041,07/17/2019 22:32,1,0,Trust_promise,1,0,0,,,1,6,0,57,1,3,1,2,1,0,3,8,8,6,1,0,1,0,0,,,,,,1,
2044,07/17/2019 22:35,1,0,Control,0,0,0,,,,3,1,67,0,2,0,3,0,,3,10,8,8,1,0,1,0,0,,,,,,0,
2047,07/17/2019 22:43,1,0,Control,0,0,0,,,,1,0,72,0,3,1,3,0,0,7,11,11,10,1,1,1,1,1,,,,,,0,
2050,07/17/2019 22:44,1,0,Trust_promise,1,0,0,,,1,3,1,73,0,1,0,1,1,0,6,8,11,10,1,0,1,1,1,,,,,,1,
2053,07/18/2019 00:18,1,0,Control,0,0,0,,,,3,0,67,0,4,1,3,0,0,5,6,9,5,1,0,1,0,0,,,,,,0,
2056,07/17/2019 23:43,1,0,Control,0,0,0,,,,6,1,57,0,4,1,2,1,1,6,1,11,7,1,0,0,1,0,,,,,,0,
2059,07/18/2019 00:03,1,0,Trust_promise,1,0,0,,,1,5,0,67,0,3,1,3,0,1,4,8,7,5,1,0,1,0,0,,,,,,1,
2062,07/18/2019 00:34,1,0,Trust_promise,1,0,0,,,1,3,1,79,0,2,0,3,0,0,10,11,11,8,1,1,1,1,0,,,,,,1,
2065,07/18/2019 06:29,1,0,Control,0,0,0,,,,5,0,54,1,5,1,3,0,0,5,8,11,8,1,0,1,1,0,,,,,,0,
2068,07/18/2019 08:30,1,0,Trust_promise,1,0,0,,,1,5,0,56,1,2,0,3,0,0,2,1,11,9,1,0,0,1,1,,,,,,1,
2071,07/18/2019 08:44,1,0,Control,0,0,0,,,,5,0,73,0,3,1,3,0,0,5,1,11,10,1,0,0,1,1,,,,,,0,
2074,07/18/2019 09:20,1,0,Trust_promise,1,0,0,,,1,4,0,73,0,4,1,3,0,1,2,9,9,8,1,0,1,0,0,,,,,,1,
2077,07/18/2019 09:19,1,0,Control,0,0,0,,,,5,0,51,0,4,1,1,1,1,6,9,9,6,1,0,1,0,0,,,,,,0,
2080,07/18/2019 10:18,1,0,Trust_promise,1,0,0,,,1,1,0,57,0,4,1,1,1,1,9,1,7,7,1,1,0,0,0,,,,,,1,
2083,07/18/2019 10:52,1,0,Control,0,0,0,,,,1,0,29,1,4,1,1,1,1,8,7,10,8,0,1,1,1,0,,,,,,0,
2086,07/18/2019 11:40,1,0,Trust_promise,1,0,0,,,1,6,1,46,1,2,0,1,1,1,6,6,11,4,1,0,1,1,0,,,,,,1,
2089,07/18/2019 13:31,1,0,Trust_promise,1,0,0,,,1,4,0,73,1,3,1,3,0,1,2,1,6,5,1,0,0,0,0,,,,,,1,
2092,07/18/2019 13:37,1,0,Control,0,0,0,,,,1,0,24,1,2,0,1,1,,4,11,7,8,0,0,1,0,0,,,,,,0,
2095,07/18/2019 14:25,1,0,Control,0,0,0,,,,3,0,71,1,3,1,3,0,0,5,1,7,9,1,0,0,0,1,,,,,,0,
2098,07/18/2019 15:28,1,0,Trust_promise,1,0,0,,,1,6,0,28,1,6,0,3,0,,6,10,5,6,0,0,1,0,0,,,,,,1,
2101,07/18/2019 18:38,1,0,Control,0,0,0,,,,4,1,54,1,3,1,3,0,0,6,11,10,8,1,0,1,1,0,,,,,,0,
2104,07/18/2019 19:08,1,0,Trust_promise,1,0,0,,,1,3,1,62,1,2,0,1,1,,7,1,8,8,1,1,0,0,0,,,,,,1,
2107,07/18/2019 21:24,1,0,Trust_promise,1,0,0,,,1,2,0,53,1,6,0,1,1,0,3,3,7,3,1,0,0,0,0,,,,,,1,
2110,07/18/2019 22:06,1,0,Control,0,0,0,,,,3,0,52,0,4,1,1,1,1,2,1,11,10,1,0,0,1,1,,,,,,0,
2113,07/18/2019 22:15,1,0,Control,0,0,0,,,,5,0,68,0,4,1,3,0,0,2,1,10,11,1,0,0,1,1,,,,,,0,
2116,07/18/2019 23:31,1,0,Trust_promise,1,0,0,,,1,2,0,19,1,2,0,1,1,0,3,8,10,7,0,0,1,1,0,,,,,,1,
2119,07/19/2019 06:35,1,0,Control,0,0,0,,,,3,0,61,0,3,1,1,1,1,8,1,9,8,1,1,0,0,0,,,,,,0,
2122,07/19/2019 07:21,1,0,Trust_promise,1,0,0,,,1,4,0,63,0,3,1,2,1,1,5,1,6,8,1,0,0,0,0,,,,,,1,
2125,07/19/2019 08:56,1,0,Trust_promise,1,0,0,,,1,6,0,74,0,3,1,3,0,0,7,4,11,8,1,1,0,1,0,,,,,,1,
2128,07/19/2019 09:55,1,0,Control,0,0,0,,,,4,1,60,0,2,0,2,1,1,3,4,6,7,1,0,0,0,0,,,,,,0,
2131,07/19/2019 11:11,1,0,Trust_promise,1,0,0,,,1,6,1,20,1,2,0,1,1,0,9,7,10,5,0,1,1,1,0,,,,,,1,
2134,07/19/2019 11:43,1,0,Control,0,0,0,,,,2,0,38,1,5,1,2,1,1,2,1,11,8,1,0,0,1,0,,,,,,0,
2137,07/19/2019 15:14,1,0,Trust_promise,1,0,0,,,1,5,1,33,1,3,1,1,1,0,4,1,11,7,0,0,0,1,0,,,,,,1,
2140,07/23/2019 09:32,1,0,Control,0,0,0,,,,1,0,35,1,2,0,1,1,,6,1,5,5,1,0,0,0,0,,,,,,0,
2143,07/19/2019 15:43,1,0,Control,0,0,0,,,,2,0,51,0,3,1,1,1,,5,1,11,7,1,0,0,1,0,,,,,,0,
2146,07/19/2019 16:32,1,0,Trust_promise,1,0,0,,,1,3,0,70,0,2,0,3,0,0,3,8,10,9,1,0,1,1,1,,,,,,1,
2149,07/19/2019 23:32,1,0,Control,0,0,0,,,,5,0,50,1,3,1,3,0,0,5,11,11,9,1,0,1,1,1,,,,,,0,
2152,07/20/2019 10:26,1,0,Trust_promise,1,0,0,,,1,1,0,53,0,2,0,1,1,0,5,6,7,7,1,0,1,0,0,,,,,,1,
2155,07/20/2019 11:18,1,0,Control,0,0,0,,,,4,0,68,0,3,1,3,0,,7,6,11,7,1,1,1,1,0,,,,,,0,
2158,07/20/2019 16:25,1,0,Trust_promise,1,0,0,,,1,6,0,19,1,2,0,2,1,,9,11,10,8,0,1,1,1,0,,,,,,1,
2161,07/21/2019 00:48,1,0,Control,0,0,0,,,,3,1,72,0,3,1,3,0,0,4,6,8,9,1,0,1,0,1,,,,,,0,
2164,07/21/2019 07:02,1,0,Control,0,0,0,,,,2,1,70,0,3,1,1,1,0,7,6,6,8,1,1,1,0,0,,,,,,0,
2167,07/21/2019 11:12,1,0,Trust_promise,1,0,0,,,1,4,0,80,0,3,1,3,0,0,8,11,11,7,1,1,1,1,0,,,,,,1,
2170,07/21/2019 14:11,1,0,Trust_promise,1,0,0,,,1,1,0,69,1,3,1,3,0,0,4,7,9,6,1,0,1,0,0,,,,,,1,
2173,07/21/2019 15:13,1,0,Control,0,0,0,,,,3,1,43,1,3,1,2,1,1,5,3,7,10,1,0,0,0,1,,,,,,0,
2176,07/21/2019 19:30,1,0,Trust_promise,1,0,0,,,1,6,1,33,1,2,0,1,1,0,7,1,10,7,0,1,0,1,0,,,,,,1,
2179,07/21/2019 22:43,1,0,Control,0,0,0,,,,5,0,54,0,4,1,1,1,1,4,2,8,8,1,0,0,0,0,,,,,,0,
2182,07/22/2019 09:19,1,0,Control,0,0,0,,,,4,1,55,0,2,0,1,1,0,5,4,7,8,1,0,0,0,0,,,,,,0,
2185,07/22/2019 10:21,1,0,Control,0,0,0,,,,6,0,31,0,4,1,1,1,0,7,6,4,8,0,1,1,0,0,,,,,,0,
2188,07/22/2019 09:26,1,0,Control,0,0,0,,,,1,0,65,1,2,0,3,0,0,6,6,7,7,1,0,1,0,0,,,,,,0,
2191,07/22/2019 09:45,1,0,Control,0,0,0,,,,2,1,75,0,4,1,3,0,,7,10,8,7,1,1,1,0,0,,,,,,0,
2194,07/22/2019 09:31,1,0,Trust_promise,1,0,0,,,1,3,1,64,1,3,1,2,1,0,3,11,7,5,1,0,1,0,0,,,,,,1,
2197,07/22/2019 09:36,1,0,Trust_promise,1,0,0,,,1,2,0,27,0,3,1,1,1,1,6,9,8,5,0,0,1,0,0,,,,,,1,
2200,07/22/2019 09:39,1,0,Trust_promise,1,0,0,,,1,3,0,48,1,2,0,1,1,1,11,3,9,8,1,1,0,0,0,,,,,,1,
2203,07/22/2019 09:42,1,0,Trust_promise,1,0,0,,,1,1,0,26,0,2,0,1,1,,6,1,9,7,0,0,0,0,0,,,,,,1,
2206,07/22/2019 09:44,1,0,Control,0,0,0,,,,6,0,51,1,4,1,2,1,1,6,5,11,9,1,0,1,1,1,,,,,,0,
2209,07/22/2019 09:56,1,0,Trust_promise,1,0,0,,,1,3,0,47,1,2,0,1,1,0,11,1,11,6,1,1,0,1,0,,,,,,1,
2212,07/22/2019 10:04,1,0,Control,0,0,0,,,,4,0,48,0,2,0,2,1,0,11,11,9,6,1,1,1,0,0,,,,,,0,
2215,07/22/2019 10:04,1,0,Trust_promise,1,0,0,,,1,6,0,52,0,3,1,1,1,1,9,6,9,9,1,1,1,0,1,,,,,,1,
2218,07/22/2019 10:07,1,0,Control,0,0,0,,,,3,0,56,1,2,0,2,1,0,9,4,11,8,1,1,0,1,0,,,,,,0,
2221,07/22/2019 10:13,1,0,Trust_promise,1,0,0,,,1,3,0,55,0,4,1,2,1,1,8,8,8,8,1,1,1,0,0,,,,,,1,
2224,07/22/2019 10:25,1,0,Trust_promise,1,0,0,,,1,1,1,73,0,2,0,3,0,1,9,11,11,7,1,1,1,1,0,,,,,,1,
2227,07/22/2019 10:27,1,0,Control,0,0,0,,,,5,0,68,1,2,0,1,1,1,6,3,9,8,1,0,0,0,0,,,,,,0,
2230,07/22/2019 10:44,1,0,Trust_promise,1,0,0,,,1,1,0,66,0,1,0,3,0,,8,1,9,9,1,1,0,0,1,,,,,,1,
2233,07/22/2019 10:44,1,0,Trust_promise,1,0,0,,,1,6,1,37,1,4,1,3,0,,10,8,9,8,1,1,1,0,0,,,,,,1,
2236,07/22/2019 10:47,1,0,Control,0,0,0,,,,1,0,72,0,4,1,3,0,0,8,9,9,8,1,1,1,0,0,,,,,,0,
2239,07/22/2019 10:56,1,0,Trust_promise,1,0,0,,,1,2,0,35,1,4,1,2,1,0,9,1,8,8,1,1,0,0,0,,,,,,1,
2242,07/22/2019 11:16,1,0,Control,0,0,0,,,,3,0,72,0,2,0,1,1,0,9,5,10,9,1,1,1,1,1,,,,,,0,
2245,07/22/2019 11:19,1,0,Trust_promise,1,0,0,,,1,5,0,56,0,4,1,1,1,,8,1,4,6,1,1,0,0,0,,,,,,1,
2248,07/22/2019 11:38,1,0,Trust_promise,1,0,0,,,1,3,1,43,0,4,1,2,1,1,6,10,9,8,1,0,1,0,0,,,,,,1,
2251,07/22/2019 11:39,1,0,Trust_promise,1,0,0,,,1,5,0,40,1,4,1,1,1,1,9,6,9,8,1,1,1,0,0,,,,,,1,
2254,07/22/2019 12:00,1,0,Control,0,0,0,,,,3,0,58,1,2,0,2,1,0,4,6,6,8,1,0,1,0,0,,,,,,0,
2257,07/22/2019 12:30,1,0,Trust_promise,1,0,0,,,1,1,0,54,1,6,0,2,1,1,7,11,11,9,1,1,1,1,1,,,,,,1,
2260,07/22/2019 12:28,1,0,Control,0,0,0,,,,2,0,49,0,3,1,1,1,,9,6,9,7,1,1,1,0,0,,,,,,0,
2263,07/22/2019 12:41,1,0,Control,0,0,0,,,,4,1,57,0,2,0,1,1,1,1,2,2,1,1,0,0,0,0,,,,,,0,
2266,07/22/2019 12:52,1,0,Trust_promise,1,0,0,,,1,6,0,47,1,2,0,1,1,,6,5,7,6,1,0,1,0,0,,,,,,1,
2269,07/22/2019 12:59,1,0,Trust_promise,1,0,0,,,1,3,1,62,1,2,0,3,0,,5,8,11,7,1,0,1,1,0,,,,,,1,
2272,07/22/2019 13:47,1,0,Control,0,0,0,,,,4,1,32,1,2,0,1,1,1,6,1,6,7,0,0,0,0,0,,,,,,0,
2275,07/22/2019 14:01,1,0,Control,0,0,0,,,,4,0,33,1,2,0,1,1,0,3,1,9,5,0,0,0,0,0,,,,,,0,
2278,07/22/2019 14:19,1,0,Trust_promise,1,0,0,,,1,1,0,47,0,3,1,2,1,,10,10,11,6,1,1,1,1,0,,,,,,1,
2281,07/22/2019 14:39,1,0,Trust_promise,1,0,0,,,1,1,0,49,0,3,1,1,1,1,7,4,11,4,1,1,0,1,0,,,,,,1,
2284,07/22/2019 15:01,1,0,Control,0,0,0,,,,1,0,34,1,3,1,1,1,1,11,7,9,4,0,1,1,0,0,,,,,,0,
2287,07/22/2019 15:19,1,0,Trust_promise,1,0,0,,,1,4,1,33,1,3,1,1,1,1,6,1,5,9,0,0,0,0,1,,,,,,1,
2290,07/22/2019 15:27,1,0,Control,0,0,0,,,,5,0,39,0,4,1,2,1,1,4,5,10,9,1,0,1,1,1,,,,,,0,
2293,07/22/2019 15:40,1,0,Control,0,0,0,,,,4,0,74,0,3,1,3,0,0,9,1,8,6,1,1,0,0,0,,,,,,0,
2296,07/22/2019 15:44,1,0,Trust_promise,1,0,0,,,1,6,0,57,0,2,0,2,1,1,6,11,9,6,1,0,1,0,0,,,,,,1,
2299,07/22/2019 16:20,1,0,Control,0,0,0,,,,6,0,31,1,4,1,1,1,1,3,2,10,8,0,0,0,1,0,,,,,,0,
2302,07/22/2019 16:57,1,0,Trust_promise,1,0,0,,,1,2,0,37,1,4,1,2,1,1,3,1,10,7,1,0,0,1,0,,,,,,1,
2305,07/22/2019 17:27,1,0,Trust_promise,1,0,0,,,1,4,1,73,0,2,0,3,0,0,8,1,4,5,1,1,0,0,0,,,,,,1,
2308,07/22/2019 17:56,1,0,Control,0,0,0,,,,6,0,72,0,4,1,3,0,1,8,7,11,9,1,1,1,1,1,,,,,,0,
2311,07/22/2019 18:23,1,0,Control,0,0,0,,,,5,1,64,1,4,1,1,1,,6,1,9,9,1,0,0,0,1,,,,,,0,
2314,07/22/2019 18:30,1,0,Trust_promise,1,0,0,,,1,1,0,37,0,3,1,2,1,1,6,1,1,8,1,0,0,0,0,,,,,,1,
2317,07/22/2019 18:39,1,0,Control,0,0,0,,,,2,1,20,1,2,0,3,0,0,8,11,11,11,0,1,1,1,1,,,,,,0,
2320,07/22/2019 18:57,1,0,Trust_promise,1,0,0,,,1,2,0,27,1,2,0,3,0,0,3,1,9,7,0,0,0,0,0,,,,,,1,
2323,07/22/2019 19:15,1,0,Control,0,0,0,,,,5,0,36,0,2,0,1,1,1,6,1,6,8,1,0,0,0,0,,,,,,0,
2326,07/22/2019 19:21,1,0,Trust_promise,1,0,0,,,1,3,0,51,1,4,1,2,1,1,4,11,11,10,1,0,1,1,1,,,,,,1,
2329,07/22/2019 19:42,1,0,Trust_promise,1,0,0,,,1,6,0,66,1,4,1,3,0,0,2,1,9,10,1,0,0,0,1,,,,,,1,
2332,07/22/2019 19:56,1,0,Control,0,0,0,,,,4,0,30,1,4,1,1,1,0,6,2,9,5,0,0,0,0,0,,,,,,0,
2335,07/22/2019 20:46,1,0,Trust_promise,1,0,0,,,1,6,0,74,0,4,1,3,0,1,7,9,9,9,1,1,1,0,1,,,,,,1,
2338,07/22/2019 20:44,1,0,Control,0,0,0,,,,5,1,19,1,2,0,3,0,,6,2,4,6,0,0,0,0,0,,,,,,0,
2341,07/22/2019 22:08,1,0,Trust_promise,1,0,0,,,1,6,0,38,0,4,1,1,1,1,8,10,8,8,1,1,1,0,0,,,,,,1,
2344,07/22/2019 21:44,1,0,Control,0,0,0,,,,6,0,61,0,4,1,2,1,1,5,1,11,8,1,0,0,1,0,,,,,,0,
2347,07/22/2019 21:52,1,0,Trust_promise,1,0,0,,,1,4,0,42,0,2,0,3,0,0,4,4,7,9,1,0,0,0,1,,,,,,1,
2350,07/22/2019 22:32,1,0,Control,0,0,0,,,,1,1,26,0,3,1,1,1,0,6,1,11,8,0,0,0,1,0,,,,,,0,
2353,07/22/2019 23:59,1,0,Control,0,0,0,,,,6,1,36,0,2,0,1,1,0,2,1,4,5,1,0,0,0,0,,,,,,0,
2356,07/23/2019 00:31,1,0,Trust_promise,1,0,0,,,1,4,0,29,1,2,0,2,1,0,4,1,11,8,0,0,0,1,0,,,,,,1,
2359,07/23/2019 00:40,1,0,Control,0,0,0,,,,4,1,19,1,2,0,1,1,,5,4,6,7,0,0,0,0,0,,,,,,0,
2362,07/23/2019 02:05,1,0,Trust_promise,1,0,0,,,1,4,0,26,1,3,1,2,1,0,2,2,11,1,0,0,0,1,0,,,,,,1,
2365,07/23/2019 08:46,1,0,Trust_promise,1,0,0,,,1,4,1,26,1,2,0,3,0,,6,1,11,9,0,0,0,1,1,,,,,,1,
2368,07/23/2019 09:27,1,0,Trust_promise,1,0,0,,,1,6,1,47,0,3,1,1,1,1,9,9,10,5,1,1,1,1,0,,,,,,1,
2371,07/23/2019 09:26,1,0,Trust_promise,1,0,0,,,1,2,0,22,1,3,1,2,1,,5,1,9,6,0,0,0,0,0,,,,,,1,
2374,07/23/2019 09:55,1,0,Control,0,0,0,,,,5,1,53,1,2,0,1,1,0,6,11,11,11,1,0,1,1,1,,,,,,0,
2377,07/23/2019 09:41,1,0,Control,0,0,0,,,,3,1,35,1,2,0,2,1,1,9,6,6,7,1,1,1,0,0,,,,,,0,
2380,07/23/2019 09:47,1,0,Trust_promise,1,0,0,,,1,2,0,71,0,2,0,3,0,0,5,4,4,8,1,0,0,0,0,,,,,,1,
2383,07/23/2019 09:50,1,0,Control,0,0,0,,,,1,0,56,0,3,1,2,1,1,5,7,11,9,1,0,1,1,1,,,,,,0,
2386,07/23/2019 09:58,1,0,Trust_promise,1,0,0,,,1,6,0,75,1,3,1,3,0,1,9,6,8,8,1,1,1,0,0,,,,,,1,
2389,07/23/2019 10:06,1,0,Control,0,0,0,,,,5,0,28,1,3,1,3,0,,6,1,11,7,0,0,0,1,0,,,,,,0,
2392,07/23/2019 10:43,1,0,Trust_promise,1,0,0,,,1,4,0,34,1,3,1,1,1,1,4,1,10,5,0,0,0,1,0,,,,,,1,
2395,07/23/2019 10:50,1,0,Trust_promise,1,0,0,,,1,2,0,30,1,3,1,1,1,0,5,5,6,4,0,0,1,0,0,,,,,,1,
2398,07/23/2019 11:00,1,0,Control,0,0,0,,,,4,1,74,0,3,1,3,0,1,8,9,9,9,1,1,1,0,1,,,,,,0,
2,06/03/2021 12:20,2,0,Control,0,0,0,,,,2,1,51,0,2,0,2,1,1,7,6,5,8,1,1,1,0,0,5,2,5,2,5,0,
5,06/03/2021 12:19,2,0,Trust,0,1,0,,,,5,0,56,1,2,0,2,1,1,6,1,7,6,1,0,0,0,0,8,11,9,11,7,,
8,06/03/2021 12:18,2,0,Promise,0,0,1,,,1,3,0,48,0,2,0,3,0,0,10,1,7,7,1,1,0,0,0,10,11,11,8,10,1,
11,06/03/2021 12:17,2,0,Trust_promise,1,0,0,,,1,4,1,36,0,4,1,1,1,1,8,7,11,11,1,1,1,1,1,11,11,11,11,11,1,
14,06/03/2021 12:21,2,0,Promise,0,0,1,,,1,3,0,66,0,3,1,3,0,0,3,1,6,9,1,0,0,0,1,9,6,6,1,9,1,
17,06/03/2021 12:19,2,0,Trust,0,1,0,,,,2,1,23,1,2,0,3,0,,6,7,9,5,0,0,1,0,0,11,11,11,11,11,,
20,06/03/2021 12:22,2,0,Control,0,0,0,,,,6,0,48,0,3,1,1,1,1,9,2,7,10,1,1,0,0,1,7,11,11,6,9,0,
23,06/03/2021 12:22,2,0,Trust_promise,1,0,0,,,1,1,0,67,0,3,1,1,1,1,7,3,6,8,1,1,0,0,0,10,10,9,9,10,1,
26,06/03/2021 12:25,2,0,Trust_promise,1,0,0,,,1,3,1,72,1,4,1,3,0,0,8,8,8,9,1,1,1,0,1,9,11,11,11,11,1,
29,06/03/2021 12:25,2,0,Trust,0,1,0,,,,5,1,63,1,3,1,2,1,0,6,2,8,8,1,0,0,0,0,11,11,11,11,4,,
32,06/03/2021 12:22,2,0,Promise,0,0,1,,,1,6,0,25,0,3,1,1,1,0,1,1,10,8,0,0,0,1,0,7,7,7,5,7,1,
35,06/03/2021 12:32,2,0,Trust,0,1,0,,,,6,0,38,0,3,1,1,1,,10,3,11,6,1,1,0,1,0,11,11,11,11,11,,
38,06/03/2021 12:30,2,0,Promise,0,0,1,,,1,3,0,33,1,2,0,1,1,,2,1,10,7,0,0,0,1,0,9,9,11,6,6,1,
41,06/03/2021 12:36,2,0,Control,0,0,0,,,,5,0,19,1,1,0,3,0,,6,6,7,5,0,0,1,0,0,8,6,8,11,5,0,
44,06/03/2021 12:39,2,0,Trust_promise,1,0,0,,,1,6,0,30,0,2,0,1,1,1,5,1,5,4,0,0,0,0,0,9,11,10,11,10,1,
47,06/03/2021 12:51,2,0,Control,0,0,0,,,,6,0,26,1,4,1,3,0,,2,1,7,8,0,0,0,0,0,8,7,6,8,4,0,
50,06/03/2021 13:05,2,0,Control,0,0,0,,,,5,1,71,0,3,1,1,1,,8,8,11,8,1,1,1,1,0,11,11,11,1,1,0,
53,06/03/2021 13:02,2,0,Promise,0,0,1,,,1,6,1,45,0,2,0,1,1,0,8,11,11,9,1,1,1,1,1,10,10,10,10,10,1,
56,06/03/2021 13:04,2,0,Trust,0,1,0,,,,3,0,72,0,5,1,3,0,1,10,2,9,9,1,1,0,0,1,11,10,8,11,7,,
59,06/03/2021 13:07,2,0,Trust_promise,1,0,0,,,1,4,0,62,1,2,0,1,1,1,11,1,11,6,1,1,0,1,0,11,11,11,11,5,1,
62,06/03/2021 13:06,2,0,Trust_promise,1,0,0,,,1,1,1,34,0,4,1,1,1,1,4,1,9,10,0,0,0,0,1,9,9,9,10,7,1,
65,06/03/2021 13:07,2,0,Trust,0,1,0,,,,1,0,47,1,3,1,1,1,0,11,1,6,5,1,1,0,0,0,10,11,10,10,10,,
68,06/03/2021 13:10,2,0,Promise,0,0,1,,,1,4,0,73,1,3,1,3,0,1,4,1,11,8,1,0,0,1,0,11,10,10,6,6,1,
71,06/03/2021 13:13,2,0,Control,0,0,0,,,,6,0,30,1,3,1,2,1,0,6,1,8,8,0,0,0,0,0,11,11,11,11,11,0,
74,06/03/2021 13:21,2,0,Promise,0,0,1,,,1,4,0,45,0,2,0,1,1,,4,1,3,9,1,0,0,0,1,7,8,10,8,7,1,
77,06/03/2021 13:23,2,0,Trust,0,1,0,,,,4,1,46,1,4,1,2,1,1,6,4,11,6,1,0,0,1,0,11,11,11,10,11,,
80,06/03/2021 13:24,2,0,Trust_promise,1,0,0,,,1,4,0,59,1,2,0,1,1,0,5,6,10,8,1,0,1,1,0,10,11,9,11,8,1,
83,06/03/2021 13:30,2,0,Control,0,0,0,,,,2,0,73,1,4,1,3,0,,3,1,2,6,1,0,0,0,0,1,11,11,1,1,0,
86,06/03/2021 13:28,2,0,Control,0,0,0,,,,4,1,41,1,3,1,1,1,1,11,3,9,9,1,1,0,0,1,11,11,11,11,1,0,
89,06/03/2021 13:32,2,0,Trust_promise,1,0,0,,,1,4,1,32,0,2,0,1,1,1,3,1,11,9,0,0,0,1,1,11,11,11,11,11,1,
92,06/03/2021 13:30,2,0,Trust,0,1,0,,,,1,0,31,1,2,0,2,1,0,2,1,11,7,0,0,0,1,0,11,11,11,11,11,,
95,06/03/2021 13:40,2,0,Promise,0,0,1,,,1,4,0,31,1,3,1,2,1,,6,11,6,6,0,0,1,0,0,11,11,11,11,11,1,
98,06/03/2021 13:35,2,0,Promise,0,0,1,,,1,4,0,29,1,3,1,1,1,1,6,2,9,4,0,0,0,0,0,7,11,11,11,8,1,
101,06/03/2021 13:41,2,0,Control,0,0,0,,,,6,0,23,0,2,0,3,0,0,9,3,11,3,0,1,0,1,0,1,3,2,1,1,0,
104,06/03/2021 13:43,2,0,Trust_promise,1,0,0,,,1,3,0,72,0,5,1,3,0,1,1,1,9,10,1,0,0,0,1,10,10,10,11,6,1,
107,06/03/2021 13:42,2,0,Trust,0,1,0,,,,2,0,59,1,3,1,1,1,1,3,1,8,9,1,0,0,0,1,11,11,11,11,11,,
110,06/03/2021 13:40,2,0,Trust,0,1,0,,,,6,1,28,1,3,1,3,0,0,8,11,11,8,0,1,1,1,0,11,11,11,11,11,,
113,06/03/2021 13:42,2,0,Control,0,0,0,,,,4,1,53,1,3,1,1,1,0,7,2,11,9,1,1,0,1,1,11,11,11,11,11,0,
116,06/03/2021 15:27,2,0,Promise,0,0,1,,,1,3,0,22,1,2,0,3,0,0,5,6,11,7,0,0,1,1,0,7,8,11,11,6,1,
119,06/03/2021 13:54,2,0,Trust_promise,1,0,0,,,1,6,0,31,0,2,0,1,1,0,6,1,11,7,0,0,0,1,0,11,11,11,8,10,1,
122,06/03/2021 13:57,2,0,Trust,0,1,0,,,,3,0,57,1,4,1,3,0,,2,1,11,10,1,0,0,1,1,7,6,6,6,6,,
125,06/03/2021 14:08,2,0,Control,0,0,0,,,,5,1,19,0,2,0,3,0,,1,2,6,8,0,0,0,0,0,8,11,7,7,9,0,
128,06/03/2021 14:10,2,0,Promise,0,0,1,,,1,5,0,35,0,3,1,1,1,1,7,1,8,7,1,1,0,0,0,11,11,11,11,11,1,
131,06/03/2021 14:13,2,0,Promise,0,0,1,,,1,4,0,53,0,3,1,2,1,1,6,6,7,8,1,0,1,0,0,9,8,10,7,10,1,
134,06/03/2021 14:11,2,0,Trust_promise,1,0,0,,,1,1,0,28,1,4,1,2,1,1,3,3,11,8,0,0,0,1,0,11,9,9,11,9,1,
137,06/03/2021 14:13,2,0,Promise,0,0,1,,,1,3,0,29,1,4,1,1,1,0,5,4,11,7,0,0,0,1,0,10,11,11,8,11,1,
140,06/03/2021 14:17,2,0,Trust_promise,1,0,0,,,1,1,0,29,0,4,1,2,1,0,8,1,11,11,0,1,0,1,1,11,11,11,11,11,1,
143,06/03/2021 22:18,2,0,Trust,0,1,0,,,,1,1,64,0,2,0,1,1,1,6,1,9,9,1,0,0,0,1,7,11,9,6,8,,
146,06/03/2021 14:20,2,0,Control,0,0,0,,,,6,0,57,1,3,1,2,1,1,2,1,11,6,1,0,0,1,0,7,6,6,6,6,0,
149,06/03/2021 14:36,2,0,Promise,0,0,1,,,1,2,0,49,0,2,0,1,1,1,5,6,9,6,1,0,1,0,0,11,11,10,11,8,1,
152,06/03/2021 14:39,2,0,Trust,0,1,0,,,,3,1,49,0,3,1,1,1,1,8,2,10,9,1,1,0,1,1,10,10,11,8,10,,
155,06/03/2021 14:50,2,0,Control,0,0,0,,,,2,0,74,1,6,0,3,0,,8,3,10,10,1,1,0,1,1,11,11,11,11,11,0,
158,06/03/2021 15:17,2,0,Trust_promise,1,0,0,,,1,1,0,47,1,3,1,3,0,,5,6,11,8,1,0,1,1,0,11,11,9,11,3,1,
161,06/03/2021 15:16,2,0,Trust_promise,1,0,0,,,1,1,0,36,0,2,0,1,1,0,6,11,11,9,1,0,1,1,1,7,11,11,11,8,1,
164,06/03/2021 15:29,2,0,Trust,0,1,0,,,,2,1,70,0,2,0,3,0,,7,8,8,6,1,1,1,0,0,10,8,9,5,6,,
167,06/03/2021 15:37,2,0,Control,0,0,0,,,,4,1,44,0,2,0,1,1,1,8,8,9,8,1,1,1,0,0,11,11,11,11,11,0,
170,06/03/2021 15:42,2,0,Trust,0,1,0,,,,3,0,59,1,3,1,3,0,0,9,8,10,9,1,1,1,1,1,7,6,6,3,5,,
173,06/03/2021 16:01,2,0,Trust_promise,1,0,0,,,1,6,1,70,0,2,0,3,0,1,3,2,5,5,1,0,0,0,0,7,6,6,5,6,1,
176,06/03/2021 16:12,2,0,Promise,0,0,1,,,1,3,1,27,1,3,1,1,1,1,8,5,11,7,0,1,1,1,0,11,11,11,11,10,1,
179,06/03/2021 16:22,2,0,Trust,0,1,0,,,,3,1,59,1,2,0,3,0,,3,2,1,9,1,0,0,0,1,11,11,11,9,11,,
182,06/03/2021 16:29,2,0,Control,0,0,0,,,,6,1,66,0,4,1,1,1,1,7,7,8,8,1,1,1,0,0,11,11,11,11,11,0,
185,06/03/2021 16:28,2,0,Trust_promise,1,0,0,,,1,1,1,53,0,3,1,1,1,1,8,1,11,8,1,1,0,1,0,11,10,11,8,10,1,
188,06/03/2021 16:32,2,0,Trust,0,1,0,,,,3,1,24,0,3,1,3,0,0,4,2,9,8,0,0,0,0,0,9,10,10,8,9,,
191,06/03/2021 16:55,2,0,Control,0,0,0,,,,6,0,29,1,4,1,1,1,1,9,2,7,8,0,1,0,0,0,11,11,11,11,6,0,
194,06/03/2021 17:01,2,0,Promise,0,0,1,,,1,4,1,28,1,3,1,2,1,0,5,1,11,8,0,0,0,1,0,10,9,9,11,9,1,
197,06/03/2021 17:02,2,0,Trust,0,1,0,,,,2,0,69,1,2,0,3,0,0,10,11,11,5,1,1,1,1,0,11,11,11,11,11,,
200,06/03/2021 17:09,2,0,Promise,0,0,1,,,1,1,0,30,0,2,0,1,1,1,8,1,11,8,0,1,0,1,0,11,9,11,11,9,1,
203,06/03/2021 17:26,2,0,Trust_promise,1,0,0,,,1,1,1,57,0,4,1,2,1,1,6,11,11,9,1,0,1,1,1,11,11,11,11,11,1,
206,06/03/2021 17:27,2,0,Control,0,0,0,,,,6,0,55,1,3,1,2,1,1,6,1,8,9,1,0,0,0,1,5,4,6,4,4,0,
209,06/03/2021 17:39,2,0,Promise,0,0,1,,,1,3,0,28,1,4,1,2,1,,2,8,5,7,0,0,1,0,0,11,11,11,11,11,1,
212,06/03/2021 17:46,2,0,Control,0,0,0,,,,3,0,67,0,4,1,3,0,1,5,9,9,7,1,0,1,0,0,7,1,11,2,1,0,
215,06/03/2021 18:13,2,0,Trust_promise,1,0,0,,,1,1,1,31,1,2,0,2,1,0,2,10,11,10,0,0,1,1,1,11,11,10,11,10,1,
218,06/03/2021 19:16,2,0,Trust,0,1,0,,,,3,0,64,0,2,0,3,0,0,7,9,9,10,1,1,1,0,1,11,11,11,11,11,,
221,06/03/2021 19:27,2,0,Control,0,0,0,,,,2,0,53,1,3,1,1,1,1,4,3,10,8,1,0,0,1,0,11,11,11,10,10,0,
224,06/03/2021 19:33,2,0,Promise,0,0,1,,,1,6,0,44,0,4,1,2,1,1,6,1,6,8,1,0,0,0,0,1,11,11,1,1,1,
227,06/03/2021 19:38,2,0,Trust_promise,1,0,0,,,1,3,1,73,0,2,0,3,0,,3,6,8,7,1,0,1,0,0,6,8,8,11,8,1,
230,06/03/2021 19:42,2,0,Trust,0,1,0,,,,2,0,74,0,4,1,3,0,0,9,1,6,1,1,1,0,0,0,11,4,11,11,4,,
233,06/03/2021 20:49,2,0,Trust,0,1,0,,,,2,0,64,1,2,0,1,1,,7,6,10,8,1,1,1,1,0,11,11,11,11,11,,
236,06/03/2021 19:58,2,0,Trust_promise,1,0,0,,,1,4,0,47,1,2,0,1,1,1,6,8,4,7,1,0,1,0,0,10,11,11,11,6,1,
239,06/03/2021 20:07,2,0,Control,0,0,0,,,,2,0,67,1,6,0,3,0,,7,9,8,9,1,1,1,0,1,11,11,11,11,8,0,
242,06/03/2021 20:37,2,0,Trust,0,1,0,,,,2,0,55,0,2,0,1,1,1,6,1,8,9,1,0,0,0,1,11,5,11,11,5,,
245,06/03/2021 20:48,2,0,Promise,0,0,1,,,1,6,0,71,0,2,0,3,0,0,5,5,11,8,1,0,1,1,0,10,11,10,10,9,1,
248,06/03/2021 20:50,2,0,Control,0,0,0,,,,3,1,32,1,2,0,3,0,0,6,1,6,8,0,0,0,0,0,11,11,11,11,11,0,
251,06/03/2021 21:10,2,0,Trust_promise,1,0,0,,,1,6,0,73,0,2,0,3,0,0,8,1,11,6,1,1,0,1,0,7,11,6,8,1,1,
254,06/03/2021 21:20,2,0,Promise,0,0,1,,,1,1,0,61,1,1,0,3,0,,6,11,6,9,1,0,1,0,1,7,6,11,11,11,1,
257,06/03/2021 21:49,2,0,Control,0,0,0,,,,4,0,75,0,1,0,3,0,0,4,1,6,7,1,0,0,0,0,1,8,6,1,1,0,
260,06/03/2021 21:49,2,0,Trust,0,1,0,,,,3,0,74,0,5,1,3,0,0,6,9,9,9,1,0,1,0,1,9,10,10,9,9,,
263,06/03/2021 21:57,2,0,Trust_promise,1,0,0,,,1,2,0,23,1,2,0,3,0,0,1,1,6,6,0,0,0,0,0,7,2,6,6,6,1,
266,06/03/2021 22:46,2,0,Promise,0,0,1,,,1,3,0,18,0,2,0,1,1,,6,2,9,7,0,0,0,0,0,11,11,9,11,11,1,
269,06/03/2021 22:56,2,0,Trust_promise,1,0,0,,,1,1,0,58,1,3,1,1,1,0,6,11,11,7,1,0,1,1,0,11,11,11,1,11,1,
272,06/03/2021 22:54,2,0,Control,0,0,0,,,,3,0,45,1,4,1,2,1,1,8,6,11,11,1,1,1,1,1,11,11,11,11,1,0,
275,06/03/2021 23:04,2,0,Promise,0,0,1,,,1,5,0,71,0,3,1,2,1,1,7,11,11,6,1,1,1,1,0,9,11,11,11,11,1,
278,06/03/2021 23:27,2,0,Trust_promise,1,0,0,,,1,5,1,33,0,2,0,1,1,0,7,11,11,11,0,1,1,1,1,11,11,11,11,1,1,
281,06/03/2021 23:35,2,0,Trust,0,1,0,,,,1,0,55,0,2,0,1,1,1,4,1,11,8,1,0,0,1,0,9,9,11,10,9,,
284,06/04/2021 00:11,2,0,Promise,0,0,1,,,1,6,1,26,1,3,1,3,0,0,4,3,11,9,0,0,0,1,1,11,11,11,11,11,1,
287,06/04/2021 01:01,2,0,Control,0,0,0,,,,1,0,54,0,3,1,2,1,1,6,11,6,8,1,0,1,0,0,7,9,9,4,7,0,
290,06/04/2021 06:23,2,0,Control,0,0,0,,,,5,0,59,1,3,1,2,1,1,1,4,6,6,1,0,0,0,0,11,11,11,11,6,0,
293,06/04/2021 06:37,2,0,Promise,0,0,1,,,1,2,0,70,1,3,1,3,0,0,6,9,11,8,1,0,1,1,0,11,11,11,11,1,1,
296,06/04/2021 08:43,2,0,Trust,0,1,0,,,,6,1,55,1,5,1,2,1,,3,11,9,8,1,0,1,0,0,7,6,7,5,6,,
299,06/04/2021 10:50,2,0,Trust_promise,1,0,0,,,1,3,0,74,0,4,1,3,0,0,4,2,11,9,1,0,0,1,1,1,11,6,1,1,1,
302,06/04/2021 11:00,2,0,Promise,0,0,1,,,1,6,0,31,1,3,1,1,1,1,6,3,10,5,0,0,0,1,0,10,10,9,9,7,1,
305,06/04/2021 13:18,2,0,Trust,0,1,0,,,,2,1,21,0,2,0,1,1,0,7,11,11,6,0,1,1,1,0,11,11,11,11,11,,
308,06/04/2021 13:29,2,0,Control,0,0,0,,,,1,0,22,1,2,0,1,1,0,5,7,11,7,0,0,1,1,0,9,6,8,5,8,0,
311,06/04/2021 13:43,2,0,Trust_promise,1,0,0,,,1,2,1,25,1,2,0,3,0,0,5,6,9,7,0,0,1,0,0,11,11,9,6,8,1,
314,06/04/2021 13:40,2,0,Trust_promise,1,0,0,,,1,6,1,44,1,1,0,3,0,0,1,2,8,5,1,0,0,0,0,10,9,8,6,6,1,
317,06/04/2021 13:45,2,0,Trust_promise,1,0,0,,,1,4,0,48,0,4,1,2,1,0,8,6,11,8,1,1,1,1,0,10,11,11,9,9,1,
320,06/04/2021 13:42,2,0,Promise,0,0,1,,,1,1,0,23,1,3,1,1,1,,8,1,11,1,0,1,0,1,0,7,11,11,11,11,1,
323,06/04/2021 13:41,2,0,Control,0,0,0,,,,3,0,32,1,1,0,2,1,,6,6,9,8,0,0,1,0,0,5,9,11,6,6,0,
326,06/04/2021 13:42,2,0,Promise,0,0,1,,,1,5,0,31,1,2,0,3,0,0,6,11,11,8,0,0,1,1,0,11,11,11,11,11,1,
329,06/04/2021 13:41,2,0,Trust,0,1,0,,,,2,0,23,0,2,0,3,0,0,2,3,8,6,0,0,0,0,0,1,1,1,1,1,,
332,06/04/2021 13:41,2,0,Trust,0,1,0,,,,3,1,56,0,2,0,1,1,,4,6,10,8,1,0,1,1,0,10,11,11,10,10,,
335,06/04/2021 13:41,2,0,Control,0,0,0,,,,6,0,23,1,3,1,3,0,0,4,3,11,7,0,0,0,1,0,7,11,11,7,4,0,
338,06/04/2021 13:43,2,0,Trust,0,1,0,,,,6,1,29,1,3,1,3,0,0,1,4,9,7,0,0,0,0,0,9,11,10,11,11,,
341,06/04/2021 13:41,2,0,Control,0,0,0,,,,1,0,27,0,4,1,1,1,0,9,1,11,4,0,1,0,1,0,11,11,11,11,11,0,
344,06/04/2021 13:42,2,0,Promise,0,0,1,,,1,4,0,51,0,2,0,2,1,1,6,3,11,8,1,0,0,1,0,8,11,9,11,4,1,
347,06/04/2021 13:43,2,0,Trust_promise,1,0,0,,,1,4,0,23,1,2,0,3,0,,3,4,5,7,0,0,0,0,0,11,11,11,11,9,1,
350,06/04/2021 13:42,2,0,Promise,0,0,1,,,1,1,0,54,0,2,0,1,1,1,3,1,11,9,1,0,0,1,1,1,6,11,1,1,1,
353,06/04/2021 13:43,2,0,Trust_promise,1,0,0,,,1,4,1,48,0,2,0,3,0,0,6,4,9,7,1,0,0,0,0,9,9,9,9,9,1,
356,06/07/2021 10:21,2,0,Trust_promise,1,0,0,,,1,4,1,49,1,3,1,2,1,1,7,5,6,7,1,1,1,0,0,10,10,10,10,9,1,
359,06/04/2021 13:46,2,0,Trust,0,1,0,,,,2,0,70,1,3,1,3,0,0,10,11,11,8,1,1,1,1,0,11,11,11,11,6,,
362,06/04/2021 13:46,2,0,Control,0,0,0,,,,6,0,44,1,3,1,2,1,1,6,1,6,3,1,0,0,0,0,11,11,11,11,1,0,
365,06/04/2021 13:42,2,0,Trust_promise,1,0,0,,,1,5,0,34,0,3,1,1,1,,5,1,8,6,0,0,0,0,0,8,7,7,6,7,1,
368,06/04/2021 13:42,2,0,Trust,0,1,0,,,,2,1,20,1,2,0,3,0,,5,1,11,6,0,0,0,1,0,10,11,7,9,9,,
371,06/04/2021 13:43,2,0,Trust,0,1,0,,,,1,1,29,1,2,0,2,1,0,6,1,7,6,0,0,0,0,0,11,11,11,6,11,,
374,06/04/2021 13:44,2,0,Promise,0,0,1,,,1,3,1,37,1,2,0,2,1,0,6,8,8,7,1,0,1,0,0,11,11,11,8,11,1,
377,06/04/2021 13:45,2,0,Control,0,0,0,,,,6,0,30,0,4,1,1,1,1,3,3,9,7,0,0,0,0,0,9,7,10,11,10,0,
380,06/04/2021 13:42,2,0,Trust_promise,1,0,0,,,1,4,1,35,1,3,1,2,1,1,6,1,7,6,1,0,0,0,0,9,10,10,11,9,1,
383,06/04/2021 13:44,2,0,Control,0,0,0,,,,4,1,21,1,2,0,1,1,0,6,7,10,10,0,0,1,1,1,11,11,11,11,11,0,
386,06/04/2021 13:46,2,0,Promise,0,0,1,,,1,2,0,34,0,4,1,1,1,1,8,2,9,3,0,1,0,0,0,9,5,9,7,10,1,
389,06/04/2021 13:45,2,0,Promise,0,0,1,,,1,1,1,39,0,3,1,2,1,1,7,1,6,6,1,1,0,0,0,1,1,1,1,1,1,
392,06/04/2021 13:44,2,0,Control,0,0,0,,,,5,1,25,0,3,1,2,1,1,4,3,7,5,0,0,0,0,0,7,8,11,8,8,0,
395,06/04/2021 13:44,2,0,Trust,0,1,0,,,,5,0,24,1,3,1,1,1,0,4,8,11,3,0,0,1,1,0,10,9,9,10,10,,
398,06/04/2021 13:46,2,0,Control,0,0,0,,,,6,1,57,1,3,1,2,1,,3,4,11,9,1,0,0,1,1,11,11,11,11,11,0,
401,06/04/2021 13:46,2,0,Control,0,0,0,,,,4,0,34,1,4,1,1,1,,6,11,11,8,0,0,1,1,0,11,11,11,11,11,0,
404,06/04/2021 13:44,2,0,Trust_promise,1,0,0,,,1,2,1,20,1,2,0,3,0,,3,1,8,8,0,0,0,0,0,9,8,11,10,11,1,
407,06/04/2021 13:45,2,0,Trust,0,1,0,,,,4,0,26,1,4,1,1,1,1,8,2,8,7,0,1,0,0,0,10,10,10,10,9,,
410,06/04/2021 13:46,2,0,Promise,0,0,1,,,1,2,0,23,1,2,0,3,0,0,4,5,7,7,0,0,1,0,0,10,11,10,10,6,1,
413,06/04/2021 13:48,2,0,Trust_promise,1,0,0,,,1,2,0,64,1,6,0,3,0,,3,1,11,9,1,0,0,1,1,1,10,3,2,1,1,
416,06/04/2021 13:46,2,0,Promise,0,0,1,,,1,1,0,25,1,4,1,1,1,0,7,3,8,8,0,1,0,0,0,10,11,10,11,10,1,
419,06/04/2021 13:56,2,0,Trust,0,1,0,,,,3,1,66,1,2,0,3,0,0,6,9,11,9,1,0,1,1,1,7,11,9,7,9,,
422,06/04/2021 13:47,2,0,Trust_promise,1,0,0,,,1,2,0,63,0,3,1,3,0,1,8,1,11,9,1,1,0,1,1,9,6,11,1,6,1,
425,06/04/2021 13:46,2,0,Trust,0,1,0,,,,5,1,23,1,4,1,3,0,0,8,8,11,6,0,1,1,1,0,7,3,9,6,6,,
428,06/04/2021 13:49,2,0,Promise,0,0,1,,,1,1,0,26,1,3,1,2,1,1,6,5,10,8,0,0,1,1,0,11,10,11,8,9,1,
431,06/04/2021 13:46,2,0,Trust_promise,1,0,0,,,1,5,1,31,1,4,1,1,1,0,6,11,10,4,0,0,1,1,0,11,11,10,11,11,1,
434,06/04/2021 13:46,2,0,Control,0,0,0,,,,5,1,32,0,2,0,2,1,1,6,3,11,8,0,0,0,1,0,7,9,9,9,11,0,
437,06/04/2021 13:50,2,0,Trust_promise,1,0,0,,,1,2,1,37,1,2,0,2,1,1,6,1,11,8,1,0,0,1,0,11,11,11,11,11,1,
440,06/04/2021 13:48,2,0,Trust,0,1,0,,,,6,1,18,0,1,0,3,0,0,4,1,11,3,0,0,0,1,0,6,9,10,11,3,,
443,06/04/2021 13:50,2,0,Control,0,0,0,,,,4,0,46,1,3,1,3,0,0,1,1,7,8,1,0,0,0,0,8,9,10,5,4,0,
446,06/04/2021 13:47,2,0,Trust,0,1,0,,,,3,0,27,0,3,1,1,1,0,9,1,7,3,0,1,0,0,0,10,8,8,6,7,,
449,06/04/2021 13:50,2,0,Trust_promise,1,0,0,,,1,3,1,27,1,2,0,1,1,0,5,6,9,10,0,0,1,0,1,8,3,6,2,5,1,
452,06/04/2021 13:51,2,0,Trust,0,1,0,,,,2,0,65,1,3,1,3,0,0,2,1,6,9,1,0,0,0,1,11,11,11,11,11,,
455,06/04/2021 13:51,2,0,Promise,0,0,1,,,1,4,1,47,0,3,1,1,1,1,7,8,10,8,1,1,1,1,0,11,11,11,10,11,1,
458,06/04/2021 20:05,2,0,Promise,0,0,1,,,1,1,1,30,1,3,1,3,0,0,1,11,11,8,0,0,1,1,0,11,11,11,11,11,1,
461,06/04/2021 13:50,2,0,Control,0,0,0,,,,5,0,29,0,4,1,1,1,1,3,1,6,7,0,0,0,0,0,9,9,11,11,6,0,
464,06/04/2021 13:51,2,0,Promise,0,0,1,,,1,6,1,28,1,3,1,3,0,0,1,1,7,9,0,0,0,0,1,11,9,11,9,11,1,
467,06/04/2021 13:49,2,0,Control,0,0,0,,,,2,0,24,1,4,1,1,1,1,4,2,7,7,0,0,0,0,0,8,10,7,6,6,0,
470,06/04/2021 13:51,2,0,Trust,0,1,0,,,,1,1,71,0,3,1,3,0,0,1,1,11,5,1,0,0,1,0,7,6,7,7,7,,
473,06/04/2021 13:53,2,0,Control,0,0,0,,,,6,0,41,1,4,1,1,1,1,10,6,11,8,1,1,1,1,0,10,10,10,10,10,0,
476,06/04/2021 13:51,2,0,Promise,0,0,1,,,1,4,1,49,0,2,0,1,1,0,6,9,10,8,1,0,1,1,0,11,11,11,11,6,1,
479,06/04/2021 13:51,2,0,Trust,0,1,0,,,,6,0,28,1,4,1,2,1,1,3,3,11,3,0,0,0,1,0,7,11,11,8,8,,
482,06/04/2021 13:50,2,0,Control,0,0,0,,,,2,1,18,1,2,0,1,1,0,5,1,11,8,0,0,0,1,0,6,1,4,1,1,0,
485,06/04/2021 13:55,2,0,Trust,0,1,0,,,,6,1,44,0,2,0,1,1,0,9,1,10,9,1,1,0,1,1,11,11,11,10,11,,
488,06/04/2021 13:51,2,0,Trust_promise,1,0,0,,,1,4,0,31,1,2,0,1,1,1,8,3,10,8,0,1,0,1,0,11,11,9,6,11,1,
491,06/04/2021 13:55,2,0,Promise,0,0,1,,,1,5,0,62,0,2,0,3,0,0,2,1,11,3,1,0,0,1,0,4,11,11,6,6,1,
494,06/04/2021 13:52,2,0,Trust_promise,1,0,0,,,1,1,0,51,0,2,0,2,1,1,5,1,10,7,1,0,0,1,0,11,11,11,6,7,1,
497,06/04/2021 13:52,2,0,Promise,0,0,1,,,1,5,0,42,0,4,1,2,1,1,4,1,11,9,1,0,0,1,1,6,4,7,3,5,1,
500,06/04/2021 13:53,2,0,Trust_promise,1,0,0,,,1,3,0,47,0,2,0,1,1,1,11,1,9,9,1,1,0,0,1,10,11,10,4,9,1,
503,06/04/2021 13:59,2,0,Trust_promise,1,0,0,,,1,5,0,39,1,3,1,1,1,0,8,3,8,9,1,1,0,0,1,11,8,7,1,1,1,
506,06/04/2021 13:57,2,0,Promise,0,0,1,,,1,5,1,47,0,2,0,2,1,,6,3,9,8,1,0,0,0,0,10,11,11,11,11,1,
509,06/04/2021 13:56,2,0,Control,0,0,0,,,,1,0,29,0,3,1,1,1,0,4,1,1,4,0,0,0,0,0,11,1,10,6,8,0,
512,06/04/2021 13:54,2,0,Control,0,0,0,,,,5,1,43,1,2,0,1,1,0,6,4,7,6,1,0,0,0,0,7,6,6,11,1,0,
515,06/05/2021 21:14,2,0,Trust_promise,1,0,0,,,1,2,0,19,1,2,0,1,1,0,8,8,11,8,0,1,1,1,0,11,11,10,10,6,1,
518,06/04/2021 13:57,2,0,Trust_promise,1,0,0,,,1,6,1,23,0,3,1,1,1,0,4,1,3,8,0,0,0,0,0,7,9,11,8,6,1,
521,06/04/2021 14:00,2,0,Control,0,0,0,,,,1,0,70,0,3,1,3,0,1,9,1,7,8,1,1,0,0,0,7,6,7,6,6,0,
524,06/04/2021 13:57,2,0,Promise,0,0,1,,,1,6,0,74,1,3,1,3,0,0,7,1,11,9,1,1,0,1,1,11,11,11,11,11,1,
527,06/04/2021 13:57,2,0,Trust,0,1,0,,,,2,0,47,1,1,0,2,1,0,8,1,11,9,1,1,0,1,1,11,11,11,11,11,,
530,06/04/2021 13:55,2,0,Control,0,0,0,,,,2,0,34,0,5,1,1,1,1,4,6,11,3,0,0,1,1,0,7,6,6,1,5,0,
533,06/04/2021 13:56,2,0,Trust_promise,1,0,0,,,1,2,0,57,0,2,0,1,1,1,5,1,8,9,1,0,0,0,1,10,8,10,10,10,1,
536,06/04/2021 14:32,2,0,Trust,0,1,0,,,,1,0,67,0,3,1,3,0,0,8,8,9,7,1,1,1,0,0,11,11,10,11,11,,
539,06/04/2021 13:59,2,0,Promise,0,0,1,,,1,1,0,19,1,2,0,3,0,,6,3,11,7,0,0,0,1,0,10,10,10,6,10,1,
542,06/04/2021 13:59,2,0,Control,0,0,0,,,,4,0,30,1,2,0,3,0,0,2,1,11,8,0,0,0,1,0,11,11,11,11,11,0,
545,06/04/2021 14:01,2,0,Promise,0,0,1,,,1,1,0,71,0,3,1,1,1,1,6,8,11,6,1,0,1,1,0,10,11,10,11,6,1,
548,06/04/2021 14:03,2,0,Trust,0,1,0,,,,2,0,74,0,3,1,3,0,1,4,7,9,10,1,0,1,0,1,5,3,11,3,8,,
551,06/04/2021 14:00,2,0,Trust_promise,1,0,0,,,1,5,1,59,0,2,0,1,1,1,9,6,9,9,1,1,1,0,1,11,10,10,10,9,1,
554,06/04/2021 14:00,2,0,Promise,0,0,1,,,1,6,0,40,1,3,1,2,1,1,6,1,10,7,1,0,0,1,0,11,11,11,11,11,1,
557,06/04/2021 14:01,2,0,Control,0,0,0,,,,3,0,43,1,3,1,1,1,1,7,1,11,7,1,1,0,1,0,11,11,11,11,11,0,
560,06/04/2021 15:13,2,0,Control,0,0,0,,,,6,0,30,1,4,1,1,1,1,7,2,10,4,0,1,0,1,0,9,11,11,9,8,0,
563,06/04/2021 14:02,2,0,Trust,0,1,0,,,,2,0,70,1,2,0,3,0,,8,5,6,8,1,1,1,0,0,11,11,5,7,4,,
566,06/04/2021 14:02,2,0,Trust_promise,1,0,0,,,1,2,0,55,0,4,1,2,1,1,5,1,6,9,1,0,0,0,1,11,11,11,7,10,1,
569,06/04/2021 14:05,2,0,Promise,0,0,1,,,1,3,1,35,1,2,0,1,1,0,8,1,10,9,1,1,0,1,1,11,11,11,11,11,1,
572,06/04/2021 14:03,2,0,Trust,0,1,0,,,,1,0,36,0,4,1,1,1,0,4,1,10,6,1,0,0,1,0,11,3,11,4,6,,
575,06/04/2021 14:03,2,0,Trust_promise,1,0,0,,,1,1,0,48,1,2,0,1,1,1,11,1,11,5,1,1,0,1,0,9,11,11,11,8,1,
578,06/04/2021 14:05,2,0,Control,0,0,0,,,,3,0,28,1,4,1,2,1,1,3,2,7,5,0,0,0,0,0,11,5,10,3,6,0,
581,06/04/2021 14:05,2,0,Trust,0,1,0,,,,2,1,40,1,4,1,1,1,1,6,11,11,6,1,0,1,1,0,9,11,6,6,6,,
584,06/04/2021 14:07,2,0,Trust_promise,1,0,0,,,1,5,0,27,1,4,1,1,1,0,3,2,10,6,0,0,0,1,0,9,9,11,9,9,1,
587,06/04/2021 14:07,2,0,Promise,0,0,1,,,1,3,1,24,1,2,0,1,1,1,8,1,8,1,0,1,0,0,0,11,11,11,11,11,1,
590,06/04/2021 14:07,2,0,Trust_promise,1,0,0,,,1,4,1,74,0,3,1,3,0,0,9,9,11,4,1,1,1,1,0,11,11,11,11,6,1,
593,06/04/2021 14:31,2,0,Trust,0,1,0,,,,2,1,77,0,2,0,3,0,0,7,8,8,7,1,1,1,0,0,11,11,11,11,11,,
596,06/04/2021 14:06,2,0,Control,0,0,0,,,,1,1,55,1,3,1,3,0,0,6,11,8,8,1,0,1,0,0,9,9,10,1,9,0,
599,06/04/2021 14:06,2,0,Control,0,0,0,,,,2,0,73,1,3,1,3,0,1,3,2,6,10,1,0,0,0,1,11,11,11,11,11,0,
602,06/04/2021 14:08,2,0,Trust_promise,1,0,0,,,1,5,0,50,1,4,1,2,1,1,9,9,8,8,1,1,1,0,0,11,11,11,11,11,1,
605,06/04/2021 14:06,2,0,Promise,0,0,1,,,1,2,1,27,1,3,1,2,1,0,6,6,6,5,0,0,1,0,0,11,9,11,11,11,1,
608,06/04/2021 14:15,2,0,Control,0,0,0,,,,6,0,43,0,3,1,1,1,1,2,1,11,9,1,0,0,1,1,3,2,8,6,1,0,
611,06/04/2021 14:08,2,0,Control,0,0,0,,,,4,0,40,1,2,0,3,0,,7,1,11,6,1,1,0,1,0,11,11,11,11,11,0,
614,06/04/2021 14:09,2,0,Trust_promise,1,0,0,,,1,5,0,69,1,4,1,3,0,,10,2,9,9,1,1,0,0,1,11,11,11,11,6,1,
617,06/04/2021 14:10,2,0,Trust,0,1,0,,,,1,1,65,1,3,1,3,0,0,3,1,11,6,1,0,0,1,0,1,1,6,1,1,,
620,06/06/2021 10:23,2,0,Promise,0,0,1,,,1,4,0,46,0,2,0,1,1,1,8,6,9,8,1,1,1,0,0,7,1,10,1,1,1,
623,06/04/2021 14:10,2,0,Trust,0,1,0,,,,5,1,24,1,3,1,1,1,0,3,1,8,8,0,0,0,0,0,11,11,11,11,11,,
626,06/04/2021 14:13,2,0,Trust_promise,1,0,0,,,1,5,1,70,1,3,1,3,0,0,3,1,8,9,1,0,0,0,1,10,11,11,11,9,1,
629,06/04/2021 14:12,2,0,Promise,0,0,1,,,1,5,0,47,0,4,1,2,1,1,3,7,9,8,1,0,1,0,0,9,11,11,11,8,1,
632,06/04/2021 14:14,2,0,Trust,0,1,0,,,,1,0,39,0,2,0,1,1,1,3,1,11,9,1,0,0,1,1,7,11,11,11,5,,
635,06/04/2021 14:13,2,0,Trust_promise,1,0,0,,,1,2,0,25,1,2,0,1,1,0,5,1,10,8,0,0,0,1,0,8,8,9,9,5,1,
638,06/08/2021 10:44,2,0,Promise,0,0,1,,,1,6,0,45,0,3,1,1,1,,5,2,10,9,1,0,0,1,1,11,9,11,6,11,1,
641,06/04/2021 14:18,2,0,Control,0,0,0,,,,5,0,72,0,4,1,3,0,1,5,1,8,8,1,0,0,0,0,7,7,6,8,5,0,
644,06/04/2021 14:15,2,0,Trust,0,1,0,,,,3,0,26,1,3,1,2,1,0,7,11,11,9,0,1,1,1,1,11,10,11,10,8,,
647,06/04/2021 14:15,2,0,Promise,0,0,1,,,1,2,1,21,1,2,0,1,1,,7,6,11,6,0,1,1,1,0,11,10,11,11,11,1,
650,06/04/2021 14:15,2,0,Trust,0,1,0,,,,2,1,27,1,4,1,2,1,0,3,7,9,7,0,0,1,0,0,11,11,11,11,11,,
653,06/04/2021 14:16,2,0,Trust_promise,1,0,0,,,1,2,1,67,0,3,1,3,0,1,8,6,11,8,1,1,1,1,0,8,7,8,8,8,1,
656,06/04/2021 14:23,2,0,Promise,0,0,1,,,1,2,1,40,0,2,0,1,1,1,6,6,8,7,1,0,1,0,0,8,9,10,9,6,1,
659,06/04/2021 14:20,2,0,Control,0,0,0,,,,2,0,67,0,3,1,1,1,1,8,8,9,9,1,1,1,0,1,11,11,11,11,11,0,
662,06/04/2021 14:17,2,0,Trust_promise,1,0,0,,,1,1,0,44,1,4,1,3,0,,5,1,11,9,1,0,0,1,1,11,11,11,11,6,1,
665,06/04/2021 14:17,2,0,Trust,0,1,0,,,,1,0,23,0,3,1,3,0,,4,11,7,5,0,0,1,0,0,11,11,11,7,7,,
668,06/04/2021 14:18,2,0,Control,0,0,0,,,,1,0,49,1,3,1,1,1,1,9,1,8,8,1,1,0,0,0,8,11,11,11,10,0,
671,06/04/2021 14:19,2,0,Promise,0,0,1,,,1,4,0,26,1,4,1,1,1,1,6,3,8,9,0,0,0,0,1,11,9,6,9,6,1,
674,06/04/2021 14:18,2,0,Trust_promise,1,0,0,,,1,5,0,45,1,3,1,1,1,1,8,11,11,9,1,1,1,1,1,11,10,11,11,10,1,
677,06/04/2021 14:23,2,0,Promise,0,0,1,,,1,4,0,19,0,1,0,3,0,0,8,1,7,8,0,1,0,0,0,9,9,10,1,2,1,
680,06/04/2021 14:20,2,0,Control,0,0,0,,,,4,1,21,1,2,0,3,0,,4,6,10,8,0,0,1,1,0,11,10,11,11,10,0,
683,06/04/2021 14:21,2,0,Trust,0,1,0,,,,6,0,71,0,3,1,3,0,0,3,1,3,4,1,0,0,0,0,11,11,11,10,9,,
686,06/04/2021 14:24,2,0,Promise,0,0,1,,,1,2,0,47,0,3,1,1,1,1,5,9,9,9,1,0,1,0,1,4,9,9,6,6,1,
689,06/04/2021 14:22,2,0,Trust,0,1,0,,,,2,0,50,0,2,0,1,1,1,9,1,11,8,1,1,0,1,0,9,4,10,9,10,,
692,06/04/2021 14:21,2,0,Control,0,0,0,,,,2,0,32,0,4,1,1,1,,8,1,8,8,0,1,0,0,0,8,6,9,5,7,0,
695,06/04/2021 14:21,2,0,Promise,0,0,1,,,1,3,1,48,0,4,1,2,1,0,11,7,6,7,1,1,1,0,0,11,11,11,6,10,1,
698,06/04/2021 14:22,2,0,Trust_promise,1,0,0,,,1,1,0,27,0,4,1,2,1,1,2,1,5,8,0,0,0,0,0,11,9,11,8,7,1,
701,06/04/2021 14:22,2,0,Promise,0,0,1,,,1,1,0,61,0,2,0,2,1,1,5,8,9,7,1,0,1,0,0,8,11,11,11,11,1,
704,06/04/2021 14:23,2,0,Trust_promise,1,0,0,,,1,4,0,64,1,2,0,2,1,0,5,2,9,9,1,0,0,0,1,9,8,9,9,6,1,
707,06/04/2021 14:22,2,0,Trust,0,1,0,,,,4,0,55,0,3,1,2,1,0,5,3,3,7,1,0,0,0,0,10,10,9,9,9,,
710,06/04/2021 14:23,2,0,Trust,0,1,0,,,,2,0,18,1,2,0,3,0,,5,4,8,7,0,0,0,0,0,8,8,8,6,5,,
713,06/04/2021 14:22,2,0,Control,0,0,0,,,,6,0,31,0,1,0,1,1,1,6,2,11,7,0,0,0,1,0,10,7,11,2,1,0,
716,06/04/2021 14:31,2,0,Control,0,0,0,,,,4,0,28,1,3,1,2,1,0,2,2,5,9,0,0,0,0,1,11,3,6,6,3,0,
719,06/04/2021 14:24,2,0,Trust_promise,1,0,0,,,1,4,1,49,1,2,0,2,1,1,7,6,9,9,1,1,1,0,1,11,11,11,11,11,1,
722,06/04/2021 14:24,2,0,Trust,0,1,0,,,,2,0,34,0,3,1,1,1,1,4,8,6,9,0,0,1,0,1,11,11,11,11,11,,
725,06/04/2021 14:27,2,0,Promise,0,0,1,,,1,1,0,33,0,3,1,1,1,1,6,2,10,7,0,0,0,1,0,5,6,6,2,1,1,
728,06/04/2021 14:28,2,0,Promise,0,0,1,,,1,1,0,57,1,3,1,3,0,0,2,2,10,7,1,0,0,1,0,10,11,11,10,7,1,
731,06/04/2021 14:27,2,0,Promise,0,0,1,,,1,6,1,58,1,2,0,2,1,0,4,4,11,7,1,0,0,1,0,11,11,11,11,11,1,
734,06/04/2021 14:27,2,0,Trust_promise,1,0,0,,,1,5,1,74,0,3,1,3,0,1,4,1,9,8,1,0,0,0,0,11,11,11,11,11,1,
737,06/04/2021 14:29,2,0,Trust,0,1,0,,,,3,0,54,0,3,1,3,0,0,3,1,10,8,1,0,0,1,0,10,9,11,8,6,,
740,06/04/2021 14:33,2,0,Control,0,0,0,,,,1,1,81,0,3,1,3,0,0,9,4,7,6,1,1,0,0,0,9,9,9,9,9,0,
743,06/04/2021 14:32,2,0,Promise,0,0,1,,,1,3,0,40,0,4,1,1,1,1,8,8,9,9,1,1,1,0,1,11,11,11,11,9,1,
746,06/04/2021 14:34,2,0,Trust_promise,1,0,0,,,1,6,0,53,1,3,1,2,1,,9,7,11,7,1,1,1,1,0,7,9,8,8,6,1,
749,06/04/2021 14:34,2,0,Trust,0,1,0,,,,3,0,35,1,3,1,2,1,1,4,1,8,8,1,0,0,0,0,11,10,11,10,10,,
752,06/04/2021 14:34,2,0,Control,0,0,0,,,,1,1,44,0,2,0,1,1,1,5,3,9,8,1,0,0,0,0,9,11,10,8,9,0,
755,06/04/2021 14:38,2,0,Control,0,0,0,,,,4,1,53,1,2,0,1,1,,7,9,11,9,1,1,1,1,1,5,9,11,1,10,0,
758,06/04/2021 14:37,2,0,Promise,0,0,1,,,1,1,0,79,0,4,1,3,0,1,8,8,11,8,1,1,1,1,0,11,11,9,10,10,1,
761,06/04/2021 14:38,2,0,Trust_promise,1,0,0,,,1,2,0,23,1,2,0,3,0,0,1,1,11,4,0,0,0,1,0,11,11,11,11,7,1,
764,06/04/2021 14:36,2,0,Trust_promise,1,0,0,,,1,1,0,37,0,4,1,1,1,1,6,1,3,5,1,0,0,0,0,9,11,11,11,11,1,
767,06/04/2021 14:39,2,0,Control,0,0,0,,,,6,0,37,0,2,0,1,1,1,6,1,8,4,1,0,0,0,0,11,11,11,7,11,0,
770,06/04/2021 14:40,2,0,Promise,0,0,1,,,1,4,0,18,1,1,0,1,1,0,5,11,8,6,0,0,1,0,0,9,1,6,6,1,1,
773,06/08/2021 00:16,2,0,Trust,0,1,0,,,,6,1,66,1,2,0,3,0,,6,11,9,9,1,0,1,0,1,8,9,9,8,5,,
776,06/04/2021 14:41,2,0,Promise,0,0,1,,,1,5,0,29,1,4,1,2,1,0,6,1,8,6,0,0,0,0,0,11,11,11,11,6,1,
779,06/04/2021 14:42,2,0,Trust_promise,1,0,0,,,1,4,1,37,0,3,1,1,1,1,9,11,11,7,1,1,1,1,0,9,8,8,8,6,1,
782,06/04/2021 14:41,2,0,Control,0,0,0,,,,3,1,52,1,3,1,1,1,,10,5,9,8,1,1,1,0,0,11,11,11,11,11,0,
785,06/04/2021 14:43,2,0,Trust,0,1,0,,,,2,0,63,0,2,0,1,1,,6,11,11,9,1,0,1,1,1,11,11,11,11,11,,
788,06/04/2021 14:42,2,0,Control,0,0,0,,,,5,1,26,0,4,1,2,1,1,4,1,11,4,0,0,0,1,0,9,7,11,11,11,0,
791,06/04/2021 14:45,2,0,Trust_promise,1,0,0,,,1,5,0,59,1,3,1,2,1,1,4,1,6,6,1,0,0,0,0,11,11,9,6,4,1,
794,06/04/2021 14:45,2,0,Trust,0,1,0,,,,4,1,30,1,2,0,1,1,0,5,1,9,5,0,0,0,0,0,11,11,11,11,11,,
797,06/04/2021 14:46,2,0,Promise,0,0,1,,,1,1,0,27,1,4,1,2,1,1,3,1,9,8,0,0,0,0,0,9,9,9,8,9,1,
800,06/04/2021 14:47,2,0,Trust_promise,1,0,0,,,1,6,0,26,1,4,1,2,1,1,8,7,7,2,0,1,1,0,0,8,10,10,3,7,1,
803,06/04/2021 14:49,2,0,Control,0,0,0,,,,4,1,71,0,3,1,3,0,0,6,10,8,7,1,0,1,0,0,9,9,9,9,9,0,
806,06/04/2021 14:48,2,0,Promise,0,0,1,,,1,6,0,29,1,4,1,3,0,0,2,9,6,9,0,0,1,0,1,1,11,11,7,6,1,
809,06/04/2021 14:47,2,0,Control,0,0,0,,,,1,0,35,0,4,1,1,1,,1,1,8,7,1,0,0,0,0,9,8,10,10,9,0,
812,06/04/2021 14:48,2,0,Trust_promise,1,0,0,,,1,2,0,42,0,4,1,2,1,1,9,1,11,6,1,1,0,1,0,11,11,11,6,9,1,
815,06/04/2021 14:52,2,0,Trust,0,1,0,,,,2,0,69,1,2,0,3,0,,4,6,6,3,1,0,1,0,0,1,1,1,1,1,,
818,06/04/2021 14:52,2,0,Promise,0,0,1,,,1,5,1,52,1,3,1,1,1,0,9,7,11,11,1,1,1,1,1,11,11,11,11,1,1,
821,06/04/2021 15:02,2,0,Trust,0,1,0,,,,3,0,52,1,3,1,3,0,,2,1,6,4,1,0,0,0,0,8,11,11,10,7,,
824,06/04/2021 14:56,2,0,Promise,0,0,1,,,1,2,1,78,0,2,0,3,0,0,1,1,8,9,1,0,0,0,1,10,10,10,10,10,1,
827,06/04/2021 14:54,2,0,Trust_promise,1,0,0,,,1,5,0,69,1,4,1,3,0,0,4,6,10,8,1,0,1,1,0,10,10,10,10,10,1,
830,06/04/2021 14:58,2,0,Promise,0,0,1,,,1,3,0,37,0,4,1,2,1,1,8,1,7,8,1,1,0,0,0,9,9,11,11,9,1,
833,06/04/2021 14:54,2,0,Control,0,0,0,,,,6,1,77,1,2,0,3,0,0,6,1,11,10,1,0,0,1,1,11,10,10,10,9,0,
836,06/04/2021 15:17,2,0,Trust_promise,1,0,0,,,1,2,0,53,0,2,0,1,1,1,8,8,9,8,1,1,1,0,0,10,11,11,1,10,1,
839,06/04/2021 14:54,2,0,Control,0,0,0,,,,4,0,50,0,3,1,3,0,0,10,1,11,5,1,1,0,1,0,1,1,2,2,2,0,
842,06/04/2021 14:55,2,0,Trust,0,1,0,,,,6,0,31,1,4,1,2,1,1,5,1,7,8,0,0,0,0,0,10,11,11,9,7,,
845,06/04/2021 14:57,2,0,Trust,0,1,0,,,,4,0,20,1,2,0,2,1,0,1,7,11,8,0,0,1,1,0,7,6,8,9,6,,
848,06/04/2021 15:02,2,0,Trust_promise,1,0,0,,,1,2,0,18,1,1,0,3,0,0,3,1,6,3,0,0,0,0,0,1,8,6,5,3,1,
851,06/04/2021 15:01,2,0,Control,0,0,0,,,,5,0,72,1,2,0,3,0,,11,9,9,9,1,1,1,0,1,11,11,11,11,11,0,
854,06/04/2021 15:00,2,0,Trust,0,1,0,,,,3,0,37,0,4,1,2,1,1,7,3,10,8,1,1,0,1,0,9,9,10,7,2,,
857,06/04/2021 15:32,2,0,Promise,0,0,1,,,1,3,1,26,1,4,1,2,1,0,7,2,10,7,0,1,0,1,0,9,10,11,10,11,1,
860,06/04/2021 15:08,2,0,Trust,0,1,0,,,,1,0,46,1,4,1,1,1,1,6,6,10,9,1,0,1,1,1,11,11,11,11,11,,
863,06/04/2021 15:05,2,0,Promise,0,0,1,,,1,5,1,24,0,3,1,3,0,,7,1,7,4,0,1,0,0,0,11,11,11,11,11,1,
866,06/04/2021 15:07,2,0,Trust_promise,1,0,0,,,1,2,0,30,1,3,1,2,1,0,6,8,11,8,0,0,1,1,0,11,9,11,8,9,1,
869,06/04/2021 15:09,2,0,Control,0,0,0,,,,4,0,30,0,2,0,1,1,1,6,1,9,8,0,0,0,0,0,7,6,6,6,6,0,
872,06/04/2021 15:11,2,0,Trust,0,1,0,,,,4,0,41,0,3,1,1,1,1,3,1,9,8,1,0,0,0,0,9,9,11,9,7,,
875,06/04/2021 15:12,2,0,Promise,0,0,1,,,1,4,0,47,1,4,1,2,1,1,6,2,6,9,1,0,0,0,1,11,11,11,11,6,1,
878,06/04/2021 15:13,2,0,Trust_promise,1,0,0,,,1,1,0,33,1,2,0,1,1,0,5,3,8,7,0,0,0,0,0,7,11,11,9,6,1,
881,06/04/2021 15:14,2,0,Control,0,0,0,,,,4,0,53,1,3,1,1,1,1,9,4,10,9,1,1,0,1,1,11,11,11,11,10,0,
884,06/04/2021 15:14,2,0,Trust,0,1,0,,,,3,0,46,1,2,0,1,1,0,8,3,9,9,1,1,0,0,1,11,11,11,8,8,,
887,06/04/2021 15:20,2,0,Trust_promise,1,0,0,,,1,2,0,30,1,3,1,1,1,0,5,11,11,7,0,0,1,1,0,11,8,11,3,6,1,
890,06/04/2021 15:19,2,0,Promise,0,0,1,,,1,3,0,75,0,3,1,3,0,0,11,11,11,9,1,1,1,1,1,9,11,11,11,11,1,
893,06/04/2021 15:22,2,0,Trust,0,1,0,,,,6,1,50,1,2,0,2,1,0,6,5,7,7,1,0,1,0,0,8,8,8,8,8,,
896,06/04/2021 15:24,2,0,Trust_promise,1,0,0,,,1,2,0,70,1,4,1,3,0,0,1,1,10,10,1,0,0,1,1,11,11,11,11,6,1,
899,06/04/2021 15:22,2,0,Trust,0,1,0,,,,5,0,24,1,4,1,1,1,1,6,1,3,3,0,0,0,0,0,11,11,11,11,6,,
902,06/04/2021 15:24,2,0,Control,0,0,0,,,,4,0,56,0,4,1,2,1,1,5,11,11,8,1,0,1,1,0,7,8,9,8,1,0,
905,06/04/2021 15:30,2,0,Trust_promise,1,0,0,,,1,3,1,74,0,4,1,3,0,1,8,8,9,8,1,1,1,0,0,11,11,11,11,7,1,
908,06/04/2021 15:26,2,0,Promise,0,0,1,,,1,1,0,43,1,4,1,2,1,0,3,1,9,7,1,0,0,0,0,11,11,11,9,6,1,
911,06/04/2021 15:26,2,0,Trust,0,1,0,,,,3,0,44,0,4,1,2,1,1,6,2,9,10,1,0,0,0,1,11,10,11,9,10,,
914,06/04/2021 15:27,2,0,Control,0,0,0,,,,3,1,56,1,3,1,3,0,0,6,6,10,7,1,0,1,1,0,10,9,11,2,1,0,
917,06/04/2021 15:29,2,0,Promise,0,0,1,,,1,6,0,77,1,2,0,3,0,,10,6,11,8,1,1,1,1,0,11,11,11,11,11,1,
920,06/04/2021 15:31,2,0,Control,0,0,0,,,,1,0,67,0,3,1,3,0,0,2,1,7,8,1,0,0,0,0,1,1,1,1,1,0,
923,06/04/2021 15:29,2,0,Promise,0,0,1,,,1,3,0,47,1,5,1,2,1,1,1,1,8,8,1,0,0,0,0,1,4,3,4,1,1,
926,06/04/2021 15:29,2,0,Trust,0,1,0,,,,3,0,35,1,3,1,2,1,0,1,1,11,11,1,0,0,1,1,11,11,6,11,9,,
929,06/04/2021 15:34,2,0,Trust_promise,1,0,0,,,1,6,0,64,1,3,1,2,1,1,5,6,11,8,1,0,1,1,0,9,10,9,6,1,1,
932,06/04/2021 15:31,2,0,Trust,0,1,0,,,,4,1,21,1,2,0,1,1,0,2,1,11,7,0,0,0,1,0,11,11,11,11,11,,
935,06/04/2021 15:38,2,0,Trust_promise,1,0,0,,,1,1,1,50,0,4,1,1,1,1,2,1,7,8,1,0,0,0,0,4,4,8,9,6,1,
938,06/04/2021 15:39,2,0,Promise,0,0,1,,,1,3,1,33,1,3,1,2,1,1,5,3,9,8,0,0,0,0,0,9,9,8,8,6,1,
941,06/04/2021 15:40,2,0,Trust_promise,1,0,0,,,1,5,1,26,0,3,1,1,1,,2,1,8,9,0,0,0,0,1,11,9,10,8,8,1,
944,06/05/2021 20:32,2,0,Control,0,0,0,,,,3,1,22,1,2,0,3,0,0,5,4,9,4,0,0,0,0,0,11,11,11,11,1,0,
947,06/04/2021 15:40,2,0,Trust,0,1,0,,,,3,0,37,1,6,0,2,1,,4,2,9,5,1,0,0,0,0,7,8,6,1,1,,
950,06/04/2021 15:48,2,0,Promise,0,0,1,,,1,1,0,73,0,2,0,3,0,,10,11,11,6,1,1,1,1,0,9,11,11,11,8,1,
953,06/04/2021 15:50,2,0,Promise,0,0,1,,,1,2,0,51,1,4,1,2,1,1,11,11,11,6,1,1,1,1,0,11,9,9,5,6,1,
956,06/04/2021 15:50,2,0,Trust,0,1,0,,,,2,1,34,1,4,1,1,1,1,4,1,5,9,0,0,0,0,1,4,6,10,1,3,,
959,06/04/2021 15:48,2,0,Trust_promise,1,0,0,,,1,6,0,58,0,3,1,1,1,,6,1,9,9,1,0,0,0,1,11,11,11,1,3,1,
962,06/04/2021 16:00,2,0,Trust,0,1,0,,,,3,1,51,1,2,0,2,1,0,5,2,11,7,1,0,0,1,0,10,11,11,11,11,,
965,06/04/2021 15:52,2,0,Control,0,0,0,,,,2,0,50,1,4,1,2,1,1,7,1,9,7,1,1,0,0,0,9,11,11,10,6,0,
968,06/04/2021 15:53,2,0,Control,0,0,0,,,,1,0,43,1,2,0,2,1,0,6,6,7,6,1,0,1,0,0,11,11,11,11,11,0,
971,06/04/2021 15:53,2,0,Promise,0,0,1,,,1,1,0,22,1,2,0,3,0,0,3,1,10,9,0,0,0,1,1,11,1,1,1,3,1,
974,06/04/2021 15:54,2,0,Control,0,0,0,,,,3,1,30,1,2,0,1,1,1,6,2,8,6,0,0,0,0,0,7,8,7,6,11,0,
977,06/04/2021 15:53,2,0,Trust,0,1,0,,,,2,0,35,0,4,1,3,0,0,1,1,11,8,1,0,0,1,0,7,11,11,6,1,,
980,06/04/2021 15:59,2,0,Trust_promise,1,0,0,,,1,2,0,27,1,4,1,1,1,1,8,1,8,4,0,1,0,0,0,11,11,11,11,11,1,
983,06/04/2021 15:56,2,0,Control,0,0,0,,,,2,0,29,1,3,1,2,1,1,5,2,8,6,0,0,0,0,0,7,11,11,10,8,0,
986,06/04/2021 16:01,2,0,Promise,0,0,1,,,1,2,0,25,1,1,0,3,0,,6,2,9,5,0,0,0,0,0,11,11,11,10,11,1,
989,06/04/2021 16:06,2,0,Trust_promise,1,0,0,,,1,6,0,54,0,2,0,1,1,0,6,6,9,4,1,0,1,0,0,11,11,11,11,11,1,
992,06/04/2021 16:07,2,0,Control,0,0,0,,,,3,1,18,0,4,1,2,1,1,9,6,11,8,0,1,1,1,0,11,11,11,11,9,0,
995,06/04/2021 16:04,2,0,Promise,0,0,1,,,1,1,0,41,1,2,0,1,1,1,6,7,11,6,1,0,1,1,0,11,10,11,4,7,1,
998,06/04/2021 16:07,2,0,Trust_promise,1,0,0,,,1,2,0,46,0,4,1,2,1,0,1,1,6,5,1,0,0,0,0,1,5,11,5,2,1,
1001,06/04/2021 16:10,2,0,Control,0,0,0,,,,2,0,55,1,4,1,1,1,0,3,6,9,11,1,0,1,0,1,6,8,10,6,7,0,
1004,06/04/2021 16:08,2,0,Trust,0,1,0,,,,4,1,19,0,2,0,2,1,0,3,1,8,5,0,0,0,0,0,6,2,6,4,8,,
1007,06/04/2021 16:08,2,0,Control,0,0,0,,,,6,1,40,1,3,1,3,0,,2,1,8,8,1,0,0,0,0,11,11,11,8,8,0,
1010,06/04/2021 16:11,2,0,Promise,0,0,1,,,1,5,1,65,1,4,1,2,1,,9,11,11,11,1,1,1,1,1,10,11,11,11,10,1,
1013,06/04/2021 16:12,2,0,Trust,0,1,0,,,,1,0,71,1,2,0,3,0,0,5,6,10,8,1,0,1,1,0,11,11,11,11,11,,
1016,06/04/2021 16:13,2,0,Trust_promise,1,0,0,,,1,3,0,39,0,1,0,1,1,0,4,11,7,8,1,0,1,0,0,4,10,6,7,4,1,
1019,06/04/2021 16:13,2,0,Trust,0,1,0,,,,1,0,26,0,3,1,2,1,,5,1,11,7,0,0,0,1,0,9,9,9,8,8,,
1022,06/04/2021 16:15,2,0,Trust_promise,1,0,0,,,1,1,0,43,1,4,1,2,1,1,6,3,10,4,1,0,0,1,0,1,10,11,11,8,1,
1025,06/04/2021 16:15,2,0,Promise,0,0,1,,,1,6,0,57,1,3,1,2,1,1,9,5,3,3,1,1,1,0,0,11,11,11,8,11,1,
1028,06/04/2021 16:16,2,0,Trust,0,1,0,,,,5,0,46,0,4,1,2,1,1,3,6,7,8,1,0,1,0,0,8,7,10,5,6,,
1031,06/04/2021 16:22,2,0,Trust_promise,1,0,0,,,1,6,1,76,0,2,0,3,0,0,7,1,6,7,1,1,0,0,0,11,11,11,6,11,1,
1034,06/04/2021 16:25,2,0,Promise,0,0,1,,,1,2,0,27,1,2,0,2,1,1,8,1,11,5,0,1,0,1,0,8,11,11,6,1,1,
1037,06/04/2021 16:27,2,0,Control,0,0,0,,,,6,1,27,1,2,0,1,1,0,6,1,11,7,0,0,0,1,0,5,4,6,6,8,0,
1040,06/04/2021 16:29,2,0,Promise,0,0,1,,,1,5,1,29,0,2,0,1,1,0,6,1,8,5,0,0,0,0,0,11,9,11,10,8,1,
1043,06/07/2021 17:38,2,0,Control,0,0,0,,,,4,1,21,1,2,0,2,1,,11,3,7,6,0,1,0,0,0,11,11,11,11,11,0,
1046,06/04/2021 16:42,2,0,Control,0,0,0,,,,6,0,76,0,4,1,3,0,0,3,1,10,10,1,0,0,1,1,10,10,10,6,6,0,
1049,06/04/2021 16:45,2,0,Trust_promise,1,0,0,,,1,4,0,71,1,2,0,3,0,0,7,7,7,9,1,1,1,0,1,11,11,11,11,11,1,
1052,06/04/2021 16:43,2,0,Control,0,0,0,,,,6,1,41,1,3,1,2,1,1,8,3,11,7,1,1,0,1,0,10,10,9,10,11,0,
1055,06/04/2021 16:46,2,0,Trust,0,1,0,,,,2,0,33,1,1,0,2,1,,4,1,11,5,0,0,0,1,0,6,7,11,9,6,,
1058,06/04/2021 16:45,2,0,Control,0,0,0,,,,4,0,18,0,1,0,3,0,,5,1,11,10,0,0,0,1,1,9,11,11,11,11,0,
1061,06/07/2021 08:11,2,0,Control,0,0,0,,,,2,0,29,1,6,0,1,1,,2,1,8,4,0,0,0,0,0,4,6,6,7,1,0,
1064,06/04/2021 16:52,2,0,Promise,0,0,1,,,1,5,0,27,0,3,1,1,1,,6,1,11,7,0,0,0,1,0,11,10,10,10,9,1,
1067,06/04/2021 16:49,2,0,Trust,0,1,0,,,,2,0,31,0,4,1,1,1,1,6,3,9,8,0,0,0,0,0,10,6,9,8,9,,
1070,06/04/2021 16:50,2,0,Trust_promise,1,0,0,,,1,2,0,28,0,2,0,1,1,0,9,11,11,4,0,1,1,1,0,11,9,9,8,8,1,
1073,06/04/2021 16:53,2,0,Control,0,0,0,,,,6,0,23,0,2,0,3,0,0,8,1,11,8,0,1,0,1,0,11,9,10,2,5,0,
1076,06/04/2021 16:55,2,0,Trust_promise,1,0,0,,,1,5,0,22,1,2,0,3,0,0,3,1,7,4,0,0,0,0,0,10,8,11,9,8,1,
1079,06/04/2021 16:56,2,0,Trust,0,1,0,,,,1,0,23,0,3,1,2,1,0,4,3,10,7,0,0,0,1,0,8,8,11,3,2,,
1082,06/04/2021 17:01,2,0,Promise,0,0,1,,,1,4,1,55,0,2,0,1,1,1,9,1,4,6,1,1,0,0,0,11,11,11,11,11,1,
1085,06/04/2021 16:59,2,0,Trust,0,1,0,,,,6,0,31,1,4,1,1,1,1,5,2,7,8,0,0,0,0,0,11,11,11,11,8,,
1088,06/04/2021 17:01,2,0,Trust_promise,1,0,0,,,1,3,0,25,0,3,1,1,1,1,7,4,7,7,0,1,0,0,0,11,7,11,9,7,1,
1091,06/04/2021 17:04,2,0,Control,0,0,0,,,,5,1,18,1,1,0,2,1,0,5,10,9,7,0,0,1,0,0,10,11,10,10,10,0,
1094,06/04/2021 17:07,2,0,Promise,0,0,1,,,1,5,1,32,1,3,1,2,1,0,3,2,9,7,0,0,0,0,0,11,9,11,11,9,1,
1097,06/04/2021 17:07,2,0,Trust,0,1,0,,,,4,0,56,1,3,1,2,1,1,5,1,6,8,1,0,0,0,0,11,11,11,1,6,,
1100,06/04/2021 17:07,2,0,Control,0,0,0,,,,3,0,45,1,4,1,2,1,1,5,7,8,9,1,0,1,0,1,9,9,9,8,8,0,
1103,06/04/2021 17:09,2,0,Promise,0,0,1,,,1,2,0,71,0,4,1,3,0,1,9,8,8,7,1,1,1,0,0,11,11,11,10,11,1,
1106,06/04/2021 17:16,2,0,Trust_promise,1,0,0,,,1,6,1,46,1,5,1,2,1,1,11,11,11,11,1,1,1,1,1,11,11,10,11,11,1,
1109,06/04/2021 17:13,2,0,Promise,0,0,1,,,1,3,1,20,1,2,0,3,0,1,6,11,11,9,0,0,1,1,1,7,6,9,6,11,1,
1112,06/04/2021 17:16,2,0,Trust_promise,1,0,0,,,1,4,0,27,1,3,1,1,1,,6,6,9,5,0,0,1,0,0,11,11,11,10,10,1,
1115,06/04/2021 17:18,2,0,Control,0,0,0,,,,4,0,63,0,3,1,1,1,1,8,1,11,10,1,1,0,1,1,11,11,11,11,11,0,
1118,06/04/2021 17:17,2,0,Trust,0,1,0,,,,4,0,47,1,3,1,3,0,0,5,8,11,4,1,0,1,1,0,7,8,9,3,6,,
1121,06/04/2021 17:20,2,0,Control,0,0,0,,,,5,0,72,0,4,1,3,0,1,9,5,11,9,1,1,1,1,1,11,11,11,6,6,0,
1124,06/04/2021 17:26,2,0,Trust_promise,1,0,0,,,1,2,0,54,1,2,0,2,1,0,3,6,8,9,1,0,1,0,1,11,11,11,11,11,1,
1127,06/04/2021 22:24,2,0,Trust,0,1,0,,,,3,0,74,0,4,1,3,0,0,6,4,11,10,1,0,0,1,1,11,11,11,11,11,,
1130,06/04/2021 17:32,2,0,Promise,0,0,1,,,1,5,0,47,1,2,0,3,0,0,6,6,8,8,1,0,1,0,0,7,11,11,3,6,1,
1133,06/04/2021 17:33,2,0,Trust,0,1,0,,,,6,0,23,1,2,0,2,1,0,7,11,7,8,0,1,1,0,0,9,11,11,10,6,,
1136,06/04/2021 17:34,2,0,Trust,0,1,0,,,,3,0,56,0,4,1,2,1,,6,10,7,7,1,0,1,0,0,8,8,10,9,9,,
1139,06/04/2021 17:40,2,0,Trust_promise,1,0,0,,,1,1,0,45,1,3,1,3,0,1,6,1,11,6,1,0,0,1,0,11,11,11,11,6,1,
1142,06/04/2021 17:42,2,0,Promise,0,0,1,,,1,6,0,29,1,3,1,1,1,0,8,1,9,7,0,1,0,0,0,8,11,11,8,7,1,
1145,06/04/2021 17:44,2,0,Promise,0,0,1,,,1,4,1,68,0,2,0,1,1,0,4,1,9,9,1,0,0,0,1,11,11,11,6,11,1,
1148,06/04/2021 17:56,2,0,Control,0,0,0,,,,6,0,48,0,4,1,2,1,1,3,2,7,7,1,0,0,0,0,6,8,9,4,6,0,
1151,06/04/2021 17:44,2,0,Trust,0,1,0,,,,4,0,27,0,2,0,2,1,0,8,1,11,7,0,1,0,1,0,7,8,11,11,9,,
1154,06/04/2021 17:45,2,0,Trust,0,1,0,,,,4,0,46,1,3,1,2,1,1,5,10,11,8,1,0,1,1,0,11,11,11,6,6,,
1157,06/04/2021 17:44,2,0,Trust_promise,1,0,0,,,1,2,0,45,1,3,1,2,1,1,8,8,11,10,1,1,1,1,1,10,11,10,1,1,1,
1160,06/04/2021 17:43,2,0,Control,0,0,0,,,,6,0,38,0,2,0,1,1,,7,1,9,8,1,1,0,0,0,11,11,11,10,11,0,
1163,06/04/2021 17:50,2,0,Trust_promise,1,0,0,,,1,4,1,39,0,2,0,1,1,1,6,1,11,7,1,0,0,1,0,11,11,11,6,6,1,
1166,06/04/2021 17:50,2,0,Promise,0,0,1,,,1,4,0,56,1,3,1,3,0,0,6,4,8,7,1,0,0,0,0,9,9,9,9,9,1,
1169,06/04/2021 17:50,2,0,Promise,0,0,1,,,1,1,0,70,0,3,1,3,0,0,3,1,9,8,1,0,0,0,0,10,10,10,6,4,1,
1172,06/04/2021 17:48,2,0,Control,0,0,0,,,,3,1,47,0,4,1,2,1,1,8,1,6,9,1,1,0,0,1,5,8,10,8,6,0,
1175,06/04/2021 17:53,2,0,Trust_promise,1,0,0,,,1,2,1,31,1,3,1,2,1,,5,3,7,7,0,0,0,0,0,1,8,9,10,6,1,
1178,06/04/2021 17:51,2,0,Control,0,0,0,,,,1,0,32,1,4,1,2,1,0,1,1,9,7,0,0,0,0,0,11,6,11,11,6,0,
1181,06/04/2021 18:00,2,0,Trust,0,1,0,,,,6,0,56,1,3,1,2,1,0,1,11,9,11,1,0,1,0,1,11,11,11,11,11,,
1184,06/04/2021 17:58,2,0,Promise,0,0,1,,,1,6,0,53,1,4,1,2,1,1,7,1,8,8,1,1,0,0,0,9,5,11,6,8,1,
1187,06/04/2021 18:03,2,0,Control,0,0,0,,,,3,1,28,0,2,0,2,1,0,6,1,11,8,0,0,0,1,0,11,11,11,11,11,0,
1190,06/05/2021 10:30,2,0,Control,0,0,0,,,,1,0,45,0,3,1,2,1,1,11,9,9,7,1,1,1,0,0,9,11,11,11,10,0,
1193,06/04/2021 18:08,2,0,Trust,0,1,0,,,,4,0,53,1,2,0,3,0,0,7,2,8,8,1,1,0,0,0,11,9,11,9,9,,
1196,06/04/2021 18:21,2,0,Trust_promise,1,0,0,,,1,1,0,65,0,3,1,1,1,1,8,10,9,8,1,1,1,0,0,9,9,11,11,6,1,
1199,06/04/2021 18:15,2,0,Control,0,0,0,,,,4,0,73,0,4,1,3,0,0,3,9,9,7,1,0,1,0,0,9,9,9,6,9,0,
1202,06/04/2021 18:17,2,0,Promise,0,0,1,,,1,5,0,56,0,2,0,2,1,1,6,9,11,6,1,0,1,1,0,11,11,11,11,11,1,
1205,06/04/2021 18:23,2,0,Trust,0,1,0,,,,5,1,33,1,3,1,1,1,1,8,6,9,8,0,1,1,0,0,7,3,7,10,4,,
1208,06/04/2021 18:23,2,0,Trust_promise,1,0,0,,,1,4,0,60,1,3,1,2,1,,6,11,9,6,1,0,1,0,0,11,11,9,11,5,1,
1211,06/04/2021 18:29,2,0,Promise,0,0,1,,,1,1,0,72,0,3,1,3,0,1,6,1,9,8,1,0,0,0,0,1,1,1,1,6,1,
1214,06/04/2021 18:27,2,0,Trust,0,1,0,,,,1,0,57,1,4,1,3,0,0,1,10,7,8,1,0,1,0,0,10,11,11,8,6,,
1217,06/04/2021 18:28,2,0,Trust_promise,1,0,0,,,1,3,1,23,1,4,1,3,0,1,9,5,7,9,0,1,1,0,1,7,5,9,7,6,1,
1220,06/04/2021 18:29,2,0,Control,0,0,0,,,,2,0,54,1,4,1,1,1,1,3,1,11,10,1,0,0,1,1,6,10,11,10,10,0,
1223,06/04/2021 18:32,2,0,Promise,0,0,1,,,1,4,0,77,0,3,1,3,0,1,8,11,10,8,1,1,1,1,0,7,11,11,11,10,1,
1226,06/04/2021 18:32,2,0,Trust,0,1,0,,,,2,0,65,0,4,1,3,0,1,4,1,6,7,1,0,0,0,0,11,11,11,11,6,,
1229,06/04/2021 18:37,2,0,Control,0,0,0,,,,3,1,44,1,3,1,2,1,0,6,11,11,9,1,0,1,1,1,11,11,11,11,11,0,
1232,06/04/2021 18:41,2,0,Trust_promise,1,0,0,,,1,2,1,79,0,5,1,3,0,0,9,4,9,6,1,1,0,0,0,11,10,11,11,11,1,
1235,06/04/2021 18:41,2,0,Control,0,0,0,,,,5,1,41,1,2,0,2,1,,4,1,11,6,1,0,0,1,0,7,6,6,1,4,0,
1238,06/04/2021 18:44,2,0,Trust,0,1,0,,,,3,1,42,0,6,0,1,1,0,3,6,9,9,1,0,1,0,1,10,9,11,9,8,,
1241,06/04/2021 18:48,2,0,Promise,0,0,1,,,1,2,0,62,0,2,0,1,1,1,10,8,8,6,1,1,1,0,0,11,11,10,11,10,1,
1244,06/04/2021 18:51,2,0,Trust,0,1,0,,,,6,0,25,1,3,1,1,1,0,7,6,11,7,0,1,1,1,0,11,9,9,7,5,,
1247,06/04/2021 18:51,2,0,Trust_promise,1,0,0,,,1,5,1,24,1,2,0,1,1,,2,4,8,7,0,0,0,0,0,1,1,6,1,7,1,
1250,06/04/2021 18:55,2,0,Control,0,0,0,,,,5,0,27,1,3,1,2,1,,9,1,7,7,0,1,0,0,0,7,11,11,11,1,0,
1253,06/04/2021 19:03,2,0,Promise,0,0,1,,,1,2,0,56,0,2,0,1,1,0,9,3,6,5,1,1,0,0,0,8,8,8,4,8,1,
1256,06/04/2021 18:58,2,0,Promise,0,0,1,,,1,4,1,33,1,3,1,2,1,,6,1,9,5,0,0,0,0,0,9,11,11,11,11,1,
1259,06/04/2021 19:05,2,0,Trust_promise,1,0,0,,,1,5,0,42,1,2,0,1,1,1,6,1,11,8,1,0,0,1,0,11,10,11,7,6,1,
1262,06/04/2021 19:08,2,0,Trust_promise,1,0,0,,,1,5,0,52,1,3,1,1,1,,4,11,6,6,1,0,1,0,0,9,11,11,9,3,1,
1265,06/04/2021 19:15,2,0,Control,0,0,0,,,,4,1,42,1,3,1,2,1,,8,6,8,7,1,1,1,0,0,9,11,11,11,10,0,
1268,06/04/2021 19:16,2,0,Trust,0,1,0,,,,2,0,45,0,2,0,1,1,1,5,1,6,11,1,0,0,0,1,11,11,11,11,11,,
1271,06/04/2021 19:22,2,0,Promise,0,0,1,,,1,4,0,54,1,2,0,3,0,0,4,1,9,8,1,0,0,0,0,7,2,8,4,1,1,
1274,06/04/2021 19:23,2,0,Control,0,0,0,,,,1,0,31,1,2,0,3,0,0,6,11,11,8,0,0,1,1,0,11,11,11,11,11,0,
1277,06/04/2021 19:25,2,0,Trust_promise,1,0,0,,,1,2,0,30,1,3,1,1,1,1,6,1,11,4,0,0,0,1,0,11,11,11,10,11,1,
1280,06/04/2021 19:26,2,0,Trust,0,1,0,,,,3,0,46,0,3,1,2,1,,8,4,7,6,1,1,0,0,0,9,6,11,1,3,,
1283,06/04/2021 19:38,2,0,Trust_promise,1,0,0,,,1,2,0,58,0,1,0,1,1,1,6,9,11,8,1,0,1,1,0,11,11,11,11,1,1,
1286,06/04/2021 19:39,2,0,Promise,0,0,1,,,1,3,0,31,0,4,1,2,1,0,1,1,11,8,0,0,0,1,0,8,7,8,6,4,1,
1289,06/04/2021 19:41,2,0,Trust,0,1,0,,,,2,0,42,0,2,0,1,1,1,6,5,9,6,1,0,1,0,0,11,10,11,7,6,,
1292,06/04/2021 19:46,2,0,Control,0,0,0,,,,4,0,32,0,2,0,2,1,1,9,11,11,6,0,1,1,1,0,7,10,10,10,10,0,
1295,06/04/2021 19:53,2,0,Control,0,0,0,,,,3,1,76,0,3,1,3,0,1,9,8,11,8,1,1,1,1,0,10,10,8,10,10,0,
1298,06/04/2021 19:53,2,0,Promise,0,0,1,,,1,6,0,29,0,3,1,1,1,1,7,1,11,5,0,1,0,1,0,7,6,6,1,1,1,
1301,06/04/2021 19:50,2,0,Trust,0,1,0,,,,1,1,76,0,2,0,3,0,1,9,6,1,6,1,1,1,0,0,8,7,6,7,7,,
1304,06/04/2021 19:51,2,0,Trust,0,1,0,,,,1,1,53,1,2,0,2,1,0,6,5,7,8,1,0,1,0,0,7,6,6,6,6,,
1307,06/04/2021 19:51,2,0,Control,0,0,0,,,,3,0,77,1,4,1,3,0,0,4,6,10,9,1,0,1,1,1,11,11,11,11,1,0,
1310,06/04/2021 20:03,2,0,Trust_promise,1,0,0,,,1,5,1,19,1,2,0,2,1,0,8,5,11,7,0,1,1,1,0,8,8,8,6,3,1,
1313,06/04/2021 19:56,2,0,Promise,0,0,1,,,1,2,0,42,1,3,1,1,1,1,8,1,8,8,1,1,0,0,0,11,9,9,9,9,1,
1316,06/04/2021 20:01,2,0,Promise,0,0,1,,,1,5,0,57,0,2,0,2,1,1,10,10,8,7,1,1,1,0,0,9,5,9,2,5,1,
1319,06/04/2021 20:00,2,0,Trust_promise,1,0,0,,,1,6,0,37,0,3,1,1,1,1,3,6,6,5,1,0,1,0,0,11,11,11,11,11,1,
1322,06/04/2021 20:08,2,0,Control,0,0,0,,,,4,0,75,0,2,0,3,0,1,9,1,9,8,1,1,0,0,0,10,10,10,10,10,0,
1325,06/04/2021 20:16,2,0,Trust,0,1,0,,,,6,0,51,1,2,0,3,0,0,6,3,11,10,1,0,0,1,1,1,1,1,1,1,,
1328,06/04/2021 20:16,2,0,Trust_promise,1,0,0,,,1,4,0,47,0,4,1,2,1,1,1,1,11,8,1,0,0,1,0,7,6,11,6,11,1,
1331,06/04/2021 20:17,2,0,Control,0,0,0,,,,6,1,41,0,3,1,1,1,1,8,5,8,4,1,1,1,0,0,11,11,11,11,11,0,
1334,06/04/2021 20:19,2,0,Trust_promise,1,0,0,,,1,4,1,48,1,3,1,2,1,,8,3,9,7,1,1,0,0,0,10,11,9,8,6,1,
1337,06/04/2021 20:17,2,0,Trust,0,1,0,,,,5,0,39,1,4,1,2,1,0,3,1,9,5,1,0,0,0,0,1,6,11,4,6,,
1340,06/04/2021 20:23,2,0,Promise,0,0,1,,,1,1,0,53,0,2,0,1,1,1,6,7,7,7,1,0,1,0,0,11,11,8,11,1,1,
1343,06/04/2021 20:22,2,0,Trust,0,1,0,,,,2,1,63,0,2,0,3,0,1,3,1,11,9,1,0,0,1,1,11,11,11,11,11,,
1346,06/04/2021 20:22,2,0,Trust_promise,1,0,0,,,1,6,1,28,0,2,0,3,0,0,6,1,11,6,0,0,0,1,0,11,11,11,11,9,1,
1349,06/04/2021 20:23,2,0,Control,0,0,0,,,,6,0,49,1,4,1,2,1,0,6,7,9,9,1,0,1,0,1,11,11,10,10,9,0,
1352,06/04/2021 20:26,2,0,Promise,0,0,1,,,1,4,1,77,1,2,0,3,0,0,1,1,8,9,1,0,0,0,1,10,11,11,8,9,1,
1355,06/04/2021 20:30,2,0,Trust,0,1,0,,,,3,1,69,1,2,0,3,0,,6,3,4,5,1,0,0,0,0,11,11,11,11,11,,
1358,06/04/2021 20:41,2,0,Control,0,0,0,,,,4,0,73,0,2,0,3,0,0,6,1,3,8,1,0,0,0,0,1,1,11,1,1,0,
1361,06/04/2021 20:39,2,0,Trust_promise,1,0,0,,,1,5,0,30,1,2,0,2,1,,3,1,10,9,0,0,0,1,1,9,6,9,8,6,1,
1364,06/04/2021 20:41,2,0,Control,0,0,0,,,,2,0,39,1,1,0,2,1,,6,1,6,4,1,0,0,0,0,11,11,10,10,10,0,
1367,06/04/2021 20:46,2,0,Promise,0,0,1,,,1,5,1,67,1,3,1,3,0,0,2,1,11,9,1,0,0,1,1,11,11,11,9,8,1,
1370,06/04/2021 20:47,2,0,Trust_promise,1,0,0,,,1,5,1,56,0,3,1,2,1,1,4,4,11,8,1,0,0,1,0,10,11,10,8,10,1,
1373,06/04/2021 20:55,2,0,Trust,0,1,0,,,,5,0,24,0,3,1,3,0,0,4,2,11,5,0,0,0,1,0,8,11,9,3,10,,
1376,06/04/2021 20:52,2,0,Control,0,0,0,,,,4,0,52,1,2,0,1,1,0,9,6,9,7,1,1,1,0,0,11,11,11,11,11,0,
1379,06/04/2021 20:50,2,0,Trust_promise,1,0,0,,,1,6,1,49,0,3,1,3,0,0,7,1,8,7,1,1,0,0,0,11,11,11,7,11,1,
1382,06/04/2021 20:50,2,0,Trust,0,1,0,,,,4,0,26,0,3,1,1,1,0,9,2,11,7,0,1,0,1,0,10,6,8,6,7,,
1385,06/04/2021 20:57,2,0,Promise,0,0,1,,,1,6,0,25,1,4,1,2,1,1,4,7,8,7,0,0,1,0,0,10,9,11,9,10,1,
1388,06/04/2021 21:09,2,0,Promise,0,0,1,,,1,6,0,55,1,3,1,2,1,1,6,3,9,8,1,0,0,0,0,8,6,11,9,1,1,
1391,06/04/2021 21:11,2,0,Control,0,0,0,,,,6,1,76,1,4,1,3,0,1,9,3,8,8,1,1,0,0,0,11,11,7,11,1,0,
1394,06/04/2021 21:09,2,0,Trust_promise,1,0,0,,,1,4,0,75,0,1,0,3,0,0,8,1,11,9,1,1,0,1,1,8,11,9,8,3,1,
1397,06/04/2021 21:10,2,0,Trust,0,1,0,,,,4,0,59,0,3,1,1,1,1,8,1,11,5,1,1,0,1,0,11,11,11,11,6,,
1400,06/04/2021 21:28,2,0,Trust_promise,1,0,0,,,1,5,0,54,0,4,1,2,1,1,7,7,10,8,1,1,1,1,0,11,9,9,3,3,1,
1403,06/04/2021 21:43,2,0,Trust,0,1,0,,,,6,1,47,0,2,0,3,0,0,7,11,11,3,1,1,1,1,0,11,11,11,11,11,,
1406,06/04/2021 21:36,2,0,Promise,0,0,1,,,1,4,0,71,1,1,0,3,0,,5,5,5,5,1,0,1,0,0,6,5,5,5,5,1,
1409,06/04/2021 21:41,2,0,Trust_promise,1,0,0,,,1,6,0,42,0,2,0,1,1,0,6,5,10,8,1,0,1,1,0,11,11,11,2,11,1,
1412,06/04/2021 21:43,2,0,Promise,0,0,1,,,1,6,0,75,1,4,1,3,0,0,8,1,11,11,1,1,0,1,1,11,3,3,3,3,1,
1415,06/04/2021 21:45,2,0,Trust,0,1,0,,,,5,1,31,1,2,0,2,1,0,8,6,11,7,0,1,1,1,0,11,11,11,10,11,,
1418,06/04/2021 21:48,2,0,Control,0,0,0,,,,1,0,51,0,3,1,1,1,1,8,11,11,9,1,1,1,1,1,11,11,11,11,1,0,
1421,06/04/2021 21:51,2,0,Control,0,0,0,,,,6,0,88,0,3,1,3,0,1,4,1,7,8,1,0,0,0,0,1,1,1,1,1,0,
1424,06/04/2021 21:48,2,0,Control,0,0,0,,,,2,0,43,0,3,1,1,1,0,5,11,11,8,1,0,1,1,0,10,10,9,4,10,0,
1427,06/04/2021 21:48,2,0,Promise,0,0,1,,,1,3,1,25,1,2,0,1,1,0,2,1,9,5,0,0,0,0,0,11,11,11,11,11,1,
1430,06/04/2021 21:58,2,0,Trust_promise,1,0,0,,,1,2,1,28,1,3,1,1,1,,5,1,6,8,0,0,0,0,0,10,8,9,9,3,1,
1433,06/04/2021 21:57,2,0,Trust,0,1,0,,,,6,1,29,1,2,0,3,0,,6,6,11,7,0,0,1,1,0,11,11,11,11,6,,
1436,06/04/2021 22:09,2,0,Trust_promise,1,0,0,,,1,5,1,72,0,2,0,3,0,0,6,6,7,7,1,0,1,0,0,8,11,9,11,8,1,
1439,06/04/2021 22:14,2,0,Control,0,0,0,,,,1,0,60,1,2,0,3,0,0,4,4,10,8,1,0,0,1,0,9,9,9,8,9,0,
1442,06/04/2021 22:27,2,0,Promise,0,0,1,,,1,6,0,36,0,3,1,2,1,1,6,2,10,9,1,0,0,1,1,10,11,11,11,1,1,
1445,06/04/2021 22:28,2,0,Trust_promise,1,0,0,,,1,5,0,68,1,3,1,3,0,,6,11,9,8,1,0,1,0,0,11,11,11,11,1,1,
1448,06/04/2021 22:29,2,0,Trust,0,1,0,,,,3,0,40,0,2,0,3,0,0,4,9,11,10,1,0,1,1,1,7,6,11,1,6,,
1451,06/04/2021 22:31,2,0,Control,0,0,0,,,,6,1,35,0,2,0,1,1,1,1,1,11,9,1,0,0,1,1,1,11,11,6,8,0,
1454,06/04/2021 22:40,2,0,Promise,0,0,1,,,1,4,0,49,1,4,1,1,1,,9,1,11,1,1,1,0,1,0,11,11,11,11,1,1,
1457,06/04/2021 22:45,2,0,Trust_promise,1,0,0,,,1,6,0,44,0,2,0,3,0,0,3,1,9,6,1,0,0,0,0,11,10,11,1,1,1,
1460,06/04/2021 22:45,2,0,Control,0,0,0,,,,3,1,72,1,3,1,1,1,0,4,1,6,4,1,0,0,0,0,11,11,11,1,11,0,
1463,06/04/2021 22:49,2,0,Promise,0,0,1,,,1,5,0,41,1,2,0,3,0,,6,1,11,4,1,0,0,1,0,11,11,11,11,11,1,
1466,06/05/2021 19:30,2,0,Control,0,0,0,,,,4,1,65,0,2,0,1,1,1,10,9,8,7,1,1,1,0,0,7,2,3,1,6,0,
1469,06/04/2021 23:19,2,0,Control,0,0,0,,,,3,0,46,1,3,1,1,1,0,2,6,8,6,1,0,1,0,0,8,10,9,8,6,0,
1472,06/04/2021 23:29,2,0,Trust,0,1,0,,,,1,0,63,0,5,1,1,1,1,5,1,8,7,1,0,0,0,0,5,6,7,7,4,,
1475,06/04/2021 23:47,2,0,Promise,0,0,1,,,1,2,0,23,0,2,0,2,1,,1,11,11,7,0,0,1,1,0,10,9,10,10,1,1,
1478,06/04/2021 23:49,2,0,Trust,0,1,0,,,,4,0,64,1,3,1,3,0,0,10,11,11,8,1,1,1,1,0,9,9,11,11,11,,
1481,06/04/2021 23:50,2,0,Trust_promise,1,0,0,,,1,4,0,27,1,3,1,3,0,,5,7,6,6,0,0,1,0,0,9,9,9,7,7,1,
1484,06/04/2021 23:54,2,0,Trust_promise,1,0,0,,,1,3,0,39,1,2,0,1,1,0,6,7,6,6,1,0,1,0,0,11,11,11,11,11,1,
1487,06/05/2021 00:08,2,0,Control,0,0,0,,,,3,1,66,1,3,1,3,0,1,4,1,8,7,1,0,0,0,0,10,10,10,10,8,0,
1490,06/05/2021 00:08,2,0,Promise,0,0,1,,,1,2,0,59,1,3,1,2,1,1,7,11,11,11,1,1,1,1,1,11,11,11,11,10,1,
1493,06/05/2021 00:12,2,0,Trust,0,1,0,,,,3,0,68,1,2,0,3,0,1,7,9,9,9,1,1,1,0,1,9,9,9,9,9,,
1496,06/05/2021 00:19,2,0,Trust_promise,1,0,0,,,1,1,0,45,0,2,0,1,1,1,8,7,9,5,1,1,1,0,0,11,11,11,11,11,1,
1499,06/05/2021 00:33,2,0,Control,0,0,0,,,,2,0,71,1,6,0,3,0,0,6,6,8,7,1,0,1,0,0,10,10,10,6,5,0,
1502,06/05/2021 01:11,2,0,Promise,0,0,1,,,1,6,0,55,1,3,1,2,1,1,9,2,11,9,1,1,0,1,1,10,6,11,10,9,1,
1505,06/05/2021 01:13,2,0,Trust,0,1,0,,,,1,1,23,1,3,1,3,0,,1,1,9,7,0,0,0,0,0,10,10,10,10,9,,
1508,06/05/2021 01:32,2,0,Control,0,0,0,,,,2,1,25,0,2,0,3,0,,3,1,11,7,0,0,0,1,0,11,11,11,6,5,0,
1511,06/05/2021 02:14,2,0,Promise,0,0,1,,,1,3,0,42,1,3,1,1,1,,4,6,11,8,1,0,1,1,0,7,11,11,1,11,1,
1514,06/05/2021 02:32,2,0,Trust_promise,1,0,0,,,1,5,1,72,1,3,1,3,0,1,3,1,9,8,1,0,0,0,0,10,11,8,6,8,1,
1517,06/05/2021 03:58,2,0,Trust,0,1,0,,,,4,0,59,0,2,0,1,1,1,8,7,7,6,1,1,1,0,0,10,11,10,5,9,,
1520,06/05/2021 06:38,2,0,Trust_promise,1,0,0,,,1,2,0,57,1,3,1,2,1,1,6,11,11,7,1,0,1,1,0,11,1,1,1,1,1,
1523,06/05/2021 07:02,2,0,Control,0,0,0,,,,4,1,49,1,3,1,1,1,1,4,7,8,8,1,0,1,0,0,9,9,9,4,9,0,
1526,06/05/2021 07:54,2,0,Trust,0,1,0,,,,1,0,21,0,3,1,2,1,0,6,6,6,6,0,0,1,0,0,7,6,6,6,6,,
1529,06/05/2021 08:06,2,0,Promise,0,0,1,,,1,4,1,64,0,3,1,2,1,1,5,11,11,8,1,0,1,1,0,11,11,11,11,11,1,
1532,06/05/2021 08:07,2,0,Promise,0,0,1,,,1,2,0,55,0,3,1,2,1,1,8,8,9,6,1,1,1,0,0,11,11,11,5,5,1,
1535,06/05/2021 08:14,2,0,Trust,0,1,0,,,,3,1,65,0,4,1,1,1,1,9,9,8,9,1,1,1,0,1,9,10,11,9,10,,
1538,06/05/2021 08:13,2,0,Control,0,0,0,,,,4,0,41,1,3,1,2,1,1,2,6,9,9,1,0,1,0,1,10,11,11,1,6,0,
1541,06/05/2021 08:20,2,0,Control,0,0,0,,,,1,1,43,1,1,0,3,0,1,6,8,11,11,1,0,1,1,1,11,11,11,11,11,0,
1544,06/05/2021 08:39,2,0,Promise,0,0,1,,,1,4,1,61,0,3,1,1,1,1,10,4,8,8,1,1,0,0,0,10,10,10,9,9,1,
1547,06/05/2021 08:51,2,0,Trust,0,1,0,,,,4,1,27,1,3,1,2,1,0,4,1,10,10,0,0,0,1,1,11,11,11,11,11,,
1550,06/05/2021 15:38,2,0,Trust_promise,1,0,0,,,1,1,0,72,1,3,1,3,0,0,10,10,7,8,1,1,1,0,0,11,11,11,11,11,1,
1553,06/05/2021 09:25,2,0,Trust_promise,1,0,0,,,1,2,0,59,1,4,1,2,1,1,5,1,4,6,1,0,0,0,0,7,11,7,7,6,1,
1556,06/05/2021 09:35,2,0,Control,0,0,0,,,,1,0,79,0,3,1,3,0,1,9,5,8,8,1,1,1,0,0,10,9,7,9,3,0,
1559,06/05/2021 09:32,2,0,Promise,0,0,1,,,1,5,0,53,1,3,1,2,1,1,5,5,9,7,1,0,1,0,0,8,5,10,9,6,1,
1562,06/05/2021 09:36,2,0,Trust_promise,1,0,0,,,1,2,0,40,0,2,0,1,1,1,8,1,9,9,1,1,0,0,1,11,10,10,9,11,1,
1565,06/05/2021 09:42,2,0,Trust,0,1,0,,,,3,1,27,0,1,0,3,0,0,6,3,10,3,0,0,0,1,0,9,9,10,10,10,,
1568,06/05/2021 09:43,2,0,Trust_promise,1,0,0,,,1,1,0,27,1,4,1,1,1,1,4,6,10,9,0,0,1,1,1,9,7,7,6,3,1,
1571,06/05/2021 09:47,2,0,Trust,0,1,0,,,,3,0,48,0,2,0,1,1,1,6,6,11,9,1,0,1,1,1,11,11,11,11,11,,
1574,06/05/2021 09:51,2,0,Promise,0,0,1,,,1,1,0,66,0,6,0,3,0,,6,4,5,5,1,0,0,0,0,8,9,9,9,6,1,
1577,06/05/2021 09:53,2,0,Trust_promise,1,0,0,,,1,6,0,65,0,4,1,3,0,1,7,2,11,7,1,1,0,1,0,8,8,8,6,6,1,
1580,06/05/2021 10:11,2,0,Control,0,0,0,,,,6,0,71,1,5,1,3,0,1,1,1,9,9,1,0,0,0,1,11,11,11,1,3,0,
1583,06/05/2021 10:15,2,0,Trust_promise,1,0,0,,,1,4,0,43,1,3,1,1,1,0,6,7,10,9,1,0,1,1,1,11,11,11,11,11,1,
1586,06/05/2021 10:17,2,0,Control,0,0,0,,,,5,0,59,0,2,0,1,1,1,6,8,10,9,1,0,1,1,1,11,9,11,11,11,0,
1589,06/05/2021 10:22,2,0,Trust,0,1,0,,,,1,0,73,1,2,0,3,0,1,7,7,8,7,1,1,1,0,0,10,10,9,10,1,,
1592,06/05/2021 10:28,2,0,Promise,0,0,1,,,1,6,0,46,1,4,1,1,1,1,7,4,10,9,1,1,0,1,1,7,9,11,4,8,1,
1595,06/05/2021 10:34,2,0,Promise,0,0,1,,,1,3,1,23,1,3,1,3,0,0,8,1,11,2,0,1,0,1,0,5,3,3,3,6,1,
1598,06/05/2021 10:44,2,0,Trust,0,1,0,,,,6,0,76,0,3,1,3,0,1,9,8,11,8,1,1,1,1,0,10,11,9,1,6,,
1601,06/05/2021 10:43,2,0,Trust_promise,1,0,0,,,1,5,0,25,1,3,1,1,1,1,6,6,11,8,0,0,1,1,0,11,11,11,11,11,1,
1604,06/05/2021 10:50,2,0,Trust,0,1,0,,,,4,1,38,0,2,0,2,1,0,6,3,10,5,1,0,0,1,0,11,11,10,11,11,,
1607,06/05/2021 10:55,2,0,Trust_promise,1,0,0,,,1,4,0,67,0,4,1,1,1,0,9,1,11,9,1,1,0,1,1,11,11,11,11,11,1,
1610,06/05/2021 11:06,2,0,Control,0,0,0,,,,6,0,78,1,4,1,3,0,0,3,1,9,8,1,0,0,0,0,8,9,9,9,6,0,
1613,06/05/2021 11:30,2,0,Promise,0,0,1,,,1,4,0,23,1,3,1,3,0,,3,11,11,9,0,0,1,1,1,10,9,11,11,6,1,
1616,06/05/2021 11:45,2,0,Trust,0,1,0,,,,5,0,75,0,2,0,3,0,0,5,1,6,7,1,0,0,0,0,9,7,7,8,8,,
1619,06/06/2021 18:07,2,0,Trust_promise,1,0,0,,,1,3,0,77,0,3,1,3,0,0,3,3,9,9,1,0,0,0,1,9,7,8,10,8,1,
1622,06/05/2021 11:45,2,0,Promise,0,0,1,,,1,1,1,32,1,3,1,1,1,1,8,6,9,7,0,1,1,0,0,9,9,9,10,10,1,
1625,06/05/2021 12:04,2,0,Control,0,0,0,,,,5,1,56,1,2,0,1,1,,5,8,10,9,1,0,1,1,1,10,10,10,10,9,0,
1628,06/05/2021 12:12,2,0,Trust_promise,1,0,0,,,1,3,0,74,0,3,1,3,0,1,7,1,9,8,1,1,0,0,0,10,11,10,10,4,1,
1631,06/05/2021 12:12,2,0,Control,0,0,0,,,,5,1,23,1,3,1,2,1,,5,5,7,6,0,0,1,0,0,10,11,10,8,9,0,
1634,06/05/2021 12:38,2,0,Promise,0,0,1,,,1,6,0,53,1,2,0,1,1,1,6,8,10,10,1,0,1,1,1,11,11,11,11,8,1,
1637,06/05/2021 12:45,2,0,Trust_promise,1,0,0,,,1,3,1,20,0,2,0,1,1,0,11,6,4,5,0,1,1,0,0,9,11,11,11,11,1,
1640,06/05/2021 12:58,2,0,Trust,0,1,0,,,,5,1,73,0,4,1,1,1,1,7,10,10,8,1,1,1,1,0,1,1,1,1,1,,
1643,06/05/2021 13:10,2,0,Trust,0,1,0,,,,4,1,67,0,4,1,1,1,,1,2,5,9,1,0,0,0,1,11,11,10,4,11,,
1646,06/05/2021 13:11,2,0,Control,0,0,0,,,,1,0,47,0,3,1,1,1,1,4,1,9,8,1,0,0,0,0,9,10,10,10,10,0,
1649,06/05/2021 13:15,2,0,Promise,0,0,1,,,1,6,1,20,0,2,0,1,1,0,4,4,11,9,0,0,0,1,1,11,11,11,9,10,1,
1652,06/05/2021 13:20,2,0,Control,0,0,0,,,,6,0,21,1,2,0,2,1,0,3,1,11,9,0,0,0,1,1,7,6,11,10,7,0,
1655,06/05/2021 13:36,2,0,Promise,0,0,1,,,1,5,0,32,0,3,1,2,1,1,9,1,9,7,0,1,0,0,0,10,4,3,3,2,1,
1658,06/05/2021 13:38,2,0,Trust_promise,1,0,0,,,1,5,0,37,0,4,1,1,1,1,3,9,11,9,1,0,1,1,1,10,10,11,6,6,1,
1661,06/05/2021 14:28,2,0,Trust,0,1,0,,,,3,1,35,1,2,0,2,1,0,8,1,10,10,1,1,0,1,1,11,11,11,11,11,,
1664,06/05/2021 14:30,2,0,Trust_promise,1,0,0,,,1,4,0,25,0,3,1,1,1,1,3,1,7,9,0,0,0,0,1,5,11,11,7,3,1,
1667,06/05/2021 14:46,2,0,Trust_promise,1,0,0,,,1,2,0,52,1,2,0,2,1,0,2,1,6,8,1,0,0,0,0,11,11,9,11,11,1,
1670,06/05/2021 14:49,2,0,Control,0,0,0,,,,2,0,64,0,2,0,3,0,0,6,1,11,5,1,0,0,1,0,11,11,11,11,11,0,
1673,06/05/2021 15:06,2,0,Trust,0,1,0,,,,2,1,44,1,3,1,2,1,1,7,6,8,7,1,1,1,0,0,11,11,11,11,11,,
1676,06/05/2021 15:10,2,0,Promise,0,0,1,,,1,5,0,51,1,3,1,3,0,,4,5,7,6,1,0,1,0,0,7,10,10,6,1,1,
1679,06/05/2021 15:49,2,0,Promise,0,0,1,,,1,3,0,25,0,3,1,1,1,1,9,1,4,4,0,1,0,0,0,9,9,9,8,4,1,
1682,06/05/2021 15:59,2,0,Trust,0,1,0,,,,6,1,18,0,2,0,1,1,,6,8,10,7,0,0,1,1,0,11,11,11,10,11,,
1685,06/05/2021 16:06,2,0,Control,0,0,0,,,,3,1,34,1,2,0,1,1,1,3,5,2,4,0,0,1,0,0,11,11,11,11,11,0,
1688,06/05/2021 16:11,2,0,Trust_promise,1,0,0,,,1,1,0,54,1,4,1,2,1,1,5,1,7,6,1,0,0,0,0,8,8,8,8,5,1,
1691,06/05/2021 16:29,2,0,Promise,0,0,1,,,1,2,1,24,1,2,0,1,1,0,6,6,10,6,0,0,1,1,0,11,10,11,9,8,1,
1694,06/05/2021 16:56,2,0,Control,0,0,0,,,,3,1,27,1,3,1,2,1,0,3,2,10,9,0,0,0,1,1,11,11,11,11,11,0,
1697,06/05/2021 17:17,2,0,Trust,0,1,0,,,,3,0,44,0,2,0,3,0,0,5,1,8,6,1,0,0,0,0,11,6,11,11,2,,
1700,06/05/2021 17:16,2,0,Control,0,0,0,,,,4,0,44,1,2,0,1,1,0,8,1,10,7,1,1,0,1,0,11,11,11,4,6,0,
1703,06/05/2021 17:18,2,0,Trust_promise,1,0,0,,,1,3,0,60,0,3,1,1,1,1,1,1,6,9,1,0,0,0,1,9,1,9,1,1,1,
1706,06/05/2021 17:39,2,0,Trust,0,1,0,,,,6,0,70,0,1,0,3,0,0,7,7,11,7,1,1,1,1,0,11,11,11,11,11,,
1709,06/05/2021 18:04,2,0,Promise,0,0,1,,,1,2,0,58,1,4,1,2,1,,7,8,9,6,1,1,1,0,0,9,11,11,11,1,1,
1712,06/05/2021 19:05,2,0,Trust_promise,1,0,0,,,1,2,0,56,1,5,1,1,1,1,5,1,11,7,1,0,0,1,0,11,11,11,11,11,1,
1715,06/05/2021 19:16,2,0,Promise,0,0,1,,,1,2,0,76,0,3,1,1,1,1,8,11,11,5,1,1,1,1,0,7,6,11,11,6,1,
1718,06/05/2021 19:34,2,0,Trust,0,1,0,,,,1,0,22,0,2,0,3,0,0,8,1,9,6,0,1,0,0,0,5,6,8,6,6,,
1721,06/05/2021 20:22,2,0,Promise,0,0,1,,,1,1,0,48,1,3,1,2,1,0,4,2,9,7,1,0,0,0,0,1,7,10,7,3,1,
1724,06/05/2021 20:55,2,0,Trust,0,1,0,,,,2,0,66,1,2,0,3,0,0,4,10,8,8,1,0,1,0,0,11,11,11,11,11,,
1727,06/05/2021 21:58,2,0,Trust,0,1,0,,,,1,0,30,0,2,0,1,1,,8,1,11,4,0,1,0,1,0,11,6,11,6,1,,
1730,06/05/2021 22:07,2,0,Control,0,0,0,,,,2,1,46,1,3,1,1,1,1,8,3,11,8,1,1,0,1,0,11,11,11,10,10,0,
1733,06/05/2021 22:09,2,0,Promise,0,0,1,,,1,2,0,30,1,6,0,1,1,0,6,11,11,2,0,0,1,1,0,11,11,11,11,11,1,
1736,06/05/2021 22:21,2,0,Trust_promise,1,0,0,,,1,6,0,71,1,2,0,3,0,0,5,3,8,8,1,0,0,0,0,8,9,8,2,9,1,
1739,06/05/2021 22:40,2,0,Control,0,0,0,,,,3,0,24,1,2,0,1,1,0,6,6,7,8,0,0,1,0,0,11,11,11,11,11,0,
1742,06/05/2021 22:51,2,0,Trust,0,1,0,,,,3,0,42,0,2,0,1,1,0,9,1,10,7,1,1,0,1,0,11,11,11,11,11,,
1745,06/05/2021 22:51,2,0,Trust_promise,1,0,0,,,1,3,0,42,0,4,1,1,1,1,4,3,11,7,1,0,0,1,0,9,7,11,3,7,1,
1748,06/05/2021 23:02,2,0,Promise,0,0,1,,,1,3,0,39,1,4,1,2,1,1,6,5,8,8,1,0,1,0,0,11,11,11,11,11,1,
1751,06/05/2021 23:14,2,0,Trust_promise,1,0,0,,,1,6,0,44,0,4,1,2,1,1,8,8,11,5,1,1,1,1,0,11,11,11,11,11,1,
1754,06/05/2021 23:28,2,0,Trust,0,1,0,,,,4,0,43,0,2,0,1,1,1,6,2,4,4,1,0,0,0,0,11,11,11,1,11,,
1757,06/05/2021 23:56,2,0,Promise,0,0,1,,,1,3,0,66,1,2,0,3,0,0,6,7,6,8,1,0,1,0,0,11,9,9,11,9,1,
1760,06/05/2021 23:57,2,0,Control,0,0,0,,,,6,0,35,0,4,1,1,1,,10,6,4,4,1,1,1,0,0,8,9,10,8,6,0,
1763,06/06/2021 00:06,2,0,Trust,0,1,0,,,,5,1,20,0,2,0,3,0,,7,1,6,6,0,1,0,0,0,11,11,11,11,11,,
1766,06/06/2021 00:33,2,0,Control,0,0,0,,,,6,0,25,1,2,0,3,0,0,6,11,11,7,0,0,1,1,0,11,11,1,11,6,0,
1769,06/06/2021 00:48,2,0,Trust_promise,1,0,0,,,1,1,0,21,1,2,0,2,1,0,5,1,11,7,0,0,0,1,0,11,10,11,11,11,1,
1772,06/06/2021 01:04,2,0,Promise,0,0,1,,,1,6,0,24,0,2,0,1,1,0,6,1,11,9,0,0,0,1,1,11,10,11,6,9,1,
1775,06/06/2021 03:30,2,0,Promise,0,0,1,,,1,4,1,33,0,4,1,1,1,0,6,9,8,8,0,0,1,0,0,9,9,10,9,8,1,
1778,06/06/2021 03:41,2,0,Trust_promise,1,0,0,,,1,2,0,43,1,2,0,3,0,0,5,1,11,6,1,0,0,1,0,11,11,11,11,11,1,
1781,06/06/2021 07:13,2,0,Trust,0,1,0,,,,5,1,49,0,4,1,1,1,1,8,4,8,8,1,1,0,0,0,10,11,9,9,1,,
1784,06/06/2021 08:14,2,0,Control,0,0,0,,,,1,0,55,1,2,0,1,1,0,6,5,7,7,1,0,1,0,0,8,9,6,8,6,0,
1787,06/06/2021 08:28,2,0,Control,0,0,0,,,,5,1,19,0,2,0,3,0,1,10,1,1,6,0,1,0,0,0,11,9,10,8,9,0,
1790,06/06/2021 08:44,2,0,Promise,0,0,1,,,1,2,0,24,1,3,1,1,1,0,7,1,11,7,0,1,0,1,0,9,11,11,11,9,1,
1793,06/06/2021 09:13,2,0,Trust,0,1,0,,,,1,0,34,0,2,0,1,1,0,6,4,6,6,0,0,0,0,0,7,10,11,11,11,,
1796,06/06/2021 09:55,2,0,Trust_promise,1,0,0,,,1,4,0,38,1,4,1,2,1,1,5,2,10,6,1,0,0,1,0,9,9,8,5,8,1,
1799,06/06/2021 10:05,2,0,Control,0,0,0,,,,1,0,49,1,4,1,1,1,1,9,1,7,8,1,1,0,0,0,11,11,11,11,11,0,
1802,06/06/2021 10:15,2,0,Trust,0,1,0,,,,1,0,53,1,4,1,2,1,1,6,5,11,7,1,0,1,1,0,11,10,10,6,10,,
1805,06/06/2021 10:45,2,0,Trust_promise,1,0,0,,,1,6,0,34,1,4,1,1,1,1,6,1,8,9,0,0,0,0,1,11,11,11,11,6,1,
1808,06/06/2021 11:22,2,0,Promise,0,0,1,,,1,5,1,70,0,2,0,3,0,,9,11,7,9,1,1,1,0,1,11,11,11,11,11,1,
1811,06/06/2021 11:24,2,0,Trust,0,1,0,,,,4,0,36,1,3,1,1,1,1,7,2,10,7,1,1,0,1,0,4,3,7,7,2,,
1814,06/06/2021 11:25,2,0,Trust_promise,1,0,0,,,1,4,0,45,1,4,1,2,1,,9,11,11,7,1,1,1,1,0,8,6,6,9,2,1,
1817,06/06/2021 11:34,2,0,Control,0,0,0,,,,2,0,39,1,3,1,2,1,,9,11,10,7,1,1,1,1,0,7,11,11,11,5,0,
1820,06/06/2021 11:41,2,0,Promise,0,0,1,,,1,6,1,72,1,2,0,3,0,0,9,5,10,8,1,1,1,1,0,11,11,11,11,11,1,
1823,06/06/2021 11:43,2,0,Trust_promise,1,0,0,,,1,2,0,67,1,4,1,3,0,0,3,6,9,7,1,0,1,0,0,9,8,10,6,2,1,
1826,06/06/2021 12:16,2,0,Control,0,0,0,,,,5,0,47,1,2,0,1,1,1,9,6,7,7,1,1,1,0,0,7,10,7,6,5,0,
1829,06/06/2021 12:51,2,0,Trust,0,1,0,,,,1,0,44,1,2,0,1,1,0,11,4,8,6,1,1,0,0,0,11,8,11,8,8,,
1832,06/06/2021 13:27,2,0,Trust_promise,1,0,0,,,1,1,0,25,1,3,1,2,1,,6,5,8,9,0,0,1,0,1,10,11,8,10,6,1,
1835,06/06/2021 14:06,2,0,Trust,0,1,0,,,,6,1,59,0,3,1,3,0,1,3,9,10,10,1,0,1,1,1,9,10,9,7,7,,
1838,06/06/2021 14:20,2,0,Promise,0,0,1,,,1,4,0,50,0,3,1,1,1,1,8,1,11,9,1,1,0,1,1,11,11,11,11,11,1,
1841,06/06/2021 14:22,2,0,Control,0,0,0,,,,3,0,49,1,2,0,3,0,0,9,6,9,9,1,1,1,0,1,11,11,9,11,11,0,
1844,06/06/2021 14:23,2,0,Trust_promise,1,0,0,,,1,6,0,28,1,4,1,1,1,1,2,1,6,8,0,0,0,0,0,7,11,6,11,1,1,
1847,06/06/2021 14:28,2,0,Promise,0,0,1,,,1,5,0,75,0,3,1,3,0,,7,2,10,8,1,1,0,1,0,11,11,11,11,6,1,
1850,06/06/2021 14:36,2,0,Control,0,0,0,,,,3,0,75,1,4,1,3,0,,6,9,10,7,1,0,1,1,0,11,11,11,2,11,0,
1853,06/06/2021 14:50,2,0,Trust,0,1,0,,,,6,1,19,0,2,0,2,1,,6,11,11,9,0,0,1,1,1,11,10,10,10,6,,
1856,06/06/2021 15:25,2,0,Control,0,0,0,,,,1,1,75,0,2,0,3,0,0,4,11,11,10,1,0,1,1,1,7,6,6,6,6,0,
1859,06/06/2021 16:24,2,0,Trust_promise,1,0,0,,,1,3,0,48,1,2,0,1,1,0,6,5,6,3,1,0,1,0,0,7,10,11,11,8,1,
1862,06/06/2021 17:34,2,0,Promise,0,0,1,,,1,1,1,20,1,2,0,1,1,0,4,1,11,8,0,0,0,1,0,10,11,11,11,11,1,
1865,06/06/2021 18:00,2,0,Trust,0,1,0,,,,3,0,19,1,2,0,3,0,,5,1,8,4,0,0,0,0,0,10,9,10,8,10,,
1868,06/06/2021 18:31,2,0,Promise,0,0,1,,,1,1,1,19,1,1,0,2,1,,6,11,11,6,0,0,1,1,0,11,11,11,11,11,1,
1871,06/06/2021 18:32,2,0,Trust,0,1,0,,,,1,0,76,0,3,1,3,0,1,6,6,9,9,1,0,1,0,1,7,6,9,7,9,,
1874,06/06/2021 19:01,2,0,Control,0,0,0,,,,1,0,45,1,3,1,1,1,0,5,11,11,11,1,0,1,1,1,11,11,11,11,6,0,
1877,06/06/2021 19:16,2,0,Trust,0,1,0,,,,6,1,77,1,1,0,3,0,,7,9,11,9,1,1,1,1,1,11,11,11,11,11,,
1880,06/06/2021 19:32,2,0,Promise,0,0,1,,,1,5,0,18,1,2,0,2,1,0,3,1,9,5,0,0,0,0,0,5,8,10,6,7,1,
1883,06/06/2021 19:44,2,0,Control,0,0,0,,,,5,0,53,1,3,1,2,1,0,7,8,8,9,1,1,1,0,1,8,11,11,4,9,0,
1886,06/06/2021 19:46,2,0,Trust_promise,1,0,0,,,1,4,1,74,1,2,0,3,0,0,3,11,11,11,1,0,1,1,1,10,11,11,11,11,1,
1889,06/06/2021 19:53,2,0,Control,0,0,0,,,,1,0,45,1,2,0,3,0,,10,4,11,8,1,1,0,1,0,1,1,9,11,2,0,
1892,06/06/2021 19:54,2,0,Trust,0,1,0,,,,3,0,39,0,2,0,1,1,0,5,1,7,7,1,0,0,0,0,10,10,11,7,8,,
1895,06/06/2021 19:56,2,0,Trust_promise,1,0,0,,,1,2,1,34,1,4,1,1,1,1,8,2,4,8,0,1,0,0,0,10,11,9,6,6,1,
1898,06/06/2021 20:57,2,0,Trust,0,1,0,,,,3,1,23,1,4,1,1,1,0,8,6,5,7,0,1,1,0,0,9,9,11,6,10,,
1901,06/06/2021 20:25,2,0,Promise,0,0,1,,,1,4,1,46,1,3,1,1,1,,7,11,11,8,1,1,1,1,0,9,10,11,10,7,1,
1904,06/06/2021 20:45,2,0,Promise,0,0,1,,,1,4,1,66,1,2,0,3,0,0,7,11,6,7,1,1,1,0,0,11,11,11,11,11,1,
1907,06/06/2021 20:45,2,0,Control,0,0,0,,,,6,1,65,1,4,1,3,0,0,3,10,10,8,1,0,1,1,0,7,6,9,6,6,0,
1910,06/06/2021 21:03,2,0,Trust_promise,1,0,0,,,1,4,0,33,0,3,1,2,1,1,6,3,9,9,0,0,0,0,1,9,9,11,8,10,1,
1913,06/06/2021 21:11,2,0,Promise,0,0,1,,,1,4,0,67,1,6,0,3,0,,8,6,11,4,1,1,1,1,0,11,11,11,11,11,1,
1916,06/06/2021 21:12,2,0,Trust,0,1,0,,,,2,1,29,0,2,0,1,1,0,4,1,11,7,0,0,0,1,0,11,11,11,11,11,,
1919,06/06/2021 21:25,2,0,Control,0,0,0,,,,4,1,71,1,3,1,3,0,0,5,11,11,8,1,0,1,1,0,11,11,11,11,11,0,
1922,06/06/2021 22:20,2,0,Trust_promise,1,0,0,,,1,3,0,44,1,3,1,1,1,0,2,3,10,5,1,0,0,1,0,9,10,9,6,7,1,
1925,06/06/2021 22:40,2,0,Control,0,0,0,,,,1,1,24,0,4,1,1,1,1,2,11,11,10,0,0,1,1,1,1,7,11,1,9,0,
1928,06/06/2021 23:06,2,0,Trust_promise,1,0,0,,,1,1,0,21,1,2,0,3,0,0,2,1,6,9,0,0,0,0,1,7,11,11,10,10,1,
1931,06/06/2021 23:47,2,0,Trust,0,1,0,,,,1,0,25,0,2,0,1,1,1,8,8,11,8,0,1,1,1,0,9,11,10,7,5,,
1934,06/07/2021 00:11,2,0,Promise,0,0,1,,,1,4,0,70,0,2,0,1,1,1,4,2,11,10,1,0,0,1,1,7,9,11,11,8,1,
1937,06/07/2021 07:51,2,0,Trust_promise,1,0,0,,,1,4,1,34,1,3,1,2,1,1,2,3,10,8,0,0,0,1,0,11,8,10,8,4,1,
1940,06/07/2021 08:04,2,0,Promise,0,0,1,,,1,5,1,52,1,2,0,1,1,,11,1,10,8,1,1,0,1,0,11,8,10,11,10,1,
1943,06/07/2021 08:06,2,0,Trust,0,1,0,,,,4,1,58,1,2,0,2,1,0,5,1,11,9,1,0,0,1,1,10,10,9,4,10,,
1946,06/07/2021 09:04,2,0,Promise,0,0,1,,,1,4,0,29,0,4,1,2,1,1,5,1,11,8,0,0,0,1,0,11,11,11,6,8,1,
1949,06/07/2021 08:58,2,0,Trust,0,1,0,,,,4,1,55,1,2,0,1,1,1,9,6,10,10,1,1,1,1,1,11,11,11,2,11,,
1952,06/07/2021 09:03,2,0,Trust_promise,1,0,0,,,1,3,0,34,1,3,1,2,1,,6,2,5,6,0,0,0,0,0,10,10,10,10,10,1,
1955,06/07/2021 09:25,2,0,Control,0,0,0,,,,4,1,32,1,2,0,3,0,0,6,6,10,9,0,0,1,1,1,11,11,11,11,11,0,
1958,06/07/2021 09:27,2,0,Trust,0,1,0,,,,5,1,84,0,4,1,3,0,1,5,11,9,10,1,0,1,0,1,4,11,11,11,9,,
1961,06/07/2021 09:29,2,0,Promise,0,0,1,,,1,2,0,62,0,3,1,1,1,,6,1,11,8,1,0,0,1,0,5,11,11,10,9,1,
1964,06/07/2021 11:04,2,0,Trust_promise,1,0,0,,,1,6,0,80,0,3,1,3,0,1,6,9,10,9,1,0,1,1,1,11,11,11,11,11,1,
1967,06/07/2021 10:01,2,0,Control,0,0,0,,,,6,0,71,0,3,1,3,0,0,3,3,10,7,1,0,0,1,0,10,10,10,10,11,0,
1970,06/07/2021 10:04,2,0,Control,0,0,0,,,,3,0,58,1,3,1,2,1,,6,7,9,8,1,0,1,0,0,9,3,9,3,9,0,
1973,06/07/2021 10:09,2,0,Promise,0,0,1,,,1,2,0,70,0,3,1,3,0,1,9,5,8,8,1,1,1,0,0,11,11,11,11,11,1,
1976,06/07/2021 10:12,2,0,Trust_promise,1,0,0,,,1,1,0,35,1,3,1,3,0,0,3,1,6,7,1,0,0,0,0,9,11,6,11,6,1,
1979,06/07/2021 10:19,2,0,Trust,0,1,0,,,,2,0,28,1,2,0,3,0,0,4,1,5,7,0,0,0,0,0,10,11,9,11,6,,
1982,06/07/2021 10:23,2,0,Promise,0,0,1,,,1,1,0,38,0,2,0,1,1,1,8,1,9,7,1,1,0,0,0,9,10,10,11,9,1,
1985,06/07/2021 10:33,2,0,Control,0,0,0,,,,4,1,58,0,2,0,1,1,1,8,1,10,8,1,1,0,1,0,7,10,11,11,11,0,
1988,06/07/2021 10:55,2,0,Trust_promise,1,0,0,,,1,3,1,72,0,3,1,3,0,1,9,1,11,10,1,1,0,1,1,11,11,11,11,11,1,
1991,06/07/2021 11:12,2,0,Trust,0,1,0,,,,3,1,24,0,2,0,2,1,,6,4,7,8,0,0,0,0,0,11,11,11,8,9,,
1994,06/07/2021 11:26,2,0,Control,0,0,0,,,,6,0,77,0,4,1,3,0,1,3,1,5,8,1,0,0,0,0,1,6,3,8,3,0,
1997,06/07/2021 11:21,2,0,Promise,0,0,1,,,1,1,0,52,1,2,0,2,1,0,10,7,11,6,1,1,1,1,0,11,11,11,11,11,1,
2000,06/07/2021 11:48,2,0,Trust,0,1,0,,,,2,0,51,0,2,0,1,1,1,7,11,11,9,1,1,1,1,1,11,11,11,11,11,,
2003,06/07/2021 11:43,2,0,Trust,0,1,0,,,,2,0,45,0,3,1,1,1,1,5,1,9,9,1,0,0,0,1,11,1,1,1,1,,
2006,06/07/2021 11:49,2,0,Control,0,0,0,,,,2,0,30,1,3,1,1,1,0,8,1,9,8,0,1,0,0,0,7,8,9,10,8,0,
2009,06/07/2021 12:00,2,0,Trust_promise,1,0,0,,,1,4,1,27,1,3,1,1,1,0,2,1,11,8,0,0,0,1,0,10,8,10,7,9,1,
2012,06/07/2021 12:03,2,0,Promise,0,0,1,,,1,5,0,27,1,3,1,1,1,1,4,2,8,5,0,0,0,0,0,7,6,11,1,6,1,
2015,06/07/2021 12:10,2,0,Trust,0,1,0,,,,2,1,77,0,2,0,3,0,,8,1,8,8,1,1,0,0,0,11,11,11,11,11,,
2018,06/07/2021 12:15,2,0,Promise,0,0,1,,,1,5,0,21,1,2,0,1,1,0,5,1,9,2,0,0,0,0,0,6,4,11,7,6,1,
2021,06/07/2021 12:26,2,0,Control,0,0,0,,,,6,0,46,1,4,1,2,1,1,8,6,11,9,1,1,1,1,1,11,11,11,11,11,0,
2024,06/07/2021 12:42,2,0,Trust_promise,1,0,0,,,1,1,1,20,1,2,0,3,0,0,4,3,11,5,0,0,0,1,0,7,11,11,10,11,1,
2027,06/07/2021 13:25,2,0,Trust_promise,1,0,0,,,1,4,0,28,0,4,1,1,1,0,4,1,4,3,0,0,0,0,0,6,6,7,10,9,1,
2030,06/07/2021 13:20,2,0,Control,0,0,0,,,,3,0,37,0,3,1,1,1,1,4,1,11,6,1,0,0,1,0,5,11,11,1,1,0,
2033,06/07/2021 13:23,2,0,Promise,0,0,1,,,1,4,1,19,1,2,0,1,1,0,5,11,11,9,0,0,1,1,1,7,11,11,6,11,1,
2036,06/07/2021 13:27,2,0,Trust,0,1,0,,,,1,0,30,0,4,1,1,1,1,4,1,11,4,0,0,0,1,0,9,11,11,8,1,,
2039,06/07/2021 13:38,2,0,Trust,0,1,0,,,,6,0,31,0,4,1,2,1,1,3,2,7,8,0,0,0,0,0,5,7,9,9,6,,
2042,06/07/2021 14:05,2,0,Control,0,0,0,,,,6,1,43,1,4,1,3,0,1,7,11,11,6,1,1,1,1,0,11,11,11,11,6,0,
2045,06/07/2021 14:06,2,0,Trust_promise,1,0,0,,,1,5,0,51,1,4,1,2,1,1,4,1,8,7,1,0,0,0,0,10,11,11,11,8,1,
2048,06/07/2021 14:09,2,0,Promise,0,0,1,,,1,6,0,33,1,4,1,1,1,,5,2,7,7,0,0,0,0,0,9,7,11,6,7,1,
2051,06/07/2021 14:20,2,0,Promise,0,0,1,,,1,4,1,19,0,2,0,3,0,0,4,1,10,8,0,0,0,1,0,11,10,10,9,10,1,
2054,06/07/2021 14:25,2,0,Trust,0,1,0,,,,3,0,79,0,4,1,3,0,1,9,6,6,6,1,1,1,0,0,11,11,11,11,11,,
2057,06/07/2021 14:25,2,0,Trust_promise,1,0,0,,,1,4,0,70,0,6,0,3,0,0,4,1,11,8,1,0,0,1,0,11,11,11,11,6,1,
2060,06/07/2021 14:56,2,0,Trust_promise,1,0,0,,,1,3,0,31,0,3,1,2,1,1,5,2,11,8,0,0,0,1,0,9,6,11,6,11,1,
2063,06/07/2021 14:28,2,0,Control,0,0,0,,,,5,1,28,1,3,1,1,1,1,3,1,7,4,0,0,0,0,0,1,1,2,5,1,0,
2066,06/07/2021 15:18,2,0,Promise,0,0,1,,,1,6,0,23,0,3,1,3,0,0,7,1,10,3,0,1,0,1,0,11,6,11,1,6,1,
2069,06/07/2021 15:38,2,0,Trust,0,1,0,,,,5,0,38,1,4,1,2,1,1,4,1,11,9,1,0,0,1,1,9,11,11,11,9,,
2072,06/07/2021 15:44,2,0,Control,0,0,0,,,,2,1,47,1,3,1,2,1,1,9,9,11,9,1,1,1,1,1,7,11,11,10,11,0,
2075,06/07/2021 15:46,2,0,Trust,0,1,0,,,,6,0,27,1,2,0,1,1,0,6,11,11,6,0,0,1,1,0,11,11,11,11,6,,
2078,06/07/2021 16:08,2,0,Control,0,0,0,,,,3,0,56,1,2,0,2,1,,9,11,11,11,1,1,1,1,1,11,11,11,11,11,0,
2081,06/07/2021 16:19,2,0,Trust_promise,1,0,0,,,1,6,0,34,1,2,0,2,1,0,6,2,9,8,0,0,0,0,0,11,11,11,11,6,1,
2084,06/07/2021 16:45,2,0,Promise,0,0,1,,,1,3,1,64,0,4,1,1,1,1,6,1,11,7,1,0,0,1,0,11,11,11,11,11,1,
2087,06/07/2021 17:44,2,0,Trust_promise,1,0,0,,,1,6,0,27,1,2,0,1,1,0,5,1,10,8,0,0,0,1,0,11,11,11,11,9,1,
2090,06/07/2021 18:05,2,0,Trust,0,1,0,,,,4,1,19,1,2,0,3,0,0,7,4,8,6,0,1,0,0,0,11,10,8,8,11,,
2093,06/07/2021 18:32,2,0,Promise,0,0,1,,,1,5,0,33,1,2,0,1,1,1,6,1,11,4,0,0,0,1,0,11,11,11,11,11,1,
2096,06/07/2021 18:41,2,0,Control,0,0,0,,,,3,1,25,1,4,1,3,0,,2,1,8,8,0,0,0,0,0,9,9,9,8,6,0,
2099,06/07/2021 18:51,2,0,Trust,0,1,0,,,,1,1,23,0,2,0,2,1,0,8,2,11,6,0,1,0,1,0,11,11,11,11,11,,
2102,06/07/2021 19:10,2,0,Trust_promise,1,0,0,,,1,4,0,58,1,3,1,1,1,,4,3,11,8,1,0,0,1,0,8,11,11,6,6,1,
2105,06/07/2021 19:32,2,0,Promise,0,0,1,,,1,1,0,50,1,3,1,1,1,1,11,8,11,6,1,1,1,1,0,7,11,11,11,11,1,
2108,06/07/2021 19:33,2,0,Trust_promise,1,0,0,,,1,5,0,48,0,3,1,1,1,1,7,1,8,8,1,1,0,0,0,7,8,9,6,3,1,
2111,06/07/2021 19:34,2,0,Promise,0,0,1,,,1,5,1,22,1,2,0,2,1,0,6,1,11,9,0,0,0,1,1,11,9,11,10,11,1,
2114,06/07/2021 19:52,2,0,Control,0,0,0,,,,4,0,43,1,4,1,1,1,0,2,1,7,8,1,0,0,0,0,6,7,6,1,5,0,
2117,06/07/2021 19:56,2,0,Trust,0,1,0,,,,3,0,38,1,3,1,1,1,,8,1,9,8,1,1,0,0,0,11,11,11,11,10,,
2120,06/07/2021 20:10,2,0,Promise,0,0,1,,,1,2,1,73,0,5,1,3,0,1,11,2,10,6,1,1,0,1,0,7,6,6,1,1,1,
2123,06/07/2021 20:23,2,0,Trust_promise,1,0,0,,,1,4,0,30,1,3,1,2,1,0,8,9,11,6,0,1,1,1,0,11,6,10,7,4,1,
2126,06/07/2021 20:27,2,0,Control,0,0,0,,,,6,0,71,0,3,1,3,0,0,4,11,11,8,1,0,1,1,0,11,11,11,11,9,0,
2129,06/07/2021 20:28,2,0,Trust,0,1,0,,,,5,0,50,0,3,1,1,1,1,8,2,9,8,1,1,0,0,0,10,10,10,6,9,,
2132,06/07/2021 20:34,2,0,Control,0,0,0,,,,5,0,39,0,1,0,3,0,0,8,1,10,6,1,1,0,1,0,11,11,10,6,10,0,
2135,06/07/2021 20:33,2,0,Trust,0,1,0,,,,4,0,18,0,2,0,3,0,0,5,11,11,6,0,0,1,1,0,9,4,11,6,3,,
2138,06/07/2021 20:35,2,0,Trust_promise,1,0,0,,,1,6,0,26,1,2,0,3,0,0,3,3,9,6,0,0,0,0,0,7,6,11,3,6,1,
2141,06/07/2021 20:54,2,0,Promise,0,0,1,,,1,2,0,56,1,2,0,2,1,0,6,9,4,6,1,0,1,0,0,10,9,10,9,5,1,
2144,06/07/2021 21:06,2,0,Trust,0,1,0,,,,3,0,38,1,3,1,1,1,1,8,11,3,6,1,1,1,0,0,8,6,9,3,6,,
2147,06/07/2021 21:15,2,0,Control,0,0,0,,,,3,1,25,1,2,0,2,1,,11,3,11,8,0,1,0,1,0,11,11,11,11,11,0,
2150,06/07/2021 21:19,2,0,Promise,0,0,1,,,1,1,0,43,1,3,1,2,1,1,6,9,11,7,1,0,1,1,0,6,2,11,2,5,1,
2153,06/07/2021 22:25,2,0,Trust_promise,1,0,0,,,1,2,0,74,0,4,1,3,0,1,2,2,9,8,1,0,0,0,0,8,7,9,6,8,1,
2156,06/07/2021 22:44,2,0,Trust,0,1,0,,,,4,1,62,0,4,1,1,1,,8,10,11,9,1,1,1,1,1,11,11,11,11,11,,
2159,06/07/2021 23:23,2,0,Control,0,0,0,,,,3,0,53,1,4,1,1,1,,7,11,11,8,1,1,1,1,0,11,8,11,8,6,0,
2162,06/07/2021 23:54,2,0,Trust_promise,1,0,0,,,1,1,0,18,0,2,0,3,0,,4,1,11,7,0,0,0,1,0,11,11,11,11,11,1,
2165,06/08/2021 02:14,2,0,Promise,0,0,1,,,1,2,0,58,0,2,0,3,0,0,6,5,8,5,1,0,1,0,0,6,5,3,4,2,1,
2168,06/08/2021 07:56,2,0,Promise,0,0,1,,,1,5,0,59,0,2,0,1,1,1,4,1,9,8,1,0,0,0,0,10,2,10,1,3,1,
2171,06/08/2021 09:26,2,0,Control,0,0,0,,,,6,0,40,1,4,1,1,1,1,7,4,9,8,1,1,0,0,0,10,9,10,11,1,0,
2174,06/08/2021 10:03,2,0,Trust_promise,1,0,0,,,1,5,1,23,1,3,1,3,0,0,8,2,11,9,0,1,0,1,1,9,9,8,8,9,1,
2177,06/08/2021 10:41,2,0,Trust_promise,1,0,0,,,1,6,1,74,0,3,1,3,0,0,9,10,3,11,1,1,1,0,1,11,6,11,8,10,1,
2180,06/08/2021 10:45,2,0,Trust,0,1,0,,,,6,0,22,0,2,0,1,1,,6,7,8,6,0,0,1,0,0,9,11,11,9,11,,
2183,06/08/2021 10:48,2,0,Control,0,0,0,,,,3,0,69,1,3,1,3,0,,2,1,8,9,1,0,0,0,1,5,7,10,7,2,0,
2186,06/08/2021 11:01,2,0,Trust_promise,1,0,0,,,1,5,0,35,0,4,1,1,1,1,8,6,11,9,1,1,1,1,1,11,11,11,8,6,1,
2189,06/08/2021 11:11,2,0,Promise,0,0,1,,,1,4,0,38,0,4,1,2,1,1,3,1,9,8,1,0,0,0,0,1,1,6,1,6,1,
2192,06/08/2021 11:29,2,0,Control,0,0,0,,,,1,0,61,1,3,1,1,1,0,8,6,9,8,1,1,1,0,0,9,9,9,7,9,0,
2195,06/08/2021 11:49,2,0,Promise,0,0,1,,,1,6,0,19,1,1,0,2,1,,6,2,11,3,0,0,0,1,0,11,11,11,10,11,1,
2198,06/08/2021 12:25,2,0,Trust,0,1,0,,,,4,0,43,1,3,1,3,0,0,9,3,11,7,1,1,0,1,0,11,9,11,6,6,,
2201,06/08/2021 12:57,2,0,Trust,0,1,0,,,,3,0,18,0,2,0,3,0,0,11,1,11,5,0,1,0,1,0,11,11,11,10,11,,
2204,06/08/2021 13:20,2,0,Control,0,0,0,,,,5,0,20,1,2,0,3,0,0,6,3,10,7,0,0,0,1,0,9,10,10,10,7,0,
2207,06/08/2021 13:22,2,0,Trust_promise,1,0,0,,,1,4,0,23,1,3,1,3,0,,9,4,4,8,0,1,0,0,0,4,11,11,11,6,1,
2210,06/08/2021 13:23,2,0,Trust_promise,1,0,0,,,1,3,1,41,1,2,0,3,0,0,6,1,8,4,1,0,0,0,0,11,11,9,11,11,1,
2213,06/08/2021 13:28,2,0,Control,0,0,0,,,,5,1,22,1,1,0,3,0,0,6,11,11,5,0,0,1,1,0,11,11,10,11,11,0,
2216,06/08/2021 13:43,2,0,Trust,0,1,0,,,,1,1,52,1,3,1,1,1,1,6,5,8,5,1,0,1,0,0,3,9,8,6,3,,
2219,06/08/2021 13:53,2,0,Promise,0,0,1,,,1,2,0,37,1,4,1,3,0,0,1,1,11,5,1,0,0,1,0,11,11,11,11,7,1,
2222,06/08/2021 14:40,2,0,Control,0,0,0,,,,4,0,45,1,1,0,1,1,,3,2,11,9,1,0,0,1,1,1,6,6,1,6,0,
2225,06/08/2021 14:47,2,0,Trust_promise,1,0,0,,,1,6,0,23,0,3,1,2,1,0,7,2,9,9,0,1,0,0,1,11,9,8,5,7,1,
2228,06/08/2021 15:18,2,0,Trust,0,1,0,,,,2,0,76,0,4,1,3,0,1,5,8,10,10,1,0,1,1,1,11,8,9,11,6,,
2231,06/08/2021 15:27,2,0,Promise,0,0,1,,,1,1,1,20,1,2,0,3,0,,1,1,11,7,0,0,0,1,0,9,6,11,7,9,1,
2234,06/08/2021 15:52,2,0,Trust_promise,1,0,0,,,1,1,0,28,1,1,0,3,0,,6,11,11,10,0,0,1,1,1,11,11,11,11,9,1,
2237,06/08/2021 16:39,2,0,Trust,0,1,0,,,,2,0,37,0,3,1,1,1,,1,1,5,1,1,0,0,0,0,5,9,11,9,3,,
2240,06/08/2021 16:53,2,0,Promise,0,0,1,,,1,5,0,35,0,2,0,3,0,0,6,1,11,8,1,0,0,1,0,6,7,8,6,4,1,
2243,06/08/2021 17:00,2,0,Control,0,0,0,,,,5,0,35,0,2,0,1,1,1,3,1,7,8,1,0,0,0,0,3,7,8,4,4,0,
2246,06/08/2021 17:21,2,0,Promise,0,0,1,,,1,6,0,45,0,2,0,3,0,0,8,1,8,8,1,1,0,0,0,8,11,11,11,11,1,
2249,06/08/2021 17:10,2,0,Trust_promise,1,0,0,,,1,6,1,23,1,2,0,2,1,0,6,6,8,7,0,0,1,0,0,11,11,11,11,8,1,
2252,06/08/2021 17:34,2,0,Control,0,0,0,,,,1,0,21,1,2,0,3,0,0,3,2,7,6,0,0,0,0,0,9,10,9,10,8,0,
2255,06/08/2021 17:55,2,0,Trust,0,1,0,,,,2,0,50,1,3,1,1,1,1,7,11,11,10,1,1,1,1,1,11,11,11,11,11,,
2258,06/08/2021 18:48,2,0,Control,0,0,0,,,,1,0,42,0,4,1,2,1,1,7,6,11,3,1,1,1,1,0,7,11,11,7,8,0,
2261,06/08/2021 19:07,2,0,Trust_promise,1,0,0,,,1,1,0,67,1,3,1,3,0,0,4,1,8,8,1,0,0,0,0,11,11,11,11,11,1,
2264,06/08/2021 20:31,2,0,Promise,0,0,1,,,1,1,0,27,1,2,0,3,0,0,3,1,8,6,0,0,0,0,0,10,6,6,3,2,1,
2267,06/08/2021 20:48,2,0,Trust,0,1,0,,,,4,1,24,1,2,0,1,1,,6,9,9,8,0,0,1,0,0,10,11,11,11,11,,
2270,06/08/2021 21:09,2,0,Trust,0,1,0,,,,3,1,33,1,4,1,1,1,0,3,9,11,10,0,0,1,1,1,9,10,11,3,2,,
2273,06/08/2021 21:22,2,0,Control,0,0,0,,,,2,1,29,1,3,1,2,1,1,1,1,4,7,0,0,0,0,0,11,1,11,1,11,0,
2276,06/08/2021 21:31,2,0,Promise,0,0,1,,,1,3,0,44,1,2,0,2,1,0,6,1,11,4,1,0,0,1,0,11,11,11,11,11,1,
2279,06/08/2021 21:42,2,0,Trust_promise,1,0,0,,,1,2,1,27,0,4,1,1,1,1,6,1,11,10,0,0,0,1,1,11,10,10,11,11,1,
2282,06/08/2021 22:22,2,0,Promise,0,0,1,,,1,2,0,55,1,4,1,2,1,1,6,11,11,11,1,0,1,1,1,11,11,11,11,1,1,
2285,06/08/2021 22:22,2,0,Trust_promise,1,0,0,,,1,2,0,49,1,2,0,1,1,1,7,4,11,11,1,1,0,1,1,11,11,11,11,10,1,
2288,06/08/2021 22:28,2,0,Control,0,0,0,,,,5,0,55,0,3,1,3,0,1,6,7,9,8,1,0,1,0,0,11,11,11,11,6,0,
2291,06/09/2021 08:43,2,0,Trust,0,1,0,,,,4,1,56,0,2,0,1,1,0,8,1,8,8,1,1,0,0,0,11,11,10,10,10,,
2294,06/09/2021 08:50,2,0,Trust,0,1,0,,,,2,1,39,0,1,0,1,1,1,6,4,9,7,1,0,0,0,0,9,6,7,1,7,,
2297,06/09/2021 09:59,2,0,Trust_promise,1,0,0,,,1,6,0,56,1,6,0,2,1,1,5,11,9,9,1,0,1,0,1,10,10,10,10,10,1,
2300,06/09/2021 10:49,2,0,Control,0,0,0,,,,5,1,19,1,2,0,1,1,0,5,2,11,8,0,0,0,1,0,11,11,11,11,1,0,
2303,06/09/2021 11:06,2,0,Promise,0,0,1,,,1,5,0,54,1,2,0,2,1,,8,4,3,4,1,1,0,0,0,6,6,6,5,5,1,
2306,06/09/2021 11:16,2,0,Control,0,0,0,,,,2,0,34,0,4,1,1,1,1,10,9,9,8,0,1,1,0,0,7,10,11,11,10,0,
2309,06/09/2021 12:44,2,0,Trust,0,1,0,,,,6,0,36,1,2,0,1,1,0,6,5,7,3,1,0,1,0,0,11,11,11,11,8,,
2312,06/09/2021 13:58,2,0,Promise,0,0,1,,,1,1,1,31,0,4,1,2,1,1,3,1,9,8,0,0,0,0,0,9,9,11,10,8,1,
2315,06/09/2021 14:09,2,0,Trust_promise,1,0,0,,,1,1,0,21,1,2,0,2,1,,6,11,10,8,0,0,1,1,0,9,9,9,3,7,1,
2318,06/09/2021 14:35,2,0,Trust_promise,1,0,0,,,1,2,1,56,1,2,0,1,1,,6,7,8,7,1,0,1,0,0,10,11,11,9,11,1,
2321,06/09/2021 14:40,2,0,Trust,0,1,0,,,,1,0,41,0,4,1,1,1,1,9,8,11,9,1,1,1,1,1,7,9,9,6,2,,
2324,06/09/2021 15:58,2,0,Control,0,0,0,,,,4,1,26,0,3,1,1,1,0,7,9,11,1,0,1,1,1,0,7,9,7,10,9,0,
2327,06/10/2021 23:09,2,0,Promise,0,0,1,,,1,6,0,28,1,3,1,2,1,1,4,1,8,7,0,0,0,0,0,9,10,6,9,6,1,
2330,06/09/2021 16:39,2,0,Promise,0,0,1,,,1,4,0,21,1,2,0,3,0,0,6,1,10,8,0,0,0,1,0,11,11,11,11,11,1,
2333,06/09/2021 17:13,2,0,Promise,0,0,1,,,1,4,1,36,1,4,1,1,1,1,7,1,7,6,1,1,0,0,0,9,11,11,11,5,1,
2336,06/09/2021 17:30,2,0,Trust_promise,1,0,0,,,1,1,0,21,1,2,0,3,0,0,2,3,11,5,0,0,0,1,0,11,11,11,8,11,1,
2339,06/09/2021 17:52,2,0,Trust,0,1,0,,,,1,1,20,1,2,0,2,1,0,8,1,5,5,0,1,0,0,0,8,5,7,3,4,,
2342,06/09/2021 19:24,2,0,Control,0,0,0,,,,6,0,55,0,4,1,2,1,1,5,2,10,8,1,0,0,1,0,11,11,10,11,11,0,
2345,06/09/2021 19:28,2,0,Trust_promise,1,0,0,,,1,3,0,41,1,4,1,2,1,1,1,2,8,6,1,0,0,0,0,11,9,11,8,6,1,
2348,06/09/2021 19:41,2,0,Trust,0,1,0,,,,3,0,45,1,4,1,2,1,1,2,5,9,8,1,0,1,0,0,11,11,11,11,8,,
2351,06/09/2021 19:53,2,0,Promise,0,0,1,,,1,2,0,48,0,3,1,2,1,0,3,1,11,6,1,0,0,1,0,11,9,11,1,6,1,
2354,06/09/2021 20:15,2,0,Control,0,0,0,,,,1,0,52,0,4,1,1,1,1,9,4,10,9,1,1,0,1,1,10,11,10,9,10,0,
2357,06/09/2021 23:20,2,0,Promise,0,0,1,,,1,5,1,29,1,4,1,1,1,1,7,3,11,5,0,1,0,1,0,11,11,11,11,10,1,
2360,06/10/2021 10:03,2,0,Trust_promise,1,0,0,,,1,4,0,68,0,3,1,3,0,1,5,2,10,8,1,0,0,1,0,9,10,10,10,10,1,
2363,06/10/2021 10:33,2,0,Control,0,0,0,,,,5,1,26,1,3,1,1,1,0,6,1,11,2,0,0,0,1,0,9,6,11,9,9,0,
2366,06/10/2021 11:45,2,0,Trust,0,1,0,,,,2,0,49,1,4,1,1,1,1,7,11,8,8,1,1,1,0,0,3,7,9,10,6,,
2369,06/10/2021 12:26,2,0,Trust,0,1,0,,,,3,1,27,1,3,1,1,1,0,6,5,9,7,0,0,1,0,0,10,11,8,8,11,,
2372,06/10/2021 12:48,2,0,Promise,0,0,1,,,1,3,0,21,0,2,0,1,1,0,5,1,6,10,0,0,0,0,1,11,11,11,11,6,1,
2375,06/10/2021 13:01,2,0,Control,0,0,0,,,,2,1,24,0,2,0,1,1,0,8,3,5,5,0,1,0,0,0,11,11,11,11,11,0,
2378,06/10/2021 13:39,2,0,Trust_promise,1,0,0,,,1,4,1,21,1,2,0,3,0,,3,1,10,7,0,0,0,1,0,8,11,11,11,9,1,
2381,06/10/2021 13:41,2,0,Promise,0,0,1,,,1,6,0,24,0,3,1,3,0,0,7,7,8,7,0,1,1,0,0,6,9,10,7,9,1,
2384,06/10/2021 17:49,2,0,Trust,0,1,0,,,,6,1,30,0,3,1,3,0,0,6,1,1,4,0,0,0,0,0,11,11,11,11,3,,
2387,06/10/2021 18:53,2,0,Control,0,0,0,,,,2,0,61,1,2,0,3,0,0,6,5,8,9,1,0,1,0,1,5,8,11,6,8,0,
2390,06/10/2021 18:55,2,0,Trust_promise,1,0,0,,,1,6,1,23,1,2,0,3,0,0,1,4,9,8,0,0,0,0,0,11,11,11,10,9,1,
2393,06/10/2021 19:02,2,0,Control,0,0,0,,,,3,0,45,0,5,1,2,1,1,3,1,8,7,1,0,0,0,0,11,11,11,11,11,0,
2396,06/10/2021 19:39,2,0,Trust_promise,1,0,0,,,1,3,1,59,1,3,1,2,1,1,3,1,11,11,1,0,0,1,1,11,11,11,11,11,1,
2399,06/11/2021 00:45,2,0,Trust,0,1,0,,,,6,0,49,0,2,0,1,1,,6,7,8,7,1,0,1,0,0,9,10,11,9,5,,
2401,06/11/2021 00:44,2,0,Control,0,0,0,,,,2,0,33,0,2,0,1,1,1,11,1,8,6,0,1,0,0,0,11,6,11,6,1,0,
2403,06/11/2021 01:03,2,0,Trust,0,1,0,,,,5,0,27,0,2,0,1,1,0,2,1,11,10,0,0,0,1,1,11,11,11,11,6,,
2405,06/11/2021 09:19,2,0,Trust_promise,1,0,0,,,1,5,1,68,1,3,1,3,0,0,1,1,11,9,1,0,0,1,1,11,11,11,11,11,1,
2407,06/11/2021 11:07,2,0,Promise,0,0,1,,,1,3,1,67,0,2,0,3,0,0,5,1,8,8,1,0,0,0,0,11,11,11,11,11,1,
2409,06/11/2021 11:15,2,0,Control,0,0,0,,,,5,0,48,0,4,1,2,1,1,10,1,11,6,1,1,0,1,0,3,1,6,6,6,0,
2411,06/11/2021 11:21,2,0,Promise,0,0,1,,,1,6,0,59,0,4,1,1,1,1,6,3,8,7,1,0,0,0,0,11,11,11,11,11,1,
2413,06/11/2021 11:23,2,0,Trust_promise,1,0,0,,,1,2,0,56,0,6,0,1,1,,9,11,11,6,1,1,1,1,0,11,11,11,1,11,1,
2415,06/11/2021 11:39,2,0,Trust,0,1,0,,,,1,0,53,0,3,1,1,1,1,6,1,10,8,1,0,0,1,0,11,6,11,5,11,,
2417,06/11/2021 11:49,2,0,Promise,0,0,1,,,1,4,0,39,0,3,1,1,1,1,6,1,11,8,1,0,0,1,0,9,7,10,10,9,1,
2419,06/11/2021 11:57,2,0,Control,0,0,0,,,,6,0,37,0,4,1,1,1,1,2,1,11,6,1,0,0,1,0,1,11,11,6,1,0,
2421,06/11/2021 16:44,2,0,Trust_promise,1,0,0,,,1,3,0,70,0,1,0,1,1,0,6,11,11,5,1,0,1,1,0,7,11,11,1,11,1,
2423,06/11/2021 12:48,2,0,Trust_promise,1,0,0,,,1,5,0,54,0,2,0,1,1,0,9,1,1,5,1,1,0,0,0,9,6,9,3,7,1,
2425,06/11/2021 13:07,2,0,Trust,0,1,0,,,,1,0,73,0,3,1,3,0,1,9,8,11,9,1,1,1,1,1,11,10,11,11,11,,
2427,06/11/2021 13:17,2,0,Trust_promise,1,0,0,,,1,3,0,71,0,4,1,1,1,1,9,11,9,9,1,1,1,0,1,8,9,8,9,8,1,
2429,06/11/2021 13:16,2,0,Control,0,0,0,,,,3,0,76,0,4,1,3,0,1,5,9,10,10,1,0,1,1,1,9,10,8,10,6,0,
2431,06/11/2021 14:17,2,0,Trust,0,1,0,,,,5,0,63,0,2,0,3,0,0,2,2,8,8,1,0,0,0,0,8,11,11,11,8,,
2433,06/11/2021 15:43,2,0,Promise,0,0,1,,,1,6,0,63,1,3,1,1,1,1,11,11,6,5,1,1,1,0,0,7,6,9,5,1,1,
2435,06/11/2021 15:46,2,0,Promise,0,0,1,,,1,6,0,83,1,2,0,3,0,,9,1,11,7,1,1,0,1,0,11,11,6,11,7,1,
2437,06/11/2021 16:21,2,0,Trust_promise,1,0,0,,,1,1,0,37,0,3,1,1,1,0,6,1,11,7,1,0,0,1,0,11,11,11,8,7,1,
2439,06/11/2021 16:45,2,0,Trust,0,1,0,,,,3,0,38,0,4,1,2,1,1,5,3,11,9,1,0,0,1,1,9,11,8,8,6,,
2441,06/11/2021 17:37,2,0,Control,0,0,0,,,,4,1,61,1,6,0,3,0,,11,6,11,8,1,1,1,1,0,11,11,11,11,11,0,
2443,06/11/2021 17:55,2,0,Promise,0,0,1,,,1,1,0,57,0,3,1,1,1,1,9,11,11,6,1,1,1,1,0,11,11,11,11,11,1,
2445,06/11/2021 18:02,2,0,Control,0,0,0,,,,6,0,72,1,3,1,3,0,0,8,8,10,8,1,1,1,1,0,11,11,11,11,11,0,
2447,06/11/2021 18:15,2,0,Trust,0,1,0,,,,5,1,78,1,2,0,3,0,0,4,4,8,7,1,0,0,0,0,11,11,11,11,11,,
2449,06/11/2021 18:41,2,0,Control,0,0,0,,,,6,1,74,1,3,1,3,0,1,4,4,8,8,1,0,0,0,0,11,11,11,9,9,0,
2451,06/11/2021 18:58,2,0,Trust,0,1,0,,,,4,1,54,0,2,0,1,1,0,10,3,9,8,1,1,0,0,0,10,10,10,4,11,,
2453,06/11/2021 19:05,2,0,Promise,0,0,1,,,1,4,0,67,1,4,1,3,0,0,1,1,3,5,1,0,0,0,0,1,11,11,11,1,1,
2455,06/11/2021 19:11,2,0,Trust_promise,1,0,0,,,1,4,1,73,1,3,1,3,0,0,10,8,8,8,1,1,1,0,0,10,11,10,6,1,1,
2457,06/11/2021 19:18,2,0,Promise,0,0,1,,,1,4,0,72,1,3,1,3,0,0,10,11,11,8,1,1,1,1,0,1,11,11,11,1,1,
2459,06/11/2021 19:54,2,0,Trust,0,1,0,,,,1,0,76,0,2,0,3,0,,8,10,8,6,1,1,1,0,0,10,11,11,10,10,,
2461,06/11/2021 21:14,2,0,Trust_promise,1,0,0,,,1,2,0,62,1,3,1,3,0,0,8,3,11,5,1,1,0,1,0,11,11,11,11,11,1,
2463,06/11/2021 21:19,2,0,Control,0,0,0,,,,2,0,65,1,2,0,3,0,,6,10,9,8,1,0,1,0,0,11,11,11,11,11,0,
2465,06/11/2021 22:47,2,0,Trust,0,1,0,,,,6,0,64,0,2,0,1,1,0,6,11,11,11,1,0,1,1,1,7,11,6,10,3,,
2467,06/12/2021 03:49,2,0,Trust_promise,1,0,0,,,1,1,0,75,0,2,0,3,0,0,6,6,6,6,1,0,1,0,0,10,10,10,1,2,1,
2469,06/12/2021 08:31,2,0,Trust,0,1,0,,,,2,0,49,0,2,0,2,1,1,6,4,9,7,1,0,0,0,0,11,11,11,10,10,,
2471,06/12/2021 07:58,2,0,Promise,0,0,1,,,1,3,1,31,0,3,1,1,1,1,4,1,11,7,0,0,0,1,0,11,11,11,11,9,1,
2473,06/12/2021 08:04,2,0,Control,0,0,0,,,,6,0,42,0,4,1,2,1,1,3,1,7,8,1,0,0,0,0,11,6,11,1,8,0,
2475,06/12/2021 08:10,2,0,Control,0,0,0,,,,6,0,63,1,2,0,2,1,,7,2,10,3,1,1,0,1,0,7,9,9,5,6,0,
2477,06/12/2021 08:14,2,0,Promise,0,0,1,,,1,3,0,55,0,1,0,2,1,0,7,6,6,4,1,1,1,0,0,7,2,10,6,1,1,
2479,06/12/2021 08:22,2,0,Trust_promise,1,0,0,,,1,5,1,74,0,2,0,3,0,0,7,6,9,9,1,1,1,0,1,7,11,11,6,11,1,
2481,06/12/2021 08:47,2,0,Trust_promise,1,0,0,,,1,4,1,56,0,3,1,2,1,1,6,8,11,7,1,0,1,1,0,11,10,11,9,6,1,
2483,06/12/2021 09:05,2,0,Trust,0,1,0,,,,3,0,66,1,2,0,3,0,,6,1,7,8,1,0,0,0,0,11,11,11,11,8,,
2485,06/12/2021 09:11,2,0,Control,0,0,0,,,,4,0,61,0,2,0,1,1,1,9,6,11,6,1,1,1,1,0,11,11,11,11,11,0,
2487,06/12/2021 09:18,2,0,Promise,0,0,1,,,1,1,1,71,1,1,0,3,0,,5,1,9,10,1,0,0,0,1,10,10,10,10,6,1,
2489,06/12/2021 09:32,2,0,Trust,0,1,0,,,,1,0,66,0,3,1,1,1,1,8,11,11,7,1,1,1,1,0,11,11,11,11,8,,
2491,06/12/2021 10:03,2,0,Control,0,0,0,,,,3,1,43,0,3,1,1,1,,7,8,9,9,1,1,1,0,1,10,9,10,11,11,0,
2493,06/12/2021 10:10,2,0,Trust_promise,1,0,0,,,1,1,1,63,1,3,1,2,1,,5,9,7,10,1,0,1,0,1,5,1,6,1,2,1,
2495,06/12/2021 10:29,2,0,Promise,0,0,1,,,1,5,1,74,1,2,0,3,0,,10,11,8,6,1,1,1,0,0,11,11,11,11,8,1,
2497,06/12/2021 10:46,2,0,Promise,0,0,1,,,1,2,0,39,1,3,1,2,1,1,5,8,7,8,1,0,1,0,0,9,11,11,11,11,1,
2499,06/12/2021 11:02,2,0,Trust,0,1,0,,,,3,1,49,0,2,0,1,1,,7,4,7,8,1,1,0,0,0,11,11,10,10,6,,
2501,06/12/2021 11:30,2,0,Trust_promise,1,0,0,,,1,4,1,68,1,3,1,3,0,0,3,3,11,10,1,0,0,1,1,11,11,11,11,1,1,
2503,06/12/2021 12:32,2,0,Control,0,0,0,,,,5,0,68,1,2,0,3,0,0,6,1,6,1,1,0,0,0,0,7,11,11,11,6,0,
2505,06/12/2021 12:32,2,0,Control,0,0,0,,,,6,1,52,0,3,1,1,1,1,9,8,11,8,1,1,1,1,0,7,11,11,11,11,0,
2507,06/12/2021 12:37,2,0,Promise,0,0,1,,,1,3,0,77,1,3,1,3,0,0,6,11,11,8,1,0,1,1,0,11,11,10,11,8,1,
2509,06/12/2021 12:36,2,0,Trust_promise,1,0,0,,,1,6,0,34,1,4,1,2,1,1,6,11,11,6,0,0,1,1,0,11,11,11,11,11,1,
2511,06/12/2021 12:46,2,0,Trust,0,1,0,,,,1,0,67,1,3,1,3,0,0,6,8,9,8,1,0,1,0,0,11,11,11,11,11,,
2513,06/12/2021 12:51,2,0,Promise,0,0,1,,,1,4,1,22,0,2,0,2,1,0,5,3,5,7,0,0,0,0,0,9,9,9,7,6,1,
2515,06/12/2021 13:01,2,0,Trust,0,1,0,,,,6,1,75,1,2,0,3,0,0,6,9,10,8,1,0,1,1,0,10,7,11,10,9,,
2517,06/12/2021 13:25,2,0,Trust_promise,1,0,0,,,1,2,0,75,1,3,1,1,1,,3,6,10,6,1,0,1,1,0,7,11,11,6,1,1,
2519,06/12/2021 23:33,2,0,Control,0,0,0,,,,1,0,48,0,2,0,1,1,,9,6,11,8,1,1,1,1,0,11,11,11,10,10,0,
2521,06/12/2021 13:28,2,0,Trust,0,1,0,,,,5,1,69,1,2,0,3,0,0,6,2,6,8,1,0,0,0,0,11,10,10,10,10,,
2523,06/12/2021 13:34,2,0,Control,0,0,0,,,,1,0,38,0,3,1,1,1,1,6,1,11,7,1,0,0,1,0,7,9,10,6,8,0,
2525,06/12/2021 13:35,2,0,Promise,0,0,1,,,1,4,0,58,0,2,0,1,1,0,8,6,8,8,1,1,1,0,0,8,8,10,7,6,1,
2527,06/12/2021 13:48,2,0,Control,0,0,0,,,,2,0,63,1,3,1,3,0,1,4,1,10,9,1,0,0,1,1,8,7,6,5,7,0,
2529,06/12/2021 13:56,2,0,Trust_promise,1,0,0,,,1,5,0,79,1,3,1,3,0,1,7,8,8,7,1,1,1,0,0,10,11,10,10,1,1,
2531,06/12/2021 14:11,2,0,Control,0,0,0,,,,2,0,70,0,2,0,3,0,0,6,1,11,8,1,0,0,1,0,11,11,11,11,11,0,
2533,06/12/2021 14:34,2,0,Trust,0,1,0,,,,1,0,58,0,2,0,3,0,0,3,1,7,9,1,0,0,0,1,11,10,11,8,9,,
2535,06/12/2021 14:36,2,0,Trust_promise,1,0,0,,,1,6,0,23,0,2,0,3,0,0,1,1,11,7,0,0,0,1,0,11,8,10,7,10,1,
2537,06/12/2021 14:53,2,0,Promise,0,0,1,,,1,6,1,26,0,3,1,1,1,0,3,1,11,9,0,0,0,1,1,9,7,1,7,11,1,
2539,06/12/2021 14:53,2,0,Trust_promise,1,0,0,,,1,6,0,59,0,3,1,2,1,1,6,9,11,9,1,0,1,1,1,11,9,10,8,11,1,
2541,06/12/2021 14:56,2,0,Promise,0,0,1,,,1,4,1,67,1,3,1,3,0,0,6,10,9,10,1,0,1,0,1,11,11,10,10,11,1,
2543,06/12/2021 15:06,2,0,Trust,0,1,0,,,,2,1,45,1,2,0,3,0,0,7,10,8,9,1,1,1,0,1,11,10,11,11,11,,
2545,06/12/2021 15:16,2,0,Control,0,0,0,,,,4,1,68,1,5,1,3,0,1,5,6,11,7,1,0,1,1,0,7,11,11,8,8,0,
2547,06/12/2021 15:27,2,0,Trust,0,1,0,,,,1,1,49,0,4,1,1,1,1,1,1,11,11,1,0,0,1,1,11,11,11,1,11,,
2549,06/12/2021 16:15,2,0,Control,0,0,0,,,,5,0,54,0,2,0,3,0,,8,6,9,8,1,1,1,0,0,11,11,11,9,2,0,
2551,06/12/2021 16:29,2,0,Trust_promise,1,0,0,,,1,4,1,63,1,2,0,2,1,0,6,8,7,6,1,0,1,0,0,11,11,11,11,11,1,
2553,06/12/2021 16:37,2,0,Trust_promise,1,0,0,,,1,6,1,78,1,5,1,3,0,,1,1,10,10,1,0,0,1,1,11,11,11,10,1,1,
2555,06/12/2021 17:05,2,0,Promise,0,0,1,,,1,1,0,57,0,2,0,1,1,1,9,1,10,9,1,1,0,1,1,11,11,11,11,6,1,
2557,06/12/2021 17:24,2,0,Trust,0,1,0,,,,1,0,45,0,2,0,1,1,,5,3,11,7,1,0,0,1,0,7,11,10,8,8,,
2559,06/12/2021 17:33,2,0,Control,0,0,0,,,,5,1,74,1,3,1,3,0,,6,6,8,9,1,0,1,0,1,11,11,11,11,11,0,
2561,06/12/2021 17:37,2,0,Promise,0,0,1,,,1,6,0,64,1,4,1,3,0,0,2,1,11,7,1,0,0,1,0,7,11,11,3,5,1,
2563,06/12/2021 17:38,2,0,Trust_promise,1,0,0,,,1,3,0,74,1,3,1,3,0,,4,4,10,9,1,0,0,1,1,9,9,9,10,6,1,
2565,06/12/2021 17:42,2,0,Promise,0,0,1,,,1,1,0,32,1,4,1,2,1,,7,10,11,1,0,1,1,1,0,11,11,11,11,11,1,
2567,06/12/2021 17:52,2,0,Trust,0,1,0,,,,3,0,83,1,2,0,3,0,0,8,1,9,8,1,1,0,0,0,11,11,11,9,11,,
2569,06/12/2021 17:50,2,0,Control,0,0,0,,,,6,1,30,0,2,0,1,1,1,6,7,11,11,0,0,1,1,1,11,11,11,6,11,0,
2571,06/12/2021 17:56,2,0,Trust_promise,1,0,0,,,1,6,0,61,1,3,1,2,1,1,5,10,10,9,1,0,1,1,1,3,9,6,4,6,1,
2573,06/12/2021 17:58,2,0,Control,0,0,0,,,,6,1,52,0,2,0,1,1,1,11,1,11,6,1,1,0,1,0,11,11,11,11,11,0,
2575,06/12/2021 18:06,2,0,Promise,0,0,1,,,1,1,0,55,0,4,1,1,1,1,8,11,11,10,1,1,1,1,1,11,11,11,11,11,1,
2577,06/12/2021 18:10,2,0,Trust,0,1,0,,,,1,1,60,1,3,1,2,1,,9,11,11,10,1,1,1,1,1,11,11,11,11,11,,
2579,06/12/2021 18:15,2,0,Promise,0,0,1,,,1,5,0,40,0,2,0,3,0,,6,11,9,1,1,0,1,0,0,7,8,11,6,10,1,
2581,06/12/2021 18:29,2,0,Trust,0,1,0,,,,5,1,74,1,3,1,3,0,0,10,9,10,10,1,1,1,1,1,11,11,11,11,1,,
2583,06/12/2021 18:32,2,0,Trust_promise,1,0,0,,,1,5,0,67,1,3,1,1,1,1,8,8,11,11,1,1,1,1,1,11,11,11,11,11,1,
2585,06/12/2021 18:35,2,0,Control,0,0,0,,,,1,1,43,0,3,1,2,1,1,8,1,4,7,1,1,0,0,0,11,11,10,11,11,0,
2587,06/12/2021 19:12,2,0,Trust,0,1,0,,,,6,1,54,0,3,1,2,1,1,3,4,9,8,1,0,0,0,0,11,11,11,11,11,,
2589,06/12/2021 19:15,2,0,Control,0,0,0,,,,5,0,63,1,1,0,3,0,0,9,3,7,3,1,1,0,0,0,7,11,11,11,6,0,
2591,06/12/2021 19:25,2,0,Trust_promise,1,0,0,,,1,3,0,58,0,3,1,1,1,1,10,7,11,7,1,1,1,1,0,11,11,11,6,11,1,
2593,06/12/2021 19:35,2,0,Promise,0,0,1,,,1,4,1,57,0,3,1,2,1,1,8,7,8,7,1,1,1,0,0,10,11,11,11,11,1,
2595,06/12/2021 19:48,2,0,Trust_promise,1,0,0,,,1,1,0,57,0,3,1,1,1,1,6,6,9,9,1,0,1,0,1,11,11,11,10,4,1,
2597,06/12/2021 20:12,2,0,Promise,0,0,1,,,1,3,0,73,1,4,1,3,0,1,11,11,11,11,1,1,1,1,1,11,11,11,11,11,1,
2599,06/12/2021 20:16,2,0,Trust,0,1,0,,,,1,0,75,1,4,1,3,0,1,10,4,11,7,1,1,0,1,0,8,2,10,1,11,,
2601,06/12/2021 20:21,2,0,Control,0,0,0,,,,1,0,67,1,4,1,3,0,1,3,1,9,6,1,0,0,0,0,10,9,11,8,10,0,
2603,06/12/2021 20:22,2,0,Promise,0,0,1,,,1,3,0,75,1,5,1,3,0,0,6,11,10,9,1,0,1,1,1,11,11,11,11,10,1,
2605,06/12/2021 20:29,2,0,Trust,0,1,0,,,,2,0,71,0,3,1,3,0,1,9,8,3,9,1,1,1,0,1,11,9,9,11,9,,
2607,06/12/2021 20:54,2,0,Control,0,0,0,,,,2,0,54,0,3,1,1,1,0,8,11,11,6,1,1,1,1,0,7,11,11,6,6,0,
2609,06/12/2021 21:43,2,0,Control,0,0,0,,,,6,1,68,1,4,1,3,0,,7,11,11,9,1,1,1,1,1,8,11,8,3,11,0,
2611,06/12/2021 21:48,2,0,Trust_promise,1,0,0,,,1,6,0,51,0,2,0,1,1,1,6,1,9,6,1,0,0,0,0,11,11,11,11,1,1,
2613,06/12/2021 22:04,2,0,Promise,0,0,1,,,1,5,0,23,0,3,1,1,1,0,4,3,8,8,0,0,0,0,0,10,10,11,10,8,1,
2615,06/12/2021 22:23,2,0,Trust,0,1,0,,,,5,0,44,0,2,0,3,0,0,6,11,11,8,1,0,1,1,0,11,11,11,11,11,,
2617,06/12/2021 22:42,2,0,Trust_promise,1,0,0,,,1,3,1,71,1,6,0,3,0,,4,8,11,6,1,0,1,1,0,1,1,1,1,1,1,
2619,06/12/2021 22:49,2,0,Control,0,0,0,,,,5,1,54,0,3,1,1,1,1,8,9,8,8,1,1,1,0,0,10,10,10,11,10,0,
2621,06/12/2021 22:54,2,0,Trust,0,1,0,,,,4,1,63,1,3,1,3,0,0,2,11,11,6,1,0,1,1,0,11,11,11,11,6,,
2623,06/12/2021 23:02,2,0,Promise,0,0,1,,,1,3,0,54,0,4,1,1,1,1,7,6,11,9,1,1,1,1,1,11,9,11,2,11,1,
2625,06/12/2021 23:43,2,0,Trust_promise,1,0,0,,,1,6,1,76,1,3,1,3,0,0,7,2,9,8,1,1,0,0,0,10,10,10,9,9,1,
2627,06/13/2021 03:55,2,0,Promise,0,0,1,,,1,4,0,64,1,3,1,2,1,,6,10,7,7,1,0,1,0,0,11,11,11,6,11,1,
2629,06/13/2021 05:37,2,0,Trust_promise,1,0,0,,,1,5,0,57,1,2,0,2,1,1,6,6,9,8,1,0,1,0,0,5,9,11,1,3,1,
2631,06/13/2021 07:25,2,0,Trust,0,1,0,,,,2,0,69,1,2,0,1,1,0,3,11,11,11,1,0,1,1,1,1,11,11,11,1,,
2633,06/13/2021 08:38,2,0,Control,0,0,0,,,,2,0,74,1,4,1,3,0,1,10,1,6,9,1,1,0,0,1,11,11,9,11,11,0,
2635,06/13/2021 09:06,2,0,Promise,0,0,1,,,1,4,0,46,0,4,1,1,1,0,5,1,7,5,1,0,0,0,0,9,9,11,11,8,1,
2637,06/13/2021 09:26,2,0,Trust,0,1,0,,,,6,0,61,1,3,1,2,1,1,4,1,7,9,1,0,0,0,1,11,11,11,11,6,,
2639,06/13/2021 09:36,2,0,Trust_promise,1,0,0,,,1,4,0,65,1,4,1,3,0,,5,11,11,10,1,0,1,1,1,11,11,11,11,9,1,
2641,06/13/2021 09:39,2,0,Control,0,0,0,,,,2,1,63,0,2,0,1,1,,8,4,6,9,1,1,0,0,1,11,11,11,11,11,0,
2643,06/13/2021 09:58,2,0,Promise,0,0,1,,,1,5,1,69,1,5,1,3,0,0,4,8,8,8,1,0,1,0,0,7,10,9,5,1,1,
2645,06/13/2021 10:12,2,0,Trust_promise,1,0,0,,,1,3,1,63,0,2,0,1,1,1,6,6,8,8,1,0,1,0,0,11,11,8,8,8,1,
2647,06/13/2021 10:13,2,0,Trust,0,1,0,,,,2,0,73,0,3,1,3,0,0,4,1,5,6,1,0,0,0,0,7,7,5,6,6,,
2649,06/13/2021 10:09,2,0,Control,0,0,0,,,,1,0,25,1,4,1,2,1,0,3,1,11,8,0,0,0,1,0,9,10,11,11,6,0,
2651,06/13/2021 10:13,2,0,Trust_promise,1,0,0,,,1,2,0,67,1,2,0,3,0,0,4,6,8,8,1,0,1,0,0,10,7,9,9,6,1,
2653,06/13/2021 10:12,2,0,Trust,0,1,0,,,,3,1,64,0,3,1,3,0,1,5,1,11,8,1,0,0,1,0,11,9,11,11,1,,
2655,06/13/2021 10:13,2,0,Promise,0,0,1,,,1,2,0,35,1,3,1,2,1,,6,7,7,6,1,0,1,0,0,11,11,11,9,9,1,
2657,06/13/2021 10:16,2,0,Control,0,0,0,,,,5,0,52,1,2,0,2,1,0,3,8,9,7,1,0,1,0,0,11,11,11,11,11,0,
2659,06/13/2021 10:19,2,0,Trust_promise,1,0,0,,,1,5,1,62,0,4,1,3,0,1,8,6,9,7,1,1,1,0,0,10,10,11,11,9,1,
2661,06/13/2021 10:15,2,0,Trust,0,1,0,,,,3,0,54,1,4,1,2,1,0,3,3,8,9,1,0,0,0,1,7,6,10,1,1,,
2663,06/13/2021 10:16,2,0,Promise,0,0,1,,,1,2,0,58,0,2,0,3,0,0,11,11,11,1,1,1,1,1,0,7,11,1,1,1,1,
2665,06/13/2021 10:16,2,0,Trust_promise,1,0,0,,,1,2,0,63,0,4,1,3,0,1,9,7,8,11,1,1,1,0,1,11,11,11,11,11,1,
2667,06/13/2021 10:20,2,0,Promise,0,0,1,,,1,4,0,74,0,4,1,3,0,,6,1,6,4,1,0,0,0,0,11,10,10,9,4,1,
2669,06/13/2021 10:18,2,0,Control,0,0,0,,,,4,1,53,0,3,1,2,1,1,5,7,11,3,1,0,1,1,0,9,1,10,11,8,0,
2671,06/13/2021 10:22,2,0,Trust,0,1,0,,,,1,0,63,0,2,0,1,1,,7,7,6,5,1,1,1,0,0,10,9,8,9,1,,
2673,06/13/2021 10:23,2,0,Promise,0,0,1,,,1,2,1,47,1,2,0,2,1,1,4,6,6,6,1,0,1,0,0,8,11,11,11,4,1,
2675,06/13/2021 10:20,2,0,Trust_promise,1,0,0,,,1,5,0,26,1,3,1,1,1,,4,1,11,8,0,0,0,1,0,7,6,10,4,4,1,
2677,06/13/2021 10:25,2,0,Trust,0,1,0,,,,5,0,84,0,4,1,3,0,0,1,1,9,10,1,0,0,0,1,11,6,10,11,11,,
2679,06/13/2021 10:28,2,0,Trust_promise,1,0,0,,,1,1,0,56,0,4,1,1,1,0,9,6,5,7,1,1,1,0,0,11,11,11,11,11,1,
2681,06/13/2021 10:21,2,0,Control,0,0,0,,,,6,1,57,0,2,0,1,1,1,3,4,7,10,1,0,0,0,1,9,8,9,10,6,0,
2683,06/13/2021 10:21,2,0,Trust,0,1,0,,,,2,0,55,1,3,1,1,1,0,8,6,6,7,1,1,1,0,0,11,11,11,8,8,,
2685,06/13/2021 10:24,2,0,Trust_promise,1,0,0,,,1,3,1,21,1,2,0,1,1,0,3,1,11,7,0,0,0,1,0,11,11,10,9,8,1,
2687,06/13/2021 10:23,2,0,Promise,0,0,1,,,1,2,0,77,1,4,1,3,0,0,4,1,11,9,1,0,0,1,1,11,11,11,11,11,1,
2689,06/13/2021 10:23,2,0,Control,0,0,0,,,,4,1,50,1,2,0,3,0,0,6,7,11,6,1,0,1,1,0,11,11,11,11,11,0,
2691,06/13/2021 10:23,2,0,Control,0,0,0,,,,6,0,28,1,3,1,1,1,,6,1,4,8,0,0,0,0,0,8,8,9,6,7,0,
2693,06/13/2021 10:24,2,0,Promise,0,0,1,,,1,3,0,61,0,3,1,1,1,1,9,6,10,9,1,1,1,1,1,11,11,11,10,10,1,
2695,06/13/2021 10:26,2,0,Trust,0,1,0,,,,6,0,30,1,1,0,1,1,0,7,5,11,6,0,1,1,1,0,11,11,11,10,9,,
2697,06/13/2021 10:29,2,0,Trust_promise,1,0,0,,,1,2,1,77,0,2,0,3,0,0,7,6,7,5,1,1,1,0,0,5,2,7,8,8,1,
2699,06/13/2021 10:28,2,0,Promise,0,0,1,,,1,4,1,66,0,4,1,1,1,,8,3,9,9,1,1,0,0,1,11,11,11,10,2,1,
2701,06/13/2021 10:26,2,0,Control,0,0,0,,,,1,0,77,0,6,0,3,0,,8,1,5,5,1,1,0,0,0,6,2,5,5,5,0,
2703,06/13/2021 10:27,2,0,Trust,0,1,0,,,,5,0,53,1,3,1,1,1,0,6,4,8,7,1,0,0,0,0,9,7,7,5,5,,
2705,06/13/2021 10:31,2,0,Trust,0,1,0,,,,3,1,69,0,2,0,3,0,0,6,11,8,8,1,0,1,0,0,6,6,7,7,6,,
2707,06/13/2021 10:28,2,0,Control,0,0,0,,,,4,0,52,1,4,1,3,0,0,2,2,9,6,1,0,0,0,0,10,6,11,9,6,0,
2709,06/13/2021 10:29,2,0,Trust_promise,1,0,0,,,1,3,1,32,1,2,0,2,1,1,7,1,11,1,0,1,0,1,0,11,11,11,11,9,1,
2711,06/13/2021 10:32,2,0,Trust,0,1,0,,,,1,0,71,0,3,1,3,0,1,8,1,7,7,1,1,0,0,0,11,11,11,11,11,,
2713,06/13/2021 10:31,2,0,Promise,0,0,1,,,1,2,1,57,0,2,0,1,1,1,9,2,9,8,1,1,0,0,0,10,11,11,5,11,1,
2715,06/13/2021 10:31,2,0,Trust_promise,1,0,0,,,1,1,0,69,0,3,1,3,0,,8,1,9,8,1,1,0,0,0,10,9,10,9,9,1,
2717,06/13/2021 10:28,2,0,Promise,0,0,1,,,1,2,1,53,0,4,1,1,1,,3,1,6,8,1,0,0,0,0,10,11,11,5,11,1,
2719,06/13/2021 10:59,2,0,Trust_promise,1,0,0,,,1,1,0,24,1,2,0,2,1,0,6,1,11,3,0,0,0,1,0,11,11,11,11,11,1,
2721,06/13/2021 10:32,2,0,Control,0,0,0,,,,2,0,78,0,1,0,3,0,0,7,11,11,7,1,1,1,1,0,5,10,11,3,4,0,
2723,06/13/2021 10:30,2,0,Trust_promise,1,0,0,,,1,2,1,55,1,2,0,3,0,0,7,9,10,6,1,1,1,1,0,11,11,10,10,11,1,
2725,06/13/2021 10:43,2,0,Control,0,0,0,,,,4,0,41,1,4,1,2,1,1,4,7,9,8,1,0,1,0,0,11,11,6,11,6,0,
2727,06/13/2021 10:31,2,0,Trust,0,1,0,,,,1,0,64,1,2,0,1,1,1,1,1,8,11,1,0,0,0,1,1,11,11,11,1,,
2729,06/13/2021 10:32,2,0,Promise,0,0,1,,,1,5,0,26,1,2,0,3,0,,6,6,9,8,0,0,1,0,0,11,11,11,11,6,1,
2731,06/13/2021 10:34,2,0,Control,0,0,0,,,,5,0,72,0,3,1,3,0,0,9,9,10,9,1,1,1,1,1,11,11,9,11,9,0,
2733,06/13/2021 10:35,2,0,Promise,0,0,1,,,1,4,1,62,0,2,0,3,0,0,4,1,6,9,1,0,0,0,1,9,10,9,4,7,1,
2735,06/13/2021 10:37,2,0,Trust_promise,1,0,0,,,1,6,0,55,0,2,0,3,0,0,1,6,11,9,1,0,1,1,1,11,11,11,11,11,1,
2737,06/13/2021 10:38,2,0,Trust,0,1,0,,,,4,0,65,1,3,1,3,0,0,6,11,9,9,1,0,1,0,1,11,11,11,11,11,,
2739,06/13/2021 10:39,2,0,Trust_promise,1,0,0,,,1,6,0,51,1,3,1,1,1,1,7,2,7,7,1,1,0,0,0,11,11,10,5,5,1,
2741,06/13/2021 10:46,2,0,Trust,0,1,0,,,,3,0,28,1,2,0,1,1,0,6,2,10,4,0,0,0,1,0,11,11,11,1,11,,
2743,06/13/2021 10:42,2,0,Promise,0,0,1,,,1,5,0,75,0,2,0,3,0,,6,3,7,7,1,0,0,0,0,7,6,6,1,6,1,
2745,06/13/2021 10:42,2,0,Control,0,0,0,,,,6,0,37,1,3,1,1,1,0,6,2,7,7,1,0,0,0,0,11,11,7,10,6,0,
2747,06/13/2021 10:47,2,0,Trust,0,1,0,,,,6,1,53,0,4,1,1,1,,6,8,9,6,1,0,1,0,0,11,11,10,11,6,,
2749,06/13/2021 10:50,2,0,Trust_promise,1,0,0,,,1,6,0,78,0,4,1,3,0,1,7,1,9,7,1,1,0,0,0,7,8,10,7,3,1,
2751,06/13/2021 10:50,2,0,Promise,0,0,1,,,1,2,0,76,0,3,1,3,0,1,9,6,6,6,1,1,1,0,0,8,8,8,6,5,1,
2753,06/13/2021 10:49,2,0,Trust_promise,1,0,0,,,1,1,0,32,1,3,1,2,1,1,2,1,9,9,0,0,0,0,1,11,8,11,6,2,1,
2755,06/13/2021 10:48,2,0,Control,0,0,0,,,,1,1,53,0,3,1,1,1,1,8,6,9,6,1,1,1,0,0,11,9,8,10,8,0,
2757,06/13/2021 10:50,2,0,Control,0,0,0,,,,4,0,73,0,6,0,3,0,,8,6,11,8,1,1,1,1,0,7,11,11,6,6,0,
2759,06/13/2021 10:52,2,0,Promise,0,0,1,,,1,1,1,54,0,4,1,1,1,1,4,11,11,6,1,0,1,1,0,10,10,11,6,11,1,
2761,06/13/2021 10:50,2,0,Trust,0,1,0,,,,6,1,59,0,1,0,2,1,,6,9,8,11,1,0,1,0,1,11,9,8,8,9,,
2763,06/13/2021 10:56,2,0,Trust_promise,1,0,0,,,1,2,1,74,0,2,0,3,0,0,4,2,7,8,1,0,0,0,0,9,9,9,8,6,1,
2765,06/13/2021 10:53,2,0,Control,0,0,0,,,,1,1,55,0,4,1,2,1,1,4,11,8,4,1,0,1,0,0,9,9,11,9,8,0,
2767,06/13/2021 10:56,2,0,Trust,0,1,0,,,,2,0,67,1,2,0,1,1,0,5,1,11,8,1,0,0,1,0,11,11,11,11,11,,
2769,06/13/2021 10:56,2,0,Promise,0,0,1,,,1,5,1,64,1,2,0,3,0,0,4,3,9,9,1,0,0,0,1,9,9,9,2,9,1,
2771,06/13/2021 10:57,2,0,Control,0,0,0,,,,5,0,59,0,4,1,1,1,,8,5,4,6,1,1,1,0,0,11,7,11,1,6,0,
2773,06/13/2021 10:59,2,0,Promise,0,0,1,,,1,4,0,41,1,4,1,1,1,1,2,1,11,3,1,0,0,1,0,11,11,11,11,11,1,
2775,06/13/2021 11:01,2,0,Trust_promise,1,0,0,,,1,3,0,55,0,2,0,2,1,0,6,8,10,10,1,0,1,1,1,1,11,11,11,1,1,
2777,06/13/2021 11:02,2,0,Promise,0,0,1,,,1,1,0,57,1,4,1,2,1,0,5,6,9,9,1,0,1,0,1,10,11,11,11,6,1,
2779,06/13/2021 10:59,2,0,Trust,0,1,0,,,,2,0,32,1,4,1,2,1,1,5,1,8,7,0,0,0,0,0,11,9,11,11,6,,
2781,06/13/2021 11:00,2,0,Control,0,0,0,,,,1,0,25,1,4,1,2,1,1,6,1,11,9,0,0,0,1,1,11,11,11,11,11,0,
2783,06/13/2021 11:02,2,0,Trust,0,1,0,,,,1,0,34,1,4,1,1,1,1,6,1,8,6,0,0,0,0,0,9,6,10,7,4,,
2785,06/13/2021 11:01,2,0,Trust_promise,1,0,0,,,1,1,0,24,1,2,0,3,0,,6,2,11,8,0,0,0,1,0,11,6,11,6,11,1,
2787,06/13/2021 11:12,2,0,Promise,0,0,1,,,1,6,1,61,0,2,0,2,1,0,9,1,10,9,1,1,0,1,1,11,11,11,4,11,1,
2789,06/13/2021 11:14,2,0,Control,0,0,0,,,,1,1,48,0,4,1,2,1,1,4,1,11,11,1,0,0,1,1,8,7,8,6,1,0,
2791,06/13/2021 11:21,2,0,Promise,0,0,1,,,1,2,0,81,0,3,1,3,0,0,11,10,11,9,1,1,1,1,1,11,11,11,6,11,1,
2793,06/13/2021 11:23,2,0,Trust,0,1,0,,,,2,0,73,0,3,1,3,0,0,5,11,7,8,1,0,1,0,0,11,11,11,11,11,,
2795,06/13/2021 11:21,2,0,Trust_promise,1,0,0,,,1,5,0,55,0,2,0,1,1,1,3,1,6,8,1,0,0,0,0,7,10,11,6,8,1,
2797,06/13/2021 11:23,2,0,Control,0,0,0,,,,2,0,68,0,2,0,3,0,0,5,6,11,7,1,0,1,1,0,8,11,7,9,7,0,
2799,06/13/2021 11:22,2,0,Trust,0,1,0,,,,3,0,45,1,3,1,1,1,0,7,11,2,8,1,1,1,0,0,9,11,11,11,11,,
2801,06/13/2021 13:38,2,0,Promise,0,0,1,,,1,1,0,69,0,2,0,3,0,,9,7,9,8,1,1,1,0,0,11,11,11,11,11,1,
2803,06/13/2021 11:24,2,0,Trust_promise,1,0,0,,,1,5,0,77,0,2,0,1,1,,4,6,6,9,1,0,1,0,1,11,11,10,10,11,1,
2805,06/13/2021 11:23,2,0,Trust,0,1,0,,,,3,1,55,0,3,1,2,1,0,6,1,4,8,1,0,0,0,0,11,11,11,9,11,,
2807,06/13/2021 11:26,2,0,Promise,0,0,1,,,1,1,0,19,1,2,0,1,1,0,4,1,11,8,0,0,0,1,0,11,11,11,8,11,1,
2809,06/13/2021 11:27,2,0,Control,0,0,0,,,,6,1,59,1,3,1,2,1,1,3,1,9,10,1,0,0,0,1,11,11,11,11,11,0,
2811,06/13/2021 11:27,2,0,Trust,0,1,0,,,,1,0,65,0,1,0,3,0,0,2,1,11,9,1,0,0,1,1,11,11,11,11,11,,
2813,06/13/2021 11:26,2,0,Control,0,0,0,,,,6,0,57,1,2,0,1,1,0,8,5,8,7,1,1,1,0,0,11,11,11,11,11,0,
2815,06/13/2021 11:33,2,0,Promise,0,0,1,,,1,5,0,53,1,3,1,2,1,1,8,3,8,8,1,1,0,0,0,11,11,11,11,11,1,
2817,06/13/2021 11:36,2,0,Trust_promise,1,0,0,,,1,4,0,63,0,2,0,1,1,0,6,6,9,9,1,0,1,0,1,7,7,9,2,8,1,
2819,06/13/2021 11:36,2,0,Trust_promise,1,0,0,,,1,5,1,25,1,3,1,2,1,0,6,4,6,7,0,0,0,0,0,8,8,9,7,6,1,
2821,06/13/2021 11:39,2,0,Trust,0,1,0,,,,2,0,71,0,2,0,3,0,0,3,6,11,9,1,0,1,1,1,11,11,11,6,10,,
2823,06/13/2021 11:42,2,0,Promise,0,0,1,,,0,6,1,63,0,2,0,3,0,0,7,11,9,8,1,1,1,0,0,11,11,10,10,11,1,
2825,06/13/2021 11:42,2,0,Control,0,0,0,,,,5,0,62,0,4,1,2,1,1,10,1,10,9,1,1,0,1,1,10,10,10,9,9,0,
2827,06/13/2021 11:44,2,0,Trust,0,1,0,,,,4,0,36,1,3,1,1,1,0,3,1,11,3,1,0,0,1,0,1,10,7,11,1,,
2829,06/13/2021 11:42,2,0,Trust_promise,1,0,0,,,1,4,1,54,0,2,0,1,1,1,11,11,11,8,1,1,1,1,0,11,11,11,11,11,1,
2831,06/13/2021 11:45,2,0,Promise,0,0,1,,,1,4,0,61,0,2,0,1,1,0,8,7,6,9,1,1,1,0,1,11,11,11,11,11,1,
2833,06/13/2021 11:45,2,0,Control,0,0,0,,,,1,1,51,1,4,1,1,1,,8,9,11,9,1,1,1,1,1,11,11,11,10,6,0,
2835,06/13/2021 11:49,2,0,Trust,0,1,0,,,,4,1,59,1,2,0,1,1,,6,3,11,5,1,0,0,1,0,11,11,11,11,11,,
2837,06/13/2021 11:53,2,0,Control,0,0,0,,,,6,0,72,1,4,1,3,0,0,3,6,9,9,1,0,1,0,1,7,11,9,11,11,0,
2839,06/13/2021 11:51,2,0,Promise,0,0,1,,,1,1,0,54,1,2,0,2,1,0,7,9,10,8,1,1,1,1,0,9,11,10,11,1,1,
2841,06/13/2021 11:53,2,0,Trust_promise,1,0,0,,,1,3,0,29,1,3,1,1,1,0,3,1,7,6,0,0,0,0,0,1,6,2,1,6,1,
2843,06/13/2021 11:57,2,0,Control,0,0,0,,,,4,1,75,0,3,1,3,0,1,8,6,8,6,1,1,1,0,0,11,11,11,11,11,0,
2845,06/13/2021 11:55,2,0,Trust_promise,1,0,0,,,1,4,0,64,0,4,1,2,1,1,9,1,11,8,1,1,0,1,0,7,11,11,7,6,1,
2847,06/13/2021 12:06,2,0,Trust,0,1,0,,,,1,0,71,0,4,1,3,0,0,5,3,8,8,1,0,0,0,0,11,11,11,11,11,,
2849,06/13/2021 12:11,2,0,Promise,0,0,1,,,1,5,0,68,1,4,1,3,0,0,5,6,10,8,1,0,1,1,0,9,11,11,11,10,1,
2851,06/13/2021 20:43,2,0,Trust,0,1,0,,,,4,1,72,0,4,1,3,0,0,2,9,10,9,1,0,1,1,1,11,11,11,11,11,,
2853,06/13/2021 12:12,2,0,Trust,0,1,0,,,,3,1,28,1,4,1,2,1,1,3,1,8,9,0,0,0,0,1,11,9,11,11,10,,
2855,06/13/2021 12:22,2,0,Control,0,0,0,,,,6,0,45,1,5,1,2,1,1,6,8,11,11,1,0,1,1,1,9,9,11,11,11,0,
2857,06/13/2021 12:26,2,0,Promise,0,0,1,,,1,3,1,50,0,4,1,2,1,1,6,1,9,4,1,0,0,0,0,11,11,11,11,11,1,
2859,06/13/2021 12:31,2,0,Trust_promise,1,0,0,,,1,6,0,57,1,2,0,2,1,0,8,5,9,8,1,1,1,0,0,11,11,11,11,11,1,
2861,06/13/2021 12:34,2,0,Trust_promise,1,0,0,,,1,2,0,72,0,2,0,3,0,0,6,5,6,8,1,0,1,0,0,11,11,11,11,11,1,
2863,06/13/2021 12:37,2,0,Trust,0,1,0,,,,5,1,52,1,2,0,2,1,0,2,1,9,10,1,0,0,0,1,11,11,11,11,11,,
2865,06/13/2021 12:46,2,0,Control,0,0,0,,,,6,0,49,1,3,1,2,1,1,4,8,6,7,1,0,1,0,0,8,6,10,6,2,0,
2867,06/13/2021 12:50,2,0,Promise,0,0,1,,,1,2,0,59,0,2,0,1,1,1,7,7,7,7,1,1,1,0,0,7,9,8,6,4,1,
2869,06/13/2021 13:00,2,0,Promise,0,0,1,,,1,3,0,51,0,2,0,1,1,1,8,6,6,6,1,1,1,0,0,8,8,9,7,6,1,
2871,06/13/2021 12:56,2,0,Control,0,0,0,,,,3,1,47,0,3,1,1,1,,9,1,11,9,1,1,0,1,1,11,11,11,11,11,0,
2873,06/13/2021 13:03,2,0,Trust,0,1,0,,,,4,1,53,0,2,0,1,1,1,9,6,9,9,1,1,1,0,1,10,11,11,11,9,,
2875,06/13/2021 13:11,2,0,Trust_promise,1,0,0,,,1,2,0,72,0,2,0,3,0,1,6,9,11,3,1,0,1,1,0,11,11,11,11,11,1,
2877,06/13/2021 13:14,2,0,Promise,0,0,1,,,1,4,1,70,0,1,0,3,0,0,9,1,11,8,1,1,0,1,0,11,11,11,11,11,1,
2879,06/13/2021 13:16,2,0,Trust,0,1,0,,,,4,0,63,0,3,1,3,0,,6,6,5,8,1,0,1,0,0,7,11,11,11,11,,
2881,06/13/2021 13:17,2,0,Control,0,0,0,,,,4,0,52,0,2,0,1,1,1,7,4,9,9,1,1,0,0,1,11,9,11,10,9,0,
2883,06/13/2021 13:17,2,0,Trust_promise,1,0,0,,,1,1,0,44,0,3,1,1,1,1,9,1,11,6,1,1,0,1,0,11,11,11,6,9,1,
2885,06/13/2021 13:24,2,0,Trust,0,1,0,,,,3,0,76,0,6,0,3,0,,9,6,6,9,1,1,1,0,1,11,11,11,11,11,,
2887,06/13/2021 13:26,2,0,Promise,0,0,1,,,1,4,0,55,1,2,0,3,0,0,8,3,10,7,1,1,0,1,0,11,11,11,11,11,1,
2889,06/13/2021 13:26,2,0,Trust_promise,1,0,0,,,1,4,0,52,0,6,0,1,1,,4,1,1,7,1,0,0,0,0,7,2,6,3,3,1,
2891,06/13/2021 13:32,2,0,Control,0,0,0,,,,6,0,67,0,3,1,3,0,1,1,9,8,9,1,0,1,0,1,11,9,9,11,4,0,
2893,06/13/2021 13:35,2,0,Trust_promise,1,0,0,,,1,5,0,26,0,2,0,1,1,0,6,11,11,7,0,0,1,1,0,11,11,11,11,11,1,
2895,06/13/2021 13:44,2,0,Trust,0,1,0,,,,3,0,71,0,3,1,3,0,0,9,6,9,8,1,1,1,0,0,9,10,11,11,10,,
2897,06/13/2021 13:53,2,0,Promise,0,0,1,,,1,5,1,67,0,3,1,3,0,0,3,6,9,9,1,0,1,0,1,11,9,9,11,4,1,
2899,06/13/2021 13:51,2,0,Control,0,0,0,,,,6,0,57,1,3,1,1,1,,6,11,11,10,1,0,1,1,1,11,11,11,11,1,0,
2901,06/13/2021 13:55,2,0,Trust,0,1,0,,,,5,0,53,1,2,0,2,1,0,8,1,8,6,1,1,0,0,0,11,11,11,11,1,,
2903,06/13/2021 14:08,2,0,Control,0,0,0,,,,3,0,89,0,4,1,3,0,1,7,1,9,8,1,1,0,0,0,8,11,8,6,7,0,
2905,06/13/2021 14:17,2,0,Trust_promise,1,0,0,,,1,6,0,52,1,2,0,1,1,1,6,5,7,7,1,0,1,0,0,10,11,11,11,11,1,
2907,06/13/2021 14:18,2,0,Control,0,0,0,,,,3,0,58,0,2,0,1,1,,11,11,11,6,1,1,1,1,0,11,11,11,11,11,0,
2909,06/13/2021 14:22,2,0,Trust_promise,1,0,0,,,1,2,0,61,1,2,0,2,1,0,3,1,9,7,1,0,0,0,0,11,11,11,11,11,1,
2911,06/13/2021 14:36,2,0,Trust,0,1,0,,,,3,0,72,0,3,1,3,0,1,8,4,9,8,1,1,0,0,0,5,2,10,4,5,,
2913,06/13/2021 14:42,2,0,Promise,0,0,1,,,1,2,0,57,0,2,0,1,1,1,10,6,5,5,1,1,1,0,0,11,11,11,11,1,1,
2915,06/13/2021 14:44,2,0,Promise,0,0,1,,,1,5,1,56,0,3,1,1,1,1,8,8,11,9,1,1,1,1,1,11,10,11,6,11,1,
2917,06/13/2021 14:49,2,0,Trust_promise,1,0,0,,,1,1,0,52,1,4,1,2,1,1,3,8,11,8,1,0,1,1,0,1,11,11,1,11,1,
2919,06/13/2021 14:55,2,0,Trust,0,1,0,,,,1,0,73,0,3,1,3,0,1,10,1,11,8,1,1,0,1,0,11,11,11,10,11,,
2921,06/13/2021 15:05,2,0,Control,0,0,0,,,,1,0,74,0,4,1,3,0,,2,2,9,8,1,0,0,0,0,7,11,11,10,2,0,
2923,06/13/2021 15:08,2,0,Trust_promise,1,0,0,,,1,2,0,69,1,3,1,3,0,0,7,1,8,10,1,1,0,0,1,11,10,10,11,10,1,
2925,06/13/2021 15:13,2,0,Promise,0,0,1,,,1,3,0,56,0,3,1,1,1,1,5,1,9,8,1,0,0,0,0,10,8,9,9,5,1,
2927,06/13/2021 15:12,2,0,Control,0,0,0,,,,4,0,67,1,3,1,3,0,1,8,2,10,8,1,1,0,1,0,10,10,10,10,10,0,
2929,06/13/2021 15:16,2,0,Trust,0,1,0,,,,5,1,52,0,3,1,2,1,1,8,8,11,9,1,1,1,1,1,11,11,11,11,9,,
2931,06/13/2021 15:18,2,0,Promise,0,0,1,,,1,2,0,75,0,6,0,3,0,,6,6,8,8,1,0,1,0,0,7,11,6,6,6,1,
2933,06/13/2021 15:28,2,0,Trust_promise,1,0,0,,,1,3,0,69,0,5,1,3,0,0,4,2,8,8,1,0,0,0,0,10,10,9,4,7,1,
2935,06/13/2021 15:26,2,0,Control,0,0,0,,,,1,0,55,0,3,1,1,1,1,6,11,11,9,1,0,1,1,1,11,11,11,11,11,0,
2937,06/13/2021 15:21,2,0,Trust,0,1,0,,,,2,1,51,1,3,1,2,1,1,6,5,8,7,1,0,1,0,0,11,11,11,11,1,,
2939,06/13/2021 15:56,2,0,Trust_promise,1,0,0,,,1,5,0,39,1,4,1,2,1,0,4,1,9,9,1,0,0,0,1,11,11,11,11,11,1,
2941,06/13/2021 16:06,2,0,Control,0,0,0,,,,2,0,73,0,2,0,3,0,0,8,5,9,6,1,1,1,0,0,9,9,8,11,11,0,
2943,06/13/2021 16:12,2,0,Promise,0,0,1,,,1,4,0,47,1,5,1,2,1,1,8,1,11,3,1,1,0,1,0,1,1,11,1,1,1,
2945,06/13/2021 16:09,2,0,Trust,0,1,0,,,,6,0,57,0,2,0,1,1,1,7,2,7,8,1,1,0,0,0,11,11,11,11,11,,
2947,06/13/2021 16:20,2,0,Control,0,0,0,,,,3,0,47,0,3,1,1,1,0,5,1,8,8,1,0,0,0,0,10,9,10,8,6,0,
2949,06/13/2021 16:24,2,0,Promise,0,0,1,,,1,3,1,27,0,2,0,1,1,1,9,1,8,8,0,1,0,0,0,10,10,10,10,10,1,
2951,06/13/2021 16:58,2,0,Trust,0,1,0,,,,1,0,42,0,4,1,1,1,1,3,8,9,9,1,0,1,0,1,8,9,7,8,9,,
2953,06/13/2021 17:00,2,0,Trust_promise,1,0,0,,,1,4,0,55,0,4,1,1,1,1,5,6,11,8,1,0,1,1,0,11,11,11,11,4,1,
2955,06/13/2021 17:01,2,0,Control,0,0,0,,,,2,0,74,1,3,1,3,0,,2,1,11,7,1,0,0,1,0,7,11,11,9,1,0,
2957,06/13/2021 17:04,2,0,Trust,0,1,0,,,,2,0,53,0,2,0,3,0,0,4,1,9,9,1,0,0,0,1,11,11,11,11,11,,
2959,06/13/2021 17:10,2,0,Promise,0,0,1,,,1,6,1,70,0,2,0,3,0,0,9,1,8,9,1,1,0,0,1,11,11,11,11,11,1,
2961,06/13/2021 17:54,2,0,Control,0,0,0,,,,4,0,56,1,2,0,2,1,0,6,10,11,8,1,0,1,1,0,11,11,11,10,1,0,
2963,06/13/2021 17:16,2,0,Trust_promise,1,0,0,,,1,1,0,80,0,3,1,3,0,0,2,2,3,6,1,0,0,0,0,11,10,10,11,11,1,
2965,06/13/2021 17:13,2,0,Trust,0,1,0,,,,3,0,49,1,2,0,2,1,1,6,4,10,6,1,0,0,1,0,10,11,11,6,10,,
2967,06/13/2021 17:18,2,0,Control,0,0,0,,,,2,0,78,1,4,1,3,0,1,5,11,11,7,1,0,1,1,0,11,11,11,10,8,0,
2969,06/13/2021 17:20,2,0,Trust_promise,1,0,0,,,1,5,1,29,0,2,0,1,1,1,1,1,1,4,0,0,0,0,0,9,1,9,1,8,1,
2971,06/13/2021 17:22,2,0,Promise,0,0,1,,,1,3,0,63,0,2,0,2,1,1,5,4,11,5,1,0,0,1,0,11,11,11,11,11,1,
2973,06/13/2021 17:25,2,0,Trust,0,1,0,,,,5,1,66,0,6,0,2,1,,4,9,8,8,1,0,1,0,0,11,11,10,6,11,,
2975,06/13/2021 17:44,2,0,Trust_promise,1,0,0,,,1,3,0,42,0,2,0,1,1,1,9,6,10,9,1,1,1,1,1,11,11,11,11,10,1,
2977,06/13/2021 17:58,2,0,Trust_promise,1,0,0,,,1,2,0,51,1,2,0,3,0,0,6,11,11,5,1,0,1,1,0,11,11,11,11,11,1,
2979,06/13/2021 18:14,2,0,Promise,0,0,1,,,1,1,0,63,0,3,1,2,1,1,6,1,11,6,1,0,0,1,0,9,9,8,1,6,1,
2981,06/13/2021 18:38,2,0,Promise,0,0,1,,,1,2,0,53,0,6,0,2,1,,5,4,8,8,1,0,0,0,0,9,11,11,10,6,1,
2983,06/13/2021 18:38,2,0,Trust,0,1,0,,,,1,0,19,1,2,0,1,1,0,1,3,11,7,0,0,0,1,0,11,11,11,9,11,,
2985,06/13/2021 18:44,2,0,Control,0,0,0,,,,2,0,69,0,3,1,3,0,,6,1,6,6,1,0,0,0,0,7,11,6,6,6,0,
2987,06/13/2021 18:48,2,0,Control,0,0,0,,,,2,0,58,1,1,0,3,0,,6,2,3,7,1,0,0,0,0,11,11,11,11,11,0,
2989,06/13/2021 18:47,2,0,Trust_promise,1,0,0,,,1,6,1,33,1,3,1,3,0,0,11,1,11,6,0,1,0,1,0,11,8,9,9,9,1,
2991,06/13/2021 18:54,2,0,Promise,0,0,1,,,1,6,0,69,0,4,1,3,0,0,5,2,10,9,1,0,0,1,1,7,9,9,11,5,1,
2993,06/13/2021 18:52,2,0,Trust_promise,1,0,0,,,1,5,0,24,1,3,1,1,1,0,1,1,8,1,0,0,0,0,0,7,1,11,6,11,1,
2995,06/13/2021 18:56,2,0,Trust,0,1,0,,,,1,0,82,1,4,1,3,0,0,2,10,10,10,1,0,1,1,1,7,11,11,8,8,,
2997,06/13/2021 19:04,2,0,Promise,0,0,1,,,1,6,1,45,1,2,0,2,1,0,8,7,11,7,1,1,1,1,0,11,11,11,7,11,1,
2999,06/13/2021 19:33,2,0,Control,0,0,0,,,,6,0,53,0,2,0,1,1,1,3,1,8,8,1,0,0,0,0,7,11,11,6,6,0,
3001,06/13/2021 19:38,2,0,Trust,0,1,0,,,,6,0,55,1,4,1,3,0,0,4,4,10,7,1,0,0,1,0,10,10,10,8,5,,
3003,06/13/2021 19:51,2,0,Promise,0,0,1,,,1,6,0,29,1,5,1,2,1,1,4,6,9,7,0,0,1,0,0,11,11,11,11,11,1,
3005,06/13/2021 20:06,2,0,Trust,0,1,0,,,,6,0,65,1,2,0,3,0,0,5,7,11,7,1,0,1,1,0,1,1,1,1,1,,
3007,06/13/2021 20:05,2,0,Promise,0,0,1,,,1,1,0,56,0,2,0,1,1,1,4,1,7,8,1,0,0,0,0,11,11,11,1,1,1,
3009,06/13/2021 20:06,2,0,Control,0,0,0,,,,1,0,52,1,3,1,1,1,1,4,7,8,8,1,0,1,0,0,11,11,11,11,11,0,
3011,06/13/2021 20:06,2,0,Trust_promise,1,0,0,,,1,1,1,64,0,2,0,2,1,1,3,3,5,6,1,0,0,0,0,11,11,11,11,11,1,
3013,06/13/2021 20:10,2,0,Control,0,0,0,,,,6,0,49,1,2,0,2,1,0,6,3,11,9,1,0,0,1,1,7,11,11,7,11,0,
3015,06/13/2021 20:17,2,0,Trust_promise,1,0,0,,,1,3,0,57,0,2,0,1,1,1,6,8,9,6,1,0,1,0,0,11,11,11,11,11,1,
3017,06/13/2021 20:21,2,0,Trust,0,1,0,,,,2,0,44,1,4,1,2,1,1,1,11,11,6,1,0,1,1,0,11,1,11,6,6,,
3019,06/13/2021 20:26,2,0,Control,0,0,0,,,,3,0,70,1,4,1,3,0,0,6,10,10,10,1,0,1,1,1,11,11,11,11,1,0,
3021,06/13/2021 20:30,2,0,Promise,0,0,1,,,1,1,0,23,1,3,1,3,0,0,6,1,9,4,0,0,0,0,0,11,11,11,11,3,1,
3023,06/13/2021 20:41,2,0,Trust_promise,1,0,0,,,1,5,0,69,1,4,1,3,0,1,7,10,9,8,1,1,1,0,0,7,11,11,11,11,1,
3025,06/13/2021 20:49,2,0,Trust_promise,1,0,0,,,1,2,0,53,1,2,0,3,0,0,3,1,10,8,1,0,0,1,0,11,11,10,6,6,1,
3027,06/13/2021 20:59,2,0,Control,0,0,0,,,,2,0,78,0,6,0,3,0,,8,10,9,7,1,1,1,0,0,11,11,10,11,11,0,
3029,06/13/2021 21:11,2,0,Promise,0,0,1,,,1,6,0,74,0,6,0,3,0,,9,1,7,8,1,1,0,0,0,5,7,6,9,4,1,
3031,06/13/2021 21:28,2,0,Trust,0,1,0,,,,2,0,31,1,3,1,2,1,0,1,1,11,7,0,0,0,1,0,11,6,11,6,6,,
3033,06/13/2021 21:34,2,0,Promise,0,0,1,,,1,2,0,60,1,4,1,2,1,0,3,7,9,7,1,0,1,0,0,10,6,8,6,6,1,
3035,06/13/2021 21:40,2,0,Control,0,0,0,,,,1,0,28,1,1,0,3,0,,6,3,9,6,0,0,0,0,0,11,11,11,11,1,0,
3037,06/13/2021 21:37,2,0,Trust_promise,1,0,0,,,1,3,0,51,0,2,0,1,1,1,8,1,11,10,1,1,0,1,1,11,11,10,9,10,1,
3039,06/13/2021 21:43,2,0,Trust,0,1,0,,,,1,0,64,0,3,1,2,1,1,5,11,8,11,1,0,1,0,1,11,11,11,11,11,,
3041,06/13/2021 21:42,2,0,Control,0,0,0,,,,5,0,32,1,4,1,1,1,1,9,6,9,9,0,1,1,0,1,10,11,11,10,11,0,
3043,06/13/2021 21:43,2,0,Trust,0,1,0,,,,4,1,64,1,2,0,3,0,0,1,1,11,9,1,0,0,1,1,11,9,11,6,10,,
3045,06/13/2021 21:43,2,0,Trust_promise,1,0,0,,,1,2,0,48,0,3,1,1,1,1,11,4,6,4,1,1,0,0,0,7,11,11,11,11,1,
3047,06/13/2021 22:11,2,0,Promise,0,0,1,,,1,6,0,36,1,4,1,1,1,1,7,1,9,8,1,1,0,0,0,10,8,10,8,9,1,
3049,06/13/2021 22:17,2,0,Promise,0,0,1,,,1,2,0,50,1,3,1,2,1,1,3,9,9,9,1,0,1,0,1,11,7,11,5,6,1,
3051,06/13/2021 22:27,2,0,Trust_promise,1,0,0,,,1,3,0,77,1,3,1,3,0,0,9,11,11,8,1,1,1,1,0,11,11,11,10,9,1,
3053,06/13/2021 22:39,2,0,Control,0,0,0,,,,6,0,54,1,4,1,3,0,0,5,4,10,10,1,0,0,1,1,1,11,11,1,11,0,
3055,06/13/2021 22:37,2,0,Trust,0,1,0,,,,4,1,41,0,4,1,1,1,1,8,5,11,6,1,1,1,1,0,11,11,11,11,11,,
3057,06/13/2021 22:44,2,0,Trust_promise,1,0,0,,,1,5,0,63,1,3,1,2,1,1,5,2,9,7,1,0,0,0,0,8,5,8,7,6,1,
3059,06/13/2021 22:55,2,0,Trust,0,1,0,,,,6,0,73,0,3,1,3,0,1,9,3,9,7,1,1,0,0,0,9,9,9,10,9,,
3061,06/13/2021 23:03,2,0,Control,0,0,0,,,,3,0,69,0,4,1,3,0,1,9,6,8,8,1,1,1,0,0,9,6,9,9,9,0,
3063,06/13/2021 23:05,2,0,Promise,0,0,1,,,1,5,1,70,0,3,1,3,0,0,6,11,4,7,1,0,1,0,0,11,11,9,9,11,1,
3065,06/13/2021 23:20,2,0,Promise,0,0,1,,,1,4,1,57,1,3,1,2,1,1,8,7,9,8,1,1,1,0,0,11,11,11,9,9,1,
3067,06/13/2021 23:22,2,0,Control,0,0,0,,,,1,1,52,1,3,1,1,1,1,7,1,11,8,1,1,0,1,0,10,10,10,10,8,0,
3069,06/13/2021 23:26,2,0,Trust,0,1,0,,,,3,0,21,1,2,0,3,0,0,5,1,8,8,0,0,0,0,0,11,11,11,8,6,,
3071,06/13/2021 23:33,2,0,Trust_promise,1,0,0,,,1,4,0,53,1,3,1,2,1,,7,4,11,7,1,1,0,1,0,5,6,9,6,6,1,
3073,06/13/2021 23:45,2,0,Trust_promise,1,0,0,,,1,3,1,70,0,1,0,3,0,0,4,3,6,4,1,0,0,0,0,11,4,4,3,6,1,
3075,06/13/2021 23:46,2,0,Promise,0,0,1,,,1,4,0,23,1,3,1,1,1,0,1,6,11,7,0,0,1,1,0,9,11,8,11,9,1,
3077,06/14/2021 00:25,2,0,Control,0,0,0,,,,5,1,44,1,3,1,1,1,1,7,9,11,6,1,1,1,1,0,11,11,11,11,1,0,
3079,06/14/2021 00:27,2,0,Trust,0,1,0,,,,5,0,58,0,4,1,1,1,1,6,11,6,8,1,0,1,0,0,7,11,11,11,11,,
3081,06/14/2021 00:47,2,0,Control,0,0,0,,,,3,0,63,1,1,0,1,1,0,9,11,11,8,1,1,1,1,0,11,11,10,10,10,0,
3083,06/14/2021 01:18,2,0,Trust_promise,1,0,0,,,1,3,0,43,1,3,1,2,1,1,8,6,6,4,1,1,1,0,0,11,11,11,11,6,1,
3085,06/14/2021 01:35,2,0,Trust,0,1,0,,,,1,0,37,1,3,1,2,1,1,5,7,11,8,1,0,1,1,0,7,11,11,6,6,,
3087,06/14/2021 02:40,2,0,Promise,0,0,1,,,1,2,0,58,1,3,1,1,1,1,9,7,10,9,1,1,1,1,1,7,10,11,6,10,1,
3089,06/14/2021 06:03,2,0,Trust,0,1,0,,,,6,0,58,0,3,1,2,1,1,6,9,9,8,1,0,1,0,0,10,10,10,10,10,,
3091,06/14/2021 06:22,2,0,Control,0,0,0,,,,6,0,52,0,3,1,1,1,1,1,3,5,8,1,0,0,0,0,9,10,11,11,9,0,
3093,06/14/2021 06:55,2,0,Promise,0,0,1,,,1,6,0,54,1,3,1,2,1,1,2,1,11,8,1,0,0,1,0,11,11,11,9,9,1,
3095,06/14/2021 07:18,2,0,Trust_promise,1,0,0,,,1,2,0,61,0,3,1,1,1,,4,1,9,8,1,0,0,0,0,7,10,11,6,8,1,
3097,06/14/2021 07:41,2,0,Control,0,0,0,,,,3,1,39,1,2,0,1,1,,6,6,7,6,1,0,1,0,0,6,11,11,11,6,0,
3099,06/14/2021 07:59,2,0,Trust,0,1,0,,,,3,1,48,0,3,1,1,1,1,6,6,8,8,1,0,1,0,0,11,11,11,11,10,,
3101,06/14/2021 08:10,2,0,Trust_promise,1,0,0,,,1,1,1,60,0,2,0,2,1,1,9,2,10,8,1,1,0,1,0,10,9,10,6,9,1,
3103,06/14/2021 08:09,2,0,Promise,0,0,1,,,1,5,1,57,0,2,0,1,1,1,3,1,11,9,1,0,0,1,1,9,9,8,9,6,1,
3105,06/14/2021 08:07,2,0,Trust_promise,1,0,0,,,1,2,0,29,1,3,1,1,1,0,4,1,10,7,0,0,0,1,0,11,11,11,11,10,1,
3107,06/14/2021 08:25,2,0,Trust,0,1,0,,,,3,1,51,1,2,0,1,1,0,8,4,11,9,1,1,0,1,1,9,9,9,9,9,,
3109,06/14/2021 08:31,2,0,Promise,0,0,1,,,1,3,1,60,0,3,1,1,1,,3,2,8,9,1,0,0,0,1,11,11,11,10,11,1,
3111,06/14/2021 08:36,2,0,Control,0,0,0,,,,1,0,73,0,2,0,3,0,0,2,11,11,8,1,0,1,1,0,11,11,11,11,11,0,
3113,06/14/2021 08:36,2,0,Trust_promise,1,0,0,,,1,4,1,53,1,2,0,3,0,1,11,6,6,5,1,1,1,0,0,4,3,3,3,3,1,
3115,06/14/2021 09:00,2,0,Trust,0,1,0,,,,3,0,58,0,3,1,1,1,1,8,1,9,8,1,1,0,0,0,9,9,9,9,9,,
3117,06/14/2021 09:19,2,0,Control,0,0,0,,,,6,0,67,1,2,0,2,1,,6,6,10,10,1,0,1,1,1,11,11,11,11,11,0,
3119,06/14/2021 09:22,2,0,Promise,0,0,1,,,1,4,0,42,1,3,1,2,1,0,4,1,5,7,1,0,0,0,0,10,9,8,11,4,1,
3121,06/14/2021 09:27,2,0,Trust_promise,1,0,0,,,1,1,0,71,1,3,1,3,0,,5,10,9,8,1,0,1,0,0,11,11,11,11,1,1,
3123,06/14/2021 09:41,2,0,Control,0,0,0,,,,6,1,55,1,4,1,1,1,1,8,7,11,10,1,1,1,1,1,11,11,11,11,11,0,
3125,06/14/2021 09:49,2,0,Promise,0,0,1,,,1,2,0,55,0,6,0,3,0,,9,1,8,9,1,1,0,0,1,4,11,9,9,9,1,
3127,06/14/2021 10:23,2,0,Trust,0,1,0,,,,5,0,64,1,3,1,3,0,1,4,5,5,6,1,0,1,0,0,11,11,11,11,11,,
3129,06/14/2021 10:28,2,0,Trust,0,1,0,,,,2,0,29,1,3,1,1,1,1,3,6,8,10,0,0,1,0,1,11,10,11,8,7,,
3131,06/14/2021 10:58,2,0,Control,0,0,0,,,,4,0,38,1,4,1,2,1,1,7,7,7,7,1,1,1,0,0,7,9,8,9,8,0,
3133,06/14/2021 11:07,2,0,Trust_promise,1,0,0,,,1,4,0,63,1,6,0,3,0,0,5,1,9,7,1,0,0,0,0,10,11,11,11,10,1,
3135,06/14/2021 11:08,2,0,Promise,0,0,1,,,1,5,0,63,1,3,1,3,0,0,4,11,9,9,1,0,1,0,1,10,10,10,10,8,1,
3137,06/14/2021 11:09,2,0,Trust_promise,1,0,0,,,1,5,1,62,0,3,1,1,1,1,7,7,10,9,1,1,1,1,1,10,10,11,11,11,1,
3139,06/14/2021 11:09,2,0,Trust,0,1,0,,,,6,0,59,0,5,1,2,1,1,9,7,8,7,1,1,1,0,0,7,7,8,6,7,,
3141,06/14/2021 11:09,2,0,Promise,0,0,1,,,1,1,0,24,1,2,0,3,0,0,1,1,5,6,0,0,0,0,0,8,7,10,7,6,1,
3143,06/14/2021 11:11,2,0,Control,0,0,0,,,,4,1,66,0,4,1,3,0,1,9,7,10,8,1,1,1,1,0,8,11,10,10,10,0,
3145,06/14/2021 11:10,2,0,Control,0,0,0,,,,6,0,33,1,4,1,2,1,,4,8,11,8,0,0,1,1,0,10,11,11,6,9,0,
3147,06/14/2021 11:13,2,0,Trust_promise,1,0,0,,,1,3,0,65,0,2,0,3,0,0,7,11,11,8,1,1,1,1,0,7,11,6,11,6,1,
3149,06/14/2021 11:13,2,0,Promise,0,0,1,,,1,6,0,63,0,3,1,3,0,1,7,9,9,9,1,1,1,0,1,7,11,11,11,9,1,
3151,06/14/2021 11:12,2,0,Trust_promise,1,0,0,,,1,5,1,68,0,2,0,3,0,,3,1,10,9,1,0,0,1,1,10,10,10,10,10,1,
3153,06/14/2021 11:12,2,0,Trust,0,1,0,,,,1,0,50,1,3,1,2,1,1,6,7,10,11,1,0,1,1,1,9,11,11,11,11,,
3155,06/14/2021 11:13,2,0,Trust,0,1,0,,,,3,0,30,1,4,1,1,1,1,8,4,10,5,0,1,0,1,0,11,10,11,10,7,,
3157,06/14/2021 11:13,2,0,Promise,0,0,1,,,1,2,0,51,1,2,0,1,1,1,4,1,9,6,1,0,0,0,0,11,11,11,6,1,1,
3159,06/14/2021 11:15,2,0,Trust_promise,1,0,0,,,1,2,0,52,1,3,1,2,1,1,4,8,9,7,1,0,1,0,0,11,11,11,11,11,1,
3161,06/14/2021 11:36,2,0,Trust,0,1,0,,,,5,1,28,1,4,1,2,1,1,4,1,11,9,0,0,0,1,1,5,1,11,11,11,,
3163,06/14/2021 11:16,2,0,Promise,0,0,1,,,1,1,1,55,1,2,0,2,1,0,6,6,11,7,1,0,1,1,0,11,11,11,11,11,1,
3165,06/14/2021 11:17,2,0,Trust,0,1,0,,,,2,0,60,0,2,0,1,1,0,9,1,10,9,1,1,0,1,1,11,10,11,4,11,,
3167,06/14/2021 11:19,2,0,Control,0,0,0,,,,3,0,45,1,4,1,2,1,1,7,1,11,1,1,1,0,1,0,11,11,11,2,11,0,
3169,06/14/2021 11:22,2,0,Trust_promise,1,0,0,,,1,3,0,22,1,3,1,1,1,0,1,1,11,9,0,0,0,1,1,10,9,10,8,6,1,
3171,06/14/2021 11:22,2,0,Promise,0,0,1,,,1,5,0,59,1,2,0,1,1,,5,2,7,7,1,0,0,0,0,11,11,11,11,6,1,
3173,06/14/2021 11:24,2,0,Control,0,0,0,,,,1,0,62,1,2,0,2,1,1,2,6,11,8,1,0,1,1,0,11,11,11,11,7,0,
3175,06/14/2021 11:24,2,0,Trust_promise,1,0,0,,,1,5,0,62,1,3,1,3,0,,4,1,8,8,1,0,0,0,0,11,11,11,11,4,1,
3177,06/14/2021 11:24,2,0,Promise,0,0,1,,,1,2,0,53,0,2,0,1,1,0,3,1,6,1,1,0,0,0,0,9,9,8,9,1,1,
3179,06/14/2021 11:26,2,0,Trust,0,1,0,,,,6,0,50,1,3,1,2,1,1,7,11,11,6,1,1,1,1,0,10,11,11,8,7,,
3181,06/14/2021 11:30,2,0,Trust,0,1,0,,,,6,0,53,0,5,1,2,1,1,4,1,10,4,1,0,0,1,0,11,11,11,11,11,,
3183,06/14/2021 11:32,2,0,Control,0,0,0,,,,4,0,59,0,2,0,1,1,1,10,1,11,9,1,1,0,1,1,11,11,11,11,11,0,
3185,06/14/2021 11:30,2,0,Promise,0,0,1,,,1,1,0,54,0,4,1,3,0,1,5,9,6,8,1,0,1,0,0,7,10,9,8,8,1,
3187,06/14/2021 11:33,2,0,Control,0,0,0,,,,6,0,64,1,3,1,3,0,0,4,4,8,8,1,0,0,0,0,9,11,9,11,6,0,
3189,06/14/2021 13:17,2,0,Trust_promise,1,0,0,,,1,3,0,64,0,2,0,1,1,1,9,1,7,9,1,1,0,0,1,11,11,11,11,6,1,
3191,06/14/2021 11:30,2,0,Promise,0,0,1,,,1,5,1,58,0,2,0,1,1,1,7,1,11,10,1,1,0,1,1,11,11,11,11,11,1,
3193,06/14/2021 11:34,2,0,Trust_promise,1,0,0,,,1,6,0,57,0,3,1,2,1,1,7,6,9,8,1,1,1,0,0,11,10,11,6,10,1,
3195,06/14/2021 11:35,2,0,Trust,0,1,0,,,,2,0,66,0,2,0,3,0,1,5,1,9,10,1,0,0,0,1,10,10,10,9,10,,
3197,06/14/2021 11:35,2,0,Trust,0,1,0,,,,4,0,20,1,2,0,2,1,0,5,1,7,7,0,0,0,0,0,9,9,10,8,8,,
3199,06/14/2021 11:34,2,0,Control,0,0,0,,,,1,0,24,1,3,1,2,1,0,6,11,7,7,0,0,1,0,0,10,10,11,10,8,0,
3201,06/14/2021 11:38,2,0,Control,0,0,0,,,,1,1,59,1,2,0,3,0,,8,4,9,9,1,1,0,0,1,11,11,11,11,9,0,
3203,06/14/2021 11:44,2,0,Trust_promise,1,0,0,,,1,1,0,71,0,2,0,3,0,0,4,8,11,9,1,0,1,1,1,7,11,11,11,2,1,
3205,06/14/2021 11:52,2,0,Control,0,0,0,,,,6,0,28,1,4,1,1,1,1,9,1,11,9,0,1,0,1,1,11,10,11,5,5,0,
3207,06/14/2021 11:54,2,0,Promise,0,0,1,,,1,2,1,63,1,3,1,3,0,0,3,4,9,7,1,0,0,0,0,7,6,11,6,6,1,
3209,06/14/2021 11:55,2,0,Control,0,0,0,,,,4,0,28,1,4,1,2,1,1,4,1,11,9,0,0,0,1,1,11,11,11,11,11,0,
3211,06/14/2021 11:57,2,0,Trust,0,1,0,,,,6,0,56,0,4,1,1,1,1,5,4,11,9,1,0,0,1,1,11,11,11,9,11,,
3213,06/14/2021 11:59,2,0,Trust_promise,1,0,0,,,1,6,0,73,1,6,0,3,0,,9,9,6,7,1,1,1,0,0,11,11,11,11,11,1,
3215,06/14/2021 11:59,2,0,Promise,0,0,1,,,1,4,1,60,0,3,1,2,1,1,8,6,9,11,1,1,1,0,1,9,11,9,10,8,1,
3217,06/14/2021 12:06,2,0,Promise,0,0,1,,,1,6,1,32,1,1,0,3,0,0,6,4,11,4,0,0,0,1,0,11,11,11,11,11,1,
3219,06/14/2021 12:05,2,0,Trust_promise,1,0,0,,,1,4,1,63,0,4,1,3,0,0,8,3,10,8,1,1,0,1,0,10,11,10,11,8,1,
3221,06/14/2021 12:02,2,0,Control,0,0,0,,,,1,1,50,1,2,0,1,1,,11,1,10,1,1,1,0,1,0,11,11,11,10,11,0,
3223,06/14/2021 12:04,2,0,Trust,0,1,0,,,,5,0,77,1,3,1,3,0,0,4,1,11,8,1,0,0,1,0,11,11,11,11,11,,
3225,06/14/2021 12:03,2,0,Trust,0,1,0,,,,3,0,55,1,2,0,2,1,0,6,4,9,8,1,0,0,0,0,11,11,11,11,11,,
3227,06/14/2021 12:02,2,0,Trust_promise,1,0,0,,,1,1,0,26,1,3,1,2,1,,4,1,11,6,0,0,0,1,0,7,9,11,9,6,1,
3229,06/14/2021 12:03,2,0,Promise,0,0,1,,,1,5,1,61,0,3,1,3,0,0,4,9,10,9,1,0,1,1,1,11,11,11,11,11,1,
3231,06/14/2021 12:07,2,0,Control,0,0,0,,,,2,1,66,0,3,1,3,0,0,8,5,9,9,1,1,1,0,1,8,8,8,8,8,0,
3233,06/14/2021 12:10,2,0,Trust,0,1,0,,,,3,1,34,1,3,1,2,1,1,6,11,11,6,0,0,1,1,0,11,11,11,11,11,,
3235,06/14/2021 12:07,2,0,Trust_promise,1,0,0,,,1,3,0,71,0,3,1,3,0,1,3,3,7,8,1,0,0,0,0,10,9,11,11,7,1,
3237,06/14/2021 12:09,2,0,Promise,0,0,1,,,1,1,0,72,0,3,1,2,1,1,6,9,9,8,1,0,1,0,0,9,10,9,9,9,1,
3239,06/14/2021 12:12,2,0,Control,0,0,0,,,,5,0,68,0,4,1,3,0,1,4,1,7,8,1,0,0,0,0,10,9,9,9,10,0,
3241,06/14/2021 12:16,2,0,Trust_promise,1,0,0,,,1,3,0,79,0,4,1,3,0,,6,7,10,8,1,0,1,1,0,10,6,9,10,3,1,
3243,06/14/2021 12:14,2,0,Trust_promise,1,0,0,,,1,1,0,36,1,3,1,2,1,1,3,1,5,8,1,0,0,0,0,10,10,10,6,8,1,
3245,06/14/2021 12:15,2,0,Control,0,0,0,,,,1,1,55,0,2,0,1,1,1,8,9,11,10,1,1,1,1,1,10,6,11,11,9,0,
3247,06/14/2021 12:17,2,0,Trust,0,1,0,,,,2,0,64,1,6,0,3,0,,9,6,11,9,1,1,1,1,1,11,11,11,11,6,,
3249,06/14/2021 12:18,2,0,Promise,0,0,1,,,1,6,0,72,0,5,1,1,1,1,3,1,10,10,1,0,0,1,1,9,10,10,11,1,1,
3251,06/14/2021 12:51,2,0,Control,0,0,0,,,,5,1,64,1,3,1,3,0,0,8,9,11,9,1,1,1,1,1,11,11,11,10,11,0,
3253,06/14/2021 12:21,2,0,Promise,0,0,1,,,1,2,0,53,1,2,0,1,1,1,8,6,9,8,1,1,1,0,0,4,3,3,3,5,1,
3255,06/14/2021 12:24,2,0,Trust,0,1,0,,,,5,1,75,0,3,1,3,0,1,9,6,3,6,1,1,1,0,0,7,6,6,6,6,,
3257,06/14/2021 12:22,2,0,Trust_promise,1,0,0,,,1,1,0,52,0,2,0,1,1,1,7,7,8,8,1,1,1,0,0,9,11,11,6,5,1,
3259,06/14/2021 12:28,2,0,Trust_promise,1,0,0,,,1,4,0,18,1,1,0,3,0,0,2,1,10,6,0,0,0,1,0,11,11,11,11,1,1,
3261,06/14/2021 12:30,2,0,Control,0,0,0,,,,6,0,75,0,2,0,3,0,,5,9,9,10,1,0,1,0,1,11,11,11,11,1,0,
3263,06/14/2021 12:32,2,0,Promise,0,0,1,,,1,2,0,57,0,2,0,1,1,0,6,2,5,4,1,0,0,0,0,10,10,10,10,9,1,
3265,06/14/2021 12:37,2,0,Trust,0,1,0,,,,1,0,42,1,3,1,1,1,1,8,8,10,8,1,1,1,1,0,10,9,9,8,6,,
3267,06/14/2021 12:39,2,0,Control,0,0,0,,,,4,0,55,0,2,0,1,1,1,9,4,11,6,1,1,0,1,0,10,10,11,10,10,0,
3269,06/14/2021 12:39,2,0,Trust_promise,1,0,0,,,1,1,0,57,0,3,1,1,1,0,6,11,11,9,1,0,1,1,1,11,11,11,11,11,1,
3271,06/14/2021 12:42,2,0,Control,0,0,0,,,,3,0,51,0,2,0,1,1,,6,8,11,10,1,0,1,1,1,7,6,11,9,1,0,
3273,06/14/2021 12:45,2,0,Trust,0,1,0,,,,1,0,76,0,3,1,3,0,1,5,8,8,9,1,0,1,0,1,10,9,10,10,6,,
3275,06/14/2021 13:27,2,0,Control,0,0,0,,,,4,1,50,0,2,0,3,0,1,11,1,6,9,1,1,0,0,1,11,11,11,11,11,0,
3277,06/14/2021 12:51,2,0,Trust,0,1,0,,,,3,0,70,0,2,0,3,0,,7,3,5,9,1,1,0,0,1,9,9,9,10,9,,
3279,06/14/2021 12:50,2,0,Promise,0,0,1,,,1,4,0,55,1,3,1,1,1,1,6,4,7,6,1,0,0,0,0,11,11,11,11,3,1,
3281,06/14/2021 18:01,2,0,Trust,0,1,0,,,,1,0,53,0,3,1,2,1,1,3,1,11,8,1,0,0,1,0,9,9,9,9,9,,
3283,06/14/2021 12:57,2,0,Promise,0,0,1,,,1,3,1,59,1,2,0,1,1,1,5,3,1,4,1,0,0,0,0,11,11,11,11,11,1,
3285,06/14/2021 12:59,2,0,Trust_promise,1,0,0,,,1,3,0,71,0,2,0,3,0,,9,3,10,7,1,1,0,1,0,8,10,11,9,5,1,
3287,06/14/2021 13:00,2,0,Trust_promise,1,0,0,,,1,4,1,57,1,2,0,1,1,0,9,1,6,8,1,1,0,0,0,9,10,9,10,1,1,
3289,06/14/2021 13:05,2,0,Promise,0,0,1,,,1,1,0,56,0,3,1,2,1,1,9,5,11,5,1,1,1,1,0,11,11,11,11,11,1,
3291,06/14/2021 13:07,2,0,Control,0,0,0,,,,1,0,64,0,3,1,3,0,1,10,3,11,8,1,1,0,1,0,11,11,11,11,6,0,
3293,06/14/2021 13:20,2,0,Trust,0,1,0,,,,2,0,18,1,2,0,2,1,,2,6,5,6,0,0,1,0,0,7,6,7,6,7,,
3295,06/14/2021 13:26,2,0,Trust,0,1,0,,,,3,0,46,1,2,0,1,1,,4,8,9,9,1,0,1,0,1,11,11,10,10,3,,
3297,06/14/2021 13:20,2,0,Control,0,0,0,,,,6,0,38,0,2,0,1,1,1,7,4,7,8,1,1,0,0,0,11,11,10,11,11,0,
3299,06/14/2021 13:24,2,0,Promise,0,0,1,,,1,5,1,68,0,2,0,3,0,,6,9,4,4,1,0,1,0,0,7,8,11,1,1,1,
3301,06/14/2021 13:25,2,0,Trust_promise,1,0,0,,,1,1,0,58,0,2,0,1,1,1,4,1,9,8,1,0,0,0,0,11,11,11,11,10,1,
3303,06/14/2021 13:26,2,0,Trust,0,1,0,,,,2,1,59,0,2,0,1,1,1,6,7,4,4,1,0,1,0,0,11,11,11,11,11,,
3305,06/14/2021 13:29,2,0,Promise,0,0,1,,,1,6,0,77,0,6,0,3,0,,11,2,10,9,1,1,0,1,1,11,11,11,1,11,1,
3307,06/14/2021 13:29,2,0,Control,0,0,0,,,,5,1,64,0,4,1,3,0,,1,8,11,8,1,0,1,1,0,10,10,9,11,10,0,
3309,06/14/2021 13:35,2,0,Trust,0,1,0,,,,2,0,78,0,4,1,3,0,1,8,6,11,7,1,1,1,1,0,11,11,11,11,6,,
3311,06/14/2021 13:32,2,0,Trust_promise,1,0,0,,,1,4,1,54,0,2,0,2,1,1,6,1,11,8,1,0,0,1,0,7,11,11,11,11,1,
3313,06/14/2021 13:33,2,0,Promise,0,0,1,,,1,6,0,61,0,2,0,1,1,,8,1,9,9,1,1,0,0,1,11,11,11,11,11,1,
3315,06/14/2021 13:54,2,0,Promise,0,0,1,,,1,4,1,51,0,3,1,3,0,0,8,1,11,6,1,1,0,1,0,11,11,11,11,11,1,
3317,06/14/2021 14:00,2,0,Control,0,0,0,,,,5,0,78,1,3,1,3,0,,7,11,10,7,1,1,1,1,0,7,11,6,1,1,0,
3319,06/14/2021 14:02,2,0,Trust,0,1,0,,,,3,1,79,0,3,1,3,0,0,4,3,8,7,1,0,0,0,0,10,10,10,10,9,,
3321,06/14/2021 14:00,2,0,Trust_promise,1,0,0,,,1,1,0,54,1,2,0,1,1,,6,5,9,8,1,0,1,0,0,1,6,11,11,1,1,
3323,06/14/2021 14:08,2,0,Trust_promise,1,0,0,,,1,2,0,25,1,4,1,1,1,1,5,1,9,5,0,0,0,0,0,9,10,11,9,9,1,
3325,06/14/2021 14:14,2,0,Control,0,0,0,,,,5,0,56,0,3,1,3,0,0,10,1,9,9,1,1,0,0,1,10,9,9,9,11,0,
3327,06/14/2021 14:16,2,0,Trust,0,1,0,,,,1,0,52,1,3,1,2,1,1,5,5,10,9,1,0,1,1,1,3,11,11,11,6,,
3329,06/14/2021 14:17,2,0,Trust_promise,1,0,0,,,1,2,0,72,1,2,0,3,0,0,8,6,11,7,1,1,1,1,0,10,6,8,6,6,1,
3331,06/14/2021 14:30,2,0,Control,0,0,0,,,,3,0,74,0,1,0,3,0,0,3,1,9,9,1,0,0,0,1,8,4,7,8,6,0,
3333,06/14/2021 14:31,2,0,Promise,0,0,1,,,1,6,0,68,0,1,0,3,0,0,9,1,9,8,1,1,0,0,0,8,9,9,7,8,1,
3335,06/14/2021 14:53,2,0,Trust,0,1,0,,,,3,1,59,0,2,0,1,1,1,10,9,10,9,1,1,1,1,1,10,10,11,10,10,,
3337,06/14/2021 14:54,2,0,Promise,0,0,1,,,1,6,0,32,0,3,1,1,1,0,3,1,7,8,0,0,0,0,0,9,6,7,7,5,1,
3339,06/14/2021 15:04,2,0,Promise,0,0,1,,,1,5,1,75,1,6,0,3,0,0,9,11,11,9,1,1,1,1,1,11,11,11,11,1,1,
3341,06/14/2021 14:59,2,0,Trust_promise,1,0,0,,,1,3,1,47,1,4,1,2,1,1,5,3,8,7,1,0,0,0,0,7,6,6,6,9,1,
3343,06/14/2021 15:13,2,0,Trust,0,1,0,,,,4,1,55,0,1,0,1,1,0,10,1,6,4,1,1,0,0,0,3,11,9,11,11,,
3345,06/14/2021 15:17,2,0,Control,0,0,0,,,,3,1,73,0,3,1,3,0,0,5,11,11,8,1,0,1,1,0,1,11,11,11,1,0,
3347,06/14/2021 15:20,2,0,Trust_promise,1,0,0,,,1,1,0,30,0,3,1,1,1,1,8,1,8,7,0,1,0,0,0,11,9,11,9,9,1,
3349,06/14/2021 15:30,2,0,Promise,0,0,1,,,1,1,0,74,0,2,0,3,0,,6,10,11,9,1,0,1,1,1,7,11,11,11,6,1,
3351,06/14/2021 15:28,2,0,Trust,0,1,0,,,,6,1,26,1,3,1,2,1,0,4,11,11,7,0,0,1,1,0,11,11,10,11,9,,
3353,06/14/2021 15:50,2,0,Control,0,0,0,,,,5,1,58,0,3,1,2,1,1,9,1,8,10,1,1,0,0,1,3,1,10,1,2,0,
3355,06/14/2021 15:55,2,0,Trust,0,1,0,,,,1,0,52,1,2,0,2,1,1,4,8,11,8,1,0,1,1,0,11,11,11,11,11,,
3357,06/14/2021 16:02,2,0,Control,0,0,0,,,,1,0,21,0,2,0,3,0,0,7,1,11,6,0,1,0,1,0,6,7,11,11,9,0,
3359,06/14/2021 16:25,2,0,Trust_promise,1,0,0,,,1,3,1,38,1,3,1,2,1,1,7,1,8,7,1,1,0,0,0,7,6,7,4,7,1,
3361,06/14/2021 16:35,2,0,Promise,0,0,1,,,1,3,0,39,1,3,1,1,1,0,3,1,11,6,1,0,0,1,0,11,9,11,9,9,1,
3363,06/14/2021 16:35,2,0,Control,0,0,0,,,,1,0,75,0,5,1,1,1,,6,1,8,9,1,0,0,0,1,1,1,1,1,1,0,
3365,06/14/2021 16:46,2,0,Trust,0,1,0,,,,6,1,73,0,4,1,3,0,1,3,1,9,7,1,0,0,0,0,9,9,9,9,9,,
3367,06/14/2021 16:44,2,0,Promise,0,0,1,,,1,3,0,24,1,2,0,1,1,0,6,3,9,9,0,0,0,0,1,9,11,11,9,11,1,
3369,06/14/2021 17:00,2,0,Trust_promise,1,0,0,,,1,5,1,73,0,2,0,1,1,,8,6,8,7,1,1,1,0,0,11,11,11,10,10,1,
3371,06/14/2021 17:09,2,0,Control,0,0,0,,,,2,1,51,1,2,0,2,1,0,6,7,11,10,1,0,1,1,1,11,11,11,11,11,0,
3373,06/14/2021 17:09,2,0,Trust,0,1,0,,,,1,0,54,0,4,1,1,1,1,8,7,10,8,1,1,1,1,0,11,11,11,11,9,,
3375,06/14/2021 17:13,2,0,Trust_promise,1,0,0,,,1,5,1,54,1,3,1,2,1,1,5,4,11,10,1,0,0,1,1,11,11,10,9,10,1,
3377,06/14/2021 17:25,2,0,Promise,0,0,1,,,1,6,0,62,1,3,1,2,1,,9,9,8,8,1,1,1,0,0,10,10,10,11,10,1,
3379,06/14/2021 20:14,2,0,Promise,0,0,1,,,1,1,0,31,1,4,1,1,1,1,7,1,11,7,0,1,0,1,0,5,10,7,7,1,1,
3381,06/14/2021 17:31,2,0,Control,0,0,0,,,,4,1,26,1,3,1,1,1,0,1,5,7,7,0,0,1,0,0,10,9,10,9,8,0,
3383,06/14/2021 17:52,2,0,Promise,0,0,1,,,1,6,0,69,0,2,0,1,1,0,6,9,9,11,1,0,1,0,1,11,11,10,6,10,1,
3385,06/14/2021 17:57,2,0,Trust_promise,1,0,0,,,1,4,1,71,0,3,1,3,0,,6,10,8,9,1,0,1,0,1,10,10,10,5,10,1,
3387,06/14/2021 18:09,2,0,Trust_promise,1,0,0,,,1,1,0,78,0,4,1,3,0,1,3,3,8,9,1,0,0,0,1,11,9,9,9,4,1,
3389,06/14/2021 18:14,2,0,Promise,0,0,1,,,1,4,0,79,0,4,1,3,0,0,4,1,5,8,1,0,0,0,0,7,6,7,6,4,1,
3391,06/14/2021 18:27,2,0,Control,0,0,0,,,,2,0,62,1,2,0,1,1,0,9,10,11,9,1,1,1,1,1,10,11,11,10,9,0,
3393,06/14/2021 18:33,2,0,Trust,0,1,0,,,,4,1,56,1,2,0,1,1,1,11,1,11,8,1,1,0,1,0,11,11,11,11,11,,
3395,06/14/2021 18:32,2,0,Trust,0,1,0,,,,2,0,23,1,2,0,2,1,,8,3,11,8,0,1,0,1,0,9,9,9,9,6,,
3397,06/14/2021 18:34,2,0,Promise,0,0,1,,,1,3,0,59,1,2,0,1,1,0,6,7,8,6,1,0,1,0,0,9,9,9,6,6,1,
3399,06/14/2021 18:49,2,0,Trust_promise,1,0,0,,,1,5,1,50,0,3,1,1,1,1,7,1,7,7,1,1,0,0,0,11,11,11,11,8,1,
3401,06/14/2021 18:51,2,0,Control,0,0,0,,,,3,0,78,0,2,0,1,1,,7,5,8,7,1,1,1,0,0,11,11,11,11,11,0,
3403,06/14/2021 18:54,2,0,Trust,0,1,0,,,,6,0,66,0,2,0,3,0,0,6,4,5,5,1,0,0,0,0,11,11,11,11,11,,
3405,06/14/2021 18:55,2,0,Promise,0,0,1,,,1,4,0,54,1,2,0,1,1,0,6,11,8,5,1,0,1,0,0,11,11,11,11,1,1,
3407,06/14/2021 19:30,2,0,Control,0,0,0,,,,5,0,73,0,2,0,3,0,0,4,1,11,9,1,0,0,1,1,9,9,11,11,9,0,
3409,06/14/2021 19:29,2,0,Trust_promise,1,0,0,,,1,4,1,59,0,1,0,1,1,1,6,6,11,11,1,0,1,1,1,11,11,11,4,11,1,
3411,06/14/2021 19:37,2,0,Control,0,0,0,,,,5,0,69,0,2,0,3,0,0,4,1,7,9,1,0,0,0,1,11,10,11,10,11,0,
3413,06/14/2021 19:44,2,0,Promise,0,0,1,,,1,6,0,77,0,2,0,3,0,1,8,11,11,8,1,1,1,1,0,11,11,9,11,9,1,
3415,06/14/2021 19:52,2,0,Trust_promise,1,0,0,,,1,6,1,62,0,3,1,1,1,0,3,2,11,8,1,0,0,1,0,8,9,10,8,9,1,
3417,06/14/2021 19:52,2,0,Trust,0,1,0,,,,2,0,58,0,3,1,2,1,1,9,6,9,9,1,1,1,0,1,9,9,11,6,9,,
3419,06/14/2021 19:55,2,0,Control,0,0,0,,,,3,1,66,0,3,1,3,0,1,8,9,10,9,1,1,1,1,1,11,11,9,10,8,0,
3421,06/14/2021 20:04,2,0,Trust,0,1,0,,,,4,1,67,0,3,1,3,0,1,5,1,9,9,1,0,0,0,1,9,9,11,11,9,,
3423,06/14/2021 20:19,2,0,Trust_promise,1,0,0,,,1,2,0,67,0,3,1,1,1,,9,9,11,7,1,1,1,1,0,9,6,9,9,3,1,
3425,06/14/2021 20:37,2,0,Trust,0,1,0,,,,3,0,51,0,1,0,1,1,1,7,11,11,7,1,1,1,1,0,11,11,11,11,11,,
3427,06/14/2021 20:44,2,0,Promise,0,0,1,,,1,6,0,25,1,4,1,1,1,1,3,1,9,9,0,0,0,0,1,11,11,11,11,11,1,
3429,06/14/2021 20:48,2,0,Trust_promise,1,0,0,,,1,1,0,70,0,2,0,3,0,,10,4,6,7,1,1,0,0,0,11,11,11,11,11,1,
3431,06/14/2021 20:52,2,0,Control,0,0,0,,,,3,1,50,1,4,1,2,1,1,4,6,11,6,1,0,1,1,0,11,11,6,6,1,0,
3433,06/14/2021 21:06,2,0,Trust,0,1,0,,,,1,0,35,1,4,1,1,1,1,8,1,11,7,1,1,0,1,0,9,11,11,10,8,,
3435,06/14/2021 21:09,2,0,Trust_promise,1,0,0,,,1,1,0,65,0,2,0,1,1,0,6,1,6,4,1,0,0,0,0,11,11,11,11,11,1,
3437,06/14/2021 21:12,2,0,Promise,0,0,1,,,1,2,0,70,0,3,1,3,0,0,9,11,11,6,1,1,1,1,0,11,11,11,11,11,1,
3439,06/14/2021 21:15,2,0,Control,0,0,0,,,,4,1,55,1,2,0,1,1,1,10,9,11,5,1,1,1,1,0,11,11,11,11,11,0,
3441,06/14/2021 21:28,2,0,Trust,0,1,0,,,,2,1,66,0,3,1,3,0,0,4,4,6,7,1,0,0,0,0,11,9,9,9,10,,
3443,06/14/2021 21:45,2,0,Control,0,0,0,,,,4,1,59,0,2,0,1,1,1,6,1,10,9,1,0,0,1,1,9,9,9,9,9,0,
3445,06/14/2021 22:05,2,0,Promise,0,0,1,,,1,3,0,81,0,3,1,3,0,1,6,3,9,10,1,0,0,0,1,11,11,11,11,9,1,
3447,06/14/2021 22:15,2,0,Trust_promise,1,0,0,,,1,6,1,74,0,1,0,3,0,0,3,10,10,9,1,0,1,1,1,11,11,6,11,11,1,
3449,06/14/2021 22:52,2,0,Promise,0,0,1,,,1,1,0,20,1,2,0,1,1,0,2,1,11,4,0,0,0,1,0,8,11,8,11,6,1,
3451,06/14/2021 23:09,2,0,Control,0,0,0,,,,1,0,68,0,2,0,3,0,0,6,6,10,8,1,0,1,1,0,10,8,10,5,9,0,
3453,06/14/2021 23:02,2,0,Trust,0,1,0,,,,2,0,55,1,2,0,2,1,1,2,1,11,8,1,0,0,1,0,11,11,11,7,3,,
3455,06/14/2021 23:05,2,0,Trust_promise,1,0,0,,,1,2,1,23,1,2,0,1,1,0,4,1,11,5,0,0,0,1,0,10,11,11,11,11,1,
3457,06/14/2021 23:20,2,0,Trust,0,1,0,,,,5,0,53,0,3,1,3,0,1,9,1,9,8,1,1,0,0,0,9,11,11,7,11,,
3459,06/14/2021 23:21,2,0,Promise,0,0,1,,,1,6,1,40,1,3,1,1,1,0,6,6,8,8,1,0,1,0,0,10,11,11,11,11,1,
3461,06/14/2021 23:55,2,0,Trust_promise,1,0,0,,,1,5,0,74,0,3,1,3,0,0,9,1,6,8,1,1,0,0,0,11,11,11,11,11,1,
3463,06/15/2021 00:13,2,0,Control,0,0,0,,,,1,0,69,0,3,1,3,0,,4,1,11,9,1,0,0,1,1,11,11,11,11,11,0,
3465,06/15/2021 00:58,2,0,Promise,0,0,1,,,1,3,0,69,0,3,1,3,0,0,9,11,11,8,1,1,1,1,0,11,11,11,11,11,1,
3467,06/15/2021 02:10,2,0,Control,0,0,0,,,,2,1,48,0,2,0,1,1,0,9,9,10,9,1,1,1,1,1,11,11,11,11,11,0,
3469,06/15/2021 02:20,2,0,Trust_promise,1,0,0,,,1,5,0,40,1,3,1,1,1,,6,1,6,1,1,0,0,0,0,11,11,11,6,11,1,
3471,06/15/2021 06:45,2,0,Trust,0,1,0,,,,1,0,24,0,3,1,1,1,,7,1,11,7,0,1,0,1,0,11,10,9,8,7,,
3473,06/15/2021 06:50,2,0,Trust,0,1,0,,,,2,0,28,1,3,1,2,1,0,5,8,9,8,0,0,1,0,0,7,11,10,11,8,,
3475,06/15/2021 07:33,2,0,Trust_promise,1,0,0,,,1,1,0,53,1,2,0,3,0,0,5,11,11,8,1,0,1,1,0,11,11,11,11,9,1,
3477,06/15/2021 08:32,2,0,Control,0,0,0,,,,4,0,58,1,4,1,3,0,1,4,1,9,8,1,0,0,0,0,7,9,7,11,5,0,
3479,06/15/2021 08:56,2,0,Promise,0,0,1,,,1,4,0,50,0,2,0,1,1,1,6,6,11,9,1,0,1,1,1,7,8,8,6,6,1,
3481,06/15/2021 09:10,2,0,Promise,0,0,1,,,1,4,1,59,1,1,0,3,0,0,2,8,11,11,1,0,1,1,1,11,11,11,11,4,1,
3483,06/15/2021 09:50,2,0,Trust_promise,1,0,0,,,1,4,1,34,1,4,1,1,1,0,4,1,9,9,0,0,0,0,1,7,9,11,9,7,1,
3485,06/15/2021 10:49,2,0,Control,0,0,0,,,,2,1,72,0,6,0,3,0,0,7,1,6,5,1,1,0,0,0,9,9,6,4,5,0,
3487,06/15/2021 10:56,2,0,Trust,0,1,0,,,,5,0,32,1,3,1,3,0,0,8,4,10,6,0,1,0,1,0,4,11,11,11,11,,
3489,06/15/2021 11:07,2,0,Trust_promise,1,0,0,,,1,1,0,51,0,2,0,1,1,1,6,1,9,9,1,0,0,0,1,11,11,11,11,7,1,
3491,06/15/2021 11:11,2,0,Control,0,0,0,,,,4,1,66,0,3,1,3,0,0,8,6,4,7,1,1,1,0,0,11,10,11,11,10,0,
3493,06/15/2021 11:12,2,0,Promise,0,0,1,,,1,6,1,76,0,3,1,3,0,,6,1,11,9,1,0,0,1,1,11,11,11,11,1,1,
3495,06/15/2021 11:12,2,0,Trust,0,1,0,,,,6,0,59,1,2,0,3,0,0,4,9,9,7,1,0,1,0,0,11,11,11,9,6,,
3497,06/15/2021 11:11,2,0,Control,0,0,0,,,,2,0,30,1,4,1,1,1,1,3,2,9,8,0,0,0,0,0,8,7,9,9,5,0,
3499,06/15/2021 11:13,2,0,Trust_promise,1,0,0,,,1,1,0,57,0,1,0,3,0,0,3,3,10,8,1,0,0,1,0,10,9,11,9,9,1,
3501,06/15/2021 11:14,2,0,Trust,0,1,0,,,,1,1,62,0,2,0,3,0,1,3,6,9,9,1,0,1,0,1,10,6,8,10,9,,
3503,06/15/2021 11:14,2,0,Promise,0,0,1,,,1,2,0,74,1,2,0,3,0,,8,6,5,7,1,1,1,0,0,7,1,1,1,2,1,
3505,06/15/2021 11:15,2,0,Control,0,0,0,,,,1,0,57,1,4,1,2,1,,6,1,11,6,1,0,0,1,0,9,9,11,6,6,0,
3507,06/15/2021 11:19,2,0,Promise,0,0,1,,,1,6,0,80,0,2,0,3,0,0,6,1,11,6,1,0,0,1,0,11,11,11,11,6,1,
3509,06/15/2021 15:33,2,0,Control,0,0,0,,,,1,0,51,0,4,1,1,1,0,4,11,10,7,1,0,1,1,0,11,11,10,11,11,0,
3511,06/15/2021 11:34,2,0,Trust,0,1,0,,,,2,1,58,0,2,0,3,0,1,6,10,10,6,1,0,1,1,0,11,10,11,11,10,,
3513,06/15/2021 11:47,2,0,Trust_promise,1,0,0,,,1,4,0,65,0,3,1,3,0,1,4,5,11,4,1,0,1,1,0,8,10,9,9,4,1,
3515,06/15/2021 11:51,2,0,Trust,0,1,0,,,,5,0,52,0,4,1,1,1,1,8,8,10,10,1,1,1,1,1,11,11,9,11,6,,
3517,06/15/2021 11:53,2,0,Control,0,0,0,,,,3,1,60,0,2,0,2,1,0,7,3,11,9,1,1,0,1,1,11,11,11,11,11,0,
3519,06/15/2021 11:52,2,0,Promise,0,0,1,,,1,6,0,28,0,2,0,1,1,1,8,1,9,6,0,1,0,0,0,10,8,11,11,9,1,
3521,06/15/2021 11:54,2,0,Trust_promise,1,0,0,,,1,6,0,59,0,3,1,3,0,0,3,1,11,10,1,0,0,1,1,11,11,11,11,10,1,
3523,06/15/2021 11:59,2,0,Trust_promise,1,0,0,,,1,2,0,69,0,2,0,3,0,0,1,1,11,11,1,0,0,1,1,11,11,11,11,11,1,
3525,06/15/2021 12:05,2,0,Promise,0,0,1,,,1,1,0,60,0,3,1,1,1,1,8,3,8,7,1,1,0,0,0,11,11,11,11,9,1,
3527,06/15/2021 12:12,2,0,Trust,0,1,0,,,,4,0,67,0,3,1,1,1,1,6,1,11,7,1,0,0,1,0,11,8,11,9,9,,
3529,06/15/2021 12:18,2,0,Control,0,0,0,,,,6,1,57,0,2,0,3,0,0,6,5,11,6,1,0,1,1,0,11,11,11,10,1,0,
3531,06/15/2021 12:19,2,0,Trust,0,1,0,,,,3,0,77,0,4,1,3,0,1,9,8,10,8,1,1,1,1,0,11,11,11,10,6,,
3533,06/15/2021 12:26,2,0,Trust_promise,1,0,0,,,1,3,0,52,0,4,1,2,1,,8,1,11,6,1,1,0,1,0,11,11,11,6,1,1,
3535,06/15/2021 12:19,2,0,Promise,0,0,1,,,1,1,0,53,0,4,1,2,1,1,8,3,11,8,1,1,0,1,0,9,9,9,9,9,1,
3537,06/15/2021 12:22,2,0,Control,0,0,0,,,,4,0,43,1,4,1,2,1,0,6,7,10,10,1,0,1,1,1,1,11,6,1,1,0,
3539,06/15/2021 12:25,2,0,Control,0,0,0,,,,4,0,33,1,4,1,1,1,,7,1,9,7,0,1,0,0,0,11,10,11,11,9,0,
3541,06/15/2021 13:18,2,0,Control,0,0,0,,,,4,1,30,1,4,1,2,1,0,7,8,8,8,0,1,1,0,0,8,11,8,8,6,0,
3543,06/15/2021 15:31,2,0,Trust,0,1,0,,,,2,1,31,1,3,1,1,1,0,1,1,6,4,0,0,0,0,0,7,6,6,1,6,,
3545,06/15/2021 12:42,2,0,Promise,0,0,1,,,1,1,0,55,1,3,1,1,1,,10,6,9,8,1,1,1,0,0,11,11,11,11,11,1,
3547,06/15/2021 12:49,2,0,Trust_promise,1,0,0,,,1,1,0,36,1,2,0,1,1,0,4,3,8,7,1,0,0,0,0,11,11,11,11,11,1,
3549,06/15/2021 13:14,2,0,Trust,0,1,0,,,,4,1,75,0,2,0,3,0,,4,8,4,8,1,0,1,0,0,9,5,8,8,8,,
3551,06/15/2021 12:53,2,0,Trust_promise,1,0,0,,,1,3,0,44,1,3,1,2,1,1,6,4,10,7,1,0,0,1,0,8,8,11,9,3,1,
3553,06/15/2021 12:54,2,0,Promise,0,0,1,,,1,5,1,35,1,4,1,1,1,,6,1,11,6,1,0,0,1,0,11,11,11,11,11,1,
3555,06/15/2021 13:00,2,0,Trust,0,1,0,,,,5,0,51,0,3,1,2,1,1,4,7,11,9,1,0,1,1,1,11,11,11,11,11,,
3557,06/15/2021 12:59,2,0,Control,0,0,0,,,,1,0,69,0,2,0,3,0,1,9,6,7,4,1,1,1,0,0,11,11,10,11,6,0,
3559,06/15/2021 13:11,2,0,Promise,0,0,1,,,1,4,1,73,0,3,1,3,0,0,9,6,8,8,1,1,1,0,0,11,11,11,11,11,1,
3561,06/15/2021 13:10,2,0,Trust_promise,1,0,0,,,1,1,0,56,1,3,1,2,1,1,3,9,8,9,1,0,1,0,1,11,11,11,6,6,1,
3563,06/15/2021 13:22,2,0,Trust,0,1,0,,,,3,0,74,0,3,1,3,0,0,8,1,9,8,1,1,0,0,0,11,11,11,6,11,,
3565,06/15/2021 13:23,2,0,Trust_promise,1,0,0,,,1,1,1,54,1,3,1,2,1,0,5,1,11,8,1,0,0,1,0,10,6,10,1,6,1,
3567,06/15/2021 13:37,2,0,Trust,0,1,0,,,,3,0,52,0,1,0,1,1,1,8,5,10,7,1,1,1,1,0,7,10,11,11,8,,
3569,06/15/2021 13:40,2,0,Control,0,0,0,,,,1,0,56,0,3,1,2,1,1,9,7,4,7,1,1,1,0,0,10,7,10,6,6,0,
3571,06/15/2021 13:45,2,0,Promise,0,0,1,,,1,4,0,74,0,2,0,3,0,0,9,7,7,9,1,1,1,0,1,11,11,11,11,6,1,
3573,06/15/2021 14:02,2,0,Promise,0,0,1,,,1,3,0,40,1,3,1,2,1,0,1,1,10,6,1,0,0,1,0,11,11,11,11,6,1,
3575,06/15/2021 14:11,2,0,Control,0,0,0,,,,5,0,70,0,3,1,3,0,1,9,8,10,7,1,1,1,1,0,7,6,5,9,6,0,
3577,06/15/2021 14:17,2,0,Trust_promise,1,0,0,,,1,4,1,74,0,2,0,3,0,0,1,7,5,9,1,0,1,0,1,7,6,6,6,6,1,
3579,06/15/2021 14:17,2,0,Trust,0,1,0,,,,1,1,75,0,1,0,3,0,0,10,3,6,8,1,1,0,0,0,8,9,9,3,6,,
3581,06/15/2021 14:20,2,0,Trust_promise,1,0,0,,,1,6,0,52,1,4,1,1,1,0,4,11,11,9,1,0,1,1,1,11,9,11,9,9,1,
3583,06/15/2021 14:38,2,0,Promise,0,0,1,,,1,4,0,84,0,3,1,3,0,0,3,6,9,9,1,0,1,0,1,9,11,9,8,2,1,
3585,06/15/2021 15:05,2,0,Trust,0,1,0,,,,3,0,77,0,3,1,3,0,,9,6,6,9,1,1,1,0,1,7,11,11,11,6,,
3587,06/15/2021 15:10,2,0,Trust,0,1,0,,,,4,0,67,0,3,1,1,1,1,8,1,9,8,1,1,0,0,0,11,11,11,6,11,,
3589,06/15/2021 15:14,2,0,Promise,0,0,1,,,1,4,0,40,1,5,1,1,1,1,4,1,8,8,1,0,0,0,0,1,1,11,1,1,1,
3591,06/15/2021 15:57,2,0,Promise,0,0,1,,,1,5,1,48,1,3,1,1,1,1,8,2,11,11,1,1,0,1,1,11,11,11,11,11,1,
3593,06/15/2021 15:20,2,0,Control,0,0,0,,,,2,0,79,0,3,1,3,0,1,7,1,6,8,1,1,0,0,0,11,11,9,6,1,0,
3595,06/15/2021 15:20,2,0,Trust_promise,1,0,0,,,1,2,1,60,0,3,1,2,1,1,9,6,6,9,1,1,1,0,1,11,11,11,11,10,1,
3597,06/15/2021 15:39,2,0,Trust_promise,1,0,0,,,1,6,0,78,0,2,0,3,0,0,6,5,11,10,1,0,1,1,1,11,10,11,11,5,1,
3599,06/15/2021 15:41,2,0,Control,0,0,0,,,,4,1,75,0,3,1,3,0,1,8,9,7,9,1,1,1,0,1,11,11,11,11,11,0,
3601,06/15/2021 15:50,2,0,Promise,0,0,1,,,1,5,0,53,0,1,0,1,1,1,10,2,10,5,1,1,0,1,0,11,6,10,11,1,1,
3603,06/15/2021 15:47,2,0,Control,0,0,0,,,,3,1,55,1,3,1,2,1,1,7,7,7,6,1,1,1,0,0,11,11,9,11,11,0,
3605,06/15/2021 15:53,2,0,Trust,0,1,0,,,,4,0,50,1,2,0,2,1,,2,6,6,7,1,0,1,0,0,11,10,11,11,10,,
3607,06/15/2021 16:11,2,0,Promise,0,0,1,,,1,2,0,57,1,3,1,2,1,0,3,8,9,7,1,0,1,0,0,11,11,11,6,10,1,
3609,06/15/2021 16:13,2,0,Trust_promise,1,0,0,,,1,5,1,75,0,2,0,3,0,0,7,5,7,8,1,1,1,0,0,11,6,6,6,6,1,
3611,06/15/2021 16:28,2,0,Trust,0,1,0,,,,4,0,35,1,2,0,3,0,0,6,1,11,5,1,0,0,1,0,11,11,11,9,8,,
3613,06/15/2021 16:33,2,0,Trust_promise,1,0,0,,,1,6,0,58,1,3,1,3,0,1,10,1,11,8,1,1,0,1,0,5,6,7,5,6,1,
3615,06/15/2021 16:53,2,0,Control,0,0,0,,,,5,1,74,0,3,1,3,0,,8,11,11,8,1,1,1,1,0,1,6,8,1,1,0,
3617,06/15/2021 16:50,2,0,Control,0,0,0,,,,6,0,69,0,4,1,2,1,1,9,6,8,6,1,1,1,0,0,10,9,11,9,7,0,
3619,06/15/2021 16:56,2,0,Trust,0,1,0,,,,2,0,55,1,2,0,2,1,1,4,8,9,7,1,0,1,0,0,5,6,10,6,4,,
3621,06/15/2021 17:03,2,0,Trust_promise,1,0,0,,,1,3,1,72,0,4,1,3,0,0,8,11,8,6,1,1,1,0,0,11,11,11,11,11,1,
3623,06/15/2021 17:01,2,0,Promise,0,0,1,,,1,5,0,58,0,2,0,1,1,1,5,5,9,9,1,0,1,0,1,9,10,9,4,10,1,
3625,06/15/2021 17:05,2,0,Promise,0,0,1,,,1,4,0,25,0,4,1,3,0,0,5,3,10,8,0,0,0,1,0,9,11,11,11,8,1,
3627,06/15/2021 17:31,2,0,Trust_promise,1,0,0,,,1,2,0,55,1,4,1,2,1,,8,7,10,10,1,1,1,1,1,10,10,10,6,10,1,
3629,06/15/2021 18:23,2,0,Control,0,0,0,,,,3,1,62,1,3,1,3,0,0,6,4,7,8,1,0,0,0,0,11,11,11,11,9,0,
3631,06/15/2021 18:17,2,0,Trust,0,1,0,,,,4,0,53,1,2,0,1,1,1,6,4,11,7,1,0,0,1,0,11,11,11,4,11,,
3633,06/15/2021 18:39,2,0,Control,0,0,0,,,,3,1,67,0,2,0,3,0,1,7,1,10,8,1,1,0,1,0,10,10,10,10,10,0,
3635,06/15/2021 18:40,2,0,Trust_promise,1,0,0,,,1,2,1,52,0,3,1,2,1,1,4,2,10,8,1,0,0,1,0,4,6,8,9,3,1,
3637,06/15/2021 19:33,2,0,Promise,0,0,1,,,1,2,0,32,1,3,1,2,1,0,5,5,7,9,0,0,1,0,1,1,11,11,6,11,1,
3639,06/15/2021 20:15,2,0,Trust,0,1,0,,,,5,0,74,0,3,1,3,0,1,4,11,11,6,1,0,1,1,0,7,11,11,11,11,,
3641,06/15/2021 21:01,2,0,Trust,0,1,0,,,,3,1,61,1,2,0,2,1,1,3,6,7,7,1,0,1,0,0,7,6,6,6,6,,
3643,06/15/2021 21:03,2,0,Trust_promise,1,0,0,,,1,6,1,52,1,4,1,2,1,1,5,1,11,9,1,0,0,1,1,11,11,11,11,7,1,
3645,06/15/2021 21:08,2,0,Control,0,0,0,,,,3,0,55,0,3,1,1,1,1,4,7,11,6,1,0,1,1,0,11,10,11,6,8,0,
3647,06/15/2021 22:01,2,0,Promise,0,0,1,,,1,2,0,67,0,4,1,3,0,1,9,8,10,8,1,1,1,1,0,8,8,8,10,8,1,
3649,06/15/2021 22:19,2,0,Trust,0,1,0,,,,2,0,66,1,3,1,3,0,,3,1,11,11,1,0,0,1,1,11,11,11,11,11,,
3651,06/15/2021 22:42,2,0,Promise,0,0,1,,,1,6,0,43,1,3,1,3,0,0,2,9,10,10,1,0,1,1,1,1,8,7,6,6,1,
3653,06/15/2021 23:10,2,0,Control,0,0,0,,,,3,0,67,0,4,1,1,1,1,9,7,11,9,1,1,1,1,1,11,11,11,1,1,0,
3655,06/15/2021 23:34,2,0,Trust_promise,1,0,0,,,1,6,0,65,0,4,1,1,1,1,9,6,7,8,1,1,1,0,0,11,11,11,11,11,1,
3657,06/15/2021 23:34,2,0,Control,0,0,0,,,,3,1,52,1,4,1,2,1,1,8,7,9,8,1,1,1,0,0,11,11,11,11,11,0,
3659,06/16/2021 00:15,2,0,Trust_promise,1,0,0,,,1,5,1,36,1,2,0,2,1,0,11,11,11,5,1,1,1,1,0,11,7,11,11,11,1,
3661,06/16/2021 01:07,2,0,Trust,0,1,0,,,,5,0,23,0,2,0,1,1,0,6,11,11,11,0,0,1,1,1,11,11,11,11,11,,
3663,06/16/2021 07:58,2,0,Promise,0,0,1,,,1,5,0,56,0,6,0,1,1,1,8,9,9,9,1,1,1,0,1,9,9,10,10,6,1,
3665,06/16/2021 07:59,2,0,Control,0,0,0,,,,1,0,73,0,3,1,3,0,1,6,5,11,8,1,0,1,1,0,11,11,7,10,11,0,
3667,06/16/2021 08:15,2,0,Promise,0,0,1,,,1,5,0,62,0,4,1,2,1,1,6,7,10,10,1,0,1,1,1,11,11,11,1,1,1,
3669,06/16/2021 08:07,2,0,Trust,0,1,0,,,,4,0,75,0,1,0,3,0,0,6,1,7,7,1,0,0,0,0,9,11,10,6,2,,
3671,06/16/2021 08:17,2,0,Trust_promise,1,0,0,,,1,4,1,57,1,3,1,2,1,1,8,7,7,9,1,1,1,0,1,11,11,11,11,11,1,
3673,06/16/2021 08:10,2,0,Control,0,0,0,,,,3,1,60,0,3,1,2,1,1,8,1,9,9,1,1,0,0,1,8,7,10,6,9,0,
3675,06/16/2021 08:17,2,0,Promise,0,0,1,,,1,3,1,67,1,5,1,3,0,1,4,1,8,7,1,0,0,0,0,1,1,1,1,1,1,
3677,06/16/2021 08:24,2,0,Trust,0,1,0,,,,2,0,53,0,4,1,2,1,1,5,1,9,8,1,0,0,0,0,10,11,11,9,2,,
3679,06/16/2021 08:19,2,0,Trust_promise,1,0,0,,,1,4,1,55,0,2,0,1,1,1,8,8,9,9,1,1,1,0,1,10,10,10,11,10,1,
3681,06/16/2021 08:19,2,0,Trust,0,1,0,,,,2,1,35,1,3,1,2,1,1,7,2,8,8,1,1,0,0,0,8,8,9,9,6,,
3683,06/16/2021 08:20,2,0,Trust_promise,1,0,0,,,1,4,1,57,1,2,0,1,1,1,6,6,10,9,1,0,1,1,1,10,11,10,10,7,1,
3685,06/16/2021 08:25,2,0,Control,0,0,0,,,,4,0,73,0,4,1,3,0,1,9,8,11,9,1,1,1,1,1,1,1,10,1,9,0,
3687,06/16/2021 08:33,2,0,Promise,0,0,1,,,1,6,0,87,1,2,0,3,0,1,8,10,10,9,1,1,1,1,1,10,10,11,10,6,1,
3689,06/16/2021 08:34,2,0,Promise,0,0,1,,,1,2,0,81,0,3,1,3,0,1,8,1,6,9,1,1,0,0,1,10,10,9,7,10,1,
3691,06/16/2021 08:37,2,0,Trust,0,1,0,,,,6,0,66,0,4,1,1,1,1,3,1,10,10,1,0,0,1,1,11,11,11,11,11,,
3693,06/16/2021 08:38,2,0,Control,0,0,0,,,,3,0,57,1,2,0,1,1,1,3,4,7,7,1,0,0,0,0,10,10,10,10,10,0,
3695,06/16/2021 09:08,2,0,Control,0,0,0,,,,5,1,31,1,2,0,2,1,0,6,4,7,5,0,0,0,0,0,10,9,11,11,11,0,
3697,06/16/2021 09:08,2,0,Trust_promise,1,0,0,,,1,4,0,56,0,2,0,1,1,1,9,7,9,8,1,1,1,0,0,10,10,9,9,10,1,
3699,06/16/2021 09:17,2,0,Promise,0,0,1,,,1,5,1,72,0,3,1,3,0,0,10,1,9,7,1,1,0,0,0,11,6,9,9,10,1,
3701,06/16/2021 09:31,2,0,Trust_promise,1,0,0,,,1,3,0,45,1,3,1,2,1,1,3,2,10,7,1,0,0,1,0,10,11,10,10,10,1,
3703,06/16/2021 09:32,2,0,Control,0,0,0,,,,4,1,54,1,2,0,3,0,0,10,7,10,9,1,1,1,1,1,10,10,10,10,10,0,
3705,06/16/2021 11:11,2,0,Trust,0,1,0,,,,1,0,68,0,4,1,3,0,1,9,5,6,10,1,1,1,0,1,11,11,11,11,9,,
3707,06/16/2021 09:40,2,0,Promise,0,0,1,,,1,6,0,51,0,2,0,2,1,0,6,11,11,8,1,0,1,1,0,11,11,11,11,2,1,
3709,06/16/2021 09:40,2,0,Trust,0,1,0,,,,5,1,69,0,4,1,2,1,1,6,6,7,7,1,0,1,0,0,9,9,9,9,9,,
3711,06/16/2021 09:46,2,0,Trust_promise,1,0,0,,,1,5,0,68,0,4,1,3,0,,7,10,10,7,1,1,1,1,0,10,10,10,8,7,1,
3713,06/16/2021 09:50,2,0,Control,0,0,0,,,,6,1,66,0,4,1,3,0,1,8,1,10,9,1,1,0,1,1,8,7,9,7,4,0,
3715,06/16/2021 10:35,2,0,Trust,0,1,0,,,,4,0,48,0,4,1,2,1,1,6,1,8,8,1,0,0,0,0,5,10,11,10,6,,
3717,06/16/2021 10:48,2,0,Promise,0,0,1,,,1,4,0,75,0,2,0,3,0,0,6,10,9,9,1,0,1,0,1,11,11,10,11,10,1,
3719,06/16/2021 10:49,2,0,Trust,0,1,0,,,,5,1,50,0,1,0,1,1,,9,8,10,8,1,1,1,1,0,10,11,10,10,10,,
3721,06/16/2021 10:53,2,0,Trust_promise,1,0,0,,,1,5,1,67,1,4,1,3,0,0,4,9,8,8,1,0,1,0,0,11,11,11,11,6,1,
3723,06/16/2021 11:17,2,0,Trust_promise,1,0,0,,,1,2,0,76,0,4,1,3,0,0,8,2,10,10,1,1,0,1,1,11,10,10,6,4,1,
3725,06/16/2021 11:19,2,0,Control,0,0,0,,,,4,1,56,0,2,0,1,1,,8,1,6,9,1,1,0,0,1,7,1,6,1,1,0,
3727,06/16/2021 11:06,2,0,Promise,0,0,1,,,1,2,1,60,0,2,0,2,1,0,5,6,11,10,1,0,1,1,1,11,11,11,6,11,1,
3729,06/16/2021 11:06,2,0,Trust,0,1,0,,,,5,1,59,1,3,1,2,1,1,6,11,11,8,1,0,1,1,0,7,11,11,11,6,,
3731,06/16/2021 11:19,2,0,Trust_promise,1,0,0,,,1,4,0,68,1,3,1,2,1,1,8,11,9,8,1,1,1,0,0,11,11,11,11,11,1,
3733,06/16/2021 11:21,2,0,Promise,0,0,1,,,1,6,0,68,1,4,1,3,0,1,5,8,11,6,1,0,1,1,0,7,11,11,3,6,1,
3735,06/16/2021 12:00,2,0,Control,0,0,0,,,,5,1,52,1,2,0,3,0,0,9,1,6,4,1,1,0,0,0,10,11,11,11,10,0,
3737,06/16/2021 14:25,2,0,Trust_promise,1,0,0,,,1,3,0,34,1,4,1,1,1,1,5,1,11,7,0,0,0,1,0,11,11,11,11,11,1,
3739,06/16/2021 12:07,2,0,Control,0,0,0,,,,4,0,57,0,2,0,3,0,0,10,1,3,6,1,1,0,0,0,11,11,11,7,10,0,
3741,06/16/2021 12:08,2,0,Promise,0,0,1,,,1,5,1,71,0,4,1,1,1,,10,8,4,5,1,1,1,0,0,11,11,11,11,1,1,
3743,06/16/2021 12:08,2,0,Trust_promise,1,0,0,,,1,2,1,32,1,4,1,2,1,1,8,6,11,8,0,1,1,1,0,9,9,9,7,9,1,
3745,06/16/2021 12:13,2,0,Trust,0,1,0,,,,4,0,58,1,3,1,1,1,1,9,2,11,6,1,1,0,1,0,11,11,11,11,11,,
3747,06/16/2021 12:18,2,0,Trust,0,1,0,,,,3,0,51,1,3,1,1,1,1,10,10,11,9,1,1,1,1,1,11,11,11,11,11,,
3749,06/16/2021 12:28,2,0,Promise,0,0,1,,,1,4,1,64,0,2,0,3,0,0,5,3,6,8,1,0,0,0,0,9,9,9,6,9,1,
3751,06/16/2021 12:24,2,0,Trust_promise,1,0,0,,,1,3,1,56,1,2,0,1,1,1,3,6,6,9,1,0,1,0,1,11,11,11,11,11,1,
3753,06/16/2021 12:28,2,0,Control,0,0,0,,,,5,1,74,0,4,1,1,1,1,6,6,9,6,1,0,1,0,0,7,6,6,6,6,0,
3755,06/16/2021 12:43,2,0,Control,0,0,0,,,,6,1,56,0,2,0,2,1,1,4,6,7,7,1,0,1,0,0,11,11,11,11,11,0,
3757,06/16/2021 12:44,2,0,Trust_promise,1,0,0,,,1,5,0,66,0,4,1,3,0,0,6,6,9,9,1,0,1,0,1,10,8,10,5,8,1,
3759,06/16/2021 13:04,2,0,Promise,0,0,1,,,1,6,0,57,1,3,1,2,1,1,4,6,10,8,1,0,1,1,0,11,11,11,10,11,1,
3761,06/16/2021 13:26,2,0,Trust,0,1,0,,,,6,0,30,1,2,0,1,1,1,11,1,11,3,0,1,0,1,0,7,11,11,10,6,,
3763,06/16/2021 13:39,2,0,Trust_promise,1,0,0,,,1,3,0,52,1,2,0,3,0,0,6,1,11,8,1,0,0,1,0,9,11,11,11,11,1,
3765,06/16/2021 13:40,2,0,Control,0,0,0,,,,5,0,31,1,3,1,2,1,0,6,6,9,8,0,0,1,0,0,5,8,9,4,8,0,
3767,06/16/2021 13:44,2,0,Trust,0,1,0,,,,4,1,53,0,3,1,2,1,1,6,2,7,6,1,0,0,0,0,10,10,10,9,8,,
3769,06/16/2021 13:43,2,0,Promise,0,0,1,,,1,3,0,70,0,4,1,1,1,1,8,1,8,8,1,1,0,0,0,7,4,6,3,5,1,
3771,06/16/2021 13:47,2,0,Trust,0,1,0,,,,4,0,67,0,3,1,3,0,0,3,1,9,7,1,0,0,0,0,11,11,11,11,11,,
3773,06/16/2021 13:50,2,0,Promise,0,0,1,,,1,1,0,30,1,3,1,1,1,0,2,9,4,6,0,0,1,0,0,10,9,10,8,7,1,
3775,06/16/2021 13:53,2,0,Trust_promise,1,0,0,,,1,5,0,31,1,3,1,1,1,1,2,1,11,6,0,0,0,1,0,11,11,11,11,11,1,
3777,06/16/2021 14:03,2,0,Trust_promise,1,0,0,,,1,3,0,71,0,4,1,3,0,0,3,1,7,9,1,0,0,0,1,9,11,11,7,9,1,
3779,06/16/2021 14:14,2,0,Control,0,0,0,,,,1,1,31,1,3,1,1,1,1,5,10,9,7,0,0,1,0,0,11,11,11,11,6,0,
3781,06/16/2021 14:13,2,0,Promise,0,0,1,,,1,1,0,55,1,3,1,1,1,1,6,1,8,8,1,0,0,0,0,9,7,10,7,8,1,
3783,06/16/2021 14:28,2,0,Promise,0,0,1,,,1,2,0,64,1,2,0,3,0,0,4,9,9,5,1,0,1,0,0,11,11,10,10,1,1,
3785,06/16/2021 14:23,2,0,Control,0,0,0,,,,1,0,64,0,4,1,3,0,1,10,3,11,7,1,1,0,1,0,6,9,9,5,4,0,
3787,06/16/2021 14:34,2,0,Control,0,0,0,,,,2,1,33,1,2,0,1,1,0,8,11,11,11,0,1,1,1,1,11,11,11,11,11,0,
3789,06/16/2021 14:44,2,0,Trust,0,1,0,,,,3,1,56,1,4,1,2,1,,9,11,9,8,1,1,1,0,0,3,10,8,10,3,,
3791,06/16/2021 14:52,2,0,Trust,0,1,0,,,,2,0,55,1,3,1,1,1,1,10,1,11,4,1,1,0,1,0,9,8,10,5,6,,
3793,06/16/2021 15:08,2,0,Trust,0,1,0,,,,4,1,73,0,3,1,3,0,1,8,2,6,8,1,1,0,0,0,8,11,10,11,11,,
3795,06/16/2021 15:11,2,0,Trust_promise,1,0,0,,,1,2,0,50,1,2,0,3,0,,9,1,7,9,1,1,0,0,1,11,11,11,11,11,1,
3797,06/16/2021 15:14,2,0,Control,0,0,0,,,,4,1,71,0,1,0,3,0,0,4,11,9,9,1,0,1,0,1,11,11,11,11,11,0,
3799,06/16/2021 15:19,2,0,Promise,0,0,1,,,1,3,1,56,0,3,1,3,0,0,9,10,11,3,1,1,1,1,0,11,11,11,1,10,1,
3801,06/16/2021 15:24,2,0,Trust,0,1,0,,,,2,1,79,0,2,0,3,0,0,5,1,9,7,1,0,0,0,0,1,1,1,1,1,,
3803,06/16/2021 15:24,2,0,Trust_promise,1,0,0,,,1,1,1,67,0,2,0,3,0,0,8,7,8,6,1,1,1,0,0,9,9,9,11,6,1,
3805,06/16/2021 15:39,2,0,Control,0,0,0,,,,3,0,63,0,3,1,3,0,0,5,1,7,9,1,0,0,0,1,1,11,6,1,6,0,
3807,06/16/2021 15:41,2,0,Promise,0,0,1,,,1,5,0,68,0,3,1,2,1,1,3,1,9,9,1,0,0,0,1,11,11,11,6,6,1,
3809,06/16/2021 15:42,2,0,Trust_promise,1,0,0,,,1,5,0,43,0,3,1,1,1,1,4,2,6,9,1,0,0,0,1,10,1,10,9,1,1,
3811,06/16/2021 15:47,2,0,Control,0,0,0,,,,5,1,31,1,4,1,1,1,1,4,4,10,10,0,0,0,1,1,11,11,10,10,10,0,
3813,06/16/2021 15:49,2,0,Trust,0,1,0,,,,3,1,52,0,2,0,1,1,1,9,2,7,9,1,1,0,0,1,7,10,1,11,6,,
3815,06/16/2021 16:02,2,0,Promise,0,0,1,,,1,2,0,61,0,2,0,2,1,0,6,11,11,3,1,0,1,1,0,11,11,11,11,11,1,
3817,06/16/2021 19:07,2,0,Trust_promise,1,0,0,,,1,5,1,74,0,3,1,1,1,1,9,7,10,6,1,1,1,1,0,11,11,10,11,11,1,
3819,06/16/2021 16:18,2,0,Promise,0,0,1,,,1,3,1,66,0,3,1,1,1,,10,5,10,8,1,1,1,1,0,8,7,6,8,7,1,
3821,06/16/2021 16:22,2,0,Control,0,0,0,,,,4,0,65,0,3,1,3,0,0,9,11,11,9,1,1,1,1,1,11,11,11,11,9,0,
3823,06/16/2021 16:24,2,0,Trust,0,1,0,,,,4,0,55,1,3,1,2,1,1,6,2,10,8,1,0,0,1,0,11,10,11,10,11,,
3825,06/16/2021 16:21,2,0,Trust_promise,1,0,0,,,1,6,1,47,1,2,0,3,0,,6,8,10,4,1,0,1,1,0,11,11,11,6,6,1,
3827,06/16/2021 16:30,2,0,Promise,0,0,1,,,1,4,0,74,0,2,0,3,0,0,4,6,8,8,1,0,1,0,0,8,7,7,8,7,1,
3829,06/16/2021 16:32,2,0,Control,0,0,0,,,,1,0,63,1,4,1,1,1,,5,1,10,4,1,0,0,1,0,1,2,11,6,2,0,
3831,06/16/2021 16:46,2,0,Trust_promise,1,0,0,,,1,3,0,71,0,4,1,3,0,,9,8,8,8,1,1,1,0,0,11,11,11,11,11,1,
3833,06/16/2021 16:49,2,0,Trust,0,1,0,,,,5,0,69,0,3,1,3,0,1,8,11,7,10,1,1,1,0,1,11,11,11,11,10,,
3835,06/16/2021 16:58,2,0,Control,0,0,0,,,,4,0,56,0,4,1,1,1,1,7,1,10,9,1,1,0,1,1,8,8,11,6,3,0,
3837,06/16/2021 17:03,2,0,Trust_promise,1,0,0,,,1,2,0,77,0,6,0,3,0,1,7,11,9,9,1,1,1,0,1,11,11,11,11,11,1,
3839,06/16/2021 17:03,2,0,Promise,0,0,1,,,1,6,0,49,0,2,0,2,1,0,11,1,6,2,1,1,0,0,0,1,1,11,6,1,1,
3841,06/16/2021 17:03,2,0,Trust,0,1,0,,,,2,0,37,1,3,1,3,0,0,1,1,11,6,1,0,0,1,0,7,7,11,11,6,,
3843,06/16/2021 17:25,2,0,Promise,0,0,1,,,1,1,0,82,0,2,0,2,1,0,3,11,9,6,1,0,1,0,0,11,11,11,11,11,1,
3845,06/16/2021 17:17,2,0,Trust_promise,1,0,0,,,1,2,0,70,0,3,1,3,0,0,3,1,8,8,1,0,0,0,0,10,8,7,8,6,1,
3847,06/16/2021 18:41,2,0,Trust,0,1,0,,,,4,0,64,0,2,0,3,0,,6,7,11,8,1,0,1,1,0,11,11,11,11,11,,
3849,06/16/2021 17:52,2,0,Control,0,0,0,,,,3,1,71,1,3,1,3,0,,4,3,7,7,1,0,0,0,0,8,7,7,4,4,0,
3851,06/16/2021 18:04,2,0,Trust,0,1,0,,,,1,0,57,0,3,1,2,1,,5,2,10,9,1,0,0,1,1,10,11,11,10,1,,
3853,06/16/2021 18:25,2,0,Trust,0,1,0,,,,6,0,59,0,3,1,2,1,1,9,6,8,8,1,1,1,0,0,9,9,11,11,11,,
3855,06/16/2021 18:53,2,0,Control,0,0,0,,,,5,0,69,0,4,1,3,0,0,4,1,11,9,1,0,0,1,1,10,1,10,1,1,0,
3857,06/16/2021 19:00,2,0,Trust_promise,1,0,0,,,1,6,0,59,0,2,0,3,0,,6,1,6,5,1,0,0,0,0,9,9,11,9,9,1,
3859,06/16/2021 18:57,2,0,Promise,0,0,1,,,1,1,0,71,0,4,1,3,0,0,3,1,11,4,1,0,0,1,0,10,10,11,6,9,1,
3861,06/16/2021 19:27,2,0,Promise,0,0,1,,,1,5,1,56,1,2,0,2,1,0,4,7,9,9,1,0,1,0,1,10,11,11,6,10,1,
3863,06/16/2021 19:49,2,0,Control,0,0,0,,,,2,0,70,0,3,1,3,0,0,3,1,9,8,1,0,0,0,0,10,10,10,10,6,0,
3865,06/16/2021 19:52,2,0,Trust,0,1,0,,,,1,0,58,0,1,0,2,1,0,9,9,8,7,1,1,1,0,0,7,5,6,7,5,,
3867,06/16/2021 19:52,2,0,Promise,0,0,1,,,1,5,0,54,1,3,1,2,1,1,3,6,9,8,1,0,1,0,0,11,9,9,11,8,1,
3869,06/16/2021 19:53,2,0,Trust_promise,1,0,0,,,1,6,0,43,0,3,1,1,1,0,3,2,8,7,1,0,0,0,0,7,10,7,9,8,1,
3871,06/16/2021 20:18,2,0,Control,0,0,0,,,,2,0,52,0,1,0,1,1,0,3,7,10,3,1,0,1,1,0,3,6,9,10,2,0,
3873,06/16/2021 20:15,2,0,Trust_promise,1,0,0,,,1,2,0,57,1,2,0,1,1,0,1,1,9,9,1,0,0,0,1,7,6,10,10,7,1,
3875,06/16/2021 20:47,2,0,Trust,0,1,0,,,,6,0,83,1,2,0,3,0,0,8,5,11,9,1,1,1,1,1,11,11,11,11,11,,
3877,06/16/2021 20:56,2,0,Promise,0,0,1,,,1,1,0,62,0,2,0,3,0,,8,1,6,7,1,1,0,0,0,11,11,10,11,11,1,
3879,06/16/2021 20:58,2,0,Promise,0,0,1,,,1,1,0,75,0,3,1,3,0,0,6,11,10,10,1,0,1,1,1,9,7,6,6,10,1,
3881,06/16/2021 21:03,2,0,Control,0,0,0,,,,6,0,72,0,3,1,3,0,1,9,1,11,8,1,1,0,1,0,11,11,11,1,11,0,
3883,06/16/2021 21:07,2,0,Trust_promise,1,0,0,,,1,6,0,58,0,2,0,1,1,0,9,3,9,6,1,1,0,0,0,11,11,11,11,11,1,
3885,06/16/2021 21:15,2,0,Control,0,0,0,,,,1,1,36,1,2,0,1,1,1,6,1,10,6,1,0,0,1,0,11,10,11,11,11,0,
3887,06/16/2021 21:16,2,0,Trust,0,1,0,,,,3,0,80,0,4,1,3,0,0,6,11,11,9,1,0,1,1,1,6,1,6,1,11,,
3889,06/16/2021 21:25,2,0,Promise,0,0,1,,,1,6,1,62,0,2,0,1,1,1,7,7,4,9,1,1,1,0,1,11,11,11,11,11,1,
3891,06/16/2021 21:28,2,0,Control,0,0,0,,,,5,0,53,1,3,1,1,1,0,5,11,11,9,1,0,1,1,1,11,11,11,11,11,0,
3893,06/16/2021 21:55,2,0,Trust_promise,1,0,0,,,1,4,1,69,0,3,1,3,0,0,3,4,5,8,1,0,0,0,0,10,7,9,9,3,1,
3895,06/16/2021 21:58,2,0,Trust,0,1,0,,,,6,0,52,1,2,0,2,1,0,4,1,9,8,1,0,0,0,0,9,9,9,11,8,,
3897,06/16/2021 22:05,2,0,Trust_promise,1,0,0,,,1,6,1,32,1,2,0,3,0,0,3,1,8,10,0,0,0,0,1,4,11,11,11,6,1,
3899,06/16/2021 22:14,2,0,Trust,0,1,0,,,,6,1,39,1,2,0,2,1,0,9,9,11,9,1,1,1,1,1,11,11,11,11,11,,
3901,06/16/2021 22:26,2,0,Promise,0,0,1,,,1,2,0,68,0,3,1,3,0,1,5,11,11,10,1,0,1,1,1,11,11,11,10,2,1,
3903,06/16/2021 22:26,2,0,Control,0,0,0,,,,1,0,68,0,2,0,3,0,,8,10,11,8,1,1,1,1,0,11,1,11,11,1,0,
3905,06/16/2021 22:29,2,0,Trust,0,1,0,,,,3,0,55,0,2,0,1,1,0,7,7,11,9,1,1,1,1,1,9,8,9,5,11,,
3907,06/16/2021 22:36,2,0,Promise,0,0,1,,,1,2,1,55,0,2,0,3,0,0,10,1,10,7,1,1,0,1,0,10,10,11,8,6,1,
3909,06/16/2021 22:39,2,0,Control,0,0,0,,,,3,1,49,0,2,0,3,0,0,2,11,6,7,1,0,1,0,0,11,11,11,11,11,0,
3911,06/16/2021 22:52,2,0,Trust_promise,1,0,0,,,1,1,0,64,0,4,1,1,1,1,5,2,11,11,1,0,0,1,1,10,9,10,10,11,1,
3913,06/16/2021 23:16,2,0,Control,0,0,0,,,,5,0,56,0,2,0,1,1,1,8,1,11,9,1,1,0,1,1,11,11,11,11,11,0,
3915,06/16/2021 23:40,2,0,Trust_promise,1,0,0,,,1,5,0,49,0,5,1,1,1,1,5,11,8,7,1,0,1,0,0,7,6,7,8,2,1,
3917,06/16/2021 23:48,2,0,Promise,0,0,1,,,1,5,0,69,0,3,1,3,0,0,8,8,8,7,1,1,1,0,0,11,11,11,8,9,1,
3919,06/17/2021 00:00,2,0,Trust,0,1,0,,,,3,1,42,1,4,1,2,1,1,6,11,11,9,1,0,1,1,1,11,11,11,11,11,,
3921,06/17/2021 00:06,2,0,Trust_promise,1,0,0,,,1,5,0,67,1,2,0,3,0,,6,1,11,9,1,0,0,1,1,11,11,9,11,11,1,
3923,06/17/2021 01:41,2,0,Control,0,0,0,,,,6,0,71,0,4,1,3,0,0,9,11,11,9,1,1,1,1,1,11,11,11,11,11,0,
3925,06/17/2021 04:50,2,0,Promise,0,0,1,,,1,1,0,71,0,3,1,3,0,1,3,4,9,9,1,0,0,0,1,11,11,11,11,11,1,
3927,06/17/2021 07:44,2,0,Trust,0,1,0,,,,3,0,68,0,4,1,3,0,,5,8,9,8,1,0,1,0,0,8,8,8,7,7,,
3929,06/17/2021 07:52,2,0,Trust_promise,1,0,0,,,1,3,0,57,1,3,1,2,1,1,3,1,6,6,1,0,0,0,0,11,11,11,11,7,1,
3931,06/17/2021 09:20,2,0,Trust,0,1,0,,,,6,0,27,1,4,1,3,0,0,1,1,10,7,0,0,0,1,0,4,2,6,2,3,,
3933,06/17/2021 09:36,2,0,Control,0,0,0,,,,5,1,47,1,3,1,2,1,1,6,4,6,6,1,0,0,0,0,7,6,7,6,7,0,
3935,06/17/2021 09:38,2,0,Control,0,0,0,,,,4,0,50,0,2,0,1,1,1,8,1,11,8,1,1,0,1,0,11,11,11,11,11,0,
3937,06/17/2021 09:47,2,0,Trust_promise,1,0,0,,,1,6,0,75,0,2,0,3,0,0,6,11,11,10,1,0,1,1,1,7,8,7,4,6,1,
3939,06/17/2021 09:52,2,0,Promise,0,0,1,,,1,2,0,58,1,3,1,1,1,1,2,6,9,8,1,0,1,0,0,11,11,11,6,8,1,
3941,06/17/2021 10:08,2,0,Trust,0,1,0,,,,4,0,68,0,4,1,3,0,0,3,11,11,6,1,0,1,1,0,11,11,11,11,11,,
3943,06/17/2021 10:12,2,0,Promise,0,0,1,,,1,1,1,54,1,2,0,1,1,,6,11,11,8,1,0,1,1,0,6,5,10,8,5,1,
3945,06/17/2021 10:33,2,0,Control,0,0,0,,,,5,0,51,1,4,1,1,1,1,7,11,11,9,1,1,1,1,1,11,11,11,11,8,0,
3947,06/17/2021 11:10,2,0,Trust_promise,1,0,0,,,1,4,0,76,0,1,0,3,0,1,6,10,9,8,1,0,1,0,0,9,9,9,9,8,1,
3949,06/17/2021 11:44,2,0,Trust,0,1,0,,,,1,0,77,0,2,0,3,0,,8,1,8,4,1,1,0,0,0,8,6,7,4,4,,
3951,06/17/2021 11:55,2,0,Promise,0,0,1,,,1,2,0,77,0,5,1,3,0,1,4,9,11,8,1,0,1,1,0,9,9,9,8,6,1,
3953,06/17/2021 12:17,2,0,Trust_promise,1,0,0,,,1,3,1,63,0,2,0,1,1,1,11,10,11,7,1,1,1,1,0,10,6,11,6,11,1,
3955,06/17/2021 12:28,2,0,Trust,0,1,0,,,,1,0,77,0,3,1,3,0,0,3,1,10,7,1,0,0,1,0,10,10,10,10,9,,
3957,06/17/2021 12:41,2,0,Control,0,0,0,,,,1,0,64,0,2,0,3,0,1,7,11,9,7,1,1,1,0,0,11,11,11,11,11,0,
3959,06/17/2021 12:53,2,0,Promise,0,0,1,,,1,3,0,72,0,4,1,3,0,1,3,1,8,9,1,0,0,0,1,11,11,11,11,6,1,
3961,06/17/2021 12:55,2,0,Control,0,0,0,,,,1,1,66,0,4,1,3,0,0,5,3,10,8,1,0,0,1,0,1,1,9,1,1,0,
3963,06/17/2021 12:54,2,0,Promise,0,0,1,,,1,3,1,55,1,4,1,2,1,1,7,11,8,8,1,1,1,0,0,9,11,11,11,11,1,
3965,06/17/2021 13:11,2,0,Trust_promise,1,0,0,,,1,3,0,63,0,2,0,3,0,,5,4,11,8,1,0,0,1,0,11,10,11,11,11,1,
3967,06/17/2021 13:58,2,0,Trust,0,1,0,,,,4,0,55,1,2,0,3,0,0,9,9,10,6,1,1,1,1,0,11,11,11,11,9,,
3969,06/17/2021 15:20,2,0,Trust_promise,1,0,0,,,1,4,1,70,0,3,1,3,0,1,4,4,11,9,1,0,0,1,1,11,11,11,11,11,1,
3971,06/17/2021 15:21,2,0,Trust,0,1,0,,,,5,1,71,0,4,1,3,0,1,5,6,11,6,1,0,1,1,0,11,8,11,10,11,,
3973,06/17/2021 15:27,2,0,Control,0,0,0,,,,3,1,73,0,2,0,3,0,,6,9,11,9,1,0,1,1,1,11,11,11,11,11,0,
3975,06/17/2021 16:58,2,0,Promise,0,0,1,,,1,2,0,66,1,3,1,3,0,0,4,5,8,7,1,0,1,0,0,11,11,11,11,11,1,
3977,06/17/2021 15:44,2,0,Promise,0,0,1,,,1,6,1,76,1,4,1,3,0,0,5,1,5,7,1,0,0,0,0,11,11,11,11,11,1,
3979,06/17/2021 17:27,2,0,Control,0,0,0,,,,4,0,82,0,6,0,3,0,1,8,9,9,9,1,1,1,0,1,9,8,9,8,1,0,
3981,06/17/2021 19:30,2,0,Trust,0,1,0,,,,1,0,45,1,2,0,2,1,0,1,11,11,6,1,0,1,1,0,11,11,11,11,1,,
3983,06/17/2021 19:38,2,0,Trust_promise,1,0,0,,,1,6,0,36,1,4,1,2,1,1,3,2,10,6,1,0,0,1,0,11,10,11,9,11,1,
3985,06/17/2021 20:30,2,0,Promise,0,0,1,,,1,1,0,57,1,3,1,2,1,1,3,10,10,9,1,0,1,1,1,9,9,11,11,6,1,
3987,06/17/2021 21:12,2,0,Control,0,0,0,,,,5,1,59,1,3,1,2,1,1,4,10,10,8,1,0,1,1,0,7,9,6,6,5,0,
3989,06/17/2021 21:18,2,0,Trust,0,1,0,,,,2,0,79,0,1,0,3,0,0,4,1,10,7,1,0,0,1,0,8,9,9,6,9,,
3991,06/17/2021 21:35,2,0,Trust_promise,1,0,0,,,1,2,0,40,0,4,1,2,1,1,6,9,9,6,1,0,1,0,0,11,11,11,10,10,1,
3993,06/17/2021 21:50,2,0,Promise,0,0,1,,,1,2,0,46,1,3,1,1,1,1,6,1,11,8,1,0,0,1,0,7,9,9,6,9,1,
3995,06/17/2021 21:59,2,0,Trust,0,1,0,,,,2,0,66,1,3,1,1,1,0,3,1,11,10,1,0,0,1,1,11,11,11,11,9,,
3997,06/17/2021 22:33,2,0,Control,0,0,0,,,,2,1,47,1,3,1,1,1,,6,11,11,9,1,0,1,1,1,11,11,11,11,11,0,
3999,06/17/2021 22:55,2,0,Trust_promise,1,0,0,,,1,6,0,78,0,2,0,3,0,0,4,7,9,9,1,0,1,0,1,10,11,11,10,3,1,
3, 5/24/2022 12:06,3,1,Default_yes,0,0,0,1,0,1,4,0,27,0,2,0,1,1,0,4,1,6,3,0,0,0,0,0,8,11,11,8,7,,1
6, 5/24/2022 11:58,3,1,Trust_promise,1,0,0,0,0,1,2,1,28,1,3,1,1,1,1,1,1,8,7,0,0,0,0,0,9,9,9,11,11,1,0
9,  5/24/2022 2:02,3,1,Trust,0,1,0,0,0,,6,1,20,1,2,0,3,0,0,1,3,10,2,0,0,0,0,0,10,9,9,7,10,,0
12, 5/24/2022 11:49,3,1,Default_no,0,0,0,0,1,1,5,0,35,1,3,1,3,0,0,3,2,10,8,1,0,0,0,1,10,10,11,11,11,,1
15,  5/24/2022 5:12,3,1,Trust_promise,1,0,0,0,0,1,5,1,55,1,3,1,1,1,0,3,2,9,8,1,0,0,0,1,10,10,10,2,2,1,0
18, 5/24/2022 12:41,3,1,Trust,0,1,0,0,0,,6,0,40,1,3,1,2,1,0,4,1,8,1,1,0,0,0,0,6,11,11,11,6,,0
21,  5/24/2022 2:18,3,1,Default_yes,0,0,0,1,0,1,6,1,33,1,4,1,2,1,1,1,3,10,7,0,0,0,0,0,11,11,11,11,11,,1
24,  5/24/2022 1:04,3,1,Promise,0,0,1,0,0,1,5,0,59,0,3,1,1,1,1,4,1,7,8,1,0,0,0,1,6,7,8,6,7,1,0
27,  5/24/2022 2:02,3,1,Default_yes,0,0,0,1,0,1,1,0,67,1,2,0,3,0,0,6,11,11,8,1,1,1,1,1,11,11,11,2,11,,1
30,  5/24/2022 3:24,3,1,Trust_promise,1,0,0,0,0,1,1,0,46,1,2,0,3,0,0,6,2,10,9,1,1,0,0,1,11,11,11,1,1,1,0
33,  5/25/2022 8:17,3,1,Default_yes,0,0,0,1,0,1,5,0,44,0,3,1,1,1,1,10,11,9,8,1,1,1,0,1,10,10,10,10,10,,1
36,  5/24/2022 2:07,3,1,Default_yes,0,0,0,1,0,1,4,0,31,0,2,0,2,1,0,2,1,10,4,0,0,0,0,0,11,11,11,11,11,,1
39,  5/24/2022 2:11,3,1,Control,0,0,0,0,0,,5,0,74,0,4,1,3,0,1,9,10,10,6,1,1,1,0,0,9,10,11,1,10,0,0
42,  5/24/2022 6:16,3,1,Promise,0,0,1,0,0,1,4,0,27,0,3,1,2,1,0,3,1,6,4,0,0,0,0,0,11,11,11,11,11,1,0
45, 5/24/2022 11:21,3,1,Default_no,0,0,0,0,1,1,6,0,43,1,5,1,2,1,1,2,1,8,7,1,0,0,0,0,5,8,9,11,8,,1
48, 5/24/2022 12:30,3,1,Control,0,0,0,0,0,,5,1,62,0,2,0,3,0,0,6,11,11,10,1,1,1,1,1,11,11,11,11,11,0,0
51, 5/24/2022 12:22,3,1,Trust,0,1,0,0,0,,3,1,38,0,3,1,1,1,1,5,2,10,10,1,1,0,0,1,11,11,11,11,11,,0
54, 5/24/2022 11:24,3,1,Trust_promise,1,0,0,0,0,1,3,0,43,0,4,1,2,1,1,5,1,11,7,1,1,0,1,0,10,11,10,11,10,1,0
57,  5/24/2022 3:05,3,1,Promise,0,0,1,0,0,1,1,0,43,0,4,1,2,1,1,6,1,9,8,1,1,0,0,1,11,10,10,10,10,1,0
60, 5/25/2022 12:33,3,1,Trust_promise,1,0,0,0,0,1,3,1,37,0,3,1,2,1,0,5,11,11,7,1,1,1,1,0,9,8,10,8,9,1,0
63, 5/24/2022 12:29,3,1,Default_yes,0,0,0,1,0,1,1,0,52,1,5,1,2,1,1,2,7,11,7,1,0,1,1,0,11,11,11,11,11,,1
66,  5/25/2022 2:26,3,1,Promise,0,0,1,0,0,1,1,0,46,0,2,0,1,1,1,7,3,6,1,1,1,0,0,0,7,1,8,1,1,1,0
69, 5/24/2022 12:36,3,1,Promise,0,0,1,0,0,1,4,1,41,0,3,1,1,1,1,4,6,10,3,1,0,1,0,0,11,11,11,10,11,1,0
72, 5/24/2022 11:29,3,1,Default_yes,0,0,0,1,0,1,6,1,27,0,3,1,1,1,0,3,11,9,2,0,0,1,0,0,8,9,10,8,9,,1
75,  5/24/2022 1:27,3,1,Promise,0,0,1,0,0,1,4,1,31,0,2,0,1,1,0,6,1,11,10,0,1,0,1,1,11,11,11,11,11,1,0
78, 5/24/2022 11:29,3,1,Default_no,0,0,0,0,1,1,3,0,27,0,3,1,1,1,1,6,6,8,9,0,1,1,0,1,11,11,11,11,1,,1
81,  5/24/2022 6:59,3,1,Default_no,0,0,0,0,1,1,4,1,30,1,3,1,1,1,0,6,8,7,7,0,1,1,0,0,10,10,10,10,10,,1
84,  5/24/2022 7:35,3,1,Trust_promise,1,0,0,0,0,1,3,1,22,0,2,0,3,0,0,5,2,8,7,0,1,0,0,0,11,11,11,11,11,1,0
87, 5/24/2022 10:30,3,1,Promise,0,0,1,0,0,1,1,0,69,0,2,0,1,1,0,5,8,9,6,1,1,1,0,0,6,8,10,7,5,1,0
90,  5/25/2022 8:09,3,1,Default_yes,0,0,0,1,0,1,6,1,27,0,3,1,1,1,1,8,11,11,9,0,1,1,1,1,11,11,10,11,9,,1
93, 5/24/2022 11:25,3,1,Trust_promise,1,0,0,0,0,1,1,0,52,1,2,0,1,1,0,7,3,8,5,1,1,0,0,0,11,11,11,11,11,1,0
96,  5/24/2022 3:26,3,1,Default_yes,0,0,0,1,0,1,6,0,70,1,4,1,1,1,0,2,3,10,8,1,0,0,0,1,4,3,3,2,4,,1
99,  5/24/2022 1:44,3,1,Trust,0,1,0,0,0,,4,0,53,0,3,1,2,1,1,9,11,11,9,1,1,1,1,1,11,11,11,9,10,,0
102, 5/24/2022 11:27,3,1,Promise,0,0,1,0,0,1,4,0,33,0,3,1,2,1,1,1,1,11,2,0,0,0,1,0,10,11,11,11,11,1,0
105, 5/24/2022 12:52,3,1,Promise,0,0,1,0,0,1,5,0,39,0,2,0,2,1,1,6,6,8,7,1,1,1,0,0,5,7,6,4,6,1,0
108, 5/24/2022 12:43,3,1,Promise,0,0,1,0,0,1,2,0,32,0,3,1,1,1,0,8,11,11,6,0,1,1,1,0,1,6,11,1,6,1,0
111, 5/24/2022 11:30,3,1,Promise,0,0,1,0,0,1,6,0,46,0,4,1,2,1,1,4,9,7,4,1,0,1,0,0,7,8,7,7,8,1,0
114,  5/24/2022 2:44,3,1,Trust_promise,1,0,0,0,0,1,5,0,48,0,3,1,2,1,1,6,1,11,10,1,1,0,1,1,11,11,11,11,11,1,0
117, 5/24/2022 12:42,3,1,Trust,0,1,0,0,0,,5,1,26,1,3,1,2,1,1,6,2,11,4,0,1,0,1,0,11,11,11,2,11,,0
120, 5/24/2022 11:02,3,1,Default_yes,0,0,0,1,0,1,3,1,56,0,3,1,2,1,1,11,11,11,8,1,1,1,1,1,11,11,11,11,11,,1
123,  5/24/2022 7:03,3,1,Promise,0,0,1,0,0,1,4,1,51,1,2,0,3,0,0,6,8,5,8,1,1,1,0,1,11,11,11,11,11,1,0
126,  5/24/2022 2:26,3,1,Trust_promise,1,0,0,0,0,1,2,0,39,0,3,1,1,1,1,5,4,7,6,1,1,0,0,0,10,10,10,7,9,1,0
129, 5/24/2022 11:16,3,1,Control,0,0,0,0,0,,1,1,30,0,2,0,3,0,0,1,2,5,9,0,0,0,0,1,9,8,8,5,7,0,0
132,  5/24/2022 3:47,3,1,Default_yes,0,0,0,1,0,1,6,0,65,0,2,0,3,0,0,6,6,7,7,1,1,1,0,0,11,11,11,11,11,,1
135, 5/24/2022 12:04,3,1,Promise,0,0,1,0,0,1,4,0,60,0,3,1,3,0,0,6,2,7,9,1,1,0,0,1,11,11,11,2,3,1,0
138, 5/24/2022 12:47,3,1,Default_yes,0,0,0,1,0,1,1,1,37,0,2,0,1,1,0,6,8,11,4,1,1,1,1,0,6,11,11,11,11,,1
141, 5/24/2022 12:54,3,1,Default_yes,0,0,0,1,0,1,5,0,45,0,3,1,1,1,1,6,3,9,6,1,1,0,0,0,6,11,11,6,11,,1
144, 5/24/2022 12:40,3,1,Default_no,0,0,0,0,1,1,3,0,62,1,2,0,3,0,0,11,11,11,8,1,1,1,1,1,11,11,11,11,11,,1
147,  5/24/2022 6:34,3,1,Default_yes,0,0,0,1,0,1,1,0,23,0,3,1,1,1,0,6,6,6,6,0,1,1,0,0,7,6,6,5,6,,1
150,  5/24/2022 1:19,3,1,Trust_promise,1,0,0,0,0,1,4,0,26,0,3,1,3,0,0,1,1,11,8,0,0,0,1,1,10,9,10,3,8,1,0
153,  5/25/2022 9:55,3,1,Default_yes,0,0,0,1,0,1,3,0,29,0,2,0,3,0,0,1,2,9,8,0,0,0,0,1,10,11,11,11,9,,1
156, 5/24/2022 12:48,3,1,Trust,0,1,0,0,0,,1,1,26,1,3,1,1,1,1,4,5,11,6,0,0,0,1,0,1,1,1,1,1,,0
159, 5/24/2022 12:28,3,1,Control,0,0,0,0,0,,4,1,54,0,5,1,1,1,1,11,4,11,5,1,1,0,1,0,11,11,11,11,11,0,0
162,  5/24/2022 6:52,3,1,Trust_promise,1,0,0,0,0,1,4,1,27,1,2,0,3,0,0,11,11,11,4,0,1,1,1,0,11,11,11,11,11,1,0
165,  5/24/2022 2:04,3,1,Trust_promise,1,0,0,0,0,1,6,0,42,1,3,1,1,1,0,3,11,11,3,1,0,1,1,0,11,11,11,11,11,1,0
168,  5/24/2022 2:18,3,1,Control,0,0,0,0,0,,4,0,22,1,2,0,1,1,0,1,4,8,4,0,0,0,0,0,4,9,9,1,4,0,0
171,  5/24/2022 4:53,3,1,Trust_promise,1,0,0,0,0,1,4,1,18,0,2,0,3,0,0,1,1,10,7,0,0,0,0,0,11,11,11,11,11,1,0
174,  5/24/2022 3:13,3,1,Trust_promise,1,0,0,0,0,1,2,1,24,0,4,1,1,1,0,1,5,7,8,0,0,0,0,1,11,11,10,9,11,1,0
177,  5/24/2022 2:34,3,1,Default_yes,0,0,0,1,0,1,1,0,20,1,2,0,3,0,0,6,1,9,3,0,1,0,0,0,11,9,11,8,7,,1
180, 5/24/2022 12:57,3,1,Promise,0,0,1,0,0,1,5,0,72,1,3,1,3,0,0,6,9,9,7,1,1,1,0,0,8,10,10,10,10,1,0
183,  5/25/2022 4:00,3,1,Default_yes,0,0,0,1,0,1,3,1,22,0,2,0,1,1,0,6,5,8,3,0,1,0,0,0,11,10,9,10,8,,1
186, 5/24/2022 12:35,3,1,Default_yes,0,0,0,1,0,1,1,0,46,1,2,0,3,0,0,2,11,10,8,1,0,1,0,1,11,11,11,11,11,,1
189,  5/24/2022 5:35,3,1,Default_no,0,0,0,0,1,1,2,0,37,1,4,1,2,1,0,6,11,11,8,1,1,1,1,1,11,11,11,1,11,,1
192, 5/24/2022 12:10,3,1,Promise,0,0,1,0,0,1,5,1,24,1,2,0,2,1,0,1,2,9,7,0,0,0,0,0,11,11,11,11,11,1,0
195, 5/25/2022 10:55,3,1,Control,0,0,0,0,0,,2,1,28,0,4,1,2,1,1,7,11,11,8,0,1,1,1,1,11,11,11,11,11,0,0
198, 5/24/2022 11:34,3,1,Trust_promise,1,0,0,0,0,1,6,1,49,0,2,0,1,1,0,3,1,2,6,1,0,0,0,0,11,11,11,10,11,1,0
201,  5/24/2022 2:25,3,1,Trust,0,1,0,0,0,,5,1,42,0,4,1,1,1,1,1,1,7,7,1,0,0,0,0,1,6,9,9,7,,0
204,  5/24/2022 6:14,3,1,Control,0,0,0,0,0,,3,0,39,1,4,1,2,1,1,1,2,9,8,1,0,0,0,1,6,11,9,10,11,0,0
207,  5/24/2022 4:18,3,1,Trust,0,1,0,0,0,,2,1,21,1,3,1,3,0,0,2,11,9,2,0,0,1,0,0,11,11,11,11,11,,0
210,  5/24/2022 1:27,3,1,Trust,0,1,0,0,0,,1,0,63,1,3,1,3,0,0,3,1,11,8,1,0,0,1,1,8,11,11,7,11,,0
213, 5/24/2022 11:46,3,1,Promise,0,0,1,0,0,1,6,0,23,1,3,1,3,0,0,1,4,11,9,0,0,0,1,1,11,11,11,10,10,1,0
216,  5/24/2022 1:38,3,1,Promise,0,0,1,0,0,1,6,1,49,1,2,0,1,1,0,7,9,11,11,1,1,1,1,1,11,11,11,11,1,1,0
219, 5/24/2022 12:43,3,1,Promise,0,0,1,0,0,1,2,1,55,1,3,1,3,0,0,3,11,11,6,1,0,1,1,0,9,11,11,11,9,1,0
222, 5/24/2022 12:16,3,1,Promise,0,0,1,0,0,1,3,0,43,0,4,1,1,1,1,5,6,8,5,1,1,1,0,0,4,2,5,5,3,1,0
225,  5/24/2022 9:41,3,1,Default_yes,0,0,0,1,0,1,6,1,22,0,3,1,3,0,0,1,6,9,8,0,0,1,0,1,9,9,10,9,9,,1
228,  5/24/2022 4:50,3,1,Default_yes,0,0,0,1,0,1,5,1,34,0,4,1,2,1,1,1,1,11,10,0,0,0,1,1,11,11,11,9,10,,1
231,  5/24/2022 6:54,3,1,Control,0,0,0,0,0,,6,0,38,1,4,1,2,1,1,1,5,10,11,1,0,0,0,1,11,11,11,11,11,0,0
234, 5/24/2022 12:58,3,1,Default_yes,0,0,0,1,0,1,5,0,24,1,2,0,2,1,0,1,1,9,6,0,0,0,0,0,11,11,11,11,11,,1
237, 5/24/2022 12:25,3,1,Promise,0,0,1,0,0,1,3,1,36,0,2,0,2,1,1,7,1,11,4,1,1,0,1,0,11,11,11,7,7,1,0
240, 5/24/2022 12:13,3,1,Default_yes,0,0,0,1,0,1,6,0,42,1,3,1,3,0,1,1,1,11,8,1,0,0,1,1,11,11,11,6,6,,1
243,  5/24/2022 5:41,3,1,Control,0,0,0,0,0,,1,0,42,0,3,1,1,1,1,6,6,8,6,1,1,1,0,0,9,10,10,1,7,0,0
246, 5/24/2022 11:50,3,1,Default_yes,0,0,0,1,0,1,2,1,40,1,3,1,1,1,1,11,11,9,7,1,1,1,0,0,11,11,11,11,11,,1
249, 5/24/2022 12:06,3,1,Default_no,0,0,0,0,1,1,4,1,24,0,3,1,1,1,1,4,11,10,8,0,0,1,0,1,9,10,9,2,3,,1
252, 5/24/2022 12:40,3,1,Promise,0,0,1,0,0,1,2,0,49,0,2,0,3,0,0,6,6,6,6,1,1,1,0,0,11,11,11,11,11,1,0
255, 5/24/2022 12:19,3,1,Trust,0,1,0,0,0,,6,1,24,1,2,0,2,1,0,1,4,6,3,0,0,0,0,0,10,11,11,9,10,,0
258, 5/24/2022 12:52,3,1,Trust,0,1,0,0,0,,4,1,25,1,3,1,2,1,0,3,3,6,7,0,0,0,0,0,9,4,10,4,3,,0
261, 5/24/2022 12:50,3,1,Promise,0,0,1,0,0,1,4,1,44,1,2,0,3,0,1,1,1,8,7,1,0,0,0,0,11,11,11,11,10,1,0
264, 5/24/2022 11:49,3,1,Trust,0,1,0,0,0,,1,0,55,1,2,0,3,0,0,1,6,7,2,1,0,1,0,0,11,10,11,10,10,,0
267,  5/24/2022 2:26,3,1,Promise,0,0,1,0,0,1,4,1,30,0,5,1,1,1,1,1,1,7,5,0,0,0,0,0,3,1,1,2,4,1,0
270, 5/24/2022 12:26,3,1,Control,0,0,0,0,0,,5,1,32,0,4,1,1,1,1,2,1,11,8,0,0,0,1,1,11,11,11,11,11,0,0
273,  5/24/2022 1:01,3,1,Promise,0,0,1,0,0,1,1,0,29,1,4,1,2,1,0,1,10,10,3,0,0,1,0,0,10,10,9,8,9,1,0
276,  5/24/2022 6:13,3,1,Default_no,0,0,0,0,1,1,3,0,26,0,2,0,3,0,0,3,6,9,7,0,0,1,0,0,11,11,11,11,11,,1
279,  5/24/2022 1:03,3,1,Default_yes,0,0,0,1,0,1,4,0,54,1,3,1,1,1,0,1,1,4,1,1,0,0,0,0,6,6,7,1,1,,1
282,  5/24/2022 1:59,3,1,Default_yes,0,0,0,1,0,1,2,0,32,1,3,1,1,1,0,3,6,7,6,0,0,1,0,0,6,9,9,10,10,,1
285,  5/24/2022 1:39,3,1,Promise,0,0,1,0,0,1,6,0,39,0,2,0,1,1,0,1,2,11,10,1,0,0,1,1,1,11,11,8,9,1,0
288,  5/24/2022 1:36,3,1,Trust,0,1,0,0,0,,2,0,61,1,3,1,1,1,0,11,11,11,9,1,1,1,1,1,11,11,11,11,11,,0
291,  5/24/2022 8:17,3,1,Trust_promise,1,0,0,0,0,1,2,0,27,0,3,1,1,1,1,7,5,10,6,0,1,0,0,0,9,10,10,3,3,1,0
294,  5/24/2022 6:22,3,1,Control,0,0,0,0,0,,6,1,21,1,3,1,3,0,0,2,7,11,2,0,0,1,1,0,11,11,11,11,11,0,0
297,  5/24/2022 2:27,3,1,Default_yes,0,0,0,1,0,1,5,0,49,1,4,1,1,1,0,6,1,9,8,1,1,0,0,1,6,6,6,1,1,,1
300, 5/24/2022 12:00,3,1,Default_yes,0,0,0,1,0,1,1,1,24,1,4,1,1,1,1,4,2,2,3,0,0,0,0,0,7,8,9,9,8,,1
303,  5/24/2022 3:10,3,1,Default_no,0,0,0,0,1,1,5,1,21,1,3,1,1,1,1,3,8,9,6,0,0,1,0,0,11,8,8,8,10,,1
306, 5/24/2022 12:39,3,1,Control,0,0,0,0,0,,2,0,59,0,4,1,2,1,1,5,1,11,8,1,1,0,1,1,11,11,11,6,11,0,0
309,  5/25/2022 7:26,3,1,Default_yes,0,0,0,1,0,1,6,0,31,0,3,1,1,1,1,5,11,6,6,0,1,1,0,0,11,11,11,6,11,,1
312,  5/24/2022 1:01,3,1,Trust,0,1,0,0,0,,2,0,35,1,3,1,2,1,0,3,6,11,8,1,0,1,1,1,11,11,11,11,11,,0
315, 5/24/2022 12:55,3,1,Trust_promise,1,0,0,0,0,1,1,1,26,0,3,1,1,1,0,3,1,8,3,0,0,0,0,0,9,10,10,9,9,1,0
318,  5/25/2022 8:06,3,1,Promise,0,0,1,0,0,1,5,0,32,0,2,0,1,1,1,4,7,10,6,0,0,1,0,0,11,11,11,9,9,1,0
321,  5/24/2022 7:43,3,1,Default_no,0,0,0,0,1,1,5,0,19,1,2,0,3,0,0,3,2,1,3,0,0,0,0,0,8,1,1,1,1,,1
324,  5/24/2022 6:42,3,1,Default_yes,0,0,0,1,0,1,3,0,22,1,3,1,2,1,0,5,1,8,8,0,1,0,0,1,10,11,11,11,9,,1
327,  5/24/2022 6:43,3,1,Default_yes,0,0,0,1,0,1,1,1,23,1,2,0,2,1,0,1,1,9,8,0,0,0,0,1,11,11,11,11,11,,1
330,  5/24/2022 2:54,3,1,Trust,0,1,0,0,0,,3,0,71,0,2,0,2,1,0,2,2,11,8,1,0,0,1,1,11,11,11,11,11,,0
333,  5/25/2022 9:28,3,1,Promise,0,0,1,0,0,1,6,1,40,0,2,0,2,1,0,1,11,10,1,1,0,1,0,0,11,11,11,11,11,1,0
336,  5/24/2022 2:10,3,1,Default_yes,0,0,0,1,0,1,1,0,22,0,3,1,3,0,0,6,10,10,8,0,1,1,0,1,8,8,9,7,7,,1
339, 5/24/2022 12:59,3,1,Control,0,0,0,0,0,,5,1,61,0,3,1,1,1,1,8,11,9,8,1,1,1,0,1,10,11,11,11,11,0,0
342, 5/24/2022 12:03,3,1,Control,0,0,0,0,0,,2,1,31,0,3,1,1,1,0,6,11,11,4,0,1,1,1,0,11,11,11,11,11,0,0
345,  5/25/2022 8:38,3,1,Promise,0,0,1,0,0,1,3,1,47,0,3,1,1,1,1,4,1,8,8,1,0,0,0,1,9,9,9,9,9,1,0
348,  5/24/2022 5:59,3,1,Promise,0,0,1,0,0,1,3,1,24,1,3,1,2,1,0,1,6,8,7,0,0,1,0,0,10,10,9,10,7,1,0
351,  5/24/2022 5:15,3,1,Trust,0,1,0,0,0,,2,0,51,1,3,1,3,0,1,2,11,9,9,1,0,1,0,1,11,11,11,11,11,,0
354,  5/24/2022 1:06,3,1,Control,0,0,0,0,0,,1,0,40,1,3,1,1,1,0,3,1,11,11,1,0,0,1,1,9,11,11,11,11,0,0
357,  5/25/2022 5:13,3,1,Promise,0,0,1,0,0,1,4,1,49,0,2,0,1,1,0,2,6,9,9,1,0,1,0,1,11,11,11,11,11,1,0
360,  5/24/2022 5:22,3,1,Default_no,0,0,0,0,1,1,5,0,27,0,3,1,1,1,1,5,11,11,6,0,1,1,1,0,1,11,11,1,6,,1
363, 5/24/2022 10:55,3,1,Default_no,0,0,0,0,1,1,4,0,56,1,3,1,1,1,0,6,1,11,7,1,1,0,1,0,6,8,11,10,11,,1
366,  5/24/2022 1:14,3,1,Control,0,0,0,0,0,,2,0,65,1,3,1,3,0,1,8,9,8,6,1,1,1,0,0,11,11,11,11,11,0,0
369, 5/24/2022 11:43,3,1,Trust_promise,1,0,0,0,0,1,1,1,31,0,3,1,1,1,1,3,8,9,11,0,0,1,0,1,11,11,11,11,11,1,0
372,  5/24/2022 6:53,3,1,Trust,0,1,0,0,0,,6,1,37,1,4,1,1,1,1,7,11,11,9,1,1,1,1,1,9,9,10,1,9,,0
375,  5/24/2022 3:39,3,1,Promise,0,0,1,0,0,1,5,0,25,1,2,0,2,1,0,2,1,5,4,0,0,0,0,0,10,11,8,11,9,1,0
378, 5/24/2022 11:45,3,1,Trust,0,1,0,0,0,,4,1,44,0,3,1,1,1,1,6,6,10,9,1,1,1,0,1,7,11,10,10,10,,0
381,  5/24/2022 2:09,3,1,Default_yes,0,0,0,1,0,1,1,1,20,0,3,1,2,1,1,6,11,11,6,0,1,1,1,0,11,11,11,11,11,,1
384,  5/24/2022 3:22,3,1,Control,0,0,0,0,0,,1,1,21,1,2,0,3,0,0,3,6,9,7,0,0,1,0,0,7,7,7,7,7,0,0
387,  5/24/2022 5:41,3,1,Default_yes,0,0,0,1,0,1,6,1,20,1,2,0,1,1,0,6,10,9,5,0,1,1,0,0,8,11,9,10,5,,1
390,  5/24/2022 7:53,3,1,Default_yes,0,0,0,1,0,1,5,1,25,0,4,1,3,0,0,1,1,9,7,0,0,0,0,0,4,6,5,5,3,,1
393,  5/25/2022 7:13,3,1,Default_no,0,0,0,0,1,1,4,0,63,0,2,0,1,1,0,10,11,10,5,1,1,1,0,0,7,11,11,11,7,,1
396,  5/24/2022 3:13,3,1,Trust_promise,1,0,0,0,0,1,1,0,36,0,2,0,3,0,0,4,1,11,8,1,0,0,1,1,11,11,11,11,11,1,0
399, 5/24/2022 12:08,3,1,Trust_promise,1,0,0,0,0,1,5,0,58,1,2,0,2,1,0,1,11,11,8,1,0,1,1,1,11,1,11,11,11,1,0
402, 5/24/2022 12:38,3,1,Promise,0,0,1,0,0,1,4,1,34,0,3,1,1,1,0,2,1,11,1,0,0,0,1,0,11,11,9,8,9,1,0
405,  5/24/2022 4:52,3,1,Trust_promise,1,0,0,0,0,1,2,0,61,1,2,0,3,0,0,1,9,9,8,1,0,1,0,1,9,9,9,9,9,1,0
408, 5/24/2022 12:08,3,1,Control,0,0,0,0,0,,1,0,27,1,3,1,2,1,0,2,1,6,4,0,0,0,0,0,9,9,9,9,9,0,0
411,  5/24/2022 1:06,3,1,Trust_promise,1,0,0,0,0,1,3,1,46,1,4,1,1,1,1,6,9,7,1,1,1,1,0,0,11,11,11,11,11,1,0
414, 5/24/2022 12:06,3,1,Default_yes,0,0,0,1,0,1,1,0,58,1,2,0,2,1,1,4,2,8,8,1,0,0,0,1,11,11,11,11,11,,1
417,  5/24/2022 1:08,3,1,Promise,0,0,1,0,0,1,2,0,37,0,2,0,1,1,1,7,6,10,7,1,1,1,0,0,6,9,9,8,6,1,0
420,  5/24/2022 1:23,3,1,Default_yes,0,0,0,1,0,1,3,1,26,1,2,0,1,1,1,7,6,9,6,0,1,1,0,0,11,3,8,8,5,,1
423, 5/24/2022 12:54,3,1,Promise,0,0,1,0,0,1,5,1,21,1,2,0,1,1,0,1,1,11,9,0,0,0,1,1,11,11,11,11,11,1,0
426, 5/24/2022 10:53,3,1,Default_no,0,0,0,0,1,1,5,0,23,1,3,1,2,1,1,2,4,8,8,0,0,0,0,1,4,8,8,9,8,,1
429, 5/24/2022 12:37,3,1,Default_no,0,0,0,0,1,1,6,0,43,0,3,1,1,1,1,3,8,11,8,1,0,1,1,1,10,11,11,9,11,,1
432,  5/24/2022 2:01,3,1,Control,0,0,0,0,0,,1,1,40,0,4,1,1,1,1,3,1,8,7,1,0,0,0,0,11,6,8,4,6,0,0
435,  5/24/2022 4:29,3,1,Default_no,0,0,0,0,1,1,1,0,65,0,3,1,1,1,1,1,1,2,2,1,0,0,0,0,6,11,11,1,7,,1
438,  5/24/2022 4:27,3,1,Default_yes,0,0,0,1,0,1,3,1,29,0,4,1,1,1,0,1,11,10,3,0,0,1,0,0,11,11,11,11,11,,1
441,  5/24/2022 6:24,3,1,Control,0,0,0,0,0,,2,0,19,1,2,0,2,1,0,1,2,6,6,0,0,0,0,0,8,8,8,8,8,0,0
444,  5/24/2022 3:53,3,1,Trust_promise,1,0,0,0,0,1,1,0,20,0,2,0,2,1,0,5,5,10,6,0,1,0,0,0,10,10,9,10,9,1,0
447, 5/24/2022 11:58,3,1,Promise,0,0,1,0,0,1,5,1,29,0,2,0,2,1,0,7,2,11,4,0,1,0,1,0,11,11,11,1,11,1,0
450,  5/24/2022 4:02,3,1,Default_no,0,0,0,0,1,1,6,0,51,1,3,1,1,1,0,1,3,6,6,1,0,0,0,0,7,10,10,11,6,,1
453, 5/24/2022 12:09,3,1,Promise,0,0,1,0,0,1,1,0,53,0,3,1,1,1,0,8,9,10,8,1,1,1,0,1,10,11,11,11,11,1,0
456, 5/24/2022 12:07,3,1,Promise,0,0,1,0,0,1,4,1,56,1,5,1,1,1,0,1,4,10,5,1,0,0,0,0,1,11,11,10,7,1,0
459,  5/24/2022 3:06,3,1,Trust_promise,1,0,0,0,0,1,6,0,45,1,3,1,1,1,1,5,11,11,5,1,1,1,1,0,11,11,9,11,7,1,0
462, 5/24/2022 12:44,3,1,Trust_promise,1,0,0,0,0,1,4,1,34,0,3,1,1,1,1,1,2,2,3,0,0,0,0,0,10,10,10,1,1,1,0
465,  5/24/2022 4:25,3,1,Default_yes,0,0,0,1,0,1,2,1,39,0,3,1,3,0,0,2,4,5,7,1,0,0,0,0,2,6,1,3,1,,1
468, 5/24/2022 11:49,3,1,Trust,0,1,0,0,0,,1,1,56,1,2,0,2,1,1,7,6,8,3,1,1,1,0,0,11,11,11,11,11,,0
471, 5/24/2022 12:43,3,1,Control,0,0,0,0,0,,4,1,28,1,3,1,2,1,1,2,1,10,6,0,0,0,0,0,8,11,11,11,11,0,0
474,  5/24/2022 1:43,3,1,Default_yes,0,0,0,1,0,1,2,1,19,0,2,0,3,0,0,3,8,11,9,0,0,1,1,1,8,10,11,10,10,,1
477, 5/24/2022 11:34,3,1,Control,0,0,0,0,0,,5,0,32,1,2,0,1,1,0,3,5,11,7,0,0,0,1,0,11,11,11,6,11,0,0
480, 5/24/2022 12:46,3,1,Trust,0,1,0,0,0,,1,1,21,1,2,0,3,0,1,6,2,10,6,0,1,0,0,0,6,9,8,6,7,,0
483,  5/24/2022 7:26,3,1,Default_yes,0,0,0,1,0,1,6,0,22,1,3,1,1,1,1,5,10,11,8,0,1,1,1,1,1,4,8,2,5,,1
486,  5/25/2022 7:46,3,1,Default_yes,0,0,0,1,0,1,1,0,37,0,3,1,1,1,1,1,2,11,9,1,0,0,1,1,5,11,11,11,11,,1
489,  5/24/2022 7:07,3,1,Trust,0,1,0,0,0,,1,0,50,1,2,0,2,1,0,3,11,11,7,1,0,1,1,0,2,10,10,3,6,,0
492,  5/24/2022 4:32,3,1,Default_yes,0,0,0,1,0,1,2,0,50,0,3,1,1,1,0,11,11,11,1,1,1,1,1,0,1,1,11,1,1,,1
495, 5/24/2022 12:33,3,1,Trust,0,1,0,0,0,,1,0,81,0,4,1,3,0,0,1,1,9,9,1,0,0,0,1,8,8,8,8,8,,0
498,  5/24/2022 6:03,3,1,Default_no,0,0,0,0,1,1,2,1,45,1,3,1,2,1,1,9,6,11,8,1,1,1,1,1,11,11,11,11,11,,1
501,  5/25/2022 9:44,3,1,Trust_promise,1,0,0,0,0,1,1,1,40,0,3,1,2,1,1,11,11,11,8,1,1,1,1,1,10,10,11,11,1,1,0
504,  5/24/2022 4:15,3,1,Control,0,0,0,0,0,,4,0,51,0,2,0,1,1,1,7,11,11,8,1,1,1,1,1,11,11,11,11,11,0,0
507,  5/24/2022 2:16,3,1,Default_no,0,0,0,0,1,1,6,0,22,1,2,0,3,0,0,6,11,8,6,0,1,1,0,0,8,9,9,9,9,,1
510,  5/24/2022 1:59,3,1,Default_yes,0,0,0,1,0,1,6,1,39,0,5,1,1,1,1,11,8,10,7,1,1,1,0,0,11,11,11,1,6,,1
513,  5/24/2022 4:36,3,1,Default_no,0,0,0,0,1,1,1,1,46,1,2,0,3,0,1,6,2,11,9,1,1,0,1,1,11,11,11,11,11,,1
516,  5/24/2022 4:23,3,1,Default_no,0,0,0,0,1,1,3,1,36,0,3,1,2,1,1,4,1,11,4,1,0,0,1,0,11,11,11,11,11,,1
519,  5/24/2022 1:20,3,1,Trust,0,1,0,0,0,,1,0,34,0,3,1,1,1,1,6,11,11,7,0,1,1,1,0,11,11,11,9,9,,0
522, 5/24/2022 12:57,3,1,Control,0,0,0,0,0,,6,0,20,1,2,0,3,0,0,1,3,6,2,0,0,0,0,0,11,5,4,6,3,0,0
525, 5/24/2022 12:34,3,1,Control,0,0,0,0,0,,2,0,56,0,3,1,2,1,1,6,11,11,9,1,1,1,1,1,11,11,11,11,11,0,0
528,  5/24/2022 3:16,3,1,Default_yes,0,0,0,1,0,1,1,0,22,1,3,1,2,1,0,5,11,11,6,0,1,1,1,0,8,11,11,11,11,,1
531, 5/24/2022 11:18,3,1,Trust_promise,1,0,0,0,0,1,5,1,36,1,2,0,2,1,0,6,11,9,6,1,1,1,0,0,11,11,11,10,8,1,0
534, 5/24/2022 11:46,3,1,Promise,0,0,1,0,0,1,2,0,25,1,3,1,1,1,1,5,11,7,4,0,1,1,0,0,11,11,11,11,11,1,0
537,  5/24/2022 2:39,3,1,Trust_promise,1,0,0,0,0,1,2,0,66,1,4,1,2,1,1,2,2,10,8,1,0,0,0,1,9,10,10,10,10,1,0
540,  5/24/2022 3:07,3,1,Trust_promise,1,0,0,0,0,1,4,0,52,1,4,1,3,0,1,3,7,9,8,1,0,1,0,1,8,9,9,10,9,1,0
543, 5/24/2022 12:47,3,1,Promise,0,0,1,0,0,1,6,0,30,1,2,0,3,0,0,7,9,9,2,0,1,1,0,0,11,11,11,8,10,1,0
546, 5/24/2022 11:52,3,1,Default_no,0,0,0,0,1,1,6,0,38,0,3,1,1,1,0,3,1,9,4,1,0,0,0,0,11,11,11,9,11,,1
549, 5/24/2022 12:20,3,1,Default_no,0,0,0,0,1,1,5,0,23,1,3,1,3,0,0,3,8,6,8,0,0,1,0,1,9,7,11,10,10,,1
552, 5/24/2022 11:45,3,1,Trust,0,1,0,0,0,,2,0,34,0,2,0,1,1,1,6,3,8,4,0,1,0,0,0,7,10,11,11,8,,0
555, 5/24/2022 10:50,3,1,Trust,0,1,0,0,0,,1,1,44,1,2,0,1,1,0,3,1,10,6,1,0,0,0,0,11,11,11,8,11,,0
558,  5/24/2022 4:05,3,1,Trust,0,1,0,0,0,,1,1,40,1,2,0,1,1,0,6,3,10,6,1,1,0,0,0,3,2,3,2,2,,0
561,  5/24/2022 8:03,3,1,Default_yes,0,0,0,1,0,1,5,0,38,1,2,0,2,1,0,6,9,6,4,1,1,1,0,0,8,11,11,11,11,,1
564,  5/24/2022 9:28,3,1,Default_yes,0,0,0,1,0,1,1,0,24,0,3,1,2,1,1,2,2,10,10,0,0,0,0,1,10,10,11,11,11,,1
567,  5/24/2022 1:30,3,1,Trust,0,1,0,0,0,,2,0,56,0,3,1,1,1,1,11,11,11,9,1,1,1,1,1,11,11,11,11,10,,0
570, 5/24/2022 11:57,3,1,Trust_promise,1,0,0,0,0,1,3,0,64,0,3,1,3,0,0,3,1,11,8,1,0,0,1,1,11,11,11,11,11,1,0
573,  5/25/2022 6:51,3,1,Trust,0,1,0,0,0,,2,1,33,0,3,1,1,1,1,6,6,9,8,0,1,1,0,1,11,11,11,11,11,,0
576, 5/24/2022 11:50,3,1,Default_no,0,0,0,0,1,1,6,0,72,0,5,1,3,0,1,3,2,10,4,1,0,0,0,0,11,11,9,6,7,,1
579,  5/25/2022 7:13,3,1,Default_yes,0,0,0,1,0,1,1,0,54,0,3,1,1,1,0,1,1,9,5,1,0,0,0,0,6,11,11,1,1,,1
582, 5/24/2022 12:14,3,1,Default_no,0,0,0,0,1,1,5,0,25,1,2,0,3,0,0,1,1,8,4,0,0,0,0,0,11,11,11,11,11,,1
585, 5/24/2022 11:02,3,1,Default_no,0,0,0,0,1,1,3,0,66,1,2,0,3,0,0,2,1,10,8,1,0,0,0,1,11,11,9,8,11,,1
588,  5/24/2022 3:51,3,1,Promise,0,0,1,0,0,1,5,0,57,0,2,0,3,0,0,10,11,10,9,1,1,1,0,1,11,11,11,9,9,1,0
591, 5/24/2022 11:13,3,1,Default_no,0,0,0,0,1,1,5,1,41,1,3,1,1,1,1,6,1,11,11,1,1,0,1,1,11,11,11,11,1,,1
594,  5/24/2022 1:51,3,1,Trust,0,1,0,0,0,,2,1,28,1,3,1,1,1,1,3,3,8,8,0,0,0,0,1,10,11,10,11,10,,0
597,  5/24/2022 7:13,3,1,Control,0,0,0,0,0,,1,0,75,0,3,1,3,0,1,3,3,9,7,1,0,0,0,0,2,11,11,11,7,0,0
600,  5/24/2022 7:59,3,1,Trust,0,1,0,0,0,,3,0,38,1,3,1,2,1,0,4,11,11,4,1,0,1,1,0,11,11,11,5,11,,0
603,  5/24/2022 1:00,3,1,Default_no,0,0,0,0,1,1,5,0,78,1,3,1,3,0,1,10,11,11,8,1,1,1,1,1,11,11,11,11,11,,1
606,  5/24/2022 1:39,3,1,Promise,0,0,1,0,0,1,3,0,32,0,3,1,1,1,1,10,11,11,9,0,1,1,1,1,11,11,11,11,9,1,0
609,  5/24/2022 2:40,3,1,Trust_promise,1,0,0,0,0,1,2,1,25,0,2,0,1,1,0,4,1,6,7,0,0,0,0,0,6,4,6,1,1,1,0
612, 5/24/2022 11:00,3,1,Trust_promise,1,0,0,0,0,1,4,0,37,0,3,1,1,1,1,5,4,9,7,1,1,0,0,0,8,9,11,11,9,1,0
615,  5/25/2022 9:46,3,1,Default_yes,0,0,0,1,0,1,6,0,31,0,3,1,2,1,1,5,11,11,8,0,1,1,1,1,9,10,10,9,8,,1
618, 5/25/2022 12:29,3,1,Trust,0,1,0,0,0,,2,0,47,0,3,1,1,1,1,6,4,10,4,1,1,0,0,0,4,9,10,6,9,,0
621,  5/24/2022 3:22,3,1,Default_yes,0,0,0,1,0,1,3,0,36,0,2,0,2,1,1,1,1,6,8,1,0,0,0,1,8,11,11,11,9,,1
624, 5/24/2022 11:46,3,1,Default_no,0,0,0,0,1,1,3,1,30,0,4,1,1,1,1,4,1,9,3,0,0,0,0,0,9,9,9,9,9,,1
627,  5/24/2022 2:10,3,1,Control,0,0,0,0,0,,5,0,36,1,2,0,1,1,0,5,11,11,1,1,1,1,1,0,1,11,11,1,1,0,0
630,  5/24/2022 2:11,3,1,Trust,0,1,0,0,0,,2,0,61,1,3,1,3,0,0,2,1,7,1,1,0,0,0,0,9,9,11,11,6,,0
633,  5/24/2022 1:31,3,1,Default_no,0,0,0,0,1,1,1,1,35,0,3,1,1,1,1,2,2,7,8,1,0,0,0,1,1,10,9,2,6,,1
636,  5/24/2022 8:35,3,1,Trust_promise,1,0,0,0,0,1,6,1,21,1,2,0,3,0,0,1,1,11,2,0,0,0,1,0,1,1,1,1,1,1,0
639,  5/24/2022 3:46,3,1,Trust,0,1,0,0,0,,1,0,46,1,4,1,1,1,1,7,9,11,7,1,1,1,1,0,11,11,11,3,11,,0
642,  5/24/2022 2:30,3,1,Control,0,0,0,0,0,,4,1,55,1,3,1,2,1,0,2,6,6,9,1,0,1,0,1,10,9,8,9,9,0,0
645,  5/24/2022 2:21,3,1,Promise,0,0,1,0,0,1,5,0,53,0,3,1,1,1,0,5,2,10,8,1,1,0,0,1,10,10,10,8,9,1,0
648,  5/24/2022 5:30,3,1,Trust,0,1,0,0,0,,6,1,38,0,4,1,1,1,1,6,9,9,3,1,1,1,0,0,8,9,9,6,6,,0
651, 5/24/2022 12:08,3,1,Trust,0,1,0,0,0,,5,1,61,1,5,1,1,1,0,6,1,9,8,1,1,0,0,1,9,11,11,10,11,,0
654,  5/24/2022 6:19,3,1,Default_yes,0,0,0,1,0,1,2,1,25,0,3,1,1,1,1,6,1,11,1,0,1,0,1,0,11,11,11,1,11,,1
657,  5/24/2022 1:08,3,1,Trust_promise,1,0,0,0,0,1,2,1,28,0,3,1,2,1,1,4,2,9,7,0,0,0,0,0,11,11,11,11,11,1,0
660, 5/24/2022 11:34,3,1,Promise,0,0,1,0,0,1,1,0,25,0,2,0,3,0,0,1,1,7,8,0,0,0,0,1,8,6,6,7,10,1,0
663, 5/24/2022 11:43,3,1,Control,0,0,0,0,0,,6,0,40,1,3,1,2,1,0,1,3,6,8,1,0,0,0,1,6,6,6,6,6,0,0
666, 5/24/2022 12:05,3,1,Promise,0,0,1,0,0,1,3,1,33,1,4,1,2,1,0,3,11,11,4,0,0,1,1,0,11,11,11,11,11,1,0
669,  5/24/2022 2:36,3,1,Trust,0,1,0,0,0,,5,0,35,1,2,0,1,1,0,1,1,11,6,1,0,0,1,0,11,11,11,11,6,,0
672,  5/24/2022 2:35,3,1,Default_yes,0,0,0,1,0,1,3,0,44,1,2,0,1,1,0,6,11,10,5,1,1,1,0,0,8,11,11,7,10,,1
675, 5/24/2022 10:54,3,1,Control,0,0,0,0,0,,2,1,24,1,3,1,3,0,0,10,10,11,8,0,1,1,1,1,11,11,11,11,11,0,0
678, 5/24/2022 10:48,3,1,Trust_promise,1,0,0,0,0,1,5,0,45,0,3,1,1,1,0,6,2,11,9,1,1,0,1,1,11,11,11,11,1,1,0
681, 5/24/2022 12:39,3,1,Default_yes,0,0,0,1,0,1,1,0,39,1,3,1,1,1,1,2,1,9,7,1,0,0,0,0,11,11,11,11,11,,1
684,  5/24/2022 3:27,3,1,Default_no,0,0,0,0,1,1,5,0,27,0,3,1,1,1,1,4,8,9,8,0,0,1,0,1,11,11,11,11,11,,1
687,  5/24/2022 1:19,3,1,Default_yes,0,0,0,1,0,1,3,0,27,1,3,1,1,1,1,6,8,8,4,0,1,1,0,0,11,11,11,11,6,,1
690,  5/24/2022 2:23,3,1,Control,0,0,0,0,0,,4,0,38,1,2,0,1,1,0,4,1,10,9,1,0,0,0,1,8,9,9,8,10,0,0
693,  5/24/2022 6:28,3,1,Promise,0,0,1,0,0,1,5,1,40,1,3,1,3,0,0,7,8,8,4,1,1,1,0,0,7,10,10,9,7,1,0
696, 5/24/2022 11:30,3,1,Default_no,0,0,0,0,1,1,4,1,39,0,3,1,1,1,1,3,1,9,4,1,0,0,0,0,10,4,9,7,8,,1
699, 5/24/2022 11:33,3,1,Trust,0,1,0,0,0,,3,0,46,0,2,0,3,0,0,1,1,10,10,1,0,0,0,1,11,11,11,11,7,,0
702, 5/24/2022 12:20,3,1,Promise,0,0,1,0,0,1,1,0,35,1,3,1,1,1,1,6,6,9,9,1,1,1,0,1,10,10,10,10,10,1,0
705,  5/24/2022 1:25,3,1,Trust_promise,1,0,0,0,0,1,6,0,69,0,2,0,1,1,1,9,10,10,8,1,1,1,0,1,10,11,11,11,9,1,0
708,  5/24/2022 1:20,3,1,Default_yes,0,0,0,1,0,1,5,0,68,1,3,1,3,0,0,1,1,11,6,1,0,0,1,0,1,9,6,1,1,,1
711,  5/24/2022 2:19,3,1,Control,0,0,0,0,0,,6,0,36,1,2,0,3,0,0,9,6,9,6,1,1,1,0,0,11,11,11,11,11,0,0
714,  5/24/2022 2:50,3,1,Default_yes,0,0,0,1,0,1,2,0,65,1,2,0,2,1,0,6,11,10,7,1,1,1,0,0,11,11,11,11,11,,1
717, 5/24/2022 10:39,3,1,Default_yes,0,0,0,1,0,1,4,1,34,0,4,1,1,1,1,4,11,10,9,0,0,1,0,1,11,11,11,2,11,,1
720, 5/24/2022 11:49,3,1,Default_no,0,0,0,0,1,1,1,1,26,1,2,0,2,1,1,11,3,9,4,0,1,0,0,0,1,1,1,1,1,,1
723,  5/24/2022 7:49,3,1,Control,0,0,0,0,0,,3,0,31,1,2,0,2,1,1,1,2,6,6,0,0,0,0,0,9,10,11,2,7,0,0
726, 5/24/2022 11:56,3,1,Promise,0,0,1,0,0,1,4,1,29,0,4,1,2,1,0,8,8,11,6,0,1,1,1,0,4,3,5,8,4,1,0
729, 5/24/2022 11:32,3,1,Default_no,0,0,0,0,1,1,5,1,39,0,2,0,1,1,1,2,2,11,9,1,0,0,1,1,8,8,8,10,11,,1
732,  5/24/2022 1:00,3,1,Trust_promise,1,0,0,0,0,1,6,1,48,0,5,1,2,1,1,7,10,10,8,1,1,1,0,1,10,10,10,11,2,1,0
735, 5/24/2022 12:44,3,1,Default_no,0,0,0,0,1,1,3,1,35,0,2,0,3,0,0,11,11,11,5,1,1,1,1,0,11,11,11,11,11,,1
738,  5/24/2022 9:54,3,1,Default_no,0,0,0,0,1,1,1,0,34,0,2,0,2,1,0,6,4,10,5,0,1,0,0,0,8,11,9,6,5,,1
741,  5/24/2022 5:15,3,1,Promise,0,0,1,0,0,1,2,0,26,1,2,0,2,1,0,6,11,11,3,0,1,1,1,0,7,11,11,11,11,1,0
744, 5/24/2022 12:06,3,1,Default_yes,0,0,0,1,0,1,1,0,37,1,2,0,1,1,0,1,1,9,7,1,0,0,0,0,4,11,9,3,6,,1
747,  5/24/2022 3:35,3,1,Trust,0,1,0,0,0,,3,0,28,1,3,1,3,0,0,2,3,11,5,0,0,0,1,0,11,11,11,11,11,,0
750, 5/24/2022 11:18,3,1,Default_yes,0,0,0,1,0,1,3,1,42,1,3,1,3,0,0,6,11,11,9,1,1,1,1,1,11,11,11,11,11,,1
753, 5/24/2022 12:43,3,1,Default_no,0,0,0,0,1,1,2,0,46,1,2,0,2,1,0,1,6,11,6,1,0,1,1,0,10,10,10,10,11,,1
756,  5/24/2022 5:46,3,1,Trust,0,1,0,0,0,,1,0,28,1,3,1,1,1,0,2,2,9,5,0,0,0,0,0,10,10,10,10,8,,0
759,  5/24/2022 2:37,3,1,Trust_promise,1,0,0,0,0,1,5,0,19,0,2,0,3,0,0,6,3,11,7,0,1,0,1,0,11,11,11,11,10,1,0
762,  5/24/2022 5:27,3,1,Control,0,0,0,0,0,,2,1,36,1,4,1,1,1,1,5,8,9,8,1,1,1,0,1,7,8,8,7,7,0,0
765, 5/24/2022 12:22,3,1,Default_yes,0,0,0,1,0,1,3,1,29,1,3,1,3,0,0,3,11,8,5,0,0,1,0,0,11,11,11,11,11,,1
768,  5/24/2022 1:57,3,1,Promise,0,0,1,0,0,1,4,1,35,1,3,1,1,1,1,1,1,11,9,1,0,0,1,1,11,11,11,11,9,1,0
771, 5/24/2022 10:20,3,1,Trust_promise,1,0,0,0,0,1,3,0,46,0,2,0,2,1,1,5,10,11,7,1,1,1,1,0,9,11,11,9,9,1,0
774,  5/24/2022 7:33,3,1,Control,0,0,0,0,0,,5,0,67,1,3,1,3,0,0,11,11,11,4,1,1,1,1,0,11,11,11,1,6,0,0
777,  5/25/2022 3:50,3,1,Promise,0,0,1,0,0,1,6,1,31,0,2,0,1,1,1,3,1,9,6,0,0,0,0,0,11,11,11,11,11,1,0
780,  5/24/2022 6:46,3,1,Default_no,0,0,0,0,1,1,3,1,33,0,3,1,1,1,0,8,11,11,6,0,1,1,1,0,9,9,9,6,3,,1
783,  5/24/2022 4:30,3,1,Trust,0,1,0,0,0,,1,0,48,1,5,1,1,1,0,5,11,10,8,1,1,1,0,1,9,10,10,8,9,,0
786, 5/24/2022 11:49,3,1,Trust_promise,1,0,0,0,0,1,2,1,34,0,3,1,2,1,1,5,8,11,4,0,1,1,1,0,11,11,11,11,11,1,0
789,  5/24/2022 3:12,3,1,Promise,0,0,1,0,0,1,6,1,26,0,3,1,1,1,1,2,4,11,5,0,0,0,1,0,8,7,8,1,4,1,0
792, 5/24/2022 11:48,3,1,Trust,0,1,0,0,0,,6,0,41,0,2,0,1,1,1,11,11,11,6,1,1,1,1,0,11,11,11,11,11,,0
795,  5/25/2022 9:38,3,1,Default_no,0,0,0,0,1,1,2,1,25,0,2,0,1,1,0,1,2,9,10,0,0,0,0,1,8,10,8,7,3,,1
798,  5/24/2022 8:07,3,1,Default_no,0,0,0,0,1,1,4,0,30,1,2,0,1,1,0,10,10,10,8,0,1,1,0,1,11,11,11,11,11,,1
801, 5/24/2022 12:39,3,1,Default_no,0,0,0,0,1,1,2,0,36,1,3,1,2,1,0,2,1,7,7,1,0,0,0,0,6,11,11,11,6,,1
804,  5/24/2022 5:07,3,1,Trust_promise,1,0,0,0,0,1,3,0,34,1,4,1,2,1,0,1,3,5,9,0,0,0,0,1,9,9,10,5,6,1,0
807,  5/24/2022 6:44,3,1,Default_yes,0,0,0,1,0,1,4,1,32,1,2,0,1,1,1,5,1,9,9,0,1,0,0,1,10,11,11,11,11,,1
810, 5/24/2022 12:06,3,1,Default_yes,0,0,0,1,0,1,3,1,51,0,3,1,1,1,1,2,1,3,6,1,0,0,0,0,7,9,9,11,5,,1
813, 5/24/2022 12:30,3,1,Promise,0,0,1,0,0,1,2,1,56,0,4,1,1,1,1,2,8,11,9,1,0,1,1,1,11,11,11,11,11,1,0
816, 5/24/2022 12:02,3,1,Promise,0,0,1,0,0,1,2,0,34,1,4,1,3,0,1,1,9,11,4,0,0,1,1,0,11,11,11,11,6,1,0
819, 5/24/2022 11:50,3,1,Control,0,0,0,0,0,,3,1,49,1,4,1,2,1,1,3,9,9,6,1,0,1,0,0,9,9,9,8,6,0,0
822, 5/24/2022 12:10,3,1,Trust_promise,1,0,0,0,0,1,2,0,51,1,2,0,1,1,0,9,6,10,4,1,1,1,0,0,4,11,11,10,4,1,0
825,  5/24/2022 1:33,3,1,Promise,0,0,1,0,0,1,4,1,24,1,3,1,1,1,0,4,4,11,8,0,0,0,1,1,10,11,11,11,9,1,0
828,  5/24/2022 3:13,3,1,Default_no,0,0,0,0,1,1,5,1,31,0,3,1,1,1,1,4,1,7,8,0,0,0,0,1,11,11,11,11,11,,1
831,  5/24/2022 5:50,3,1,Default_yes,0,0,0,1,0,1,5,0,27,0,2,0,3,0,0,6,6,7,4,0,1,1,0,0,6,9,8,7,7,,1
834,  5/24/2022 9:12,3,1,Control,0,0,0,0,0,,5,0,27,0,3,1,1,1,1,4,9,9,5,0,0,1,0,0,3,11,11,7,9,0,0
837, 5/24/2022 12:24,3,1,Promise,0,0,1,0,0,1,5,1,18,1,2,0,3,0,0,3,11,10,7,0,0,1,0,0,9,9,9,9,9,1,0
840,  5/25/2022 9:53,3,1,Promise,0,0,1,0,0,1,3,0,48,0,4,1,1,1,1,8,1,8,8,1,1,0,0,1,11,11,11,2,11,1,0
843,  5/24/2022 3:02,3,1,Control,0,0,0,0,0,,5,0,30,0,2,0,3,0,0,5,11,11,10,0,1,1,1,1,11,8,11,9,9,0,0
846,  5/24/2022 2:15,3,1,Promise,0,0,1,0,0,1,2,1,47,0,3,1,1,1,1,3,1,7,6,1,0,0,0,0,9,7,8,7,8,1,0
849, 5/24/2022 11:37,3,1,Control,0,0,0,0,0,,1,0,68,0,4,1,1,1,0,1,11,11,6,1,0,1,1,0,10,10,10,11,10,0,0
852, 5/24/2022 11:15,3,1,Promise,0,0,1,0,0,1,2,1,32,0,3,1,2,1,1,2,2,10,9,0,0,0,0,1,11,11,10,10,10,1,0
855,  5/24/2022 8:51,3,1,Default_no,0,0,0,0,1,1,4,1,24,0,2,0,3,0,0,6,11,11,6,0,1,1,1,0,11,11,11,11,10,,1
858,  5/24/2022 3:32,3,1,Control,0,0,0,0,0,,3,0,53,1,3,1,1,1,1,3,1,11,6,1,0,0,1,0,1,11,11,11,11,0,0
861,  5/24/2022 3:44,3,1,Default_no,0,0,0,0,1,1,6,1,35,1,3,1,2,1,1,5,6,5,5,1,1,1,0,0,8,11,6,9,10,,1
864, 5/24/2022 10:32,3,1,Trust_promise,1,0,0,0,0,1,2,1,27,1,3,1,1,1,1,7,11,10,1,0,1,1,0,0,11,11,11,1,1,1,0
867, 5/24/2022 12:26,3,1,Default_yes,0,0,0,1,0,1,4,0,25,0,4,1,1,1,1,9,9,9,5,0,1,1,0,0,8,8,8,9,10,,1
870,  5/24/2022 4:19,3,1,Trust,0,1,0,0,0,,1,1,21,1,2,0,2,1,0,1,4,11,6,0,0,0,1,0,10,11,11,10,10,,0
873, 5/24/2022 11:48,3,1,Default_no,0,0,0,0,1,1,3,0,35,0,2,0,3,0,0,2,2,10,8,1,0,0,0,1,11,11,11,11,11,,1
876, 5/24/2022 12:54,3,1,Promise,0,0,1,0,0,1,5,1,55,1,3,1,1,1,0,10,11,11,6,1,1,1,1,0,11,11,11,10,2,1,0
879,  5/24/2022 6:55,3,1,Default_yes,0,0,0,1,0,1,4,0,46,0,4,1,1,1,1,2,11,10,6,1,0,1,0,0,7,7,7,6,7,,1
882,  5/25/2022 8:34,3,1,Trust_promise,1,0,0,0,0,1,4,0,27,0,4,1,1,1,1,3,1,11,1,0,0,0,1,0,11,11,11,11,1,1,0
885, 5/25/2022 10:13,3,1,Default_yes,0,0,0,1,0,1,2,0,36,0,3,1,1,1,1,3,11,11,4,1,0,1,1,0,11,11,11,6,8,,1
888, 5/24/2022 12:25,3,1,Trust,0,1,0,0,0,,4,1,25,1,3,1,3,0,0,1,1,3,5,0,0,0,0,0,9,11,11,10,11,,0
891,  5/24/2022 3:10,3,1,Control,0,0,0,0,0,,1,1,42,1,2,0,2,1,1,6,4,11,5,1,1,0,1,0,10,10,11,10,1,0,0
894,  5/24/2022 1:46,3,1,Trust,0,1,0,0,0,,1,0,41,1,2,0,3,0,1,5,11,11,7,1,1,1,1,0,7,9,11,6,8,,0
897,  5/24/2022 3:32,3,1,Trust_promise,1,0,0,0,0,1,4,1,30,0,3,1,1,1,1,7,5,9,7,0,1,0,0,0,11,11,11,1,11,1,0
900,  5/25/2022 7:54,3,1,Default_yes,0,0,0,1,0,1,4,0,41,0,2,0,2,1,0,5,2,10,8,1,1,0,0,1,10,11,11,11,10,,1
903, 5/24/2022 12:00,3,1,Control,0,0,0,0,0,,1,0,19,1,2,0,2,1,0,4,1,8,5,0,0,0,0,0,11,11,11,11,11,0,0
906,  5/24/2022 6:10,3,1,Default_yes,0,0,0,1,0,1,3,1,34,1,2,0,3,0,0,1,1,7,6,0,0,0,0,0,9,11,11,10,11,,1
909, 5/24/2022 12:09,3,1,Default_no,0,0,0,0,1,1,5,0,20,1,2,0,2,1,0,1,1,6,6,0,0,0,0,0,9,3,9,6,6,,1
912,  5/24/2022 2:43,3,1,Default_no,0,0,0,0,1,1,4,1,36,1,2,0,1,1,0,6,1,9,6,1,1,0,0,0,11,11,11,11,11,,1
915,  5/24/2022 4:04,3,1,Trust_promise,1,0,0,0,0,1,4,0,43,0,4,1,1,1,0,5,8,9,1,1,1,1,0,0,11,11,11,11,11,1,0
918,  5/24/2022 3:13,3,1,Control,0,0,0,0,0,,6,0,31,0,2,0,2,1,1,7,11,11,7,0,1,1,1,0,11,6,7,5,1,0,0
921,  5/24/2022 2:26,3,1,Trust,0,1,0,0,0,,3,1,31,0,3,1,3,0,0,1,1,7,4,0,0,0,0,0,7,2,4,5,5,,0
924,  5/24/2022 1:53,3,1,Default_yes,0,0,0,1,0,1,6,0,26,0,3,1,1,1,0,6,2,11,9,0,1,0,1,1,10,11,11,9,11,,1
927,  5/24/2022 5:48,3,1,Control,0,0,0,0,0,,1,0,26,1,3,1,3,0,1,5,5,9,7,0,1,0,0,0,7,9,9,9,6,0,0
930,  5/24/2022 4:39,3,1,Promise,0,0,1,0,0,1,5,1,28,1,3,1,1,1,0,6,11,11,10,0,1,1,1,1,9,9,9,9,3,1,0
933, 5/24/2022 12:55,3,1,Default_no,0,0,0,0,1,1,1,0,31,1,4,1,2,1,1,2,11,9,7,0,0,1,0,0,9,10,10,10,10,,1
936, 5/24/2022 12:17,3,1,Trust,0,1,0,0,0,,4,1,23,1,2,0,2,1,0,6,9,10,8,0,1,1,0,1,11,11,11,10,10,,0
939,  5/24/2022 2:04,3,1,Trust,0,1,0,0,0,,6,0,39,0,4,1,2,1,1,1,9,8,5,1,0,1,0,0,9,9,11,11,11,,0
942,  5/24/2022 8:07,3,1,Control,0,0,0,0,0,,4,1,64,1,3,1,1,1,1,2,8,9,6,1,0,1,0,0,11,11,11,11,11,0,0
945, 5/24/2022 12:56,3,1,Promise,0,0,1,0,0,1,2,1,65,1,2,0,1,1,0,5,3,9,7,1,1,0,0,0,11,11,11,11,11,1,0
948, 5/24/2022 12:55,3,1,Default_no,0,0,0,0,1,1,5,1,23,1,2,0,3,0,0,1,1,11,1,0,0,0,1,0,11,11,11,11,11,,1
951, 5/24/2022 11:58,3,1,Default_yes,0,0,0,1,0,1,2,0,53,0,3,1,1,1,1,11,11,11,7,1,1,1,1,0,11,11,11,11,11,,1
954,  5/24/2022 4:15,3,1,Promise,0,0,1,0,0,1,5,0,64,1,2,0,3,0,0,4,11,11,7,1,0,1,1,0,9,11,10,9,11,1,0
957,  5/24/2022 2:13,3,1,Control,0,0,0,0,0,,4,1,46,0,3,1,1,1,1,9,1,9,9,1,1,0,0,1,3,2,6,2,5,0,0
960,  5/24/2022 5:16,3,1,Default_yes,0,0,0,1,0,1,5,1,26,1,4,1,1,1,1,1,1,11,7,0,0,0,1,0,8,8,8,8,8,,1
963,  5/24/2022 5:50,3,1,Trust_promise,1,0,0,0,0,1,6,0,36,0,3,1,1,1,1,8,11,9,8,1,1,1,0,1,10,11,11,9,7,1,0
966,  5/24/2022 2:51,3,1,Trust_promise,1,0,0,0,0,1,3,1,23,0,3,1,2,1,0,1,11,11,7,0,0,1,1,0,9,10,10,8,8,1,0
969,  5/24/2022 5:12,3,1,Default_no,0,0,0,0,1,1,4,0,36,1,3,1,1,1,1,1,1,11,6,1,0,0,1,0,6,8,11,6,6,,1
972,  5/24/2022 1:25,3,1,Trust,0,1,0,0,0,,5,1,41,0,2,0,2,1,1,10,7,8,5,1,1,1,0,0,11,11,11,11,11,,0
975, 5/24/2022 11:29,3,1,Trust,0,1,0,0,0,,2,0,49,1,3,1,1,1,0,6,2,9,10,1,1,0,0,1,7,11,11,11,7,,0
978,  5/24/2022 3:54,3,1,Trust,0,1,0,0,0,,5,0,26,1,3,1,2,1,1,6,5,8,8,0,1,0,0,1,9,7,10,8,9,,0
981,  5/24/2022 2:21,3,1,Default_no,0,0,0,0,1,1,2,0,50,0,3,1,1,1,1,3,6,11,6,1,0,1,1,0,6,1,6,1,6,,1
984,  5/24/2022 2:17,3,1,Trust_promise,1,0,0,0,0,1,6,1,35,0,3,1,1,1,1,6,11,11,3,1,1,1,1,0,11,11,11,11,11,1,0
987, 5/24/2022 12:01,3,1,Trust,0,1,0,0,0,,1,1,56,1,2,0,1,1,1,2,2,9,8,1,0,0,0,1,10,10,10,10,10,,0
990,  5/24/2022 3:24,3,1,Trust_promise,1,0,0,0,0,1,6,0,22,0,2,0,1,1,1,4,2,8,8,0,0,0,0,1,11,11,11,8,8,1,0
993, 5/24/2022 12:13,3,1,Default_no,0,0,0,0,1,1,4,0,50,0,2,0,3,0,0,7,11,11,11,1,1,1,1,1,11,11,11,1,1,,1
996,  5/25/2022 4:29,3,1,Default_no,0,0,0,0,1,1,2,0,31,0,3,1,1,1,0,11,10,10,3,0,1,1,0,0,9,10,10,9,9,,1
999, 5/24/2022 11:38,3,1,Default_no,0,0,0,0,1,1,3,1,37,1,2,0,3,0,0,3,7,11,9,1,0,1,1,1,11,11,11,10,9,,1
1002,  5/24/2022 1:24,3,1,Promise,0,0,1,0,0,1,4,0,52,1,3,1,2,1,1,10,11,11,4,1,1,1,1,0,11,11,11,11,11,1,0
1005, 5/24/2022 11:38,3,1,Promise,0,0,1,0,0,1,6,0,30,1,3,1,2,1,1,2,1,8,4,0,0,0,0,0,9,10,11,7,9,1,0
1008,  5/24/2022 1:37,3,1,Default_no,0,0,0,0,1,1,4,1,30,1,2,0,1,1,0,1,2,5,8,0,0,0,0,1,9,11,11,11,10,,1
1011,  5/24/2022 6:58,3,1,Promise,0,0,1,0,0,1,5,0,24,1,2,0,1,1,0,6,2,9,2,0,1,0,0,0,11,11,11,11,11,1,0
1014,  5/25/2022 8:17,3,1,Control,0,0,0,0,0,,1,0,36,0,4,1,1,1,1,5,11,9,4,1,1,1,0,0,6,6,9,10,9,0,0
1017, 5/24/2022 10:49,3,1,Control,0,0,0,0,0,,6,1,51,1,3,1,1,1,1,10,11,10,8,1,1,1,0,1,9,9,10,8,8,0,0
1020,  5/24/2022 1:23,3,1,Control,0,0,0,0,0,,4,1,43,1,2,0,1,1,0,1,6,11,9,1,0,1,1,1,11,11,11,11,1,0,0
1023,  5/24/2022 8:45,3,1,Promise,0,0,1,0,0,1,1,1,27,0,4,1,3,0,0,1,2,10,6,0,0,0,0,0,10,7,10,10,10,1,0
1026,  5/24/2022 7:10,3,1,Default_no,0,0,0,0,1,1,4,0,19,1,2,0,3,0,0,1,2,5,3,0,0,0,0,0,4,5,7,2,1,,1
1029,  5/24/2022 3:20,3,1,Trust_promise,1,0,0,0,0,1,5,1,24,0,3,1,2,1,1,10,4,7,8,0,1,0,0,1,8,7,9,8,7,1,0
1032, 5/24/2022 10:58,3,1,Control,0,0,0,0,0,,2,1,36,0,3,1,1,1,0,4,1,11,8,1,0,0,1,1,9,10,9,8,8,0,0
1035,  5/24/2022 6:40,3,1,Default_yes,0,0,0,1,0,1,3,1,20,1,3,1,2,1,0,1,4,9,6,0,0,0,0,0,11,5,8,6,2,,1
1038,  5/25/2022 8:19,3,1,Default_yes,0,0,0,1,0,1,3,0,29,0,3,1,1,1,1,11,11,11,6,0,1,1,1,0,9,11,11,9,8,,1
1041,  5/24/2022 7:16,3,1,Trust,0,1,0,0,0,,6,0,20,1,2,0,2,1,0,3,11,11,7,0,0,1,1,0,9,11,11,11,11,,0
1044, 5/24/2022 12:07,3,1,Default_yes,0,0,0,1,0,1,4,1,28,0,2,0,1,1,0,2,1,3,9,0,0,0,0,1,9,10,10,8,9,,1
1047,  5/24/2022 5:32,3,1,Default_no,0,0,0,0,1,1,6,1,22,0,3,1,2,1,0,5,7,11,5,0,1,1,1,0,11,10,11,11,9,,1
1050,  5/24/2022 5:23,3,1,Trust,0,1,0,0,0,,2,1,20,0,2,0,1,1,0,7,1,8,6,0,1,0,0,0,6,8,11,5,6,,0
1053,  5/24/2022 3:24,3,1,Control,0,0,0,0,0,,2,0,34,1,3,1,1,1,1,1,1,9,9,0,0,0,0,1,2,9,11,4,4,0,0
1056,  5/24/2022 5:00,3,1,Trust_promise,1,0,0,0,0,1,4,1,25,1,3,1,1,1,1,1,4,10,8,0,0,0,0,1,11,11,11,11,11,1,0
1059,  5/24/2022 6:01,3,1,Trust,0,1,0,0,0,,4,1,32,0,3,1,1,1,1,5,2,10,8,0,1,0,0,1,11,11,11,2,2,,0
1062,  5/24/2022 6:28,3,1,Trust_promise,1,0,0,0,0,1,4,0,20,1,2,0,1,1,0,3,6,9,5,0,0,1,0,0,11,11,11,11,11,1,0
1065,  5/24/2022 1:42,3,1,Trust_promise,1,0,0,0,0,1,4,1,32,1,3,1,1,1,0,3,8,10,2,0,0,1,0,0,4,8,7,4,8,1,0
1068, 5/24/2022 12:38,3,1,Trust,0,1,0,0,0,,4,1,31,0,3,1,1,1,1,1,2,11,7,0,0,0,1,0,11,11,11,10,11,,0
1071,  5/24/2022 5:17,3,1,Default_no,0,0,0,0,1,1,5,0,26,1,3,1,2,1,0,4,9,5,5,0,0,1,0,0,7,9,10,1,6,,1
1074,  5/24/2022 6:19,3,1,Default_yes,0,0,0,1,0,1,4,1,30,0,2,0,1,1,1,2,1,9,7,0,0,0,0,0,9,11,11,11,11,,1
1077, 5/24/2022 10:46,3,1,Control,0,0,0,0,0,,6,0,36,0,3,1,1,1,0,1,1,9,6,1,0,0,0,0,11,6,6,3,1,0,0
1080,  5/24/2022 1:20,3,1,Default_yes,0,0,0,1,0,1,4,1,28,1,3,1,2,1,1,1,3,9,6,0,0,0,0,0,6,8,11,9,8,,1
1083,  5/25/2022 6:56,3,1,Default_yes,0,0,0,1,0,1,4,1,31,0,3,1,2,1,1,4,11,11,7,0,0,1,1,0,11,9,3,2,2,,1
1086, 5/24/2022 12:54,3,1,Trust,0,1,0,0,0,,6,1,53,1,3,1,2,1,1,6,9,11,8,1,1,1,1,1,11,11,11,6,6,,0
1089,  5/24/2022 8:09,3,1,Control,0,0,0,0,0,,3,0,19,0,2,0,3,0,0,6,7,6,7,0,1,1,0,0,11,11,11,6,3,0,0
1092, 5/24/2022 12:35,3,1,Trust_promise,1,0,0,0,0,1,1,0,50,1,2,0,2,1,0,6,11,10,8,1,1,1,0,1,2,11,11,9,4,1,0
1095,  5/25/2022 4:33,3,1,Default_no,0,0,0,0,1,1,1,1,41,0,3,1,3,0,0,1,1,10,8,1,0,0,0,1,11,11,11,9,11,,1
1098,  5/24/2022 3:05,3,1,Default_no,0,0,0,0,1,1,4,0,35,1,4,1,1,1,1,7,10,9,7,1,1,1,0,0,8,8,7,7,8,,1
1101,  5/24/2022 6:48,3,1,Control,0,0,0,0,0,,3,1,29,0,5,1,1,1,1,11,11,11,2,0,1,1,1,0,11,11,11,11,11,0,0
1104, 5/24/2022 11:54,3,1,Control,0,0,0,0,0,,3,0,20,0,2,0,3,0,0,5,3,9,6,0,1,0,0,0,7,9,8,5,3,0,0
1107,  5/24/2022 1:36,3,1,Default_no,0,0,0,0,1,1,3,1,32,0,3,1,1,1,0,3,1,11,4,0,0,0,1,0,8,1,1,1,1,,1
1110,  5/24/2022 1:00,3,1,Trust,0,1,0,0,0,,5,0,52,0,2,0,1,1,0,5,1,7,6,1,1,0,0,0,6,11,11,11,11,,0
1113,  5/25/2022 3:16,3,1,Trust_promise,1,0,0,0,0,1,3,1,27,0,3,1,1,1,0,6,4,11,8,0,1,0,1,1,11,11,11,11,5,1,0
1116, 5/24/2022 10:58,3,1,Default_yes,0,0,0,1,0,1,4,1,36,0,4,1,2,1,1,6,8,7,6,1,1,1,0,0,7,6,8,9,7,,1
1119, 5/24/2022 11:48,3,1,Promise,0,0,1,0,0,1,4,0,42,1,4,1,1,1,1,2,9,9,8,1,0,1,0,1,11,11,11,11,11,1,0
1122,  5/25/2022 6:03,3,1,Control,0,0,0,0,0,,6,0,40,0,3,1,2,1,1,3,1,9,4,1,0,0,0,0,11,1,11,1,11,0,0
1125, 5/24/2022 11:58,3,1,Control,0,0,0,0,0,,1,0,26,1,3,1,2,1,1,2,5,11,6,0,0,0,1,0,11,11,11,11,11,0,0
1128,  5/25/2022 2:41,3,1,Trust_promise,1,0,0,0,0,1,4,0,19,0,2,0,3,0,0,2,1,9,7,0,0,0,0,0,9,11,10,9,9,1,0
1131, 5/24/2022 10:53,3,1,Default_yes,0,0,0,1,0,1,4,0,21,1,2,0,2,1,0,1,11,11,3,0,0,1,1,0,11,11,11,11,11,,1
1134,  5/24/2022 1:15,3,1,Promise,0,0,1,0,0,1,6,0,30,1,3,1,2,1,1,9,11,6,5,0,1,1,0,0,11,11,11,6,5,1,0
1137, 5/24/2022 12:14,3,1,Trust_promise,1,0,0,0,0,1,5,1,36,0,3,1,1,1,0,6,8,9,4,1,1,1,0,0,10,6,8,3,10,1,0
1140,  5/25/2022 9:03,3,1,Promise,0,0,1,0,0,1,1,0,26,0,3,1,1,1,0,2,2,11,11,0,0,0,1,1,7,10,10,4,6,1,0
1143, 5/24/2022 12:18,3,1,Promise,0,0,1,0,0,1,1,0,50,0,2,0,1,1,1,3,1,11,7,1,0,0,1,0,3,11,11,11,6,1,0
1146,  5/24/2022 5:02,3,1,Promise,0,0,1,0,0,1,3,0,54,1,4,1,2,1,0,2,2,8,9,1,0,0,0,1,9,9,9,8,10,1,0
1149, 5/24/2022 12:38,3,1,Default_no,0,0,0,0,1,1,6,1,43,0,3,1,2,1,1,9,11,10,8,1,1,1,0,1,10,9,10,10,9,,1
1152, 5/24/2022 11:23,3,1,Trust_promise,1,0,0,0,0,1,3,0,47,1,3,1,3,0,0,5,4,10,8,1,1,0,0,1,9,11,11,10,7,1,0
1155, 5/24/2022 12:09,3,1,Default_no,0,0,0,0,1,1,4,1,47,1,2,0,1,1,1,2,8,11,4,1,0,1,1,0,11,11,11,11,11,,1
1158, 5/24/2022 12:43,3,1,Trust_promise,1,0,0,0,0,1,6,0,34,0,2,0,1,1,0,5,2,11,5,0,1,0,1,0,10,10,10,4,4,1,0
1161, 5/24/2022 12:21,3,1,Trust_promise,1,0,0,0,0,1,6,0,38,0,2,0,2,1,0,11,9,9,7,1,1,1,0,0,9,9,11,11,9,1,0
1164,  5/24/2022 7:38,3,1,Control,0,0,0,0,0,,4,1,32,0,4,1,1,1,1,1,11,9,6,0,0,1,0,0,9,10,9,5,8,0,0
1167, 5/25/2022 11:06,3,1,Trust_promise,1,0,0,0,0,1,1,0,37,0,4,1,1,1,1,11,11,7,9,1,1,1,0,1,2,6,5,3,7,1,0
1170, 5/24/2022 12:34,3,1,Default_no,0,0,0,0,1,1,2,0,41,1,4,1,2,1,0,6,11,9,9,1,1,1,0,1,11,11,11,11,4,,1
1173,  5/24/2022 8:35,3,1,Control,0,0,0,0,0,,3,1,59,0,3,1,1,1,1,1,6,11,1,1,0,1,1,0,11,11,11,6,6,0,0
1176,  5/24/2022 3:39,3,1,Trust,0,1,0,0,0,,4,0,63,1,4,1,3,0,1,9,7,10,8,1,1,1,0,1,11,11,11,11,11,,0
1179,  5/24/2022 2:33,3,1,Default_no,0,0,0,0,1,1,3,1,19,1,3,1,1,1,1,1,1,11,7,0,0,0,1,0,11,11,11,9,3,,1
1182,  5/24/2022 5:56,3,1,Control,0,0,0,0,0,,4,1,51,1,3,1,1,1,1,10,11,8,5,1,1,1,0,0,10,10,11,11,11,0,0
1185,  5/24/2022 8:38,3,1,Control,0,0,0,0,0,,5,0,25,0,2,0,3,0,0,1,1,11,7,0,0,0,1,0,1,1,1,6,1,0,0
1188,  5/24/2022 5:55,3,1,Default_yes,0,0,0,1,0,1,6,0,36,1,4,1,2,1,1,1,8,10,8,1,0,1,0,1,11,11,11,11,10,,1
1191,  5/24/2022 1:15,3,1,Control,0,0,0,0,0,,5,1,42,1,3,1,1,1,0,1,1,11,6,1,0,0,1,0,6,11,11,11,11,0,0
1194,  5/24/2022 1:41,3,1,Trust_promise,1,0,0,0,0,1,1,0,23,1,3,1,1,1,0,10,11,6,6,0,1,1,0,0,11,11,11,11,11,1,0
1197, 5/24/2022 12:46,3,1,Control,0,0,0,0,0,,3,1,19,1,2,0,2,1,0,3,4,9,8,0,0,0,0,1,10,8,10,10,10,0,0
1200, 5/24/2022 12:27,3,1,Trust_promise,1,0,0,0,0,1,5,0,71,0,3,1,3,0,1,6,1,9,8,1,1,0,0,1,6,11,11,6,6,1,0
1203, 5/24/2022 12:08,3,1,Trust_promise,1,0,0,0,0,1,6,1,28,0,3,1,1,1,0,2,3,11,10,0,0,0,1,1,10,11,11,11,11,1,0
1206,  5/24/2022 5:19,3,1,Trust,0,1,0,0,0,,3,1,40,1,4,1,3,0,0,3,4,9,8,1,0,0,0,1,11,11,11,11,11,,0
1209,  5/24/2022 3:33,3,1,Trust_promise,1,0,0,0,0,1,1,1,19,0,2,0,2,1,0,1,9,2,8,0,0,1,0,1,10,6,6,4,8,1,0
1212, 5/24/2022 12:19,3,1,Trust,0,1,0,0,0,,4,1,42,1,2,0,1,1,0,7,11,10,6,1,1,1,0,0,6,11,11,11,11,,0
1215, 5/24/2022 12:31,3,1,Trust_promise,1,0,0,0,0,1,1,1,30,1,4,1,1,1,1,5,1,4,7,0,1,0,0,0,9,11,10,11,11,1,0
1218, 5/24/2022 12:55,3,1,Control,0,0,0,0,0,,2,1,34,1,3,1,1,1,0,6,1,6,11,0,1,0,0,1,6,11,11,1,11,0,0
1221, 5/24/2022 12:34,3,1,Default_yes,0,0,0,1,0,1,5,1,23,1,2,0,1,1,0,4,9,11,7,0,0,1,1,0,11,11,11,11,11,,1
1224,  5/24/2022 1:03,3,1,Default_no,0,0,0,0,1,1,6,1,25,0,4,1,1,1,1,1,6,8,6,0,0,1,0,0,9,11,11,11,10,,1
1227,  5/24/2022 2:08,3,1,Default_yes,0,0,0,1,0,1,5,0,75,1,3,1,3,0,0,3,11,9,8,1,0,1,0,1,11,11,11,11,11,,1
1230, 5/24/2022 11:36,3,1,Trust,0,1,0,0,0,,1,1,38,0,3,1,1,1,0,5,1,11,11,1,1,0,1,1,11,11,11,11,11,,0
1233, 5/24/2022 10:52,3,1,Promise,0,0,1,0,0,1,4,1,28,1,4,1,2,1,1,2,6,6,6,0,0,1,0,0,11,11,11,1,11,1,0
1236,  5/24/2022 1:12,3,1,Default_yes,0,0,0,1,0,1,6,1,35,0,3,1,1,1,1,2,1,11,11,1,0,0,1,1,11,11,11,11,11,,1
1239,  5/24/2022 6:20,3,1,Promise,0,0,1,0,0,1,1,0,27,1,3,1,1,1,0,1,3,7,9,0,0,0,0,1,9,10,7,9,6,1,0
1242,  5/24/2022 2:13,3,1,Control,0,0,0,0,0,,2,0,32,1,4,1,2,1,1,1,2,9,6,0,0,0,0,0,11,11,11,11,11,0,0
1245, 5/24/2022 12:27,3,1,Trust,0,1,0,0,0,,3,1,59,0,2,0,3,0,0,9,11,11,6,1,1,1,1,0,11,11,11,11,8,,0
1248,  5/24/2022 2:54,3,1,Default_yes,0,0,0,1,0,1,4,1,72,1,3,1,3,0,1,2,1,8,2,1,0,0,0,0,1,6,11,1,9,,1
1251,  5/24/2022 1:51,3,1,Promise,0,0,1,0,0,1,4,1,46,1,4,1,1,1,1,1,4,10,9,1,0,0,0,1,11,11,11,11,11,1,0
1254,  5/24/2022 4:51,3,1,Promise,0,0,1,0,0,1,1,0,51,0,2,0,2,1,1,11,11,8,6,1,1,1,0,0,11,11,11,11,11,1,0
1257, 5/24/2022 11:01,3,1,Default_yes,0,0,0,1,0,1,1,0,39,1,4,1,2,1,1,6,3,9,8,1,1,0,0,1,8,10,10,11,10,,1
1260,  5/24/2022 4:41,3,1,Trust_promise,1,0,0,0,0,1,5,1,39,1,2,0,2,1,0,4,6,10,4,1,0,1,0,0,11,11,11,11,11,1,0
1263,  5/24/2022 1:27,3,1,Default_no,0,0,0,0,1,1,2,0,72,0,4,1,1,1,1,1,1,8,9,1,0,0,0,1,6,10,10,8,8,,1
1266,  5/25/2022 9:26,3,1,Default_no,0,0,0,0,1,1,4,0,53,0,3,1,1,1,1,8,11,11,6,1,1,1,1,0,6,11,11,11,11,,1
1269,  5/24/2022 1:13,3,1,Trust_promise,1,0,0,0,0,1,1,0,61,1,4,1,2,1,1,11,11,9,10,1,1,1,0,1,11,11,11,11,11,1,0
1272, 5/24/2022 12:39,3,1,Default_yes,0,0,0,1,0,1,6,1,33,0,5,1,1,1,1,1,1,8,2,0,0,0,0,0,3,3,10,3,8,,1
1275, 5/24/2022 12:32,3,1,Default_no,0,0,0,0,1,1,3,0,28,0,2,0,1,1,1,7,1,11,7,0,1,0,1,0,4,4,8,3,4,,1
1278,  5/24/2022 7:35,3,1,Control,0,0,0,0,0,,6,0,46,1,3,1,1,1,1,6,9,8,6,1,1,1,0,0,11,11,11,9,11,0,0
1281, 5/24/2022 11:49,3,1,Trust,0,1,0,0,0,,3,0,24,0,3,1,2,1,0,5,10,7,8,0,1,1,0,1,4,11,11,8,6,,0
1284,  5/24/2022 1:25,3,1,Default_yes,0,0,0,1,0,1,3,1,20,1,3,1,2,1,0,1,3,5,5,0,0,0,0,0,10,11,10,10,11,,1
1287,  5/24/2022 5:37,3,1,Default_no,0,0,0,0,1,1,2,0,26,0,3,1,3,0,0,1,1,9,9,0,0,0,0,1,11,6,11,4,3,,1
1290,  5/24/2022 2:17,3,1,Control,0,0,0,0,0,,1,1,25,0,3,1,1,1,1,8,11,9,5,0,1,1,0,0,6,10,10,10,8,0,0
1293,  5/24/2022 2:16,3,1,Trust_promise,1,0,0,0,0,1,4,1,35,0,3,1,1,1,1,1,1,7,7,1,0,0,0,0,9,10,9,9,9,1,0
1296,  5/24/2022 4:02,3,1,Promise,0,0,1,0,0,1,3,0,58,1,4,1,3,0,1,7,1,11,9,1,1,0,1,1,6,11,11,9,10,1,0
1299,  5/24/2022 3:27,3,1,Control,0,0,0,0,0,,3,0,50,1,2,0,1,1,1,7,9,9,6,1,1,1,0,0,11,11,11,9,11,0,0
1302, 5/24/2022 12:32,3,1,Default_no,0,0,0,0,1,1,2,0,60,0,2,0,3,0,0,6,11,11,7,1,1,1,1,0,11,11,11,1,11,,1
1305, 5/24/2022 11:11,3,1,Default_no,0,0,0,0,1,1,2,0,60,0,3,1,1,1,1,9,8,11,8,1,1,1,1,1,11,10,11,10,6,,1
1308, 5/24/2022 12:10,3,1,Trust,0,1,0,0,0,,2,0,54,1,3,1,1,1,0,5,11,11,4,1,1,1,1,0,11,11,11,6,7,,0
1311,  5/24/2022 7:44,3,1,Promise,0,0,1,0,0,1,5,1,28,1,2,0,2,1,0,3,1,11,5,0,0,0,1,0,8,11,11,11,11,1,0
1314,  5/25/2022 4:42,3,1,Promise,0,0,1,0,0,1,3,0,49,0,5,1,1,1,1,1,1,10,1,1,0,0,0,0,11,11,11,1,6,1,0
1317,  5/24/2022 2:35,3,1,Default_yes,0,0,0,1,0,1,5,0,49,0,2,0,1,1,1,6,11,11,6,1,1,1,1,0,11,11,11,11,11,,1
1320,  5/24/2022 5:02,3,1,Control,0,0,0,0,0,,1,1,29,1,2,0,2,1,0,3,9,10,4,0,0,1,0,0,9,10,7,8,6,0,0
1323, 5/25/2022 10:07,3,1,Control,0,0,0,0,0,,6,0,58,0,2,0,3,0,0,3,1,9,4,1,0,0,0,0,11,11,11,9,10,0,0
1326,  5/24/2022 2:25,3,1,Trust,0,1,0,0,0,,1,0,65,1,3,1,1,1,1,3,4,6,4,1,0,0,0,0,11,11,11,9,10,,0
1329, 5/24/2022 12:47,3,1,Promise,0,0,1,0,0,1,2,1,27,1,3,1,1,1,1,1,2,8,6,0,0,0,0,0,7,8,7,7,8,1,0
1332, 5/24/2022 12:25,3,1,Promise,0,0,1,0,0,1,3,0,68,1,2,0,2,1,0,10,11,10,7,1,1,1,0,0,6,9,9,9,10,1,0
1335,  5/24/2022 8:07,3,1,Promise,0,0,1,0,0,1,5,0,28,1,3,1,1,1,0,6,8,8,7,0,1,1,0,0,7,8,8,8,8,1,0
1338,  5/24/2022 1:16,3,1,Control,0,0,0,0,0,,2,1,45,0,3,1,1,1,0,2,1,11,7,1,0,0,1,0,11,11,11,11,11,0,0
1341,  5/25/2022 8:48,3,1,Trust_promise,1,0,0,0,0,1,5,0,45,0,2,0,3,0,0,8,11,11,3,1,1,1,1,0,11,11,11,11,11,1,0
1344, 5/24/2022 11:34,3,1,Promise,0,0,1,0,0,1,5,0,36,0,3,1,2,1,1,3,1,11,8,1,0,0,1,1,10,10,11,8,5,1,0
1347,  5/24/2022 3:00,3,1,Default_yes,0,0,0,1,0,1,6,1,34,1,2,0,2,1,0,8,10,10,5,0,1,1,0,0,6,10,10,8,11,,1
1350, 5/24/2022 12:58,3,1,Default_yes,0,0,0,1,0,1,6,1,53,1,2,0,2,1,1,8,1,8,8,1,1,0,0,1,8,11,11,9,11,,1
1353, 5/24/2022 11:41,3,1,Trust,0,1,0,0,0,,3,0,35,1,3,1,1,1,0,11,11,11,6,1,1,1,1,0,11,11,11,11,11,,0
1356,  5/24/2022 6:16,3,1,Default_yes,0,0,0,1,0,1,5,1,32,1,2,0,1,1,1,6,8,10,6,0,1,1,0,0,6,8,8,6,6,,1
1359,  5/24/2022 7:56,3,1,Trust,0,1,0,0,0,,3,1,46,1,3,1,2,1,1,9,9,11,7,1,1,1,1,0,11,11,11,11,11,,0
1362, 5/24/2022 12:55,3,1,Trust_promise,1,0,0,0,0,1,6,1,40,0,3,1,1,1,1,2,2,8,8,1,0,0,0,1,11,11,11,3,11,1,0
1365,  5/24/2022 7:06,3,1,Trust_promise,1,0,0,0,0,1,3,1,55,1,3,1,3,0,0,6,3,11,9,1,1,0,1,1,11,11,11,11,11,1,0
1368,  5/24/2022 1:06,3,1,Default_no,0,0,0,0,1,1,5,0,44,1,3,1,1,1,0,2,7,10,9,1,0,1,0,1,11,11,11,11,11,,1
1371,  5/24/2022 2:12,3,1,Trust,0,1,0,0,0,,6,0,55,0,3,1,1,1,1,7,1,11,10,1,1,0,1,1,11,11,11,10,11,,0
1374, 5/24/2022 12:28,3,1,Control,0,0,0,0,0,,6,0,30,0,2,0,1,1,0,5,1,11,9,0,1,0,1,1,1,11,11,11,11,0,0
1377, 5/24/2022 10:08,3,1,Trust,0,1,0,0,0,,6,1,22,0,2,0,2,1,0,2,1,1,2,0,0,0,0,0,9,6,6,7,7,,0
1380,  5/24/2022 2:22,3,1,Trust_promise,1,0,0,0,0,1,1,0,22,0,3,1,2,1,0,3,1,8,5,0,0,0,0,0,9,9,8,9,8,1,0
1383,  5/24/2022 5:02,3,1,Trust_promise,1,0,0,0,0,1,1,1,50,1,2,0,2,1,1,1,11,10,10,1,0,1,0,1,10,11,11,10,10,1,0
1386,  5/24/2022 1:15,3,1,Promise,0,0,1,0,0,1,1,0,35,1,3,1,2,1,1,3,2,8,5,1,0,0,0,0,5,9,9,8,7,1,0
1389, 5/24/2022 12:14,3,1,Control,0,0,0,0,0,,1,0,28,1,3,1,1,1,1,1,3,9,7,0,0,0,0,0,9,10,10,9,10,0,0
1392,  5/25/2022 4:44,3,1,Trust,0,1,0,0,0,,2,1,45,0,2,0,1,1,0,2,1,10,4,1,0,0,0,0,9,10,11,7,11,,0
1395,  5/24/2022 1:56,3,1,Trust_promise,1,0,0,0,0,1,6,1,23,1,3,1,1,1,1,2,1,9,6,0,0,0,0,0,9,9,9,6,11,1,0
1398,  5/24/2022 1:12,3,1,Default_yes,0,0,0,1,0,1,6,0,28,1,3,1,3,0,0,5,2,4,5,0,1,0,0,0,6,8,8,4,9,,1
1401, 5/24/2022 12:33,3,1,Trust_promise,1,0,0,0,0,1,5,1,32,1,3,1,1,1,1,2,2,6,8,0,0,0,0,1,8,8,8,8,6,1,0
1404, 5/24/2022 12:22,3,1,Trust,0,1,0,0,0,,3,0,28,0,2,0,2,1,1,5,2,10,5,0,1,0,0,0,5,10,11,11,7,,0
1407,  5/24/2022 5:46,3,1,Trust,0,1,0,0,0,,2,0,43,1,4,1,2,1,1,2,9,11,9,1,0,1,1,1,9,11,11,5,6,,0
1410,  5/24/2022 1:32,3,1,Trust_promise,1,0,0,0,0,1,6,0,51,0,4,1,1,1,1,7,10,8,7,1,1,1,0,0,10,10,10,10,10,1,0
1413, 5/24/2022 12:07,3,1,Control,0,0,0,0,0,,6,0,40,0,4,1,1,1,0,2,1,3,4,1,0,0,0,0,4,7,7,7,7,0,0
1416,  5/24/2022 3:35,3,1,Trust_promise,1,0,0,0,0,1,6,0,22,1,3,1,3,0,0,1,6,8,7,0,0,1,0,0,8,11,7,8,4,1,0
1419,  5/24/2022 4:08,3,1,Promise,0,0,1,0,0,1,6,0,40,1,2,0,1,1,1,1,1,8,8,1,0,0,0,1,10,10,10,10,10,1,0
1422,  5/24/2022 5:10,3,1,Default_no,0,0,0,0,1,1,3,0,36,0,3,1,1,1,1,10,8,8,10,1,1,1,0,1,10,9,10,10,9,,1
1425,  5/24/2022 7:57,3,1,Promise,0,0,1,0,0,1,1,0,25,0,2,0,2,1,0,6,1,11,3,0,1,0,1,0,1,11,11,11,11,1,0
1428,  5/24/2022 6:26,3,1,Trust,0,1,0,0,0,,1,0,22,0,2,0,1,1,1,6,2,9,3,0,1,0,0,0,11,11,11,11,11,,0
1431, 5/25/2022 10:49,3,1,Trust,0,1,0,0,0,,6,0,31,0,3,1,1,1,1,1,1,8,9,0,0,0,0,1,11,11,11,11,11,,0
1434,  5/24/2022 9:57,3,1,Control,0,0,0,0,0,,3,0,33,0,2,0,3,0,0,1,2,6,7,0,0,0,0,0,5,11,11,9,6,0,0
1437,  5/24/2022 1:16,3,1,Default_no,0,0,0,0,1,1,6,0,66,0,4,1,1,1,1,9,3,10,6,1,1,0,0,0,6,3,9,2,2,,1
1440,  5/25/2022 6:37,3,1,Trust,0,1,0,0,0,,2,0,31,0,3,1,2,1,0,7,1,7,7,0,1,0,0,0,9,10,10,11,5,,0
1443,  5/24/2022 6:59,3,1,Trust,0,1,0,0,0,,5,1,54,0,3,1,1,1,1,3,1,11,8,1,0,0,1,1,11,11,11,1,11,,0
1446,  5/24/2022 7:08,3,1,Default_yes,0,0,0,1,0,1,6,0,32,0,3,1,1,1,1,7,3,11,7,0,1,0,1,0,11,11,11,2,9,,1
1449, 5/24/2022 12:29,3,1,Default_yes,0,0,0,1,0,1,2,1,21,0,2,0,3,0,0,1,1,8,9,0,0,0,0,1,11,11,11,9,8,,1
1452,  5/24/2022 5:00,3,1,Default_yes,0,0,0,1,0,1,1,0,27,1,3,1,2,1,0,1,1,11,3,0,0,0,1,0,9,11,11,11,3,,1
1455,  5/24/2022 2:50,3,1,Promise,0,0,1,0,0,1,3,0,22,1,2,0,2,1,0,4,1,11,8,0,0,0,1,1,11,11,11,11,11,1,0
1458,  5/25/2022 5:15,3,1,Default_yes,0,0,0,1,0,1,1,0,44,0,2,0,3,0,0,3,11,8,8,1,0,1,0,1,11,11,11,11,11,,1
1461,  5/24/2022 5:14,3,1,Promise,0,0,1,0,0,1,4,0,21,1,2,0,2,1,0,1,4,10,5,0,0,0,0,0,9,8,8,3,6,1,0
1464, 5/24/2022 12:35,3,1,Trust,0,1,0,0,0,,4,1,27,1,3,1,1,1,1,1,1,9,5,0,0,0,0,0,11,11,11,11,1,,0
1467,  5/24/2022 2:46,3,1,Trust_promise,1,0,0,0,0,1,4,1,61,1,3,1,1,1,1,11,11,11,3,1,1,1,1,0,11,11,11,11,11,1,0
1470, 5/24/2022 12:43,3,1,Default_yes,0,0,0,1,0,1,3,0,41,0,4,1,2,1,1,1,10,10,10,1,0,1,0,1,11,11,11,10,11,,1
1473,  5/24/2022 7:27,3,1,Default_yes,0,0,0,1,0,1,1,1,19,1,2,0,3,0,0,3,2,9,4,0,0,0,0,0,9,10,10,10,7,,1
1476,  5/24/2022 7:44,3,1,Default_no,0,0,0,0,1,1,2,1,21,1,2,0,1,1,0,4,5,9,8,0,0,0,0,1,8,11,10,10,9,,1
1479, 5/24/2022 12:31,3,1,Default_yes,0,0,0,1,0,1,6,1,26,1,3,1,3,0,0,1,4,7,6,0,0,0,0,0,11,11,11,11,11,,1
1482,  5/24/2022 1:03,3,1,Control,0,0,0,0,0,,5,0,30,0,3,1,1,1,1,6,11,9,8,0,1,1,0,1,5,4,9,3,6,0,0
1485,  5/24/2022 6:19,3,1,Trust_promise,1,0,0,0,0,1,2,0,24,1,4,1,1,1,1,9,11,9,7,0,1,1,0,0,11,11,11,11,11,1,0
1488,  5/24/2022 4:14,3,1,Default_yes,0,0,0,1,0,1,5,0,49,0,2,0,3,0,0,6,6,11,11,1,1,1,1,1,11,11,11,11,1,,1
1491,  5/24/2022 1:40,3,1,Default_yes,0,0,0,1,0,1,5,0,20,1,2,0,3,0,0,3,4,8,5,0,0,0,0,0,10,9,11,9,11,,1
1494, 5/24/2022 12:55,3,1,Default_no,0,0,0,0,1,1,3,1,48,1,2,0,3,0,0,10,3,8,6,1,1,0,0,0,11,11,11,11,11,,1
1497,  5/25/2022 6:25,3,1,Trust,0,1,0,0,0,,5,0,46,0,2,0,3,0,0,8,7,8,7,1,1,1,0,0,8,7,8,6,6,,0
1500,  5/24/2022 6:52,3,1,Trust,0,1,0,0,0,,1,0,44,1,5,1,2,1,1,1,1,4,8,1,0,0,0,1,11,11,11,11,11,,0
1503, 5/24/2022 11:18,3,1,Default_no,0,0,0,0,1,1,5,1,30,0,3,1,1,1,1,3,6,9,8,0,0,1,0,1,11,10,7,8,3,,1
1506,  5/24/2022 1:25,3,1,Promise,0,0,1,0,0,1,1,1,26,1,4,1,2,1,1,1,11,8,8,0,0,1,0,1,10,10,10,11,10,1,0
1509, 5/24/2022 11:38,3,1,Trust_promise,1,0,0,0,0,1,5,1,47,0,3,1,1,1,1,3,1,11,8,1,0,0,1,1,10,9,8,2,6,1,0
1512,  5/24/2022 3:31,3,1,Control,0,0,0,0,0,,2,0,21,1,3,1,3,0,0,1,2,6,3,0,0,0,0,0,11,11,11,11,1,0,0
1515,  5/24/2022 3:09,3,1,Default_no,0,0,0,0,1,1,4,1,57,1,3,1,1,1,1,5,11,11,8,1,1,1,1,1,9,9,9,11,9,,1
1518, 5/24/2022 12:36,3,1,Default_no,0,0,0,0,1,1,1,1,69,1,3,1,1,1,0,3,1,10,10,1,0,0,0,1,11,11,11,9,9,,1
1521, 5/24/2022 11:56,3,1,Control,0,0,0,0,0,,3,1,40,0,3,1,1,1,1,6,2,11,9,1,1,0,1,1,1,11,11,11,11,0,0
1524, 5/24/2022 11:39,3,1,Promise,0,0,1,0,0,1,4,1,22,1,2,0,3,0,0,2,4,8,5,0,0,0,0,0,11,11,11,9,2,1,0
1527,  5/24/2022 1:41,3,1,Default_no,0,0,0,0,1,1,3,1,48,1,4,1,2,1,1,4,10,10,7,1,0,1,0,0,10,10,10,10,10,,1
1530,  5/24/2022 2:19,3,1,Control,0,0,0,0,0,,2,1,32,1,3,1,1,1,1,9,11,9,3,0,1,1,0,0,9,10,11,10,10,0,0
1533,  5/24/2022 6:22,3,1,Trust,0,1,0,0,0,,2,0,37,1,2,0,1,1,0,4,10,10,9,1,0,1,0,1,9,11,11,11,11,,0
1536,  5/24/2022 5:27,3,1,Default_no,0,0,0,0,1,1,3,0,36,1,2,0,3,0,0,6,1,11,4,1,1,0,1,0,11,11,11,11,11,,1
1539,  5/24/2022 6:30,3,1,Control,0,0,0,0,0,,4,0,29,1,2,0,2,1,0,2,8,5,6,0,0,1,0,0,11,11,11,11,11,0,0
1542,  5/24/2022 1:29,3,1,Default_no,0,0,0,0,1,1,6,0,39,1,2,0,3,0,0,2,5,11,2,1,0,0,1,0,9,11,11,11,7,,1
1545,  5/24/2022 7:37,3,1,Trust,0,1,0,0,0,,1,0,31,1,3,1,1,1,1,3,11,10,6,0,0,1,0,0,5,9,10,9,10,,0
1548,  5/24/2022 6:21,3,1,Default_yes,0,0,0,1,0,1,1,0,69,1,2,0,2,1,0,10,11,10,6,1,1,1,0,0,1,6,11,1,6,,1
1551,  5/24/2022 6:14,3,1,Trust,0,1,0,0,0,,4,1,28,0,3,1,1,1,0,2,8,11,5,0,0,1,1,0,11,11,11,11,11,,0
1554,  5/24/2022 7:10,3,1,Promise,0,0,1,0,0,1,3,1,43,1,3,1,2,1,0,6,11,8,6,1,1,1,0,0,11,11,11,11,11,1,0
1557,  5/24/2022 1:54,3,1,Default_no,0,0,0,0,1,1,4,0,20,1,2,0,3,0,0,1,3,11,9,0,0,0,1,1,11,11,11,10,6,,1
1560,  5/24/2022 2:58,3,1,Default_no,0,0,0,0,1,1,6,1,51,0,4,1,1,1,1,11,11,11,6,1,1,1,1,0,11,11,11,1,1,,1
1563,  5/24/2022 2:32,3,1,Control,0,0,0,0,0,,1,1,38,0,3,1,2,1,0,6,2,11,5,1,1,0,1,0,11,6,11,1,9,0,0
1566,  5/24/2022 1:22,3,1,Control,0,0,0,0,0,,4,1,67,1,2,0,3,0,0,11,11,11,9,1,1,1,1,1,11,11,11,11,11,0,0
1569, 5/24/2022 12:09,3,1,Trust_promise,1,0,0,0,0,1,2,1,56,0,2,0,3,0,0,10,1,6,6,1,1,0,0,0,11,11,11,1,1,1,0
1572,  5/24/2022 3:16,3,1,Promise,0,0,1,0,0,1,2,0,38,0,4,1,2,1,1,1,1,11,8,1,0,0,1,1,9,9,9,6,6,1,0
1575,  5/24/2022 2:40,3,1,Trust,0,1,0,0,0,,1,0,33,1,3,1,1,1,1,4,1,10,8,0,0,0,0,1,9,8,11,9,10,,0
1578, 5/24/2022 12:53,3,1,Default_yes,0,0,0,1,0,1,4,1,44,0,3,1,1,1,1,9,8,10,7,1,1,1,0,0,11,9,9,3,3,,1
1581, 5/24/2022 11:02,3,1,Default_yes,0,0,0,1,0,1,3,0,31,0,2,0,1,1,0,5,5,6,7,0,1,0,0,0,11,11,10,9,9,,1
1584,  5/24/2022 1:36,3,1,Default_no,0,0,0,0,1,1,6,0,47,0,2,0,1,1,0,3,9,11,7,1,0,1,1,0,9,11,9,1,1,,1
1587,  5/25/2022 8:33,3,1,Default_yes,0,0,0,1,0,1,2,1,35,0,3,1,1,1,1,3,4,8,7,1,0,0,0,0,10,11,9,10,11,,1
1590, 5/24/2022 12:34,3,1,Trust,0,1,0,0,0,,6,0,22,0,3,1,1,1,1,8,6,10,7,0,1,1,0,0,10,9,11,10,8,,0
1593, 5/24/2022 12:59,3,1,Promise,0,0,1,0,0,1,1,1,34,1,3,1,1,1,1,5,2,8,6,0,1,0,0,0,7,10,11,7,9,1,0
1596, 5/24/2022 12:52,3,1,Promise,0,0,1,0,0,1,5,1,34,1,2,0,1,1,1,7,1,11,9,0,1,0,1,1,11,11,11,11,11,1,0
1599, 5/24/2022 12:30,3,1,Trust_promise,1,0,0,0,0,1,6,1,41,1,3,1,2,1,1,2,1,11,10,1,0,0,1,1,7,8,7,6,8,1,0
1602, 5/24/2022 12:16,3,1,Default_yes,0,0,0,1,0,1,2,0,26,1,2,0,1,1,1,1,2,11,7,0,0,0,1,0,11,11,11,8,9,,1
1605, 5/24/2022 12:54,3,1,Trust,0,1,0,0,0,,4,0,39,0,2,0,2,1,0,10,3,11,7,1,1,0,1,0,11,11,11,11,10,,0
1608, 5/24/2022 12:39,3,1,Control,0,0,0,0,0,,6,1,26,1,2,0,1,1,0,1,1,11,6,0,0,0,1,0,11,11,11,11,11,0,0
1611, 5/24/2022 11:40,3,1,Trust_promise,1,0,0,0,0,1,6,1,42,0,3,1,2,1,0,6,11,11,7,1,1,1,1,0,9,6,9,9,7,1,0
1614,  5/25/2022 8:21,3,1,Default_yes,0,0,0,1,0,1,1,0,21,0,2,0,3,0,1,1,1,10,6,0,0,0,0,0,7,8,8,7,6,,1
1617, 5/24/2022 11:02,3,1,Control,0,0,0,0,0,,4,1,40,1,3,1,1,1,1,8,11,11,11,1,1,1,1,1,11,11,11,6,6,0,0
1620,  5/24/2022 8:02,3,1,Promise,0,0,1,0,0,1,1,0,26,1,3,1,3,0,1,5,10,9,3,0,1,1,0,0,11,11,11,4,9,1,0
1623,  5/24/2022 8:01,3,1,Default_yes,0,0,0,1,0,1,4,0,26,0,3,1,1,1,1,3,1,8,5,0,0,0,0,0,10,10,10,3,8,,1
1626, 5/24/2022 12:24,3,1,Default_yes,0,0,0,1,0,1,3,0,39,1,4,1,1,1,1,2,11,9,1,1,0,1,0,0,11,11,11,11,11,,1
1629, 5/24/2022 12:38,3,1,Default_no,0,0,0,0,1,1,2,1,68,0,4,1,3,0,0,2,1,11,7,1,0,0,1,0,4,8,8,8,8,,1
1632,  5/24/2022 1:07,3,1,Trust,0,1,0,0,0,,6,0,55,1,3,1,1,1,1,1,1,11,4,1,0,0,1,0,11,11,11,6,10,,0
1635,  5/24/2022 7:13,3,1,Control,0,0,0,0,0,,5,1,28,0,3,1,2,1,1,7,9,9,7,0,1,1,0,0,6,8,6,6,9,0,0
1638,  5/24/2022 6:30,3,1,Trust_promise,1,0,0,0,0,1,4,0,71,0,4,1,3,0,1,5,1,11,5,1,1,0,1,0,9,8,9,9,9,1,0
1641,  5/24/2022 1:12,3,1,Promise,0,0,1,0,0,1,1,0,44,1,2,0,3,0,0,3,11,11,9,1,0,1,1,1,6,6,11,11,11,1,0
1644, 5/25/2022 11:05,3,1,Trust,0,1,0,0,0,,4,1,50,0,4,1,1,1,1,9,11,9,4,1,1,1,0,0,6,9,9,5,6,,0
1647,  5/24/2022 2:28,3,1,Trust_promise,1,0,0,0,0,1,2,0,35,0,3,1,1,1,1,4,2,9,8,1,0,0,0,1,3,7,7,10,3,1,0
1650, 5/24/2022 12:32,3,1,Trust_promise,1,0,0,0,0,1,2,0,28,1,4,1,2,1,0,3,1,10,9,0,0,0,0,1,6,10,10,10,6,1,0
1653, 5/25/2022 12:33,3,1,Trust,0,1,0,0,0,,6,1,39,0,1,0,3,0,0,3,1,11,10,1,0,0,1,1,7,10,10,10,10,,0
1656, 5/24/2022 11:43,3,1,Default_no,0,0,0,0,1,1,3,0,30,1,2,0,1,1,1,2,3,9,4,0,0,0,0,0,10,10,10,11,10,,1
1659,  5/24/2022 2:37,3,1,Control,0,0,0,0,0,,2,1,21,1,3,1,1,1,0,1,1,11,5,0,0,0,1,0,11,11,11,11,11,0,0
1662,  5/24/2022 1:55,3,1,Control,0,0,0,0,0,,3,1,30,1,4,1,2,1,1,3,6,6,7,0,0,1,0,0,8,11,8,10,10,0,0
1665, 5/24/2022 11:33,3,1,Trust_promise,1,0,0,0,0,1,1,0,35,1,3,1,3,0,0,9,2,10,4,1,1,0,0,0,11,11,11,11,11,1,0
1668, 5/24/2022 11:13,3,1,Trust,0,1,0,0,0,,5,0,44,0,3,1,3,0,0,2,1,8,7,1,0,0,0,0,10,10,10,8,9,,0
1671,  5/25/2022 8:33,3,1,Promise,0,0,1,0,0,1,3,1,30,0,3,1,1,1,1,7,10,9,6,0,1,1,0,0,11,11,11,11,11,1,0
1674,  5/25/2022 8:10,3,1,Default_no,0,0,0,0,1,1,5,0,50,0,3,1,1,1,1,7,8,8,8,1,1,1,0,1,8,9,9,6,7,,1
1677,  5/24/2022 6:49,3,1,Trust_promise,1,0,0,0,0,1,4,1,30,0,2,0,3,0,0,1,5,10,8,0,0,0,0,1,11,11,11,11,9,1,0
1680, 5/24/2022 11:56,3,1,Default_no,0,0,0,0,1,1,6,1,35,1,4,1,3,0,0,7,11,10,8,1,1,1,0,1,11,11,11,10,11,,1
1683, 5/24/2022 11:08,3,1,Trust_promise,1,0,0,0,0,1,5,1,35,0,3,1,1,1,1,3,2,7,5,1,0,0,0,0,6,6,6,6,6,1,0
1686, 5/24/2022 12:38,3,1,Trust_promise,1,0,0,0,0,1,3,0,47,0,3,1,1,1,0,7,1,9,6,1,1,0,0,0,6,6,10,6,8,1,0
1689,  5/24/2022 3:44,3,1,Trust_promise,1,0,0,0,0,1,1,0,65,0,3,1,1,1,0,5,1,8,6,1,1,0,0,0,8,11,11,7,6,1,0
1692,  5/24/2022 9:40,3,1,Default_no,0,0,0,0,1,1,3,0,29,0,4,1,3,0,0,6,6,6,6,0,1,1,0,0,7,8,9,8,8,,1
1695,  5/24/2022 8:30,3,1,Trust_promise,1,0,0,0,0,1,3,1,39,1,2,0,2,1,1,3,11,11,10,1,0,1,1,1,11,10,10,11,9,1,0
1698,  5/24/2022 3:00,3,1,Control,0,0,0,0,0,,1,1,45,0,3,1,2,1,1,5,1,6,4,1,1,0,0,0,6,10,10,10,9,0,0
1701,  5/24/2022 4:19,3,1,Promise,0,0,1,0,0,1,6,0,41,0,2,0,3,0,0,3,6,11,6,1,0,1,1,0,11,11,11,11,11,1,0
1704, 5/24/2022 11:01,3,1,Promise,0,0,1,0,0,1,6,0,28,1,3,1,2,1,0,1,6,11,8,0,0,1,1,1,10,11,11,11,10,1,0
1707,  5/24/2022 2:51,3,1,Trust,0,1,0,0,0,,1,0,21,1,3,1,3,0,0,1,11,11,2,0,0,1,1,0,11,11,11,11,9,,0
1710, 5/24/2022 11:22,3,1,Control,0,0,0,0,0,,6,1,32,0,3,1,2,1,1,6,1,11,6,0,1,0,1,0,9,9,10,9,8,0,0
1713,  5/24/2022 7:52,3,1,Default_no,0,0,0,0,1,1,2,0,54,0,2,0,1,1,1,9,4,10,7,1,1,0,0,0,9,11,11,4,8,,1
1716, 5/24/2022 10:49,3,1,Default_no,0,0,0,0,1,1,3,1,26,0,2,0,2,1,1,1,11,11,11,0,0,1,1,1,10,11,11,11,10,,1
1719,  5/24/2022 1:53,3,1,Default_no,0,0,0,0,1,1,5,0,62,1,2,0,3,0,0,7,3,11,10,1,1,0,1,1,10,1,6,2,2,,1
1722,  5/24/2022 2:00,3,1,Trust,0,1,0,0,0,,5,0,30,0,4,1,2,1,1,5,2,11,8,0,1,0,1,1,6,9,9,8,8,,0
1725,  5/24/2022 6:19,3,1,Default_no,0,0,0,0,1,1,6,1,33,0,2,0,2,1,0,7,11,11,10,0,1,1,1,1,10,11,11,9,11,,1
1728,  5/24/2022 4:19,3,1,Control,0,0,0,0,0,,3,1,47,1,3,1,3,0,0,1,1,8,6,1,0,0,0,0,7,10,10,9,9,0,0
1731, 5/24/2022 12:31,3,1,Control,0,0,0,0,0,,4,1,35,1,3,1,1,1,1,6,7,8,5,1,1,1,0,0,6,6,6,8,8,0,0
1734,  5/24/2022 5:39,3,1,Default_yes,0,0,0,1,0,1,5,1,20,1,2,0,3,0,0,2,1,7,1,0,0,0,0,0,4,3,5,3,2,,1
1737,  5/24/2022 3:56,3,1,Default_no,0,0,0,0,1,1,1,1,64,1,3,1,3,0,1,3,1,11,4,1,0,0,1,0,11,11,11,1,11,,1
1740, 5/24/2022 12:23,3,1,Trust_promise,1,0,0,0,0,1,3,0,65,0,2,0,1,1,0,2,6,11,9,1,0,1,1,1,6,11,11,11,11,1,0
1743, 5/24/2022 12:19,3,1,Control,0,0,0,0,0,,3,1,49,0,3,1,1,1,1,4,1,11,8,1,0,0,1,1,10,11,11,8,8,0,0
1746,  5/24/2022 3:09,3,1,Promise,0,0,1,0,0,1,2,0,26,1,3,1,1,1,1,3,1,11,9,0,0,0,1,1,11,11,11,11,11,1,0
1749, 5/24/2022 12:19,3,1,Trust_promise,1,0,0,0,0,1,6,0,32,1,2,0,1,1,0,11,11,11,8,0,1,1,1,1,11,11,11,11,11,1,0
1752, 5/24/2022 11:02,3,1,Control,0,0,0,0,0,,3,0,54,0,2,0,2,1,1,3,4,9,9,1,0,0,0,1,7,7,8,8,7,0,0
1755,  5/24/2022 1:15,3,1,Promise,0,0,1,0,0,1,4,1,33,0,3,1,1,1,1,7,5,7,8,0,1,0,0,1,8,7,8,9,8,1,0
1758,  5/25/2022 1:27,3,1,Trust,0,1,0,0,0,,2,1,32,0,4,1,1,1,1,1,2,11,3,0,0,0,1,0,5,3,4,11,11,,0
1761, 5/24/2022 12:58,3,1,Trust_promise,1,0,0,0,0,1,2,1,32,1,3,1,3,0,0,1,2,11,6,0,0,0,1,0,11,11,11,11,11,1,0
1764, 5/24/2022 12:04,3,1,Default_yes,0,0,0,1,0,1,6,0,32,1,3,1,3,0,0,1,1,11,8,0,0,0,1,1,10,11,11,7,5,,1
1767, 5/24/2022 12:15,3,1,Promise,0,0,1,0,0,1,3,1,28,0,2,0,2,1,0,6,11,11,6,0,1,1,1,0,10,11,11,2,10,1,0
1770,  5/24/2022 8:50,3,1,Trust_promise,1,0,0,0,0,1,5,1,36,0,3,1,1,1,1,1,1,9,7,1,0,0,0,0,8,9,10,8,8,1,0
1773, 5/24/2022 11:37,3,1,Trust_promise,1,0,0,0,0,1,5,1,39,0,3,1,1,1,1,7,1,10,7,1,1,0,0,0,4,1,1,1,1,1,0
1776,  5/24/2022 3:07,3,1,Promise,0,0,1,0,0,1,6,0,28,0,2,0,2,1,0,4,1,9,4,0,0,0,0,0,11,10,10,4,6,1,0
1779,  5/25/2022 2:53,3,1,Promise,0,0,1,0,0,1,5,0,38,0,3,1,1,1,0,6,6,11,9,1,1,1,1,1,11,11,11,11,11,1,0
1782, 5/24/2022 12:53,3,1,Trust_promise,1,0,0,0,0,1,2,1,33,0,3,1,1,1,1,5,6,9,7,0,1,1,0,0,6,10,10,11,8,1,0
1785, 5/24/2022 12:32,3,1,Default_yes,0,0,0,1,0,1,6,0,57,1,4,1,2,1,1,7,11,3,6,1,1,1,0,0,11,11,11,11,11,,1
1788,  5/24/2022 3:50,3,1,Promise,0,0,1,0,0,1,3,0,35,0,4,1,2,1,1,2,8,10,3,1,0,1,0,0,11,11,11,6,10,1,0
1791,  5/24/2022 2:04,3,1,Trust,0,1,0,0,0,,2,0,46,0,2,0,1,1,1,3,11,11,11,1,0,1,1,1,11,11,11,11,11,,0
1794, 5/24/2022 12:27,3,1,Trust_promise,1,0,0,0,0,1,3,1,31,1,3,1,1,1,1,6,7,9,9,0,1,1,0,1,10,11,11,10,11,1,0
1797,  5/24/2022 2:07,3,1,Default_yes,0,0,0,1,0,1,1,0,57,0,3,1,2,1,1,6,1,6,9,1,1,0,0,1,1,11,11,1,1,,1
1800, 5/24/2022 12:16,3,1,Trust_promise,1,0,0,0,0,1,2,1,20,0,2,0,2,1,0,6,11,11,6,0,1,1,1,0,11,11,11,11,11,1,0
1803,  5/24/2022 1:22,3,1,Trust,0,1,0,0,0,,3,0,24,0,3,1,3,0,0,6,1,4,5,0,1,0,0,0,6,4,6,4,6,,0
1806,  5/24/2022 1:27,3,1,Trust,0,1,0,0,0,,6,1,21,1,3,1,2,1,1,1,1,9,6,0,0,0,0,0,11,11,11,11,11,,0
1809,  5/24/2022 3:46,3,1,Default_no,0,0,0,0,1,1,5,1,24,1,3,1,2,1,0,3,9,10,9,0,0,1,0,1,11,11,11,11,11,,1
1812,  5/24/2022 1:09,3,1,Promise,0,0,1,0,0,1,4,1,29,0,2,0,1,1,0,6,2,11,9,0,1,0,1,1,1,11,11,11,1,1,0
1815, 5/24/2022 11:45,3,1,Trust_promise,1,0,0,0,0,1,2,0,37,0,3,1,1,1,1,6,11,10,8,1,1,1,0,1,11,7,7,2,4,1,0
1818,  5/25/2022 7:18,3,1,Promise,0,0,1,0,0,1,5,1,28,1,3,1,1,1,0,7,11,6,6,0,1,1,0,0,9,11,11,10,9,1,0
1821,  5/24/2022 5:51,3,1,Default_no,0,0,0,0,1,1,2,1,24,0,3,1,3,0,0,1,2,9,5,0,0,0,0,0,7,6,6,8,8,,1
1824, 5/24/2022 12:07,3,1,Default_yes,0,0,0,1,0,1,1,1,36,1,2,0,1,1,1,6,1,11,11,1,1,0,1,1,11,11,11,11,11,,1
1827, 5/24/2022 12:16,3,1,Trust,0,1,0,0,0,,4,1,47,1,3,1,1,1,0,8,11,11,7,1,1,1,1,0,11,11,11,11,11,,0
1830, 5/24/2022 12:26,3,1,Default_yes,0,0,0,1,0,1,2,1,20,1,2,0,2,1,0,5,1,9,7,0,1,0,0,0,11,11,11,11,11,,1
1833,  5/24/2022 3:34,3,1,Trust,0,1,0,0,0,,5,1,21,1,2,0,3,0,0,1,6,11,4,0,0,1,1,0,11,11,11,11,11,,0
1836,  5/24/2022 1:34,3,1,Promise,0,0,1,0,0,1,6,1,46,0,3,1,1,1,1,7,2,11,2,1,1,0,1,0,6,9,11,11,11,1,0
1839,  5/24/2022 2:29,3,1,Control,0,0,0,0,0,,6,0,19,1,2,0,3,0,0,1,2,10,5,0,0,0,0,0,9,11,10,10,3,0,0
1842,  5/24/2022 4:26,3,1,Trust,0,1,0,0,0,,6,0,44,1,3,1,2,1,1,6,9,11,9,1,1,1,1,1,6,11,11,11,11,,0
1845,  5/24/2022 1:20,3,1,Default_yes,0,0,0,1,0,1,2,1,22,1,2,0,2,1,0,2,7,11,4,0,0,1,1,0,10,10,10,10,10,,1
1848, 5/24/2022 11:32,3,1,Control,0,0,0,0,0,,5,0,28,0,4,1,3,0,1,4,1,9,6,0,0,0,0,0,2,10,11,11,11,0,0
1851,  5/25/2022 4:41,3,1,Trust,0,1,0,0,0,,1,0,31,0,3,1,2,1,1,6,8,11,5,0,1,1,1,0,11,11,11,9,7,,0
1854,  5/24/2022 1:44,3,1,Trust,0,1,0,0,0,,4,0,84,0,4,1,1,1,1,7,11,11,11,1,1,1,1,1,11,11,11,11,11,,0
1857,  5/24/2022 1:28,3,1,Control,0,0,0,0,0,,4,1,19,1,2,0,2,1,0,6,2,8,4,0,1,0,0,0,10,11,11,10,1,0,0
1860, 5/24/2022 12:34,3,1,Promise,0,0,1,0,0,1,4,1,27,0,2,0,1,1,0,3,2,9,6,0,0,0,0,0,11,9,11,6,11,1,0
1863,  5/24/2022 3:43,3,1,Promise,0,0,1,0,0,1,2,0,80,0,4,1,3,0,1,1,1,11,8,1,0,0,1,1,11,11,11,11,11,1,0
1866, 5/24/2022 12:37,3,1,Promise,0,0,1,0,0,1,2,0,27,0,3,1,2,1,1,7,2,11,8,0,1,0,1,1,9,11,11,9,10,1,0
1869,  5/24/2022 1:02,3,1,Default_yes,0,0,0,1,0,1,4,0,50,1,2,0,3,0,0,1,11,8,6,1,0,1,0,0,9,9,9,1,9,,1
1872,  5/24/2022 1:52,3,1,Default_yes,0,0,0,1,0,1,5,1,19,0,2,0,3,0,0,4,11,11,8,0,0,1,1,1,10,11,11,1,11,,1
1875, 5/24/2022 10:52,3,1,Default_yes,0,0,0,1,0,1,5,0,21,1,2,0,3,0,0,3,1,10,8,0,0,0,0,1,7,9,9,7,8,,1
1878, 5/24/2022 12:47,3,1,Default_no,0,0,0,0,1,1,3,1,22,1,3,1,1,1,0,1,1,6,4,0,0,0,0,0,10,9,8,7,9,,1
1881,  5/24/2022 1:14,3,1,Trust,0,1,0,0,0,,2,1,19,1,2,0,3,0,0,3,1,10,5,0,0,0,0,0,9,8,9,9,11,,0
1884,  5/24/2022 1:47,3,1,Default_yes,0,0,0,1,0,1,4,0,25,1,3,1,1,1,0,1,6,8,6,0,0,1,0,0,10,9,10,9,10,,1
1887,  5/24/2022 5:55,3,1,Default_no,0,0,0,0,1,1,5,1,31,1,2,0,1,1,0,5,9,11,4,0,1,1,1,0,11,11,11,11,11,,1
1890, 5/24/2022 12:38,3,1,Trust,0,1,0,0,0,,5,0,77,0,4,1,1,1,0,7,5,9,8,1,1,0,0,1,9,11,11,11,8,,0
1893,  5/24/2022 2:15,3,1,Default_no,0,0,0,0,1,1,3,0,19,0,2,0,1,1,0,7,3,9,6,0,1,0,0,0,8,10,8,6,6,,1
1896, 5/24/2022 12:03,3,1,Trust_promise,1,0,0,0,0,1,6,1,64,0,2,0,3,0,0,11,8,6,5,1,1,1,0,0,2,1,4,9,10,1,0
1899,  5/24/2022 2:51,3,1,Promise,0,0,1,0,0,1,6,1,22,0,3,1,1,1,1,7,10,8,9,0,1,1,0,1,11,11,11,11,11,1,0
1902, 5/25/2022 12:49,3,1,Default_yes,0,0,0,1,0,1,4,0,34,0,2,0,1,1,1,3,1,9,8,0,0,0,0,1,6,7,11,1,1,,1
1905, 5/24/2022 12:40,3,1,Default_yes,0,0,0,1,0,1,6,0,64,0,5,1,1,1,0,2,9,11,8,1,0,1,1,1,8,11,11,11,11,,1
1908, 5/24/2022 12:28,3,1,Default_yes,0,0,0,1,0,1,4,0,34,0,3,1,1,1,1,4,3,9,7,0,0,0,0,0,11,11,11,11,11,,1
1911, 5/25/2022 12:04,3,1,Default_yes,0,0,0,1,0,1,2,0,31,0,3,1,1,1,0,6,9,8,6,0,1,1,0,0,10,9,10,8,9,,1
1914, 5/24/2022 12:58,3,1,Default_yes,0,0,0,1,0,1,1,1,23,0,3,1,1,1,0,1,1,8,6,0,0,0,0,0,1,1,1,1,1,,1
1917, 5/24/2022 11:43,3,1,Trust_promise,1,0,0,0,0,1,1,0,33,0,2,0,2,1,0,1,1,9,7,0,0,0,0,0,8,8,7,5,7,1,0
1920, 5/24/2022 12:48,3,1,Trust,0,1,0,0,0,,5,1,41,0,2,0,1,1,0,8,8,11,10,1,1,1,1,1,11,11,11,11,11,,0
1923,  5/24/2022 5:20,3,1,Trust,0,1,0,0,0,,1,0,30,1,3,1,1,1,0,1,1,11,8,0,0,0,1,1,11,11,11,11,11,,0
1926,  5/24/2022 2:12,3,1,Default_yes,0,0,0,1,0,1,4,0,45,1,4,1,2,1,1,2,6,7,8,1,0,1,0,1,9,11,11,11,11,,1
1929, 5/24/2022 12:37,3,1,Default_yes,0,0,0,1,0,1,3,0,33,1,3,1,1,1,0,3,3,11,1,0,0,0,1,0,11,11,6,9,9,,1
1932, 5/24/2022 11:53,3,1,Promise,0,0,1,0,0,1,5,1,23,0,2,0,2,1,0,5,6,8,9,0,1,1,0,1,7,11,9,7,9,1,0
1935,  5/24/2022 5:43,3,1,Control,0,0,0,0,0,,5,1,19,0,2,0,3,0,0,6,6,6,6,0,1,1,0,0,7,11,11,6,7,0,0
1938,  5/24/2022 1:18,3,1,Trust,0,1,0,0,0,,4,1,33,0,3,1,1,1,1,6,11,11,7,0,1,1,1,0,11,11,11,11,11,,0
1941,  5/24/2022 7:00,3,1,Promise,0,0,1,0,0,1,6,0,44,0,3,1,1,1,1,7,10,11,5,1,1,1,1,0,9,6,8,7,6,1,0
1944, 5/24/2022 11:20,3,1,Trust_promise,1,0,0,0,0,1,5,0,32,0,3,1,1,1,1,6,5,9,6,0,1,0,0,0,8,9,9,11,10,1,0
1947,  5/24/2022 7:41,3,1,Control,0,0,0,0,0,,2,0,33,0,4,1,2,1,0,1,6,11,10,0,0,1,1,1,8,8,8,10,4,0,0
1950,  5/24/2022 9:27,3,1,Trust_promise,1,0,0,0,0,1,4,0,25,0,3,1,1,1,1,4,2,5,8,0,0,0,0,1,8,10,11,11,9,1,0
1953, 5/24/2022 12:46,3,1,Trust,0,1,0,0,0,,3,0,62,0,3,1,1,1,1,5,1,11,10,1,1,0,1,1,6,11,11,11,9,,0
1956,  5/24/2022 7:33,3,1,Control,0,0,0,0,0,,3,1,48,1,4,1,1,1,1,1,11,11,1,1,0,1,1,0,11,11,11,11,11,0,0
1959, 5/24/2022 12:01,3,1,Default_yes,0,0,0,1,0,1,6,0,21,1,2,0,3,0,0,1,1,11,7,0,0,0,1,0,11,11,11,9,11,,1
1962,  5/24/2022 2:26,3,1,Control,0,0,0,0,0,,5,0,37,0,3,1,1,1,1,5,1,7,6,1,1,0,0,0,3,7,6,1,2,0,0
1965,  5/25/2022 3:00,3,1,Trust,0,1,0,0,0,,6,1,41,0,2,0,2,1,1,6,11,11,8,1,1,1,1,1,11,11,11,11,11,,0
1968,  5/25/2022 6:01,3,1,Control,0,0,0,0,0,,5,0,43,0,4,1,2,1,1,2,1,10,6,1,0,0,0,0,11,11,11,11,6,0,0
1971,  5/24/2022 7:42,3,1,Control,0,0,0,0,0,,2,1,29,0,4,1,1,1,1,5,1,1,1,0,1,0,0,0,11,11,11,11,11,0,0
1974, 5/24/2022 12:33,3,1,Control,0,0,0,0,0,,6,0,39,1,3,1,1,1,1,6,11,11,8,1,1,1,1,1,11,11,11,11,11,0,0
1977,  5/24/2022 1:24,3,1,Default_no,0,0,0,0,1,1,1,0,37,1,4,1,1,1,1,4,11,8,9,1,0,1,0,1,11,11,11,11,11,,1
1980,  5/24/2022 2:17,3,1,Control,0,0,0,0,0,,2,0,35,1,2,0,3,0,0,2,2,11,6,1,0,0,1,0,11,11,11,11,11,0,0
1983, 5/25/2022 10:09,3,1,Trust,0,1,0,0,0,,5,1,46,0,3,1,2,1,1,1,1,9,8,1,0,0,0,1,11,11,9,9,9,,0
1986,  5/24/2022 3:08,3,1,Control,0,0,0,0,0,,5,1,32,0,2,0,1,1,0,3,2,9,8,0,0,0,0,1,6,10,9,8,11,0,0
1989, 5/24/2022 12:01,3,1,Default_yes,0,0,0,1,0,1,5,0,59,0,2,0,1,1,1,8,11,11,8,1,1,1,1,1,4,11,11,11,11,,1
1992,  5/24/2022 5:19,3,1,Control,0,0,0,0,0,,5,0,27,1,3,1,1,1,1,6,10,10,9,0,1,1,0,1,11,11,11,11,11,0,0
1995, 5/25/2022 10:29,3,1,Trust_promise,1,0,0,0,0,1,2,0,34,0,3,1,1,1,1,1,1,8,9,0,0,0,0,1,11,11,11,10,11,1,0
1998, 5/24/2022 11:33,3,1,Default_yes,0,0,0,1,0,1,5,1,33,1,4,1,1,1,0,1,8,11,2,0,0,1,1,0,11,4,4,1,4,,1
2001,  5/24/2022 3:18,3,1,Trust_promise,1,0,0,0,0,1,6,0,22,0,2,0,1,1,0,1,1,9,7,0,0,0,0,0,8,8,8,9,7,1,0
2004,  5/24/2022 1:58,3,1,Trust,0,1,0,0,0,,3,0,25,0,3,1,2,1,0,8,8,9,4,0,1,1,0,0,11,11,11,10,10,,0
2007, 5/24/2022 10:01,3,1,Default_yes,0,0,0,1,0,1,6,1,29,0,2,0,1,1,0,5,11,11,8,0,1,1,1,1,8,11,11,11,11,,1
2010,  5/24/2022 1:54,3,1,Trust_promise,1,0,0,0,0,1,4,0,57,1,3,1,3,0,0,9,11,11,8,1,1,1,1,1,11,11,11,11,11,1,0
2013, 5/24/2022 12:17,3,1,Trust,0,1,0,0,0,,6,1,21,1,2,0,3,0,0,2,6,9,3,0,0,1,0,0,11,11,11,11,11,,0
2016,  5/24/2022 6:41,3,1,Default_yes,0,0,0,1,0,1,5,0,85,0,4,1,3,0,1,6,11,11,6,1,1,1,1,0,9,9,9,9,9,,1
2019, 5/24/2022 12:22,3,1,Default_no,0,0,0,0,1,1,5,1,19,1,2,0,1,1,0,2,1,6,9,0,0,0,0,1,11,11,11,11,11,,1
2022,  5/24/2022 1:14,3,1,Control,0,0,0,0,0,,5,1,36,0,3,1,1,1,1,3,9,10,9,1,0,1,0,1,2,1,6,1,1,0,0
2025, 5/24/2022 12:34,3,1,Default_no,0,0,0,0,1,1,2,0,44,0,2,0,1,1,1,9,11,9,6,1,1,1,0,0,9,9,10,8,8,,1
2028,  5/24/2022 3:23,3,1,Control,0,0,0,0,0,,4,0,23,0,3,1,3,0,0,4,11,10,7,0,0,1,0,0,11,11,11,10,3,0,0
2031,  5/24/2022 1:09,3,1,Default_no,0,0,0,0,1,1,6,0,23,1,3,1,1,1,1,5,2,10,5,0,1,0,0,0,9,9,9,9,9,,1
2034,  5/24/2022 6:45,3,1,Control,0,0,0,0,0,,2,1,28,1,4,1,2,1,1,1,1,11,5,0,0,0,1,0,11,11,11,11,11,0,0
2037,  5/24/2022 1:19,3,1,Promise,0,0,1,0,0,1,5,1,29,0,2,0,1,1,0,3,6,8,10,0,0,1,0,1,11,9,10,1,3,1,0
2040,  5/24/2022 1:33,3,1,Trust_promise,1,0,0,0,0,1,4,0,53,1,2,0,3,0,0,10,11,11,6,1,1,1,1,0,11,11,11,11,11,1,0
2043, 5/24/2022 11:03,3,1,Control,0,0,0,0,0,,4,0,29,0,3,1,3,0,0,1,4,9,4,0,0,0,0,0,8,11,11,9,6,0,0
2046, 5/24/2022 12:41,3,1,Trust_promise,1,0,0,0,0,1,1,0,50,1,3,1,1,1,1,5,1,9,7,1,1,0,0,0,1,1,1,1,1,1,0
2049, 5/24/2022 12:19,3,1,Default_no,0,0,0,0,1,1,4,1,39,1,3,1,3,0,1,1,1,7,2,1,0,0,0,0,11,11,11,11,11,,1
2052,  5/24/2022 3:58,3,1,Default_yes,0,0,0,1,0,1,5,0,26,1,3,1,1,1,0,6,3,8,3,0,1,0,0,0,11,11,11,11,6,,1
2055,  5/24/2022 2:57,3,1,Trust,0,1,0,0,0,,4,0,41,0,2,0,1,1,0,2,3,9,4,1,0,0,0,0,11,11,11,9,10,,0
2058, 5/24/2022 12:20,3,1,Default_yes,0,0,0,1,0,1,5,1,41,0,4,1,1,1,1,4,1,11,4,1,0,0,1,0,2,6,3,8,7,,1
2061,  5/24/2022 6:21,3,1,Trust_promise,1,0,0,0,0,1,2,1,29,0,4,1,2,1,1,3,8,7,4,0,0,1,0,0,11,11,11,11,11,1,0
2064, 5/24/2022 12:48,3,1,Default_no,0,0,0,0,1,1,1,0,57,1,4,1,3,0,0,3,3,9,8,1,0,0,0,1,9,9,11,9,9,,1
2067,  5/25/2022 6:13,3,1,Control,0,0,0,0,0,,5,0,25,0,3,1,1,1,1,6,5,11,5,0,1,0,1,0,11,10,10,6,10,0,0
2070,  5/24/2022 1:11,3,1,Trust_promise,1,0,0,0,0,1,5,1,23,1,3,1,2,1,0,3,8,10,9,0,0,1,0,1,11,11,11,11,11,1,0
2073, 5/24/2022 10:56,3,1,Promise,0,0,1,0,0,1,1,0,24,1,3,1,1,1,1,8,4,11,8,0,1,0,1,1,11,11,11,11,11,1,0
2076,  5/24/2022 5:55,3,1,Default_yes,0,0,0,1,0,1,3,0,30,1,3,1,2,1,0,11,11,7,4,0,1,1,0,0,11,11,11,11,11,,1
2079,  5/24/2022 5:54,3,1,Default_yes,0,0,0,1,0,1,3,0,18,1,2,0,2,1,0,3,4,8,7,0,0,0,0,0,7,9,9,8,10,,1
2082,  5/24/2022 1:51,3,1,Trust,0,1,0,0,0,,6,0,44,1,3,1,1,1,0,1,5,9,5,1,0,0,0,0,9,8,8,10,7,,0
2085, 5/24/2022 12:16,3,1,Control,0,0,0,0,0,,4,1,40,0,2,0,3,0,0,7,3,8,7,1,1,0,0,0,11,11,11,11,11,0,0
2088,  5/24/2022 3:04,3,1,Default_no,0,0,0,0,1,1,5,0,24,0,2,0,3,0,0,3,3,10,4,0,0,0,0,0,11,10,11,10,9,,1
2091,  5/24/2022 4:15,3,1,Control,0,0,0,0,0,,6,0,36,1,4,1,2,1,1,2,1,9,8,1,0,0,0,1,9,10,11,9,9,0,0
2094, 5/24/2022 12:49,3,1,Control,0,0,0,0,0,,4,1,39,1,3,1,1,1,1,3,2,8,6,1,0,0,0,0,8,8,9,9,8,0,0
2097, 5/25/2022 10:43,3,1,Default_yes,0,0,0,1,0,1,4,1,37,0,3,1,3,0,0,1,1,8,9,1,0,0,0,1,10,10,11,9,9,,1
2100,  5/24/2022 4:58,3,1,Control,0,0,0,0,0,,1,1,23,1,2,0,1,1,0,11,6,9,4,0,1,1,0,0,11,10,10,8,5,0,0
2103,  5/24/2022 2:02,3,1,Default_no,0,0,0,0,1,1,5,1,30,0,3,1,1,1,1,3,1,9,5,0,0,0,0,0,11,9,9,10,10,,1
2106,  5/24/2022 4:02,3,1,Default_yes,0,0,0,1,0,1,4,0,38,0,2,0,3,0,0,8,3,9,8,1,1,0,0,1,11,11,11,6,9,,1
2109, 5/24/2022 12:43,3,1,Default_yes,0,0,0,1,0,1,4,0,66,0,2,0,3,0,0,8,2,10,10,1,1,0,0,1,2,10,11,2,10,,1
2112,  5/24/2022 2:04,3,1,Default_no,0,0,0,0,1,1,6,0,30,1,4,1,1,1,1,4,7,8,8,0,0,1,0,1,9,11,10,9,9,,1
2115, 5/24/2022 11:38,3,1,Promise,0,0,1,0,0,1,3,1,25,0,1,0,1,1,0,1,11,9,6,0,0,1,0,0,9,7,7,6,6,1,0
2118,  5/24/2022 2:01,3,1,Default_no,0,0,0,0,1,1,2,1,42,1,3,1,2,1,0,2,2,3,5,1,0,0,0,0,11,11,11,1,1,,1
2121,  5/24/2022 1:32,3,1,Control,0,0,0,0,0,,5,0,49,1,3,1,3,0,0,7,9,8,7,1,1,1,0,0,10,10,11,10,10,0,0
2124, 5/24/2022 11:21,3,1,Trust_promise,1,0,0,0,0,1,3,0,31,1,3,1,3,0,0,3,1,9,4,0,0,0,0,0,3,8,9,7,5,1,0
2127,  5/24/2022 2:03,3,1,Default_no,0,0,0,0,1,1,3,1,74,1,3,1,3,0,0,9,11,11,9,1,1,1,1,1,9,9,9,9,9,,1
2130,  5/24/2022 3:19,3,1,Promise,0,0,1,0,0,1,1,0,28,0,2,0,2,1,1,5,11,10,2,0,1,1,0,0,10,11,11,11,11,1,0
2133,  5/25/2022 9:03,3,1,Control,0,0,0,0,0,,5,1,22,0,2,0,1,1,0,7,2,11,5,0,1,0,1,0,1,1,1,1,1,0,0
2136,  5/24/2022 3:28,3,1,Default_yes,0,0,0,1,0,1,1,0,30,1,1,0,1,1,0,10,11,11,3,0,1,1,1,0,11,11,11,8,6,,1
2139,  5/24/2022 7:29,3,1,Control,0,0,0,0,0,,1,0,35,1,3,1,1,1,1,3,1,11,6,1,0,0,1,0,11,11,11,11,3,0,0
2142,  5/24/2022 2:43,3,1,Default_no,0,0,0,0,1,1,5,1,27,1,3,1,2,1,1,1,1,6,7,0,0,0,0,0,11,11,11,11,11,,1
2145,  5/25/2022 4:25,3,1,Default_no,0,0,0,0,1,1,5,1,70,0,3,1,3,0,1,3,1,6,4,1,0,0,0,0,9,6,9,3,9,,1
2148,  5/25/2022 5:40,3,1,Trust,0,1,0,0,0,,4,0,41,0,2,0,3,0,0,3,6,8,4,1,0,1,0,0,11,11,11,8,11,,0
2151,  5/24/2022 1:10,3,1,Promise,0,0,1,0,0,1,5,0,36,0,5,1,1,1,1,1,4,10,7,1,0,0,0,0,11,11,11,10,11,1,0
2154,  5/24/2022 2:31,3,1,Control,0,0,0,0,0,,6,0,25,1,2,0,1,1,0,5,8,11,6,0,1,1,1,0,6,11,6,8,6,0,0
2157, 5/24/2022 12:29,3,1,Control,0,0,0,0,0,,1,0,44,0,2,0,1,1,0,7,10,10,5,1,1,1,0,0,10,11,10,11,10,0,0
2160,  5/24/2022 6:36,3,1,Default_yes,0,0,0,1,0,1,4,1,29,0,3,1,1,1,1,1,1,8,4,0,0,0,0,0,9,10,8,4,8,,1
2163,  5/24/2022 5:29,3,1,Control,0,0,0,0,0,,5,1,41,0,5,1,1,1,1,7,11,11,7,1,1,1,1,0,11,11,11,11,11,0,0
2166,  5/24/2022 2:27,3,1,Default_no,0,0,0,0,1,1,6,0,54,1,5,1,1,1,1,5,8,9,7,1,1,1,0,0,11,11,11,11,11,,1
2169, 5/24/2022 12:40,3,1,Control,0,0,0,0,0,,5,1,22,1,3,1,3,0,0,5,6,9,7,0,1,1,0,0,11,10,10,10,10,0,0
2172, 5/24/2022 11:52,3,1,Promise,0,0,1,0,0,1,3,0,39,0,3,1,1,1,1,4,1,11,9,1,0,0,1,1,8,11,11,11,11,1,0
2175,  5/24/2022 8:02,3,1,Trust_promise,1,0,0,0,0,1,5,1,23,1,3,1,1,1,1,7,11,10,8,0,1,1,0,1,11,11,11,11,11,1,0
2178,  5/24/2022 1:18,3,1,Trust_promise,1,0,0,0,0,1,3,1,23,0,3,1,2,1,0,4,1,10,7,0,0,0,0,0,11,11,11,10,11,1,0
2181, 5/25/2022 10:13,3,1,Trust,0,1,0,0,0,,1,0,45,1,2,0,3,0,1,6,8,8,7,1,1,1,0,0,11,11,11,11,11,,0
2184,  5/24/2022 1:05,3,1,Promise,0,0,1,0,0,1,4,1,21,1,2,0,3,0,0,2,3,8,4,0,0,0,0,0,9,11,11,8,11,1,0
2187, 5/24/2022 11:43,3,1,Default_yes,0,0,0,1,0,1,6,1,54,1,4,1,2,1,1,3,11,7,4,1,0,1,0,0,8,8,8,7,6,,1
2190,  5/24/2022 1:06,3,1,Trust,0,1,0,0,0,,3,0,25,0,3,1,1,1,1,4,2,11,11,0,0,0,1,1,5,5,8,8,5,,0
2193,  5/24/2022 4:38,3,1,Default_yes,0,0,0,1,0,1,4,1,32,1,2,0,2,1,1,6,11,11,5,0,1,1,1,0,11,11,11,11,11,,1
2196,  5/24/2022 1:45,3,1,Default_yes,0,0,0,1,0,1,2,1,42,0,2,0,1,1,0,3,6,8,7,1,0,1,0,0,11,11,11,11,11,,1
2199,  5/24/2022 1:51,3,1,Trust_promise,1,0,0,0,0,1,1,1,49,1,4,1,1,1,1,7,11,11,6,1,1,1,1,0,11,11,11,11,11,1,0
2202,  5/25/2022 3:25,3,1,Default_no,0,0,0,0,1,1,4,1,28,0,3,1,1,1,0,5,3,9,9,0,1,0,0,1,1,6,1,1,1,,1
2205,  5/24/2022 2:59,3,1,Trust,0,1,0,0,0,,5,1,75,1,2,0,1,1,0,2,11,11,10,1,0,1,1,1,11,11,11,11,11,,0
2208, 5/24/2022 11:47,3,1,Default_yes,0,0,0,1,0,1,5,0,23,1,2,0,3,0,0,3,2,8,8,0,0,0,0,1,8,10,11,9,10,,1
2211,  5/24/2022 7:30,3,1,Promise,0,0,1,0,0,1,4,1,40,0,4,1,2,1,1,6,11,11,8,1,1,1,1,1,11,11,11,11,11,1,0
2214,  5/24/2022 2:39,3,1,Default_yes,0,0,0,1,0,1,6,0,48,1,3,1,1,1,0,5,6,7,6,1,1,1,0,0,11,11,11,4,1,,1
2217,  5/24/2022 2:35,3,1,Trust_promise,1,0,0,0,0,1,6,0,19,0,2,0,1,1,0,4,2,9,7,0,0,0,0,0,11,11,11,11,11,1,0
2220, 5/24/2022 11:12,3,1,Trust_promise,1,0,0,0,0,1,2,0,40,1,4,1,1,1,0,6,11,11,1,1,1,1,1,0,11,11,11,11,11,1,0
2223,  5/25/2022 8:41,3,1,Control,0,0,0,0,0,,1,0,28,0,2,0,2,1,0,4,1,7,7,0,0,0,0,0,8,9,10,10,9,0,0
2226, 5/24/2022 12:25,3,1,Control,0,0,0,0,0,,2,0,39,0,5,1,2,1,0,2,1,10,8,1,0,0,0,1,9,11,11,11,9,0,0
2229, 5/24/2022 12:18,3,1,Trust,0,1,0,0,0,,5,0,27,1,2,0,3,0,0,6,11,10,6,0,1,1,0,0,5,10,11,8,9,,0
2232,  5/24/2022 6:16,3,1,Default_yes,0,0,0,1,0,1,3,1,38,0,3,1,1,1,1,1,1,10,3,1,0,0,0,0,9,9,10,6,3,,1
2235, 5/24/2022 11:59,3,1,Trust,0,1,0,0,0,,4,0,21,1,3,1,2,1,0,1,4,11,8,0,0,0,1,1,9,9,10,10,11,,0
2238, 5/24/2022 10:42,3,1,Trust_promise,1,0,0,0,0,1,5,0,24,0,3,1,1,1,1,7,1,10,9,0,1,0,0,1,11,9,11,10,10,1,0
2241,  5/24/2022 1:03,3,1,Default_no,0,0,0,0,1,1,3,1,23,1,3,1,3,0,0,2,7,10,3,0,0,1,0,0,9,8,8,9,8,,1
2244,  5/24/2022 5:21,3,1,Default_yes,0,0,0,1,0,1,1,0,62,0,3,1,1,1,0,7,11,11,9,1,1,1,1,1,11,9,9,1,7,,1
2247,  5/25/2022 9:02,3,1,Control,0,0,0,0,0,,4,1,24,0,3,1,2,1,1,3,5,8,4,0,0,0,0,0,8,9,9,8,8,0,0
2250,  5/24/2022 6:05,3,1,Promise,0,0,1,0,0,1,3,0,32,1,2,0,1,1,0,9,9,9,1,0,1,1,0,0,11,11,11,1,1,1,0
2253, 5/24/2022 12:25,3,1,Control,0,0,0,0,0,,5,1,41,1,3,1,1,1,1,6,10,10,9,1,1,1,0,1,10,10,10,10,10,0,0
2256, 5/24/2022 12:34,3,1,Default_no,0,0,0,0,1,1,6,0,41,1,3,1,1,1,1,2,1,10,8,1,0,0,0,1,1,1,1,11,11,,1
2259, 5/25/2022 10:49,3,1,Promise,0,0,1,0,0,1,4,1,34,0,2,0,1,1,1,4,2,4,7,0,0,0,0,0,6,2,7,3,6,1,0
2262,  5/25/2022 5:50,3,1,Default_yes,0,0,0,1,0,1,3,0,34,0,2,0,1,1,0,1,2,6,4,0,0,0,0,0,6,10,11,11,11,,1
2265,  5/24/2022 3:45,3,1,Default_no,0,0,0,0,1,1,3,1,27,1,2,0,1,1,0,11,11,11,6,0,1,1,1,0,11,11,11,11,11,,1
2268,  5/24/2022 3:26,3,1,Control,0,0,0,0,0,,3,1,39,0,5,1,1,1,1,6,8,9,9,1,1,1,0,1,8,9,6,7,9,0,0
2271,  5/24/2022 1:38,3,1,Trust,0,1,0,0,0,,1,0,60,1,3,1,3,0,1,1,11,11,4,1,0,1,1,0,8,11,9,9,6,,0
2274,  5/24/2022 6:12,3,1,Trust,0,1,0,0,0,,5,0,43,1,3,1,1,1,0,1,2,11,8,1,0,0,1,1,11,11,11,11,11,,0
2277, 5/24/2022 12:30,3,1,Trust,0,1,0,0,0,,2,0,61,1,3,1,3,0,0,5,10,10,8,1,1,1,0,1,11,11,11,11,6,,0
2280,  5/24/2022 3:58,3,1,Trust_promise,1,0,0,0,0,1,4,0,28,1,2,0,1,1,0,2,1,8,4,0,0,0,0,0,7,8,8,9,6,1,0
2283, 5/24/2022 12:42,3,1,Control,0,0,0,0,0,,5,1,41,0,3,1,1,1,1,1,1,11,6,1,0,0,1,0,1,1,11,1,1,0,0
2286,  5/24/2022 5:48,3,1,Promise,0,0,1,0,0,1,2,0,26,1,3,1,2,1,0,3,8,8,7,0,0,1,0,0,11,10,11,11,8,1,0
2289, 5/24/2022 12:53,3,1,Promise,0,0,1,0,0,1,1,0,29,0,2,0,3,0,0,6,8,10,6,0,1,1,0,0,7,11,11,11,11,1,0
2292,  5/24/2022 4:13,3,1,Promise,0,0,1,0,0,1,1,0,57,1,5,1,1,1,0,1,1,7,7,1,0,0,0,0,11,11,11,8,11,1,0
2295, 5/24/2022 11:51,3,1,Default_no,0,0,0,0,1,1,5,1,75,1,2,0,3,0,0,9,10,10,9,1,1,1,0,1,11,11,11,11,11,,1
2298,  5/24/2022 2:27,3,1,Trust,0,1,0,0,0,,5,0,45,1,2,0,3,0,1,7,11,10,8,1,1,1,0,1,6,10,9,2,3,,0
2301, 5/24/2022 11:32,3,1,Control,0,0,0,0,0,,2,0,55,0,3,1,1,1,1,9,10,9,8,1,1,1,0,1,8,8,9,7,5,0,0
2304, 5/24/2022 11:06,3,1,Trust,0,1,0,0,0,,2,1,45,0,2,0,1,1,1,3,1,11,8,1,0,0,1,1,10,10,10,9,8,,0
2307, 5/24/2022 12:05,3,1,Trust_promise,1,0,0,0,0,1,2,1,33,0,2,0,1,1,0,1,1,1,4,0,0,0,0,0,11,11,11,11,11,1,0
2310, 5/24/2022 12:02,3,1,Default_no,0,0,0,0,1,1,1,1,35,1,3,1,1,1,1,1,11,11,6,1,0,1,1,0,11,11,11,11,11,,1
2313,  5/24/2022 1:13,3,1,Promise,0,0,1,0,0,1,4,0,32,0,4,1,1,1,0,3,2,9,4,0,0,0,0,0,8,8,8,9,8,1,0
2316,  5/24/2022 2:22,3,1,Default_no,0,0,0,0,1,1,4,1,42,0,5,1,1,1,1,4,1,11,8,1,0,0,1,1,11,11,11,10,9,,1
2319, 5/24/2022 12:55,3,1,Control,0,0,0,0,0,,3,0,40,1,3,1,1,1,0,1,11,10,10,1,0,1,0,1,6,6,6,6,6,0,0
2322,  5/24/2022 1:08,3,1,Control,0,0,0,0,0,,1,1,50,0,2,0,1,1,1,5,9,11,9,1,1,1,1,1,5,5,9,2,9,0,0
2325, 5/24/2022 11:41,3,1,Trust,0,1,0,0,0,,1,0,40,0,3,1,1,1,0,3,3,7,6,1,0,0,0,0,10,10,10,10,10,,0
2328,  5/24/2022 6:49,3,1,Default_no,0,0,0,0,1,1,2,0,27,1,3,1,2,1,1,5,11,11,5,0,1,1,1,0,10,11,11,10,10,,1
2331, 5/24/2022 12:42,3,1,Promise,0,0,1,0,0,1,5,1,38,0,3,1,1,1,0,2,1,10,8,1,0,0,0,1,8,5,6,4,4,1,0
2334,  5/24/2022 6:20,3,1,Trust_promise,1,0,0,0,0,1,5,0,65,1,3,1,2,1,0,9,11,11,1,1,1,1,1,0,11,11,11,11,11,1,0
2337,  5/24/2022 7:43,3,1,Promise,0,0,1,0,0,1,6,1,21,1,2,0,1,1,0,1,11,10,9,0,0,1,0,1,10,10,10,6,8,1,0
2340,  5/24/2022 8:48,3,1,Trust_promise,1,0,0,0,0,1,4,1,65,0,4,1,3,0,0,5,11,10,10,1,1,1,0,1,11,11,11,11,11,1,0
2343,  5/24/2022 1:22,3,1,Promise,0,0,1,0,0,1,3,1,33,1,3,1,1,1,1,9,3,9,11,0,1,0,0,1,11,10,11,8,10,1,0
2346, 5/24/2022 11:17,3,1,Control,0,0,0,0,0,,6,0,27,1,3,1,2,1,0,1,1,4,6,0,0,0,0,0,9,9,10,10,10,0,0
2349,  5/25/2022 6:35,3,1,Default_yes,0,0,0,1,0,1,1,0,33,0,3,1,1,1,1,3,5,10,8,0,0,0,0,1,9,10,10,10,9,,1
2352,  5/25/2022 5:38,3,1,Default_yes,0,0,0,1,0,1,3,1,25,0,2,0,2,1,1,3,1,11,2,0,0,0,1,0,11,1,1,1,1,,1
2355, 5/24/2022 11:17,3,1,Promise,0,0,1,0,0,1,4,0,46,1,4,1,1,1,1,9,11,11,9,1,1,1,1,1,11,11,11,8,10,1,0
2358,  5/24/2022 1:58,3,1,Trust_promise,1,0,0,0,0,1,5,0,27,0,4,1,1,1,1,2,6,10,8,0,0,1,0,1,10,9,9,8,8,1,0
2361, 5/24/2022 11:50,3,1,Trust,0,1,0,0,0,,6,0,37,0,2,0,1,1,0,5,1,9,5,1,1,0,0,0,4,11,11,11,1,,0
2364,  5/24/2022 7:14,3,1,Trust_promise,1,0,0,0,0,1,2,0,31,1,3,1,1,1,0,3,3,9,8,0,0,0,0,1,11,11,11,11,11,1,0
2367, 5/24/2022 12:35,3,1,Default_yes,0,0,0,1,0,1,6,0,54,1,2,0,1,1,0,2,7,9,8,1,0,1,0,1,11,11,11,7,9,,1
2370, 5/24/2022 11:30,3,1,Default_no,0,0,0,0,1,1,2,1,28,0,3,1,1,1,1,5,10,11,3,0,1,1,1,0,9,6,11,3,10,,1
2373,  5/24/2022 1:09,3,1,Trust,0,1,0,0,0,,3,1,60,1,3,1,1,1,0,5,4,11,8,1,1,0,1,1,11,11,11,11,11,,0
2376, 5/24/2022 12:41,3,1,Trust,0,1,0,0,0,,1,1,24,1,2,0,1,1,0,1,6,11,1,0,0,1,1,0,11,11,11,11,11,,0
2379, 5/24/2022 11:33,3,1,Control,0,0,0,0,0,,1,0,41,0,2,0,3,0,0,6,1,7,8,1,1,0,0,1,11,11,11,10,8,0,0
2382,  5/24/2022 1:35,3,1,Default_yes,0,0,0,1,0,1,5,0,37,0,3,1,2,1,1,6,6,9,7,1,1,1,0,0,9,11,11,11,9,,1
2385, 5/24/2022 12:10,3,1,Default_yes,0,0,0,1,0,1,6,0,42,0,4,1,1,1,1,8,3,6,4,1,1,0,0,0,10,8,10,9,7,,1
2388,  5/24/2022 1:53,3,1,Control,0,0,0,0,0,,1,0,65,1,3,1,3,0,0,1,1,11,9,1,0,0,1,1,11,11,11,8,8,0,0
2391,  5/24/2022 1:19,3,1,Default_no,0,0,0,0,1,1,2,0,27,1,3,1,1,1,1,1,4,10,8,0,0,0,0,1,10,11,11,11,11,,1
2394,  5/24/2022 7:35,3,1,Promise,0,0,1,0,0,1,3,0,41,1,2,0,3,0,1,10,11,7,6,1,1,1,0,0,8,11,11,11,11,1,0
2397,  5/25/2022 9:26,3,1,Trust_promise,1,0,0,0,0,1,3,1,52,0,3,1,1,1,0,4,2,9,2,1,0,0,0,0,2,8,9,7,9,1,0
2400,  5/25/2022 7:17,3,1,Trust_promise,1,0,0,0,0,1,6,0,63,0,3,1,3,0,1,5,1,8,7,1,1,0,0,0,11,11,11,1,1,1,0
2402, 5/24/2022 12:18,3,1,Trust_promise,1,0,0,0,0,1,3,1,36,0,4,1,1,1,1,2,1,11,4,1,0,0,1,0,3,11,11,11,11,1,0
2404,  5/24/2022 1:34,3,1,Default_no,0,0,0,0,1,1,2,0,56,1,2,0,2,1,0,1,6,11,8,1,0,1,1,1,11,11,11,11,11,,1
2406,  5/24/2022 1:13,3,1,Promise,0,0,1,0,0,1,4,1,34,1,3,1,2,1,0,3,1,10,1,0,0,0,0,0,10,2,10,1,1,1,0
2408,  5/24/2022 7:06,3,1,Default_yes,0,0,0,1,0,1,2,0,25,1,3,1,1,1,0,3,5,11,10,0,0,0,1,1,9,11,11,6,11,,1
2410,  5/24/2022 2:25,3,1,Default_no,0,0,0,0,1,1,6,0,35,0,4,1,1,1,1,5,2,4,7,1,1,0,0,0,11,9,9,10,2,,1
2412, 5/24/2022 10:59,3,1,Default_no,0,0,0,0,1,1,4,1,43,0,3,1,1,1,0,1,1,10,4,1,0,0,0,0,11,11,11,9,11,,1
2414,  5/24/2022 3:07,3,1,Promise,0,0,1,0,0,1,2,0,27,1,3,1,1,1,1,1,7,8,6,0,0,1,0,0,9,8,9,5,7,1,0
2416, 5/24/2022 10:52,3,1,Trust_promise,1,0,0,0,0,1,6,0,37,0,3,1,2,1,0,3,8,9,2,1,0,1,0,0,8,11,8,10,6,1,0
2418,  5/24/2022 1:10,3,1,Trust,0,1,0,0,0,,3,0,22,1,3,1,2,1,1,8,9,11,9,0,1,1,1,1,1,10,8,6,11,,0
2420,  5/24/2022 1:04,3,1,Trust_promise,1,0,0,0,0,1,1,0,31,0,3,1,1,1,1,1,2,11,9,0,0,0,1,1,11,11,11,11,11,1,0
2422, 5/24/2022 11:42,3,1,Default_yes,0,0,0,1,0,1,2,0,26,1,2,0,2,1,0,1,1,9,8,0,0,0,0,1,10,11,11,9,10,,1
2424,  5/24/2022 4:30,3,1,Default_no,0,0,0,0,1,1,4,1,28,0,3,1,1,1,1,5,1,8,4,0,1,0,0,0,9,9,9,9,9,,1
2426,  5/24/2022 1:32,3,1,Control,0,0,0,0,0,,5,1,34,0,4,1,1,1,1,7,6,7,7,0,1,1,0,0,8,8,8,4,9,0,0
2428,  5/24/2022 3:34,3,1,Default_no,0,0,0,0,1,1,4,1,22,1,3,1,1,1,0,3,2,9,9,0,0,0,0,1,11,11,11,10,10,,1
2430,  5/24/2022 2:38,3,1,Trust,0,1,0,0,0,,3,0,26,0,3,1,2,1,1,7,2,8,9,0,1,0,0,1,10,10,10,5,9,,0
2432,  5/24/2022 1:21,3,1,Promise,0,0,1,0,0,1,6,0,52,1,3,1,1,1,0,6,11,9,7,1,1,1,0,0,10,10,10,8,10,1,0
2434, 5/24/2022 12:16,3,1,Trust,0,1,0,0,0,,6,0,24,1,3,1,3,0,0,3,1,9,7,0,0,0,0,0,11,11,11,11,10,,0
2436, 5/24/2022 12:42,3,1,Default_yes,0,0,0,1,0,1,3,1,32,1,4,1,1,1,0,9,11,11,6,0,1,1,1,0,11,11,11,11,11,,1
2438, 5/24/2022 10:38,3,1,Trust,0,1,0,0,0,,1,1,29,0,3,1,1,1,1,6,2,11,7,0,1,0,1,0,10,10,10,11,11,,0
2440, 5/25/2022 10:57,3,1,Promise,0,0,1,0,0,1,3,1,29,0,2,0,2,1,0,6,7,11,3,0,1,1,1,0,11,11,11,11,11,1,0
2442,  5/24/2022 6:11,3,1,Trust_promise,1,0,0,0,0,1,2,1,78,0,4,1,3,0,0,8,1,11,8,1,1,0,1,1,3,11,11,1,8,1,0
2444, 5/24/2022 10:39,3,1,Default_no,0,0,0,0,1,1,2,0,55,0,3,1,2,1,1,11,11,11,10,1,1,1,1,1,11,11,11,11,11,,1
2446,  5/24/2022 8:04,3,1,Default_no,0,0,0,0,1,1,6,1,55,1,2,0,1,1,1,7,11,11,2,1,1,1,1,0,11,11,11,11,11,,1
2448,  5/24/2022 1:57,3,1,Control,0,0,0,0,0,,1,1,21,0,3,1,2,1,0,1,1,11,7,0,0,0,1,0,1,6,6,1,6,0,0
2450,  5/24/2022 2:56,3,1,Promise,0,0,1,0,0,1,1,0,47,1,2,0,2,1,1,3,11,9,4,1,0,1,0,0,9,11,11,11,9,1,0
2452, 5/24/2022 12:32,3,1,Default_yes,0,0,0,1,0,1,2,0,56,1,3,1,1,1,0,6,11,11,7,1,1,1,1,0,11,11,11,1,1,,1
2454, 5/25/2022 10:34,3,1,Trust,0,1,0,0,0,,6,0,34,0,2,0,1,1,0,6,6,1,3,0,1,1,0,0,7,9,11,5,9,,0
2456, 5/24/2022 11:07,3,1,Control,0,0,0,0,0,,4,1,53,0,2,0,1,1,0,6,1,6,6,1,1,0,0,0,11,11,11,11,11,0,0
2458,  5/24/2022 4:29,3,1,Default_yes,0,0,0,1,0,1,3,0,47,1,3,1,1,1,0,1,1,9,8,1,0,0,0,1,8,9,10,2,7,,1
2460, 5/24/2022 12:31,3,1,Trust,0,1,0,0,0,,3,1,34,0,3,1,1,1,1,9,7,4,7,0,1,1,0,0,9,11,8,10,7,,0
2462,  5/24/2022 1:21,3,1,Control,0,0,0,0,0,,4,1,58,1,2,0,3,0,1,2,11,11,8,1,0,1,1,1,11,11,11,11,8,0,0
2464,  5/25/2022 2:26,3,1,Default_yes,0,0,0,1,0,1,4,1,32,0,3,1,3,0,0,5,1,9,7,0,1,0,0,0,10,11,9,8,8,,1
2466, 5/24/2022 11:46,3,1,Control,0,0,0,0,0,,1,1,36,0,3,1,1,1,1,4,3,11,8,1,0,0,1,1,10,10,10,11,10,0,0
2468,  5/24/2022 2:33,3,1,Trust,0,1,0,0,0,,3,0,36,0,3,1,1,1,1,6,7,8,6,1,1,1,0,0,9,9,10,8,8,,0
2470,  5/24/2022 3:40,3,1,Default_yes,0,0,0,1,0,1,5,0,31,0,2,0,3,0,0,11,11,11,9,0,1,1,1,1,10,11,11,3,10,,1
2472,  5/24/2022 1:00,3,1,Default_yes,0,0,0,1,0,1,6,1,34,0,3,1,1,1,0,6,11,11,6,0,1,1,1,0,1,1,1,1,1,,1
2474,  5/24/2022 4:04,3,1,Default_no,0,0,0,0,1,1,1,0,22,1,3,1,1,1,1,3,2,9,3,0,0,0,0,0,11,11,9,3,6,,1
2476, 5/24/2022 12:30,3,1,Trust,0,1,0,0,0,,2,1,20,1,2,0,3,0,0,1,1,9,7,0,0,0,0,0,11,10,10,9,9,,0
2478, 5/25/2022 12:52,3,1,Control,0,0,0,0,0,,3,1,30,0,2,0,3,0,0,6,2,10,5,0,1,0,0,0,8,9,10,8,9,0,0
2480,  5/24/2022 1:19,3,1,Promise,0,0,1,0,0,1,5,1,33,0,2,0,2,1,0,7,11,11,5,0,1,1,1,0,11,11,11,11,11,1,0
2482, 5/24/2022 12:30,3,1,Trust_promise,1,0,0,0,0,1,3,1,41,1,3,1,3,0,1,6,8,10,9,1,1,1,0,1,6,8,9,5,6,1,0
2484, 5/24/2022 11:49,3,1,Trust_promise,1,0,0,0,0,1,4,0,36,0,2,0,1,1,1,1,1,11,6,1,0,0,1,0,1,11,11,11,11,1,0
2486, 5/24/2022 12:01,3,1,Default_no,0,0,0,0,1,1,4,0,32,1,3,1,1,1,0,1,1,3,8,0,0,0,0,1,11,11,11,11,11,,1
2488, 5/24/2022 12:42,3,1,Default_yes,0,0,0,1,0,1,3,1,20,1,2,0,2,1,0,6,11,10,1,0,1,1,0,0,11,11,11,6,11,,1
2490, 5/24/2022 12:35,3,1,Trust,0,1,0,0,0,,1,0,38,0,4,1,1,1,1,3,4,9,8,1,0,0,0,1,9,9,9,10,9,,0
2492, 5/24/2022 11:49,3,1,Promise,0,0,1,0,0,1,6,0,50,0,3,1,1,1,1,2,1,11,9,1,0,0,1,1,7,10,11,9,9,1,0
2494, 5/24/2022 12:01,3,1,Default_no,0,0,0,0,1,1,4,0,42,1,2,0,2,1,1,1,6,11,4,1,0,1,1,0,11,11,11,6,11,,1
2496, 5/25/2022 10:59,3,1,Default_yes,0,0,0,1,0,1,2,1,36,0,3,1,1,1,1,4,2,3,6,1,0,0,0,0,10,10,8,11,6,,1
2498,  5/24/2022 6:10,3,1,Control,0,0,0,0,0,,6,1,35,1,3,1,1,1,1,6,11,10,6,1,1,1,0,0,1,1,1,1,1,0,0
2500,  5/25/2022 7:28,3,1,Promise,0,0,1,0,0,1,5,0,24,0,2,0,3,0,0,1,1,11,4,0,0,0,1,0,8,11,11,11,8,1,0
2502,  5/24/2022 2:33,3,1,Trust,0,1,0,0,0,,1,0,25,1,2,0,1,1,0,1,1,9,7,0,0,0,0,0,11,11,11,11,11,,0
2504,  5/24/2022 7:11,3,1,Trust_promise,1,0,0,0,0,1,2,0,20,0,2,0,2,1,0,4,1,11,7,0,0,0,1,0,9,11,10,8,9,1,0
2506,  5/24/2022 5:19,3,1,Trust_promise,1,0,0,0,0,1,1,1,41,0,3,1,1,1,0,4,9,9,9,1,0,1,0,1,11,11,11,11,11,1,0
2508, 5/24/2022 10:57,3,1,Default_yes,0,0,0,1,0,1,2,1,31,0,4,1,3,0,0,6,1,9,6,0,1,0,0,0,9,9,9,8,10,,1
2510,  5/25/2022 2:46,3,1,Control,0,0,0,0,0,,1,0,64,0,5,1,1,1,1,1,8,7,5,1,0,1,0,0,11,11,11,11,10,0,0
2512,  5/24/2022 5:49,3,1,Default_yes,0,0,0,1,0,1,4,0,66,1,2,0,1,1,0,1,2,11,8,1,0,0,1,1,11,11,11,11,11,,1
2514, 5/24/2022 12:18,3,1,Trust_promise,1,0,0,0,0,1,1,1,45,0,2,0,1,1,1,5,6,10,9,1,1,1,0,1,11,11,11,11,11,1,0
2516, 5/24/2022 12:31,3,1,Trust,0,1,0,0,0,,1,1,55,1,3,1,1,1,0,1,9,9,6,1,0,1,0,0,8,7,7,8,8,,0
2518, 5/24/2022 11:38,3,1,Trust,0,1,0,0,0,,4,0,32,0,4,1,2,1,0,1,2,10,8,0,0,0,0,1,11,11,11,11,11,,0
2520,  5/24/2022 1:04,3,1,Trust_promise,1,0,0,0,0,1,4,0,22,1,3,1,3,0,0,1,4,7,7,0,0,0,0,0,10,10,10,9,9,1,0
2522,  5/24/2022 4:36,3,1,Default_yes,0,0,0,1,0,1,5,1,22,1,2,0,3,0,0,2,3,8,7,0,0,0,0,0,11,11,11,11,11,,1
2524, 5/24/2022 11:43,3,1,Trust,0,1,0,0,0,,2,0,62,1,3,1,1,1,0,11,11,11,8,1,1,1,1,1,6,11,11,11,11,,0
2526, 5/24/2022 10:11,3,1,Promise,0,0,1,0,0,1,3,0,36,0,2,0,2,1,0,10,7,11,3,1,1,1,1,0,11,11,11,11,6,1,0
2528,  5/24/2022 6:19,3,1,Default_yes,0,0,0,1,0,1,4,0,49,1,3,1,1,1,1,2,11,11,9,1,0,1,1,1,10,10,10,10,10,,1
2530,  5/24/2022 4:16,3,1,Control,0,0,0,0,0,,5,1,27,0,3,1,2,1,0,1,9,9,8,0,0,1,0,1,11,11,11,11,11,0,0
2532, 5/24/2022 10:11,3,1,Default_yes,0,0,0,1,0,1,3,1,29,0,4,1,2,1,0,10,11,11,7,0,1,1,1,0,11,11,11,11,11,,1
2534, 5/24/2022 12:03,3,1,Control,0,0,0,0,0,,3,1,22,1,3,1,3,0,0,4,8,9,4,0,0,1,0,0,8,10,10,11,3,0,0
2536,  5/24/2022 2:36,3,1,Default_yes,0,0,0,1,0,1,4,1,50,0,3,1,1,1,1,6,2,11,10,1,1,0,1,1,11,11,11,10,10,,1
2538,  5/25/2022 5:13,3,1,Trust_promise,1,0,0,0,0,1,3,1,35,0,2,0,1,1,0,3,6,11,7,1,0,1,1,0,11,11,11,11,11,1,0
2540,  5/24/2022 2:26,3,1,Control,0,0,0,0,0,,1,1,21,1,2,0,1,1,0,6,11,11,11,0,1,1,1,1,11,11,11,11,11,0,0
2542, 5/24/2022 12:06,3,1,Trust,0,1,0,0,0,,2,0,44,1,3,1,2,1,0,7,5,11,9,1,1,0,1,1,6,11,11,1,6,,0
2544, 5/24/2022 11:12,3,1,Control,0,0,0,0,0,,1,0,47,1,3,1,3,0,0,6,11,11,3,1,1,1,1,0,2,11,11,9,2,0,0
2546,  5/24/2022 1:18,3,1,Default_yes,0,0,0,1,0,1,1,0,33,1,2,0,2,1,0,3,5,4,7,0,0,0,0,0,11,11,11,11,11,,1
2548, 5/24/2022 11:06,3,1,Default_no,0,0,0,0,1,1,2,0,20,1,2,0,3,0,0,1,1,11,8,0,0,0,1,1,10,6,6,2,8,,1
2550,  5/24/2022 1:34,3,1,Default_no,0,0,0,0,1,1,3,0,60,1,4,1,1,1,1,6,11,11,11,1,1,1,1,1,11,11,11,11,11,,1
2552,  5/24/2022 4:27,3,1,Trust,0,1,0,0,0,,3,1,40,1,3,1,1,1,0,4,3,8,5,1,0,0,0,0,7,8,6,5,7,,0
2554,  5/24/2022 3:06,3,1,Promise,0,0,1,0,0,1,1,1,32,1,3,1,1,1,0,5,2,6,7,0,1,0,0,0,8,5,7,8,6,1,0
2556,  5/24/2022 1:11,3,1,Default_no,0,0,0,0,1,1,2,0,28,1,4,1,2,1,1,3,11,11,7,0,0,1,1,0,9,10,9,9,10,,1
2558,  5/24/2022 1:12,3,1,Trust,0,1,0,0,0,,6,1,26,0,3,1,3,0,0,1,8,11,3,0,0,1,1,0,8,11,11,11,11,,0
2560, 5/24/2022 12:48,3,1,Promise,0,0,1,0,0,1,4,1,61,1,3,1,1,1,1,2,1,10,8,1,0,0,0,1,9,9,9,2,6,1,0
2562,  5/24/2022 1:24,3,1,Default_yes,0,0,0,1,0,1,6,0,21,1,3,1,1,1,0,5,11,11,8,0,1,1,1,1,11,11,8,8,3,,1
2564,  5/24/2022 3:45,3,1,Trust_promise,1,0,0,0,0,1,2,0,20,1,2,0,3,0,0,3,1,8,5,0,0,0,0,0,9,9,9,1,6,1,0
2566,  5/24/2022 8:48,3,1,Trust_promise,1,0,0,0,0,1,4,1,25,0,2,0,1,1,0,4,3,9,5,0,0,0,0,0,11,11,11,11,11,1,0
2568,  5/24/2022 8:05,3,1,Trust,0,1,0,0,0,,6,0,24,1,3,1,1,1,1,4,10,11,5,0,0,1,1,0,10,11,11,8,11,,0
2570, 5/24/2022 12:19,3,1,Trust_promise,1,0,0,0,0,1,2,0,20,1,2,0,1,1,0,3,5,9,4,0,0,0,0,0,10,9,9,5,9,1,0
2572, 5/25/2022 10:52,3,1,Default_no,0,0,0,0,1,1,6,1,25,0,2,0,3,0,0,6,10,11,6,0,1,1,1,0,6,9,9,10,11,,1
2574, 5/24/2022 11:41,3,1,Control,0,0,0,0,0,,3,1,23,0,2,0,3,0,0,5,5,11,8,0,1,0,1,1,11,11,11,11,11,0,0
2576,  5/24/2022 1:37,3,1,Trust_promise,1,0,0,0,0,1,3,1,30,1,4,1,1,1,1,10,11,11,6,0,1,1,1,0,10,11,11,11,11,1,0
2578,  5/24/2022 2:00,3,1,Promise,0,0,1,0,0,1,3,0,29,1,4,1,2,1,0,1,8,10,8,0,0,1,0,1,10,11,11,11,11,1,0
2580,  5/24/2022 4:00,3,1,Default_yes,0,0,0,1,0,1,3,1,28,1,3,1,1,1,1,2,2,10,10,0,0,0,0,1,6,10,11,11,11,,1
2582, 5/24/2022 12:31,3,1,Promise,0,0,1,0,0,1,5,1,23,0,3,1,1,1,1,8,5,10,6,0,1,0,0,0,10,11,11,11,11,1,0
2584, 5/24/2022 12:02,3,1,Default_yes,0,0,0,1,0,1,3,1,28,1,3,1,3,0,0,6,6,9,6,0,1,1,0,0,9,10,11,11,9,,1
2586, 5/24/2022 11:31,3,1,Default_yes,0,0,0,1,0,1,3,0,43,0,2,0,1,1,0,9,7,9,6,1,1,1,0,0,9,9,10,1,6,,1
2588,  5/24/2022 1:14,3,1,Trust,0,1,0,0,0,,6,0,38,1,3,1,2,1,1,1,6,8,6,1,0,1,0,0,6,6,9,9,6,,0
2590,  5/24/2022 3:12,3,1,Default_yes,0,0,0,1,0,1,4,0,60,0,3,1,2,1,1,7,1,10,4,1,1,0,0,0,3,6,9,1,3,,1
2592,  5/24/2022 2:30,3,1,Promise,0,0,1,0,0,1,2,1,24,0,2,0,1,1,0,6,3,6,6,0,1,0,0,0,7,8,6,7,4,1,0
2594,  5/24/2022 5:02,3,1,Default_yes,0,0,0,1,0,1,3,0,29,1,3,1,2,1,1,3,8,9,9,0,0,1,0,1,10,10,10,8,10,,1
2596,  5/24/2022 7:54,3,1,Promise,0,0,1,0,0,1,5,1,19,0,2,0,3,0,0,1,11,11,7,0,0,1,1,0,9,9,8,6,8,1,0
2598,  5/24/2022 3:45,3,1,Control,0,0,0,0,0,,5,0,38,0,2,0,3,0,0,4,7,9,5,1,0,1,0,0,9,10,8,9,10,0,0
2600, 5/24/2022 11:27,3,1,Default_no,0,0,0,0,1,1,5,0,21,0,2,0,3,0,0,6,7,7,6,0,1,1,0,0,11,11,11,11,11,,1
2602, 5/24/2022 12:02,3,1,Trust,0,1,0,0,0,,2,0,50,0,2,0,1,1,1,3,4,11,8,1,0,0,1,1,11,11,11,9,6,,0
2604, 5/24/2022 12:19,3,1,Promise,0,0,1,0,0,1,1,0,40,1,3,1,1,1,0,9,11,6,6,1,1,1,0,0,11,11,9,11,11,1,0
2606,  5/24/2022 7:27,3,1,Trust,0,1,0,0,0,,3,0,47,0,5,1,1,1,1,1,1,11,8,1,0,0,1,1,9,10,10,10,10,,0
2608,  5/25/2022 4:58,3,1,Control,0,0,0,0,0,,2,1,33,0,3,1,2,1,1,6,11,11,3,0,1,1,1,0,10,2,1,1,1,0,0
2610,  5/24/2022 6:01,3,1,Default_yes,0,0,0,1,0,1,6,0,32,1,2,0,2,1,1,11,11,11,7,0,1,1,1,0,11,11,11,11,11,,1
2612,  5/24/2022 3:39,3,1,Default_yes,0,0,0,1,0,1,1,0,34,1,2,0,3,0,0,1,1,11,6,0,0,0,1,0,8,10,11,10,10,,1
2614, 5/24/2022 11:59,3,1,Control,0,0,0,0,0,,5,1,37,0,2,0,1,1,1,7,11,6,3,1,1,1,0,0,11,11,11,9,11,0,0
2616, 5/24/2022 11:47,3,1,Trust,0,1,0,0,0,,1,0,31,0,3,1,1,1,1,10,2,11,3,0,1,0,1,0,11,11,11,9,10,,0
2618,  5/24/2022 5:31,3,1,Trust_promise,1,0,0,0,0,1,3,1,26,1,3,1,2,1,0,6,8,8,4,0,1,1,0,0,10,10,10,9,9,1,0
2620,  5/24/2022 1:17,3,1,Default_no,0,0,0,0,1,1,4,1,32,1,2,0,3,0,1,11,11,11,11,0,1,1,1,1,10,11,11,11,11,,1
2622, 5/24/2022 12:12,3,1,Control,0,0,0,0,0,,1,0,38,1,3,1,1,1,0,10,1,10,2,1,1,0,0,0,11,11,11,6,6,0,0
2624,  5/24/2022 2:55,3,1,Default_yes,0,0,0,1,0,1,6,1,54,1,3,1,2,1,1,11,11,11,11,1,1,1,1,1,6,6,11,11,1,,1
2626,  5/24/2022 7:06,3,1,Trust,0,1,0,0,0,,2,1,22,1,2,0,3,0,0,6,11,6,6,0,1,1,0,0,11,10,11,1,5,,0
2628,  5/24/2022 1:15,3,1,Default_no,0,0,0,0,1,1,3,0,29,0,3,1,2,1,1,8,10,10,4,0,1,1,0,0,9,11,9,7,9,,1
2630,  5/24/2022 4:13,3,1,Trust_promise,1,0,0,0,0,1,4,1,54,1,4,1,2,1,1,2,1,11,3,1,0,0,1,0,10,10,10,10,10,1,0
2632,  5/24/2022 7:21,3,1,Default_yes,0,0,0,1,0,1,4,1,20,1,2,0,3,0,1,3,1,11,6,0,0,0,1,0,2,6,6,1,5,,1
2634, 5/25/2022 10:10,3,1,Trust,0,1,0,0,0,,6,1,27,0,2,0,1,1,0,1,1,11,7,0,0,0,1,0,3,9,10,11,11,,0
2636,  5/25/2022 8:19,3,1,Promise,0,0,1,0,0,1,2,1,34,0,4,1,1,1,1,5,1,9,8,0,1,0,0,1,9,10,9,8,5,1,0
2638,  5/24/2022 2:08,3,1,Promise,0,0,1,0,0,1,5,0,23,1,3,1,1,1,0,3,1,9,8,0,0,0,0,1,9,11,10,11,9,1,0
2640, 5/24/2022 11:10,3,1,Default_no,0,0,0,0,1,1,3,1,45,1,3,1,1,1,1,2,9,9,9,1,0,1,0,1,11,11,11,11,11,,1
2642,  5/24/2022 7:55,3,1,Trust,0,1,0,0,0,,4,1,36,1,2,0,1,1,0,7,6,9,7,1,1,1,0,0,11,11,11,9,10,,0
2644, 5/24/2022 10:50,3,1,Trust_promise,1,0,0,0,0,1,6,1,25,0,3,1,1,1,0,1,6,6,6,0,0,1,0,0,11,11,9,3,10,1,0
2646,  5/25/2022 9:58,3,1,Control,0,0,0,0,0,,5,0,38,0,2,0,1,1,1,8,8,10,8,1,1,1,0,1,11,11,11,7,10,0,0
2648,  5/24/2022 2:08,3,1,Trust_promise,1,0,0,0,0,1,3,0,20,1,2,0,1,1,0,5,7,7,7,0,1,1,0,0,10,10,11,10,10,1,0
2650, 5/24/2022 12:48,3,1,Default_yes,0,0,0,1,0,1,6,0,31,0,2,0,2,1,0,1,1,11,8,0,0,0,1,1,11,6,11,1,6,,1
2652,  5/24/2022 3:53,3,1,Trust_promise,1,0,0,0,0,1,5,0,36,0,4,1,1,1,1,6,1,11,6,1,1,0,1,0,9,9,10,3,1,1,0
2654,  5/24/2022 1:13,3,1,Default_no,0,0,0,0,1,1,5,1,24,1,3,1,1,1,0,2,1,11,9,0,0,0,1,1,11,11,11,11,11,,1
2656, 5/24/2022 11:09,3,1,Promise,0,0,1,0,0,1,4,0,49,1,2,0,3,0,0,5,2,9,7,1,1,0,0,0,2,11,9,11,8,1,0
2658,  5/24/2022 7:47,3,1,Trust,0,1,0,0,0,,1,0,43,1,4,1,2,1,0,1,11,11,9,1,0,1,1,1,11,11,11,11,11,,0
2660, 5/25/2022 12:19,3,1,Trust_promise,1,0,0,0,0,1,4,0,20,0,2,0,2,1,0,3,4,8,7,0,0,0,0,0,9,10,9,9,10,1,0
2662, 5/24/2022 11:41,3,1,Default_no,0,0,0,0,1,1,3,0,32,0,4,1,1,1,0,6,11,1,6,0,1,1,0,0,6,9,8,7,6,,1
2664,  5/24/2022 4:16,3,1,Control,0,0,0,0,0,,3,1,30,1,2,0,2,1,0,3,1,11,6,0,0,0,1,0,10,11,11,11,10,0,0
2666,  5/24/2022 2:58,3,1,Default_yes,0,0,0,1,0,1,1,0,66,1,4,1,2,1,1,10,11,11,10,1,1,1,1,1,10,11,10,10,10,,1
2668, 5/24/2022 11:39,3,1,Promise,0,0,1,0,0,1,3,1,50,0,2,0,1,1,1,6,9,9,6,1,1,1,0,0,11,11,11,9,11,1,0
2670, 5/24/2022 11:40,3,1,Trust,0,1,0,0,0,,1,1,55,1,4,1,1,1,1,9,11,11,9,1,1,1,1,1,11,11,11,11,11,,0
2672,  5/24/2022 1:10,3,1,Trust_promise,1,0,0,0,0,1,1,1,31,0,3,1,2,1,1,3,1,11,8,0,0,0,1,1,10,10,6,3,9,1,0
2674,  5/24/2022 7:05,3,1,Trust,0,1,0,0,0,,1,1,20,0,2,0,3,0,0,6,4,11,8,0,1,0,1,1,9,10,9,10,10,,0
2676,  5/24/2022 5:35,3,1,Control,0,0,0,0,0,,4,1,37,1,3,1,1,1,0,6,8,11,7,1,1,1,1,0,11,11,11,11,11,0,0
2678, 5/24/2022 12:30,3,1,Promise,0,0,1,0,0,1,3,1,32,1,2,0,3,0,0,1,1,8,4,0,0,0,0,0,11,11,11,11,10,1,0
2680,  5/24/2022 4:44,3,1,Promise,0,0,1,0,0,1,3,1,35,0,3,1,1,1,1,2,11,11,3,1,0,1,1,0,9,11,11,6,11,1,0
2682,  5/24/2022 4:03,3,1,Promise,0,0,1,0,0,1,5,0,40,1,3,1,3,0,0,1,7,9,8,1,0,1,0,1,7,11,11,4,11,1,0
2684,  5/24/2022 8:43,3,1,Promise,0,0,1,0,0,1,6,1,21,0,2,0,1,1,0,8,1,9,1,0,1,0,0,0,11,11,11,11,10,1,0
2686, 5/24/2022 11:38,3,1,Default_no,0,0,0,0,1,1,3,0,46,0,4,1,1,1,1,6,11,7,9,1,1,1,0,1,11,11,11,11,11,,1
2688,  5/24/2022 1:55,3,1,Control,0,0,0,0,0,,2,0,58,1,2,0,3,0,0,1,11,11,6,1,0,1,1,0,11,11,11,11,11,0,0
2690, 5/24/2022 11:39,3,1,Default_yes,0,0,0,1,0,1,4,1,30,1,2,0,1,1,1,7,11,11,6,0,1,1,1,0,11,11,11,11,11,,1
2692, 5/24/2022 11:49,3,1,Trust,0,1,0,0,0,,2,0,28,0,3,1,1,1,0,1,8,10,4,0,0,1,0,0,11,6,9,5,6,,0
2694, 5/24/2022 11:25,3,1,Control,0,0,0,0,0,,2,1,44,1,4,1,1,1,1,4,11,9,6,1,0,1,0,0,11,11,11,11,11,0,0
2696,  5/25/2022 6:32,3,1,Default_no,0,0,0,0,1,1,4,0,42,0,3,1,1,1,0,4,1,8,5,1,0,0,0,0,7,9,10,9,5,,1
2698, 5/24/2022 12:50,3,1,Default_no,0,0,0,0,1,1,5,0,36,0,3,1,1,1,0,6,1,11,6,1,1,0,1,0,9,10,8,9,7,,1
2700,  5/24/2022 5:31,3,1,Default_no,0,0,0,0,1,1,5,1,20,1,2,0,3,0,0,6,1,11,5,0,1,0,1,0,11,11,10,10,11,,1
2702, 5/24/2022 12:57,3,1,Trust,0,1,0,0,0,,6,1,39,0,2,0,1,1,1,7,6,10,4,1,1,1,0,0,6,7,8,6,8,,0
2704, 5/24/2022 12:56,3,1,Default_yes,0,0,0,1,0,1,4,0,44,0,3,1,1,1,1,6,11,7,6,1,1,1,0,0,11,11,11,6,11,,1
2706, 5/24/2022 11:16,3,1,Trust_promise,1,0,0,0,0,1,2,1,29,1,2,0,1,1,1,3,1,11,10,0,0,0,1,1,11,11,11,11,11,1,0
2708,  5/24/2022 2:23,3,1,Default_yes,0,0,0,1,0,1,1,0,38,0,2,0,3,0,0,3,1,11,9,1,0,0,1,1,11,11,11,11,11,,1
2710, 5/24/2022 12:46,3,1,Control,0,0,0,0,0,,1,0,41,1,3,1,1,1,1,2,7,9,5,1,0,1,0,0,6,9,9,6,6,0,0
2712,  5/24/2022 2:56,3,1,Trust_promise,1,0,0,0,0,1,2,0,57,0,3,1,2,1,1,5,11,5,6,1,1,1,0,0,11,11,11,1,1,1,0
2714,  5/24/2022 8:19,3,1,Trust_promise,1,0,0,0,0,1,4,0,33,0,3,1,1,1,1,6,11,11,6,0,1,1,1,0,11,11,11,10,11,1,0
2716,  5/24/2022 5:19,3,1,Trust,0,1,0,0,0,,4,0,35,0,3,1,2,1,1,10,11,11,6,1,1,1,1,0,11,11,7,9,8,,0
2718, 5/24/2022 12:37,3,1,Promise,0,0,1,0,0,1,6,1,28,1,3,1,1,1,1,1,1,11,11,0,0,0,1,1,11,11,11,1,11,1,0
2720,  5/24/2022 4:50,3,1,Trust_promise,1,0,0,0,0,1,1,0,35,0,5,1,2,1,1,7,1,10,4,1,1,0,0,0,9,11,11,7,3,1,0
2722, 5/24/2022 12:50,3,1,Trust,0,1,0,0,0,,1,1,34,0,3,1,1,1,0,8,11,11,7,0,1,1,1,0,8,6,6,1,5,,0
2724,  5/24/2022 5:31,3,1,Trust,0,1,0,0,0,,2,0,38,0,3,1,1,1,1,2,7,7,8,1,0,1,0,1,9,10,10,7,9,,0
2726,  5/24/2022 4:32,3,1,Trust,0,1,0,0,0,,3,0,42,1,2,0,1,1,0,2,11,11,7,1,0,1,1,0,11,11,11,10,10,,0
2728,  5/25/2022 7:14,3,1,Default_yes,0,0,0,1,0,1,6,1,34,0,2,0,1,1,1,3,1,9,9,0,0,0,0,1,10,11,11,10,11,,1
2730, 5/24/2022 12:54,3,1,Trust,0,1,0,0,0,,4,0,31,0,2,0,1,1,1,11,11,11,6,0,1,1,1,0,11,11,11,11,11,,0
2732,  5/24/2022 2:14,3,1,Control,0,0,0,0,0,,4,1,20,0,2,0,2,1,0,6,9,10,7,0,1,1,0,0,11,10,10,11,9,0,0
2734,  5/25/2022 9:16,3,1,Trust,0,1,0,0,0,,1,1,65,0,3,1,1,1,0,1,1,11,3,1,0,0,1,0,11,1,1,1,1,,0
2736, 5/24/2022 10:11,3,1,Control,0,0,0,0,0,,4,0,23,1,3,1,3,0,0,5,11,9,4,0,1,1,0,0,9,7,9,8,9,0,0
2738,  5/24/2022 4:53,3,1,Promise,0,0,1,0,0,1,1,1,27,1,4,1,1,1,1,1,2,11,5,0,0,0,1,0,6,5,8,3,6,1,0
2740, 5/24/2022 11:57,3,1,Default_no,0,0,0,0,1,1,2,0,37,0,2,0,1,1,0,4,1,5,4,1,0,0,0,0,8,10,10,5,6,,1
2742,  5/24/2022 4:23,3,1,Promise,0,0,1,0,0,1,6,0,31,1,3,1,1,1,1,4,4,5,5,0,0,0,0,0,9,10,9,9,9,1,0
2744, 5/24/2022 11:49,3,1,Control,0,0,0,0,0,,2,1,19,1,2,0,1,1,0,1,1,11,11,0,0,0,1,1,1,6,6,4,6,0,0
2746,  5/24/2022 1:39,3,1,Promise,0,0,1,0,0,1,2,0,42,1,2,0,1,1,1,6,4,10,6,1,1,0,0,0,9,11,11,10,4,1,0
2748,  5/24/2022 2:49,3,1,Default_yes,0,0,0,1,0,1,2,0,41,1,3,1,1,1,1,4,9,11,10,1,0,1,1,1,7,10,10,11,8,,1
2750,  5/24/2022 2:39,3,1,Control,0,0,0,0,0,,3,1,33,1,2,0,3,0,0,7,11,11,8,0,1,1,1,1,11,11,11,1,11,0,0
2752,  5/24/2022 2:50,3,1,Default_no,0,0,0,0,1,1,5,0,21,1,3,1,2,1,0,1,7,8,6,0,0,1,0,0,9,9,10,11,4,,1
2754,  5/24/2022 6:48,3,1,Control,0,0,0,0,0,,1,1,37,1,3,1,1,1,1,6,6,8,4,1,1,1,0,0,6,11,11,10,9,0,0
2756,  5/25/2022 6:52,3,1,Trust_promise,1,0,0,0,0,1,6,0,49,0,3,1,1,1,1,9,1,11,7,1,1,0,1,0,9,10,10,8,9,1,0
2758, 5/24/2022 11:59,3,1,Trust,0,1,0,0,0,,6,0,31,0,3,1,1,1,1,5,5,11,5,0,1,0,1,0,9,11,10,8,10,,0
2760, 5/24/2022 11:53,3,1,Trust_promise,1,0,0,0,0,1,4,0,39,0,2,0,1,1,1,4,3,9,8,1,0,0,0,1,10,11,11,10,9,1,0
2762, 5/24/2022 11:40,3,1,Trust_promise,1,0,0,0,0,1,6,0,31,0,3,1,1,1,0,8,1,11,7,0,1,0,1,0,11,11,11,11,8,1,0
2764,  5/24/2022 1:00,3,1,Default_yes,0,0,0,1,0,1,1,0,41,1,4,1,1,1,1,3,8,10,7,1,0,1,0,0,11,11,11,11,11,,1
2766,  5/24/2022 1:39,3,1,Default_yes,0,0,0,1,0,1,4,1,38,0,2,0,1,1,1,4,3,11,6,1,0,0,1,0,11,11,11,11,11,,1
2768,  5/24/2022 8:00,3,1,Control,0,0,0,0,0,,2,0,21,1,2,0,3,0,0,1,11,11,3,0,0,1,1,0,9,11,10,10,8,0,0
2770,  5/24/2022 8:06,3,1,Promise,0,0,1,0,0,1,4,1,31,0,3,1,1,1,1,1,1,9,5,0,0,0,0,0,1,1,6,1,1,1,0
2772,  5/24/2022 2:25,3,1,Control,0,0,0,0,0,,3,1,40,0,2,0,1,1,0,5,2,8,6,1,1,0,0,0,8,11,11,10,11,0,0
2774, 5/24/2022 12:24,3,1,Default_yes,0,0,0,1,0,1,3,1,44,0,2,0,3,0,0,11,11,11,9,1,1,1,1,1,11,11,11,11,11,,1
2776,  5/24/2022 8:10,3,1,Promise,0,0,1,0,0,1,1,0,42,0,5,1,2,1,1,6,11,11,6,1,1,1,1,0,11,1,11,6,6,1,0
2778,  5/24/2022 3:41,3,1,Default_no,0,0,0,0,1,1,1,0,38,0,4,1,2,1,1,3,2,10,8,1,0,0,0,1,10,10,10,11,6,,1
2780, 5/24/2022 11:16,3,1,Default_yes,0,0,0,1,0,1,2,1,25,1,2,0,3,0,0,4,8,9,5,0,0,1,0,0,10,10,11,11,9,,1
2782,  5/24/2022 2:28,3,1,Default_no,0,0,0,0,1,1,3,1,28,1,4,1,2,1,1,1,3,9,7,0,0,0,0,0,10,11,10,10,10,,1
2784, 5/24/2022 11:02,3,1,Promise,0,0,1,0,0,1,6,0,33,0,3,1,2,1,0,1,1,6,7,0,0,0,0,0,11,11,11,11,11,1,0
2786,  5/25/2022 8:16,3,1,Default_yes,0,0,0,1,0,1,6,1,22,0,2,0,2,1,0,7,4,9,8,0,1,0,0,1,10,9,9,10,5,,1
2788,  5/25/2022 2:52,3,1,Trust_promise,1,0,0,0,0,1,1,1,40,1,3,1,2,1,1,1,1,11,2,1,0,0,1,0,11,11,9,1,11,1,0
2790, 5/24/2022 12:18,3,1,Trust,0,1,0,0,0,,3,1,29,1,2,0,3,0,0,6,1,8,3,0,1,0,0,0,6,2,10,10,10,,0
2792, 5/24/2022 11:54,3,1,Promise,0,0,1,0,0,1,4,1,27,0,2,0,1,1,0,5,11,8,6,0,1,1,0,0,11,11,11,11,11,1,0
2794,  5/25/2022 6:37,3,1,Default_yes,0,0,0,1,0,1,4,1,33,0,5,1,1,1,1,5,1,10,10,0,1,0,0,1,7,9,11,11,11,,1
2796, 5/24/2022 12:28,3,1,Control,0,0,0,0,0,,5,0,60,1,3,1,1,1,0,1,11,11,8,1,0,1,1,1,7,11,11,11,11,0,0
2798, 5/24/2022 11:45,3,1,Default_yes,0,0,0,1,0,1,3,1,38,0,3,1,3,0,0,6,2,6,2,1,1,0,0,0,1,1,1,1,1,,1
2800, 5/24/2022 12:10,3,1,Trust_promise,1,0,0,0,0,1,3,0,40,1,4,1,1,1,1,3,2,8,2,1,0,0,0,0,11,11,11,11,6,1,0
2802, 5/24/2022 11:05,3,1,Trust_promise,1,0,0,0,0,1,6,1,23,0,3,1,2,1,1,2,1,7,6,0,0,0,0,0,10,8,10,11,9,1,0
2804,  5/24/2022 4:25,3,1,Trust,0,1,0,0,0,,5,0,50,0,4,1,1,1,1,1,6,10,7,1,0,1,0,0,7,10,11,10,10,,0
2806, 5/24/2022 12:46,3,1,Promise,0,0,1,0,0,1,4,0,51,0,2,0,1,1,1,7,10,9,7,1,1,1,0,0,7,10,10,1,6,1,0
2808, 5/24/2022 12:13,3,1,Trust,0,1,0,0,0,,4,0,39,1,2,0,1,1,0,9,11,11,5,1,1,1,1,0,11,11,11,11,11,,0
2810, 5/24/2022 12:45,3,1,Control,0,0,0,0,0,,6,1,56,1,2,0,1,1,1,3,6,9,8,1,0,1,0,1,10,11,11,10,10,0,0
2812,  5/24/2022 2:51,3,1,Default_yes,0,0,0,1,0,1,2,0,23,1,3,1,2,1,1,1,4,9,3,0,0,0,0,0,11,11,11,11,11,,1
2814,  5/24/2022 1:08,3,1,Control,0,0,0,0,0,,5,1,22,0,3,1,3,0,0,8,6,9,4,0,1,1,0,0,9,10,10,10,9,0,0
2816,  5/24/2022 6:30,3,1,Control,0,0,0,0,0,,6,1,23,1,3,1,1,1,0,3,8,8,8,0,0,1,0,1,11,11,11,11,11,0,0
2818,  5/24/2022 6:47,3,1,Trust,0,1,0,0,0,,5,1,20,1,2,0,2,1,0,6,9,11,7,0,1,1,1,0,11,11,11,10,11,,0
2820,  5/24/2022 5:51,3,1,Promise,0,0,1,0,0,1,4,1,61,0,3,1,1,1,1,10,8,8,4,1,1,1,0,0,11,11,11,11,11,1,0
2822,  5/24/2022 1:20,3,1,Default_no,0,0,0,0,1,1,3,0,49,1,2,0,3,0,1,8,3,10,5,1,1,0,0,0,11,11,11,6,6,,1
2824,  5/24/2022 5:18,3,1,Promise,0,0,1,0,0,1,1,0,40,1,4,1,1,1,1,2,10,11,4,1,0,1,1,0,6,11,11,11,11,1,0
2826,  5/24/2022 3:46,3,1,Trust,0,1,0,0,0,,4,0,30,1,3,1,1,1,1,1,1,9,8,0,0,0,0,1,9,10,10,8,7,,0
2828, 5/24/2022 10:18,3,1,Control,0,0,0,0,0,,6,0,22,1,2,0,3,0,0,3,1,11,6,0,0,0,1,0,10,10,10,5,9,0,0
2830,  5/24/2022 7:50,3,1,Default_yes,0,0,0,1,0,1,5,1,33,1,3,1,2,1,1,6,9,9,9,0,1,1,0,1,10,9,10,9,9,,1
2832, 5/24/2022 12:08,3,1,Default_yes,0,0,0,1,0,1,6,1,21,1,2,0,2,1,0,2,6,9,5,0,0,1,0,0,7,8,9,8,9,,1
2834, 5/24/2022 11:57,3,1,Default_no,0,0,0,0,1,1,1,0,26,0,3,1,2,1,1,2,1,11,8,0,0,0,1,1,11,11,11,7,10,,1
2836,  5/24/2022 1:20,3,1,Default_no,0,0,0,0,1,1,6,1,36,0,3,1,1,1,1,7,2,10,3,1,1,0,0,0,10,10,9,8,10,,1
2838,  5/24/2022 3:40,3,1,Trust,0,1,0,0,0,,4,0,27,0,3,1,1,1,0,5,10,9,9,0,1,1,0,1,9,11,10,10,11,,0
2840, 5/24/2022 12:02,3,1,Control,0,0,0,0,0,,6,0,24,1,3,1,2,1,0,1,1,7,5,0,0,0,0,0,9,11,11,8,6,0,0
2842,  5/24/2022 7:14,3,1,Promise,0,0,1,0,0,1,1,0,30,1,3,1,2,1,0,8,11,11,7,0,1,1,1,0,11,11,11,10,10,1,0
2844,  5/24/2022 3:25,3,1,Trust_promise,1,0,0,0,0,1,5,1,26,0,3,1,2,1,0,3,4,9,7,0,0,0,0,0,9,10,11,11,11,1,0
2846,  5/24/2022 2:00,3,1,Trust,0,1,0,0,0,,1,1,18,1,2,0,1,1,0,1,9,9,7,0,0,1,0,0,9,7,8,4,1,,0
2848,  5/24/2022 1:29,3,1,Promise,0,0,1,0,0,1,3,1,20,1,2,0,3,0,0,2,8,9,8,0,0,1,0,1,11,10,10,11,10,1,0
2850, 5/24/2022 12:57,3,1,Trust_promise,1,0,0,0,0,1,1,0,35,0,2,0,2,1,1,3,1,11,5,1,0,0,1,0,11,11,11,11,11,1,0
2852,  5/24/2022 2:02,3,1,Control,0,0,0,0,0,,6,0,27,1,3,1,2,1,0,4,4,7,7,0,0,0,0,0,7,7,9,6,6,0,0
2854, 5/24/2022 10:50,3,1,Default_no,0,0,0,0,1,1,2,0,33,0,5,1,1,1,1,6,11,8,6,0,1,1,0,0,2,7,7,4,5,,1
2856,  5/24/2022 6:46,3,1,Default_yes,0,0,0,1,0,1,4,1,37,1,3,1,1,1,1,9,11,11,11,1,1,1,1,1,11,11,11,1,8,,1
2858,  5/24/2022 6:42,3,1,Trust,0,1,0,0,0,,6,0,36,1,2,0,3,0,0,1,6,10,8,1,0,1,0,1,1,11,11,11,11,,0
2860, 5/24/2022 10:37,3,1,Trust_promise,1,0,0,0,0,1,5,1,26,0,3,1,1,1,0,3,2,10,7,0,0,0,0,0,6,5,5,2,4,1,0
2862,  5/24/2022 4:18,3,1,Default_yes,0,0,0,1,0,1,3,1,41,1,2,0,2,1,1,6,1,11,1,1,1,0,1,0,9,9,9,11,11,,1
2864,  5/24/2022 1:41,3,1,Control,0,0,0,0,0,,6,0,29,0,2,0,2,1,1,6,6,11,1,0,1,1,1,0,11,11,11,1,11,0,0
2866,  5/24/2022 3:01,3,1,Control,0,0,0,0,0,,2,0,39,0,3,1,1,1,1,1,1,11,4,1,0,0,1,0,11,11,11,11,11,0,0
2868,  5/24/2022 5:37,3,1,Default_no,0,0,0,0,1,1,4,0,27,0,3,1,1,1,1,1,11,11,11,0,0,1,1,1,1,1,11,1,3,,1
2870,  5/24/2022 2:16,3,1,Trust_promise,1,0,0,0,0,1,4,0,25,1,3,1,2,1,1,9,11,11,6,0,1,1,1,0,11,11,11,11,11,1,0
2872,  5/24/2022 3:57,3,1,Default_yes,0,0,0,1,0,1,4,0,28,0,3,1,1,1,1,3,1,11,5,0,0,0,1,0,1,4,7,3,4,,1
2874, 5/24/2022 10:52,3,1,Default_yes,0,0,0,1,0,1,5,0,19,1,2,0,2,1,0,4,1,11,9,0,0,0,1,1,9,11,11,11,8,,1
2876,  5/24/2022 1:29,3,1,Default_yes,0,0,0,1,0,1,4,0,23,1,3,1,2,1,0,1,2,4,5,0,0,0,0,0,11,11,11,11,11,,1
2878,  5/24/2022 2:19,3,1,Default_no,0,0,0,0,1,1,5,0,36,0,2,0,2,1,1,5,6,6,6,1,1,1,0,0,6,6,6,6,5,,1
2880, 5/24/2022 10:33,3,1,Trust_promise,1,0,0,0,0,1,5,0,51,1,3,1,3,0,1,6,9,6,7,1,1,1,0,0,10,10,10,10,9,1,0
2882, 5/24/2022 12:47,3,1,Trust,0,1,0,0,0,,1,0,38,1,3,1,1,1,1,1,11,11,7,1,0,1,1,0,11,11,11,11,11,,0
2884, 5/24/2022 10:15,3,1,Default_no,0,0,0,0,1,1,2,0,30,0,3,1,1,1,0,1,1,9,2,0,0,0,0,0,9,7,7,3,4,,1
2886,  5/24/2022 1:40,3,1,Default_yes,0,0,0,1,0,1,2,1,45,0,3,1,1,1,1,6,11,9,6,1,1,1,0,0,6,7,9,2,3,,1
2888,  5/24/2022 3:38,3,1,Default_no,0,0,0,0,1,1,6,0,32,0,4,1,1,1,1,1,1,9,7,0,0,0,0,0,10,10,10,10,10,,1
2890, 5/24/2022 12:54,3,1,Default_yes,0,0,0,1,0,1,1,0,49,1,2,0,1,1,1,6,2,11,1,1,1,0,1,0,11,11,11,11,11,,1
2892,  5/24/2022 1:24,3,1,Default_yes,0,0,0,1,0,1,1,1,22,0,2,0,1,1,1,4,2,11,8,0,0,0,1,1,11,11,11,10,11,,1
2894,  5/24/2022 3:14,3,1,Trust_promise,1,0,0,0,0,1,2,1,33,0,2,0,2,1,0,5,2,9,8,0,1,0,0,1,11,11,11,6,11,1,0
2896,  5/24/2022 4:38,3,1,Control,0,0,0,0,0,,6,1,30,1,4,1,2,1,1,3,1,10,9,0,0,0,0,1,9,10,10,9,10,0,0
2898,  5/24/2022 3:41,3,1,Trust_promise,1,0,0,0,0,1,2,0,31,1,3,1,1,1,1,3,2,9,8,0,0,0,0,1,5,9,9,5,8,1,0
2900,  5/24/2022 1:10,3,1,Default_no,0,0,0,0,1,1,3,0,23,1,3,1,2,1,0,1,1,9,5,0,0,0,0,0,9,9,10,11,1,,1
2902, 5/24/2022 11:45,3,1,Default_yes,0,0,0,1,0,1,3,1,29,0,2,0,2,1,1,6,6,9,6,0,1,1,0,0,11,10,10,11,10,,1
2904,  5/24/2022 4:23,3,1,Default_yes,0,0,0,1,0,1,2,0,18,1,2,0,3,0,0,1,3,8,6,0,0,0,0,0,6,9,7,7,11,,1
2906, 5/24/2022 11:18,3,1,Trust_promise,1,0,0,0,0,1,6,1,46,1,3,1,2,1,0,1,1,8,4,1,0,0,0,0,11,11,11,7,10,1,0
2908, 5/24/2022 12:40,3,1,Control,0,0,0,0,0,,3,0,34,1,2,0,2,1,0,6,8,11,9,0,1,1,1,1,11,11,11,11,11,0,0
2910, 5/24/2022 12:24,3,1,Trust,0,1,0,0,0,,5,0,28,0,3,1,1,1,0,5,11,11,8,0,1,1,1,1,8,11,11,9,9,,0
2912,  5/24/2022 6:39,3,1,Trust_promise,1,0,0,0,0,1,1,0,45,1,4,1,2,1,1,10,11,10,7,1,1,1,0,0,6,8,9,11,10,1,0
2914,  5/24/2022 7:30,3,1,Promise,0,0,1,0,0,1,5,1,38,1,3,1,2,1,1,4,3,7,6,1,0,0,0,0,10,10,11,8,11,1,0
2916,  5/24/2022 2:00,3,1,Default_yes,0,0,0,1,0,1,3,0,35,1,2,0,2,1,0,1,11,8,6,1,0,1,0,0,11,11,11,11,11,,1
2918,  5/24/2022 1:29,3,1,Trust,0,1,0,0,0,,1,0,24,1,3,1,2,1,0,4,2,10,7,0,0,0,0,0,6,6,6,2,6,,0
2920,  5/24/2022 1:02,3,1,Promise,0,0,1,0,0,1,3,0,48,1,2,0,3,0,0,6,11,10,6,1,1,1,0,0,11,11,11,11,11,1,0
2922,  5/24/2022 1:35,3,1,Default_no,0,0,0,0,1,1,5,0,23,1,2,0,1,1,0,1,1,11,8,0,0,0,1,1,7,11,11,11,6,,1
2924,  5/24/2022 2:59,3,1,Trust_promise,1,0,0,0,0,1,4,0,26,0,2,0,1,1,1,1,11,11,9,0,0,1,1,1,11,11,11,11,11,1,0
2926,  5/24/2022 2:55,3,1,Trust_promise,1,0,0,0,0,1,2,1,30,1,2,0,1,1,0,1,2,10,7,0,0,0,0,0,9,10,9,9,9,1,0
2928,  5/25/2022 3:38,3,1,Promise,0,0,1,0,0,1,5,0,49,0,4,1,2,1,1,8,1,7,5,1,1,0,0,0,7,7,8,6,6,1,0
2930,  5/24/2022 3:30,3,1,Promise,0,0,1,0,0,1,5,0,29,1,4,1,1,1,1,6,9,9,2,0,1,1,0,0,11,11,11,1,6,1,0
2932,  5/24/2022 6:45,3,1,Trust_promise,1,0,0,0,0,1,2,0,44,0,3,1,1,1,1,3,1,8,7,1,0,0,0,0,5,5,8,4,7,1,0
2934,  5/24/2022 4:26,3,1,Default_yes,0,0,0,1,0,1,1,0,30,1,4,1,2,1,1,2,1,9,9,0,0,0,0,1,11,11,11,9,10,,1
2936,  5/25/2022 5:41,3,1,Trust,0,1,0,0,0,,2,0,35,0,3,1,2,1,1,5,3,8,4,1,1,0,0,0,2,4,7,3,4,,0
2938,  5/25/2022 6:43,3,1,Default_yes,0,0,0,1,0,1,4,1,31,0,4,1,1,1,1,7,11,11,6,0,1,1,1,0,11,11,11,11,6,,1
2940,  5/24/2022 7:25,3,1,Default_yes,0,0,0,1,0,1,3,0,24,0,2,0,2,1,0,9,1,11,7,0,1,0,1,0,10,5,8,5,8,,1
2942,  5/24/2022 1:09,3,1,Trust,0,1,0,0,0,,1,1,26,1,3,1,1,1,1,5,3,7,6,0,1,0,0,0,9,10,9,9,7,,0
2944,  5/24/2022 2:28,3,1,Trust_promise,1,0,0,0,0,1,5,1,21,0,2,0,1,1,0,1,6,11,6,0,0,1,1,0,11,11,11,11,11,1,0
2946,  5/24/2022 6:33,3,1,Trust,0,1,0,0,0,,1,0,39,0,3,1,1,1,1,6,2,10,7,1,1,0,0,0,11,11,11,11,11,,0
2948, 5/24/2022 12:22,3,1,Default_yes,0,0,0,1,0,1,4,0,27,0,2,0,1,1,1,6,11,11,4,0,1,1,1,0,2,11,11,2,1,,1
2950,  5/24/2022 6:44,3,1,Promise,0,0,1,0,0,1,5,0,34,1,4,1,2,1,1,7,9,11,8,0,1,1,1,1,11,11,11,11,10,1,0
2952, 5/24/2022 12:57,3,1,Trust_promise,1,0,0,0,0,1,5,1,45,1,3,1,1,1,1,11,1,6,4,1,1,0,0,0,1,1,1,1,1,1,0
2954, 5/24/2022 11:58,3,1,Trust,0,1,0,0,0,,2,0,51,1,3,1,1,1,1,6,11,11,8,1,1,1,1,1,6,6,6,6,6,,0
2956,  5/24/2022 5:08,3,1,Trust,0,1,0,0,0,,2,1,34,1,2,0,2,1,1,2,1,11,6,0,0,0,1,0,11,11,11,11,11,,0
2958, 5/24/2022 11:16,3,1,Default_yes,0,0,0,1,0,1,4,1,26,0,3,1,1,1,0,1,1,4,4,0,0,0,0,0,11,11,11,4,4,,1
2960, 5/24/2022 12:17,3,1,Trust_promise,1,0,0,0,0,1,6,0,45,0,2,0,2,1,0,7,2,11,1,1,1,0,1,0,6,11,11,11,11,1,0
2962, 5/24/2022 10:13,3,1,Trust,0,1,0,0,0,,1,0,38,0,3,1,1,1,1,5,2,9,9,1,1,0,0,1,3,10,8,1,8,,0
2964, 5/24/2022 12:33,3,1,Promise,0,0,1,0,0,1,4,0,48,0,2,0,1,1,1,9,11,11,8,1,1,1,1,1,11,11,11,11,7,1,0
2966,  5/24/2022 6:04,3,1,Default_yes,0,0,0,1,0,1,4,1,40,0,3,1,2,1,1,6,11,11,9,1,1,1,1,1,11,11,11,9,9,,1
2968,  5/25/2022 6:03,3,1,Control,0,0,0,0,0,,4,1,28,0,3,1,2,1,1,4,2,7,8,0,0,0,0,1,11,11,11,11,7,0,0
2970,  5/24/2022 3:27,3,1,Trust_promise,1,0,0,0,0,1,4,1,29,0,3,1,1,1,1,8,9,7,8,0,1,1,0,1,11,6,9,6,8,1,0
2972, 5/24/2022 12:00,3,1,Control,0,0,0,0,0,,3,1,25,1,3,1,3,0,0,5,1,5,5,0,1,0,0,0,6,7,7,6,6,0,0
2974,  5/25/2022 8:53,3,1,Control,0,0,0,0,0,,1,0,51,0,3,1,3,0,0,9,2,9,8,1,1,0,0,1,9,8,9,9,7,0,0
2976,  5/24/2022 3:58,3,1,Default_no,0,0,0,0,1,1,6,1,31,0,3,1,3,0,0,6,1,3,4,0,1,0,0,0,1,1,1,1,1,,1
2978,  5/24/2022 3:15,3,1,Default_no,0,0,0,0,1,1,6,1,25,1,2,0,3,0,0,6,10,11,10,0,1,1,1,1,11,11,11,10,10,,1
2980, 5/24/2022 12:27,3,1,Default_yes,0,0,0,1,0,1,4,0,23,0,3,1,1,1,1,7,9,10,8,0,1,1,0,1,5,11,11,8,6,,1
2982, 5/24/2022 12:54,3,1,Control,0,0,0,0,0,,6,0,56,1,4,1,1,1,1,5,9,11,10,1,1,1,1,1,11,11,11,11,11,0,0
2984, 5/24/2022 12:50,3,1,Promise,0,0,1,0,0,1,5,0,29,1,3,1,1,1,1,6,2,8,6,0,1,0,0,0,11,11,11,9,10,1,0
2986, 5/24/2022 12:18,3,1,Promise,0,0,1,0,0,1,2,1,55,1,3,1,1,1,1,3,6,9,9,1,0,1,0,1,11,11,11,11,8,1,0
2988,  5/24/2022 1:17,3,1,Trust,0,1,0,0,0,,1,0,24,0,2,0,3,0,0,5,7,9,4,0,1,1,0,0,11,11,11,11,11,,0
2990, 5/24/2022 11:05,3,1,Trust,0,1,0,0,0,,6,0,21,1,2,0,2,1,0,2,4,8,6,0,0,0,0,0,11,10,11,5,11,,0
2992, 5/24/2022 12:05,3,1,Promise,0,0,1,0,0,1,6,0,55,1,5,1,1,1,1,6,10,8,7,1,1,1,0,0,8,8,10,10,10,1,0
2994,  5/24/2022 4:59,3,1,Promise,0,0,1,0,0,1,6,1,31,0,3,1,1,1,1,9,9,8,9,0,1,1,0,1,9,7,8,9,8,1,0
2996,  5/24/2022 1:02,3,1,Trust_promise,1,0,0,0,0,1,4,0,46,0,3,1,1,1,1,8,1,11,4,1,1,0,1,0,1,8,11,11,11,1,0
2998,  5/24/2022 6:58,3,1,Trust,0,1,0,0,0,,3,1,57,0,3,1,1,1,1,10,11,9,8,1,1,1,0,1,11,11,11,11,11,,0
3000, 5/24/2022 12:00,3,1,Control,0,0,0,0,0,,5,0,53,0,2,0,1,1,0,9,10,9,7,1,1,1,0,0,8,7,10,2,7,0,0
3002, 5/24/2022 12:43,3,1,Trust,0,1,0,0,0,,3,0,19,1,2,0,1,1,0,2,1,2,10,0,0,0,0,1,4,10,9,8,7,,0
3004, 5/24/2022 11:40,3,1,Promise,0,0,1,0,0,1,6,1,35,1,2,0,1,1,0,1,1,6,8,1,0,0,0,1,11,11,11,11,10,1,0
3006,  5/24/2022 2:50,3,1,Default_no,0,0,0,0,1,1,3,0,21,1,2,0,2,1,0,3,11,11,8,0,0,1,1,1,11,11,11,11,11,,1
3008, 5/24/2022 11:57,3,1,Control,0,0,0,0,0,,5,0,52,0,4,1,1,1,1,9,9,6,3,1,1,1,0,0,10,11,11,11,11,0,0
3010,  5/25/2022 3:30,3,1,Trust_promise,1,0,0,0,0,1,2,1,24,0,2,0,1,1,1,6,11,11,1,0,1,1,1,0,11,11,8,1,1,1,0
3012,  5/24/2022 2:59,3,1,Promise,0,0,1,0,0,1,3,0,32,0,3,1,1,1,1,3,8,7,7,0,0,1,0,0,8,9,9,6,7,1,0
3014, 5/24/2022 11:34,3,1,Trust_promise,1,0,0,0,0,1,6,1,20,0,2,0,1,1,0,1,4,10,6,0,0,0,0,0,5,5,6,4,4,1,0
3016, 5/24/2022 11:41,3,1,Trust_promise,1,0,0,0,0,1,6,0,51,0,3,1,1,1,1,3,1,10,9,1,0,0,0,1,11,11,11,10,11,1,0
3018,  5/24/2022 3:43,3,1,Promise,0,0,1,0,0,1,3,1,52,1,2,0,3,0,0,3,2,11,9,1,0,0,1,1,11,11,11,11,11,1,0
3020,  5/24/2022 4:57,3,1,Default_yes,0,0,0,1,0,1,2,0,27,1,2,0,3,0,1,9,4,11,6,0,1,0,1,0,11,11,11,9,10,,1
3022, 5/24/2022 11:41,3,1,Promise,0,0,1,0,0,1,1,1,28,1,2,0,1,1,1,11,11,11,6,0,1,1,1,0,9,8,8,8,8,1,0
3024,  5/24/2022 4:19,3,1,Default_no,0,0,0,0,1,1,5,0,52,0,2,0,1,1,0,4,4,8,7,1,0,0,0,0,7,8,10,10,9,,1
3026,  5/24/2022 4:46,3,1,Trust,0,1,0,0,0,,1,1,20,0,2,0,1,1,0,1,8,5,9,0,0,1,0,1,8,4,10,9,9,,0
3028, 5/24/2022 12:47,3,1,Trust_promise,1,0,0,0,0,1,2,1,38,0,2,0,3,0,0,6,8,6,6,1,1,1,0,0,11,11,11,11,11,1,0
3030,  5/24/2022 6:38,3,1,Promise,0,0,1,0,0,1,3,0,40,1,3,1,1,1,1,1,1,11,7,1,0,0,1,0,9,7,7,2,6,1,0
3032,  5/24/2022 8:19,3,1,Trust,0,1,0,0,0,,6,1,26,0,2,0,1,1,1,3,9,9,8,0,0,1,0,1,9,9,9,10,11,,0
3034,  5/24/2022 4:11,3,1,Default_yes,0,0,0,1,0,1,4,0,45,0,2,0,3,0,0,6,6,8,1,1,1,1,0,0,10,10,10,10,6,,1
3036,  5/24/2022 9:56,3,1,Trust_promise,1,0,0,0,0,1,2,0,38,0,3,1,2,1,1,1,1,2,5,1,0,0,0,0,8,6,8,4,8,1,0
3038,  5/24/2022 3:54,3,1,Default_no,0,0,0,0,1,1,6,0,52,0,2,0,1,1,0,2,9,10,5,1,0,1,0,0,1,8,6,4,6,,1
3040, 5/24/2022 11:50,3,1,Trust_promise,1,0,0,0,0,1,5,0,38,1,4,1,2,1,1,1,3,6,7,1,0,0,0,0,9,8,9,9,11,1,0
3042, 5/24/2022 12:31,3,1,Default_yes,0,0,0,1,0,1,5,0,40,1,4,1,1,1,1,1,1,11,1,1,0,0,1,0,11,11,11,11,11,,1
3044, 5/24/2022 11:29,3,1,Trust,0,1,0,0,0,,4,1,35,0,4,1,1,1,1,8,10,9,8,1,1,1,0,1,9,9,9,3,9,,0
3046,  5/24/2022 6:22,3,1,Trust,0,1,0,0,0,,3,1,36,1,3,1,1,1,0,3,4,8,9,1,0,0,0,1,9,9,9,4,8,,0
3048,  5/24/2022 1:39,3,1,Trust_promise,1,0,0,0,0,1,2,0,64,1,3,1,3,0,1,1,1,10,7,1,0,0,0,0,10,10,10,6,10,1,0
3050,  5/24/2022 1:47,3,1,Promise,0,0,1,0,0,1,2,0,38,1,3,1,2,1,1,6,11,11,1,1,1,1,1,0,11,11,11,11,11,1,0
3052,  5/24/2022 4:50,3,1,Promise,0,0,1,0,0,1,3,1,21,1,2,0,1,1,0,6,11,6,6,0,1,1,0,0,11,11,11,11,11,1,0
3054, 5/24/2022 11:10,3,1,Default_no,0,0,0,0,1,1,1,0,29,1,3,1,3,0,0,2,1,5,4,0,0,0,0,0,11,11,11,11,7,,1
3056,  5/24/2022 9:29,3,1,Control,0,0,0,0,0,,3,0,69,0,2,0,3,0,1,10,11,9,8,1,1,1,0,1,6,10,9,4,8,0,0
3058,  5/25/2022 6:18,3,1,Control,0,0,0,0,0,,2,1,40,0,3,1,1,1,0,9,10,11,6,1,1,1,1,0,6,6,9,6,6,0,0
3060,  5/24/2022 8:04,3,1,Promise,0,0,1,0,0,1,2,1,33,0,4,1,1,1,1,5,9,11,8,0,1,1,1,1,11,11,11,9,11,1,0
3062,  5/24/2022 4:34,3,1,Default_no,0,0,0,0,1,1,3,1,38,1,2,0,1,1,1,7,2,8,4,1,1,0,0,0,11,11,11,11,11,,1
3064,  5/24/2022 2:34,3,1,Default_no,0,0,0,0,1,1,3,1,22,1,3,1,1,1,0,4,9,11,7,0,0,1,1,0,8,10,11,11,10,,1
3066, 5/24/2022 12:59,3,1,Trust,0,1,0,0,0,,1,1,34,0,2,0,1,1,0,9,11,11,8,0,1,1,1,1,9,11,11,8,11,,0
3068, 5/24/2022 11:22,3,1,Default_yes,0,0,0,1,0,1,6,0,34,0,2,0,3,0,1,3,1,9,7,0,0,0,0,0,10,11,10,10,9,,1
3070, 5/24/2022 11:12,3,1,Control,0,0,0,0,0,,5,1,26,0,2,0,3,0,0,2,2,9,8,0,0,0,0,1,11,11,11,11,11,0,0
3072,  5/24/2022 4:50,3,1,Promise,0,0,1,0,0,1,4,1,65,1,3,1,1,1,1,1,1,11,8,1,0,0,1,1,11,11,11,7,9,1,0
3074,  5/25/2022 2:53,3,1,Trust,0,1,0,0,0,,4,1,25,0,3,1,1,1,0,5,7,9,5,0,1,1,0,0,2,2,5,2,6,,0
3076, 5/24/2022 11:35,3,1,Control,0,0,0,0,0,,5,0,32,0,4,1,1,1,0,7,7,11,7,0,1,1,1,0,11,11,11,11,11,0,0
3078,  5/24/2022 4:49,3,1,Promise,0,0,1,0,0,1,2,0,58,1,3,1,1,1,1,11,11,11,8,1,1,1,1,1,9,11,11,11,8,1,0
3080,  5/24/2022 8:11,3,1,Trust_promise,1,0,0,0,0,1,5,1,27,0,2,0,3,0,0,1,2,11,9,0,0,0,1,1,8,11,11,11,10,1,0
3082,  5/24/2022 5:24,3,1,Control,0,0,0,0,0,,1,0,24,0,2,0,3,0,0,6,1,9,3,0,1,0,0,0,4,9,11,6,6,0,0
3084,  5/24/2022 4:31,3,1,Trust_promise,1,0,0,0,0,1,2,0,30,1,3,1,3,0,0,2,6,8,7,0,0,1,0,0,8,9,9,9,8,1,0
3086, 5/24/2022 12:24,3,1,Default_yes,0,0,0,1,0,1,1,1,30,1,3,1,1,1,1,6,3,9,9,0,1,0,0,1,11,11,11,11,11,,1
3088, 5/24/2022 11:04,3,1,Promise,0,0,1,0,0,1,2,0,29,1,3,1,1,1,1,4,11,8,7,0,0,1,0,0,11,10,10,9,11,1,0
3090, 5/24/2022 12:23,3,1,Control,0,0,0,0,0,,4,0,38,1,2,0,1,1,1,11,11,9,7,1,1,1,0,0,5,6,9,1,4,0,0
3092,  5/24/2022 7:06,3,1,Trust_promise,1,0,0,0,0,1,2,0,21,1,3,1,3,0,0,2,8,11,9,0,0,1,1,1,6,8,11,1,1,1,0
3094, 5/24/2022 12:05,3,1,Promise,0,0,1,0,0,1,1,1,24,0,3,1,1,1,1,1,5,9,8,0,0,0,0,1,9,8,8,6,9,1,0
3096, 5/24/2022 11:40,3,1,Default_no,0,0,0,0,1,1,6,0,35,0,3,1,1,1,1,10,11,10,4,1,1,1,0,0,9,9,10,9,8,,1
3098,  5/24/2022 6:35,3,1,Promise,0,0,1,0,0,1,6,0,28,1,3,1,1,1,1,6,8,7,10,0,1,1,0,1,11,11,11,10,11,1,0
3100,  5/24/2022 5:32,3,1,Trust,0,1,0,0,0,,5,0,57,0,2,0,3,0,0,1,11,9,7,1,0,1,0,0,8,8,8,4,5,,0
3102, 5/24/2022 12:10,3,1,Default_yes,0,0,0,1,0,1,4,0,38,1,2,0,3,0,0,3,11,6,6,1,0,1,0,0,11,11,11,6,10,,1
3104,  5/24/2022 6:37,3,1,Default_yes,0,0,0,1,0,1,1,0,47,0,3,1,2,1,1,2,1,10,4,1,0,0,0,0,4,11,11,11,11,,1
3106,  5/24/2022 3:27,3,1,Promise,0,0,1,0,0,1,1,1,39,1,3,1,3,0,0,5,6,11,8,1,1,1,1,1,11,11,11,11,11,1,0
3108,  5/24/2022 2:13,3,1,Trust_promise,1,0,0,0,0,1,5,0,28,1,5,1,2,1,1,2,1,9,8,0,0,0,0,1,11,9,9,9,9,1,0
3110, 5/24/2022 12:20,3,1,Trust_promise,1,0,0,0,0,1,6,0,53,0,3,1,1,1,0,5,8,10,9,1,1,1,0,1,6,9,11,1,6,1,0
3112,  5/24/2022 2:50,3,1,Promise,0,0,1,0,0,1,3,0,34,1,3,1,1,1,1,2,1,11,8,0,0,0,1,1,9,11,11,11,7,1,0
3114,  5/24/2022 4:27,3,1,Trust,0,1,0,0,0,,4,1,26,0,3,1,1,1,1,6,6,6,6,0,1,1,0,0,8,9,10,9,10,,0
3116, 5/24/2022 12:38,3,1,Trust_promise,1,0,0,0,0,1,1,0,41,1,3,1,1,1,1,2,3,11,8,1,0,0,1,1,9,11,11,10,10,1,0
3118,  5/24/2022 4:35,3,1,Default_no,0,0,0,0,1,1,6,1,32,0,2,0,3,0,0,1,1,9,7,0,0,0,0,0,11,11,10,10,7,,1
3120, 5/24/2022 11:29,3,1,Trust,0,1,0,0,0,,3,0,36,0,5,1,2,1,1,4,1,10,7,1,0,0,0,0,11,11,11,10,11,,0
3122, 5/24/2022 12:34,3,1,Promise,0,0,1,0,0,1,1,0,42,1,4,1,1,1,1,3,2,8,3,1,0,0,0,0,3,3,6,7,5,1,0
3124,  5/24/2022 7:13,3,1,Trust,0,1,0,0,0,,4,1,29,0,4,1,1,1,1,3,1,11,6,0,0,0,1,0,11,10,10,10,6,,0
3126, 5/24/2022 12:31,3,1,Control,0,0,0,0,0,,5,1,35,0,3,1,2,1,1,9,11,11,7,1,1,1,1,0,9,9,11,9,9,0,0
3128,  5/25/2022 5:17,3,1,Trust,0,1,0,0,0,,2,0,25,0,3,1,2,1,1,7,9,9,3,0,1,1,0,0,6,11,11,9,11,,0
3130,  5/24/2022 7:40,3,1,Trust_promise,1,0,0,0,0,1,5,0,24,1,2,0,3,0,0,5,4,9,5,0,1,0,0,0,9,11,11,10,7,1,0
3132,  5/24/2022 2:49,3,1,Trust,0,1,0,0,0,,3,0,20,1,2,0,1,1,0,1,11,8,8,0,0,1,0,1,11,11,11,11,11,,0
3134,  5/24/2022 5:18,3,1,Control,0,0,0,0,0,,2,1,28,0,2,0,1,1,1,6,1,6,3,0,1,0,0,0,1,1,1,1,1,0,0
3136,  5/24/2022 1:16,3,1,Default_yes,0,0,0,1,0,1,4,1,24,1,3,1,1,1,1,5,1,9,8,0,1,0,0,1,8,10,10,10,9,,1
3138, 5/24/2022 11:10,3,1,Trust_promise,1,0,0,0,0,1,5,1,34,1,3,1,1,1,0,6,11,11,6,0,1,1,1,0,9,11,11,11,1,1,0
3140, 5/24/2022 12:21,3,1,Trust_promise,1,0,0,0,0,1,2,1,47,0,2,0,2,1,0,6,4,8,9,1,1,0,0,1,11,11,11,10,11,1,0
3142, 5/24/2022 12:40,3,1,Trust,0,1,0,0,0,,4,0,57,1,2,0,3,0,0,5,11,11,6,1,1,1,1,0,11,11,11,11,11,,0
3144,  5/24/2022 9:25,3,1,Trust_promise,1,0,0,0,0,1,4,1,57,0,4,1,1,1,0,3,10,9,9,1,0,1,0,1,7,8,8,3,1,1,0
3146, 5/24/2022 12:06,3,1,Trust,0,1,0,0,0,,6,1,37,0,3,1,1,1,1,5,6,4,5,1,1,1,0,0,1,1,1,1,1,,0
3148,  5/24/2022 7:44,3,1,Default_yes,0,0,0,1,0,1,1,0,35,1,2,0,1,1,1,6,6,11,3,1,1,1,1,0,11,11,11,6,9,,1
3150,  5/24/2022 6:06,3,1,Trust_promise,1,0,0,0,0,1,2,0,35,1,2,0,1,1,0,6,11,11,1,1,1,1,1,0,6,11,11,11,6,1,0
3152,  5/24/2022 4:07,3,1,Trust_promise,1,0,0,0,0,1,3,0,27,0,3,1,1,1,1,9,7,8,7,0,1,1,0,0,9,10,11,6,6,1,0
3154,  5/24/2022 7:42,3,1,Default_no,0,0,0,0,1,1,3,0,22,0,3,1,1,1,0,11,1,11,9,0,1,0,1,1,11,11,11,11,11,,1
3156,  5/24/2022 1:43,3,1,Trust,0,1,0,0,0,,4,1,30,1,3,1,1,1,1,10,11,10,10,0,1,1,0,1,10,11,10,2,11,,0
3158,  5/24/2022 2:31,3,1,Control,0,0,0,0,0,,1,0,27,0,2,0,1,1,1,8,11,11,7,0,1,1,1,0,9,9,11,11,11,0,0
3160,  5/24/2022 2:57,3,1,Trust_promise,1,0,0,0,0,1,5,1,19,1,2,0,3,0,0,2,5,8,8,0,0,0,0,1,10,11,10,11,11,1,0
3162,  5/24/2022 2:12,3,1,Default_yes,0,0,0,1,0,1,1,1,58,1,2,0,2,1,0,3,10,9,8,1,0,1,0,1,10,11,10,11,11,,1
3164,  5/24/2022 5:07,3,1,Trust,0,1,0,0,0,,3,1,40,1,2,0,1,1,1,6,11,11,2,1,1,1,1,0,11,11,11,11,11,,0
3166,  5/24/2022 4:19,3,1,Control,0,0,0,0,0,,2,1,69,1,3,1,2,1,0,1,11,11,10,1,0,1,1,1,11,11,11,1,11,0,0
3168,  5/24/2022 1:52,3,1,Promise,0,0,1,0,0,1,6,0,29,1,2,0,1,1,1,1,5,11,10,0,0,0,1,1,10,11,10,7,9,1,0
3170,  5/24/2022 1:01,3,1,Trust_promise,1,0,0,0,0,1,1,1,36,1,3,1,1,1,0,4,1,9,5,1,0,0,0,0,8,6,6,3,3,1,0
3172,  5/24/2022 2:37,3,1,Promise,0,0,1,0,0,1,1,0,38,0,4,1,1,1,1,3,11,9,8,1,0,1,0,1,11,11,11,11,11,1,0
3174,  5/24/2022 1:55,3,1,Default_no,0,0,0,0,1,1,3,0,23,1,2,0,2,1,0,9,11,11,3,0,1,1,1,0,11,11,11,4,7,,1
3176,  5/24/2022 5:39,3,1,Promise,0,0,1,0,0,1,3,0,25,1,3,1,2,1,0,2,1,9,6,0,0,0,0,0,9,10,9,6,6,1,0
3178,  5/24/2022 5:46,3,1,Default_no,0,0,0,0,1,1,3,0,29,0,2,0,1,1,0,2,1,2,2,0,0,0,0,0,6,4,9,6,4,,1
3180, 5/24/2022 10:30,3,1,Trust,0,1,0,0,0,,4,1,49,1,2,0,1,1,0,6,11,11,7,1,1,1,1,0,10,11,11,2,2,,0
3182,  5/24/2022 1:15,3,1,Default_yes,0,0,0,1,0,1,4,0,33,1,3,1,2,1,0,6,1,9,7,0,1,0,0,0,11,11,11,11,11,,1
3184,  5/24/2022 3:25,3,1,Control,0,0,0,0,0,,1,1,21,0,2,0,1,1,1,4,3,6,5,0,0,0,0,0,11,11,8,10,7,0,0
3186,  5/24/2022 2:14,3,1,Promise,0,0,1,0,0,1,1,0,64,1,3,1,1,1,1,8,2,8,9,1,1,0,0,1,7,11,11,1,2,1,0
3188,  5/24/2022 2:12,3,1,Default_yes,0,0,0,1,0,1,4,1,29,0,3,1,3,0,0,7,4,10,5,0,1,0,0,0,3,3,5,4,4,,1
3190,  5/24/2022 5:31,3,1,Trust,0,1,0,0,0,,2,0,20,0,3,1,1,1,0,1,1,11,5,0,0,0,1,0,6,8,11,3,6,,0
3192, 5/24/2022 12:03,3,1,Trust_promise,1,0,0,0,0,1,1,0,48,0,3,1,1,1,1,5,11,11,7,1,1,1,1,0,1,11,11,11,11,1,0
3194, 5/24/2022 12:29,3,1,Promise,0,0,1,0,0,1,5,0,47,1,2,0,1,1,1,2,1,11,8,1,0,0,1,1,6,11,11,10,10,1,0
3196, 5/24/2022 12:22,3,1,Trust_promise,1,0,0,0,0,1,6,1,33,0,4,1,2,1,1,7,11,9,7,0,1,1,0,0,9,10,11,7,10,1,0
3198,  5/24/2022 7:35,3,1,Default_no,0,0,0,0,1,1,2,1,40,0,3,1,3,0,0,3,1,9,7,1,0,0,0,0,11,9,10,8,6,,1
3200,  5/24/2022 5:59,3,1,Default_yes,0,0,0,1,0,1,2,1,38,1,3,1,3,0,0,6,9,9,5,1,1,1,0,0,8,7,8,4,7,,1
3202,  5/24/2022 3:28,3,1,Trust_promise,1,0,0,0,0,1,6,0,39,1,2,0,1,1,1,3,1,10,4,1,0,0,0,0,11,11,11,8,4,1,0
3204, 5/24/2022 12:39,3,1,Promise,0,0,1,0,0,1,5,1,39,0,3,1,2,1,1,3,1,8,6,1,0,0,0,0,8,10,8,6,6,1,0
3206,  5/24/2022 5:08,3,1,Default_yes,0,0,0,1,0,1,4,0,31,0,3,1,2,1,0,7,9,8,8,0,1,1,0,1,10,10,10,7,7,,1
3208, 5/24/2022 12:35,3,1,Trust_promise,1,0,0,0,0,1,3,0,55,1,2,0,3,0,1,10,11,11,8,1,1,1,1,1,11,11,11,11,11,1,0
3210, 5/24/2022 11:23,3,1,Trust_promise,1,0,0,0,0,1,5,1,26,1,2,0,1,1,1,6,11,11,8,0,1,1,1,1,11,11,11,11,11,1,0
3212, 5/24/2022 11:51,3,1,Control,0,0,0,0,0,,5,0,35,0,3,1,1,1,1,4,2,9,9,1,0,0,0,1,5,11,11,11,7,0,0
3214,  5/25/2022 6:57,3,1,Trust_promise,1,0,0,0,0,1,5,1,66,0,2,0,3,0,0,8,11,11,9,1,1,1,1,1,11,11,6,1,1,1,0
3216, 5/24/2022 12:35,3,1,Trust,0,1,0,0,0,,2,0,45,1,2,0,3,0,1,6,9,9,8,1,1,1,0,1,9,9,9,9,9,,0
3218,  5/24/2022 1:09,3,1,Default_yes,0,0,0,1,0,1,5,1,42,0,3,1,1,1,1,1,1,9,1,1,0,0,0,0,11,11,11,11,11,,1
3220,  5/24/2022 4:53,3,1,Promise,0,0,1,0,0,1,1,0,59,0,4,1,3,0,0,4,8,8,8,1,0,1,0,1,10,10,10,10,10,1,0
3222,  5/25/2022 2:33,3,1,Control,0,0,0,0,0,,6,0,43,0,2,0,2,1,0,6,8,11,1,1,1,1,1,0,6,6,11,1,6,0,0
3224,  5/24/2022 2:55,3,1,Control,0,0,0,0,0,,2,0,64,1,3,1,1,1,1,10,11,11,6,1,1,1,1,0,11,11,11,8,8,0,0
3226,  5/24/2022 1:11,3,1,Trust,0,1,0,0,0,,4,1,32,0,2,0,1,1,0,6,9,11,5,0,1,1,1,0,11,9,11,8,11,,0
3228, 5/24/2022 10:27,3,1,Control,0,0,0,0,0,,2,1,26,0,2,0,1,1,1,4,7,9,5,0,0,1,0,0,9,9,9,9,9,0,0
3230,  5/24/2022 4:09,3,1,Promise,0,0,1,0,0,1,2,1,35,0,2,0,1,1,1,7,6,11,8,1,1,1,1,1,11,11,11,10,10,1,0
3232,  5/24/2022 1:17,3,1,Control,0,0,0,0,0,,4,1,44,0,2,0,1,1,0,6,1,10,7,1,1,0,0,0,11,11,11,11,1,0,0
3234, 5/24/2022 12:08,3,1,Control,0,0,0,0,0,,5,0,26,0,2,0,1,1,0,3,8,11,4,0,0,1,1,0,11,11,11,10,11,0,0
3236,  5/24/2022 1:43,3,1,Default_yes,0,0,0,1,0,1,5,1,48,0,2,0,2,1,0,6,9,11,10,1,1,1,1,1,11,11,11,11,6,,1
3238,  5/24/2022 2:05,3,1,Default_no,0,0,0,0,1,1,6,0,21,1,2,0,3,0,0,1,3,8,6,0,0,0,0,0,8,9,9,7,8,,1
3240, 5/24/2022 11:04,3,1,Promise,0,0,1,0,0,1,5,1,35,0,2,0,1,1,0,7,4,8,9,1,1,0,0,1,9,3,6,3,4,1,0
3242,  5/24/2022 4:57,3,1,Trust,0,1,0,0,0,,4,1,25,1,3,1,2,1,1,3,6,11,9,0,0,1,1,1,7,11,11,11,11,,0
3244,  5/24/2022 8:19,3,1,Trust,0,1,0,0,0,,3,1,34,0,3,1,1,1,1,2,1,10,7,0,0,0,0,0,10,10,10,10,10,,0
3246,  5/24/2022 1:14,3,1,Trust_promise,1,0,0,0,0,1,2,0,35,0,3,1,1,1,0,9,10,9,10,1,1,1,0,1,6,11,11,9,4,1,0
3248,  5/24/2022 2:20,3,1,Default_no,0,0,0,0,1,1,1,1,27,1,4,1,1,1,1,3,1,11,9,0,0,0,1,1,9,8,10,7,9,,1
3250,  5/24/2022 2:59,3,1,Trust,0,1,0,0,0,,1,1,29,1,3,1,1,1,0,6,11,9,8,0,1,1,0,1,11,11,11,11,11,,0
3252, 5/24/2022 12:19,3,1,Promise,0,0,1,0,0,1,4,0,24,1,3,1,1,1,0,2,7,9,5,0,0,1,0,0,10,10,10,10,10,1,0
3254,  5/24/2022 4:10,3,1,Control,0,0,0,0,0,,4,1,37,0,3,1,1,1,1,3,1,6,6,1,0,0,0,0,1,1,1,6,1,0,0
3256,  5/24/2022 7:45,3,1,Trust,0,1,0,0,0,,4,1,29,1,3,1,2,1,1,3,8,10,8,0,0,1,0,1,10,9,9,10,10,,0
3258, 5/24/2022 12:08,3,1,Default_yes,0,0,0,1,0,1,3,0,31,0,3,1,1,1,1,9,1,11,9,0,1,0,1,1,9,10,11,10,11,,1
3260,  5/24/2022 7:42,3,1,Trust,0,1,0,0,0,,3,0,22,0,3,1,1,1,1,3,2,6,8,0,0,0,0,1,8,5,9,8,4,,0
3262,  5/24/2022 2:18,3,1,Promise,0,0,1,0,0,1,5,1,33,1,3,1,1,1,1,6,3,9,7,0,1,0,0,0,11,11,11,11,11,1,0
3264,  5/24/2022 1:52,3,1,Promise,0,0,1,0,0,1,2,0,44,1,2,0,1,1,1,2,1,10,3,1,0,0,0,0,11,11,11,11,9,1,0
3266, 5/24/2022 12:33,3,1,Default_no,0,0,0,0,1,1,5,1,46,1,3,1,1,1,1,9,9,11,7,1,1,1,1,0,11,11,11,11,11,,1
3268,  5/24/2022 4:48,3,1,Trust_promise,1,0,0,0,0,1,3,1,25,1,3,1,2,1,1,1,11,8,7,0,0,1,0,0,10,11,11,11,10,1,0
3270, 5/24/2022 10:53,3,1,Trust_promise,1,0,0,0,0,1,2,0,30,0,3,1,1,1,1,6,11,11,6,0,1,1,1,0,1,11,11,1,1,1,0
3272, 5/24/2022 12:04,3,1,Control,0,0,0,0,0,,1,0,36,1,3,1,1,1,1,9,2,8,5,1,1,0,0,0,6,9,9,6,11,0,0
3274,  5/24/2022 1:18,3,1,Default_yes,0,0,0,1,0,1,6,0,42,1,3,1,1,1,1,6,11,11,8,1,1,1,1,1,11,11,11,11,11,,1
3276,  5/24/2022 2:26,3,1,Promise,0,0,1,0,0,1,3,0,57,1,2,0,3,0,0,7,11,9,3,1,1,1,0,0,4,8,11,11,2,1,0
3278,  5/24/2022 6:32,3,1,Default_no,0,0,0,0,1,1,4,0,67,1,3,1,3,0,0,3,11,11,9,1,0,1,1,1,11,11,11,9,9,,1
3280,  5/25/2022 9:50,3,1,Promise,0,0,1,0,0,1,2,0,21,0,2,0,1,1,0,4,2,8,8,0,0,0,0,1,9,9,8,9,10,1,0
3282,  5/24/2022 2:08,3,1,Trust_promise,1,0,0,0,0,1,3,1,20,0,2,0,1,1,0,1,2,9,8,0,0,0,0,1,9,9,5,8,3,1,0
3284,  5/24/2022 1:16,3,1,Promise,0,0,1,0,0,1,1,0,28,1,3,1,1,1,1,2,1,8,7,0,0,0,0,0,11,10,11,8,9,1,0
3286,  5/24/2022 9:42,3,1,Promise,0,0,1,0,0,1,2,0,28,0,3,1,1,1,1,1,1,11,10,0,0,0,1,1,11,11,11,4,11,1,0
3288,  5/24/2022 3:14,3,1,Default_no,0,0,0,0,1,1,1,1,43,0,4,1,2,1,1,10,11,11,6,1,1,1,1,0,11,11,11,11,11,,1
3290, 5/24/2022 12:40,3,1,Default_no,0,0,0,0,1,1,5,0,31,1,1,0,1,1,0,1,11,10,6,0,0,1,0,0,11,11,11,1,1,,1
3292,  5/24/2022 1:22,3,1,Control,0,0,0,0,0,,4,0,28,1,3,1,1,1,0,4,6,8,7,0,0,1,0,0,4,11,11,11,11,0,0
3294,  5/24/2022 2:08,3,1,Trust_promise,1,0,0,0,0,1,5,1,22,1,3,1,3,0,1,4,2,10,8,0,0,0,0,1,10,7,6,7,8,1,0
3296, 5/24/2022 12:09,3,1,Default_yes,0,0,0,1,0,1,1,0,36,0,3,1,1,1,0,3,1,11,6,1,0,0,1,0,6,7,6,5,5,,1
3298,  5/24/2022 4:19,3,1,Promise,0,0,1,0,0,1,4,0,56,1,3,1,3,0,0,6,6,9,6,1,1,1,0,0,11,11,11,11,11,1,0
3300, 5/24/2022 12:15,3,1,Default_no,0,0,0,0,1,1,1,1,28,0,4,1,1,1,1,6,1,6,5,0,1,0,0,0,9,9,9,9,9,,1
3302, 5/24/2022 12:41,3,1,Default_yes,0,0,0,1,0,1,6,1,32,1,3,1,1,1,1,2,11,9,9,0,0,1,0,1,8,9,9,9,10,,1
3304,  5/24/2022 4:19,3,1,Promise,0,0,1,0,0,1,3,0,65,1,4,1,3,0,1,2,8,11,9,1,0,1,1,1,9,11,11,7,11,1,0
3306, 5/24/2022 12:39,3,1,Trust,0,1,0,0,0,,4,0,55,0,4,1,1,1,1,3,3,10,10,1,0,0,0,1,9,11,11,9,11,,0
3308, 5/24/2022 12:15,3,1,Promise,0,0,1,0,0,1,5,1,37,1,3,1,1,1,0,1,1,8,2,1,0,0,0,0,6,6,10,7,6,1,0
3310,  5/24/2022 6:14,3,1,Control,0,0,0,0,0,,2,0,24,1,3,1,3,0,0,2,1,4,2,0,0,0,0,0,11,6,10,11,11,0,0
3312,  5/24/2022 9:39,3,1,Default_yes,0,0,0,1,0,1,6,0,38,0,2,0,1,1,0,1,1,9,3,1,0,0,0,0,8,8,9,3,4,,1
3314, 5/24/2022 12:52,3,1,Default_no,0,0,0,0,1,1,1,1,32,0,3,1,1,1,1,2,1,10,8,0,0,0,0,1,1,1,1,1,1,,1
3316, 5/24/2022 12:17,3,1,Promise,0,0,1,0,0,1,6,1,22,1,2,0,3,0,0,4,3,9,7,0,0,0,0,0,8,8,9,7,8,1,0
3318,  5/24/2022 1:24,3,1,Control,0,0,0,0,0,,1,1,50,1,4,1,1,1,1,6,11,11,8,1,1,1,1,1,11,11,11,3,8,0,0
3320, 5/24/2022 12:44,3,1,Control,0,0,0,0,0,,5,1,31,0,3,1,2,1,1,5,3,7,7,0,1,0,0,0,9,10,10,10,10,0,0
3322,  5/24/2022 1:50,3,1,Default_no,0,0,0,0,1,1,2,0,31,0,3,1,1,1,0,1,1,7,7,0,0,0,0,0,11,11,11,11,11,,1
3324, 5/24/2022 12:31,3,1,Trust_promise,1,0,0,0,0,1,3,0,23,1,3,1,2,1,0,4,9,10,8,0,0,1,0,1,11,11,11,11,9,1,0
3326, 5/24/2022 12:58,3,1,Promise,0,0,1,0,0,1,1,0,27,0,3,1,1,1,1,5,4,8,6,0,1,0,0,0,9,11,11,11,11,1,0
3328,  5/24/2022 1:47,3,1,Trust,0,1,0,0,0,,4,1,23,1,3,1,2,1,0,4,1,9,8,0,0,0,0,1,11,11,11,11,11,,0
3330,  5/24/2022 1:15,3,1,Trust_promise,1,0,0,0,0,1,5,0,34,0,4,1,1,1,1,4,11,11,10,0,0,1,1,1,11,11,11,11,11,1,0
3332,  5/24/2022 5:59,3,1,Trust_promise,1,0,0,0,0,1,6,1,39,1,2,0,3,0,1,6,5,11,3,1,1,0,1,0,1,11,11,1,11,1,0
3334,  5/24/2022 4:27,3,1,Default_no,0,0,0,0,1,1,6,1,25,0,2,0,1,1,0,2,11,1,6,0,0,1,0,0,5,3,7,2,2,,1
3336, 5/24/2022 12:27,3,1,Control,0,0,0,0,0,,1,0,41,0,2,0,2,1,0,2,11,11,8,1,0,1,1,1,11,11,11,11,11,0,0
3338,  5/24/2022 2:18,3,1,Promise,0,0,1,0,0,1,2,0,24,0,3,1,1,1,1,3,2,9,7,0,0,0,0,0,9,11,10,11,10,1,0
3340,  5/24/2022 3:44,3,1,Control,0,0,0,0,0,,4,0,27,1,3,1,1,1,1,3,1,11,8,0,0,0,1,1,9,9,9,9,7,0,0
3342,  5/24/2022 2:38,3,1,Default_no,0,0,0,0,1,1,6,1,44,0,4,1,2,1,1,5,1,11,6,1,1,0,1,0,11,11,11,11,11,,1
3344,  5/24/2022 1:14,3,1,Default_yes,0,0,0,1,0,1,2,1,33,1,3,1,1,1,1,3,2,8,4,0,0,0,0,0,4,2,5,6,4,,1
3346,  5/24/2022 1:40,3,1,Trust,0,1,0,0,0,,5,0,59,1,4,1,2,1,1,1,1,5,9,1,0,0,0,1,11,11,11,11,11,,0
3348,  5/25/2022 3:35,3,1,Default_no,0,0,0,0,1,1,1,0,21,0,2,0,3,0,0,7,1,8,9,0,1,0,0,1,4,11,9,11,1,,1
3350,  5/24/2022 2:31,3,1,Default_yes,0,0,0,1,0,1,4,0,58,1,2,0,3,0,0,5,6,11,6,1,1,1,1,0,11,11,11,11,11,,1
3352,  5/24/2022 2:35,3,1,Trust,0,1,0,0,0,,1,0,48,1,3,1,1,1,1,8,10,11,8,1,1,1,1,1,11,11,11,1,11,,0
3354,  5/24/2022 3:22,3,1,Default_yes,0,0,0,1,0,1,5,1,61,1,3,1,1,1,1,3,2,9,9,1,0,0,0,1,11,11,11,11,11,,1
3356,  5/24/2022 7:35,3,1,Trust_promise,1,0,0,0,0,1,5,0,53,1,4,1,1,1,0,3,9,9,6,1,0,1,0,0,11,11,11,8,6,1,0
3358,  5/24/2022 1:01,3,1,Default_yes,0,0,0,1,0,1,2,0,68,0,4,1,3,0,1,2,2,8,7,1,0,0,0,0,11,11,11,11,11,,1
3360, 5/24/2022 12:16,3,1,Promise,0,0,1,0,0,1,6,0,36,0,4,1,1,1,1,4,8,10,6,1,0,1,0,0,11,11,11,11,11,1,0
3362, 5/24/2022 11:37,3,1,Default_no,0,0,0,0,1,1,4,1,29,0,2,0,1,1,1,3,1,11,7,0,0,0,1,0,9,10,11,11,11,,1
3364,  5/24/2022 4:02,3,1,Trust_promise,1,0,0,0,0,1,1,0,38,1,3,1,3,0,0,8,11,11,6,1,1,1,1,0,1,11,11,11,5,1,0
3366, 5/24/2022 12:26,3,1,Promise,0,0,1,0,0,1,2,0,40,1,3,1,1,1,1,1,9,11,10,1,0,1,1,1,11,11,11,11,11,1,0
3368,  5/24/2022 1:22,3,1,Trust,0,1,0,0,0,,1,0,21,1,3,1,3,0,0,5,9,8,6,0,1,1,0,0,11,9,9,5,3,,0
3370,  5/24/2022 3:39,3,1,Default_no,0,0,0,0,1,1,3,1,24,0,3,1,1,1,0,4,1,11,8,0,0,0,1,1,11,11,11,11,11,,1
3372, 5/24/2022 12:40,3,1,Control,0,0,0,0,0,,6,0,46,1,5,1,1,1,1,5,11,9,7,1,1,1,0,0,11,11,9,11,11,0,0
3374, 5/24/2022 12:19,3,1,Control,0,0,0,0,0,,1,0,54,1,4,1,1,1,1,6,11,11,8,1,1,1,1,1,1,11,11,11,1,0,0
3376,  5/24/2022 3:09,3,1,Trust_promise,1,0,0,0,0,1,6,1,39,0,2,0,1,1,0,2,4,8,5,1,0,0,0,0,5,10,8,10,10,1,0
3378,  5/24/2022 1:09,3,1,Trust_promise,1,0,0,0,0,1,3,1,28,1,2,0,2,1,0,6,8,6,4,0,1,1,0,0,11,11,11,11,11,1,0
3380,  5/24/2022 3:33,3,1,Default_yes,0,0,0,1,0,1,3,0,28,1,1,0,3,0,0,1,7,9,5,0,0,1,0,0,11,11,11,11,8,,1
3382, 5/24/2022 12:12,3,1,Default_no,0,0,0,0,1,1,1,1,40,1,3,1,1,1,0,4,6,10,8,1,0,1,0,1,9,11,11,4,8,,1
3384,  5/24/2022 1:23,3,1,Trust_promise,1,0,0,0,0,1,4,0,31,1,3,1,1,1,0,1,1,9,7,0,0,0,0,0,11,11,11,11,11,1,0
3386,  5/24/2022 6:01,3,1,Promise,0,0,1,0,0,1,3,0,26,1,3,1,2,1,1,8,11,8,4,0,1,1,0,0,11,11,9,3,9,1,0
3388,  5/25/2022 9:25,3,1,Default_yes,0,0,0,1,0,1,1,0,63,0,5,1,1,1,1,5,1,10,8,1,1,0,0,1,11,11,11,11,11,,1
3390,  5/24/2022 5:47,3,1,Trust_promise,1,0,0,0,0,1,2,0,27,1,2,0,2,1,0,6,4,11,2,0,1,0,1,0,7,10,10,11,11,1,0
3392,  5/24/2022 1:53,3,1,Default_no,0,0,0,0,1,1,5,1,35,0,4,1,1,1,1,5,6,11,6,1,1,1,1,0,11,11,11,11,11,,1
3394, 5/24/2022 11:58,3,1,Promise,0,0,1,0,0,1,6,1,25,1,2,0,3,0,0,1,1,11,6,0,0,0,1,0,9,11,8,6,9,1,0
3396,  5/24/2022 1:35,3,1,Control,0,0,0,0,0,,4,0,46,1,2,0,3,0,0,1,3,6,7,1,0,0,0,0,6,6,4,4,4,0,0
3398,  5/25/2022 9:32,3,1,Trust_promise,1,0,0,0,0,1,2,0,56,0,2,0,3,0,0,3,11,11,11,1,0,1,1,1,11,11,11,10,10,1,0
3400,  5/24/2022 7:48,3,1,Default_no,0,0,0,0,1,1,3,0,56,0,3,1,2,1,1,8,6,11,7,1,1,1,1,0,1,11,11,1,6,,1
3402,  5/24/2022 7:12,3,1,Control,0,0,0,0,0,,3,1,39,0,2,0,1,1,1,6,2,11,10,1,1,0,1,1,11,11,11,11,11,0,0
3404,  5/24/2022 9:14,3,1,Promise,0,0,1,0,0,1,6,0,57,0,2,0,3,0,0,6,1,11,7,1,1,0,1,0,9,8,8,4,6,1,0
3406,  5/24/2022 5:58,3,1,Promise,0,0,1,0,0,1,6,1,25,1,2,0,1,1,1,3,11,11,6,0,0,1,1,0,11,11,11,11,11,1,0
3408,  5/24/2022 1:57,3,1,Promise,0,0,1,0,0,1,3,1,22,0,2,0,3,0,0,1,1,10,7,0,0,0,0,0,11,11,11,11,11,1,0
3410,  5/24/2022 7:41,3,1,Trust_promise,1,0,0,0,0,1,3,0,55,0,3,1,2,1,1,10,11,11,9,1,1,1,1,1,11,11,11,11,11,1,0
3412,  5/24/2022 1:17,3,1,Trust_promise,1,0,0,0,0,1,3,1,73,1,2,0,2,1,1,3,6,11,9,1,0,1,1,1,11,11,11,11,11,1,0
3414, 5/24/2022 11:45,3,1,Default_no,0,0,0,0,1,1,5,0,29,0,2,0,2,1,1,6,1,6,6,0,1,0,0,0,8,7,9,6,6,,1
3416, 5/24/2022 11:15,3,1,Default_yes,0,0,0,1,0,1,2,0,20,0,2,0,1,1,0,4,3,8,6,0,0,0,0,0,8,9,9,9,9,,1
3418,  5/24/2022 5:29,3,1,Trust_promise,1,0,0,0,0,1,3,0,28,1,5,1,1,1,1,4,1,10,8,0,0,0,0,1,8,11,11,11,11,1,0
3420,  5/24/2022 6:48,3,1,Default_yes,0,0,0,1,0,1,6,0,28,1,2,0,3,0,0,3,3,11,6,0,0,0,1,0,11,11,11,8,11,,1
3422,  5/24/2022 4:39,3,1,Control,0,0,0,0,0,,4,1,30,0,3,1,3,0,0,6,8,10,9,0,1,1,0,1,11,11,11,11,11,0,0
3424,  5/24/2022 4:36,3,1,Default_yes,0,0,0,1,0,1,3,1,47,1,4,1,2,1,1,4,3,6,6,1,0,0,0,0,7,7,5,6,6,,1
3426, 5/24/2022 10:49,3,1,Trust,0,1,0,0,0,,1,0,28,1,2,0,2,1,1,6,1,6,4,0,1,0,0,0,11,11,11,11,1,,0
3428,  5/25/2022 9:36,3,1,Default_no,0,0,0,0,1,1,5,0,26,0,3,1,1,1,1,6,1,8,3,0,1,0,0,0,10,11,10,10,6,,1
3430,  5/24/2022 3:51,3,1,Trust,0,1,0,0,0,,6,1,35,0,2,0,3,0,0,6,10,9,4,1,1,1,0,0,10,10,8,10,10,,0
3432,  5/24/2022 7:34,3,1,Promise,0,0,1,0,0,1,4,0,51,1,2,0,2,1,1,2,11,11,8,1,0,1,1,1,11,11,11,11,11,1,0
3434,  5/25/2022 3:42,3,1,Default_yes,0,0,0,1,0,1,4,0,75,0,3,1,3,0,0,9,9,11,6,1,1,1,1,0,9,11,11,8,9,,1
3436,  5/24/2022 4:23,3,1,Control,0,0,0,0,0,,4,1,19,1,3,1,3,0,0,5,7,8,5,0,1,1,0,0,11,11,11,11,3,0,0
3438, 5/24/2022 12:20,3,1,Default_yes,0,0,0,1,0,1,3,1,57,1,2,0,3,0,0,6,11,11,6,1,1,1,1,0,11,11,11,11,1,,1
3440, 5/24/2022 12:23,3,1,Trust_promise,1,0,0,0,0,1,1,0,61,0,3,1,1,1,1,7,4,10,5,1,1,0,0,0,7,9,10,6,5,1,0
3442,  5/24/2022 2:22,3,1,Default_yes,0,0,0,1,0,1,4,0,29,1,3,1,1,1,0,2,1,10,7,0,0,0,0,0,11,11,11,11,11,,1
3444, 5/24/2022 11:26,3,1,Promise,0,0,1,0,0,1,2,1,21,1,2,0,2,1,0,1,3,6,6,0,0,0,0,0,9,9,9,9,9,1,0
3446, 5/24/2022 10:14,3,1,Trust,0,1,0,0,0,,6,1,53,0,4,1,1,1,1,7,1,11,7,1,1,0,1,0,11,10,11,6,11,,0
3448,  5/24/2022 4:46,3,1,Promise,0,0,1,0,0,1,3,1,20,0,2,0,1,1,0,1,2,11,8,0,0,0,1,1,11,11,11,10,10,1,0
3450, 5/24/2022 12:16,3,1,Promise,0,0,1,0,0,1,3,0,27,0,3,1,1,1,0,6,1,9,5,0,1,0,0,0,9,9,11,7,9,1,0
3452, 5/25/2022 10:49,3,1,Promise,0,0,1,0,0,1,5,1,33,0,2,0,1,1,0,3,1,10,3,0,0,0,0,0,10,10,8,9,11,1,0
3454,  5/24/2022 1:12,3,1,Trust,0,1,0,0,0,,5,1,27,0,2,0,1,1,1,4,3,9,8,0,0,0,0,1,11,11,11,11,11,,0
3456,  5/24/2022 1:02,3,1,Promise,0,0,1,0,0,1,6,0,36,1,3,1,3,0,0,2,6,9,8,1,0,1,0,1,11,11,11,11,11,1,0
3458, 5/24/2022 11:04,3,1,Default_yes,0,0,0,1,0,1,1,1,30,0,5,1,1,1,1,1,1,9,9,0,0,0,0,1,6,6,6,6,6,,1
3460,  5/24/2022 5:47,3,1,Default_no,0,0,0,0,1,1,6,0,28,1,3,1,1,1,1,1,11,11,9,0,0,1,1,1,11,11,11,1,6,,1
3462,  5/24/2022 3:09,3,1,Default_yes,0,0,0,1,0,1,1,1,50,0,3,1,1,1,1,4,11,11,9,1,0,1,1,1,11,11,11,11,11,,1
3464, 5/24/2022 12:40,3,1,Promise,0,0,1,0,0,1,4,0,57,0,3,1,3,0,0,4,2,8,5,1,0,0,0,0,11,11,11,11,11,1,0
3466,  5/24/2022 6:55,3,1,Control,0,0,0,0,0,,1,0,24,1,3,1,3,0,0,1,5,8,6,0,0,0,0,0,2,10,10,11,9,0,0
3468, 5/24/2022 11:08,3,1,Control,0,0,0,0,0,,2,1,25,0,3,1,2,1,1,5,2,11,8,0,1,0,1,1,8,3,3,3,8,0,0
3470,  5/24/2022 7:25,3,1,Promise,0,0,1,0,0,1,1,0,29,1,3,1,1,1,1,1,1,11,6,0,0,0,1,0,11,11,11,11,1,1,0
3472, 5/24/2022 12:15,3,1,Default_no,0,0,0,0,1,1,6,0,30,0,2,0,1,1,0,7,7,7,5,0,1,1,0,0,11,11,11,11,11,,1
3474,  5/25/2022 5:37,3,1,Trust,0,1,0,0,0,,1,0,40,0,2,0,3,0,0,5,1,9,5,1,1,0,0,0,7,6,6,6,6,,0
3476,  5/24/2022 4:56,3,1,Trust_promise,1,0,0,0,0,1,2,1,21,1,2,0,1,1,0,2,6,6,3,0,0,1,0,0,9,9,9,9,6,1,0
3478,  5/24/2022 3:13,3,1,Default_no,0,0,0,0,1,1,1,1,23,0,2,0,2,1,0,1,1,11,1,0,0,0,1,0,11,11,11,11,11,,1
3480, 5/24/2022 12:19,3,1,Promise,0,0,1,0,0,1,5,0,40,1,3,1,3,0,0,3,9,8,6,1,0,1,0,0,10,9,7,7,4,1,0
3482, 5/25/2022 11:07,3,1,Trust,0,1,0,0,0,,2,1,23,0,2,0,3,0,0,2,2,11,6,0,0,0,1,0,1,1,1,1,1,,0
3484, 5/24/2022 12:28,3,1,Promise,0,0,1,0,0,1,6,1,57,0,2,0,1,1,1,8,8,11,9,1,1,1,1,1,11,11,11,11,11,1,0
3486, 5/24/2022 12:54,3,1,Default_yes,0,0,0,1,0,1,2,1,22,0,2,0,3,0,0,1,6,9,6,0,0,1,0,0,7,6,10,1,6,,1
3488,  5/24/2022 6:12,3,1,Default_yes,0,0,0,1,0,1,3,1,20,1,2,0,2,1,0,3,2,11,8,0,0,0,1,1,11,11,11,11,11,,1
3490,  5/24/2022 7:03,3,1,Control,0,0,0,0,0,,6,0,50,1,2,0,3,0,0,6,3,6,4,1,1,0,0,0,6,6,6,2,1,0,0
3492, 5/25/2022 12:34,3,1,Control,0,0,0,0,0,,5,0,19,0,2,0,3,0,0,3,2,7,5,0,0,0,0,0,8,10,8,11,2,0,0
3494,  5/24/2022 1:29,3,1,Default_no,0,0,0,0,1,1,5,0,33,0,5,1,1,1,1,8,8,8,6,0,1,1,0,0,8,11,11,8,8,,1
3496,  5/24/2022 1:27,3,1,Default_yes,0,0,0,1,0,1,6,1,43,1,3,1,1,1,0,1,7,9,9,1,0,1,0,1,11,11,11,11,11,,1
3498,  5/24/2022 6:55,3,1,Trust,0,1,0,0,0,,2,1,52,1,2,0,1,1,0,9,11,11,4,1,1,1,1,0,11,11,11,11,11,,0
3500, 5/24/2022 11:23,3,1,Promise,0,0,1,0,0,1,6,0,37,0,3,1,2,1,1,2,6,7,2,1,0,1,0,0,8,7,9,4,6,1,0
3502, 5/24/2022 12:42,3,1,Promise,0,0,1,0,0,1,1,0,37,0,3,1,1,1,1,9,1,11,7,1,1,0,1,0,7,8,10,1,6,1,0
3504, 5/24/2022 10:47,3,1,Control,0,0,0,0,0,,3,1,23,0,3,1,1,1,1,6,7,11,7,0,1,1,1,0,11,8,8,9,8,0,0
3506, 5/24/2022 11:58,3,1,Trust,0,1,0,0,0,,1,0,43,0,2,0,1,1,0,6,1,11,7,1,1,0,1,0,8,10,10,10,6,,0
3508,  5/24/2022 4:02,3,1,Trust_promise,1,0,0,0,0,1,2,0,40,1,3,1,1,1,1,4,6,9,9,1,0,1,0,1,11,11,11,11,1,1,0
3510, 5/24/2022 11:50,3,1,Default_no,0,0,0,0,1,1,6,0,40,1,4,1,1,1,1,1,1,9,5,1,0,0,0,0,3,8,8,11,9,,1
3512, 5/24/2022 12:59,3,1,Trust,0,1,0,0,0,,1,0,42,0,3,1,1,1,1,6,11,11,8,1,1,1,1,1,1,11,11,11,11,,0
3514,  5/24/2022 1:30,3,1,Control,0,0,0,0,0,,4,1,29,0,3,1,1,1,0,1,8,6,3,0,0,1,0,0,11,11,11,11,11,0,0
3516, 5/24/2022 12:26,3,1,Trust_promise,1,0,0,0,0,1,4,1,45,0,3,1,2,1,1,10,11,9,1,1,1,1,0,0,11,11,11,11,11,1,0
3518,  5/24/2022 7:31,3,1,Promise,0,0,1,0,0,1,1,1,35,0,3,1,1,1,0,9,10,10,5,1,1,1,0,0,10,10,8,8,9,1,0
3520,  5/24/2022 3:54,3,1,Trust,0,1,0,0,0,,3,1,44,0,3,1,2,1,1,8,3,11,10,1,1,0,1,1,9,11,11,11,10,,0
3522, 5/24/2022 11:38,3,1,Promise,0,0,1,0,0,1,4,0,35,0,2,0,3,0,0,8,9,8,4,1,1,1,0,0,3,11,11,8,6,1,0
3524,  5/24/2022 6:02,3,1,Default_yes,0,0,0,1,0,1,5,1,30,0,2,0,3,0,0,6,1,11,9,0,1,0,1,1,9,10,10,10,10,,1
3526,  5/24/2022 2:50,3,1,Control,0,0,0,0,0,,4,1,30,1,2,0,1,1,0,9,10,9,8,0,1,1,0,1,8,11,11,8,9,0,0
3528, 5/24/2022 10:30,3,1,Trust_promise,1,0,0,0,0,1,6,1,23,0,2,0,2,1,0,1,1,6,5,0,0,0,0,0,11,10,10,1,1,1,0
3530, 5/24/2022 11:54,3,1,Trust_promise,1,0,0,0,0,1,5,0,40,0,2,0,1,1,0,4,7,10,8,1,0,1,0,1,11,11,11,11,11,1,0
3532,  5/24/2022 2:22,3,1,Default_no,0,0,0,0,1,1,6,1,20,1,2,0,2,1,1,2,9,11,9,0,0,1,1,1,9,9,9,2,2,,1
3534,  5/24/2022 1:13,3,1,Control,0,0,0,0,0,,6,1,31,0,3,1,3,0,0,1,1,11,6,0,0,0,1,0,11,10,11,7,11,0,0
3536,  5/24/2022 2:58,3,1,Control,0,0,0,0,0,,5,0,31,0,2,0,2,1,0,4,1,9,10,0,0,0,0,1,11,10,10,10,11,0,0
3538,  5/24/2022 4:18,3,1,Promise,0,0,1,0,0,1,3,0,46,1,3,1,2,1,0,11,11,11,9,1,1,1,1,1,11,11,11,11,11,1,0
3540,  5/24/2022 4:46,3,1,Trust_promise,1,0,0,0,0,1,2,0,35,0,3,1,1,1,1,2,11,9,6,1,0,1,0,0,8,9,10,8,9,1,0
3542,  5/24/2022 3:50,3,1,Trust_promise,1,0,0,0,0,1,4,0,23,1,3,1,2,1,0,6,3,9,5,0,1,0,0,0,10,11,11,11,10,1,0
3544,  5/24/2022 1:14,3,1,Promise,0,0,1,0,0,1,4,1,24,1,2,0,3,0,0,8,11,9,6,0,1,1,0,0,11,10,11,9,1,1,0
3546, 5/24/2022 11:18,3,1,Promise,0,0,1,0,0,1,1,0,51,0,2,0,1,1,1,9,9,11,9,1,1,1,1,1,9,11,11,11,6,1,0
3548, 5/24/2022 12:25,3,1,Promise,0,0,1,0,0,1,3,0,30,0,2,0,1,1,0,6,8,11,6,0,1,1,1,0,4,9,10,10,6,1,0
3550,  5/24/2022 1:37,3,1,Default_yes,0,0,0,1,0,1,4,1,68,1,4,1,3,0,0,2,2,10,8,1,0,0,0,1,11,9,11,8,6,,1
3552, 5/24/2022 12:07,3,1,Trust,0,1,0,0,0,,1,1,57,1,3,1,2,1,0,5,7,11,3,1,1,1,1,0,11,11,11,11,11,,0
3554,  5/24/2022 1:15,3,1,Control,0,0,0,0,0,,5,0,65,1,3,1,3,0,0,6,11,10,8,1,1,1,0,1,11,11,11,11,11,0,0
3556,  5/24/2022 5:30,3,1,Trust_promise,1,0,0,0,0,1,4,0,36,1,4,1,2,1,1,3,6,11,9,1,0,1,1,1,11,11,11,11,11,1,0
3558, 5/24/2022 11:29,3,1,Default_yes,0,0,0,1,0,1,4,0,24,0,3,1,1,1,1,6,9,9,5,0,1,1,0,0,7,9,8,9,5,,1
3560, 5/24/2022 10:50,3,1,Trust,0,1,0,0,0,,1,0,38,1,3,1,1,1,1,8,11,11,8,1,1,1,1,1,11,11,11,11,11,,0
3562,  5/24/2022 3:15,3,1,Control,0,0,0,0,0,,3,1,59,1,2,0,1,1,0,7,9,11,8,1,1,1,1,1,4,11,11,11,11,0,0
3564,  5/24/2022 8:05,3,1,Control,0,0,0,0,0,,6,1,63,1,2,0,3,0,0,10,11,11,3,1,1,1,1,0,11,11,11,11,11,0,0
3566,  5/25/2022 6:53,3,1,Control,0,0,0,0,0,,3,1,39,0,3,1,1,1,1,5,11,8,8,1,1,1,0,1,7,8,8,8,8,0,0
3568, 5/24/2022 11:44,3,1,Control,0,0,0,0,0,,1,1,30,0,3,1,1,1,1,1,1,6,8,0,0,0,0,1,1,11,11,11,11,0,0
3570, 5/24/2022 12:40,3,1,Trust_promise,1,0,0,0,0,1,5,0,37,0,3,1,2,1,1,3,1,11,11,1,0,0,1,1,11,11,11,11,10,1,0
3572, 5/24/2022 11:09,3,1,Trust,0,1,0,0,0,,1,1,40,1,3,1,3,0,0,6,2,9,8,1,1,0,0,1,11,11,11,11,2,,0
3574, 5/24/2022 11:53,3,1,Trust,0,1,0,0,0,,2,1,31,0,5,1,1,1,1,5,11,11,8,0,1,1,1,1,10,10,11,11,11,,0
3576,  5/24/2022 2:14,3,1,Control,0,0,0,0,0,,5,0,39,1,3,1,1,1,1,11,11,11,4,1,1,1,1,0,11,11,11,11,11,0,0
3578,  5/24/2022 5:49,3,1,Trust,0,1,0,0,0,,4,1,33,1,3,1,1,1,1,6,7,9,10,0,1,1,0,1,5,8,7,9,10,,0
3580, 5/24/2022 12:07,3,1,Promise,0,0,1,0,0,1,2,1,22,0,2,0,3,0,1,6,1,9,5,0,1,0,0,0,7,11,8,6,4,1,0
3582,  5/24/2022 1:32,3,1,Default_no,0,0,0,0,1,1,5,0,29,1,3,1,1,1,1,3,1,11,5,0,0,0,1,0,11,11,11,6,6,,1
3584, 5/24/2022 10:50,3,1,Default_no,0,0,0,0,1,1,4,0,26,1,2,0,3,0,0,2,6,11,4,0,0,1,1,0,11,11,11,11,11,,1
3586, 5/24/2022 11:43,3,1,Trust_promise,1,0,0,0,0,1,5,0,34,1,4,1,1,1,1,1,6,10,9,0,0,1,0,1,10,11,11,11,10,1,0
3588, 5/24/2022 11:55,3,1,Promise,0,0,1,0,0,1,6,0,39,0,3,1,1,1,1,7,11,11,9,1,1,1,1,1,11,11,11,11,11,1,0
3590,  5/24/2022 5:51,3,1,Trust,0,1,0,0,0,,6,1,51,0,4,1,1,1,1,3,1,8,10,1,0,0,0,1,9,7,10,10,4,,0
3592,  5/24/2022 3:02,3,1,Default_no,0,0,0,0,1,1,3,1,35,0,3,1,1,1,1,5,3,7,5,1,1,0,0,0,4,9,10,9,10,,1
3594,  5/24/2022 8:55,3,1,Default_no,0,0,0,0,1,1,2,0,19,0,2,0,3,0,0,6,4,11,7,0,1,0,1,0,11,11,11,7,10,,1
3596,  5/24/2022 5:25,3,1,Default_no,0,0,0,0,1,1,5,0,22,1,2,0,3,0,0,1,2,10,4,0,0,0,0,0,8,10,10,11,1,,1
3598, 5/24/2022 11:46,3,1,Trust,0,1,0,0,0,,5,1,25,1,2,0,2,1,0,2,3,9,7,0,0,0,0,0,11,11,11,11,11,,0
3600,  5/24/2022 4:40,3,1,Promise,0,0,1,0,0,1,1,0,34,1,2,0,3,0,0,5,1,8,6,0,1,0,0,0,6,7,6,4,6,1,0
3602, 5/24/2022 11:40,3,1,Trust,0,1,0,0,0,,6,0,59,0,3,1,1,1,1,6,2,10,6,1,1,0,0,0,11,11,11,11,11,,0
3604,  5/24/2022 5:57,3,1,Trust,0,1,0,0,0,,5,1,35,0,3,1,3,0,0,2,1,11,11,1,0,0,1,1,11,11,11,5,1,,0
3606,  5/24/2022 1:09,3,1,Trust,0,1,0,0,0,,6,1,34,0,3,1,2,1,1,2,3,8,5,0,0,0,0,0,9,8,8,8,9,,0
3608,  5/24/2022 3:02,3,1,Trust_promise,1,0,0,0,0,1,4,0,35,1,2,0,2,1,1,6,11,11,6,1,1,1,1,0,11,11,11,11,11,1,0
3610,  5/24/2022 4:19,3,1,Control,0,0,0,0,0,,2,0,24,0,4,1,1,1,1,6,2,11,4,0,1,0,1,0,11,11,11,6,9,0,0
3612, 5/24/2022 12:00,3,1,Control,0,0,0,0,0,,2,0,62,1,3,1,3,0,1,3,9,11,9,1,0,1,1,1,11,11,11,11,11,0,0
3614,  5/24/2022 3:51,3,1,Trust_promise,1,0,0,0,0,1,5,1,40,1,2,0,3,0,0,6,11,11,6,1,1,1,1,0,11,11,11,1,11,1,0
3616, 5/24/2022 12:16,3,1,Control,0,0,0,0,0,,6,0,48,1,3,1,1,1,1,4,9,6,4,1,0,1,0,0,8,9,10,10,11,0,0
3618,  5/24/2022 1:09,3,1,Promise,0,0,1,0,0,1,6,0,23,0,4,1,1,1,0,1,11,10,8,0,0,1,0,1,11,10,10,6,10,1,0
3620,  5/24/2022 1:01,3,1,Default_no,0,0,0,0,1,1,2,1,26,1,3,1,2,1,1,6,8,9,9,0,1,1,0,1,10,10,11,11,10,,1
3622,  5/24/2022 3:10,3,1,Promise,0,0,1,0,0,1,3,0,29,1,4,1,1,1,1,3,1,10,8,0,0,0,0,1,11,11,11,11,11,1,0
3624, 5/24/2022 12:35,3,1,Trust,0,1,0,0,0,,6,0,42,1,3,1,2,1,0,3,10,10,8,1,0,1,0,1,10,10,10,10,7,,0
3626,  5/24/2022 3:20,3,1,Default_no,0,0,0,0,1,1,2,0,26,0,3,1,3,0,0,6,2,11,6,0,1,0,1,0,11,8,11,1,7,,1
3628, 5/24/2022 12:23,3,1,Default_yes,0,0,0,1,0,1,1,0,35,1,2,0,2,1,1,11,11,11,4,1,1,1,1,0,8,10,10,9,8,,1
3630, 5/24/2022 12:56,3,1,Default_no,0,0,0,0,1,1,6,1,53,1,3,1,3,0,0,9,11,11,9,1,1,1,1,1,11,11,11,9,10,,1
3632, 5/24/2022 11:46,3,1,Default_yes,0,0,0,1,0,1,4,1,25,0,4,1,1,1,1,6,9,9,4,0,1,1,0,0,11,11,11,9,8,,1
3634,  5/24/2022 6:55,3,1,Default_no,0,0,0,0,1,1,2,0,22,0,3,1,2,1,0,8,11,11,5,0,1,1,1,0,11,11,11,1,5,,1
3636, 5/24/2022 11:30,3,1,Trust_promise,1,0,0,0,0,1,5,1,31,0,3,1,1,1,1,7,7,6,5,0,1,1,0,0,11,11,11,11,11,1,0
3638,  5/24/2022 6:41,3,1,Default_yes,0,0,0,1,0,1,1,0,36,1,2,0,3,0,0,6,11,6,6,1,1,1,0,0,11,11,11,11,11,,1
3640,  5/24/2022 3:56,3,1,Trust_promise,1,0,0,0,0,1,1,0,36,1,4,1,1,1,0,2,11,11,7,1,0,1,1,0,11,11,9,6,8,1,0
3642, 5/24/2022 12:48,3,1,Promise,0,0,1,0,0,1,5,0,22,0,2,0,3,0,0,6,4,11,10,0,1,0,1,1,11,11,11,9,10,1,0
3644,  5/24/2022 6:21,3,1,Control,0,0,0,0,0,,4,1,33,0,4,1,1,1,0,2,6,3,8,0,0,1,0,1,3,7,6,8,8,0,0
3646,  5/24/2022 3:02,3,1,Trust,0,1,0,0,0,,5,1,25,1,2,0,3,0,1,1,2,11,7,0,0,0,1,0,11,11,11,11,9,,0
3648, 5/24/2022 11:36,3,1,Trust_promise,1,0,0,0,0,1,3,1,28,1,3,1,2,1,1,4,2,9,7,0,0,0,0,0,10,11,11,10,11,1,0
3650,  5/24/2022 5:21,3,1,Trust,0,1,0,0,0,,3,1,31,0,4,1,2,1,1,1,11,10,9,0,0,1,0,1,8,9,9,9,4,,0
3652, 5/24/2022 11:09,3,1,Trust,0,1,0,0,0,,3,0,30,1,4,1,1,1,1,5,1,11,7,0,1,0,1,0,2,8,8,2,1,,0
3654, 5/24/2022 11:55,3,1,Default_no,0,0,0,0,1,1,3,1,32,0,3,1,1,1,1,11,11,9,9,0,1,1,0,1,11,10,11,11,10,,1
3656,  5/24/2022 1:53,3,1,Promise,0,0,1,0,0,1,4,0,54,0,4,1,1,1,0,5,11,10,1,1,1,1,0,0,11,11,11,11,11,1,0
3658,  5/24/2022 1:07,3,1,Trust,0,1,0,0,0,,4,1,27,1,3,1,1,1,1,8,10,8,9,0,1,1,0,1,8,10,8,7,9,,0
3660,  5/24/2022 5:04,3,1,Promise,0,0,1,0,0,1,5,0,58,1,2,0,3,0,0,9,11,10,5,1,1,1,0,0,11,11,11,11,11,1,0
3662,  5/25/2022 7:14,3,1,Control,0,0,0,0,0,,3,1,33,0,2,0,3,0,0,1,6,11,7,0,0,1,1,0,11,11,11,11,6,0,0
3664, 5/24/2022 12:50,3,1,Control,0,0,0,0,0,,4,1,26,0,4,1,1,1,0,1,1,11,7,0,0,0,1,0,11,11,11,11,11,0,0
3666, 5/24/2022 11:22,3,1,Trust,0,1,0,0,0,,1,1,28,1,3,1,2,1,0,1,3,11,7,0,0,0,1,0,10,6,7,3,4,,0
3668, 5/25/2022 10:44,3,1,Trust,0,1,0,0,0,,5,0,46,0,3,1,1,1,0,1,1,10,5,1,0,0,0,0,8,10,10,10,10,,0
3670,  5/24/2022 5:24,3,1,Trust_promise,1,0,0,0,0,1,2,0,64,1,3,1,3,0,1,9,11,10,9,1,1,1,0,1,11,10,11,11,10,1,0
3672, 5/24/2022 11:56,3,1,Promise,0,0,1,0,0,1,4,1,32,1,3,1,1,1,1,6,11,9,6,0,1,1,0,0,11,11,11,11,11,1,0
3674,  5/24/2022 4:40,3,1,Trust_promise,1,0,0,0,0,1,4,0,29,0,4,1,1,1,1,1,1,5,1,0,0,0,0,0,11,6,11,1,11,1,0
3676, 5/24/2022 12:30,3,1,Control,0,0,0,0,0,,5,0,48,0,2,0,2,1,0,6,1,11,6,1,1,0,1,0,11,11,11,11,6,0,0
3678, 5/24/2022 11:52,3,1,Default_no,0,0,0,0,1,1,2,0,78,0,2,0,3,0,0,5,1,11,8,1,1,0,1,1,9,11,11,11,11,,1
3680,  5/24/2022 1:05,3,1,Trust,0,1,0,0,0,,6,1,48,1,3,1,3,0,1,7,11,11,8,1,1,1,1,1,11,11,11,10,10,,0
3682, 5/24/2022 12:42,3,1,Control,0,0,0,0,0,,4,1,64,1,2,0,3,0,0,11,11,9,6,1,1,1,0,0,11,11,11,11,11,0,0
3684, 5/24/2022 12:52,3,1,Default_yes,0,0,0,1,0,1,4,0,42,0,2,0,2,1,1,8,11,11,10,1,1,1,1,1,7,10,11,8,9,,1
3686, 5/24/2022 10:54,3,1,Trust_promise,1,0,0,0,0,1,2,0,20,1,2,0,2,1,0,2,8,11,5,0,0,1,1,0,11,11,11,11,11,1,0
3688, 5/24/2022 12:01,3,1,Trust_promise,1,0,0,0,0,1,3,1,35,1,2,0,1,1,0,1,10,11,8,1,0,1,1,1,5,11,10,10,11,1,0
3690, 5/24/2022 11:58,3,1,Default_yes,0,0,0,1,0,1,6,1,39,1,2,0,1,1,0,1,11,11,9,1,0,1,1,1,1,1,1,1,1,,1
3692,  5/24/2022 6:57,3,1,Trust,0,1,0,0,0,,4,0,20,1,2,0,3,0,0,3,6,7,8,0,0,1,0,1,11,11,11,11,7,,0
3694, 5/24/2022 11:15,3,1,Trust,0,1,0,0,0,,5,1,26,1,3,1,1,1,0,1,2,10,9,0,0,0,0,1,10,9,9,8,10,,0
3696,  5/24/2022 1:12,3,1,Promise,0,0,1,0,0,1,4,1,38,0,3,1,1,1,0,1,1,11,1,1,0,0,1,0,11,11,1,1,1,1,0
3698,  5/24/2022 2:16,3,1,Control,0,0,0,0,0,,4,1,41,0,3,1,1,1,1,1,11,11,6,1,0,1,1,0,11,11,11,1,1,0,0
3700,  5/24/2022 2:29,3,1,Control,0,0,0,0,0,,3,1,20,1,2,0,2,1,0,5,6,11,3,0,1,1,1,0,11,11,11,11,11,0,0
3702,  5/24/2022 2:51,3,1,Trust,0,1,0,0,0,,5,0,23,1,2,0,3,0,0,6,11,10,1,0,1,1,0,0,11,11,11,1,11,,0
3704, 5/25/2022 12:19,3,1,Promise,0,0,1,0,0,1,3,1,30,0,4,1,1,1,0,3,9,6,6,0,0,1,0,0,11,11,11,11,11,1,0
3706, 5/25/2022 12:12,3,1,Promise,0,0,1,0,0,1,4,1,21,0,3,1,1,1,1,10,9,11,8,0,1,1,1,1,1,1,1,1,3,1,0
3708, 5/24/2022 12:05,3,1,Trust,0,1,0,0,0,,3,1,32,1,3,1,2,1,1,2,11,10,5,0,0,1,0,0,10,10,11,9,11,,0
3710,  5/24/2022 3:44,3,1,Trust,0,1,0,0,0,,1,1,46,0,2,0,2,1,0,6,3,11,3,1,1,0,1,0,1,1,1,1,1,,0
3712,  5/24/2022 7:44,3,1,Trust_promise,1,0,0,0,0,1,4,1,49,1,3,1,1,1,0,6,3,10,9,1,1,0,0,1,10,10,10,10,10,1,0
3714, 5/24/2022 12:05,3,1,Trust_promise,1,0,0,0,0,1,4,0,37,0,3,1,1,1,0,5,4,11,8,1,1,0,1,1,11,11,11,11,11,1,0
3716, 5/24/2022 12:00,3,1,Default_no,0,0,0,0,1,1,1,0,63,0,3,1,1,1,1,2,2,10,8,1,0,0,0,1,10,11,11,11,11,,1
3718,  5/24/2022 2:38,3,1,Default_no,0,0,0,0,1,1,4,0,20,1,2,0,3,0,0,9,11,11,8,0,1,1,1,1,11,11,11,11,11,,1
3720, 5/24/2022 12:08,3,1,Default_yes,0,0,0,1,0,1,1,0,34,0,2,0,1,1,1,9,11,9,7,0,1,1,0,0,3,11,11,11,11,,1
3722,  5/24/2022 7:31,3,1,Control,0,0,0,0,0,,4,1,43,0,2,0,2,1,0,11,11,11,3,1,1,1,1,0,9,8,10,4,2,0,0
3724,  5/24/2022 1:18,3,1,Default_no,0,0,0,0,1,1,2,0,34,0,4,1,1,1,1,2,8,6,8,0,0,1,0,1,11,11,11,5,9,,1
3726,  5/24/2022 4:51,3,1,Promise,0,0,1,0,0,1,5,0,58,1,4,1,3,0,0,4,1,8,8,1,0,0,0,1,8,8,9,9,10,1,0
3728, 5/24/2022 12:42,3,1,Default_no,0,0,0,0,1,1,5,1,32,0,4,1,3,0,1,6,10,11,9,0,1,1,1,1,11,11,11,10,10,,1
3730,  5/24/2022 1:02,3,1,Trust_promise,1,0,0,0,0,1,5,0,20,1,2,0,2,1,0,2,2,10,1,0,0,0,0,0,11,6,10,8,7,1,0
3732,  5/24/2022 7:07,3,1,Default_yes,0,0,0,1,0,1,6,0,45,0,4,1,2,1,1,4,1,9,6,1,0,0,0,0,11,11,11,10,10,,1
3734,  5/24/2022 5:57,3,1,Trust_promise,1,0,0,0,0,1,3,1,49,1,2,0,3,0,0,3,7,7,4,1,0,1,0,0,7,7,8,7,8,1,0
3736,  5/24/2022 1:47,3,1,Trust_promise,1,0,0,0,0,1,2,0,24,0,3,1,1,1,1,4,2,6,4,0,0,0,0,0,6,9,10,10,6,1,0
3738, 5/24/2022 11:39,3,1,Trust_promise,1,0,0,0,0,1,1,1,52,0,3,1,1,1,1,8,1,11,9,1,1,0,1,1,11,11,11,9,9,1,0
3740,  5/24/2022 6:57,3,1,Promise,0,0,1,0,0,1,6,1,31,0,2,0,1,1,1,5,2,5,4,0,1,0,0,0,10,8,9,7,4,1,0
3742, 5/24/2022 11:10,3,1,Default_no,0,0,0,0,1,1,1,0,50,1,2,0,1,1,1,6,10,9,3,1,1,1,0,0,11,11,11,6,11,,1
3744,  5/24/2022 3:31,3,1,Trust_promise,1,0,0,0,0,1,3,1,22,1,3,1,3,0,0,1,8,10,8,0,0,1,0,1,11,11,11,11,11,1,0
3746, 5/24/2022 12:59,3,1,Trust_promise,1,0,0,0,0,1,2,0,36,0,3,1,3,0,0,3,11,6,6,1,0,1,0,0,6,6,6,6,6,1,0
3748, 5/24/2022 12:21,3,1,Control,0,0,0,0,0,,1,0,42,1,3,1,1,1,0,6,6,10,7,1,1,1,0,0,11,11,11,11,6,0,0
3750,  5/25/2022 5:25,3,1,Default_yes,0,0,0,1,0,1,4,1,36,0,2,0,2,1,1,1,6,11,6,1,0,1,1,0,11,11,11,11,11,,1
3752,  5/24/2022 8:44,3,1,Default_yes,0,0,0,1,0,1,3,1,30,0,3,1,1,1,0,1,6,9,2,0,0,1,0,0,4,9,11,10,11,,1
3754,  5/24/2022 1:12,3,1,Control,0,0,0,0,0,,4,1,61,0,4,1,1,1,1,4,1,10,8,1,0,0,0,1,8,9,10,2,8,0,0
3756,  5/24/2022 6:12,3,1,Trust_promise,1,0,0,0,0,1,4,0,25,0,3,1,1,1,1,9,3,10,9,0,1,0,0,1,11,10,11,6,6,1,0
3758,  5/24/2022 5:15,3,1,Default_no,0,0,0,0,1,1,3,1,29,1,4,1,2,1,1,3,11,8,4,0,0,1,0,0,11,11,11,11,11,,1
3760, 5/24/2022 11:38,3,1,Default_yes,0,0,0,1,0,1,5,0,44,1,4,1,2,1,1,9,10,11,6,1,1,1,1,0,11,11,11,11,11,,1
3762, 5/24/2022 11:58,3,1,Default_no,0,0,0,0,1,1,5,0,27,0,4,1,2,1,0,6,1,11,4,0,1,0,1,0,10,3,10,11,9,,1
3764,  5/24/2022 3:10,3,1,Control,0,0,0,0,0,,2,0,29,1,2,0,2,1,0,11,11,11,11,0,1,1,1,1,11,11,11,11,11,0,0
3766,  5/24/2022 1:56,3,1,Promise,0,0,1,0,0,1,2,0,67,1,2,0,3,0,0,11,11,10,7,1,1,1,0,0,9,11,11,11,11,1,0
3768, 5/24/2022 12:41,3,1,Promise,0,0,1,0,0,1,2,1,41,0,2,0,1,1,0,7,1,11,7,1,1,0,1,0,9,5,3,3,3,1,0
3770,  5/24/2022 4:42,3,1,Control,0,0,0,0,0,,6,0,28,0,1,0,3,0,0,1,1,9,5,0,0,0,0,0,10,8,8,8,2,0,0
3772,  5/24/2022 2:04,3,1,Default_no,0,0,0,0,1,1,1,0,22,1,2,0,2,1,0,6,11,11,6,0,1,1,1,0,11,11,11,10,11,,1
3774, 5/24/2022 12:02,3,1,Default_no,0,0,0,0,1,1,3,0,37,0,2,0,1,1,0,1,1,11,5,1,0,0,1,0,11,11,11,11,11,,1
3776,  5/24/2022 1:33,3,1,Control,0,0,0,0,0,,4,1,53,1,3,1,1,1,1,2,1,10,9,1,0,0,0,1,9,9,8,10,10,0,0
3778,  5/24/2022 6:59,3,1,Promise,0,0,1,0,0,1,6,0,27,0,2,0,1,1,0,6,11,9,2,0,1,1,0,0,8,11,11,11,11,1,0
3780,  5/24/2022 6:34,3,1,Trust_promise,1,0,0,0,0,1,5,1,26,1,3,1,1,1,1,6,2,7,8,0,1,0,0,1,8,8,8,3,2,1,0
3782, 5/24/2022 12:16,3,1,Trust_promise,1,0,0,0,0,1,1,0,30,0,3,1,1,1,1,3,9,6,9,0,0,1,0,1,9,9,9,8,7,1,0
3784, 5/24/2022 11:43,3,1,Default_no,0,0,0,0,1,1,1,1,24,0,2,0,3,0,0,11,1,11,1,0,1,0,1,0,1,1,1,1,1,,1
3786, 5/24/2022 11:59,3,1,Control,0,0,0,0,0,,3,1,38,0,3,1,1,1,1,7,2,11,9,1,1,0,1,1,9,10,10,10,10,0,0
3788, 5/24/2022 12:36,3,1,Default_no,0,0,0,0,1,1,6,1,40,0,2,0,1,1,1,11,6,10,10,1,1,1,0,1,11,8,10,8,8,,1
3790,  5/24/2022 3:36,3,1,Control,0,0,0,0,0,,2,0,31,0,4,1,1,1,1,5,7,9,8,0,1,1,0,1,11,11,11,11,11,0,0
3792,  5/24/2022 4:52,3,1,Trust,0,1,0,0,0,,6,0,31,0,3,1,1,1,0,5,8,8,6,0,1,1,0,0,9,9,9,9,5,,0
3794,  5/24/2022 1:26,3,1,Promise,0,0,1,0,0,1,2,0,28,1,3,1,1,1,1,4,1,11,8,0,0,0,1,1,9,9,9,6,6,1,0
3796,  5/24/2022 4:54,3,1,Promise,0,0,1,0,0,1,6,1,54,0,3,1,1,1,1,6,11,11,7,1,1,1,1,0,11,11,11,11,11,1,0
3798,  5/24/2022 5:09,3,1,Trust,0,1,0,0,0,,3,1,25,1,3,1,1,1,1,1,1,6,6,0,0,0,0,0,11,11,10,10,10,,0
3800,  5/24/2022 2:29,3,1,Default_no,0,0,0,0,1,1,3,0,21,1,2,0,2,1,0,6,4,9,7,0,1,0,0,0,11,11,11,11,11,,1
3802, 5/24/2022 11:53,3,1,Promise,0,0,1,0,0,1,3,1,24,1,3,1,3,0,1,6,4,8,5,0,1,0,0,0,11,11,11,2,6,1,0
3804, 5/24/2022 12:58,3,1,Trust,0,1,0,0,0,,2,1,29,1,3,1,1,1,1,3,1,11,6,0,0,0,1,0,10,10,10,10,10,,0
3806,  5/24/2022 2:49,3,1,Default_no,0,0,0,0,1,1,2,0,65,0,3,1,3,0,0,8,11,10,4,1,1,1,0,0,2,11,10,11,6,,1
3808, 5/24/2022 11:54,3,1,Default_no,0,0,0,0,1,1,1,0,49,0,3,1,2,1,1,5,2,9,9,1,1,0,0,1,11,11,11,1,11,,1
3810, 5/24/2022 11:51,3,1,Default_no,0,0,0,0,1,1,2,1,39,0,3,1,1,1,1,2,1,8,4,1,0,0,0,0,1,1,1,1,1,,1
3812,  5/24/2022 4:26,3,1,Trust_promise,1,0,0,0,0,1,1,0,41,0,2,0,1,1,0,8,11,11,1,1,1,1,1,0,11,11,11,11,11,1,0
3814, 5/24/2022 11:27,3,1,Trust,0,1,0,0,0,,2,1,30,1,3,1,1,1,0,6,10,9,8,0,1,1,0,1,9,10,9,7,8,,0
3816, 5/24/2022 12:54,3,1,Control,0,0,0,0,0,,2,1,38,0,3,1,1,1,1,5,11,10,3,1,1,1,0,0,11,11,11,11,10,0,0
3818, 5/24/2022 12:31,3,1,Default_no,0,0,0,0,1,1,4,1,32,1,4,1,1,1,1,6,1,9,3,0,1,0,0,0,9,11,11,11,10,,1
3820,  5/24/2022 2:12,3,1,Promise,0,0,1,0,0,1,6,0,33,1,2,0,1,1,0,3,2,5,9,0,0,0,0,1,10,10,11,11,8,1,0
3822, 5/24/2022 12:28,3,1,Trust_promise,1,0,0,0,0,1,1,0,38,0,3,1,1,1,1,5,1,10,8,1,1,0,0,1,10,9,9,7,8,1,0
3824,  5/24/2022 4:37,3,1,Control,0,0,0,0,0,,3,1,44,1,2,0,3,0,0,11,1,11,6,1,1,0,1,0,6,9,9,10,1,0,0
3826, 5/24/2022 12:28,3,1,Trust,0,1,0,0,0,,3,1,24,1,2,0,3,0,0,5,3,7,4,0,1,0,0,0,8,6,6,2,3,,0
3828,  5/24/2022 6:24,3,1,Trust,0,1,0,0,0,,5,1,68,1,4,1,1,1,1,3,9,10,9,1,0,1,0,1,11,11,11,9,11,,0
3830, 5/25/2022 12:44,3,1,Trust_promise,1,0,0,0,0,1,1,0,41,0,2,0,1,1,1,9,4,7,7,1,1,0,0,0,10,10,11,8,9,1,0
3832, 5/24/2022 12:45,3,1,Control,0,0,0,0,0,,1,1,38,1,3,1,1,1,0,3,11,11,6,1,0,1,1,0,8,8,7,5,4,0,0
3834,  5/25/2022 2:05,3,1,Default_no,0,0,0,0,1,1,5,0,61,0,2,0,1,1,0,1,1,9,7,1,0,0,0,0,6,11,9,9,6,,1
3836, 5/24/2022 12:49,3,1,Trust_promise,1,0,0,0,0,1,1,0,42,1,2,0,1,1,0,8,10,9,8,1,1,1,0,1,9,10,11,11,7,1,0
3838,  5/24/2022 1:18,3,1,Promise,0,0,1,0,0,1,5,0,59,1,3,1,3,0,1,10,11,11,7,1,1,1,1,0,11,11,11,11,11,1,0
3840,  5/24/2022 5:40,3,1,Default_yes,0,0,0,1,0,1,3,0,35,0,4,1,1,1,1,7,8,9,8,1,1,1,0,1,10,10,9,9,3,,1
3842,  5/24/2022 7:14,3,1,Control,0,0,0,0,0,,3,0,28,1,5,1,1,1,1,3,5,10,8,0,0,0,0,1,8,9,9,8,5,0,0
3844,  5/24/2022 7:07,3,1,Trust_promise,1,0,0,0,0,1,3,0,42,0,2,0,2,1,0,1,10,5,1,1,0,1,0,0,1,1,11,1,8,1,0
3846, 5/24/2022 11:57,3,1,Default_yes,0,0,0,1,0,1,1,0,21,0,2,0,3,0,0,4,8,9,8,0,0,1,0,1,9,11,6,11,8,,1
3848, 5/25/2022 10:51,3,1,Trust_promise,1,0,0,0,0,1,1,1,24,0,2,0,2,1,0,9,10,8,7,0,1,1,0,0,6,4,5,4,6,1,0
3850,  5/24/2022 1:02,3,1,Trust_promise,1,0,0,0,0,1,2,0,37,1,3,1,1,1,1,6,8,8,6,1,1,1,0,0,8,8,8,8,8,1,0
3852, 5/24/2022 12:37,3,1,Default_yes,0,0,0,1,0,1,5,0,64,1,2,0,1,1,1,6,11,8,5,1,1,1,0,0,9,10,9,3,6,,1
3854, 5/24/2022 12:02,3,1,Promise,0,0,1,0,0,1,6,0,25,0,3,1,1,1,0,6,1,11,6,0,1,0,1,0,11,11,11,11,11,1,0
3856,  5/24/2022 1:07,3,1,Control,0,0,0,0,0,,2,0,64,0,3,1,1,1,0,6,8,8,7,1,1,1,0,0,11,11,11,11,11,0,0
3858,  5/24/2022 9:47,3,1,Control,0,0,0,0,0,,2,0,21,0,2,0,2,1,0,3,1,6,5,0,0,0,0,0,9,2,1,1,1,0,0
3860,  5/24/2022 2:07,3,1,Trust_promise,1,0,0,0,0,1,6,1,40,0,3,1,1,1,0,1,3,9,8,1,0,0,0,1,9,8,9,8,3,1,0
3862,  5/24/2022 8:01,3,1,Trust,0,1,0,0,0,,3,0,23,1,3,1,2,1,1,7,11,11,8,0,1,1,1,1,11,11,11,11,11,,0
3864,  5/24/2022 4:32,3,1,Control,0,0,0,0,0,,3,0,59,1,2,0,1,1,0,6,2,10,5,1,1,0,0,0,9,9,9,10,10,0,0
3866,  5/25/2022 8:00,3,1,Default_no,0,0,0,0,1,1,1,1,19,0,2,0,1,1,1,1,2,10,8,0,0,0,0,1,9,9,10,8,10,,1
3868,  5/24/2022 4:00,3,1,Trust_promise,1,0,0,0,0,1,2,0,53,1,4,1,2,1,0,1,4,8,8,1,0,0,0,1,11,11,11,11,11,1,0
3870,  5/24/2022 2:42,3,1,Control,0,0,0,0,0,,1,0,52,1,3,1,3,0,0,1,1,11,2,1,0,0,1,0,11,11,11,11,11,0,0
3872,  5/24/2022 4:03,3,1,Default_yes,0,0,0,1,0,1,3,1,60,0,2,0,1,1,1,6,8,8,8,1,1,1,0,1,9,6,9,4,8,,1
3874,  5/24/2022 2:12,3,1,Default_yes,0,0,0,1,0,1,2,1,38,1,3,1,3,0,0,1,1,7,8,1,0,0,0,1,11,11,11,11,11,,1
3876, 5/24/2022 12:18,3,1,Control,0,0,0,0,0,,3,0,32,1,2,0,3,0,0,1,2,8,4,0,0,0,0,0,6,11,11,11,11,0,0
3878, 5/24/2022 11:34,3,1,Default_no,0,0,0,0,1,1,3,0,27,0,3,1,1,1,1,1,2,5,7,0,0,0,0,0,11,11,11,9,11,,1
3880,  5/25/2022 9:32,3,1,Default_yes,0,0,0,1,0,1,1,0,36,0,3,1,1,1,1,3,2,11,9,1,0,0,1,1,10,11,11,4,9,,1
3882, 5/24/2022 11:19,3,1,Trust,0,1,0,0,0,,1,1,35,0,3,1,1,1,1,10,6,11,3,1,1,1,1,0,11,11,11,7,9,,0
3884,  5/24/2022 4:56,3,1,Control,0,0,0,0,0,,2,0,44,1,3,1,2,1,1,2,6,11,6,1,0,1,1,0,6,11,11,9,11,0,0
3886,  5/24/2022 2:04,3,1,Trust_promise,1,0,0,0,0,1,1,0,52,0,2,0,1,1,1,2,2,9,8,1,0,0,0,1,11,11,11,11,8,1,0
3888,  5/25/2022 5:44,3,1,Trust,0,1,0,0,0,,1,1,33,0,3,1,1,1,1,1,1,10,6,0,0,0,0,0,11,9,11,7,3,,0
3890, 5/24/2022 12:50,3,1,Default_yes,0,0,0,1,0,1,2,1,35,0,3,1,1,1,1,5,8,8,5,1,1,1,0,0,9,9,9,10,9,,1
3892,  5/24/2022 8:06,3,1,Promise,0,0,1,0,0,1,1,0,32,1,4,1,2,1,0,1,4,11,9,0,0,0,1,1,11,11,11,1,11,1,0
3894,  5/24/2022 2:53,3,1,Trust_promise,1,0,0,0,0,1,5,1,23,0,3,1,1,1,0,1,3,9,8,0,0,0,0,1,9,11,11,8,4,1,0
3896, 5/24/2022 12:39,3,1,Default_yes,0,0,0,1,0,1,3,1,36,1,4,1,1,1,1,11,11,11,4,1,1,1,1,0,11,11,11,9,6,,1
3898,  5/24/2022 1:35,3,1,Default_yes,0,0,0,1,0,1,1,1,35,0,3,1,1,1,1,5,8,6,2,1,1,1,0,0,8,8,10,2,10,,1
3900,  5/24/2022 2:47,3,1,Promise,0,0,1,0,0,1,2,0,58,0,2,0,1,1,1,5,1,10,9,1,1,0,0,1,11,11,11,11,11,1,0
3902,  5/24/2022 4:36,3,1,Promise,0,0,1,0,0,1,2,1,43,1,3,1,1,1,1,3,1,9,7,1,0,0,0,0,11,11,11,11,11,1,0
3904,  5/24/2022 9:22,3,1,Trust,0,1,0,0,0,,2,1,48,0,4,1,2,1,1,7,11,11,7,1,1,1,1,0,3,10,10,6,10,,0
3906, 5/24/2022 12:40,3,1,Default_yes,0,0,0,1,0,1,6,1,46,1,3,1,1,1,1,3,11,8,6,1,0,1,0,0,10,11,11,10,11,,1
3908, 5/24/2022 12:22,3,1,Trust,0,1,0,0,0,,5,0,33,1,2,0,3,0,0,5,1,11,8,0,1,0,1,1,11,11,11,11,11,,0
3910, 5/24/2022 12:25,3,1,Trust,0,1,0,0,0,,1,1,34,1,2,0,2,1,0,3,3,11,6,0,0,0,1,0,11,11,11,11,11,,0
3912,  5/24/2022 6:48,3,1,Default_yes,0,0,0,1,0,1,3,1,32,0,2,0,2,1,0,5,11,11,8,0,1,1,1,1,4,11,11,11,11,,1
3914, 5/24/2022 10:50,3,1,Promise,0,0,1,0,0,1,1,1,27,1,2,0,3,0,1,1,7,5,4,0,0,1,0,0,11,10,10,10,2,1,0
3916,  5/24/2022 4:10,3,1,Promise,0,0,1,0,0,1,4,0,25,1,3,1,2,1,1,3,2,6,3,0,0,0,0,0,10,10,10,9,9,1,0
3918, 5/24/2022 10:56,3,1,Default_no,0,0,0,0,1,1,6,0,29,1,3,1,2,1,1,3,8,7,5,0,0,1,0,0,11,10,11,10,10,,1
3920, 5/24/2022 12:00,3,1,Default_yes,0,0,0,1,0,1,5,0,39,0,2,0,1,1,0,8,8,11,7,1,1,1,1,0,6,9,11,11,11,,1
3922,  5/24/2022 4:17,3,1,Default_no,0,0,0,0,1,1,2,0,30,0,2,0,3,0,0,2,1,6,7,0,0,0,0,0,11,11,11,11,6,,1
3924,  5/24/2022 2:27,3,1,Default_yes,0,0,0,1,0,1,4,1,30,0,4,1,3,0,0,1,1,5,8,0,0,0,0,1,11,10,10,10,8,,1
3926,  5/24/2022 2:09,3,1,Promise,0,0,1,0,0,1,4,0,48,1,3,1,3,0,0,11,10,10,8,1,1,1,0,1,11,11,11,11,11,1,0
3928,  5/24/2022 6:01,3,1,Trust,0,1,0,0,0,,3,0,42,1,3,1,1,1,0,5,2,9,9,1,1,0,0,1,11,11,11,6,11,,0
3930,  5/24/2022 2:06,3,1,Promise,0,0,1,0,0,1,3,0,26,0,3,1,1,1,1,5,1,11,8,0,1,0,1,1,8,10,10,7,4,1,0
3932, 5/24/2022 12:30,3,1,Default_yes,0,0,0,1,0,1,6,1,30,0,3,1,1,1,1,3,1,7,7,0,0,0,0,0,5,3,3,1,4,,1
3934,  5/24/2022 8:45,3,1,Control,0,0,0,0,0,,5,1,19,1,2,0,3,0,0,3,9,9,8,0,0,1,0,1,11,11,11,11,11,0,0
3936, 5/24/2022 10:28,3,1,Trust_promise,1,0,0,0,0,1,4,1,22,0,2,0,3,0,0,1,1,11,6,0,0,0,1,0,11,11,11,11,11,1,0
3938,  5/25/2022 5:13,3,1,Default_yes,0,0,0,1,0,1,5,1,33,0,2,0,1,1,0,7,8,6,7,0,1,1,0,0,8,7,7,6,6,,1
3940,  5/24/2022 7:32,3,1,Trust,0,1,0,0,0,,6,0,25,1,3,1,2,1,0,1,6,9,8,0,0,1,0,1,11,9,10,7,10,,0
3942,  5/24/2022 5:36,3,1,Promise,0,0,1,0,0,1,5,0,38,0,4,1,1,1,1,5,10,11,7,1,1,1,1,0,5,8,10,5,11,1,0
3944, 5/24/2022 11:51,3,1,Trust,0,1,0,0,0,,4,0,35,0,2,0,3,0,0,6,7,11,2,1,1,1,1,0,11,11,11,7,10,,0
3946, 5/24/2022 12:58,3,1,Trust,0,1,0,0,0,,6,1,35,1,4,1,1,1,0,1,3,8,6,1,0,0,0,0,11,11,11,11,11,,0
3948,  5/25/2022 8:51,3,1,Default_no,0,0,0,0,1,1,1,0,30,0,3,1,1,1,1,1,2,6,6,0,0,0,0,0,11,11,11,11,11,,1
3950,  5/24/2022 7:59,3,1,Default_no,0,0,0,0,1,1,5,0,46,1,4,1,2,1,1,4,8,8,7,1,0,1,0,0,6,11,11,11,7,,1
3952, 5/24/2022 12:30,3,1,Promise,0,0,1,0,0,1,5,1,24,1,3,1,3,0,0,5,10,9,9,0,1,1,0,1,6,10,10,9,2,1,0
3954,  5/25/2022 7:24,3,1,Default_yes,0,0,0,1,0,1,1,0,60,0,3,1,1,1,0,1,1,8,7,1,0,0,0,0,8,9,9,8,10,,1
3956,  5/24/2022 7:19,3,1,Default_yes,0,0,0,1,0,1,2,0,29,0,3,1,1,1,1,3,1,9,6,0,0,0,0,0,6,6,3,5,5,,1
3958,  5/24/2022 1:19,3,1,Trust,0,1,0,0,0,,5,1,23,1,3,1,3,0,0,1,11,10,3,0,0,1,0,0,11,11,11,10,11,,0
3960,  5/24/2022 6:25,3,1,Trust_promise,1,0,0,0,0,1,1,1,28,1,3,1,3,0,0,9,9,7,9,0,1,1,0,1,5,9,9,9,9,1,0
3962,  5/24/2022 1:47,3,1,Default_yes,0,0,0,1,0,1,5,1,31,1,5,1,2,1,1,4,9,8,9,0,0,1,0,1,7,9,8,8,6,,1
3964,  5/24/2022 1:50,3,1,Control,0,0,0,0,0,,5,0,47,0,2,0,1,1,0,6,6,6,6,1,1,1,0,0,6,9,9,1,6,0,0
3966,  5/24/2022 1:24,3,1,Control,0,0,0,0,0,,6,0,30,1,4,1,2,1,1,4,1,6,6,0,0,0,0,0,9,7,10,6,4,0,0
3968,  5/24/2022 1:38,3,1,Default_no,0,0,0,0,1,1,5,1,20,1,2,0,1,1,0,2,10,11,7,0,0,1,1,0,9,10,11,11,11,,1
3970,  5/24/2022 7:02,3,1,Promise,0,0,1,0,0,1,3,0,59,1,2,0,1,1,1,2,9,10,6,1,0,1,0,0,11,11,11,9,10,1,0
3972,  5/24/2022 4:09,3,1,Promise,0,0,1,0,0,1,5,1,29,0,2,0,2,1,0,11,11,11,7,0,1,1,1,0,9,9,9,9,10,1,0
3974,  5/24/2022 1:55,3,1,Trust,0,1,0,0,0,,6,1,49,1,3,1,2,1,1,3,11,7,3,1,0,1,0,0,10,11,10,2,4,,0
3976,  5/24/2022 7:00,3,1,Default_yes,0,0,0,1,0,1,3,1,38,1,3,1,1,1,0,3,1,11,7,1,0,0,1,0,11,11,11,11,11,,1
3978, 5/24/2022 10:32,3,1,Default_no,0,0,0,0,1,1,3,0,34,0,3,1,1,1,1,6,2,9,4,0,1,0,0,0,11,11,11,9,8,,1
3980,  5/24/2022 8:07,3,1,Promise,0,0,1,0,0,1,2,1,34,1,3,1,1,1,0,6,1,11,7,0,1,0,1,0,7,1,1,1,1,1,0
3982, 5/24/2022 10:57,3,1,Trust,0,1,0,0,0,,5,1,50,0,3,1,1,1,1,8,1,10,9,1,1,0,0,1,11,11,11,11,11,,0
3984, 5/24/2022 11:03,3,1,Promise,0,0,1,0,0,1,5,0,31,0,4,1,1,1,1,6,6,11,4,0,1,1,1,0,11,11,11,11,11,1,0
3986,  5/24/2022 4:31,3,1,Trust,0,1,0,0,0,,6,0,57,1,2,0,3,0,0,5,11,9,9,1,1,1,0,1,11,11,11,11,11,,0
3988,  5/24/2022 9:46,3,1,Default_no,0,0,0,0,1,1,6,1,23,0,2,0,1,1,1,3,6,11,1,0,0,1,1,0,11,11,6,4,11,,1
3990,  5/24/2022 1:12,3,1,Default_yes,0,0,0,1,0,1,2,0,27,0,3,1,1,1,1,4,11,11,8,0,0,1,1,1,9,11,11,8,11,,1
3992,  5/24/2022 6:55,3,1,Control,0,0,0,0,0,,4,0,37,1,3,1,2,1,1,2,1,11,8,1,0,0,1,1,11,11,11,11,4,0,0
3994,  5/24/2022 1:52,3,1,Control,0,0,0,0,0,,4,0,20,1,2,0,3,0,0,6,6,9,9,0,1,1,0,1,7,6,8,6,6,0,0
3996,  5/24/2022 5:15,3,1,Default_no,0,0,0,0,1,1,5,0,42,1,4,1,2,1,1,1,2,8,8,1,0,0,0,1,11,11,11,11,11,,1
3998,  5/24/2022 1:12,3,1,Default_yes,0,0,0,1,0,1,3,1,36,1,2,0,1,1,0,1,2,11,5,1,0,0,1,0,6,6,8,7,7,,1
4000, 5/24/2022 11:13,3,1,Default_yes,0,0,0,1,0,1,4,0,23,1,4,1,2,1,0,2,2,6,4,0,0,0,0,0,11,11,11,11,11,,1
4001,  5/24/2022 2:14,3,1,Control,0,0,0,0,0,,5,1,41,0,2,0,3,0,0,7,7,7,5,1,1,1,0,0,3,2,2,2,2,0,0
4002,  5/24/2022 4:45,3,1,Promise,0,0,1,0,0,1,6,1,41,1,2,0,1,1,1,4,2,8,3,1,0,0,0,0,11,10,11,11,9,1,0
4003,  5/24/2022 1:04,3,1,Trust_promise,1,0,0,0,0,1,4,1,32,1,2,0,1,1,1,4,1,6,4,0,0,0,0,0,10,11,11,9,11,1,0
4004, 5/24/2022 12:33,3,1,Trust,0,1,0,0,0,,4,0,28,0,3,1,1,1,0,1,1,11,8,0,0,0,1,1,9,10,11,3,2,,0
4005, 5/24/2022 11:43,3,1,Control,0,0,0,0,0,,4,0,62,0,2,0,3,0,0,1,3,8,9,1,0,0,0,1,11,11,11,11,11,0,0
4006,  5/24/2022 2:08,3,1,Default_yes,0,0,0,1,0,1,6,0,29,0,3,1,1,1,0,1,9,9,9,0,0,1,0,1,9,11,9,10,1,,1
4007,  5/24/2022 1:16,3,1,Trust,0,1,0,0,0,,5,1,20,1,2,0,2,1,0,2,1,9,4,0,0,0,0,0,11,10,11,11,8,,0
4008,  5/24/2022 1:43,3,1,Trust_promise,1,0,0,0,0,1,2,1,25,1,2,0,3,0,0,1,3,8,4,0,0,0,0,0,11,11,11,11,11,1,0
4009,  5/24/2022 5:37,3,1,Default_no,0,0,0,0,1,1,1,1,63,1,2,0,3,0,0,5,10,9,8,1,1,1,0,1,3,6,6,6,4,,1
4010, 5/24/2022 12:04,3,1,Trust_promise,1,0,0,0,0,1,4,1,47,1,2,0,1,1,0,1,1,9,10,1,0,0,0,1,11,11,11,1,1,1,0
4011, 5/24/2022 11:17,3,1,Trust_promise,1,0,0,0,0,1,4,1,42,0,2,0,1,1,0,1,11,11,8,1,0,1,1,1,11,11,11,9,11,1,0
4012,  5/24/2022 3:35,3,1,Control,0,0,0,0,0,,4,0,58,1,3,1,1,1,1,4,6,10,9,1,0,1,0,1,11,11,11,1,11,0,0
4013,  5/24/2022 1:03,3,1,Default_no,0,0,0,0,1,1,6,0,50,0,3,1,1,1,1,5,1,8,8,1,1,0,0,1,11,11,11,11,11,,1
4014,  5/24/2022 6:35,3,1,Default_no,0,0,0,0,1,1,6,1,20,1,2,0,2,1,0,4,2,5,4,0,0,0,0,0,10,10,10,10,10,,1
4015,  5/24/2022 2:44,3,1,Default_no,0,0,0,0,1,1,1,0,35,1,4,1,2,1,1,4,9,9,6,1,0,1,0,0,11,11,11,11,11,,1
4016,  5/24/2022 1:23,3,1,Default_no,0,0,0,0,1,1,5,0,36,0,4,1,2,1,1,6,2,11,8,1,1,0,1,1,11,11,11,11,11,,1
4017,  5/24/2022 4:53,3,1,Trust,0,1,0,0,0,,4,1,37,0,2,0,3,0,0,1,1,11,8,1,0,0,1,1,6,1,1,1,1,,0
4018,  5/24/2022 4:56,3,1,Trust,0,1,0,0,0,,5,1,21,1,2,0,3,0,0,1,6,6,6,0,0,1,0,0,11,11,11,11,1,,0
4019,  5/24/2022 5:48,3,1,Trust_promise,1,0,0,0,0,1,5,0,37,0,2,0,1,1,0,1,1,6,4,1,0,0,0,0,9,9,11,2,1,1,0
4020,  5/24/2022 8:07,3,1,Trust,0,1,0,0,0,,1,1,37,0,3,1,1,1,1,1,3,6,9,1,0,0,0,1,1,6,5,1,5,,0
4021,  5/24/2022 1:59,3,1,Trust,0,1,0,0,0,,1,0,22,1,2,0,2,1,0,5,2,9,9,0,1,0,0,1,9,10,11,10,9,,0
4022, 5/24/2022 12:37,3,1,Control,0,0,0,0,0,,6,0,51,1,3,1,1,1,1,9,1,8,4,1,1,0,0,0,9,11,11,5,6,0,0
4023, 5/24/2022 11:19,3,1,Trust_promise,1,0,0,0,0,1,2,0,31,0,2,0,1,1,1,9,1,10,7,0,1,0,0,0,9,8,10,7,8,1,0
4024,  5/25/2022 8:04,3,1,Default_yes,0,0,0,1,0,1,3,0,43,0,3,1,1,1,1,11,11,11,8,1,1,1,1,1,11,11,11,11,11,,1
4025, 5/24/2022 12:50,3,1,Default_no,0,0,0,0,1,1,4,1,30,0,2,0,1,1,0,8,3,8,6,0,1,0,0,0,8,8,8,9,10,,1
4026,  5/24/2022 4:32,3,1,Default_yes,0,0,0,1,0,1,2,0,57,1,4,1,1,1,1,6,1,8,9,1,1,0,0,1,11,11,11,11,11,,1
4027,  5/24/2022 5:03,3,1,Default_no,0,0,0,0,1,1,2,1,26,1,4,1,2,1,0,4,11,5,5,0,0,1,0,0,11,9,11,11,11,,1
4028,  5/24/2022 7:55,3,1,Promise,0,0,1,0,0,1,5,0,53,1,4,1,2,1,1,6,11,11,9,1,1,1,1,1,11,11,11,11,10,1,0
4029, 5/24/2022 12:35,3,1,Default_yes,0,0,0,1,0,1,2,1,47,0,2,0,1,1,1,5,11,5,8,1,1,1,0,1,6,6,6,5,6,,1
4030, 5/24/2022 12:07,3,1,Default_no,0,0,0,0,1,1,5,1,44,0,2,0,1,1,0,1,1,9,7,1,0,0,0,0,11,11,11,11,11,,1
4031, 5/24/2022 12:59,3,1,Promise,0,0,1,0,0,1,5,0,20,0,2,0,3,0,0,6,1,11,7,0,1,0,1,0,8,7,7,7,7,1,0
4032,  5/25/2022 8:36,3,1,Default_no,0,0,0,0,1,1,5,0,45,0,4,1,1,1,1,10,10,9,6,1,1,1,0,0,9,11,11,6,8,,1
4033, 5/24/2022 12:22,3,1,Default_yes,0,0,0,1,0,1,1,0,48,1,4,1,1,1,1,2,10,10,5,1,0,1,0,0,9,11,11,11,11,,1
4034, 5/24/2022 11:51,3,1,Default_yes,0,0,0,1,0,1,1,1,29,0,5,1,1,1,1,1,2,11,8,0,0,0,1,1,6,8,8,6,10,,1
4035, 5/24/2022 12:05,3,1,Default_yes,0,0,0,1,0,1,5,1,35,0,3,1,1,1,1,3,1,6,9,1,0,0,0,1,8,8,8,9,8,,1
4036, 5/24/2022 12:27,3,1,Trust_promise,1,0,0,0,0,1,4,1,26,0,3,1,1,1,1,6,3,11,2,0,1,0,1,0,11,11,11,11,11,1,0
4037,  5/24/2022 1:11,3,1,Default_yes,0,0,0,1,0,1,5,0,63,1,3,1,1,1,0,3,2,7,9,1,0,0,0,1,10,10,10,10,10,,1
4038,  5/24/2022 6:20,3,1,Trust_promise,1,0,0,0,0,1,3,0,25,0,2,0,1,1,1,11,11,10,5,0,1,1,0,0,6,7,10,3,2,1,0
4039, 5/24/2022 12:34,3,1,Trust_promise,1,0,0,0,0,1,4,1,19,1,2,0,3,0,0,3,1,11,5,0,0,0,1,0,11,11,11,11,8,1,0
4040,  5/24/2022 1:11,3,1,Promise,0,0,1,0,0,1,3,0,34,1,2,0,3,0,0,6,11,11,8,0,1,1,1,1,6,6,9,6,6,1,0
4041, 5/24/2022 12:24,3,1,Default_no,0,0,0,0,1,1,3,1,37,0,2,0,2,1,1,2,1,11,2,1,0,0,1,0,10,10,11,9,10,,1
4042, 5/25/2022 12:31,3,1,Default_yes,0,0,0,1,0,1,4,0,39,0,5,1,2,1,1,4,1,10,8,1,0,0,0,1,8,10,10,10,10,,1
4043,  5/24/2022 1:22,3,1,Default_no,0,0,0,0,1,1,1,0,40,0,4,1,1,1,1,3,1,10,9,1,0,0,0,1,11,11,11,11,11,,1
4044, 5/24/2022 11:25,3,1,Control,0,0,0,0,0,,5,0,37,0,3,1,1,1,1,11,11,4,6,1,1,1,0,0,11,11,11,11,1,0,0
4045,  5/24/2022 4:59,3,1,Control,0,0,0,0,0,,4,1,22,1,4,1,1,1,1,6,8,9,9,0,1,1,0,1,11,11,11,11,10,0,0
4046,  5/24/2022 4:33,3,1,Trust,0,1,0,0,0,,5,0,30,0,4,1,2,1,1,3,11,11,6,0,0,1,1,0,8,11,11,8,11,,0
4047,  5/24/2022 1:59,3,1,Trust_promise,1,0,0,0,0,1,5,0,34,1,3,1,2,1,1,6,11,8,11,0,1,1,0,1,11,11,11,11,11,1,0
4048, 5/24/2022 12:29,3,1,Trust,0,1,0,0,0,,5,0,30,0,3,1,1,1,1,4,3,10,7,0,0,0,0,0,11,11,11,11,11,,0
4049, 5/24/2022 11:41,3,1,Trust_promise,1,0,0,0,0,1,3,1,34,1,3,1,1,1,0,1,1,9,9,0,0,0,0,1,11,11,11,11,9,1,0
4050,  5/25/2022 7:41,3,1,Promise,0,0,1,0,0,1,2,0,48,0,3,1,1,1,1,2,3,11,4,1,0,0,1,0,9,10,11,10,11,1,0
4051,  5/24/2022 5:26,3,1,Control,0,0,0,0,0,,4,1,24,0,3,1,1,1,0,6,1,8,6,0,1,0,0,0,9,6,8,3,1,0,0
4052,  5/24/2022 2:10,3,1,Promise,0,0,1,0,0,1,3,1,36,0,2,0,1,1,1,8,10,11,8,1,1,1,1,1,11,11,11,11,11,1,0
4053,  5/24/2022 3:16,3,1,Promise,0,0,1,0,0,1,2,0,47,0,3,1,1,1,1,7,9,10,8,1,1,1,0,1,1,8,10,5,8,1,0
4054,  5/24/2022 1:11,3,1,Trust_promise,1,0,0,0,0,1,2,1,60,1,4,1,2,1,0,5,9,7,7,1,1,1,0,0,9,9,9,9,9,1,0
4055,  5/24/2022 6:56,3,1,Control,0,0,0,0,0,,1,0,57,1,3,1,1,1,1,11,11,9,9,1,1,1,0,1,11,11,11,11,11,0,0
4056,  5/24/2022 5:48,3,1,Trust_promise,1,0,0,0,0,1,4,0,24,0,2,0,3,0,1,1,6,11,9,0,0,1,1,1,11,11,11,11,11,1,0
4057,  5/24/2022 5:50,3,1,Promise,0,0,1,0,0,1,3,1,27,0,2,0,1,1,0,6,3,11,6,0,1,0,1,0,11,11,11,11,11,1,0
4058,  5/24/2022 2:07,3,1,Default_no,0,0,0,0,1,1,4,1,35,0,2,0,1,1,0,6,1,11,2,1,1,0,1,0,6,6,11,6,6,,1
4059,  5/24/2022 2:42,3,1,Default_no,0,0,0,0,1,1,3,1,28,1,4,1,1,1,1,5,1,10,8,0,1,0,0,1,10,10,10,10,10,,1
4060,  5/24/2022 7:32,3,1,Default_yes,0,0,0,1,0,1,6,1,53,1,4,1,1,1,1,3,1,9,5,1,0,0,0,0,11,11,11,11,11,,1
4061, 5/25/2022 10:01,3,1,Default_no,0,0,0,0,1,1,4,0,32,0,3,1,1,1,0,1,9,11,4,0,0,1,1,0,10,11,11,8,3,,1
4062, 5/24/2022 11:35,3,1,Promise,0,0,1,0,0,1,1,0,23,1,3,1,2,1,0,1,1,9,6,0,0,0,0,0,10,10,11,8,10,1,0
4063,  5/24/2022 1:46,3,1,Control,0,0,0,0,0,,3,1,25,0,3,1,2,1,1,1,1,11,1,0,0,0,1,0,11,11,11,11,11,0,0
4064, 5/24/2022 12:29,3,1,Trust_promise,1,0,0,0,0,1,6,0,44,0,2,0,3,0,0,1,1,6,1,1,0,0,0,0,6,11,11,9,11,1,0
4065, 5/24/2022 12:15,3,1,Promise,0,0,1,0,0,1,4,1,56,0,3,1,1,1,1,1,2,7,9,1,0,0,0,1,10,11,11,7,10,1,0
4066,  5/24/2022 8:32,3,1,Trust,0,1,0,0,0,,1,0,36,0,4,1,2,1,1,3,9,6,7,1,0,1,0,0,11,11,11,11,11,,0
4067,  5/24/2022 1:18,3,1,Default_no,0,0,0,0,1,1,6,1,49,1,3,1,1,1,1,9,9,10,4,1,1,1,0,0,11,11,11,11,1,,1
4068, 5/24/2022 11:42,3,1,Trust,0,1,0,0,0,,5,1,37,0,3,1,1,1,0,3,3,7,8,1,0,0,0,1,11,11,10,6,7,,0
4069, 5/24/2022 11:39,3,1,Trust_promise,1,0,0,0,0,1,3,1,62,0,3,1,2,1,0,10,11,11,10,1,1,1,1,1,11,11,11,11,11,1,0
4070,  5/25/2022 9:13,3,1,Default_no,0,0,0,0,1,1,2,1,22,0,3,1,2,1,1,4,2,11,8,0,0,0,1,1,11,11,11,11,11,,1
4071,  5/24/2022 2:00,3,1,Promise,0,0,1,0,0,1,1,0,24,1,3,1,2,1,1,2,11,11,8,0,0,1,1,1,11,11,11,7,8,1,0
4072,  5/24/2022 5:07,3,1,Default_yes,0,0,0,1,0,1,1,0,40,0,3,1,1,1,1,7,11,11,9,1,1,1,1,1,11,11,11,11,11,,1
4073,  5/24/2022 2:48,3,1,Trust_promise,1,0,0,0,0,1,4,1,29,0,4,1,1,1,1,1,1,6,5,0,0,0,0,0,7,6,7,7,8,1,0
4074, 5/24/2022 12:23,3,1,Default_no,0,0,0,0,1,1,2,0,38,0,2,0,2,1,0,5,5,7,7,1,1,0,0,0,11,11,11,11,11,,1
4075,  5/24/2022 5:44,3,1,Trust_promise,1,0,0,0,0,1,6,1,45,0,2,0,1,1,1,8,11,4,1,1,1,1,0,0,1,1,1,1,1,1,0
4076,  5/24/2022 6:31,3,1,Promise,0,0,1,0,0,1,3,1,34,0,3,1,1,1,1,3,3,9,6,0,0,0,0,0,9,10,9,9,10,1,0
4077,  5/24/2022 4:54,3,1,Promise,0,0,1,0,0,1,2,1,27,0,3,1,1,1,0,2,11,11,11,0,0,1,1,1,9,11,8,10,9,1,0
4078,  5/24/2022 2:16,3,1,Default_yes,0,0,0,1,0,1,1,0,41,0,2,0,3,0,0,5,3,9,8,1,1,0,0,1,9,9,9,6,8,,1
4079, 5/24/2022 11:32,3,1,Trust,0,1,0,0,0,,1,0,49,0,2,0,1,1,0,3,1,10,7,1,0,0,0,0,8,11,11,11,11,,0
4080,  5/24/2022 1:04,3,1,Trust,0,1,0,0,0,,2,0,71,1,2,0,3,0,0,4,11,9,5,1,0,1,0,0,11,11,11,11,11,,0
4081,  5/25/2022 9:47,3,1,Trust_promise,1,0,0,0,0,1,3,1,33,0,2,0,1,1,0,1,1,8,9,0,0,0,0,1,9,10,10,7,8,1,0
4082, 5/25/2022 10:25,3,1,Promise,0,0,1,0,0,1,5,0,24,0,3,1,1,1,1,3,3,10,8,0,0,0,0,1,11,11,11,11,9,1,0
4083,  5/24/2022 1:52,3,1,Trust,0,1,0,0,0,,1,1,28,0,2,0,1,1,0,1,6,9,8,0,0,1,0,1,1,1,8,1,3,,0
4084,  5/24/2022 6:35,3,1,Default_no,0,0,0,0,1,1,5,1,23,1,2,0,3,0,0,5,6,9,8,0,1,1,0,1,11,10,11,10,6,,1
4085,  5/24/2022 5:14,3,1,Default_no,0,0,0,0,1,1,1,1,30,1,2,0,3,0,0,5,1,10,8,0,1,0,0,1,11,11,11,11,11,,1
4086,  5/25/2022 4:55,3,1,Trust,0,1,0,0,0,,4,0,29,0,3,1,2,1,0,3,2,10,8,0,0,0,0,1,11,11,11,11,11,,0
4087, 5/24/2022 10:51,3,1,Default_yes,0,0,0,1,0,1,5,1,22,1,2,0,3,0,0,6,6,9,6,0,1,1,0,0,6,7,6,6,5,,1
4088,  5/24/2022 1:57,3,1,Default_no,0,0,0,0,1,1,6,1,37,1,2,0,1,1,0,6,11,11,4,1,1,1,1,0,11,11,11,11,1,,1
4089,  5/24/2022 3:33,3,1,Promise,0,0,1,0,0,1,6,0,31,1,4,1,2,1,1,4,2,11,8,0,0,0,1,1,11,11,11,11,11,1,0
4090,  5/24/2022 1:27,3,1,Promise,0,0,1,0,0,1,3,0,66,1,3,1,2,1,1,10,10,10,8,1,1,1,0,1,11,11,11,11,11,1,0
4091,  5/24/2022 7:30,3,1,Control,0,0,0,0,0,,6,0,55,1,2,0,1,1,1,6,10,10,7,1,1,1,0,0,10,10,11,8,11,0,0
4092,  5/24/2022 3:05,3,1,Promise,0,0,1,0,0,1,2,0,60,0,3,1,1,1,1,10,11,11,9,1,1,1,1,1,11,11,11,11,11,1,0
4093,  5/25/2022 8:14,3,1,Default_no,0,0,0,0,1,1,4,0,26,0,4,1,1,1,0,1,2,5,9,0,0,0,0,1,1,1,11,1,1,,1
4094, 5/24/2022 12:50,3,1,Default_no,0,0,0,0,1,1,2,0,24,1,2,0,3,0,0,1,1,6,3,0,0,0,0,0,6,10,10,10,10,,1
4095, 5/24/2022 12:23,3,1,Default_no,0,0,0,0,1,1,5,1,64,1,2,0,3,0,0,2,11,11,9,1,0,1,1,1,3,11,11,11,7,,1
4096,  5/24/2022 1:08,3,1,Trust,0,1,0,0,0,,1,1,35,0,3,1,2,1,0,3,10,9,8,1,0,1,0,1,11,11,11,11,11,,0
4097,  5/24/2022 4:39,3,1,Trust_promise,1,0,0,0,0,1,5,0,46,1,2,0,1,1,0,4,11,11,9,1,0,1,1,1,11,11,11,10,9,1,0
4098, 5/24/2022 12:20,3,1,Trust_promise,1,0,0,0,0,1,4,0,20,1,2,0,3,0,0,3,8,9,6,0,0,1,0,0,10,10,11,11,10,1,0
4099,  5/24/2022 5:58,3,1,Trust_promise,1,0,0,0,0,1,4,1,25,1,4,1,2,1,0,2,9,11,8,0,0,1,1,1,11,11,11,11,11,1,0
4100, 5/24/2022 11:38,3,1,Trust,0,1,0,0,0,,5,1,37,0,2,0,1,1,0,6,1,10,4,1,1,0,0,0,9,8,9,6,7,,0
4101,  5/24/2022 2:22,3,1,Control,0,0,0,0,0,,3,0,63,1,2,0,3,0,0,11,11,11,1,1,1,1,1,0,1,11,11,1,11,0,0
4102,  5/24/2022 7:28,3,1,Trust,0,1,0,0,0,,3,1,28,1,3,1,2,1,1,6,11,8,5,0,1,1,0,0,6,9,6,5,6,,0
4103, 5/24/2022 11:50,3,1,Default_yes,0,0,0,1,0,1,5,1,55,1,2,0,3,0,0,7,9,8,7,1,1,1,0,0,11,11,11,11,11,,1
4104,  5/24/2022 7:10,3,1,Control,0,0,0,0,0,,1,0,46,1,2,0,1,1,0,3,6,6,7,1,0,1,0,0,10,11,11,11,9,0,0
4105, 5/24/2022 12:48,3,1,Trust_promise,1,0,0,0,0,1,6,1,25,1,2,0,1,1,1,4,11,9,7,0,0,1,0,0,11,11,11,11,1,1,0
4106,  5/24/2022 7:27,3,1,Default_no,0,0,0,0,1,1,2,0,37,1,4,1,2,1,1,3,8,9,6,1,0,1,0,0,5,7,8,5,7,,1
4107,  5/24/2022 7:27,3,1,Default_yes,0,0,0,1,0,1,5,0,34,0,4,1,2,1,1,4,6,8,8,0,0,1,0,1,11,11,11,11,11,,1
4108,  5/24/2022 3:23,3,1,Trust_promise,1,0,0,0,0,1,6,0,20,1,2,0,1,1,0,4,7,9,7,0,0,1,0,0,11,11,9,11,8,1,0
4109,  5/24/2022 9:15,3,1,Default_yes,0,0,0,1,0,1,3,1,31,0,5,1,2,1,1,2,3,2,3,0,0,0,0,0,9,9,8,9,6,,1
4110, 5/24/2022 11:00,3,1,Trust,0,1,0,0,0,,2,0,50,0,5,1,1,1,1,1,1,5,5,1,0,0,0,0,10,11,8,8,6,,0
4111,  5/24/2022 3:09,3,1,Trust_promise,1,0,0,0,0,1,3,1,33,1,4,1,1,1,0,6,11,11,8,0,1,1,1,1,6,6,6,6,6,1,0
4112,  5/24/2022 4:48,3,1,Default_yes,0,0,0,1,0,1,5,0,53,0,3,1,1,1,1,5,2,3,4,1,1,0,0,0,11,11,11,9,8,,1
4113, 5/24/2022 11:54,3,1,Promise,0,0,1,0,0,1,4,1,39,1,3,1,3,0,0,2,3,11,7,1,0,0,1,0,9,5,6,9,10,1,0
4114,  5/25/2022 7:15,3,1,Default_no,0,0,0,0,1,1,5,0,41,0,5,1,1,1,1,5,1,9,9,1,1,0,0,1,8,11,11,11,8,,1
4115,  5/24/2022 1:45,3,1,Default_yes,0,0,0,1,0,1,3,0,57,1,2,0,1,1,0,9,9,11,2,1,1,1,1,0,11,11,11,11,11,,1
4116, 5/24/2022 11:13,3,1,Trust_promise,1,0,0,0,0,1,3,1,48,1,2,0,1,1,1,1,1,11,9,1,0,0,1,1,10,10,11,11,11,1,0
4117, 5/24/2022 11:58,3,1,Promise,0,0,1,0,0,1,5,1,31,0,2,0,3,0,0,6,8,9,6,0,1,1,0,0,8,9,9,5,7,1,0
4118, 5/24/2022 12:59,3,1,Default_yes,0,0,0,1,0,1,6,0,38,1,3,1,2,1,1,11,11,11,1,1,1,1,1,0,1,11,11,11,1,,1
4119, 5/24/2022 11:53,3,1,Default_no,0,0,0,0,1,1,4,1,23,0,2,0,3,0,0,6,1,10,5,0,1,0,0,0,3,9,9,9,1,,1
4120,  5/24/2022 1:32,3,1,Promise,0,0,1,0,0,1,3,0,58,1,3,1,2,1,1,8,11,11,9,1,1,1,1,1,11,11,11,11,11,1,0
4121,  5/24/2022 3:19,3,1,Promise,0,0,1,0,0,1,1,1,20,1,3,1,2,1,0,4,9,9,4,0,0,1,0,0,9,11,11,10,10,1,0
4122,  5/24/2022 1:30,3,1,Default_yes,0,0,0,1,0,1,1,1,26,1,4,1,1,1,1,5,1,10,8,0,1,0,0,1,11,11,11,9,10,,1
4123,  5/24/2022 3:07,3,1,Default_no,0,0,0,0,1,1,5,0,20,1,3,1,3,0,0,6,11,11,9,0,1,1,1,1,11,11,11,11,11,,1
4124, 5/24/2022 11:30,3,1,Control,0,0,0,0,0,,4,1,26,1,3,1,1,1,1,1,2,6,8,0,0,0,0,1,10,10,10,10,10,0,0
4125,  5/24/2022 2:51,3,1,Default_no,0,0,0,0,1,1,6,0,33,1,5,1,1,1,1,2,3,11,8,0,0,0,1,1,10,10,10,10,10,,1
4126, 5/24/2022 11:01,3,1,Control,0,0,0,0,0,,2,1,23,1,3,1,3,0,0,1,2,11,6,0,0,0,1,0,2,1,1,1,1,0,0
4127, 5/24/2022 11:58,3,1,Trust_promise,1,0,0,0,0,1,3,1,62,0,5,1,2,1,1,10,9,6,3,1,1,1,0,0,11,11,11,11,11,1,0
4128,  5/24/2022 5:28,3,1,Default_yes,0,0,0,1,0,1,1,0,49,0,4,1,2,1,1,5,11,11,1,1,1,1,1,0,1,11,11,6,1,,1
4129,  5/24/2022 6:00,3,1,Default_no,0,0,0,0,1,1,5,0,21,1,2,0,2,1,0,2,10,10,8,0,0,1,0,1,9,9,9,9,9,,1
4130,  5/24/2022 1:05,3,1,Control,0,0,0,0,0,,1,1,20,1,2,0,1,1,0,5,11,9,9,0,1,1,0,1,10,10,10,10,10,0,0
4131,  5/24/2022 4:00,3,1,Default_yes,0,0,0,1,0,1,6,1,44,0,3,1,1,1,1,2,5,9,8,1,0,0,0,1,9,10,10,10,10,,1
4132,  5/24/2022 2:10,3,1,Default_yes,0,0,0,1,0,1,5,0,36,0,3,1,1,1,1,5,1,10,8,1,1,0,0,1,10,11,11,8,11,,1
4133,  5/25/2022 3:21,3,1,Default_no,0,0,0,0,1,1,5,1,20,0,2,0,3,0,0,3,8,9,7,0,0,1,0,0,11,7,8,10,11,,1
4134, 5/24/2022 12:05,3,1,Promise,0,0,1,0,0,1,5,0,54,0,3,1,1,1,1,8,11,11,3,1,1,1,1,0,10,10,10,10,11,1,0
4135,  5/24/2022 6:26,3,1,Default_no,0,0,0,0,1,1,4,0,46,0,2,0,3,0,0,5,2,9,4,1,1,0,0,0,11,11,11,11,11,,1
4136,  5/24/2022 1:01,3,1,Control,0,0,0,0,0,,4,0,34,1,2,0,1,1,1,3,11,9,5,0,0,1,0,0,11,11,11,11,11,0,0
4137,  5/24/2022 1:00,3,1,Trust_promise,1,0,0,0,0,1,6,0,29,1,2,0,2,1,1,6,11,11,7,0,1,1,1,0,10,11,11,11,8,1,0
4138, 5/24/2022 11:47,3,1,Control,0,0,0,0,0,,6,1,42,1,4,1,2,1,1,6,9,9,5,1,1,1,0,0,4,10,10,10,9,0,0
4139,  5/24/2022 5:49,3,1,Trust_promise,1,0,0,0,0,1,5,1,22,1,3,1,2,1,1,3,8,6,5,0,0,1,0,0,10,9,10,9,9,1,0
4140,  5/25/2022 7:43,3,1,Trust_promise,1,0,0,0,0,1,5,0,32,0,4,1,2,1,1,6,10,11,3,0,1,1,1,0,7,11,11,11,10,1,0
4141, 5/24/2022 12:58,3,1,Default_no,0,0,0,0,1,1,4,0,39,1,3,1,1,1,1,2,11,11,3,1,0,1,1,0,11,11,11,11,11,,1
4142,  5/24/2022 4:15,3,1,Trust,0,1,0,0,0,,3,1,20,0,2,0,3,0,0,6,8,11,7,0,1,1,1,0,11,11,11,11,11,,0
4143,  5/24/2022 7:16,3,1,Default_yes,0,0,0,1,0,1,4,0,34,1,3,1,1,1,1,2,2,4,7,0,0,0,0,0,7,5,5,7,6,,1
4144, 5/24/2022 12:22,3,1,Default_yes,0,0,0,1,0,1,6,0,20,0,2,0,1,1,1,6,11,7,6,0,1,1,0,0,8,9,8,6,6,,1
4145,  5/24/2022 7:33,3,1,Trust_promise,1,0,0,0,0,1,4,0,47,1,3,1,1,1,1,3,2,11,8,1,0,0,1,1,11,11,11,11,11,1,0
4146,  5/24/2022 1:12,3,1,Promise,0,0,1,0,0,1,1,0,26,1,2,0,2,1,0,1,1,11,5,0,0,0,1,0,11,11,11,10,6,1,0
4147, 5/24/2022 12:59,3,1,Default_no,0,0,0,0,1,1,1,1,37,1,3,1,1,1,1,3,1,11,4,1,0,0,1,0,11,10,10,11,10,,1
4148, 5/24/2022 12:04,3,1,Promise,0,0,1,0,0,1,1,0,40,0,3,1,1,1,1,1,1,8,9,1,0,0,0,1,10,11,10,11,8,1,0
4149, 5/24/2022 12:22,3,1,Control,0,0,0,0,0,,2,1,41,0,2,0,1,1,1,8,11,7,5,1,1,1,0,0,9,1,9,1,3,0,0
4150,  5/24/2022 5:20,3,1,Trust,0,1,0,0,0,,1,0,41,1,3,1,1,1,0,2,2,8,7,1,0,0,0,0,7,2,7,2,2,,0
4151,  5/25/2022 5:05,3,1,Trust_promise,1,0,0,0,0,1,2,0,59,0,2,0,1,1,1,6,10,10,9,1,1,1,0,1,10,11,11,10,11,1,0
4152,  5/24/2022 4:05,3,1,Trust,0,1,0,0,0,,3,0,66,1,3,1,1,1,0,9,11,11,9,1,1,1,1,1,11,11,11,11,11,,0
4153, 5/24/2022 12:33,3,1,Control,0,0,0,0,0,,5,0,36,1,3,1,1,1,1,1,3,9,7,1,0,0,0,0,11,11,11,11,11,0,0
4154,  5/24/2022 5:42,3,1,Promise,0,0,1,0,0,1,5,1,39,0,4,1,1,1,1,6,2,10,6,1,1,0,0,0,10,11,10,9,6,1,0
4155, 5/24/2022 11:48,3,1,Promise,0,0,1,0,0,1,1,0,32,1,2,0,1,1,1,9,1,11,5,0,1,0,1,0,8,11,11,11,11,1,0
4156,  5/24/2022 9:39,3,1,Trust,0,1,0,0,0,,2,1,21,0,2,0,2,1,0,6,11,11,4,0,1,1,1,0,9,9,10,10,3,,0
4157,  5/24/2022 3:34,3,1,Control,0,0,0,0,0,,2,0,24,1,2,0,1,1,0,10,11,11,7,0,1,1,1,0,11,11,11,11,8,0,0
4158, 5/24/2022 11:25,3,1,Promise,0,0,1,0,0,1,1,1,22,0,3,1,1,1,1,1,1,11,6,0,0,0,1,0,11,6,6,1,1,1,0
4159, 5/24/2022 11:59,3,1,Trust,0,1,0,0,0,,3,1,50,1,5,1,2,1,1,9,2,8,6,1,1,0,0,0,3,2,2,1,1,,0
4160, 5/24/2022 11:23,3,1,Trust_promise,1,0,0,0,0,1,5,0,32,1,4,1,2,1,1,6,11,10,6,0,1,1,0,0,4,9,9,11,11,1,0
4161,  5/24/2022 1:04,3,1,Promise,0,0,1,0,0,1,5,0,24,0,3,1,1,1,1,5,10,9,5,0,1,1,0,0,8,10,9,8,9,1,0
4162,  5/25/2022 8:46,3,1,Promise,0,0,1,0,0,1,6,1,25,0,4,1,1,1,1,4,4,9,5,0,0,0,0,0,8,9,9,7,11,1,0
4163,  5/25/2022 6:01,3,1,Promise,0,0,1,0,0,1,1,0,23,0,2,0,1,1,0,1,1,9,6,0,0,0,0,0,6,8,7,5,3,1,0
4164,  5/24/2022 2:52,3,1,Trust,0,1,0,0,0,,1,0,60,0,3,1,1,1,1,1,1,10,3,1,0,0,0,0,11,11,11,11,7,,0
4165,  5/25/2022 5:31,3,1,Trust,0,1,0,0,0,,3,0,30,0,2,0,3,0,0,1,1,11,3,0,0,0,1,0,1,7,7,2,3,,0
4166,  5/24/2022 1:02,3,1,Trust_promise,1,0,0,0,0,1,4,1,37,0,3,1,1,1,1,1,1,10,2,1,0,0,0,0,11,11,11,11,11,1,0
4167,  5/24/2022 7:33,3,1,Default_no,0,0,0,0,1,1,3,1,34,1,3,1,1,1,1,3,3,9,7,0,0,0,0,0,8,8,8,7,6,,1
4168, 5/24/2022 12:23,3,1,Trust_promise,1,0,0,0,0,1,4,1,47,1,2,0,3,0,0,6,11,11,6,1,1,1,1,0,11,11,11,11,11,1,0
4169, 5/24/2022 12:26,3,1,Trust_promise,1,0,0,0,0,1,2,0,26,1,3,1,2,1,0,6,1,1,6,0,1,0,0,0,11,11,11,11,11,1,0
4170, 5/24/2022 10:53,3,1,Trust_promise,1,0,0,0,0,1,2,0,35,0,2,0,1,1,0,4,1,1,9,1,0,0,0,1,11,11,11,9,10,1,0
4171,  5/24/2022 6:01,3,1,Control,0,0,0,0,0,,1,1,38,0,3,1,1,1,1,2,1,9,6,1,0,0,0,0,9,6,9,6,6,0,0
4172, 5/24/2022 12:35,3,1,Trust,0,1,0,0,0,,4,1,34,0,2,0,1,1,0,8,11,11,4,0,1,1,1,0,8,6,6,1,4,,0
4173, 5/24/2022 12:37,3,1,Trust,0,1,0,0,0,,3,1,35,1,3,1,1,1,0,6,4,10,10,1,1,0,0,1,10,10,10,10,6,,0
4174,  5/24/2022 7:26,3,1,Promise,0,0,1,0,0,1,4,0,65,1,3,1,3,0,1,1,11,11,2,1,0,1,1,0,11,11,11,11,11,1,0
4175,  5/24/2022 7:14,3,1,Promise,0,0,1,0,0,1,3,1,46,1,3,1,3,0,0,6,9,9,7,1,1,1,0,0,11,11,11,10,11,1,0
4176,  5/24/2022 1:23,3,1,Control,0,0,0,0,0,,5,1,56,1,2,0,2,1,0,6,11,9,8,1,1,1,0,1,10,11,11,11,11,0,0
4177,  5/24/2022 1:06,3,1,Default_no,0,0,0,0,1,1,4,0,59,1,3,1,3,0,1,11,11,11,9,1,1,1,1,1,11,11,11,11,11,,1
4178, 5/24/2022 12:06,3,1,Control,0,0,0,0,0,,5,0,34,1,3,1,1,1,1,1,1,11,6,0,0,0,1,0,11,11,11,11,11,0,0
4179, 5/24/2022 11:18,3,1,Trust,0,1,0,0,0,,3,0,36,0,3,1,1,1,1,11,11,6,6,1,1,1,0,0,11,11,11,11,1,,0
4180,  5/24/2022 1:24,3,1,Default_no,0,0,0,0,1,1,5,0,58,1,2,0,3,0,1,6,9,10,8,1,1,1,0,1,11,11,11,2,11,,1
4181, 5/24/2022 12:29,3,1,Default_no,0,0,0,0,1,1,4,1,46,0,3,1,1,1,1,6,11,11,7,1,1,1,1,0,11,11,11,11,11,,1
4182,  5/24/2022 4:33,3,1,Trust,0,1,0,0,0,,1,0,63,0,4,1,1,1,0,7,4,11,8,1,1,0,1,1,9,10,10,8,5,,0
4183,  5/24/2022 2:36,3,1,Trust_promise,1,0,0,0,0,1,1,0,43,1,2,0,1,1,0,6,1,11,3,1,1,0,1,0,8,11,11,11,11,1,0
4184,  5/24/2022 5:58,3,1,Trust_promise,1,0,0,0,0,1,1,0,45,1,4,1,2,1,1,4,11,10,9,1,0,1,0,1,11,11,11,11,11,1,0
4185,  5/24/2022 3:43,3,1,Promise,0,0,1,0,0,1,6,0,34,1,3,1,1,1,0,2,6,6,2,0,0,1,0,0,11,11,11,11,8,1,0
4186,  5/24/2022 4:14,3,1,Default_yes,0,0,0,1,0,1,6,1,35,0,2,0,3,0,0,1,2,7,9,1,0,0,0,1,9,9,7,3,4,,1
4187, 5/24/2022 12:28,3,1,Control,0,0,0,0,0,,2,0,37,1,3,1,3,0,1,2,6,10,8,1,0,1,0,1,10,11,10,11,10,0,0
4188,  5/24/2022 7:19,3,1,Default_no,0,0,0,0,1,1,3,0,31,0,2,0,1,1,0,1,9,7,1,0,0,1,0,0,3,1,3,1,3,,1
4189,  5/24/2022 1:28,3,1,Trust,0,1,0,0,0,,2,0,46,0,3,1,1,1,1,11,1,11,1,1,1,0,1,0,11,11,11,6,11,,0
4190,  5/24/2022 5:59,3,1,Promise,0,0,1,0,0,1,3,1,22,1,2,0,3,0,0,1,1,11,8,0,0,0,1,1,8,11,11,11,11,1,0
4191,  5/24/2022 8:02,3,1,Control,0,0,0,0,0,,3,1,20,1,2,0,3,0,0,3,1,11,7,0,0,0,1,0,11,11,11,11,11,0,0
4192, 5/24/2022 12:21,3,1,Default_yes,0,0,0,1,0,1,3,1,30,0,3,1,1,1,1,6,6,8,7,0,1,1,0,0,6,9,8,7,8,,1
4193,  5/24/2022 2:11,3,1,Control,0,0,0,0,0,,1,1,61,1,4,1,3,0,1,9,1,8,7,1,1,0,0,0,11,11,10,11,11,0,0
4194,  5/24/2022 1:12,3,1,Default_yes,0,0,0,1,0,1,1,0,24,0,3,1,2,1,1,3,1,9,6,0,0,0,0,0,11,11,11,11,11,,1
4195, 5/24/2022 12:03,3,1,Control,0,0,0,0,0,,1,0,33,0,4,1,1,1,1,5,11,11,7,0,1,1,1,0,11,11,11,9,10,0,0
4196, 5/24/2022 12:33,3,1,Trust,0,1,0,0,0,,4,0,51,0,3,1,1,1,0,3,11,10,8,1,0,1,0,1,11,11,11,6,6,,0
4197,  5/24/2022 5:42,3,1,Default_yes,0,0,0,1,0,1,4,1,43,1,4,1,1,1,1,3,11,10,9,1,0,1,0,1,11,11,11,11,10,,1
4198, 5/24/2022 12:19,3,1,Control,0,0,0,0,0,,5,0,26,0,2,0,1,1,0,1,1,11,7,0,0,0,1,0,6,6,6,1,1,0,0
4199,  5/24/2022 5:16,3,1,Promise,0,0,1,0,0,1,6,1,41,0,2,0,2,1,1,7,2,9,4,1,1,0,0,0,11,11,11,1,11,1,0
4200, 5/24/2022 12:05,3,1,Default_yes,0,0,0,1,0,1,5,0,45,0,3,1,2,1,1,3,2,6,6,1,0,0,0,0,11,11,11,1,11,,1
4201,  5/24/2022 2:56,3,1,Default_no,0,0,0,0,1,1,6,1,22,1,2,0,3,0,0,7,7,9,7,0,1,1,0,0,10,11,11,9,11,,1
4202,  5/24/2022 6:38,3,1,Default_yes,0,0,0,1,0,1,3,1,28,1,3,1,1,1,1,7,1,6,5,0,1,0,0,0,8,7,8,6,8,,1
4203,  5/24/2022 5:56,3,1,Promise,0,0,1,0,0,1,4,0,19,1,2,0,3,0,0,3,5,8,10,0,0,0,0,1,8,10,11,10,6,1,0
4204, 5/24/2022 12:11,3,1,Trust,0,1,0,0,0,,1,0,36,0,2,0,1,1,0,9,10,10,9,1,1,1,0,1,6,11,11,4,9,,0
4205,  5/24/2022 3:42,3,1,Trust_promise,1,0,0,0,0,1,4,1,60,0,4,1,1,1,1,9,2,9,9,1,1,0,0,1,11,11,11,11,11,1,0
4206,  5/24/2022 3:43,3,1,Trust,0,1,0,0,0,,5,0,33,1,3,1,3,0,0,6,11,10,7,0,1,1,0,0,11,11,11,11,11,,0
4207,  5/25/2022 6:25,3,1,Trust_promise,1,0,0,0,0,1,3,0,56,0,2,0,1,1,0,5,1,11,8,1,1,0,1,1,11,11,11,5,8,1,0
4208,  5/24/2022 1:46,3,1,Trust,0,1,0,0,0,,5,1,48,1,2,0,3,0,0,3,3,11,9,1,0,0,1,1,11,11,11,6,11,,0
4209,  5/24/2022 3:27,3,1,Trust,0,1,0,0,0,,6,0,56,1,3,1,1,1,0,8,11,6,6,1,1,1,0,0,11,11,11,11,11,,0
4210,  5/24/2022 5:37,3,1,Default_no,0,0,0,0,1,1,5,0,34,0,2,0,2,1,1,6,1,6,9,0,1,0,0,1,9,9,10,9,9,,1
4211, 5/24/2022 12:02,3,1,Trust_promise,1,0,0,0,0,1,5,0,50,0,3,1,1,1,1,7,10,8,8,1,1,1,0,1,10,10,10,7,8,1,0
4212, 5/24/2022 12:57,3,1,Default_yes,0,0,0,1,0,1,2,0,49,1,2,0,3,0,0,11,11,11,1,1,1,1,1,0,11,11,11,11,1,,1
4213, 5/24/2022 10:53,3,1,Default_yes,0,0,0,1,0,1,4,0,42,1,2,0,2,1,0,6,8,10,4,1,1,1,0,0,11,11,11,11,11,,1
4214,  5/24/2022 1:17,3,1,Trust_promise,1,0,0,0,0,1,6,1,24,0,3,1,1,1,1,6,1,6,9,0,1,0,0,1,11,11,11,11,3,1,0
4215,  5/24/2022 4:20,3,1,Control,0,0,0,0,0,,4,1,23,0,2,0,2,1,0,6,11,11,10,0,1,1,1,1,11,11,11,11,1,0,0
4216,  5/24/2022 6:54,3,1,Default_no,0,0,0,0,1,1,3,0,24,1,2,0,2,1,0,1,2,11,8,0,0,0,1,1,11,11,11,9,10,,1
4217,  5/24/2022 1:22,3,1,Default_yes,0,0,0,1,0,1,2,0,27,1,3,1,2,1,1,1,2,6,7,0,0,0,0,0,11,6,6,3,3,,1
4218, 5/24/2022 12:37,3,1,Promise,0,0,1,0,0,1,2,0,34,1,4,1,2,1,1,2,1,10,4,0,0,0,0,0,2,4,5,1,1,1,0
4219, 5/24/2022 12:05,3,1,Default_yes,0,0,0,1,0,1,4,1,39,0,2,0,1,1,1,2,1,10,4,1,0,0,0,0,11,10,10,10,11,,1
4220,  5/24/2022 6:26,3,1,Trust,0,1,0,0,0,,5,1,57,1,2,0,3,0,0,8,11,11,5,1,1,1,1,0,11,11,11,9,9,,0
4221,  5/24/2022 9:48,3,1,Promise,0,0,1,0,0,1,4,0,38,0,4,1,2,1,0,1,6,10,3,1,0,1,0,0,9,11,11,9,10,1,0
4222, 5/24/2022 12:14,3,1,Control,0,0,0,0,0,,3,0,34,1,3,1,1,1,1,2,11,11,7,0,0,1,1,0,11,11,11,11,11,0,0
4223, 5/24/2022 11:29,3,1,Trust,0,1,0,0,0,,4,0,19,0,2,0,1,1,0,1,2,10,8,0,0,0,0,1,7,7,10,7,5,,0
4224,  5/24/2022 3:43,3,1,Trust,0,1,0,0,0,,4,1,43,0,3,1,1,1,0,4,1,9,8,1,0,0,0,1,1,9,7,10,10,,0
4225,  5/24/2022 6:36,3,1,Default_no,0,0,0,0,1,1,5,0,24,1,2,0,2,1,0,3,8,9,3,0,0,1,0,0,8,11,11,6,6,,1
4226,  5/24/2022 5:17,3,1,Trust,0,1,0,0,0,,4,1,70,1,3,1,3,0,1,2,11,11,9,1,0,1,1,1,11,11,11,11,11,,0
4227,  5/24/2022 8:10,3,1,Promise,0,0,1,0,0,1,6,1,35,0,4,1,2,1,1,5,10,9,6,1,1,1,0,0,6,4,5,2,3,1,0
4228, 5/24/2022 11:18,3,1,Control,0,0,0,0,0,,6,1,25,1,2,0,3,0,0,1,1,11,7,0,0,0,1,0,11,11,11,11,11,0,0
4229, 5/24/2022 11:19,3,1,Trust_promise,1,0,0,0,0,1,5,1,20,1,2,0,2,1,0,3,2,8,6,0,0,0,0,0,6,6,6,6,6,1,0
4230,  5/24/2022 6:11,3,1,Trust_promise,1,0,0,0,0,1,3,0,19,1,2,0,3,0,0,1,1,11,5,0,0,0,1,0,10,11,11,11,11,1,0
4231, 5/24/2022 11:18,3,1,Control,0,0,0,0,0,,2,0,54,0,3,1,2,1,1,8,11,7,9,1,1,1,0,1,10,10,11,11,11,0,0
4232, 5/24/2022 12:16,3,1,Default_yes,0,0,0,1,0,1,1,1,21,1,2,0,3,0,0,6,11,11,1,0,1,1,1,0,11,11,11,11,10,,1
4233,  5/24/2022 2:14,3,1,Control,0,0,0,0,0,,5,0,28,1,3,1,1,1,1,7,6,9,6,0,1,1,0,0,11,11,11,11,11,0,0
4234,  5/24/2022 1:55,3,1,Control,0,0,0,0,0,,2,0,58,1,2,0,1,1,0,7,10,9,7,1,1,1,0,0,7,9,10,8,9,0,0
4235, 5/24/2022 12:05,3,1,Trust_promise,1,0,0,0,0,1,2,1,43,0,3,1,1,1,1,6,2,10,10,1,1,0,0,1,11,11,11,1,11,1,0
4236,  5/24/2022 2:24,3,1,Trust,0,1,0,0,0,,5,0,42,0,3,1,1,1,1,9,11,9,8,1,1,1,0,1,9,11,11,10,8,,0
4237,  5/24/2022 6:29,3,1,Control,0,0,0,0,0,,1,1,18,0,2,0,2,1,0,9,1,11,8,0,1,0,1,1,9,11,11,3,6,0,0
4238,  5/24/2022 5:17,3,1,Trust,0,1,0,0,0,,2,1,34,0,4,1,1,1,1,1,1,11,6,0,0,0,1,0,11,10,11,10,1,,0
4239, 5/24/2022 12:15,3,1,Promise,0,0,1,0,0,1,4,0,52,0,3,1,2,1,0,4,1,9,5,1,0,0,0,0,11,11,11,11,11,1,0
4240,  5/24/2022 2:42,3,1,Promise,0,0,1,0,0,1,4,1,22,1,3,1,2,1,0,3,1,11,4,0,0,0,1,0,11,11,11,11,11,1,0
4241, 5/24/2022 12:00,3,1,Promise,0,0,1,0,0,1,2,0,44,1,3,1,1,1,1,1,6,9,4,1,0,1,0,0,4,2,4,4,2,1,0
4242,  5/24/2022 1:45,3,1,Default_yes,0,0,0,1,0,1,2,1,29,0,3,1,2,1,0,1,1,11,4,0,0,0,1,0,3,7,10,4,2,,1
4243,  5/25/2022 4:20,3,1,Default_yes,0,0,0,1,0,1,3,1,46,0,3,1,3,0,0,1,6,11,4,1,0,1,1,0,9,10,10,9,10,,1
4244,  5/24/2022 2:40,3,1,Promise,0,0,1,0,0,1,4,1,43,0,2,0,1,1,1,5,4,7,5,1,1,0,0,0,8,9,8,9,9,1,0
4245,  5/24/2022 3:33,3,1,Control,0,0,0,0,0,,2,0,60,1,3,1,1,1,1,8,2,11,8,1,1,0,1,1,6,11,11,2,6,0,0
4246, 5/24/2022 12:23,3,1,Default_yes,0,0,0,1,0,1,1,1,21,0,2,0,1,1,0,9,1,11,8,0,1,0,1,1,11,11,3,2,3,,1
4247,  5/24/2022 8:36,3,1,Default_yes,0,0,0,1,0,1,2,1,51,0,3,1,1,1,1,4,3,7,6,1,0,0,0,0,9,10,10,9,10,,1
4248,  5/24/2022 1:17,3,1,Promise,0,0,1,0,0,1,4,1,19,1,2,0,2,1,0,9,11,9,7,0,1,1,0,0,3,10,10,11,9,1,0
4249,  5/24/2022 2:10,3,1,Promise,0,0,1,0,0,1,2,0,34,1,3,1,3,0,0,3,3,10,7,0,0,0,0,0,9,11,11,10,8,1,0
4250,  5/24/2022 1:21,3,1,Promise,0,0,1,0,0,1,1,0,56,1,3,1,1,1,0,6,11,11,8,1,1,1,1,1,11,11,11,11,9,1,0
4251,  5/24/2022 6:26,3,1,Trust,0,1,0,0,0,,1,0,46,1,2,0,3,0,0,6,11,11,6,1,1,1,1,0,11,11,11,11,11,,0
4252,  5/24/2022 1:18,3,1,Default_yes,0,0,0,1,0,1,6,0,52,1,3,1,1,1,1,1,1,8,7,1,0,0,0,0,6,11,11,8,11,,1
4253,  5/24/2022 2:08,3,1,Control,0,0,0,0,0,,4,0,57,0,4,1,1,1,1,10,6,9,4,1,1,1,0,0,8,11,11,8,10,0,0
4254,  5/24/2022 6:26,3,1,Default_yes,0,0,0,1,0,1,3,1,30,0,3,1,1,1,1,4,6,9,10,0,0,1,0,1,1,1,1,1,2,,1
4255,  5/24/2022 4:37,3,1,Control,0,0,0,0,0,,1,0,53,0,4,1,1,1,1,4,2,10,4,1,0,0,0,0,6,11,11,6,2,0,0
4256,  5/24/2022 7:50,3,1,Promise,0,0,1,0,0,1,2,0,29,1,3,1,1,1,0,2,2,6,8,0,0,0,0,1,8,8,7,8,7,1,0
4257, 5/24/2022 12:21,3,1,Default_yes,0,0,0,1,0,1,4,0,28,0,3,1,2,1,0,7,11,11,8,0,1,1,1,1,11,11,11,11,11,,1
4258,  5/24/2022 1:37,3,1,Trust_promise,1,0,0,0,0,1,6,0,23,1,2,0,2,1,0,6,5,11,7,0,1,0,1,0,11,11,11,11,11,1,0
4259,  5/24/2022 1:39,3,1,Default_no,0,0,0,0,1,1,5,0,21,1,2,0,3,0,0,1,1,9,7,0,0,0,0,0,10,11,11,9,10,,1
4260,  5/24/2022 1:03,3,1,Default_no,0,0,0,0,1,1,1,1,46,1,3,1,2,1,1,3,4,10,5,1,0,0,0,0,11,11,11,11,6,,1
4261,  5/24/2022 4:55,3,1,Promise,0,0,1,0,0,1,1,0,23,1,3,1,1,1,0,2,4,6,6,0,0,0,0,0,11,11,11,11,11,1,0
4262,  5/24/2022 3:59,3,1,Trust_promise,1,0,0,0,0,1,3,0,26,0,2,0,1,1,0,5,1,8,6,0,1,0,0,0,7,8,8,8,8,1,0
4263,  5/24/2022 3:20,3,1,Trust_promise,1,0,0,0,0,1,6,1,21,1,2,0,1,1,0,6,1,11,5,0,1,0,1,0,9,10,11,11,10,1,0
4264,  5/24/2022 1:33,3,1,Default_yes,0,0,0,1,0,1,4,1,33,1,3,1,1,1,0,4,1,10,6,0,0,0,0,0,8,11,11,9,7,,1
4265, 5/24/2022 10:56,3,1,Promise,0,0,1,0,0,1,6,0,36,1,3,1,2,1,1,8,9,11,8,1,1,1,1,1,11,11,11,11,11,1,0
4266, 5/24/2022 12:01,3,1,Trust,0,1,0,0,0,,2,1,38,1,3,1,2,1,1,5,10,11,7,1,1,1,1,0,9,3,9,6,9,,0
4267,  5/25/2022 9:11,3,1,Default_no,0,0,0,0,1,1,5,1,34,0,3,1,1,1,1,5,2,10,6,0,1,0,0,0,8,6,7,6,7,,1
4268,  5/25/2022 1:11,3,1,Default_yes,0,0,0,1,0,1,4,1,23,0,3,1,2,1,0,10,9,8,4,0,1,1,0,0,9,8,9,7,9,,1
4269,  5/24/2022 2:31,3,1,Control,0,0,0,0,0,,5,0,36,1,2,0,2,1,0,4,11,11,5,1,0,1,1,0,9,11,11,8,10,0,0
4270, 5/24/2022 11:16,3,1,Control,0,0,0,0,0,,6,1,28,0,2,0,1,1,1,6,11,8,2,0,1,1,0,0,11,11,11,11,11,0,0
4271, 5/24/2022 11:37,3,1,Control,0,0,0,0,0,,5,1,33,0,2,0,2,1,0,6,8,11,3,0,1,1,1,0,11,11,11,11,11,0,0
4272, 5/24/2022 12:48,3,1,Trust_promise,1,0,0,0,0,1,3,1,29,1,3,1,1,1,0,6,3,7,7,0,1,0,0,0,7,6,7,6,6,1,0
4273,  5/24/2022 1:24,3,1,Default_no,0,0,0,0,1,1,5,0,21,1,2,0,3,0,0,3,11,8,7,0,0,1,0,0,11,11,11,11,9,,1
4274,  5/24/2022 2:20,3,1,Control,0,0,0,0,0,,6,0,63,1,3,1,1,1,1,4,1,7,6,1,0,0,0,0,11,11,11,6,6,0,0
4275, 5/24/2022 11:17,3,1,Default_yes,0,0,0,1,0,1,4,1,33,1,2,0,1,1,0,1,10,9,6,0,0,1,0,0,10,9,11,10,4,,1
4276, 5/24/2022 11:48,3,1,Promise,0,0,1,0,0,1,6,1,37,0,3,1,1,1,1,6,11,11,11,1,1,1,1,1,11,11,11,11,11,1,0
4277, 5/24/2022 12:24,3,1,Trust_promise,1,0,0,0,0,1,1,0,35,0,3,1,3,0,0,3,4,4,6,1,0,0,0,0,5,9,6,8,9,1,0
4278,  5/24/2022 2:20,3,1,Promise,0,0,1,0,0,1,2,0,52,1,3,1,3,0,0,6,9,11,8,1,1,1,1,1,9,11,11,11,11,1,0
4279,  5/24/2022 1:06,3,1,Trust,0,1,0,0,0,,5,0,45,0,2,0,3,0,0,1,1,10,9,1,0,0,0,1,6,10,10,9,10,,0
4280, 5/24/2022 11:10,3,1,Default_no,0,0,0,0,1,1,1,1,35,0,3,1,1,1,1,1,2,8,9,1,0,0,0,1,11,11,11,11,11,,1
4281,  5/25/2022 7:49,3,1,Trust_promise,1,0,0,0,0,1,5,0,37,0,2,0,3,0,0,1,1,5,7,1,0,0,0,0,10,4,11,2,8,1,0
4282,  5/24/2022 9:50,3,1,Trust,0,1,0,0,0,,2,0,57,0,2,0,3,0,0,1,9,7,8,1,0,1,0,1,11,11,11,11,11,,0
4283,  5/24/2022 6:09,3,1,Control,0,0,0,0,0,,2,0,73,0,2,0,1,1,1,9,11,9,4,1,1,1,0,0,11,11,11,9,6,0,0
4284, 5/24/2022 11:15,3,1,Default_no,0,0,0,0,1,1,4,1,49,0,3,1,1,1,1,5,1,7,5,1,1,0,0,0,11,11,11,11,11,,1
4285,  5/24/2022 7:38,3,1,Trust,0,1,0,0,0,,6,1,35,1,3,1,2,1,1,3,8,10,9,1,0,1,0,1,11,11,11,11,11,,0
4286, 5/24/2022 12:36,3,1,Promise,0,0,1,0,0,1,2,0,26,1,4,1,3,0,0,6,1,9,8,0,1,0,0,1,9,10,9,6,10,1,0
4287, 5/24/2022 11:53,3,1,Trust,0,1,0,0,0,,1,0,23,1,2,0,3,0,0,3,10,9,7,0,0,1,0,0,8,9,9,7,8,,0
4288, 5/24/2022 12:01,3,1,Default_no,0,0,0,0,1,1,1,0,51,0,2,0,1,1,1,7,10,10,7,1,1,1,0,0,11,11,11,9,11,,1
4289,  5/24/2022 1:36,3,1,Promise,0,0,1,0,0,1,5,0,29,1,3,1,1,1,1,6,11,11,8,0,1,1,1,1,11,11,11,11,11,1,0
4290,  5/24/2022 2:38,3,1,Control,0,0,0,0,0,,4,1,38,1,3,1,1,1,1,3,6,8,9,1,0,1,0,1,6,9,10,6,3,0,0
4291,  5/24/2022 3:02,3,1,Trust_promise,1,0,0,0,0,1,4,1,42,0,3,1,1,1,0,5,11,9,9,1,1,1,0,1,9,10,10,10,8,1,0
4292,  5/24/2022 8:36,3,1,Default_yes,0,0,0,1,0,1,1,0,47,0,2,0,2,1,1,7,11,11,3,1,1,1,1,0,11,11,11,8,11,,1
4293, 5/24/2022 11:28,3,1,Control,0,0,0,0,0,,6,1,39,0,3,1,1,1,1,6,7,11,5,1,1,1,1,0,1,2,8,2,1,0,0
4294,  5/24/2022 2:20,3,1,Trust,0,1,0,0,0,,1,1,32,1,2,0,2,1,1,5,11,10,8,0,1,1,0,1,11,11,11,11,11,,0
4295, 5/24/2022 11:35,3,1,Default_no,0,0,0,0,1,1,2,0,38,0,4,1,1,1,1,6,7,9,5,1,1,1,0,0,9,9,8,8,8,,1
4296,  5/25/2022 5:18,3,1,Control,0,0,0,0,0,,4,0,67,0,3,1,1,1,1,4,11,11,10,1,0,1,1,1,11,11,11,11,11,0,0
4297, 5/24/2022 11:46,3,1,Control,0,0,0,0,0,,4,0,33,0,3,1,2,1,0,4,3,6,6,0,0,0,0,0,6,6,7,7,7,0,0
4298,  5/24/2022 4:40,3,1,Default_yes,0,0,0,1,0,1,3,0,25,0,2,0,2,1,0,4,1,11,9,0,0,0,1,1,9,11,11,10,8,,1
4299, 5/24/2022 12:00,3,1,Control,0,0,0,0,0,,5,1,28,1,4,1,2,1,0,1,1,7,3,0,0,0,0,0,11,11,11,11,11,0,0
4300, 5/24/2022 12:46,3,1,Control,0,0,0,0,0,,6,0,31,0,4,1,1,1,0,7,11,8,6,0,1,1,0,0,11,11,11,11,11,0,0
4301,  5/24/2022 5:05,3,1,Default_yes,0,0,0,1,0,1,2,0,75,1,3,1,3,0,0,6,1,11,7,1,1,0,1,0,10,11,11,4,11,,1
4302, 5/24/2022 12:05,3,1,Trust_promise,1,0,0,0,0,1,1,1,38,0,5,1,3,0,0,6,2,8,6,1,1,0,0,0,9,8,8,4,5,1,0
4303,  5/24/2022 2:41,3,1,Trust_promise,1,0,0,0,0,1,5,1,21,1,2,0,3,0,0,6,1,10,5,0,1,0,0,0,8,11,6,8,6,1,0
4304,  5/24/2022 1:31,3,1,Trust_promise,1,0,0,0,0,1,2,0,61,1,3,1,1,1,0,2,2,9,8,1,0,0,0,1,10,10,10,9,2,1,0
4305, 5/24/2022 12:56,3,1,Default_yes,0,0,0,1,0,1,2,1,26,1,3,1,1,1,0,6,11,11,11,0,1,1,1,1,11,11,11,11,11,,1
4306,  5/25/2022 6:40,3,1,Trust,0,1,0,0,0,,3,1,35,0,3,1,1,1,0,3,1,9,6,1,0,0,0,0,11,11,11,8,8,,0
4307, 5/24/2022 12:22,3,1,Control,0,0,0,0,0,,6,1,36,0,2,0,1,1,0,2,1,6,8,1,0,0,0,1,10,11,11,11,11,0,0
4308,  5/24/2022 6:34,3,1,Trust_promise,1,0,0,0,0,1,4,1,50,0,2,0,1,1,0,2,1,9,7,1,0,0,0,0,8,9,9,9,9,1,0
4309,  5/24/2022 6:07,3,1,Trust,0,1,0,0,0,,2,1,60,1,2,0,1,1,1,7,9,10,9,1,1,1,0,1,11,11,11,9,9,,0
4310,  5/24/2022 2:53,3,1,Trust,0,1,0,0,0,,5,0,33,0,3,1,2,1,1,1,2,3,1,0,0,0,0,0,9,9,9,9,9,,0
4311, 5/24/2022 11:50,3,1,Default_no,0,0,0,0,1,1,6,1,35,0,3,1,1,1,0,2,7,11,1,1,0,1,1,0,1,1,6,1,6,,1
4312,  5/24/2022 2:33,3,1,Default_yes,0,0,0,1,0,1,5,1,29,1,3,1,2,1,1,3,1,8,7,0,0,0,0,0,11,11,11,11,11,,1
4313, 5/24/2022 11:21,3,1,Default_no,0,0,0,0,1,1,2,0,19,1,2,0,2,1,0,6,7,10,6,0,1,1,0,0,11,11,11,11,11,,1
4314,  5/24/2022 5:11,3,1,Default_no,0,0,0,0,1,1,5,0,38,1,4,1,2,1,1,1,1,10,7,1,0,0,0,0,11,11,11,11,5,,1
4315,  5/24/2022 8:03,3,1,Trust_promise,1,0,0,0,0,1,6,0,32,1,5,1,2,1,1,2,10,9,6,0,0,1,0,0,9,11,11,10,10,1,0
4316,  5/24/2022 6:49,3,1,Promise,0,0,1,0,0,1,5,1,33,0,5,1,1,1,1,11,8,11,2,0,1,1,1,0,11,11,11,11,10,1,0
4317, 5/24/2022 11:37,3,1,Trust_promise,1,0,0,0,0,1,2,0,23,0,3,1,1,1,1,3,8,9,8,0,0,1,0,1,10,11,10,11,11,1,0
4318, 5/24/2022 11:48,3,1,Default_no,0,0,0,0,1,1,1,0,46,0,4,1,1,1,0,3,1,6,7,1,0,0,0,0,3,9,7,10,6,,1
4319,  5/24/2022 1:03,3,1,Default_yes,0,0,0,1,0,1,2,1,18,0,2,0,2,1,0,6,8,9,7,0,1,1,0,0,9,9,9,9,9,,1
4320, 5/24/2022 11:52,3,1,Trust_promise,1,0,0,0,0,1,1,0,39,1,3,1,1,1,1,6,11,9,7,1,1,1,0,0,11,11,10,10,8,1,0
4321, 5/24/2022 12:40,3,1,Trust_promise,1,0,0,0,0,1,6,0,28,0,3,1,3,0,0,1,1,11,9,0,0,0,1,1,5,1,10,2,6,1,0
4322, 5/25/2022 10:42,3,1,Trust,0,1,0,0,0,,1,1,60,0,2,0,3,0,0,7,11,8,7,1,1,1,0,0,10,11,11,4,4,,0
4323, 5/24/2022 12:11,3,1,Promise,0,0,1,0,0,1,2,0,48,1,3,1,1,1,1,3,2,9,6,1,0,0,0,0,11,11,11,11,11,1,0
4324, 5/24/2022 12:04,3,1,Trust,0,1,0,0,0,,2,0,26,1,2,0,3,0,0,6,9,7,3,0,1,1,0,0,11,11,11,11,11,,0
4325, 5/24/2022 10:51,3,1,Trust_promise,1,0,0,0,0,1,4,1,28,0,3,1,3,0,0,3,1,11,9,0,0,0,1,1,11,1,1,1,1,1,0
4326,  5/24/2022 2:13,3,1,Trust,0,1,0,0,0,,3,1,19,0,2,0,2,1,0,3,2,8,5,0,0,0,0,0,4,9,9,8,9,,0
4327, 5/24/2022 11:31,3,1,Trust_promise,1,0,0,0,0,1,1,1,35,1,2,0,3,0,0,4,10,9,4,1,0,1,0,0,11,11,11,11,11,1,0
4328, 5/24/2022 12:15,3,1,Control,0,0,0,0,0,,3,1,29,0,3,1,1,1,1,6,11,11,11,0,1,1,1,1,8,11,7,11,11,0,0
4329, 5/24/2022 12:07,3,1,Default_yes,0,0,0,1,0,1,4,0,26,0,3,1,3,0,0,5,2,10,7,0,1,0,0,0,9,10,9,10,10,,1
4330,  5/24/2022 2:17,3,1,Control,0,0,0,0,0,,3,1,53,0,3,1,3,0,0,11,11,9,8,1,1,1,0,1,1,11,11,11,11,0,0
4331,  5/24/2022 1:15,3,1,Trust_promise,1,0,0,0,0,1,3,1,49,1,2,0,3,0,0,10,11,11,4,1,1,1,1,0,1,1,11,9,11,1,0
4332,  5/24/2022 2:46,3,1,Promise,0,0,1,0,0,1,6,0,27,0,3,1,1,1,1,6,8,9,9,0,1,1,0,1,6,10,10,4,5,1,0
4333, 5/24/2022 12:49,3,1,Trust,0,1,0,0,0,,3,1,20,1,2,0,2,1,0,6,8,9,7,0,1,1,0,0,11,11,11,11,11,,0
4334,  5/24/2022 6:03,3,1,Default_no,0,0,0,0,1,1,4,0,50,1,3,1,3,0,0,2,9,11,9,1,0,1,1,1,9,9,10,9,10,,1
4335,  5/24/2022 1:04,3,1,Default_no,0,0,0,0,1,1,6,1,43,1,3,1,1,1,1,5,6,10,6,1,1,1,0,0,9,11,11,1,1,,1
4336,  5/24/2022 3:09,3,1,Trust_promise,1,0,0,0,0,1,5,0,56,1,3,1,1,1,1,3,11,11,8,1,0,1,1,1,11,11,11,11,11,1,0
4337, 5/24/2022 12:30,3,1,Default_no,0,0,0,0,1,1,4,1,26,0,3,1,3,0,0,1,5,11,6,0,0,0,1,0,11,11,11,11,9,,1
4338,  5/24/2022 6:33,3,1,Default_no,0,0,0,0,1,1,1,0,20,1,2,0,3,0,0,1,10,8,4,0,0,1,0,0,11,8,11,10,7,,1
4339,  5/24/2022 1:39,3,1,Trust_promise,1,0,0,0,0,1,4,1,44,0,3,1,2,1,1,4,2,11,8,1,0,0,1,1,10,9,11,6,11,1,0
4340,  5/24/2022 2:05,3,1,Control,0,0,0,0,0,,2,1,32,1,2,0,1,1,0,1,1,11,4,0,0,0,1,0,4,9,8,9,8,0,0
4341,  5/24/2022 3:58,3,1,Trust,0,1,0,0,0,,6,1,26,1,2,0,1,1,0,4,1,11,1,0,0,0,1,0,1,1,1,1,1,,0
4342,  5/24/2022 4:15,3,1,Promise,0,0,1,0,0,1,5,1,43,0,3,1,1,1,1,1,6,6,6,1,0,1,0,0,6,11,11,11,6,1,0
4343, 5/24/2022 12:40,3,1,Trust,0,1,0,0,0,,2,0,46,0,2,0,1,1,1,7,10,10,8,1,1,1,0,1,6,9,9,2,8,,0
4344,  5/24/2022 8:15,3,1,Default_no,0,0,0,0,1,1,3,0,58,0,3,1,3,0,1,10,11,11,6,1,1,1,1,0,9,9,10,6,6,,1
4345,  5/24/2022 1:17,3,1,Control,0,0,0,0,0,,1,1,22,1,3,1,2,1,0,1,8,10,8,0,0,1,0,1,11,4,7,3,7,0,0
4346,  5/24/2022 5:41,3,1,Default_yes,0,0,0,1,0,1,4,0,23,1,2,0,2,1,0,1,1,11,1,0,0,0,1,0,11,11,11,11,1,,1
4347,  5/24/2022 6:11,3,1,Trust_promise,1,0,0,0,0,1,4,1,42,1,2,0,1,1,0,1,1,6,4,1,0,0,0,0,11,11,11,8,8,1,0
4348, 5/24/2022 11:52,3,1,Control,0,0,0,0,0,,1,1,24,0,3,1,3,0,0,5,6,10,7,0,1,1,0,0,9,9,9,9,5,0,0
4349, 5/24/2022 12:33,3,1,Trust_promise,1,0,0,0,0,1,3,1,37,1,3,1,2,1,0,1,1,10,6,1,0,0,0,0,10,9,9,6,6,1,0
4350, 5/24/2022 12:16,3,1,Trust_promise,1,0,0,0,0,1,4,1,29,0,3,1,2,1,0,6,1,7,1,0,1,0,0,0,9,9,10,10,10,1,0
4351, 5/24/2022 12:27,3,1,Trust_promise,1,0,0,0,0,1,2,0,30,1,2,0,2,1,1,2,1,8,3,0,0,0,0,0,9,10,11,9,8,1,0
4352,  5/24/2022 4:53,3,1,Trust,0,1,0,0,0,,4,1,28,1,3,1,1,1,1,4,1,9,7,0,0,0,0,0,11,11,11,11,11,,0
4353,  5/24/2022 2:07,3,1,Trust_promise,1,0,0,0,0,1,4,1,31,1,2,0,1,1,0,6,1,11,4,0,1,0,1,0,11,11,11,11,11,1,0
4354, 5/24/2022 12:32,3,1,Control,0,0,0,0,0,,5,0,73,0,3,1,3,0,1,2,10,8,6,1,0,1,0,0,7,6,6,2,2,0,0
4355,  5/24/2022 2:51,3,1,Default_no,0,0,0,0,1,1,1,1,47,1,3,1,2,1,1,9,8,8,9,1,1,1,0,1,11,11,11,11,11,,1
4356, 5/24/2022 12:16,3,1,Control,0,0,0,0,0,,1,1,38,0,3,1,1,1,1,4,6,8,8,1,0,1,0,1,1,1,6,1,1,0,0
4357, 5/24/2022 12:26,3,1,Trust_promise,1,0,0,0,0,1,6,0,56,1,4,1,1,1,1,1,8,11,10,1,0,1,1,1,11,11,11,11,11,1,0
4358,  5/24/2022 1:11,3,1,Trust,0,1,0,0,0,,5,0,24,1,3,1,2,1,0,3,4,9,6,0,0,0,0,0,9,10,10,11,6,,0
4359, 5/24/2022 10:56,3,1,Promise,0,0,1,0,0,1,3,0,22,1,3,1,3,0,0,2,9,10,3,0,0,1,0,0,11,11,11,10,11,1,0
4360,  5/24/2022 1:15,3,1,Default_yes,0,0,0,1,0,1,1,0,40,0,3,1,1,1,1,11,11,11,1,1,1,1,1,0,11,11,11,3,9,,1
4361,  5/24/2022 2:50,3,1,Default_yes,0,0,0,1,0,1,4,0,30,0,2,0,1,1,0,1,11,11,9,0,0,1,1,1,8,11,11,9,11,,1
4362, 5/24/2022 11:27,3,1,Trust,0,1,0,0,0,,2,1,22,0,3,1,3,0,0,3,1,9,4,0,0,0,0,0,9,10,9,9,10,,0
4363,  5/24/2022 3:56,3,1,Promise,0,0,1,0,0,1,2,0,75,1,2,0,3,0,1,3,11,9,11,1,0,1,0,1,11,11,11,11,11,1,0
4364, 5/24/2022 12:39,3,1,Control,0,0,0,0,0,,3,0,66,0,2,0,3,0,0,1,11,11,8,1,0,1,1,1,8,10,10,7,8,0,0
4365, 5/24/2022 12:47,3,1,Trust,0,1,0,0,0,,5,0,35,0,3,1,1,1,0,3,1,4,6,1,0,0,0,0,11,11,11,11,11,,0
4366,  5/24/2022 3:37,3,1,Control,0,0,0,0,0,,3,1,31,1,2,0,3,0,0,1,2,7,8,0,0,0,0,1,8,9,9,10,9,0,0
4367, 5/24/2022 12:14,3,1,Promise,0,0,1,0,0,1,4,0,53,0,2,0,3,0,0,9,11,11,6,1,1,1,1,0,8,10,11,10,11,1,0
4368, 5/24/2022 11:49,3,1,Promise,0,0,1,0,0,1,3,0,38,1,4,1,2,1,0,1,1,11,8,1,0,0,1,1,9,11,11,9,11,1,0
4369,  5/24/2022 7:27,3,1,Trust,0,1,0,0,0,,2,0,23,0,2,0,2,1,1,1,8,8,6,0,0,1,0,0,11,11,11,11,11,,0
4370, 5/24/2022 12:19,3,1,Default_no,0,0,0,0,1,1,6,1,28,0,3,1,1,1,0,9,11,11,9,0,1,1,1,1,9,11,11,11,1,,1
4371, 5/24/2022 12:31,3,1,Trust_promise,1,0,0,0,0,1,6,0,38,0,4,1,1,1,1,11,9,11,4,1,1,1,1,0,11,11,11,10,11,1,0
4372, 5/24/2022 12:46,3,1,Trust_promise,1,0,0,0,0,1,2,0,52,1,2,0,1,1,0,6,11,10,6,1,1,1,0,0,6,11,11,11,11,1,0
4373, 5/24/2022 12:07,3,1,Trust_promise,1,0,0,0,0,1,2,0,32,0,3,1,1,1,1,7,6,8,8,0,1,1,0,1,11,11,11,11,11,1,0
4374,  5/24/2022 3:59,3,1,Trust,0,1,0,0,0,,2,0,35,0,2,0,2,1,1,2,1,10,5,1,0,0,0,0,8,5,9,4,9,,0
4375,  5/24/2022 7:19,3,1,Trust_promise,1,0,0,0,0,1,5,0,48,1,5,1,2,1,1,1,2,8,3,1,0,0,0,0,11,11,11,11,9,1,0
4376,  5/24/2022 2:57,3,1,Trust_promise,1,0,0,0,0,1,2,0,52,0,3,1,1,1,1,6,1,11,4,1,1,0,1,0,11,11,11,1,1,1,0
4377,  5/24/2022 4:02,3,1,Default_no,0,0,0,0,1,1,4,1,29,1,3,1,2,1,1,3,1,11,4,0,0,0,1,0,11,11,11,8,11,,1
4378,  5/24/2022 1:19,3,1,Control,0,0,0,0,0,,2,0,39,1,2,0,1,1,1,6,11,7,10,1,1,1,0,1,11,11,11,10,11,0,0
4379, 5/24/2022 12:42,3,1,Default_yes,0,0,0,1,0,1,4,1,25,0,2,0,2,1,0,1,2,4,6,0,0,0,0,0,10,9,10,10,8,,1
4380, 5/25/2022 11:13,3,1,Trust,0,1,0,0,0,,4,1,25,0,4,1,1,1,1,6,9,8,6,0,1,1,0,0,8,10,8,9,8,,0
4381, 5/24/2022 10:50,3,1,Default_yes,0,0,0,1,0,1,4,1,29,0,2,0,1,1,1,5,1,9,9,0,1,0,0,1,11,9,9,3,11,,1
4382,  5/24/2022 1:07,3,1,Promise,0,0,1,0,0,1,3,1,30,0,3,1,2,1,1,3,2,9,7,0,0,0,0,0,6,9,9,8,9,1,0
4383,  5/24/2022 1:53,3,1,Promise,0,0,1,0,0,1,3,1,20,1,2,0,3,0,0,3,5,10,7,0,0,0,0,0,9,9,9,10,9,1,0
4384,  5/24/2022 4:46,3,1,Control,0,0,0,0,0,,5,0,25,0,4,1,2,1,0,6,10,10,9,0,1,1,0,1,10,10,10,10,10,0,0
4385,  5/24/2022 1:06,3,1,Default_yes,0,0,0,1,0,1,2,1,42,0,5,1,1,1,1,5,6,8,9,1,1,1,0,1,3,7,9,9,6,,1
4386, 5/24/2022 11:50,3,1,Promise,0,0,1,0,0,1,1,0,48,1,3,1,1,1,0,7,11,9,6,1,1,1,0,0,11,11,11,11,1,1,0
4387, 5/24/2022 11:20,3,1,Default_no,0,0,0,0,1,1,4,0,27,1,3,1,2,1,1,1,7,7,6,0,0,1,0,0,8,8,9,9,7,,1
4388, 5/25/2022 10:24,3,1,Promise,0,0,1,0,0,1,1,1,37,0,3,1,2,1,1,8,9,11,6,1,1,1,1,0,11,11,11,11,11,1,0
4389,  5/24/2022 2:08,3,1,Default_no,0,0,0,0,1,1,6,1,28,0,2,0,3,0,0,5,2,9,8,0,1,0,0,1,11,11,11,6,11,,1
4390, 5/24/2022 11:47,3,1,Trust_promise,1,0,0,0,0,1,3,0,20,1,2,0,3,0,0,5,11,11,8,0,1,1,1,1,11,11,9,11,10,1,0
4391,  5/24/2022 2:39,3,1,Trust,0,1,0,0,0,,5,1,28,1,2,0,2,1,0,1,1,11,6,0,0,0,1,0,11,11,11,9,11,,0
4392, 5/24/2022 12:24,3,1,Control,0,0,0,0,0,,4,0,34,0,2,0,1,1,1,7,5,8,6,0,1,0,0,0,11,11,11,8,8,0,0
4393, 5/24/2022 11:53,3,1,Promise,0,0,1,0,0,1,1,1,39,1,2,0,1,1,1,5,1,8,7,1,1,0,0,0,11,11,11,11,11,1,0
4394,  5/24/2022 5:56,3,1,Default_yes,0,0,0,1,0,1,6,0,39,0,2,0,2,1,1,3,4,8,5,1,0,0,0,0,11,11,11,8,9,,1
4395,  5/24/2022 1:44,3,1,Control,0,0,0,0,0,,1,1,46,1,4,1,1,1,1,6,6,6,6,1,1,1,0,0,2,6,6,6,6,0,0
4396,  5/24/2022 2:18,3,1,Trust,0,1,0,0,0,,5,0,36,0,4,1,1,1,1,5,4,10,8,1,1,0,0,1,11,11,11,7,7,,0
4397, 5/24/2022 12:34,3,1,Trust,0,1,0,0,0,,5,0,48,0,2,0,1,1,0,1,1,11,6,1,0,0,1,0,11,11,11,11,11,,0
4398, 5/25/2022 12:32,3,1,Default_yes,0,0,0,1,0,1,3,1,37,0,3,1,2,1,1,7,11,8,5,1,1,1,0,0,11,11,11,6,11,,1
4399, 5/24/2022 11:13,3,1,Default_yes,0,0,0,1,0,1,5,0,41,0,2,0,1,1,1,1,6,9,8,1,0,1,0,1,9,2,11,8,9,,1
4400,  5/24/2022 1:17,3,1,Control,0,0,0,0,0,,5,1,28,1,2,0,3,0,0,2,1,9,6,0,0,0,0,0,9,9,9,7,7,0,0
4401, 5/24/2022 10:55,3,1,Promise,0,0,1,0,0,1,6,0,25,1,3,1,2,1,1,4,4,11,5,0,0,0,1,0,3,3,7,3,2,1,0
4402, 5/24/2022 10:55,3,1,Promise,0,0,1,0,0,1,1,1,36,0,5,1,2,1,1,3,7,6,5,1,0,1,0,0,9,8,7,8,8,1,0
4403,  5/24/2022 2:13,3,1,Trust_promise,1,0,0,0,0,1,2,0,32,1,3,1,3,0,0,6,8,8,3,0,1,1,0,0,10,11,11,11,9,1,0
4404,  5/24/2022 8:04,3,1,Trust_promise,1,0,0,0,0,1,3,0,21,1,3,1,2,1,1,3,11,11,8,0,0,1,1,1,7,11,11,11,11,1,0
4405, 5/24/2022 12:59,3,1,Control,0,0,0,0,0,,1,0,60,0,3,1,3,0,0,6,1,11,7,1,1,0,1,0,11,11,11,11,11,0,0
4406,  5/24/2022 4:54,3,1,Promise,0,0,1,0,0,1,3,1,47,1,4,1,1,1,0,7,11,11,8,1,1,1,1,1,11,11,11,11,11,1,0
4407, 5/24/2022 11:36,3,1,Trust,0,1,0,0,0,,2,0,25,0,3,1,2,1,0,8,11,11,5,0,1,1,1,0,11,11,9,4,10,,0
4408,  5/24/2022 4:41,3,1,Trust_promise,1,0,0,0,0,1,1,1,23,1,3,1,2,1,1,1,11,5,6,0,0,1,0,0,11,11,11,11,11,1,0
4409,  5/24/2022 3:39,3,1,Control,0,0,0,0,0,,3,0,64,1,3,1,2,1,1,2,4,9,7,1,0,0,0,0,11,8,11,10,11,0,0
4410,  5/24/2022 1:29,3,1,Promise,0,0,1,0,0,1,6,1,21,0,2,0,3,0,0,3,2,8,8,0,0,0,0,1,11,11,11,11,11,1,0
4411,  5/24/2022 1:58,3,1,Trust,0,1,0,0,0,,1,1,48,0,3,1,1,1,1,7,11,11,6,1,1,1,1,0,11,11,11,11,11,,0
4412,  5/24/2022 3:11,3,1,Control,0,0,0,0,0,,4,1,34,1,2,0,1,1,0,6,8,9,6,0,1,1,0,0,11,11,11,11,11,0,0
4413,  5/24/2022 7:29,3,1,Promise,0,0,1,0,0,1,4,1,23,0,2,0,2,1,0,4,9,9,8,0,0,1,0,1,9,11,11,11,11,1,0
4414, 5/24/2022 11:28,3,1,Promise,0,0,1,0,0,1,2,0,28,0,2,0,3,0,0,11,11,10,6,0,1,1,0,0,11,11,11,11,11,1,0
4415,  5/24/2022 6:18,3,1,Default_yes,0,0,0,1,0,1,3,0,41,1,3,1,1,1,0,6,6,11,6,1,1,1,1,0,11,11,11,11,1,,1
4416,  5/24/2022 6:33,3,1,Promise,0,0,1,0,0,1,5,0,27,1,4,1,2,1,1,1,1,8,6,0,0,0,0,0,7,8,9,9,9,1,0
4417, 5/24/2022 12:43,3,1,Default_yes,0,0,0,1,0,1,5,1,22,0,3,1,1,1,0,6,6,6,1,0,1,1,0,0,6,11,11,11,11,,1
4418, 5/24/2022 12:02,3,1,Trust,0,1,0,0,0,,4,1,31,0,3,1,1,1,1,2,4,9,8,0,0,0,0,1,9,10,9,9,11,,0
4419, 5/24/2022 11:03,3,1,Promise,0,0,1,0,0,1,4,0,28,1,2,0,3,0,0,3,1,11,1,0,0,0,1,0,6,11,11,10,11,1,0
4420, 5/24/2022 12:24,3,1,Promise,0,0,1,0,0,1,1,0,37,1,3,1,3,0,0,10,11,11,8,1,1,1,1,1,11,11,11,11,11,1,0
4421, 5/24/2022 12:04,3,1,Control,0,0,0,0,0,,4,0,43,1,4,1,3,0,0,2,11,11,8,1,0,1,1,1,11,11,11,11,11,0,0
4422,  5/24/2022 1:43,3,1,Promise,0,0,1,0,0,1,5,1,47,1,4,1,2,1,1,2,5,7,7,1,0,0,0,0,11,10,11,10,11,1,0
4423, 5/24/2022 12:52,3,1,Promise,0,0,1,0,0,1,5,1,19,1,2,0,3,0,0,2,9,11,5,0,0,1,1,0,11,11,11,11,1,1,0
4424, 5/24/2022 11:21,3,1,Trust,0,1,0,0,0,,1,0,29,1,2,0,2,1,0,1,1,11,8,0,0,0,1,1,11,11,11,11,11,,0
4425,  5/24/2022 6:17,3,1,Control,0,0,0,0,0,,5,0,31,0,2,0,1,1,1,9,7,6,7,0,1,1,0,0,6,11,11,6,11,0,0
4426,  5/24/2022 2:35,3,1,Trust,0,1,0,0,0,,6,1,46,0,3,1,1,1,0,2,2,9,8,1,0,0,0,1,9,8,8,9,9,,0
4427, 5/24/2022 12:26,3,1,Default_yes,0,0,0,1,0,1,4,0,41,1,2,0,3,0,0,2,7,10,9,1,0,1,0,1,10,11,11,11,11,,1
4428,  5/25/2022 8:20,3,1,Trust_promise,1,0,0,0,0,1,3,1,26,0,2,0,3,0,0,1,1,11,3,0,0,0,1,0,9,11,11,9,1,1,0
4429,  5/24/2022 1:02,3,1,Default_yes,0,0,0,1,0,1,2,1,29,1,2,0,1,1,1,6,11,11,5,0,1,1,1,0,10,11,9,10,10,,1
4430,  5/24/2022 2:24,3,1,Default_no,0,0,0,0,1,1,1,1,30,1,3,1,2,1,0,3,1,11,5,0,0,0,1,0,10,11,9,9,10,,1
4431,  5/24/2022 1:57,3,1,Default_yes,0,0,0,1,0,1,1,1,26,1,3,1,3,0,0,4,6,8,6,0,0,1,0,0,8,4,4,1,1,,1
4432, 5/24/2022 11:32,3,1,Promise,0,0,1,0,0,1,3,1,33,0,2,0,3,0,0,6,1,9,1,0,1,0,0,0,8,4,4,4,3,1,0
4433, 5/24/2022 11:39,3,1,Trust,0,1,0,0,0,,1,0,21,0,3,1,1,1,1,6,6,10,7,0,1,1,0,0,10,10,10,9,8,,0
4434,  5/25/2022 7:02,3,1,Trust_promise,1,0,0,0,0,1,3,0,41,0,2,0,2,1,1,8,1,11,7,1,1,0,1,0,10,9,9,1,1,1,0
4435,  5/24/2022 2:53,3,1,Default_yes,0,0,0,1,0,1,2,1,21,1,2,0,3,0,0,1,11,8,5,0,0,1,0,0,11,11,11,11,11,,1
4436, 5/24/2022 10:53,3,1,Trust,0,1,0,0,0,,6,0,23,1,2,0,3,0,0,1,8,11,4,0,0,1,1,0,11,11,11,11,11,,0
4437, 5/24/2022 12:15,3,1,Default_no,0,0,0,0,1,1,3,0,59,1,2,0,1,1,1,1,3,8,7,1,0,0,0,0,9,11,10,9,8,,1
4438,  5/25/2022 8:43,3,1,Control,0,0,0,0,0,,3,1,58,0,2,0,1,1,0,9,10,11,7,1,1,1,1,0,11,11,10,10,11,0,0
4439,  5/24/2022 8:23,3,1,Promise,0,0,1,0,0,1,1,0,21,0,3,1,3,0,0,1,3,11,7,0,0,0,1,0,8,7,9,5,8,1,0
4440, 5/24/2022 11:40,3,1,Trust,0,1,0,0,0,,3,0,69,0,2,0,3,0,0,10,3,11,5,1,1,0,1,0,6,6,8,1,6,,0
4441, 5/24/2022 12:57,3,1,Default_no,0,0,0,0,1,1,6,1,49,1,3,1,1,1,1,2,2,8,6,1,0,0,0,0,11,11,11,11,11,,1
4442, 5/24/2022 11:42,3,1,Trust,0,1,0,0,0,,2,0,23,0,2,0,2,1,0,2,3,9,5,0,0,0,0,0,9,10,10,6,11,,0
4443,  5/24/2022 1:05,3,1,Default_no,0,0,0,0,1,1,2,1,31,0,3,1,2,1,0,4,2,11,7,0,0,0,1,0,11,11,11,11,9,,1
4444, 5/25/2022 10:55,3,1,Default_yes,0,0,0,1,0,1,5,1,38,0,3,1,1,1,0,1,2,11,8,1,0,0,1,1,4,2,1,1,8,,1
4445,  5/24/2022 3:52,3,1,Default_no,0,0,0,0,1,1,6,0,24,1,3,1,2,1,0,4,4,9,8,0,0,0,0,1,10,11,11,11,8,,1
4446, 5/24/2022 12:25,3,1,Control,0,0,0,0,0,,1,0,24,0,3,1,3,0,1,9,11,11,10,0,1,1,1,1,11,11,11,11,11,0,0
4447,  5/24/2022 1:27,3,1,Default_no,0,0,0,0,1,1,5,0,68,1,2,0,3,0,0,6,6,11,10,1,1,1,1,1,9,11,11,11,11,,1
4448, 5/24/2022 11:31,3,1,Promise,0,0,1,0,0,1,1,0,20,1,2,0,3,0,0,1,10,10,8,0,0,1,0,1,10,10,10,10,10,1,0
4449,  5/25/2022 9:35,3,1,Trust,0,1,0,0,0,,3,1,47,0,3,1,1,1,0,8,11,10,4,1,1,1,0,0,11,11,11,11,11,,0
4450, 5/24/2022 11:02,3,1,Trust,0,1,0,0,0,,3,1,33,1,3,1,1,1,1,2,1,5,5,0,0,0,0,0,11,11,11,11,11,,0
4451, 5/24/2022 11:27,3,1,Default_yes,0,0,0,1,0,1,3,1,52,1,3,1,3,0,0,3,10,10,4,1,0,1,0,0,11,11,11,1,11,,1
4452,  5/25/2022 7:08,3,1,Trust_promise,1,0,0,0,0,1,4,0,34,0,3,1,2,1,1,4,6,8,4,0,0,1,0,0,8,6,11,6,10,1,0
4453,  5/24/2022 2:08,3,1,Default_no,0,0,0,0,1,1,2,1,67,0,2,0,3,0,0,2,4,8,8,1,0,0,0,1,11,11,10,10,11,,1
4454,  5/24/2022 3:15,3,1,Promise,0,0,1,0,0,1,5,1,57,0,3,1,1,1,0,4,8,10,5,1,0,1,0,0,9,10,10,8,10,1,0
4455, 5/24/2022 11:18,3,1,Trust_promise,1,0,0,0,0,1,1,0,31,0,2,0,3,0,0,5,2,11,8,0,1,0,1,1,11,11,11,11,11,1,0
4456, 5/24/2022 12:50,3,1,Trust,0,1,0,0,0,,1,0,53,0,2,0,2,1,1,6,1,11,6,1,1,0,1,0,11,11,11,1,8,,0
4457,  5/24/2022 1:17,3,1,Promise,0,0,1,0,0,1,2,1,34,0,5,1,1,1,1,7,11,11,1,0,1,1,1,0,11,11,11,11,11,1,0
4458,  5/24/2022 1:11,3,1,Promise,0,0,1,0,0,1,5,0,52,0,3,1,2,1,1,5,11,6,8,1,1,1,0,1,11,11,11,10,10,1,0
4459,  5/24/2022 3:19,3,1,Default_no,0,0,0,0,1,1,3,1,29,0,2,0,3,0,0,2,10,9,10,0,0,1,0,1,11,11,11,11,11,,1
4460, 5/24/2022 11:51,3,1,Promise,0,0,1,0,0,1,5,0,22,1,4,1,1,1,0,4,9,9,8,0,0,1,0,1,11,11,8,9,10,1,0
4461,  5/24/2022 1:29,3,1,Control,0,0,0,0,0,,2,0,23,1,3,1,2,1,0,3,3,6,7,0,0,0,0,0,10,10,10,9,10,0,0
4462, 5/24/2022 11:49,3,1,Promise,0,0,1,0,0,1,3,1,72,1,2,0,1,1,0,11,11,11,9,1,1,1,1,1,6,9,11,11,11,1,0
4463,  5/25/2022 5:57,3,1,Default_no,0,0,0,0,1,1,6,1,42,0,2,0,1,1,0,1,11,11,11,1,0,1,1,1,11,11,11,11,11,,1
4464, 5/24/2022 10:54,3,1,Promise,0,0,1,0,0,1,3,1,35,0,3,1,2,1,1,2,6,10,6,1,0,1,0,0,11,11,11,10,10,1,0
4465, 5/24/2022 10:44,3,1,Promise,0,0,1,0,0,1,4,1,36,0,3,1,1,1,1,3,1,1,5,1,0,0,0,0,8,6,7,1,8,1,0
4466,  5/24/2022 4:28,3,1,Trust_promise,1,0,0,0,0,1,5,1,25,1,3,1,2,1,0,2,5,6,8,0,0,0,0,1,9,5,8,5,6,1,0
4467, 5/24/2022 12:16,3,1,Default_yes,0,0,0,1,0,1,3,0,32,1,3,1,3,0,0,4,1,3,1,0,0,0,0,0,1,6,5,6,6,,1
4468,  5/24/2022 7:14,3,1,Default_yes,0,0,0,1,0,1,1,1,24,1,2,0,2,1,0,3,3,9,1,0,0,0,0,0,11,11,11,11,11,,1
4469, 5/24/2022 11:34,3,1,Control,0,0,0,0,0,,4,0,26,1,3,1,1,1,1,8,10,8,7,0,1,1,0,0,11,8,9,9,8,0,0
4470,  5/24/2022 3:00,3,1,Trust,0,1,0,0,0,,3,0,67,0,4,1,1,1,0,1,1,8,8,1,0,0,0,1,9,9,9,9,9,,0
4471,  5/24/2022 6:58,3,1,Promise,0,0,1,0,0,1,6,1,51,0,4,1,2,1,1,2,3,10,2,1,0,0,0,0,10,10,10,6,6,1,0
4472, 5/24/2022 11:29,3,1,Control,0,0,0,0,0,,6,1,39,0,2,0,1,1,1,1,1,8,8,1,0,0,0,1,1,11,8,8,3,0,0
4473, 5/24/2022 11:28,3,1,Default_yes,0,0,0,1,0,1,4,1,28,1,3,1,2,1,1,1,9,11,2,0,0,1,1,0,11,11,11,11,1,,1
4474, 5/24/2022 11:55,3,1,Promise,0,0,1,0,0,1,4,0,41,1,3,1,3,0,0,1,2,11,1,1,0,0,1,0,11,11,11,11,11,1,0
4475,  5/24/2022 1:51,3,1,Promise,0,0,1,0,0,1,6,0,31,0,2,0,2,1,1,6,11,10,8,0,1,1,0,1,6,5,9,7,7,1,0
4476, 5/24/2022 10:54,3,1,Promise,0,0,1,0,0,1,3,0,27,1,2,0,3,0,0,6,11,10,3,0,1,1,0,0,11,11,11,5,8,1,0
4477, 5/24/2022 12:56,3,1,Trust,0,1,0,0,0,,1,0,51,1,3,1,2,1,1,9,7,9,9,1,1,1,0,1,9,9,9,2,10,,0
4478, 5/24/2022 11:16,3,1,Control,0,0,0,0,0,,5,0,21,1,2,0,1,1,0,4,10,11,3,0,0,1,1,0,11,11,11,11,11,0,0
4479,  5/24/2022 5:42,3,1,Control,0,0,0,0,0,,3,0,19,1,2,0,2,1,0,2,4,9,7,0,0,0,0,0,11,11,11,11,11,0,0
4480,  5/24/2022 1:10,3,1,Promise,0,0,1,0,0,1,6,1,38,1,3,1,1,1,0,11,11,11,6,1,1,1,1,0,11,11,11,11,11,1,0
4481, 5/24/2022 10:53,3,1,Trust_promise,1,0,0,0,0,1,1,0,25,0,3,1,1,1,1,1,2,11,8,0,0,0,1,1,8,8,9,4,6,1,0
4482,  5/24/2022 8:06,3,1,Default_no,0,0,0,0,1,1,3,1,19,1,2,0,2,1,0,5,3,9,3,0,1,0,0,0,9,9,9,9,3,,1
4483,  5/24/2022 2:04,3,1,Trust,0,1,0,0,0,,5,0,43,1,3,1,1,1,0,2,7,7,7,1,0,1,0,0,7,9,9,5,8,,0
4484,  5/24/2022 1:08,3,1,Control,0,0,0,0,0,,1,1,49,0,3,1,1,1,1,4,1,8,7,1,0,0,0,0,10,3,5,5,7,0,0
4485,  5/24/2022 7:02,3,1,Default_yes,0,0,0,1,0,1,1,0,22,0,3,1,1,1,1,4,1,8,5,0,0,0,0,0,11,11,11,11,9,,1
4486, 5/24/2022 12:00,3,1,Trust_promise,1,0,0,0,0,1,4,1,30,1,4,1,2,1,0,3,2,11,6,0,0,0,1,0,9,9,9,8,9,1,0
4487,  5/24/2022 2:16,3,1,Trust_promise,1,0,0,0,0,1,3,0,44,1,2,0,2,1,1,7,11,11,8,1,1,1,1,1,11,11,11,11,11,1,0
4488,  5/25/2022 6:43,3,1,Default_no,0,0,0,0,1,1,6,1,31,0,3,1,1,1,1,1,1,11,7,0,0,0,1,0,11,11,11,11,11,,1
4489,  5/24/2022 1:50,3,1,Trust_promise,1,0,0,0,0,1,5,0,68,1,3,1,3,0,0,11,11,11,9,1,1,1,1,1,11,11,11,11,11,1,0
4490,  5/24/2022 2:31,3,1,Default_yes,0,0,0,1,0,1,3,1,34,0,3,1,1,1,1,4,1,3,2,0,0,0,0,0,3,11,11,10,11,,1
4491, 5/24/2022 11:49,3,1,Trust,0,1,0,0,0,,4,1,67,0,3,1,1,1,1,3,4,9,9,1,0,0,0,1,11,11,11,11,11,,0
4492,  5/24/2022 6:38,3,1,Trust_promise,1,0,0,0,0,1,4,1,60,0,3,1,3,0,0,3,2,3,1,1,0,0,0,0,11,11,11,11,10,1,0
4493, 5/24/2022 11:58,3,1,Trust_promise,1,0,0,0,0,1,5,0,32,1,2,0,2,1,0,5,2,7,1,0,1,0,0,0,11,11,11,11,11,1,0
4494,  5/24/2022 7:14,3,1,Default_yes,0,0,0,1,0,1,4,0,55,1,2,0,3,0,1,9,11,11,9,1,1,1,1,1,11,11,11,11,11,,1
4495,  5/24/2022 5:00,3,1,Default_yes,0,0,0,1,0,1,3,0,27,1,3,1,1,1,1,5,2,9,7,0,1,0,0,0,11,11,11,11,11,,1
4496, 5/24/2022 12:43,3,1,Trust,0,1,0,0,0,,3,1,34,0,3,1,1,1,1,9,5,11,8,0,1,0,1,1,9,11,11,11,1,,0
4497,  5/24/2022 7:14,3,1,Default_yes,0,0,0,1,0,1,2,1,32,1,4,1,1,1,1,5,8,10,7,0,1,1,0,0,10,10,10,2,10,,1
4498, 5/24/2022 11:43,3,1,Trust_promise,1,0,0,0,0,1,4,1,33,1,3,1,1,1,0,1,1,10,11,0,0,0,0,1,11,11,11,11,11,1,0
4499,  5/25/2022 9:24,3,1,Default_no,0,0,0,0,1,1,5,0,37,0,3,1,1,1,1,4,2,11,6,1,0,0,1,0,1,1,6,2,2,,1
4500, 5/24/2022 12:19,3,1,Promise,0,0,1,0,0,1,3,0,58,0,2,0,1,1,0,9,2,9,8,1,1,0,0,1,6,8,10,3,6,1,0
4501, 5/24/2022 12:58,3,1,Trust,0,1,0,0,0,,4,1,46,1,3,1,3,0,0,2,9,10,5,1,0,1,0,0,11,11,11,11,11,,0
4502,  5/24/2022 1:52,3,1,Default_no,0,0,0,0,1,1,1,0,34,0,2,0,2,1,0,1,2,8,8,0,0,0,0,1,9,9,8,6,5,,1
4503, 5/24/2022 11:55,3,1,Default_no,0,0,0,0,1,1,2,0,45,0,3,1,1,1,1,6,1,9,6,1,1,0,0,0,11,11,11,11,9,,1
4504,  5/24/2022 2:52,3,1,Default_yes,0,0,0,1,0,1,2,1,20,1,2,0,2,1,0,3,7,11,5,0,0,1,1,0,8,9,9,5,5,,1
4505, 5/24/2022 12:15,3,1,Trust_promise,1,0,0,0,0,1,1,0,46,1,2,0,1,1,0,2,1,11,7,1,0,0,1,0,6,8,9,9,5,1,0
4506,  5/24/2022 3:46,3,1,Control,0,0,0,0,0,,1,0,34,0,3,1,1,1,0,3,1,11,9,0,0,0,1,1,11,11,11,11,11,0,0
4507, 5/24/2022 11:11,3,1,Trust,0,1,0,0,0,,4,0,48,0,2,0,2,1,0,11,11,11,9,1,1,1,1,1,11,11,11,10,11,,0
4508,  5/24/2022 2:37,3,1,Control,0,0,0,0,0,,6,0,28,1,4,1,3,0,0,3,1,8,3,0,0,0,0,0,6,11,11,11,6,0,0
4509, 5/25/2022 10:29,3,1,Default_yes,0,0,0,1,0,1,3,1,31,0,5,1,1,1,1,4,5,9,7,0,0,0,0,0,9,10,9,8,9,,1
4510,  5/24/2022 3:44,3,1,Default_no,0,0,0,0,1,1,6,1,45,1,2,0,1,1,0,2,11,11,10,1,0,1,1,1,11,11,11,1,11,,1
4511, 5/24/2022 11:33,3,1,Trust,0,1,0,0,0,,1,1,41,0,2,0,1,1,1,1,1,6,6,1,0,0,0,0,11,11,11,11,11,,0
4512,  5/24/2022 3:59,3,1,Trust_promise,1,0,0,0,0,1,2,1,19,1,2,0,3,0,0,2,1,11,8,0,0,0,1,1,11,9,11,6,11,1,0
4513, 5/24/2022 12:56,3,1,Default_yes,0,0,0,1,0,1,4,0,64,1,3,1,3,0,1,2,11,10,6,1,0,1,0,0,11,11,11,11,11,,1
4514, 5/24/2022 12:47,3,1,Trust,0,1,0,0,0,,6,0,55,1,2,0,3,0,0,9,11,10,4,1,1,1,0,0,11,11,11,11,11,,0
4515,  5/24/2022 1:07,3,1,Trust_promise,1,0,0,0,0,1,3,1,48,1,4,1,1,1,1,6,8,11,9,1,1,1,1,1,11,11,11,8,8,1,0
4516,  5/24/2022 1:55,3,1,Promise,0,0,1,0,0,1,4,0,29,0,2,0,2,1,0,7,1,11,1,0,1,0,1,0,8,6,8,9,8,1,0
4517, 5/24/2022 11:37,3,1,Promise,0,0,1,0,0,1,5,1,38,1,3,1,1,1,1,1,1,8,3,1,0,0,0,0,1,2,7,7,5,1,0
4518,  5/24/2022 5:09,3,1,Default_no,0,0,0,0,1,1,2,1,27,1,3,1,2,1,0,9,7,9,6,0,1,1,0,0,7,10,8,10,8,,1
4519,  5/25/2022 9:39,3,1,Default_yes,0,0,0,1,0,1,6,0,51,0,3,1,3,0,0,1,1,11,9,1,0,0,1,1,6,9,11,5,8,,1
4520,  5/24/2022 4:27,3,1,Trust,0,1,0,0,0,,2,0,27,1,4,1,1,1,1,1,1,8,8,0,0,0,0,1,10,11,11,11,11,,0
4521,  5/24/2022 6:07,3,1,Promise,0,0,1,0,0,1,5,1,28,1,4,1,2,1,1,1,1,10,9,0,0,0,0,1,7,5,8,5,7,1,0
4522,  5/24/2022 1:30,3,1,Trust_promise,1,0,0,0,0,1,3,1,49,0,3,1,1,1,0,7,9,8,5,1,1,1,0,0,10,10,10,10,10,1,0
4523, 5/24/2022 12:57,3,1,Trust_promise,1,0,0,0,0,1,4,0,37,0,3,1,2,1,1,3,1,10,9,1,0,0,0,1,11,11,11,9,11,1,0
4524,  5/25/2022 8:12,3,1,Trust_promise,1,0,0,0,0,1,6,0,38,0,2,0,1,1,0,8,2,9,5,1,1,0,0,0,10,9,10,7,9,1,0
4525,  5/24/2022 1:53,3,1,Trust_promise,1,0,0,0,0,1,3,0,22,1,2,0,3,0,0,4,2,9,5,0,0,0,0,0,10,11,11,11,11,1,0
4526, 5/24/2022 12:45,3,1,Trust_promise,1,0,0,0,0,1,3,1,73,0,3,1,3,0,0,1,1,10,8,1,0,0,0,1,9,10,10,5,6,1,0
4527,  5/24/2022 1:59,3,1,Promise,0,0,1,0,0,1,2,0,49,0,2,0,1,1,1,11,10,10,6,1,1,1,0,0,1,5,8,6,8,1,0
4528, 5/24/2022 12:29,3,1,Promise,0,0,1,0,0,1,6,1,30,1,3,1,2,1,0,1,1,8,6,0,0,0,0,0,11,11,11,3,6,1,0
4529, 5/24/2022 12:10,3,1,Default_no,0,0,0,0,1,1,3,0,35,1,2,0,3,0,1,1,3,11,6,1,0,0,1,0,11,11,11,11,11,,1
4530, 5/24/2022 11:17,3,1,Trust_promise,1,0,0,0,0,1,6,1,24,1,3,1,1,1,1,1,2,11,6,0,0,0,1,0,11,6,6,6,6,1,0
4531, 5/24/2022 12:37,3,1,Default_no,0,0,0,0,1,1,2,1,27,0,3,1,1,1,1,6,11,11,6,0,1,1,1,0,11,9,6,6,9,,1
4532,  5/25/2022 7:39,3,1,Default_no,0,0,0,0,1,1,3,0,33,0,3,1,1,1,1,5,3,7,6,0,1,0,0,0,11,11,10,10,8,,1
4533,  5/24/2022 1:58,3,1,Trust_promise,1,0,0,0,0,1,4,1,27,1,4,1,1,1,1,1,1,6,5,0,0,0,0,0,7,7,6,6,7,1,0
4534,  5/24/2022 1:27,3,1,Default_no,0,0,0,0,1,1,6,0,28,1,3,1,1,1,1,1,1,11,8,0,0,0,1,1,11,11,11,11,11,,1
4535, 5/24/2022 12:27,3,1,Default_no,0,0,0,0,1,1,4,0,37,0,2,0,1,1,0,6,6,11,7,1,1,1,1,0,8,8,8,8,6,,1
4536,  5/24/2022 1:20,3,1,Default_no,0,0,0,0,1,1,4,0,56,1,2,0,3,0,0,6,11,10,7,1,1,1,0,0,3,11,11,9,9,,1
4537, 5/24/2022 11:26,3,1,Control,0,0,0,0,0,,6,1,19,1,2,0,2,1,0,9,10,11,8,0,1,1,1,1,10,10,11,11,11,0,0
4538,  5/24/2022 1:57,3,1,Default_no,0,0,0,0,1,1,5,0,41,1,2,0,3,0,0,6,2,10,6,1,1,0,0,0,9,9,10,10,11,,1
4539, 5/24/2022 11:34,3,1,Control,0,0,0,0,0,,4,0,50,1,2,0,1,1,1,11,10,11,8,1,1,1,1,1,11,11,11,11,11,0,0
4540,  5/24/2022 3:14,3,1,Promise,0,0,1,0,0,1,4,1,32,1,2,0,1,1,1,1,9,11,5,0,0,1,1,0,11,11,11,11,3,1,0
4541, 5/24/2022 12:32,3,1,Control,0,0,0,0,0,,2,1,40,0,4,1,1,1,1,8,11,11,10,1,1,1,1,1,11,11,11,11,11,0,0
4542, 5/24/2022 10:16,3,1,Default_no,0,0,0,0,1,1,5,0,38,0,4,1,1,1,1,1,11,10,8,1,0,1,0,1,11,10,11,8,9,,1
4543,  5/24/2022 4:59,3,1,Promise,0,0,1,0,0,1,3,0,41,1,2,0,2,1,0,11,11,11,11,1,1,1,1,1,11,11,11,11,11,1,0
4544, 5/24/2022 12:16,3,1,Promise,0,0,1,0,0,1,2,0,39,0,3,1,1,1,1,1,6,7,2,1,0,1,0,0,6,6,6,6,7,1,0
4545, 5/24/2022 12:41,3,1,Promise,0,0,1,0,0,1,3,1,53,0,3,1,1,1,1,9,8,11,3,1,1,1,1,0,11,11,11,11,11,1,0
4546,  5/24/2022 1:06,3,1,Trust_promise,1,0,0,0,0,1,1,1,26,1,3,1,1,1,1,9,9,9,10,0,1,1,0,1,11,11,11,1,1,1,0
4547,  5/25/2022 3:19,3,1,Control,0,0,0,0,0,,6,0,65,0,3,1,1,1,1,1,1,8,11,1,0,0,0,1,11,11,11,5,8,0,0
4548,  5/24/2022 5:26,3,1,Trust,0,1,0,0,0,,4,1,31,0,2,0,3,0,0,1,4,8,10,0,0,0,0,1,3,4,6,2,4,,0
4549,  5/25/2022 7:47,3,1,Default_no,0,0,0,0,1,1,3,0,33,0,3,1,2,1,1,3,1,8,7,0,0,0,0,0,2,10,10,10,10,,1
4550,  5/24/2022 9:07,3,1,Promise,0,0,1,0,0,1,5,1,27,0,3,1,1,1,0,6,10,8,4,0,1,1,0,0,10,10,10,8,9,1,0
4551, 5/24/2022 10:38,3,1,Promise,0,0,1,0,0,1,3,0,26,0,5,1,1,1,1,7,10,11,5,0,1,1,1,0,11,5,8,4,5,1,0
4552, 5/24/2022 11:32,3,1,Trust_promise,1,0,0,0,0,1,6,0,45,1,2,0,3,0,1,5,1,10,8,1,1,0,0,1,11,11,11,9,10,1,0
4553,  5/24/2022 9:00,3,1,Trust_promise,1,0,0,0,0,1,6,0,35,0,4,1,2,1,1,3,2,9,8,1,0,0,0,1,11,10,11,6,6,1,0
4554,  5/24/2022 3:45,3,1,Promise,0,0,1,0,0,1,2,0,52,1,3,1,1,1,0,1,1,11,8,1,0,0,1,1,11,11,11,11,10,1,0
4555,  5/24/2022 3:06,3,1,Trust,0,1,0,0,0,,3,1,53,1,3,1,3,0,0,3,2,6,3,1,0,0,0,0,2,10,10,6,10,,0
4556,  5/25/2022 9:34,3,1,Trust_promise,1,0,0,0,0,1,4,1,27,0,3,1,1,1,1,11,11,6,6,0,1,1,0,0,9,10,11,11,11,1,0
4557,  5/24/2022 6:10,3,1,Trust_promise,1,0,0,0,0,1,4,0,76,1,4,1,1,1,0,1,1,11,11,1,0,0,1,1,11,11,11,11,3,1,0
4558,  5/24/2022 1:18,3,1,Control,0,0,0,0,0,,1,0,44,1,3,1,1,1,0,5,1,11,11,1,1,0,1,1,11,11,11,11,11,0,0
4559,  5/24/2022 2:13,3,1,Default_no,0,0,0,0,1,1,5,0,38,1,5,1,2,1,1,1,1,9,6,1,0,0,0,0,10,11,11,11,6,,1
4560,  5/24/2022 1:20,3,1,Trust_promise,1,0,0,0,0,1,4,0,28,0,2,0,1,1,0,4,6,7,3,0,0,1,0,0,8,11,11,11,11,1,0
4561, 5/24/2022 12:14,3,1,Default_yes,0,0,0,1,0,1,4,1,40,0,1,0,1,1,0,5,4,10,8,1,1,0,0,1,10,9,9,7,7,,1
4562, 5/24/2022 12:44,3,1,Promise,0,0,1,0,0,1,4,0,44,1,3,1,1,1,1,9,11,8,7,1,1,1,0,0,6,11,11,1,1,1,0
4563,  5/24/2022 4:18,3,1,Trust_promise,1,0,0,0,0,1,4,1,49,0,3,1,2,1,1,6,1,11,3,1,1,0,1,0,10,11,11,11,11,1,0
4564, 5/24/2022 11:55,3,1,Default_yes,0,0,0,1,0,1,2,0,32,1,2,0,3,0,0,6,11,11,6,0,1,1,1,0,8,11,6,7,6,,1
4565,  5/25/2022 6:07,3,1,Trust_promise,1,0,0,0,0,1,1,1,31,0,2,0,2,1,1,7,7,11,3,0,1,1,1,0,11,11,11,11,11,1,0
4566,  5/24/2022 5:42,3,1,Promise,0,0,1,0,0,1,3,0,54,0,4,1,1,1,0,3,1,11,6,1,0,0,1,0,6,9,11,5,6,1,0
4567,  5/24/2022 1:10,3,1,Trust,0,1,0,0,0,,4,0,40,1,3,1,3,0,0,3,9,8,3,1,0,1,0,0,9,11,10,7,7,,0
4568, 5/25/2022 12:46,3,1,Trust_promise,1,0,0,0,0,1,1,1,35,0,5,1,1,1,1,3,2,10,5,1,0,0,0,0,9,9,9,9,9,1,0
4569,  5/24/2022 3:27,3,1,Default_yes,0,0,0,1,0,1,5,1,21,1,3,1,2,1,0,2,2,11,7,0,0,0,1,0,11,11,11,11,11,,1
4570, 5/24/2022 11:01,3,1,Promise,0,0,1,0,0,1,4,0,37,1,2,0,1,1,0,6,11,10,1,1,1,1,0,0,11,11,11,11,11,1,0
4571,  5/24/2022 5:12,3,1,Default_yes,0,0,0,1,0,1,1,0,67,0,3,1,3,0,1,5,9,11,9,1,1,1,1,1,11,11,11,11,11,,1
4572,  5/24/2022 1:16,3,1,Promise,0,0,1,0,0,1,3,1,21,0,2,0,3,0,0,1,1,11,8,0,0,0,1,1,9,9,9,11,1,1,0
4573, 5/24/2022 12:38,3,1,Promise,0,0,1,0,0,1,3,0,64,1,3,1,1,1,1,2,8,10,2,1,0,1,0,0,11,11,11,11,11,1,0
4574, 5/24/2022 12:39,3,1,Trust,0,1,0,0,0,,1,0,34,0,3,1,1,1,1,4,1,8,8,0,0,0,0,1,6,8,8,8,7,,0
4575, 5/24/2022 11:37,3,1,Default_yes,0,0,0,1,0,1,2,1,31,0,4,1,1,1,1,3,2,9,6,0,0,0,0,0,6,6,6,6,6,,1
4576,  5/25/2022 8:59,3,1,Control,0,0,0,0,0,,2,1,32,0,3,1,2,1,1,2,5,11,7,0,0,0,1,0,10,9,9,10,9,0,0
4577,  5/24/2022 2:09,3,1,Trust_promise,1,0,0,0,0,1,4,0,25,1,2,0,1,1,1,6,10,9,2,0,1,1,0,0,11,11,11,6,9,1,0
4578, 5/24/2022 12:33,3,1,Trust_promise,1,0,0,0,0,1,5,1,23,0,3,1,1,1,1,3,2,11,8,0,0,0,1,1,6,9,10,11,10,1,0
4579, 5/24/2022 11:31,3,1,Default_yes,0,0,0,1,0,1,3,0,31,1,3,1,3,0,0,1,6,11,6,0,0,1,1,0,11,11,11,11,11,,1
4580, 5/25/2022 10:20,3,1,Default_no,0,0,0,0,1,1,6,0,52,0,4,1,2,1,1,10,2,11,8,1,1,0,1,1,6,9,11,9,6,,1
4581,  5/24/2022 2:54,3,1,Default_yes,0,0,0,1,0,1,1,1,18,1,1,0,1,1,0,1,1,8,10,0,0,0,0,1,11,11,11,11,11,,1
4582,  5/24/2022 7:40,3,1,Trust_promise,1,0,0,0,0,1,5,0,35,1,4,1,1,1,1,6,4,7,7,1,1,0,0,0,11,11,11,11,11,1,0
4583,  5/24/2022 3:39,3,1,Default_no,0,0,0,0,1,1,1,0,34,0,3,1,1,1,0,1,1,6,7,0,0,0,0,0,11,11,11,11,1,,1
4584, 5/24/2022 11:57,3,1,Control,0,0,0,0,0,,5,1,27,0,2,0,1,1,1,9,11,11,9,0,1,1,1,1,7,10,8,10,9,0,0
4585,  5/25/2022 9:45,3,1,Trust_promise,1,0,0,0,0,1,5,1,26,0,1,0,2,1,0,6,11,11,6,0,1,1,1,0,7,7,7,6,1,1,0
4586, 5/24/2022 12:25,3,1,Trust,0,1,0,0,0,,4,0,36,0,2,0,3,0,0,4,8,9,4,1,0,1,0,0,11,11,11,11,11,,0
4587, 5/24/2022 11:12,3,1,Control,0,0,0,0,0,,4,1,67,1,3,1,3,0,0,11,10,11,7,1,1,1,1,0,11,11,11,8,11,0,0
4588,  5/24/2022 1:52,3,1,Trust,0,1,0,0,0,,4,1,62,0,3,1,1,1,1,7,1,11,9,1,1,0,1,1,9,11,11,11,11,,0
4589,  5/24/2022 2:50,3,1,Default_no,0,0,0,0,1,1,6,1,37,0,3,1,1,1,1,5,1,9,7,1,1,0,0,0,11,9,11,7,6,,1
4590,  5/24/2022 6:34,3,1,Trust_promise,1,0,0,0,0,1,2,1,32,0,2,0,3,0,0,6,2,4,1,0,1,0,0,0,3,2,2,2,2,1,0
4591, 5/24/2022 12:26,3,1,Trust_promise,1,0,0,0,0,1,1,0,39,1,2,0,1,1,1,6,5,6,6,1,1,0,0,0,11,11,11,6,6,1,0
4592,  5/24/2022 2:33,3,1,Trust,0,1,0,0,0,,5,0,52,1,2,0,3,0,0,11,11,11,4,1,1,1,1,0,9,11,11,6,6,,0
4593,  5/24/2022 8:55,3,1,Trust,0,1,0,0,0,,6,0,29,0,3,1,1,1,1,2,1,11,7,0,0,0,1,0,11,11,11,11,11,,0
4594, 5/24/2022 11:10,3,1,Default_no,0,0,0,0,1,1,4,0,20,0,2,0,1,1,0,6,6,11,5,0,1,1,1,0,9,11,11,4,9,,1
4595,  5/24/2022 1:05,3,1,Default_yes,0,0,0,1,0,1,6,1,20,0,2,0,3,0,1,1,1,8,7,0,0,0,0,0,11,11,11,11,11,,1
4596, 5/24/2022 12:32,3,1,Control,0,0,0,0,0,,4,1,28,1,3,1,3,0,0,3,9,8,5,0,0,1,0,0,4,6,4,9,7,0,0
4597,  5/24/2022 7:50,3,1,Control,0,0,0,0,0,,1,1,26,1,4,1,2,1,1,3,9,11,5,0,0,1,1,0,9,9,10,6,8,0,0
4598, 5/24/2022 12:24,3,1,Control,0,0,0,0,0,,2,1,20,0,2,0,2,1,0,6,4,7,7,0,1,0,0,0,9,11,11,11,11,0,0
4599,  5/24/2022 1:34,3,1,Promise,0,0,1,0,0,1,6,1,42,0,3,1,1,1,1,11,11,11,6,1,1,1,1,0,11,11,11,11,11,1,0
4600,  5/24/2022 3:59,3,1,Default_no,0,0,0,0,1,1,4,1,22,1,2,0,2,1,0,3,6,10,8,0,0,1,0,1,10,10,10,10,9,,1
4601, 5/24/2022 11:35,3,1,Trust,0,1,0,0,0,,3,0,29,1,2,0,1,1,0,5,10,9,3,0,1,1,0,0,10,10,11,8,10,,0
4602,  5/24/2022 7:45,3,1,Default_yes,0,0,0,1,0,1,5,0,40,0,2,0,1,1,1,8,11,11,8,1,1,1,1,1,10,11,11,11,11,,1
4603,  5/24/2022 2:10,3,1,Trust_promise,1,0,0,0,0,1,4,1,29,0,3,1,2,1,1,2,1,9,5,0,0,0,0,0,11,11,11,11,11,1,0
4604,  5/24/2022 2:11,3,1,Promise,0,0,1,0,0,1,3,1,24,1,2,0,1,1,0,1,3,10,3,0,0,0,0,0,11,10,7,8,8,1,0
4605, 5/24/2022 11:51,3,1,Trust_promise,1,0,0,0,0,1,2,0,31,0,3,1,3,0,0,11,1,11,7,0,1,0,1,0,9,10,11,11,11,1,0
4606, 5/24/2022 12:32,3,1,Promise,0,0,1,0,0,1,5,1,26,0,3,1,1,1,1,4,4,11,8,0,0,0,1,1,11,11,11,11,11,1,0
4607, 5/24/2022 11:59,3,1,Default_yes,0,0,0,1,0,1,4,1,36,1,2,0,2,1,1,5,6,10,2,1,1,1,0,0,11,11,11,11,11,,1
4608,  5/24/2022 3:35,3,1,Trust_promise,1,0,0,0,0,1,4,0,40,1,3,1,1,1,1,4,2,9,6,1,0,0,0,0,11,11,11,11,11,1,0
4609,  5/24/2022 1:36,3,1,Default_yes,0,0,0,1,0,1,6,0,49,1,4,1,2,1,1,4,2,9,7,1,0,0,0,0,9,9,9,9,11,,1
4610,  5/24/2022 1:07,3,1,Default_no,0,0,0,0,1,1,1,0,37,0,3,1,1,1,1,5,1,8,7,1,1,0,0,0,11,11,11,11,11,,1
4611, 5/24/2022 12:01,3,1,Default_yes,0,0,0,1,0,1,3,1,48,1,3,1,3,0,0,6,5,11,6,1,1,0,1,0,11,11,11,11,11,,1
4612, 5/24/2022 12:07,3,1,Default_yes,0,0,0,1,0,1,3,1,25,1,3,1,3,0,0,5,3,10,7,0,1,0,0,0,9,10,11,10,10,,1
4613,  5/24/2022 6:06,3,1,Promise,0,0,1,0,0,1,3,0,43,0,3,1,2,1,1,10,10,8,4,1,1,1,0,0,11,11,11,3,9,1,0
4614,  5/24/2022 5:48,3,1,Promise,0,0,1,0,0,1,1,0,38,0,2,0,3,0,0,4,2,9,7,1,0,0,0,0,7,4,4,5,3,1,0
4615,  5/24/2022 4:07,3,1,Control,0,0,0,0,0,,6,0,23,1,2,0,3,0,0,1,1,11,4,0,0,0,1,0,11,11,11,11,11,0,0
4616, 5/24/2022 11:02,3,1,Control,0,0,0,0,0,,6,0,37,1,3,1,1,1,1,3,3,8,6,1,0,0,0,0,6,6,8,6,6,0,0
4617,  5/24/2022 2:25,3,1,Default_yes,0,0,0,1,0,1,6,0,28,1,3,1,1,1,1,3,3,8,8,0,0,0,0,1,8,9,9,9,9,,1
4618, 5/24/2022 12:27,3,1,Default_yes,0,0,0,1,0,1,5,0,64,1,3,1,3,0,1,3,11,11,10,1,0,1,1,1,10,11,11,3,11,,1
4619, 5/24/2022 12:53,3,1,Trust,0,1,0,0,0,,3,0,29,0,2,0,1,1,1,9,6,9,6,0,1,1,0,0,11,11,11,7,6,,0
4620, 5/24/2022 12:12,3,1,Default_no,0,0,0,0,1,1,5,0,39,1,3,1,1,1,1,10,11,11,8,1,1,1,1,1,11,11,11,11,11,,1
4621, 5/24/2022 11:51,3,1,Promise,0,0,1,0,0,1,2,0,24,1,3,1,3,0,0,1,3,11,7,0,0,0,1,0,11,9,11,11,2,1,0
4622, 5/24/2022 12:53,3,1,Default_no,0,0,0,0,1,1,2,0,37,1,5,1,1,1,0,6,5,9,7,1,1,0,0,0,8,11,11,11,11,,1
4623,  5/24/2022 1:24,3,1,Control,0,0,0,0,0,,3,0,29,0,3,1,1,1,0,3,11,9,9,0,0,1,0,1,10,11,10,10,11,0,0
4624,  5/24/2022 5:59,3,1,Trust,0,1,0,0,0,,2,0,30,0,3,1,2,1,1,2,11,11,11,0,0,1,1,1,11,11,11,11,11,,0
4625, 5/24/2022 12:30,3,1,Promise,0,0,1,0,0,1,4,1,19,1,2,0,1,1,0,5,3,10,4,0,1,0,0,0,10,9,9,9,8,1,0
4626, 5/24/2022 11:44,3,1,Promise,0,0,1,0,0,1,2,1,49,0,3,1,1,1,1,4,1,11,3,1,0,0,1,0,9,10,10,10,9,1,0
4627,  5/24/2022 7:35,3,1,Default_yes,0,0,0,1,0,1,4,1,52,0,2,0,1,1,0,4,3,9,9,1,0,0,0,1,11,11,11,11,11,,1
4628,  5/24/2022 6:55,3,1,Trust,0,1,0,0,0,,5,1,29,0,2,0,1,1,1,6,1,3,6,0,1,0,0,0,6,1,1,1,1,,0
4629, 5/24/2022 11:29,3,1,Default_yes,0,0,0,1,0,1,5,0,19,1,2,0,2,1,0,1,5,8,2,0,0,0,0,0,9,10,10,10,9,,1
4630,  5/24/2022 3:03,3,1,Default_no,0,0,0,0,1,1,5,1,57,0,4,1,1,1,0,7,11,11,11,1,1,1,1,1,11,10,10,11,10,,1
4631,  5/24/2022 6:14,3,1,Trust_promise,1,0,0,0,0,1,2,0,36,0,4,1,2,1,0,3,10,10,9,1,0,1,0,1,8,10,3,1,3,1,0
4632,  5/24/2022 2:09,3,1,Default_no,0,0,0,0,1,1,2,1,39,1,4,1,1,1,1,1,11,11,8,1,0,1,1,1,10,11,11,11,10,,1
4633,  5/24/2022 3:54,3,1,Default_no,0,0,0,0,1,1,2,1,42,1,3,1,1,1,0,6,1,11,3,1,1,0,1,0,4,4,9,4,6,,1
4634, 5/25/2022 12:24,3,1,Trust_promise,1,0,0,0,0,1,1,0,23,0,2,0,2,1,0,6,8,8,6,0,1,1,0,0,11,11,11,11,11,1,0
4635,  5/24/2022 5:49,3,1,Default_no,0,0,0,0,1,1,1,1,54,1,4,1,1,1,0,6,11,11,4,1,1,1,1,0,9,11,11,11,11,,1
4636,  5/24/2022 2:20,3,1,Default_no,0,0,0,0,1,1,4,1,55,0,3,1,1,1,1,7,11,10,2,1,1,1,0,0,11,11,11,11,11,,1
4637, 5/24/2022 12:01,3,1,Default_no,0,0,0,0,1,1,2,0,39,1,4,1,1,1,1,6,1,9,6,1,1,0,0,0,11,11,11,11,11,,1
4638,  5/24/2022 9:02,3,1,Default_no,0,0,0,0,1,1,4,0,30,0,5,1,1,1,1,3,1,11,3,0,0,0,1,0,7,11,11,9,11,,1
4639, 5/24/2022 11:31,3,1,Trust,0,1,0,0,0,,2,0,31,1,2,0,3,0,0,7,3,9,1,0,1,0,0,0,11,11,11,11,7,,0
4640,  5/24/2022 1:39,3,1,Default_no,0,0,0,0,1,1,6,0,43,0,2,0,3,0,0,2,2,11,2,1,0,0,1,0,2,4,11,5,8,,1
4641,  5/24/2022 7:35,3,1,Default_no,0,0,0,0,1,1,1,0,30,0,2,0,1,1,1,6,1,8,6,0,1,0,0,0,10,11,10,9,6,,1
4642,  5/24/2022 9:14,3,1,Trust,0,1,0,0,0,,4,1,37,0,3,1,1,1,1,2,1,8,7,1,0,0,0,0,11,11,11,10,10,,0
4643, 5/24/2022 10:54,3,1,Default_no,0,0,0,0,1,1,5,1,33,0,4,1,1,1,1,2,2,9,6,0,0,0,0,0,9,9,10,8,9,,1
4644,  5/24/2022 9:52,3,1,Default_no,0,0,0,0,1,1,6,1,62,0,2,0,2,1,0,9,1,9,5,1,1,0,0,0,11,11,11,1,1,,1
4645,  5/24/2022 9:26,3,1,Default_no,0,0,0,0,1,1,5,0,43,0,2,0,1,1,0,6,4,11,6,1,1,0,1,0,11,11,11,11,11,,1
4646,  5/24/2022 1:04,3,1,Promise,0,0,1,0,0,1,5,1,35,0,3,1,2,1,1,8,11,11,8,1,1,1,1,1,11,11,11,11,11,1,0
4647, 5/24/2022 11:52,3,1,Default_no,0,0,0,0,1,1,5,0,34,0,2,0,3,0,1,2,2,11,5,0,0,0,1,0,11,1,1,1,1,,1
4648, 5/24/2022 12:16,3,1,Trust_promise,1,0,0,0,0,1,3,0,47,0,2,0,3,0,0,4,8,11,5,1,0,1,1,0,11,11,11,3,8,1,0
4649, 5/24/2022 11:19,3,1,Trust,0,1,0,0,0,,2,1,25,0,3,1,2,1,1,6,6,11,1,0,1,1,1,0,11,11,11,11,11,,0
4650,  5/24/2022 2:21,3,1,Control,0,0,0,0,0,,3,0,32,0,3,1,1,1,0,6,11,11,5,0,1,1,1,0,6,11,11,6,1,0,0
4651,  5/24/2022 1:18,3,1,Trust_promise,1,0,0,0,0,1,3,0,69,1,4,1,3,0,0,4,11,7,7,1,0,1,0,0,11,11,11,11,9,1,0
4652,  5/24/2022 2:31,3,1,Default_yes,0,0,0,1,0,1,6,0,63,1,2,0,3,0,0,7,1,10,9,1,1,0,0,1,11,11,11,11,11,,1
4653, 5/24/2022 12:23,3,1,Control,0,0,0,0,0,,6,0,60,0,2,0,1,1,1,3,3,9,9,1,0,0,0,1,11,11,11,11,11,0,0
4654,  5/24/2022 3:59,3,1,Trust_promise,1,0,0,0,0,1,1,0,21,1,2,0,2,1,0,2,2,9,8,0,0,0,0,1,11,11,9,11,11,1,0
4655,  5/24/2022 3:54,3,1,Control,0,0,0,0,0,,6,1,40,0,3,1,1,1,0,3,1,9,8,1,0,0,0,1,1,3,6,4,6,0,0
4656,  5/24/2022 3:30,3,1,Default_yes,0,0,0,1,0,1,6,1,45,1,2,0,3,0,0,6,9,9,3,1,1,1,0,0,6,6,6,6,6,,1
4657,  5/24/2022 7:32,3,1,Control,0,0,0,0,0,,5,0,58,0,3,1,1,1,1,9,11,9,3,1,1,1,0,0,6,11,11,1,1,0,0
4658,  5/24/2022 7:51,3,1,Trust,0,1,0,0,0,,2,1,33,1,2,0,1,1,0,1,5,9,5,0,0,0,0,0,6,8,7,5,5,,0
4659, 5/24/2022 12:21,3,1,Default_no,0,0,0,0,1,1,2,0,35,1,4,1,1,1,0,3,1,6,5,1,0,0,0,0,11,11,5,5,6,,1
4660,  5/24/2022 7:39,3,1,Trust,0,1,0,0,0,,6,1,29,1,3,1,1,1,1,5,1,9,3,0,1,0,0,0,6,11,11,11,6,,0
4661,  5/25/2022 7:44,3,1,Trust,0,1,0,0,0,,4,0,58,0,3,1,1,1,1,7,4,10,10,1,1,0,0,1,11,11,11,11,11,,0
4662, 5/24/2022 10:56,3,1,Default_no,0,0,0,0,1,1,2,0,42,0,3,1,1,1,1,10,11,11,8,1,1,1,1,1,11,11,11,11,11,,1
4663,  5/24/2022 2:17,3,1,Default_yes,0,0,0,1,0,1,1,0,30,0,4,1,1,1,0,1,1,9,7,0,0,0,0,0,8,5,5,4,7,,1
4664,  5/24/2022 2:55,3,1,Trust_promise,1,0,0,0,0,1,5,0,20,1,2,0,3,0,0,3,1,10,7,0,0,0,0,0,9,10,10,8,9,1,0
4665, 5/24/2022 12:09,3,1,Default_yes,0,0,0,1,0,1,1,0,48,1,3,1,3,0,0,6,8,8,9,1,1,1,0,1,11,11,11,11,11,,1
4666, 5/24/2022 12:38,3,1,Trust,0,1,0,0,0,,4,0,46,1,3,1,1,1,1,7,11,10,6,1,1,1,0,0,11,11,11,7,10,,0
4667,  5/25/2022 7:26,3,1,Default_yes,0,0,0,1,0,1,4,0,22,0,3,1,1,1,1,6,11,8,6,0,1,1,0,0,9,11,10,7,10,,1
4668, 5/24/2022 12:14,3,1,Default_no,0,0,0,0,1,1,2,1,54,1,3,1,1,1,1,11,11,11,5,1,1,1,1,0,11,11,11,11,11,,1
4669, 5/24/2022 12:01,3,1,Trust,0,1,0,0,0,,1,1,33,0,2,0,3,0,0,6,1,11,8,0,1,0,1,1,11,11,11,11,11,,0
4670, 5/24/2022 12:16,3,1,Promise,0,0,1,0,0,1,6,0,71,0,4,1,3,0,1,3,1,9,8,1,0,0,0,1,11,11,11,11,11,1,0
4671, 5/24/2022 10:35,3,1,Default_no,0,0,0,0,1,1,1,0,37,1,4,1,3,0,0,6,11,8,6,1,1,1,0,0,6,11,11,11,11,,1
4672, 5/25/2022 10:50,3,1,Control,0,0,0,0,0,,4,1,25,0,3,1,2,1,1,11,3,11,5,0,1,0,1,0,11,11,11,11,11,0,0
4673,  5/24/2022 5:14,3,1,Control,0,0,0,0,0,,3,0,24,1,4,1,2,1,1,1,9,11,8,0,0,1,1,1,8,11,11,11,9,0,0
4674,  5/25/2022 6:14,3,1,Default_yes,0,0,0,1,0,1,4,0,54,0,4,1,1,1,1,3,2,9,8,1,0,0,0,1,8,4,7,3,4,,1
4675, 5/24/2022 11:16,3,1,Promise,0,0,1,0,0,1,6,0,37,1,3,1,1,1,1,2,2,9,4,1,0,0,0,0,9,9,9,9,9,1,0
4676,  5/24/2022 7:05,3,1,Trust,0,1,0,0,0,,1,0,18,0,2,0,3,0,0,2,3,8,1,0,0,0,0,0,8,9,9,9,6,,0
4677,  5/24/2022 4:16,3,1,Promise,0,0,1,0,0,1,6,0,70,1,3,1,1,1,1,5,10,9,9,1,1,1,0,1,10,2,11,9,8,1,0
4678, 5/24/2022 11:41,3,1,Default_no,0,0,0,0,1,1,2,0,69,0,2,0,1,1,1,5,9,9,8,1,1,1,0,1,9,8,9,7,8,,1
4679, 5/24/2022 12:37,3,1,Promise,0,0,1,0,0,1,2,1,37,0,2,0,1,1,1,11,11,9,6,1,1,1,0,0,11,11,11,6,1,1,0
4680,  5/25/2022 9:12,3,1,Default_yes,0,0,0,1,0,1,3,0,30,0,3,1,1,1,0,2,11,9,4,0,0,1,0,0,11,11,11,11,11,,1
4681,  5/24/2022 2:34,3,1,Trust_promise,1,0,0,0,0,1,5,0,19,1,2,0,3,0,0,2,2,9,8,0,0,0,0,1,10,10,10,2,5,1,0
4682, 5/24/2022 12:53,3,1,Trust,0,1,0,0,0,,6,1,31,1,4,1,2,1,1,6,7,11,7,0,1,1,1,0,11,11,11,11,11,,0
4683, 5/24/2022 12:36,3,1,Trust,0,1,0,0,0,,4,0,33,1,3,1,2,1,1,6,11,11,6,0,1,1,1,0,11,11,11,9,7,,0
4684,  5/24/2022 1:01,3,1,Trust_promise,1,0,0,0,0,1,2,0,20,0,2,0,1,1,0,8,11,8,7,0,1,1,0,0,11,11,11,11,11,1,0
4685, 5/24/2022 12:59,3,1,Trust_promise,1,0,0,0,0,1,2,0,19,1,2,0,1,1,0,3,2,10,4,0,0,0,0,0,11,10,11,11,11,1,0
4686,  5/24/2022 1:38,3,1,Default_yes,0,0,0,1,0,1,1,1,46,0,3,1,1,1,1,1,9,11,6,1,0,1,1,0,8,8,8,8,8,,1
4687,  5/25/2022 9:18,3,1,Control,0,0,0,0,0,,6,0,39,0,2,0,1,1,0,2,7,11,8,1,0,1,1,1,11,11,11,11,11,0,0
4688,  5/24/2022 4:32,3,1,Control,0,0,0,0,0,,4,0,24,1,2,0,2,1,0,5,11,9,6,0,1,1,0,0,11,11,11,11,11,0,0
4689,  5/24/2022 6:45,3,1,Trust_promise,1,0,0,0,0,1,6,0,48,0,3,1,2,1,1,9,11,9,8,1,1,1,0,1,9,9,9,9,6,1,0
4690,  5/24/2022 1:14,3,1,Default_yes,0,0,0,1,0,1,5,1,38,1,2,0,2,1,0,2,1,9,7,1,0,0,0,0,9,11,10,11,6,,1
4691,  5/25/2022 1:04,3,1,Default_no,0,0,0,0,1,1,5,0,33,0,2,0,1,1,0,4,1,11,7,0,0,0,1,0,11,11,11,1,11,,1
4692,  5/24/2022 4:11,3,1,Trust_promise,1,0,0,0,0,1,2,1,31,1,3,1,1,1,0,9,11,11,9,0,1,1,1,1,10,11,11,11,11,1,0
4693,  5/24/2022 6:10,3,1,Default_yes,0,0,0,1,0,1,1,0,27,1,3,1,1,1,0,2,6,11,8,0,0,1,1,1,11,11,11,11,10,,1
4694,  5/24/2022 6:53,3,1,Control,0,0,0,0,0,,3,1,31,1,2,0,3,0,0,1,3,11,4,0,0,0,1,0,11,11,11,11,11,0,0
4695,  5/24/2022 4:36,3,1,Control,0,0,0,0,0,,6,0,27,0,3,1,1,1,1,3,1,9,9,0,0,0,0,1,10,10,10,9,10,0,0
4696, 5/24/2022 11:03,3,1,Promise,0,0,1,0,0,1,5,1,36,0,3,1,3,0,0,6,9,10,8,1,1,1,0,1,11,11,11,11,11,1,0
4697,  5/24/2022 6:20,3,1,Default_yes,0,0,0,1,0,1,6,0,20,1,3,1,1,1,0,1,2,9,5,0,0,0,0,0,9,7,8,2,2,,1
4698,  5/24/2022 3:35,3,1,Trust_promise,1,0,0,0,0,1,4,1,54,1,2,0,3,0,1,1,1,6,8,1,0,0,0,1,11,11,11,8,11,1,0
4699, 5/24/2022 12:56,3,1,Trust,0,1,0,0,0,,4,0,19,1,2,0,3,0,0,8,11,10,5,0,1,1,0,0,11,11,11,11,11,,0
4700, 5/24/2022 12:45,3,1,Promise,0,0,1,0,0,1,4,1,29,0,4,1,1,1,1,9,11,10,8,0,1,1,0,1,11,11,11,11,11,1,0
4701,  5/24/2022 8:59,3,1,Control,0,0,0,0,0,,5,0,30,0,3,1,1,1,1,7,1,9,8,0,1,0,0,1,7,11,11,11,5,0,0
4702,  5/24/2022 2:24,3,1,Default_no,0,0,0,0,1,1,2,1,50,1,3,1,1,1,1,6,11,7,1,1,1,1,0,0,11,11,11,6,1,,1
4703,  5/24/2022 3:35,3,1,Default_no,0,0,0,0,1,1,3,0,39,1,4,1,1,1,1,1,7,9,6,1,0,1,0,0,8,9,11,10,7,,1
4704, 5/24/2022 11:19,3,1,Trust_promise,1,0,0,0,0,1,3,0,23,1,2,0,1,1,0,11,11,11,6,0,1,1,1,0,11,11,11,11,11,1,0
4705,  5/24/2022 1:16,3,1,Default_yes,0,0,0,1,0,1,3,1,23,1,2,0,2,1,0,1,1,11,1,0,0,0,1,0,11,11,11,11,11,,1
4706,  5/24/2022 6:45,3,1,Trust,0,1,0,0,0,,5,1,25,1,3,1,3,0,0,1,1,7,3,0,0,0,0,0,11,6,6,1,1,,0
4707,  5/24/2022 3:44,3,1,Default_no,0,0,0,0,1,1,2,1,24,1,4,1,1,1,1,1,9,11,1,0,0,1,1,0,11,10,11,8,7,,1
4708,  5/24/2022 2:14,3,1,Default_no,0,0,0,0,1,1,4,0,20,1,2,0,2,1,0,1,6,11,3,0,0,1,1,0,3,6,7,1,1,,1
4709, 5/24/2022 11:58,3,1,Promise,0,0,1,0,0,1,6,0,40,1,4,1,2,1,0,6,5,11,6,1,1,0,1,0,9,9,10,8,7,1,0
4710, 5/24/2022 10:59,3,1,Trust_promise,1,0,0,0,0,1,3,1,37,0,3,1,2,1,1,7,3,9,9,1,1,0,0,1,10,9,9,7,8,1,0
4711, 5/24/2022 12:21,3,1,Trust_promise,1,0,0,0,0,1,6,0,32,1,2,0,3,0,1,7,11,10,6,0,1,1,0,0,11,11,11,7,9,1,0
4712, 5/24/2022 10:54,3,1,Default_yes,0,0,0,1,0,1,5,0,58,1,2,0,3,0,0,11,11,3,5,1,1,1,0,0,11,11,11,1,11,,1
4713,  5/25/2022 8:23,3,1,Trust_promise,1,0,0,0,0,1,2,0,36,0,2,0,2,1,1,8,1,1,4,1,1,0,0,0,4,11,10,11,7,1,0
4714,  5/24/2022 4:20,3,1,Trust_promise,1,0,0,0,0,1,6,0,45,0,3,1,1,1,1,1,9,11,8,1,0,1,1,1,11,11,11,9,11,1,0
4715,  5/24/2022 8:29,3,1,Trust_promise,1,0,0,0,0,1,4,0,24,0,2,0,1,1,0,6,3,7,5,0,1,0,0,0,7,9,9,3,8,1,0
4716, 5/24/2022 12:29,3,1,Trust,0,1,0,0,0,,2,0,25,1,3,1,3,0,0,1,1,11,5,0,0,0,1,0,11,11,11,11,11,,0
4717,  5/24/2022 1:57,3,1,Default_yes,0,0,0,1,0,1,6,0,32,0,2,0,3,0,0,6,1,4,6,0,1,0,0,0,6,6,7,1,1,,1
4718,  5/24/2022 4:11,3,1,Trust_promise,1,0,0,0,0,1,3,0,70,0,4,1,2,1,1,1,2,11,9,1,0,0,1,1,9,11,11,11,11,1,0
4719,  5/24/2022 3:26,3,1,Promise,0,0,1,0,0,1,4,1,37,1,3,1,1,1,1,1,3,10,2,1,0,0,0,0,3,11,10,3,10,1,0
4720,  5/24/2022 7:36,3,1,Promise,0,0,1,0,0,1,2,1,41,0,3,1,1,1,1,6,6,6,6,1,1,1,0,0,9,9,8,8,9,1,0
4721, 5/24/2022 11:28,3,1,Default_no,0,0,0,0,1,1,3,1,30,1,2,0,2,1,0,4,11,8,2,0,0,1,0,0,11,11,11,11,11,,1
4722, 5/24/2022 12:23,3,1,Control,0,0,0,0,0,,5,0,55,1,3,1,3,0,0,8,11,11,9,1,1,1,1,1,9,10,10,1,9,0,0
4723,  5/24/2022 7:04,3,1,Control,0,0,0,0,0,,3,1,23,1,3,1,3,0,0,6,10,6,4,0,1,1,0,0,8,8,8,8,10,0,0
4724, 5/24/2022 12:48,3,1,Promise,0,0,1,0,0,1,3,0,22,1,3,1,2,1,1,8,8,8,6,0,1,1,0,0,9,11,10,9,7,1,0
4725,  5/25/2022 7:15,3,1,Default_no,0,0,0,0,1,1,2,0,47,0,5,1,2,1,1,9,8,10,7,1,1,1,0,0,11,11,11,1,10,,1
4726, 5/24/2022 11:45,3,1,Default_no,0,0,0,0,1,1,6,0,32,0,3,1,1,1,1,3,1,10,3,0,0,0,0,0,5,7,4,2,6,,1
4727,  5/24/2022 3:41,3,1,Trust,0,1,0,0,0,,6,0,51,1,2,0,2,1,1,9,11,11,8,1,1,1,1,1,10,11,11,10,8,,0
4728, 5/24/2022 11:06,3,1,Promise,0,0,1,0,0,1,5,0,20,1,2,0,3,0,0,1,3,8,10,0,0,0,0,1,10,11,10,10,10,1,0
4729,  5/24/2022 1:01,3,1,Default_yes,0,0,0,1,0,1,4,1,55,1,3,1,1,1,0,1,1,11,6,1,0,0,1,0,9,11,11,11,9,,1
4730,  5/24/2022 2:29,3,1,Trust,0,1,0,0,0,,5,0,36,0,2,0,1,1,1,5,3,9,7,1,1,0,0,0,8,11,11,11,11,,0
4731, 5/24/2022 11:32,3,1,Promise,0,0,1,0,0,1,6,1,35,0,4,1,1,1,1,10,11,11,9,1,1,1,1,1,10,10,11,9,10,1,0
4732,  5/24/2022 3:55,3,1,Default_yes,0,0,0,1,0,1,1,0,20,1,2,0,2,1,0,6,11,11,3,0,1,1,1,0,2,10,10,1,10,,1
4733,  5/24/2022 3:14,3,1,Control,0,0,0,0,0,,2,0,36,1,2,0,1,1,0,9,11,10,8,1,1,1,0,1,10,11,11,1,9,0,0
4734, 5/24/2022 11:47,3,1,Default_no,0,0,0,0,1,1,3,0,34,0,3,1,2,1,1,5,1,9,9,0,1,0,0,1,9,9,9,8,9,,1
4735,  5/24/2022 7:34,3,1,Promise,0,0,1,0,0,1,1,0,35,1,5,1,2,1,1,1,6,9,7,1,0,1,0,0,10,9,10,9,8,1,0
4736,  5/24/2022 2:08,3,1,Trust,0,1,0,0,0,,2,0,31,0,2,0,3,0,0,1,1,8,5,0,0,0,0,0,3,9,11,2,3,,0
4737,  5/24/2022 3:28,3,1,Control,0,0,0,0,0,,2,0,32,0,2,0,1,1,0,4,1,11,5,0,0,0,1,0,11,11,11,11,11,0,0
4738,  5/24/2022 1:05,3,1,Trust,0,1,0,0,0,,1,0,57,0,3,1,3,0,0,1,3,11,4,1,0,0,1,0,11,11,11,9,11,,0
4739,  5/24/2022 1:05,3,1,Trust,0,1,0,0,0,,2,1,35,0,3,1,3,0,0,3,1,2,1,1,0,0,0,0,1,1,1,1,1,,0
4740, 5/24/2022 12:55,3,1,Default_no,0,0,0,0,1,1,2,1,25,0,3,1,1,1,1,6,2,1,7,0,1,0,0,0,1,1,1,1,1,,1
4741, 5/24/2022 12:39,3,1,Promise,0,0,1,0,0,1,5,1,51,1,4,1,1,1,0,2,1,11,9,1,0,0,1,1,8,7,7,5,6,1,0
4742, 5/24/2022 12:33,3,1,Default_yes,0,0,0,1,0,1,6,1,41,1,3,1,1,1,1,6,11,10,7,1,1,1,0,0,10,10,10,10,11,,1
4743, 5/24/2022 12:28,3,1,Trust,0,1,0,0,0,,5,0,41,1,2,0,3,0,0,6,1,11,9,1,1,0,1,1,11,9,11,11,11,,0
4744,  5/24/2022 1:03,3,1,Default_no,0,0,0,0,1,1,6,0,57,0,3,1,2,1,1,6,6,8,8,1,1,1,0,1,9,9,11,9,9,,1
4745,  5/24/2022 3:15,3,1,Control,0,0,0,0,0,,4,0,43,0,2,0,1,1,0,1,1,7,7,1,0,0,0,0,10,8,6,6,6,0,0
4746, 5/24/2022 12:57,3,1,Trust_promise,1,0,0,0,0,1,3,0,32,0,4,1,3,0,0,1,1,5,1,0,0,0,0,0,9,11,11,9,4,1,0
4747,  5/25/2022 7:38,3,1,Default_yes,0,0,0,1,0,1,6,0,27,0,4,1,2,1,0,6,1,11,4,0,1,0,1,0,8,6,10,3,8,,1
4748, 5/24/2022 12:49,3,1,Promise,0,0,1,0,0,1,1,1,20,1,2,0,3,0,0,3,1,11,7,0,0,0,1,0,11,11,11,11,11,1,0
4749,  5/24/2022 8:50,3,1,Promise,0,0,1,0,0,1,2,1,32,0,2,0,2,1,0,6,7,8,5,0,1,1,0,0,1,9,2,2,1,1,0
4750,  5/24/2022 1:52,3,1,Trust_promise,1,0,0,0,0,1,6,1,38,0,3,1,1,1,1,6,4,10,3,1,1,0,0,0,11,11,11,11,11,1,0
4751,  5/24/2022 4:07,3,1,Control,0,0,0,0,0,,4,1,33,0,3,1,2,1,0,3,1,10,8,0,0,0,0,1,9,10,10,9,10,0,0
4752,  5/25/2022 4:26,3,1,Promise,0,0,1,0,0,1,4,1,34,0,2,0,2,1,1,11,1,11,1,0,1,0,1,0,11,11,11,11,11,1,0
4753,  5/24/2022 2:03,3,1,Default_no,0,0,0,0,1,1,1,0,44,1,3,1,2,1,0,6,11,10,2,1,1,1,0,0,11,11,11,11,8,,1
4754,  5/24/2022 7:12,3,1,Trust,0,1,0,0,0,,6,1,46,1,2,0,1,1,0,6,6,8,6,1,1,1,0,0,5,8,5,1,1,,0
4755,  5/24/2022 6:39,3,1,Default_yes,0,0,0,1,0,1,5,1,34,1,2,0,3,0,0,5,1,11,7,0,1,0,1,0,11,11,11,11,11,,1
4756,  5/24/2022 2:22,3,1,Default_yes,0,0,0,1,0,1,3,1,25,0,3,1,2,1,0,2,1,8,8,0,0,0,0,1,4,9,8,3,7,,1
4757,  5/24/2022 5:39,3,1,Trust_promise,1,0,0,0,0,1,6,1,22,1,2,0,3,0,1,11,1,11,8,0,1,0,1,1,11,11,11,11,11,1,0
4758,  5/24/2022 3:22,3,1,Trust_promise,1,0,0,0,0,1,4,0,61,1,5,1,2,1,1,1,9,11,9,1,0,1,1,1,9,6,9,1,7,1,0
4759,  5/24/2022 3:28,3,1,Control,0,0,0,0,0,,3,1,25,1,2,0,2,1,0,4,5,11,10,0,0,0,1,1,11,11,10,2,11,0,0
4760,  5/24/2022 2:32,3,1,Control,0,0,0,0,0,,1,0,29,1,4,1,2,1,1,10,11,9,5,0,1,1,0,0,11,11,11,11,10,0,0
4761,  5/24/2022 1:07,3,1,Trust_promise,1,0,0,0,0,1,4,0,30,0,2,0,1,1,0,6,7,5,2,0,1,1,0,0,11,6,11,9,10,1,0
4762, 5/24/2022 11:59,3,1,Promise,0,0,1,0,0,1,5,0,57,0,3,1,1,1,1,9,11,11,8,1,1,1,1,1,11,11,11,11,11,1,0
4763, 5/24/2022 12:32,3,1,Default_no,0,0,0,0,1,1,6,1,33,0,2,0,1,1,1,10,9,10,6,0,1,1,0,0,10,11,10,10,6,,1
4764, 5/25/2022 11:03,3,1,Default_yes,0,0,0,1,0,1,5,1,38,0,3,1,2,1,0,4,8,9,5,1,0,1,0,0,10,10,9,9,8,,1
4765,  5/24/2022 5:41,3,1,Control,0,0,0,0,0,,4,0,43,1,4,1,2,1,1,2,8,7,8,1,0,1,0,1,11,11,11,11,11,0,0
4766,  5/24/2022 2:30,3,1,Default_yes,0,0,0,1,0,1,1,0,38,0,3,1,1,1,0,11,11,11,4,1,1,1,1,0,11,11,11,11,11,,1
4767, 5/24/2022 11:38,3,1,Promise,0,0,1,0,0,1,4,0,23,1,3,1,2,1,0,3,11,11,8,0,0,1,1,1,10,11,11,11,11,1,0
4768,  5/24/2022 7:41,3,1,Trust,0,1,0,0,0,,3,0,36,0,4,1,3,0,0,6,7,5,1,1,1,1,0,0,1,11,11,1,4,,0
4769, 5/24/2022 12:33,3,1,Control,0,0,0,0,0,,6,0,31,0,3,1,3,0,0,3,1,5,4,0,0,0,0,0,11,11,11,11,9,0,0
4770,  5/24/2022 2:29,3,1,Trust,0,1,0,0,0,,5,0,23,0,2,0,2,1,0,6,6,6,6,0,1,1,0,0,7,5,7,6,7,,0
4771, 5/24/2022 11:44,3,1,Promise,0,0,1,0,0,1,4,1,39,0,3,1,1,1,1,2,6,11,9,1,0,1,1,1,11,11,11,3,11,1,0
4772,  5/24/2022 7:11,3,1,Control,0,0,0,0,0,,6,0,24,0,3,1,2,1,0,2,10,11,5,0,0,1,1,0,11,11,11,11,11,0,0
4773,  5/24/2022 4:25,3,1,Trust_promise,1,0,0,0,0,1,6,0,27,0,4,1,1,1,0,3,1,9,6,0,0,0,0,0,11,11,11,11,7,1,0
4774,  5/24/2022 2:51,3,1,Promise,0,0,1,0,0,1,1,1,38,0,3,1,1,1,1,5,4,9,9,1,1,0,0,1,6,11,11,8,11,1,0
4775,  5/24/2022 1:50,3,1,Default_no,0,0,0,0,1,1,4,0,31,0,2,0,3,0,0,5,8,11,5,0,1,1,1,0,11,11,11,9,11,,1
4776,  5/24/2022 1:14,3,1,Trust_promise,1,0,0,0,0,1,1,0,19,1,2,0,1,1,0,7,1,9,9,0,1,0,0,1,10,10,10,10,10,1,0
4777,  5/24/2022 2:01,3,1,Control,0,0,0,0,0,,4,1,56,0,3,1,1,1,1,9,1,11,8,1,1,0,1,1,11,11,11,11,1,0,0
4778,  5/24/2022 3:50,3,1,Trust,0,1,0,0,0,,6,1,33,1,2,0,2,1,1,11,11,11,3,0,1,1,1,0,11,11,11,10,11,,0
4779,  5/24/2022 3:55,3,1,Default_no,0,0,0,0,1,1,5,0,21,1,2,0,3,0,0,4,3,7,7,0,0,0,0,0,10,10,10,7,8,,1
4780, 5/24/2022 12:37,3,1,Control,0,0,0,0,0,,1,1,32,1,4,1,2,1,1,1,1,9,9,0,0,0,0,1,11,11,11,11,11,0,0
4781,  5/25/2022 7:28,3,1,Control,0,0,0,0,0,,2,1,37,0,3,1,1,1,1,6,3,10,8,1,1,0,0,1,11,10,10,10,9,0,0
4782, 5/25/2022 10:12,3,1,Trust_promise,1,0,0,0,0,1,3,1,28,0,2,0,1,1,0,5,4,5,5,0,1,0,0,0,11,9,9,9,9,1,0
4783,  5/24/2022 6:54,3,1,Trust,0,1,0,0,0,,3,0,27,1,2,0,1,1,0,1,9,11,1,0,0,1,1,0,11,11,11,11,1,,0
4784,  5/24/2022 1:27,3,1,Control,0,0,0,0,0,,1,0,19,0,2,0,3,0,0,6,6,9,7,0,1,1,0,0,11,11,11,10,9,0,0
4785, 5/24/2022 11:19,3,1,Default_no,0,0,0,0,1,1,1,0,27,1,2,0,1,1,0,1,4,11,10,0,0,0,1,1,1,11,11,3,6,,1
4786,  5/24/2022 1:31,3,1,Trust,0,1,0,0,0,,4,0,26,0,1,0,3,0,0,1,1,9,8,0,0,0,0,1,11,11,11,11,11,,0
4787, 5/24/2022 12:20,3,1,Promise,0,0,1,0,0,1,2,0,28,0,3,1,3,0,0,5,1,8,5,0,1,0,0,0,6,4,4,4,5,1,0
4788,  5/24/2022 6:16,3,1,Default_no,0,0,0,0,1,1,1,1,38,0,3,1,1,1,1,3,1,9,6,1,0,0,0,0,6,8,9,6,3,,1
4789, 5/24/2022 12:31,3,1,Default_yes,0,0,0,1,0,1,4,1,38,0,2,0,3,0,0,1,1,11,9,1,0,0,1,1,1,1,1,1,1,,1
4790,  5/24/2022 1:57,3,1,Default_no,0,0,0,0,1,1,5,0,32,1,3,1,1,1,1,7,11,11,5,0,1,1,1,0,10,11,9,3,6,,1
4791, 5/24/2022 12:38,3,1,Default_no,0,0,0,0,1,1,2,1,25,1,2,0,1,1,0,5,11,11,7,0,1,1,1,0,10,9,10,7,10,,1
4792,  5/25/2022 5:23,3,1,Promise,0,0,1,0,0,1,5,0,34,0,3,1,2,1,0,1,7,8,8,0,0,1,0,1,9,7,8,7,7,1,0
4793, 5/24/2022 12:05,3,1,Trust,0,1,0,0,0,,5,0,49,1,2,0,1,1,0,10,10,11,8,1,1,1,1,1,9,11,11,6,8,,0
4794,  5/24/2022 1:38,3,1,Trust_promise,1,0,0,0,0,1,2,0,34,1,3,1,3,0,0,2,1,8,4,0,0,0,0,0,11,11,11,11,11,1,0
4795,  5/24/2022 2:19,3,1,Promise,0,0,1,0,0,1,6,0,33,1,4,1,1,1,0,1,6,9,8,0,0,1,0,1,9,11,8,11,4,1,0
4796, 5/24/2022 11:55,3,1,Trust_promise,1,0,0,0,0,1,3,1,40,0,3,1,3,0,1,6,2,9,10,1,1,0,0,1,11,11,11,11,11,1,0
4797,  5/25/2022 7:59,3,1,Trust,0,1,0,0,0,,3,0,39,0,3,1,1,1,1,1,1,11,6,1,0,0,1,0,9,10,10,11,7,,0
4798, 5/25/2022 11:15,3,1,Trust,0,1,0,0,0,,5,1,32,0,4,1,1,1,1,1,1,11,10,0,0,0,1,1,9,10,10,11,11,,0
4799,  5/24/2022 1:31,3,1,Default_no,0,0,0,0,1,1,5,0,24,1,3,1,2,1,1,1,1,8,6,0,0,0,0,0,9,9,9,9,9,,1
4800,  5/24/2022 1:57,3,1,Trust_promise,1,0,0,0,0,1,6,0,40,0,3,1,1,1,1,8,11,9,5,1,1,1,0,0,8,9,9,7,9,1,0
4801,  5/24/2022 4:21,3,1,Control,0,0,0,0,0,,2,1,32,0,3,1,1,1,1,7,4,11,6,0,1,0,1,0,6,1,8,1,1,0,0
4802,  5/24/2022 6:38,3,1,Default_yes,0,0,0,1,0,1,5,0,24,0,3,1,2,1,1,3,5,8,7,0,0,0,0,0,8,9,9,7,7,,1
4803,  5/25/2022 2:09,3,1,Trust_promise,1,0,0,0,0,1,3,1,31,0,2,0,3,0,0,3,1,10,9,0,0,0,0,1,11,11,11,9,11,1,0
4804,  5/24/2022 1:44,3,1,Control,0,0,0,0,0,,5,0,41,0,3,1,1,1,1,4,10,10,10,1,0,1,0,1,11,11,11,11,10,0,0
4805,  5/25/2022 1:57,3,1,Default_yes,0,0,0,1,0,1,4,1,37,0,2,0,3,0,0,1,3,11,1,1,0,0,1,0,8,4,3,4,1,,1
4806,  5/24/2022 1:36,3,1,Default_no,0,0,0,0,1,1,1,0,32,0,3,1,2,1,1,1,1,6,8,0,0,0,0,1,6,11,11,8,9,,1
4807,  5/24/2022 1:32,3,1,Default_no,0,0,0,0,1,1,1,0,47,1,3,1,1,1,1,6,8,10,5,1,1,1,0,0,10,10,11,6,6,,1
4808,  5/24/2022 3:49,3,1,Trust_promise,1,0,0,0,0,1,4,1,21,1,3,1,2,1,0,1,5,7,4,0,0,0,0,0,8,5,9,8,10,1,0
4809, 5/24/2022 11:18,3,1,Default_no,0,0,0,0,1,1,3,0,49,0,3,1,1,1,1,1,1,11,7,1,0,0,1,0,6,11,11,10,11,,1
4810,  5/24/2022 2:38,3,1,Default_yes,0,0,0,1,0,1,3,0,24,0,2,0,1,1,1,4,1,8,7,0,0,0,0,0,8,10,11,7,8,,1
4811,  5/24/2022 1:11,3,1,Default_yes,0,0,0,1,0,1,4,0,37,1,3,1,1,1,0,6,11,11,9,1,1,1,1,1,6,11,11,11,7,,1
4812,  5/24/2022 5:46,3,1,Default_yes,0,0,0,1,0,1,2,0,19,1,2,0,3,0,0,3,1,7,3,0,0,0,0,0,11,11,11,9,10,,1
4813, 5/24/2022 12:23,3,1,Default_yes,0,0,0,1,0,1,5,0,45,0,2,0,1,1,0,1,1,9,11,1,0,0,0,1,11,11,11,11,11,,1
4814,  5/24/2022 3:14,3,1,Control,0,0,0,0,0,,6,0,68,1,2,0,3,0,0,10,11,11,8,1,1,1,1,1,11,11,11,11,10,0,0
4815, 5/24/2022 11:44,3,1,Trust,0,1,0,0,0,,2,0,50,1,4,1,2,1,1,1,1,10,10,1,0,0,0,1,10,11,11,5,6,,0
4816,  5/24/2022 2:29,3,1,Control,0,0,0,0,0,,1,0,24,1,3,1,3,0,1,6,11,11,7,0,1,1,1,0,11,11,11,11,10,0,0
4817, 5/24/2022 11:18,3,1,Default_no,0,0,0,0,1,1,1,1,25,1,2,0,3,0,0,6,1,11,6,0,1,0,1,0,11,11,11,11,11,,1
4818,  5/24/2022 3:01,3,1,Default_no,0,0,0,0,1,1,1,0,30,1,2,0,2,1,0,2,2,5,4,0,0,0,0,0,11,11,11,11,11,,1
4819, 5/24/2022 11:48,3,1,Trust_promise,1,0,0,0,0,1,4,1,47,1,2,0,1,1,0,5,1,11,4,1,1,0,1,0,11,11,11,11,11,1,0
4820,  5/24/2022 9:55,3,1,Default_no,0,0,0,0,1,1,3,1,54,0,3,1,1,1,0,4,1,10,8,1,0,0,0,1,7,9,9,8,4,,1
4821, 5/24/2022 11:38,3,1,Default_yes,0,0,0,1,0,1,1,1,39,0,4,1,2,1,1,8,11,9,7,1,1,1,0,0,8,9,9,9,9,,1
4822,  5/24/2022 3:14,3,1,Promise,0,0,1,0,0,1,5,0,47,1,4,1,2,1,1,8,9,9,7,1,1,1,0,0,11,11,11,11,11,1,0
4823,  5/24/2022 2:37,3,1,Trust,0,1,0,0,0,,1,1,26,1,4,1,1,1,1,3,3,7,8,0,0,0,0,1,9,10,10,9,10,,0
4824,  5/24/2022 1:23,3,1,Promise,0,0,1,0,0,1,6,0,61,0,2,0,3,0,0,5,9,6,5,1,1,1,0,0,11,11,11,10,11,1,0
4825, 5/24/2022 12:56,3,1,Trust_promise,1,0,0,0,0,1,6,0,63,1,3,1,3,0,0,3,9,10,9,1,0,1,0,1,10,11,11,9,9,1,0
4826,  5/24/2022 2:14,3,1,Promise,0,0,1,0,0,1,6,0,60,1,4,1,1,1,1,2,2,11,8,1,0,0,1,1,11,11,11,3,11,1,0
4827, 5/24/2022 12:45,3,1,Default_yes,0,0,0,1,0,1,2,1,36,0,3,1,3,0,0,1,4,11,9,1,0,0,1,1,11,11,11,11,11,,1
4828,  5/24/2022 4:12,3,1,Default_no,0,0,0,0,1,1,2,1,46,0,4,1,2,1,1,5,1,9,8,1,1,0,0,1,8,11,11,11,6,,1
4829,  5/24/2022 1:15,3,1,Trust,0,1,0,0,0,,3,0,35,1,2,0,3,0,0,11,11,11,6,1,1,1,1,0,6,11,11,11,11,,0
4830,  5/24/2022 7:42,3,1,Promise,0,0,1,0,0,1,3,0,33,1,3,1,2,1,1,3,8,9,6,0,0,1,0,0,9,11,11,9,10,1,0
4831, 5/24/2022 12:57,3,1,Trust,0,1,0,0,0,,4,1,28,1,2,0,3,0,0,1,1,11,4,0,0,0,1,0,11,11,11,1,1,,0
4832,  5/24/2022 3:11,3,1,Default_yes,0,0,0,1,0,1,6,0,24,1,3,1,1,1,0,6,1,7,4,0,1,0,0,0,11,11,11,11,11,,1
4833,  5/24/2022 2:45,3,1,Control,0,0,0,0,0,,3,1,29,1,4,1,2,1,1,1,1,10,9,0,0,0,0,1,5,5,7,3,2,0,0
4834,  5/24/2022 1:27,3,1,Trust_promise,1,0,0,0,0,1,2,0,42,0,3,1,1,1,1,5,6,11,6,1,1,1,1,0,11,11,11,11,6,1,0
4835,  5/24/2022 6:25,3,1,Default_no,0,0,0,0,1,1,1,0,30,1,3,1,2,1,1,5,1,8,8,0,1,0,0,1,11,11,11,10,11,,1
4836, 5/24/2022 12:11,3,1,Control,0,0,0,0,0,,2,1,35,1,3,1,2,1,0,2,1,8,7,1,0,0,0,0,8,7,9,7,3,0,0
4837,  5/24/2022 1:24,3,1,Trust_promise,1,0,0,0,0,1,6,0,19,1,2,0,3,0,0,3,4,8,3,0,0,0,0,0,11,11,11,11,11,1,0
4838,  5/24/2022 5:13,3,1,Default_yes,0,0,0,1,0,1,1,0,28,0,5,1,1,1,1,2,4,9,5,0,0,0,0,0,10,2,10,10,10,,1
4839, 5/24/2022 11:09,3,1,Promise,0,0,1,0,0,1,4,1,36,0,3,1,1,1,1,6,1,8,9,1,1,0,0,1,9,7,8,8,7,1,0
4840,  5/25/2022 6:24,3,1,Default_no,0,0,0,0,1,1,5,0,28,0,2,0,2,1,1,7,11,11,9,0,1,1,1,1,11,11,11,11,10,,1
4841,  5/24/2022 4:42,3,1,Control,0,0,0,0,0,,5,1,28,0,4,1,2,1,1,5,8,9,8,0,1,1,0,1,8,10,10,8,8,0,0
4842,  5/24/2022 3:40,3,1,Promise,0,0,1,0,0,1,2,0,21,0,3,1,3,0,0,3,6,8,7,0,0,1,0,0,11,11,11,5,7,1,0
4843, 5/24/2022 12:08,3,1,Promise,0,0,1,0,0,1,1,1,42,0,3,1,3,0,0,8,6,8,8,1,1,1,0,1,9,9,9,9,9,1,0
4844, 5/24/2022 11:50,3,1,Promise,0,0,1,0,0,1,4,1,31,0,3,1,1,1,1,3,1,11,8,0,0,0,1,1,11,11,11,11,11,1,0
4845,  5/25/2022 1:46,3,1,Promise,0,0,1,0,0,1,4,1,34,0,2,0,2,1,0,4,9,9,5,0,0,1,0,0,8,8,8,10,9,1,0
4846,  5/24/2022 8:47,3,1,Control,0,0,0,0,0,,3,1,73,0,2,0,3,0,1,10,10,11,5,1,1,1,1,0,6,10,10,11,11,0,0
4847,  5/24/2022 3:30,3,1,Default_no,0,0,0,0,1,1,5,0,31,0,3,1,2,1,1,2,4,5,4,0,0,0,0,0,3,9,9,9,9,,1
4848,  5/24/2022 3:09,3,1,Control,0,0,0,0,0,,2,0,49,0,3,1,1,1,0,1,11,11,10,1,0,1,1,1,6,11,11,11,11,0,0
4849,  5/24/2022 2:18,3,1,Default_yes,0,0,0,1,0,1,3,0,29,1,2,0,3,0,0,1,6,10,9,0,0,1,0,1,11,11,11,8,11,,1
4850,  5/24/2022 6:27,3,1,Default_yes,0,0,0,1,0,1,6,0,28,1,2,0,1,1,0,1,2,9,7,0,0,0,0,0,9,9,10,8,6,,1
4851, 5/24/2022 10:26,3,1,Default_yes,0,0,0,1,0,1,3,1,22,1,2,0,2,1,0,6,1,11,1,0,1,0,1,0,11,11,11,11,1,,1
4852, 5/24/2022 11:55,3,1,Default_yes,0,0,0,1,0,1,6,1,70,0,2,0,3,0,0,1,11,11,9,1,0,1,1,1,11,11,11,11,11,,1
4853,  5/24/2022 3:16,3,1,Trust_promise,1,0,0,0,0,1,2,0,39,1,4,1,2,1,1,8,2,9,4,1,1,0,0,0,10,11,11,9,10,1,0
4854,  5/24/2022 4:13,3,1,Promise,0,0,1,0,0,1,1,1,25,0,3,1,2,1,1,2,2,6,8,0,0,0,0,1,8,9,9,9,8,1,0
4855, 5/24/2022 12:39,3,1,Default_yes,0,0,0,1,0,1,1,1,33,0,4,1,1,1,1,1,1,11,3,0,0,0,1,0,11,11,11,11,11,,1
4856,  5/25/2022 7:57,3,1,Trust,0,1,0,0,0,,5,0,27,0,2,0,1,1,1,9,1,11,3,0,1,0,1,0,11,11,11,11,11,,0
4857,  5/25/2022 9:51,3,1,Control,0,0,0,0,0,,6,0,55,0,3,1,3,0,1,7,1,11,6,1,1,0,1,0,11,11,11,1,1,0,0
4858,  5/24/2022 5:54,3,1,Control,0,0,0,0,0,,1,1,19,0,2,0,3,0,0,6,6,8,6,0,1,1,0,0,9,7,8,9,10,0,0
4859, 5/24/2022 12:40,3,1,Default_no,0,0,0,0,1,1,2,1,24,1,3,1,2,1,0,1,3,9,8,0,0,0,0,1,8,6,6,4,6,,1
4860, 5/24/2022 11:09,3,1,Trust_promise,1,0,0,0,0,1,1,0,36,0,4,1,1,1,1,7,1,11,8,1,1,0,1,1,11,11,11,11,11,1,0
4861,  5/24/2022 2:43,3,1,Trust_promise,1,0,0,0,0,1,2,0,48,1,3,1,1,1,0,9,2,11,8,1,1,0,1,1,11,11,11,9,8,1,0
4862, 5/24/2022 11:32,3,1,Trust,0,1,0,0,0,,3,1,36,0,2,0,1,1,0,2,1,11,8,1,0,0,1,1,11,11,11,10,11,,0
4863,  5/24/2022 2:43,3,1,Default_no,0,0,0,0,1,1,4,1,29,1,4,1,1,1,1,1,1,9,6,0,0,0,0,0,4,6,8,8,8,,1
4864, 5/24/2022 12:44,3,1,Trust,0,1,0,0,0,,1,1,29,1,3,1,2,1,1,2,9,7,6,0,0,1,0,0,5,3,6,3,6,,0
4865, 5/24/2022 12:41,3,1,Trust_promise,1,0,0,0,0,1,3,1,70,1,3,1,1,1,0,1,1,10,10,1,0,0,0,1,11,11,11,11,11,1,0
4866,  5/24/2022 6:10,3,1,Default_no,0,0,0,0,1,1,2,1,21,1,2,0,2,1,0,3,6,7,4,0,0,1,0,0,1,1,1,1,1,,1
4867, 5/24/2022 12:21,3,1,Default_no,0,0,0,0,1,1,2,1,26,1,3,1,1,1,1,2,2,10,8,0,0,0,0,1,9,8,8,6,9,,1
4868,  5/25/2022 9:25,3,1,Default_no,0,0,0,0,1,1,2,1,24,0,3,1,1,1,0,5,6,7,6,0,1,1,0,0,8,8,9,8,8,,1
4869, 5/24/2022 12:44,3,1,Default_no,0,0,0,0,1,1,3,1,35,1,2,0,2,1,0,6,8,8,5,1,1,1,0,0,8,10,11,11,10,,1
4870, 5/24/2022 12:29,3,1,Default_yes,0,0,0,1,0,1,5,1,18,0,2,0,2,1,0,11,11,11,6,0,1,1,1,0,11,11,11,11,1,,1
4871,  5/24/2022 5:07,3,1,Promise,0,0,1,0,0,1,4,0,23,0,2,0,2,1,0,3,1,11,6,0,0,0,1,0,11,11,11,11,11,1,0
4872, 5/24/2022 12:32,3,1,Trust_promise,1,0,0,0,0,1,4,1,27,1,4,1,1,1,1,5,2,6,7,0,1,0,0,0,1,11,11,8,1,1,0
4873,  5/24/2022 5:52,3,1,Default_no,0,0,0,0,1,1,3,0,59,0,2,0,1,1,1,6,11,11,6,1,1,1,1,0,11,11,11,11,11,,1
4874, 5/24/2022 12:37,3,1,Trust,0,1,0,0,0,,2,0,44,1,4,1,1,1,1,2,11,11,9,1,0,1,1,1,11,11,11,11,11,,0
4875,  5/24/2022 2:23,3,1,Default_no,0,0,0,0,1,1,2,0,42,1,2,0,2,1,0,6,11,8,7,1,1,1,0,0,8,11,11,11,11,,1
4876, 5/24/2022 12:51,3,1,Control,0,0,0,0,0,,2,1,33,0,4,1,1,1,1,3,1,4,1,0,0,0,0,0,8,4,9,3,3,0,0
4877,  5/25/2022 4:59,3,1,Trust_promise,1,0,0,0,0,1,3,0,69,0,2,0,3,0,0,9,11,6,9,1,1,1,0,1,11,11,11,11,11,1,0
4878,  5/24/2022 3:04,3,1,Default_no,0,0,0,0,1,1,3,0,25,0,3,1,1,1,1,6,2,11,6,0,1,0,1,0,8,6,8,3,3,,1
4879,  5/24/2022 2:41,3,1,Promise,0,0,1,0,0,1,6,0,53,1,2,0,2,1,1,9,3,10,8,1,1,0,0,1,11,11,11,11,11,1,0
4880, 5/24/2022 11:44,3,1,Promise,0,0,1,0,0,1,4,1,40,0,2,0,1,1,1,1,9,8,9,1,0,1,0,1,9,11,11,4,11,1,0
4881,  5/24/2022 7:37,3,1,Control,0,0,0,0,0,,4,1,29,1,3,1,3,0,0,1,6,8,10,0,0,1,0,1,11,11,11,11,11,0,0
4882,  5/24/2022 7:50,3,1,Promise,0,0,1,0,0,1,6,1,55,1,4,1,1,1,1,2,11,11,3,1,0,1,1,0,11,11,11,1,6,1,0
4883, 5/25/2022 11:11,3,1,Control,0,0,0,0,0,,2,0,25,0,3,1,1,1,0,11,11,11,6,0,1,1,1,0,5,10,10,10,10,0,0
4884,  5/24/2022 3:23,3,1,Promise,0,0,1,0,0,1,5,0,46,1,5,1,3,0,0,3,11,10,5,1,0,1,0,0,6,11,11,11,11,1,0
4885,  5/24/2022 2:09,3,1,Default_yes,0,0,0,1,0,1,1,1,19,1,2,0,3,0,0,6,9,10,5,0,1,1,0,0,9,9,7,8,8,,1
4886, 5/24/2022 12:30,3,1,Trust,0,1,0,0,0,,2,0,24,0,2,0,3,0,0,6,3,11,6,0,1,0,1,0,6,6,6,5,6,,0
4887,  5/24/2022 5:14,3,1,Promise,0,0,1,0,0,1,3,0,22,1,2,0,2,1,0,8,9,11,6,0,1,1,1,0,11,9,11,10,9,1,0
4888,  5/24/2022 6:58,3,1,Control,0,0,0,0,0,,3,1,31,0,3,1,2,1,1,6,3,9,7,0,1,0,0,0,11,11,11,10,10,0,0
4889, 5/24/2022 12:52,3,1,Control,0,0,0,0,0,,1,0,30,1,2,0,3,0,0,5,1,8,5,0,1,0,0,0,11,11,11,11,9,0,0
4890,  5/24/2022 2:32,3,1,Trust,0,1,0,0,0,,4,0,41,1,3,1,1,1,0,1,11,11,1,1,0,1,1,0,11,11,11,10,11,,0
4891,  5/24/2022 2:00,3,1,Trust,0,1,0,0,0,,6,0,54,1,2,0,3,0,0,6,6,9,9,1,1,1,0,1,11,11,11,11,1,,0
4892,  5/25/2022 5:55,3,1,Trust_promise,1,0,0,0,0,1,4,0,35,0,4,1,1,1,1,4,1,6,8,1,0,0,0,1,6,11,11,1,6,1,0
4893, 5/24/2022 10:13,3,1,Trust_promise,1,0,0,0,0,1,1,1,28,0,3,1,1,1,1,5,7,11,7,0,1,1,1,0,3,2,2,1,1,1,0
4894, 5/24/2022 11:15,3,1,Trust,0,1,0,0,0,,3,1,20,1,2,0,3,0,0,2,4,8,7,0,0,0,0,0,11,10,10,9,10,,0
4895,  5/24/2022 1:28,3,1,Trust,0,1,0,0,0,,3,1,24,0,3,1,1,1,1,2,1,8,9,0,0,0,0,1,10,10,10,8,6,,0
4896,  5/24/2022 4:24,3,1,Default_no,0,0,0,0,1,1,1,1,43,1,2,0,3,0,1,1,1,2,2,1,0,0,0,0,11,11,10,10,8,,1
4897, 5/24/2022 11:54,3,1,Default_yes,0,0,0,1,0,1,2,1,42,1,3,1,1,1,1,2,1,9,9,1,0,0,0,1,11,11,11,11,6,,1
4898, 5/24/2022 12:05,3,1,Control,0,0,0,0,0,,3,1,23,0,3,1,3,0,0,6,11,11,6,0,1,1,1,0,11,11,11,11,11,0,0
4899,  5/24/2022 1:13,3,1,Control,0,0,0,0,0,,4,1,63,1,2,0,3,0,0,10,11,9,9,1,1,1,0,1,11,11,11,11,11,0,0
4900, 5/24/2022 12:09,3,1,Trust,0,1,0,0,0,,4,0,66,1,2,0,1,1,1,6,11,9,9,1,1,1,0,1,11,11,11,11,11,,0
4901,  5/24/2022 3:04,3,1,Trust,0,1,0,0,0,,5,0,29,1,3,1,1,1,1,6,7,10,4,0,1,1,0,0,10,11,11,10,10,,0
4902,  5/24/2022 1:15,3,1,Default_yes,0,0,0,1,0,1,1,0,40,1,3,1,3,0,0,1,1,11,9,1,0,0,1,1,11,11,11,5,6,,1
4903,  5/24/2022 4:30,3,1,Default_yes,0,0,0,1,0,1,5,1,53,1,4,1,1,1,1,2,2,9,9,1,0,0,0,1,11,11,11,11,11,,1
4904,  5/24/2022 7:58,3,1,Trust,0,1,0,0,0,,4,1,22,1,3,1,1,1,0,4,9,10,6,0,0,1,0,0,11,11,11,11,11,,0
4905,  5/24/2022 7:11,3,1,Trust,0,1,0,0,0,,1,0,29,0,5,1,2,1,1,1,2,9,9,0,0,0,0,1,8,6,9,4,9,,0
4906,  5/25/2022 9:51,3,1,Promise,0,0,1,0,0,1,1,1,25,0,3,1,2,1,1,1,1,9,9,0,0,0,0,1,9,6,6,1,1,1,0
4907,  5/24/2022 4:05,3,1,Default_no,0,0,0,0,1,1,6,1,33,1,3,1,1,1,1,1,1,11,6,0,0,0,1,0,11,10,11,4,6,,1
4908,  5/24/2022 4:12,3,1,Control,0,0,0,0,0,,1,1,32,0,4,1,1,1,1,8,7,10,6,0,1,1,0,0,8,9,10,8,8,0,0
4909,  5/24/2022 4:06,3,1,Promise,0,0,1,0,0,1,2,1,27,1,2,0,1,1,0,2,9,11,9,0,0,1,1,1,11,11,11,11,11,1,0
4910, 5/24/2022 11:22,3,1,Trust_promise,1,0,0,0,0,1,3,0,35,1,4,1,1,1,1,3,11,7,7,1,0,1,0,0,9,10,9,7,9,1,0
4911, 5/24/2022 12:48,3,1,Trust,0,1,0,0,0,,6,0,31,0,5,1,2,1,1,1,1,9,8,0,0,0,0,1,1,1,1,1,1,,0
4912,  5/24/2022 2:25,3,1,Trust,0,1,0,0,0,,3,0,29,1,3,1,3,0,0,1,5,7,6,0,0,0,0,0,9,10,10,10,10,,0
4913, 5/24/2022 12:38,3,1,Default_yes,0,0,0,1,0,1,4,0,35,1,3,1,3,0,1,1,1,8,7,1,0,0,0,0,7,10,11,9,10,,1
4914,  5/24/2022 3:59,3,1,Default_no,0,0,0,0,1,1,5,1,26,1,3,1,2,1,0,3,1,11,6,0,0,0,1,0,10,9,10,9,8,,1
4915, 5/24/2022 11:44,3,1,Default_yes,0,0,0,1,0,1,5,0,62,0,2,0,3,0,0,8,11,10,9,1,1,1,0,1,11,11,11,11,8,,1
4916, 5/24/2022 12:34,3,1,Promise,0,0,1,0,0,1,4,0,27,1,2,0,1,1,0,1,1,9,9,0,0,0,0,1,11,11,11,11,11,1,0
4917, 5/24/2022 11:35,3,1,Trust_promise,1,0,0,0,0,1,2,1,29,0,2,0,1,1,0,3,1,11,4,0,0,0,1,0,8,9,4,3,3,1,0
4918,  5/24/2022 3:10,3,1,Promise,0,0,1,0,0,1,1,1,40,1,5,1,2,1,1,7,9,8,6,1,1,1,0,0,7,6,8,7,5,1,0
4919,  5/25/2022 4:14,3,1,Trust_promise,1,0,0,0,0,1,5,0,31,0,3,1,3,0,0,9,11,11,6,0,1,1,1,0,11,9,9,10,7,1,0
4920,  5/24/2022 7:20,3,1,Trust,0,1,0,0,0,,6,1,22,1,3,1,2,1,0,6,7,9,3,0,1,1,0,0,9,11,11,10,10,,0
4921, 5/25/2022 10:58,3,1,Trust,0,1,0,0,0,,6,0,39,0,3,1,1,1,1,11,11,11,10,1,1,1,1,1,11,11,11,10,9,,0
4922,  5/24/2022 1:08,3,1,Default_no,0,0,0,0,1,1,2,1,23,0,3,1,2,1,1,3,2,11,2,0,0,0,1,0,6,6,3,3,2,,1
4923, 5/24/2022 12:30,3,1,Default_yes,0,0,0,1,0,1,1,0,38,0,3,1,1,1,1,4,9,9,8,1,0,1,0,1,11,11,11,11,11,,1
4924,  5/24/2022 4:14,3,1,Trust,0,1,0,0,0,,2,1,23,1,2,0,1,1,0,1,11,9,6,0,0,1,0,0,8,4,7,4,4,,0
4925,  5/24/2022 8:10,3,1,Default_no,0,0,0,0,1,1,6,0,62,0,3,1,1,1,1,10,8,11,10,1,1,1,1,1,11,11,11,11,7,,1
4926,  5/24/2022 2:43,3,1,Control,0,0,0,0,0,,3,0,27,1,3,1,2,1,1,3,6,7,6,0,0,1,0,0,9,9,9,9,9,0,0
4927, 5/24/2022 12:32,3,1,Default_yes,0,0,0,1,0,1,2,1,37,0,3,1,2,1,1,7,11,9,7,1,1,1,0,0,11,11,11,1,1,,1
4928, 5/24/2022 12:44,3,1,Trust_promise,1,0,0,0,0,1,4,0,34,1,3,1,1,1,1,3,11,11,8,0,0,1,1,1,11,11,11,11,11,1,0
4929,  5/24/2022 2:07,3,1,Default_yes,0,0,0,1,0,1,2,0,57,1,2,0,3,0,1,9,11,11,6,1,1,1,1,0,11,11,11,11,11,,1
4930, 5/24/2022 12:47,3,1,Trust,0,1,0,0,0,,6,0,34,0,3,1,1,1,1,6,2,9,8,0,1,0,0,1,11,11,11,11,11,,0
4931, 5/24/2022 11:40,3,1,Control,0,0,0,0,0,,2,1,52,0,4,1,1,1,1,1,11,10,11,1,0,1,0,1,11,11,11,11,11,0,0
4932,  5/24/2022 1:04,3,1,Trust,0,1,0,0,0,,1,1,39,0,3,1,2,1,1,9,11,6,3,1,1,1,0,0,11,11,11,11,6,,0
4933,  5/24/2022 4:34,3,1,Trust,0,1,0,0,0,,5,0,34,0,5,1,1,1,1,6,3,7,8,0,1,0,0,1,10,9,9,9,9,,0
4934,  5/24/2022 4:07,3,1,Default_yes,0,0,0,1,0,1,2,0,51,1,3,1,1,1,1,2,8,9,8,1,0,1,0,1,10,11,11,10,9,,1
4935,  5/24/2022 4:38,3,1,Default_yes,0,0,0,1,0,1,1,1,37,0,4,1,2,1,1,2,1,6,7,1,0,0,0,0,11,11,11,11,8,,1
4936,  5/25/2022 1:46,3,1,Trust_promise,1,0,0,0,0,1,3,1,55,0,3,1,3,0,0,4,5,6,3,1,0,0,0,0,5,9,9,1,9,1,0
4937, 5/24/2022 12:17,3,1,Trust,0,1,0,0,0,,2,0,31,0,3,1,1,1,1,6,11,11,9,0,1,1,1,1,11,11,11,3,3,,0
4938,  5/24/2022 1:43,3,1,Trust,0,1,0,0,0,,3,0,59,1,2,0,3,0,0,3,2,9,7,1,0,0,0,0,10,10,10,10,10,,0
4939,  5/24/2022 8:44,3,1,Trust_promise,1,0,0,0,0,1,2,1,27,0,2,0,3,0,0,5,1,11,3,0,1,0,1,0,5,8,7,9,5,1,0
4940, 5/24/2022 12:53,3,1,Control,0,0,0,0,0,,3,0,46,1,2,0,1,1,0,6,2,11,6,1,1,0,1,0,11,11,11,11,6,0,0
4941,  5/24/2022 2:39,3,1,Promise,0,0,1,0,0,1,4,0,34,1,3,1,1,1,0,2,5,10,9,0,0,0,0,1,10,10,11,10,10,1,0
4942, 5/24/2022 12:54,3,1,Control,0,0,0,0,0,,4,1,29,1,2,0,2,1,0,6,3,8,10,0,1,0,0,1,11,11,11,11,11,0,0
4943, 5/24/2022 11:28,3,1,Default_no,0,0,0,0,1,1,3,1,54,0,3,1,2,1,1,10,8,8,4,1,1,1,0,0,11,11,11,11,11,,1
4944, 5/24/2022 11:01,3,1,Default_yes,0,0,0,1,0,1,2,1,35,1,3,1,1,1,0,1,3,10,7,1,0,0,0,0,10,10,10,9,10,,1
4945,  5/24/2022 2:51,3,1,Promise,0,0,1,0,0,1,2,0,63,1,3,1,1,1,1,2,6,11,9,1,0,1,1,1,11,11,11,11,11,1,0
4946, 5/24/2022 12:22,3,1,Control,0,0,0,0,0,,2,0,51,1,3,1,1,1,1,6,11,10,10,1,1,1,0,1,6,6,10,10,6,0,0
4947,  5/24/2022 1:45,3,1,Default_yes,0,0,0,1,0,1,6,0,22,1,2,0,3,0,0,6,4,7,6,0,1,0,0,0,9,11,11,11,9,,1
4948,  5/24/2022 1:25,3,1,Default_no,0,0,0,0,1,1,2,0,27,0,3,1,1,1,1,1,1,11,11,0,0,0,1,1,11,11,11,11,8,,1
4949,  5/24/2022 2:27,3,1,Trust,0,1,0,0,0,,2,0,24,1,3,1,1,1,1,1,1,11,9,0,0,0,1,1,11,11,11,11,11,,0
4950,  5/24/2022 6:15,3,1,Promise,0,0,1,0,0,1,3,0,38,0,2,0,1,1,1,5,7,11,9,1,1,1,1,1,9,10,10,7,10,1,0
4951, 5/24/2022 12:20,3,1,Default_yes,0,0,0,1,0,1,2,1,44,0,3,1,1,1,0,8,1,10,4,1,1,0,0,0,11,11,11,1,11,,1
4952,  5/24/2022 1:00,3,1,Default_yes,0,0,0,1,0,1,6,1,25,0,2,0,2,1,0,6,10,10,7,0,1,1,0,0,11,11,11,10,10,,1
4953,  5/24/2022 2:19,3,1,Default_yes,0,0,0,1,0,1,2,1,21,1,2,0,2,1,0,1,1,11,5,0,0,0,1,0,7,8,8,11,9,,1
4954, 5/24/2022 12:19,3,1,Trust,0,1,0,0,0,,1,1,29,0,3,1,2,1,1,3,1,3,2,0,0,0,0,0,9,11,9,8,10,,0
4955,  5/24/2022 2:58,3,1,Trust_promise,1,0,0,0,0,1,4,0,39,1,4,1,2,1,1,6,1,11,4,1,1,0,1,0,11,11,11,6,6,1,0
4956,  5/24/2022 1:58,3,1,Default_no,0,0,0,0,1,1,6,0,56,1,3,1,3,0,1,4,1,11,5,1,0,0,1,0,11,11,11,11,11,,1
4957, 5/24/2022 12:23,3,1,Default_yes,0,0,0,1,0,1,3,1,66,0,3,1,1,1,1,3,11,10,9,1,0,1,0,1,11,11,11,11,11,,1
4958,  5/25/2022 6:53,3,1,Default_yes,0,0,0,1,0,1,1,0,34,0,2,0,2,1,0,6,11,9,6,0,1,1,0,0,11,11,11,1,1,,1
4959, 5/24/2022 12:54,3,1,Default_no,0,0,0,0,1,1,4,1,28,1,3,1,1,1,1,1,1,7,6,0,0,0,0,0,6,9,6,6,6,,1
4960, 5/24/2022 12:06,3,1,Trust_promise,1,0,0,0,0,1,3,0,60,1,2,0,3,0,0,9,10,9,5,1,1,1,0,0,11,11,11,10,9,1,0
4961,  5/24/2022 1:11,3,1,Trust_promise,1,0,0,0,0,1,5,0,49,0,4,1,3,0,1,1,1,3,7,1,0,0,0,0,6,11,11,11,8,1,0
4962, 5/24/2022 12:21,3,1,Default_yes,0,0,0,1,0,1,3,0,38,0,2,0,1,1,1,6,11,11,3,1,1,1,1,0,4,11,11,11,6,,1
4963,  5/24/2022 5:45,3,1,Control,0,0,0,0,0,,3,0,33,1,2,0,3,0,1,2,1,11,5,0,0,0,1,0,6,9,9,7,8,0,0
4964,  5/24/2022 5:22,3,1,Trust,0,1,0,0,0,,4,1,26,0,3,1,3,0,0,1,1,10,1,0,0,0,0,0,11,11,11,11,11,,0
4965,  5/24/2022 3:27,3,1,Trust_promise,1,0,0,0,0,1,6,0,31,0,2,0,1,1,0,6,11,11,6,0,1,1,1,0,11,11,11,11,11,1,0
4966, 5/25/2022 10:05,3,1,Default_no,0,0,0,0,1,1,2,0,64,0,3,1,1,1,0,9,4,11,8,1,1,0,1,1,4,8,7,3,5,,1
4967,  5/24/2022 6:18,3,1,Control,0,0,0,0,0,,5,1,23,0,2,0,1,1,0,3,2,10,7,0,0,0,0,0,1,6,2,2,3,0,0
4968,  5/24/2022 2:53,3,1,Trust_promise,1,0,0,0,0,1,6,0,27,1,1,0,3,0,1,6,6,11,1,0,1,1,1,0,1,1,11,6,6,1,0
4969,  5/25/2022 1:57,3,1,Promise,0,0,1,0,0,1,6,0,19,0,2,0,3,0,0,5,8,10,5,0,1,1,0,0,9,11,10,9,8,1,0
4970, 5/24/2022 10:58,3,1,Control,0,0,0,0,0,,6,1,56,1,2,0,3,0,0,7,10,11,8,1,1,1,1,1,11,11,11,10,10,0,0
4971, 5/24/2022 12:33,3,1,Promise,0,0,1,0,0,1,1,0,45,1,2,0,2,1,0,2,2,9,5,1,0,0,0,0,11,11,11,11,11,1,0
4972,  5/24/2022 5:59,3,1,Trust_promise,1,0,0,0,0,1,5,0,36,1,4,1,2,1,1,7,4,11,7,1,1,0,1,0,11,11,11,11,11,1,0
4973, 5/24/2022 11:45,3,1,Control,0,0,0,0,0,,4,1,45,1,3,1,1,1,0,4,2,10,8,1,0,0,0,1,6,6,7,6,6,0,0
4974,  5/25/2022 8:21,3,1,Promise,0,0,1,0,0,1,5,0,39,1,3,1,1,1,1,4,1,11,4,1,0,0,1,0,11,1,6,1,3,1,0
4975,  5/24/2022 1:46,3,1,Default_yes,0,0,0,1,0,1,6,0,33,0,3,1,1,1,1,4,1,9,8,0,0,0,0,1,6,11,11,11,11,,1
4976,  5/24/2022 1:58,3,1,Trust,0,1,0,0,0,,2,0,20,0,2,0,1,1,0,1,3,10,9,0,0,0,0,1,9,9,11,6,4,,0
4977,  5/24/2022 1:23,3,1,Trust,0,1,0,0,0,,2,0,74,0,2,0,3,0,0,8,1,11,8,1,1,0,1,1,11,11,11,1,1,,0
4978,  5/24/2022 7:52,3,1,Trust,0,1,0,0,0,,1,0,49,0,2,0,1,1,0,8,11,11,8,1,1,1,1,1,10,10,10,10,10,,0
4979, 5/24/2022 12:46,3,1,Default_yes,0,0,0,1,0,1,2,0,40,1,3,1,2,1,1,7,11,9,8,1,1,1,0,1,11,7,9,7,11,,1
4980,  5/24/2022 6:08,3,1,Control,0,0,0,0,0,,2,0,51,1,4,1,2,1,1,7,11,11,9,1,1,1,1,1,5,9,11,11,6,0,0
4981, 5/24/2022 11:53,3,1,Default_yes,0,0,0,1,0,1,3,0,44,0,3,1,1,1,1,6,1,11,8,1,1,0,1,1,11,11,11,10,11,,1
4982,  5/24/2022 1:32,3,1,Trust_promise,1,0,0,0,0,1,6,0,23,1,3,1,1,1,0,2,5,7,6,0,0,0,0,0,11,9,11,7,9,1,0
4983,  5/24/2022 7:38,3,1,Trust_promise,1,0,0,0,0,1,6,0,34,1,2,0,1,1,1,3,8,10,8,0,0,1,0,1,8,10,10,11,7,1,0
4984, 5/24/2022 12:35,3,1,Default_no,0,0,0,0,1,1,2,1,32,1,4,1,1,1,1,4,9,10,4,0,0,1,0,0,9,9,9,9,9,,1
4985,  5/24/2022 2:15,3,1,Control,0,0,0,0,0,,3,0,57,1,2,0,3,0,1,11,11,11,9,1,1,1,1,1,6,11,11,11,6,0,0
4986, 5/25/2022 12:48,3,1,Trust,0,1,0,0,0,,5,1,24,1,2,0,3,0,0,1,1,11,1,0,0,0,1,0,11,6,11,10,6,,0
4987, 5/24/2022 12:35,3,1,Promise,0,0,1,0,0,1,3,0,46,1,2,0,1,1,0,6,1,11,6,1,1,0,1,0,10,11,11,7,9,1,0
4988,  5/24/2022 7:05,3,1,Control,0,0,0,0,0,,5,1,40,0,3,1,2,1,1,9,11,11,8,1,1,1,1,1,4,7,7,2,7,0,0
4989,  5/24/2022 6:04,3,1,Trust,0,1,0,0,0,,5,0,44,1,4,1,3,0,0,5,11,9,8,1,1,1,0,1,8,11,11,11,11,,0
4990, 5/25/2022 12:42,3,1,Promise,0,0,1,0,0,1,6,0,37,0,3,1,1,1,1,10,11,11,1,1,1,1,1,0,11,11,11,11,11,1,0
4991,  5/24/2022 3:04,3,1,Trust,0,1,0,0,0,,4,0,50,1,2,0,3,0,0,2,10,10,3,1,0,1,0,0,11,11,11,11,11,,0
4992,  5/24/2022 1:03,3,1,Default_no,0,0,0,0,1,1,3,0,32,1,2,0,3,0,0,10,11,11,11,0,1,1,1,1,11,11,11,11,11,,1
4993,  5/24/2022 4:11,3,1,Promise,0,0,1,0,0,1,6,0,22,0,2,0,3,0,0,1,1,9,6,0,0,0,0,0,11,11,11,11,6,1,0
4994,  5/24/2022 5:49,3,1,Default_yes,0,0,0,1,0,1,6,0,34,1,3,1,1,1,1,1,4,9,8,0,0,0,0,1,11,11,11,11,10,,1
4995,  5/24/2022 1:43,3,1,Trust_promise,1,0,0,0,0,1,1,0,32,1,3,1,2,1,1,11,11,11,11,0,1,1,1,1,11,11,11,11,11,1,0
4996,  5/25/2022 8:26,3,1,Default_yes,0,0,0,1,0,1,5,0,59,0,3,1,1,1,0,11,11,11,6,1,1,1,1,0,11,11,11,11,6,,1
4997, 5/24/2022 12:39,3,1,Trust_promise,1,0,0,0,0,1,4,1,33,0,3,1,2,1,1,4,3,11,8,0,0,0,1,1,11,11,11,11,11,1,0
4998,  5/25/2022 4:53,3,1,Promise,0,0,1,0,0,1,1,0,51,0,2,0,1,1,1,3,1,10,9,1,0,0,0,1,11,11,11,6,11,1,0
4999, 5/24/2022 11:21,3,1,Default_no,0,0,0,0,1,1,4,0,26,0,2,0,1,1,0,1,1,10,8,0,0,0,0,1,11,11,11,11,11,,1
5000,  5/24/2022 8:01,3,1,Default_no,0,0,0,0,1,1,4,0,22,0,3,1,1,1,1,6,9,5,3,0,1,1,0,0,8,2,8,2,5,,1
5001,  5/24/2022 1:04,3,1,Default_yes,0,0,0,1,0,1,2,1,49,0,4,1,1,1,1,11,11,11,11,1,1,1,1,1,11,11,11,11,11,,1
5002,  5/24/2022 2:23,3,1,Default_yes,0,0,0,1,0,1,6,0,48,0,3,1,1,1,1,1,1,3,6,1,0,0,0,0,11,11,11,3,10,,1
5003, 5/24/2022 12:37,3,1,Trust_promise,1,0,0,0,0,1,6,0,37,1,3,1,3,0,0,1,4,6,7,1,0,0,0,0,7,8,10,6,1,1,0
5004, 5/24/2022 12:23,3,1,Trust_promise,1,0,0,0,0,1,6,0,41,0,2,0,1,1,1,6,6,9,5,1,1,1,0,0,6,11,11,11,11,1,0
5005,  5/24/2022 7:17,3,1,Control,0,0,0,0,0,,4,1,19,1,2,0,2,1,0,6,1,11,7,0,1,0,1,0,9,11,11,11,11,0,0
5006,  5/24/2022 1:32,3,1,Control,0,0,0,0,0,,3,1,21,1,2,0,3,0,1,4,11,11,5,0,0,1,1,0,8,8,9,9,9,0,0
5007,  5/24/2022 1:49,3,1,Control,0,0,0,0,0,,3,1,43,1,4,1,2,1,0,6,9,6,7,1,1,1,0,0,11,11,11,11,11,0,0
5008, 5/24/2022 11:26,3,1,Trust_promise,1,0,0,0,0,1,5,0,25,1,2,0,3,0,0,1,1,11,1,0,0,0,1,0,11,3,8,1,1,1,0
5009,  5/24/2022 1:41,3,1,Promise,0,0,1,0,0,1,4,1,34,0,3,1,1,1,1,7,11,11,8,0,1,1,1,1,11,11,11,11,11,1,0
5010,  5/24/2022 1:26,3,1,Default_no,0,0,0,0,1,1,3,0,58,1,2,0,3,0,0,6,11,11,5,1,1,1,1,0,11,11,11,5,9,,1
5011, 5/24/2022 11:15,3,1,Trust,0,1,0,0,0,,1,0,21,1,3,1,3,0,0,2,3,6,5,0,0,0,0,0,6,9,11,9,9,,0
5012, 5/24/2022 12:48,3,1,Default_yes,0,0,0,1,0,1,2,1,24,1,2,0,2,1,0,3,6,11,9,0,0,1,1,1,11,11,11,11,11,,1
5013,  5/24/2022 2:43,3,1,Default_yes,0,0,0,1,0,1,3,1,21,1,2,0,2,1,0,4,3,9,6,0,0,0,0,0,9,8,8,6,1,,1
5014,  5/24/2022 6:21,3,1,Trust_promise,1,0,0,0,0,1,2,0,39,0,2,0,3,0,0,6,1,11,4,1,1,0,1,0,1,11,11,11,11,1,0
5015,  5/24/2022 4:48,3,1,Trust,0,1,0,0,0,,2,1,34,1,2,0,1,1,0,6,4,9,7,0,1,0,0,0,11,11,11,11,11,,0
5016,  5/24/2022 2:49,3,1,Trust_promise,1,0,0,0,0,1,6,0,58,0,2,0,1,1,0,5,1,10,8,1,1,0,0,1,1,11,11,11,6,1,0
5017,  5/24/2022 7:46,3,1,Promise,0,0,1,0,0,1,6,1,21,0,2,0,3,0,0,1,1,9,8,0,0,0,0,1,11,11,11,11,11,1,0
5018, 5/24/2022 10:57,3,1,Default_no,0,0,0,0,1,1,5,1,23,0,2,0,3,0,0,6,3,11,5,0,1,0,1,0,11,11,11,11,11,,1
5019,  5/24/2022 3:58,3,1,Trust_promise,1,0,0,0,0,1,6,0,48,1,2,0,3,0,0,6,11,11,9,1,1,1,1,1,11,11,11,2,9,1,0
5020, 5/24/2022 12:17,3,1,Trust_promise,1,0,0,0,0,1,2,1,31,1,3,1,2,1,0,1,1,11,6,0,0,0,1,0,1,1,6,7,7,1,0
5021,  5/24/2022 3:15,3,1,Trust_promise,1,0,0,0,0,1,1,0,20,1,2,0,2,1,0,1,2,10,7,0,0,0,0,0,11,11,11,7,1,1,0
5022,  5/24/2022 3:38,3,1,Trust,0,1,0,0,0,,1,0,21,0,2,0,1,1,0,1,1,11,7,0,0,0,1,0,11,11,11,8,10,,0
5023,  5/24/2022 1:31,3,1,Default_yes,0,0,0,1,0,1,3,0,58,1,2,0,3,0,0,6,11,11,10,1,1,1,1,1,7,9,9,9,11,,1
5024,  5/24/2022 1:04,3,1,Default_no,0,0,0,0,1,1,6,0,54,1,2,0,3,0,0,6,11,11,11,1,1,1,1,1,6,11,11,1,11,,1
5025,  5/25/2022 7:51,3,1,Trust,0,1,0,0,0,,6,1,66,0,2,0,3,0,0,5,1,10,4,1,1,0,0,0,9,10,9,5,4,,0
5026,  5/25/2022 2:24,3,1,Trust_promise,1,0,0,0,0,1,6,0,40,0,4,1,1,1,1,5,4,10,9,1,1,0,0,1,9,11,10,11,10,1,0
5027,  5/24/2022 5:57,3,1,Default_no,0,0,0,0,1,1,2,0,26,0,4,1,2,1,0,2,2,8,9,0,0,0,0,1,9,10,7,9,10,,1
5028,  5/24/2022 5:13,3,1,Trust_promise,1,0,0,0,0,1,6,0,48,0,2,0,3,0,0,3,1,11,8,1,0,0,1,1,1,11,11,9,11,1,0
5029,  5/24/2022 1:50,3,1,Default_no,0,0,0,0,1,1,2,1,52,0,2,0,3,0,0,6,11,11,9,1,1,1,1,1,11,11,11,11,11,,1
5030,  5/24/2022 2:49,3,1,Promise,0,0,1,0,0,1,1,0,29,1,3,1,1,1,1,5,9,9,7,0,1,1,0,0,9,10,9,8,7,1,0
5031,  5/24/2022 1:36,3,1,Control,0,0,0,0,0,,1,0,57,1,3,1,1,1,0,7,11,9,3,1,1,1,0,0,11,11,11,2,7,0,0
5032,  5/24/2022 1:23,3,1,Control,0,0,0,0,0,,1,0,28,1,3,1,1,1,1,2,1,11,8,0,0,0,1,1,11,11,11,11,11,0,0
5033, 5/24/2022 12:37,3,1,Trust,0,1,0,0,0,,1,0,63,1,3,1,1,1,0,8,6,11,9,1,1,1,1,1,6,11,11,11,11,,0
5034,  5/24/2022 1:07,3,1,Trust,0,1,0,0,0,,2,0,33,1,4,1,1,1,1,9,11,10,8,0,1,1,0,1,10,11,11,11,11,,0
5035, 5/24/2022 12:08,3,1,Control,0,0,0,0,0,,3,0,46,0,3,1,2,1,0,1,11,11,7,1,0,1,1,0,9,8,4,4,6,0,0
5036,  5/24/2022 2:15,3,1,Default_no,0,0,0,0,1,1,1,0,67,0,4,1,1,1,1,4,5,10,10,1,0,0,0,1,8,10,10,3,10,,1
5037,  5/24/2022 2:30,3,1,Trust,0,1,0,0,0,,2,0,59,0,3,1,2,1,1,3,9,11,2,1,0,1,1,0,11,11,11,10,11,,0
5038,  5/24/2022 1:14,3,1,Default_yes,0,0,0,1,0,1,5,0,34,1,2,0,2,1,0,6,10,6,2,0,1,1,0,0,11,11,11,11,11,,1
5039, 5/24/2022 12:20,3,1,Default_yes,0,0,0,1,0,1,5,0,43,1,3,1,3,0,0,10,11,11,8,1,1,1,1,1,11,11,11,11,10,,1
5040,  5/24/2022 3:44,3,1,Trust_promise,1,0,0,0,0,1,4,1,27,0,5,1,1,1,1,4,3,9,7,0,0,0,0,0,7,10,9,11,11,1,0
5041,  5/24/2022 1:03,3,1,Trust_promise,1,0,0,0,0,1,3,1,58,1,2,0,1,1,0,1,1,11,5,1,0,0,1,0,11,11,11,11,11,1,0
5042,  5/24/2022 6:58,3,1,Control,0,0,0,0,0,,1,0,37,0,3,1,2,1,1,6,9,10,4,1,1,1,0,0,11,11,11,11,11,0,0
5043, 5/24/2022 12:01,3,1,Trust,0,1,0,0,0,,2,0,28,0,2,0,1,1,0,1,1,11,6,0,0,0,1,0,11,11,11,11,11,,0
5044, 5/24/2022 12:01,3,1,Trust,0,1,0,0,0,,3,1,52,1,3,1,1,1,1,3,9,10,8,1,0,1,0,1,11,11,11,11,11,,0
5045, 5/24/2022 11:41,3,1,Control,0,0,0,0,0,,4,0,19,1,2,0,3,0,0,6,3,11,6,0,1,0,1,0,11,11,11,11,11,0,0
5046, 5/24/2022 12:21,3,1,Promise,0,0,1,0,0,1,1,0,21,1,3,1,3,0,0,11,11,7,7,0,1,1,0,0,11,11,11,11,11,1,0
5047,  5/24/2022 3:15,3,1,Promise,0,0,1,0,0,1,4,1,32,1,2,0,2,1,0,8,10,11,6,0,1,1,1,0,11,11,11,11,11,1,0
5048,  5/24/2022 1:34,3,1,Trust,0,1,0,0,0,,6,1,35,0,3,1,1,1,1,6,11,11,8,1,1,1,1,1,6,10,10,10,9,,0
5049, 5/24/2022 12:10,3,1,Promise,0,0,1,0,0,1,5,0,22,1,2,0,3,0,0,4,1,9,2,0,0,0,0,0,11,2,10,6,7,1,0
5050,  5/24/2022 5:58,3,1,Default_no,0,0,0,0,1,1,4,0,66,1,3,1,1,1,0,6,11,11,8,1,1,1,1,1,11,11,11,10,10,,1
5051, 5/24/2022 12:16,3,1,Promise,0,0,1,0,0,1,6,0,60,1,2,0,1,1,0,3,11,11,6,1,0,1,1,0,11,11,11,11,11,1,0
5052,  5/24/2022 6:26,3,1,Promise,0,0,1,0,0,1,4,1,66,0,4,1,2,1,1,7,11,11,11,1,1,1,1,1,11,11,11,11,11,1,0
5053, 5/24/2022 10:55,3,1,Trust_promise,1,0,0,0,0,1,4,0,60,0,3,1,3,0,0,6,8,11,7,1,1,1,1,0,11,11,11,11,11,1,0
5054,  5/24/2022 4:06,3,1,Trust_promise,1,0,0,0,0,1,4,1,63,1,2,0,2,1,0,4,11,10,9,1,0,1,0,1,11,11,11,11,11,1,0
5055,  5/24/2022 2:16,3,1,Default_yes,0,0,0,1,0,1,2,0,55,1,4,1,1,1,1,3,1,10,9,1,0,0,0,1,11,11,11,5,11,,1
5056, 5/24/2022 12:39,3,1,Control,0,0,0,0,0,,1,0,41,0,5,1,1,1,1,1,6,6,5,1,0,1,0,0,10,11,11,11,11,0,0
5057,  5/24/2022 1:51,3,1,Default_no,0,0,0,0,1,1,1,0,41,0,2,0,1,1,1,6,5,9,7,1,1,0,0,0,9,6,7,8,8,,1
5058,  5/24/2022 4:14,3,1,Promise,0,0,1,0,0,1,3,0,25,1,4,1,2,1,0,1,1,8,6,0,0,0,0,0,11,11,11,11,11,1,0
5059, 5/24/2022 12:09,3,1,Trust_promise,1,0,0,0,0,1,2,1,39,1,3,1,3,0,0,2,1,9,7,1,0,0,0,0,8,9,9,8,11,1,0
5060, 5/24/2022 12:39,3,1,Trust_promise,1,0,0,0,0,1,4,0,27,1,2,0,3,0,0,1,3,9,8,0,0,0,0,1,8,11,11,9,11,1,0
5061, 5/24/2022 12:18,3,1,Trust,0,1,0,0,0,,2,0,40,0,2,0,3,0,0,3,11,10,5,1,0,1,0,0,9,8,9,6,7,,0
5062,  5/24/2022 7:32,3,1,Control,0,0,0,0,0,,2,0,25,1,3,1,1,1,1,3,10,10,8,0,0,1,0,1,9,8,11,9,6,0,0
5063, 5/24/2022 11:38,3,1,Promise,0,0,1,0,0,1,5,0,52,0,3,1,1,1,1,6,7,10,8,1,1,1,0,1,7,9,11,8,6,1,0
5064, 5/24/2022 11:33,3,1,Default_no,0,0,0,0,1,1,4,1,33,0,3,1,1,1,1,3,1,10,4,0,0,0,0,0,3,3,6,3,3,,1
5065, 5/24/2022 11:56,3,1,Promise,0,0,1,0,0,1,4,1,26,0,3,1,3,0,0,1,1,9,1,0,0,0,0,0,11,11,11,11,11,1,0
5066,  5/24/2022 6:12,3,1,Default_no,0,0,0,0,1,1,5,0,32,0,2,0,1,1,1,8,6,8,7,0,1,1,0,0,8,10,9,7,9,,1
5067,  5/24/2022 4:11,3,1,Default_no,0,0,0,0,1,1,1,0,38,0,3,1,1,1,1,1,6,11,7,1,0,1,1,0,9,11,11,1,6,,1
5068,  5/24/2022 6:27,3,1,Default_no,0,0,0,0,1,1,6,1,64,0,2,0,1,1,1,6,9,8,5,1,1,1,0,0,4,9,9,7,9,,1
5069,  5/24/2022 3:08,3,1,Promise,0,0,1,0,0,1,2,1,54,1,3,1,1,1,0,4,1,10,4,1,0,0,0,0,11,11,11,11,11,1,0
5070,  5/24/2022 1:45,3,1,Control,0,0,0,0,0,,1,0,23,1,3,1,1,1,1,4,1,9,7,0,0,0,0,0,10,8,8,10,9,0,0
5071, 5/24/2022 10:41,3,1,Trust_promise,1,0,0,0,0,1,2,1,29,0,2,0,1,1,1,6,3,9,3,0,1,0,0,0,8,11,11,9,9,1,0
5072,  5/25/2022 7:11,3,1,Control,0,0,0,0,0,,6,0,38,0,2,0,1,1,1,2,11,10,7,1,0,1,0,0,6,11,11,11,7,0,0
5073,  5/24/2022 6:30,3,1,Trust,0,1,0,0,0,,3,0,29,1,3,1,3,0,1,6,9,11,7,0,1,1,1,0,9,11,11,11,10,,0
5074,  5/24/2022 1:30,3,1,Trust,0,1,0,0,0,,1,0,35,1,2,0,1,1,0,1,3,11,7,1,0,0,1,0,11,11,11,11,11,,0
5075,  5/24/2022 4:21,3,1,Trust,0,1,0,0,0,,5,1,22,1,2,0,2,1,0,2,10,8,9,0,0,1,0,1,10,10,10,11,10,,0
5076, 5/24/2022 11:04,3,1,Promise,0,0,1,0,0,1,4,1,22,0,3,1,3,0,0,1,1,9,9,0,0,0,0,1,8,7,9,7,7,1,0
5077, 5/24/2022 11:00,3,1,Default_yes,0,0,0,1,0,1,5,0,32,1,2,0,3,0,0,4,3,11,2,0,0,0,1,0,10,11,10,7,7,,1
5078,  5/24/2022 5:40,3,1,Promise,0,0,1,0,0,1,2,0,53,1,2,0,2,1,1,11,11,11,1,1,1,1,1,0,11,11,11,11,11,1,0
5079, 5/24/2022 10:57,3,1,Trust_promise,1,0,0,0,0,1,3,0,49,0,3,1,1,1,1,6,11,10,7,1,1,1,0,0,4,4,7,5,7,1,0
5080, 5/24/2022 12:33,3,1,Promise,0,0,1,0,0,1,1,0,43,1,2,0,1,1,0,3,1,11,5,1,0,0,1,0,11,11,11,11,6,1,0
5081,  5/24/2022 7:12,3,1,Trust,0,1,0,0,0,,6,1,21,1,3,1,2,1,1,10,11,10,7,0,1,1,0,0,9,9,9,9,9,,0
5082, 5/24/2022 12:06,3,1,Control,0,0,0,0,0,,5,1,22,1,3,1,3,0,0,1,9,6,4,0,0,1,0,0,11,11,11,11,11,0,0
5083, 5/24/2022 11:27,3,1,Default_no,0,0,0,0,1,1,2,0,38,1,4,1,2,1,1,5,9,8,7,1,1,1,0,0,9,10,10,10,8,,1
5084, 5/24/2022 11:25,3,1,Default_yes,0,0,0,1,0,1,6,1,62,0,4,1,1,1,1,6,11,11,10,1,1,1,1,1,11,11,11,11,1,,1
5085, 5/24/2022 12:50,3,1,Trust_promise,1,0,0,0,0,1,6,0,23,0,3,1,1,1,0,8,11,9,8,0,1,1,0,1,9,7,9,10,10,1,0
5086,  5/24/2022 2:37,3,1,Trust_promise,1,0,0,0,0,1,5,0,46,1,3,1,1,1,1,3,10,7,8,1,0,1,0,1,11,11,11,11,11,1,0
5087,  5/25/2022 2:36,3,1,Control,0,0,0,0,0,,5,0,31,0,3,1,1,1,1,1,6,9,8,0,0,1,0,1,10,11,11,11,2,0,0
5088,  5/24/2022 6:59,3,1,Trust,0,1,0,0,0,,5,1,24,1,4,1,2,1,1,1,1,11,8,0,0,0,1,1,11,9,11,5,10,,0
5089,  5/24/2022 3:57,3,1,Control,0,0,0,0,0,,5,1,36,1,3,1,1,1,1,2,9,9,8,1,0,1,0,1,6,6,6,6,6,0,0
5090, 5/24/2022 12:17,3,1,Default_yes,0,0,0,1,0,1,5,0,69,1,2,0,1,1,0,2,11,10,6,1,0,1,0,0,11,11,11,11,11,,1
5091, 5/24/2022 11:47,3,1,Promise,0,0,1,0,0,1,5,1,24,1,4,1,1,1,1,1,1,11,6,0,0,0,1,0,3,3,5,6,3,1,0
5092,  5/25/2022 5:36,3,1,Control,0,0,0,0,0,,6,0,28,0,2,0,1,1,0,9,11,11,10,0,1,1,1,1,9,10,11,11,11,0,0
5093, 5/24/2022 11:50,3,1,Default_yes,0,0,0,1,0,1,6,0,55,0,3,1,1,1,1,1,3,11,9,1,0,0,1,1,1,11,11,1,1,,1
5094,  5/24/2022 7:38,3,1,Trust_promise,1,0,0,0,0,1,5,0,34,1,2,0,2,1,1,1,1,10,7,0,0,0,0,0,9,10,8,6,8,1,0
5095,  5/25/2022 5:27,3,1,Control,0,0,0,0,0,,5,0,34,0,3,1,1,1,1,1,4,8,7,0,0,0,0,0,8,8,8,7,5,0,0
5096, 5/24/2022 12:05,3,1,Trust,0,1,0,0,0,,6,0,38,0,3,1,1,1,0,2,4,7,5,1,0,0,0,0,11,11,11,11,11,,0
5097,  5/24/2022 2:28,3,1,Promise,0,0,1,0,0,1,4,0,46,1,3,1,1,1,1,1,1,11,4,1,0,0,1,0,11,11,11,11,11,1,0
5098, 5/24/2022 12:31,3,1,Promise,0,0,1,0,0,1,5,0,40,1,2,0,3,0,0,5,8,11,4,1,1,1,1,0,11,11,11,11,6,1,0
5099,  5/24/2022 1:24,3,1,Trust,0,1,0,0,0,,6,0,27,1,2,0,2,1,0,4,1,8,5,0,0,0,0,0,3,3,4,5,5,,0
5100, 5/24/2022 10:59,3,1,Trust_promise,1,0,0,0,0,1,5,0,64,1,2,0,1,1,0,3,9,11,6,1,0,1,1,0,9,9,9,10,8,1,0
5101,  5/25/2022 8:24,3,1,Default_no,0,0,0,0,1,1,6,0,46,0,5,1,2,1,1,7,8,9,7,1,1,1,0,0,6,7,9,4,6,,1
5102, 5/24/2022 12:16,3,1,Control,0,0,0,0,0,,4,0,30,1,3,1,3,0,0,3,10,10,2,0,0,1,0,0,11,11,11,11,3,0,0
5103, 5/24/2022 12:09,3,1,Trust_promise,1,0,0,0,0,1,4,1,32,0,3,1,1,1,1,6,3,6,6,0,1,0,0,0,7,7,7,3,7,1,0
5104, 5/24/2022 10:06,3,1,Default_no,0,0,0,0,1,1,1,1,26,0,1,0,3,0,0,1,11,9,5,0,0,1,0,0,9,10,11,11,11,,1
5105,  5/24/2022 1:48,3,1,Trust_promise,1,0,0,0,0,1,3,1,33,1,5,1,2,1,1,1,1,10,7,0,0,0,0,0,11,10,11,8,10,1,0
5106,  5/24/2022 1:00,3,1,Promise,0,0,1,0,0,1,3,1,24,0,3,1,1,1,1,1,2,11,8,0,0,0,1,1,8,8,9,7,8,1,0
5107,  5/24/2022 5:19,3,1,Trust_promise,1,0,0,0,0,1,6,0,26,1,4,1,1,1,1,9,11,10,6,0,1,1,0,0,6,11,11,10,11,1,0
5108,  5/24/2022 3:41,3,1,Control,0,0,0,0,0,,5,0,37,1,2,0,3,0,1,5,9,11,8,1,1,1,1,1,11,11,11,11,1,0,0
5109,  5/24/2022 4:15,3,1,Promise,0,0,1,0,0,1,1,0,31,1,3,1,1,1,0,2,1,10,9,0,0,0,0,1,11,11,11,11,11,1,0
5110, 5/24/2022 12:44,3,1,Control,0,0,0,0,0,,4,1,27,0,3,1,1,1,1,5,5,11,6,0,1,0,1,0,11,11,11,11,11,0,0
5111,  5/25/2022 1:21,3,1,Default_no,0,0,0,0,1,1,6,1,24,0,4,1,1,1,1,1,1,8,3,0,0,0,0,0,10,11,10,10,11,,1
5112, 5/24/2022 11:40,3,1,Trust,0,1,0,0,0,,1,0,24,0,1,0,3,0,0,8,11,9,8,0,1,1,0,1,9,11,10,10,10,,0
5113,  5/24/2022 2:20,3,1,Control,0,0,0,0,0,,4,1,22,1,3,1,2,1,1,1,2,11,10,0,0,0,1,1,10,10,10,10,10,0,0
5114, 5/24/2022 12:22,3,1,Trust,0,1,0,0,0,,1,1,21,1,3,1,2,1,0,1,2,5,8,0,0,0,0,1,11,11,11,11,11,,0
5115,  5/24/2022 7:58,3,1,Default_no,0,0,0,0,1,1,6,0,44,0,4,1,2,1,1,7,11,10,8,1,1,1,0,1,11,11,11,7,9,,1
5116,  5/24/2022 2:55,3,1,Promise,0,0,1,0,0,1,3,0,27,1,3,1,2,1,1,5,4,9,3,0,1,0,0,0,11,11,11,11,11,1,0
5117,  5/24/2022 3:32,3,1,Trust,0,1,0,0,0,,5,0,33,1,3,1,1,1,1,5,1,7,8,0,1,0,0,1,7,10,10,10,8,,0
5118,  5/24/2022 4:56,3,1,Trust_promise,1,0,0,0,0,1,5,0,35,1,3,1,1,1,0,9,11,11,6,1,1,1,1,0,11,11,11,11,6,1,0
5119,  5/24/2022 4:57,3,1,Control,0,0,0,0,0,,3,1,22,1,2,0,2,1,0,4,1,11,8,0,0,0,1,1,9,9,9,10,9,0,0
5120, 5/24/2022 11:44,3,1,Promise,0,0,1,0,0,1,2,1,23,0,2,0,1,1,0,3,1,9,8,0,0,0,0,1,9,11,10,10,11,1,0
5121, 5/24/2022 12:41,3,1,Control,0,0,0,0,0,,4,1,37,0,2,0,2,1,0,6,11,8,4,1,1,1,0,0,11,11,11,11,11,0,0
5122, 5/24/2022 12:39,3,1,Trust_promise,1,0,0,0,0,1,3,1,29,0,5,1,2,1,1,3,1,7,8,0,0,0,0,1,10,10,10,10,10,1,0
5123,  5/25/2022 8:30,3,1,Control,0,0,0,0,0,,4,1,41,0,2,0,1,1,0,11,2,11,8,1,1,0,1,1,11,11,11,11,11,0,0
5124,  5/24/2022 9:33,3,1,Default_yes,0,0,0,1,0,1,5,0,37,0,2,0,1,1,0,11,5,9,6,1,1,0,0,0,8,8,11,4,6,,1
5125,  5/24/2022 4:07,3,1,Default_no,0,0,0,0,1,1,3,0,47,0,2,0,1,1,0,1,2,7,8,1,0,0,0,1,6,9,10,8,7,,1
5126,  5/24/2022 4:17,3,1,Trust_promise,1,0,0,0,0,1,4,0,29,1,5,1,1,1,0,1,1,9,7,0,0,0,0,0,10,10,10,3,10,1,0
5127, 5/24/2022 12:58,3,1,Trust_promise,1,0,0,0,0,1,2,1,29,1,3,1,2,1,0,6,1,11,8,0,1,0,1,1,11,11,11,11,11,1,0
5128,  5/24/2022 1:07,3,1,Control,0,0,0,0,0,,3,1,28,0,2,0,1,1,0,6,7,9,7,0,1,1,0,0,11,10,11,9,9,0,0
5129,  5/24/2022 1:27,3,1,Trust,0,1,0,0,0,,1,1,28,0,4,1,1,1,1,1,1,7,8,0,0,0,0,1,10,10,9,10,8,,0
5130, 5/24/2022 10:47,3,1,Trust,0,1,0,0,0,,5,1,28,1,4,1,2,1,1,6,4,10,9,0,1,0,0,1,9,10,10,9,10,,0
5131,  5/24/2022 1:25,3,1,Default_yes,0,0,0,1,0,1,4,1,40,1,3,1,1,1,1,11,11,11,9,1,1,1,1,1,11,11,11,11,11,,1
5132,  5/25/2022 5:47,3,1,Default_yes,0,0,0,1,0,1,6,1,22,0,2,0,1,1,0,1,1,9,3,0,0,0,0,0,11,11,9,6,10,,1
5133, 5/24/2022 12:30,3,1,Promise,0,0,1,0,0,1,3,0,26,1,4,1,1,1,1,6,7,11,3,0,1,1,1,0,10,11,11,11,9,1,0
5134,  5/24/2022 2:55,3,1,Trust_promise,1,0,0,0,0,1,4,0,65,0,3,1,1,1,1,6,1,10,8,1,1,0,0,1,6,11,11,11,11,1,0
5135,  5/24/2022 8:41,3,1,Control,0,0,0,0,0,,6,0,44,0,3,1,2,1,0,4,2,9,8,1,0,0,0,1,7,9,9,9,9,0,0
5136,  5/24/2022 1:26,3,1,Trust,0,1,0,0,0,,4,0,40,1,2,0,3,0,0,5,6,10,7,1,1,1,0,0,10,11,10,8,11,,0
5137, 5/24/2022 11:28,3,1,Default_yes,0,0,0,1,0,1,1,1,45,1,4,1,2,1,1,3,1,10,6,1,0,0,0,0,11,9,11,11,11,,1
5138,  5/24/2022 2:18,3,1,Control,0,0,0,0,0,,4,1,23,1,3,1,3,0,0,1,3,6,7,0,0,0,0,0,11,11,11,11,11,0,0
5139, 5/24/2022 11:26,3,1,Default_no,0,0,0,0,1,1,4,0,48,0,2,0,2,1,0,9,11,11,8,1,1,1,1,1,11,11,11,9,9,,1
5140, 5/24/2022 12:03,3,1,Trust,0,1,0,0,0,,3,1,34,1,2,0,1,1,0,1,1,9,6,0,0,0,0,0,11,11,11,11,11,,0
5141,  5/24/2022 4:08,3,1,Control,0,0,0,0,0,,4,0,23,1,2,0,1,1,0,5,9,11,7,0,1,1,1,0,10,11,11,11,11,0,0
5142, 5/24/2022 12:48,3,1,Trust,0,1,0,0,0,,5,0,55,0,2,0,1,1,0,10,8,9,8,1,1,1,0,1,11,11,11,8,1,,0
5143, 5/24/2022 12:16,3,1,Control,0,0,0,0,0,,4,1,51,1,3,1,1,1,1,3,11,11,9,1,0,1,1,1,11,11,11,7,11,0,0
5144, 5/25/2022 10:47,3,1,Promise,0,0,1,0,0,1,2,0,37,0,4,1,1,1,1,3,11,10,7,1,0,1,0,0,8,9,9,6,6,1,0
5145, 5/24/2022 12:42,3,1,Trust,0,1,0,0,0,,3,0,43,0,3,1,1,1,0,6,11,9,1,1,1,1,0,0,1,1,1,4,1,,0
5146, 5/24/2022 11:40,3,1,Trust,0,1,0,0,0,,2,0,35,0,4,1,2,1,1,3,3,11,9,1,0,0,1,1,11,11,11,11,11,,0
5147, 5/24/2022 11:55,3,1,Default_no,0,0,0,0,1,1,2,1,32,1,3,1,1,1,1,1,8,11,11,0,0,1,1,1,11,11,11,11,11,,1
5148,  5/24/2022 6:45,3,1,Default_no,0,0,0,0,1,1,1,1,30,0,1,0,3,0,0,1,1,1,7,0,0,0,0,0,7,5,8,8,8,,1
5149, 5/24/2022 11:16,3,1,Default_no,0,0,0,0,1,1,1,0,29,0,2,0,2,1,1,6,6,8,1,0,1,1,0,0,11,2,11,8,6,,1
5150,  5/24/2022 3:48,3,1,Trust,0,1,0,0,0,,1,0,64,1,3,1,3,0,0,3,11,10,10,1,0,1,0,1,11,11,11,11,11,,0
5151,  5/25/2022 4:43,3,1,Trust_promise,1,0,0,0,0,1,5,1,58,0,3,1,2,1,1,4,1,11,8,1,0,0,1,1,6,7,7,2,6,1,0
5152,  5/24/2022 1:00,3,1,Default_yes,0,0,0,1,0,1,4,1,24,0,2,0,2,1,0,5,2,9,6,0,1,0,0,0,3,2,2,2,2,,1
5153, 5/24/2022 11:26,3,1,Trust,0,1,0,0,0,,6,0,59,1,3,1,3,0,1,7,11,10,9,1,1,1,0,1,10,11,11,11,10,,0
5154,  5/24/2022 3:06,3,1,Trust,0,1,0,0,0,,6,0,33,1,3,1,1,1,0,3,1,8,6,0,0,0,0,0,6,11,11,11,11,,0
5155,  5/24/2022 4:38,3,1,Trust,0,1,0,0,0,,5,0,42,0,2,0,3,0,0,4,1,11,9,1,0,0,1,1,10,11,11,10,11,,0
5156,  5/25/2022 7:07,3,1,Promise,0,0,1,0,0,1,2,0,22,0,3,1,2,1,0,6,11,11,6,0,1,1,1,0,9,6,10,4,7,1,0
5157,  5/24/2022 1:29,3,1,Trust,0,1,0,0,0,,1,0,27,0,3,1,1,1,0,1,1,10,5,0,0,0,0,0,10,11,6,4,4,,0
5158, 5/24/2022 12:02,3,1,Trust,0,1,0,0,0,,5,1,35,1,3,1,1,1,1,6,6,11,9,1,1,1,1,1,11,11,11,11,11,,0
5159,  5/24/2022 1:12,3,1,Default_yes,0,0,0,1,0,1,6,1,28,0,2,0,2,1,0,6,6,6,11,0,1,1,0,1,8,8,10,11,1,,1
5160,  5/24/2022 5:43,3,1,Trust_promise,1,0,0,0,0,1,6,0,23,1,2,0,2,1,0,6,4,11,8,0,1,0,1,1,11,11,11,11,11,1,0
5161,  5/24/2022 1:04,3,1,Trust,0,1,0,0,0,,5,0,42,1,2,0,1,1,0,4,1,11,3,1,0,0,1,0,1,11,11,1,1,,0
5162,  5/25/2022 9:19,3,1,Trust_promise,1,0,0,0,0,1,5,1,48,0,3,1,1,1,0,1,3,11,8,1,0,0,1,1,11,11,11,11,11,1,0
5163,  5/24/2022 1:38,3,1,Control,0,0,0,0,0,,2,1,31,0,3,1,1,1,1,3,1,10,6,0,0,0,0,0,9,9,9,10,10,0,0
5164,  5/24/2022 2:52,3,1,Trust_promise,1,0,0,0,0,1,3,0,41,0,3,1,1,1,0,9,11,9,6,1,1,1,0,0,9,9,9,9,9,1,0
5165,  5/24/2022 5:20,3,1,Default_no,0,0,0,0,1,1,6,1,33,1,3,1,1,1,1,6,11,11,6,0,1,1,1,0,11,11,11,11,11,,1
5166, 5/24/2022 11:56,3,1,Default_yes,0,0,0,1,0,1,4,0,58,1,4,1,1,1,1,11,1,11,1,1,1,0,1,0,5,5,5,1,1,,1
5167, 5/24/2022 12:02,3,1,Promise,0,0,1,0,0,1,5,0,69,1,3,1,1,1,0,10,11,9,9,1,1,1,0,1,11,11,11,11,11,1,0
5168, 5/24/2022 11:45,3,1,Promise,0,0,1,0,0,1,4,1,35,1,3,1,2,1,1,7,4,6,5,1,1,0,0,0,10,7,11,10,4,1,0
5169, 5/24/2022 12:26,3,1,Default_no,0,0,0,0,1,1,5,1,37,1,4,1,2,1,1,4,11,9,7,1,0,1,0,0,10,10,11,10,9,,1
5170, 5/24/2022 12:09,3,1,Default_no,0,0,0,0,1,1,3,0,23,0,3,1,1,1,0,6,8,9,8,0,1,1,0,1,11,11,11,11,11,,1
5171,  5/24/2022 2:22,3,1,Default_no,0,0,0,0,1,1,6,0,36,0,3,1,1,1,1,6,9,11,7,1,1,1,1,0,11,11,11,11,11,,1
5172, 5/24/2022 12:32,3,1,Trust,0,1,0,0,0,,1,1,27,0,3,1,1,1,1,9,1,10,8,0,1,0,0,1,9,10,10,10,10,,0
5173,  5/24/2022 3:20,3,1,Default_no,0,0,0,0,1,1,3,1,35,0,4,1,1,1,1,3,11,11,3,1,0,1,1,0,11,11,11,11,11,,1
5174, 5/24/2022 11:39,3,1,Trust,0,1,0,0,0,,4,0,24,1,3,1,1,1,0,1,2,7,6,0,0,0,0,0,9,10,9,10,7,,0
5175,  5/24/2022 4:46,3,1,Trust,0,1,0,0,0,,4,0,79,0,4,1,1,1,1,2,1,11,10,1,0,0,1,1,11,11,11,11,11,,0
5176,  5/24/2022 4:42,3,1,Default_yes,0,0,0,1,0,1,1,0,31,0,3,1,2,1,1,3,1,9,7,0,0,0,0,0,11,11,11,11,9,,1
5177,  5/24/2022 6:27,3,1,Promise,0,0,1,0,0,1,6,1,20,0,2,0,3,0,0,1,1,1,6,0,0,0,0,0,11,11,6,1,7,1,0
5178,  5/24/2022 1:45,3,1,Trust_promise,1,0,0,0,0,1,3,1,39,0,2,0,1,1,0,1,1,11,11,1,0,0,1,1,11,11,11,11,11,1,0
5179,  5/24/2022 2:23,3,1,Control,0,0,0,0,0,,6,0,39,1,2,0,1,1,0,7,5,8,6,1,1,0,0,0,11,11,11,11,11,0,0
5180, 5/24/2022 11:43,3,1,Trust_promise,1,0,0,0,0,1,5,1,37,1,2,0,3,0,0,1,1,11,7,1,0,0,1,0,11,11,11,4,6,1,0
5181,  5/24/2022 3:28,3,1,Default_yes,0,0,0,1,0,1,1,0,29,0,2,0,1,1,1,10,10,10,3,0,1,1,0,0,2,2,11,11,11,,1
5182,  5/24/2022 5:34,3,1,Trust_promise,1,0,0,0,0,1,1,1,52,1,2,0,3,0,0,1,11,11,7,1,0,1,1,0,11,11,11,11,11,1,0
5183,  5/24/2022 3:51,3,1,Control,0,0,0,0,0,,4,1,43,1,4,1,2,1,1,8,11,11,4,1,1,1,1,0,11,11,11,11,11,0,0
5184,  5/24/2022 1:24,3,1,Default_yes,0,0,0,1,0,1,4,1,28,1,2,0,1,1,1,1,1,11,7,0,0,0,1,0,9,11,11,10,11,,1
5185, 5/24/2022 11:03,3,1,Promise,0,0,1,0,0,1,2,0,39,0,2,0,3,0,1,1,1,10,4,1,0,0,0,0,9,11,11,11,10,1,0
5186, 5/24/2022 12:28,3,1,Trust_promise,1,0,0,0,0,1,2,0,55,0,2,0,1,1,1,6,2,10,4,1,1,0,0,0,11,11,11,10,9,1,0
5187,  5/24/2022 1:15,3,1,Trust,0,1,0,0,0,,6,1,28,0,3,1,1,1,0,9,1,8,3,0,1,0,0,0,5,4,6,5,2,,0
5188, 5/24/2022 12:19,3,1,Trust,0,1,0,0,0,,5,0,64,0,2,0,2,1,0,1,11,9,1,1,0,1,0,0,11,11,8,11,11,,0
5189,  5/24/2022 3:25,3,1,Promise,0,0,1,0,0,1,2,1,24,0,3,1,3,0,0,3,2,11,10,0,0,0,1,1,11,11,11,11,11,1,0
5190,  5/24/2022 3:37,3,1,Control,0,0,0,0,0,,4,1,36,1,2,0,3,0,0,9,11,10,7,1,1,1,0,0,11,11,11,11,11,0,0
5191,  5/24/2022 1:55,3,1,Promise,0,0,1,0,0,1,5,1,23,1,3,1,1,1,0,1,9,9,8,0,0,1,0,1,11,10,11,11,9,1,0
5192,  5/24/2022 7:01,3,1,Trust,0,1,0,0,0,,2,0,36,0,2,0,3,0,0,1,1,11,4,1,0,0,1,0,10,11,11,9,11,,0
5193,  5/24/2022 9:01,3,1,Control,0,0,0,0,0,,4,1,23,0,3,1,2,1,0,3,8,10,7,0,0,1,0,0,10,11,10,10,9,0,0
5194, 5/24/2022 11:39,3,1,Promise,0,0,1,0,0,1,1,0,52,1,2,0,1,1,1,9,11,11,6,1,1,1,1,0,11,11,11,11,11,1,0
5195,  5/24/2022 5:32,3,1,Trust_promise,1,0,0,0,0,1,3,1,40,0,2,0,1,1,0,2,11,11,7,1,0,1,1,0,9,1,6,4,4,1,0
5196,  5/24/2022 3:28,3,1,Trust,0,1,0,0,0,,2,0,35,1,4,1,2,1,0,2,1,8,9,1,0,0,0,1,2,9,9,7,7,,0
5197,  5/24/2022 6:23,3,1,Default_yes,0,0,0,1,0,1,6,1,43,1,2,0,2,1,0,2,8,9,4,1,0,1,0,0,11,11,11,11,11,,1
5198, 5/24/2022 11:31,3,1,Control,0,0,0,0,0,,4,1,32,0,2,0,3,0,0,6,1,11,5,0,1,0,1,0,7,9,8,8,6,0,0
5199, 5/24/2022 12:15,3,1,Trust,0,1,0,0,0,,3,0,27,1,2,0,3,0,0,2,10,9,3,0,0,1,0,0,11,11,11,4,11,,0
5200,  5/24/2022 6:24,3,1,Promise,0,0,1,0,0,1,3,1,48,0,3,1,1,1,1,6,11,11,9,1,1,1,1,1,11,11,11,11,11,1,0
5201,  5/24/2022 5:29,3,1,Default_yes,0,0,0,1,0,1,4,1,58,1,2,0,2,1,1,8,9,11,8,1,1,1,1,1,11,11,11,11,11,,1
5202, 5/24/2022 12:51,3,1,Trust,0,1,0,0,0,,6,0,56,0,3,1,1,1,1,3,11,11,4,1,0,1,1,0,11,11,11,11,11,,0
5203,  5/24/2022 9:25,3,1,Promise,0,0,1,0,0,1,1,0,27,0,2,0,3,0,0,1,1,9,1,0,0,0,0,0,3,11,11,11,6,1,0
5204,  5/25/2022 6:13,3,1,Trust,0,1,0,0,0,,6,0,61,0,3,1,3,0,1,11,11,11,8,1,1,1,1,1,8,11,11,1,8,,0
5205,  5/24/2022 1:43,3,1,Default_no,0,0,0,0,1,1,3,0,50,0,4,1,1,1,1,1,1,9,8,1,0,0,0,1,6,9,8,9,8,,1
5206, 5/24/2022 10:59,3,1,Trust,0,1,0,0,0,,3,0,39,0,2,0,1,1,1,2,8,8,8,1,0,1,0,1,11,11,11,10,11,,0
5207, 5/24/2022 11:58,3,1,Promise,0,0,1,0,0,1,6,0,24,0,3,1,3,0,1,6,9,11,6,0,1,1,1,0,11,11,11,11,11,1,0
5208, 5/24/2022 11:38,3,1,Default_yes,0,0,0,1,0,1,2,0,22,1,3,1,3,0,0,2,9,10,9,0,0,1,0,1,8,6,7,7,8,,1
5209,  5/24/2022 1:24,3,1,Trust,0,1,0,0,0,,1,0,20,1,2,0,1,1,0,1,2,9,7,0,0,0,0,0,11,11,11,7,9,,0
5210, 5/24/2022 12:54,3,1,Promise,0,0,1,0,0,1,1,0,38,0,4,1,2,1,1,7,8,11,8,1,1,1,1,1,11,8,10,10,11,1,0
5211,  5/24/2022 2:52,3,1,Promise,0,0,1,0,0,1,3,1,21,1,2,0,3,0,0,7,11,11,6,0,1,1,1,0,11,11,11,11,11,1,0
5212,  5/24/2022 3:19,3,1,Trust,0,1,0,0,0,,5,1,27,0,2,0,1,1,0,3,1,8,4,0,0,0,0,0,9,9,10,8,10,,0
5213,  5/24/2022 5:57,3,1,Trust_promise,1,0,0,0,0,1,1,0,31,0,2,0,1,1,1,7,1,11,8,0,1,0,1,1,11,11,11,11,11,1,0
5214, 5/24/2022 12:45,3,1,Default_no,0,0,0,0,1,1,6,1,30,0,3,1,3,0,0,1,1,11,3,0,0,0,1,0,1,1,1,1,1,,1
5215,  5/24/2022 3:07,3,1,Trust_promise,1,0,0,0,0,1,1,1,34,0,5,1,1,1,1,3,4,9,10,0,0,0,0,1,10,10,10,7,6,1,0
5216,  5/25/2022 4:22,3,1,Default_yes,0,0,0,1,0,1,3,0,35,0,4,1,1,1,1,4,10,9,9,1,0,1,0,1,11,11,11,11,11,,1
5217, 5/24/2022 12:08,3,1,Default_no,0,0,0,0,1,1,6,0,47,1,4,1,3,0,0,2,8,11,9,1,0,1,1,1,11,11,11,11,11,,1
5218, 5/24/2022 11:49,3,1,Control,0,0,0,0,0,,4,1,41,0,2,0,1,1,0,1,11,11,11,1,0,1,1,1,11,11,11,11,11,0,0
5219, 5/24/2022 11:25,3,1,Promise,0,0,1,0,0,1,2,0,69,0,5,1,1,1,1,6,9,11,11,1,1,1,1,1,6,11,11,11,11,1,0
5220,  5/24/2022 4:38,3,1,Control,0,0,0,0,0,,3,0,28,1,3,1,2,1,1,7,7,4,4,0,1,1,0,0,9,8,6,6,3,0,0
5221,  5/24/2022 1:39,3,1,Control,0,0,0,0,0,,3,0,55,1,4,1,2,1,0,6,6,6,6,1,1,1,0,0,6,1,6,1,1,0,0
5222,  5/24/2022 2:35,3,1,Control,0,0,0,0,0,,1,0,22,1,2,0,3,0,0,3,6,7,6,0,0,1,0,0,11,11,11,11,8,0,0
5223, 5/24/2022 11:08,3,1,Promise,0,0,1,0,0,1,5,1,33,1,4,1,2,1,1,3,2,7,8,0,0,0,0,1,8,9,11,8,8,1,0
5224,  5/24/2022 1:37,3,1,Default_yes,0,0,0,1,0,1,2,1,28,1,4,1,2,1,0,1,5,11,8,0,0,0,1,1,8,11,10,9,11,,1
5225,  5/24/2022 6:39,3,1,Trust,0,1,0,0,0,,6,0,63,1,3,1,1,1,0,9,11,11,4,1,1,1,1,0,11,11,11,11,11,,0
5226,  5/24/2022 6:11,3,1,Control,0,0,0,0,0,,6,0,64,1,3,1,1,1,1,1,1,11,5,1,0,0,1,0,4,9,10,8,5,0,0
5227,  5/24/2022 5:32,3,1,Default_no,0,0,0,0,1,1,4,1,33,1,3,1,2,1,0,8,4,9,3,0,1,0,0,0,11,11,11,9,11,,1
5228, 5/24/2022 11:39,3,1,Default_no,0,0,0,0,1,1,2,0,24,0,3,1,2,1,1,3,11,11,8,0,0,1,1,1,11,11,11,11,11,,1
5229,  5/24/2022 3:49,3,1,Default_no,0,0,0,0,1,1,3,1,20,1,2,0,1,1,0,1,1,9,3,0,0,0,0,0,11,11,11,10,10,,1
5230,  5/24/2022 3:13,3,1,Control,0,0,0,0,0,,3,1,44,1,3,1,1,1,1,6,1,6,4,1,1,0,0,0,11,11,11,11,11,0,0
5231,  5/24/2022 1:03,3,1,Control,0,0,0,0,0,,5,1,32,1,2,0,1,1,1,5,1,11,8,0,1,0,1,1,6,8,7,11,11,0,0
5232,  5/25/2022 6:46,3,1,Trust_promise,1,0,0,0,0,1,5,0,37,0,2,0,1,1,1,1,1,11,9,1,0,0,1,1,11,11,11,11,11,1,0
5233, 5/24/2022 11:21,3,1,Trust,0,1,0,0,0,,4,1,36,1,2,0,1,1,0,8,11,9,6,1,1,1,0,0,5,9,10,7,9,,0
5234, 5/24/2022 12:30,3,1,Promise,0,0,1,0,0,1,5,1,23,1,3,1,3,0,0,6,9,11,3,0,1,1,1,0,8,7,7,4,5,1,0
5235,  5/24/2022 3:33,3,1,Default_yes,0,0,0,1,0,1,5,1,34,0,2,0,1,1,0,7,7,8,6,0,1,1,0,0,10,11,9,11,11,,1
5236,  5/24/2022 3:13,3,1,Trust,0,1,0,0,0,,6,1,34,0,5,1,1,1,1,1,1,9,9,0,0,0,0,1,11,11,11,9,10,,0
5237,  5/24/2022 1:47,3,1,Control,0,0,0,0,0,,6,1,51,1,2,0,3,0,0,6,1,8,3,1,1,0,0,0,11,11,11,11,11,0,0
5238,  5/24/2022 1:24,3,1,Default_yes,0,0,0,1,0,1,1,1,55,1,2,0,2,1,0,11,11,11,1,1,1,1,1,0,11,11,11,11,11,,1
5239,  5/24/2022 1:19,3,1,Trust_promise,1,0,0,0,0,1,3,1,21,1,2,0,2,1,0,1,8,11,8,0,0,1,1,1,11,10,11,11,10,1,0
5240,  5/24/2022 1:21,3,1,Default_yes,0,0,0,1,0,1,6,0,43,0,3,1,1,1,0,10,11,11,4,1,1,1,1,0,7,10,9,8,9,,1
5241, 5/24/2022 11:56,3,1,Promise,0,0,1,0,0,1,2,1,49,1,3,1,3,0,0,1,1,11,9,1,0,0,1,1,11,11,11,11,9,1,0
5242,  5/25/2022 9:18,3,1,Promise,0,0,1,0,0,1,5,1,21,0,3,1,1,1,1,9,11,10,7,0,1,1,0,0,10,11,10,10,10,1,0
5243,  5/24/2022 1:29,3,1,Default_yes,0,0,0,1,0,1,6,0,69,1,3,1,3,0,0,11,3,9,4,1,1,0,0,0,6,6,9,1,9,,1
5244, 5/24/2022 12:19,3,1,Trust,0,1,0,0,0,,2,0,49,0,3,1,1,1,1,1,1,11,8,1,0,0,1,1,11,11,11,11,11,,0
5245, 5/24/2022 11:41,3,1,Control,0,0,0,0,0,,4,1,29,0,2,0,3,0,0,11,11,11,1,0,1,1,1,0,11,11,11,1,11,0,0
5246, 5/24/2022 11:44,3,1,Trust_promise,1,0,0,0,0,1,6,0,46,0,2,0,1,1,0,6,11,11,3,1,1,1,1,0,11,11,11,11,11,1,0
5247,  5/24/2022 2:13,3,1,Default_yes,0,0,0,1,0,1,1,0,22,1,2,0,1,1,0,2,7,11,5,0,0,1,1,0,9,11,11,10,6,,1
5248,  5/24/2022 3:24,3,1,Trust_promise,1,0,0,0,0,1,4,1,21,1,2,0,2,1,0,3,5,10,6,0,0,0,0,0,11,11,11,11,11,1,0
5249,  5/24/2022 3:01,3,1,Trust_promise,1,0,0,0,0,1,6,0,23,1,3,1,2,1,0,2,10,9,6,0,0,1,0,0,11,11,10,3,8,1,0
5250,  5/24/2022 1:52,3,1,Trust_promise,1,0,0,0,0,1,2,0,25,0,2,0,3,0,0,2,1,7,5,0,0,0,0,0,10,11,11,10,10,1,0
5251,  5/24/2022 5:00,3,1,Trust_promise,1,0,0,0,0,1,6,1,35,0,2,0,2,1,1,6,3,9,5,1,1,0,0,0,11,11,11,11,11,1,0
5252, 5/24/2022 12:16,3,1,Default_yes,0,0,0,1,0,1,2,1,40,0,4,1,1,1,0,1,1,10,7,1,0,0,0,0,4,3,3,2,2,,1
5253, 5/24/2022 11:34,3,1,Default_yes,0,0,0,1,0,1,6,1,60,0,2,0,1,1,0,11,1,11,3,1,1,0,1,0,10,11,11,11,11,,1
5254,  5/24/2022 5:00,3,1,Default_no,0,0,0,0,1,1,3,0,29,0,3,1,1,1,1,3,1,7,7,0,0,0,0,0,9,10,10,10,10,,1
5255,  5/24/2022 1:00,3,1,Default_yes,0,0,0,1,0,1,1,1,47,0,4,1,1,1,1,6,4,10,3,1,1,0,0,0,3,9,9,4,9,,1
5256, 5/24/2022 12:57,3,1,Control,0,0,0,0,0,,1,0,65,1,3,1,1,1,0,6,10,11,10,1,1,1,1,1,2,11,11,11,11,0,0
5257,  5/24/2022 2:56,3,1,Default_yes,0,0,0,1,0,1,1,0,20,0,3,1,1,1,1,6,9,9,8,0,1,1,0,1,8,8,8,5,5,,1
5258,  5/24/2022 1:21,3,1,Trust_promise,1,0,0,0,0,1,1,0,41,0,4,1,1,1,1,7,11,10,7,1,1,1,0,0,9,10,11,11,10,1,0
5259, 5/24/2022 11:46,3,1,Default_yes,0,0,0,1,0,1,2,1,28,0,4,1,2,1,1,6,4,7,5,0,1,0,0,0,11,11,11,11,11,,1
5260, 5/24/2022 12:15,3,1,Default_no,0,0,0,0,1,1,2,1,42,1,2,0,2,1,1,6,11,9,7,1,1,1,0,0,11,11,11,11,11,,1
5261,  5/24/2022 3:27,3,1,Trust_promise,1,0,0,0,0,1,1,0,27,1,3,1,1,1,0,1,9,10,8,0,0,1,0,1,11,11,11,11,11,1,0
5262,  5/24/2022 3:07,3,1,Trust,0,1,0,0,0,,6,1,29,1,2,0,3,0,0,1,1,9,6,0,0,0,0,0,8,8,8,8,8,,0
5263,  5/24/2022 4:28,3,1,Default_yes,0,0,0,1,0,1,5,1,34,1,5,1,2,1,1,8,11,11,4,0,1,1,1,0,11,9,9,6,9,,1
5264, 5/24/2022 12:17,3,1,Trust_promise,1,0,0,0,0,1,3,0,33,1,3,1,1,1,1,1,3,9,7,0,0,0,0,0,11,11,11,11,11,1,0
5265, 5/25/2022 11:04,3,1,Default_yes,0,0,0,1,0,1,1,1,34,0,3,1,1,1,1,10,8,9,7,0,1,1,0,0,9,8,7,6,9,,1
5266,  5/24/2022 8:01,3,1,Control,0,0,0,0,0,,6,0,24,1,3,1,2,1,1,6,7,10,10,0,1,1,0,1,11,11,11,10,11,0,0
5267,  5/24/2022 1:08,3,1,Trust,0,1,0,0,0,,5,1,28,1,1,0,3,0,0,1,2,11,8,0,0,0,1,1,11,7,5,4,5,,0
5268,  5/24/2022 1:24,3,1,Promise,0,0,1,0,0,1,5,1,22,1,2,0,2,1,0,1,1,9,6,0,0,0,0,0,11,11,11,9,11,1,0
5269, 5/24/2022 10:42,3,1,Promise,0,0,1,0,0,1,1,0,29,0,4,1,2,1,1,5,2,10,8,0,1,0,0,1,9,9,10,9,8,1,0
5270,  5/24/2022 6:39,3,1,Trust_promise,1,0,0,0,0,1,2,0,39,1,3,1,3,0,0,2,2,11,6,1,0,0,1,0,5,7,8,8,2,1,0
5271,  5/24/2022 6:49,3,1,Promise,0,0,1,0,0,1,5,0,21,1,3,1,3,0,0,1,2,10,6,0,0,0,0,0,11,11,11,11,7,1,0
5272, 5/24/2022 12:06,3,1,Trust_promise,1,0,0,0,0,1,3,0,29,1,3,1,2,1,0,2,2,8,8,0,0,0,0,1,9,9,9,6,7,1,0
5273,  5/24/2022 3:38,3,1,Default_no,0,0,0,0,1,1,4,1,34,0,3,1,3,0,0,1,1,11,8,0,0,0,1,1,10,10,10,10,10,,1
5274, 5/24/2022 11:31,3,1,Trust_promise,1,0,0,0,0,1,6,0,27,0,2,0,2,1,0,6,11,11,6,0,1,1,1,0,11,11,11,6,11,1,0
5275,  5/24/2022 6:35,3,1,Default_yes,0,0,0,1,0,1,3,0,56,1,3,1,1,1,0,3,9,8,5,1,0,1,0,0,7,8,9,3,5,,1
5276,  5/24/2022 4:25,3,1,Trust,0,1,0,0,0,,3,1,49,0,3,1,1,1,1,5,2,10,9,1,1,0,0,1,8,11,11,11,11,,0
5277, 5/24/2022 11:52,3,1,Default_no,0,0,0,0,1,1,4,0,44,0,1,0,1,1,1,5,9,9,8,1,1,1,0,1,9,10,11,11,11,,1
5278,  5/24/2022 2:23,3,1,Default_no,0,0,0,0,1,1,6,1,41,1,2,0,1,1,0,1,6,9,6,1,0,1,0,0,11,11,11,11,11,,1
5279,  5/24/2022 4:52,3,1,Default_no,0,0,0,0,1,1,4,0,52,1,3,1,2,1,0,2,11,9,8,1,0,1,0,1,11,11,11,11,11,,1
5280, 5/24/2022 12:23,3,1,Default_no,0,0,0,0,1,1,1,0,32,0,3,1,1,1,0,5,2,8,8,0,1,0,0,1,11,11,11,11,11,,1
5281, 5/24/2022 12:49,3,1,Default_no,0,0,0,0,1,1,5,0,32,1,3,1,1,1,1,2,1,8,7,0,0,0,0,0,9,9,11,9,9,,1
5282,  5/24/2022 4:08,3,1,Default_no,0,0,0,0,1,1,5,0,58,0,3,1,1,1,0,11,6,9,2,1,1,1,0,0,10,11,11,11,9,,1
5283,  5/24/2022 8:18,3,1,Default_no,0,0,0,0,1,1,5,0,66,0,3,1,1,1,0,9,11,11,5,1,1,1,1,0,11,11,11,11,11,,1
5284, 5/24/2022 12:21,3,1,Trust_promise,1,0,0,0,0,1,4,1,53,1,4,1,1,1,0,2,1,6,5,1,0,0,0,0,11,11,11,11,6,1,0
5285, 5/25/2022 12:17,3,1,Default_no,0,0,0,0,1,1,2,1,25,0,3,1,1,1,0,6,3,8,8,0,1,0,0,1,6,8,6,4,7,,1
5286,  5/24/2022 1:40,3,1,Trust_promise,1,0,0,0,0,1,1,0,41,1,2,0,1,1,1,6,8,9,8,1,1,1,0,1,11,11,11,11,11,1,0
5287,  5/24/2022 6:52,3,1,Trust,0,1,0,0,0,,2,1,43,1,3,1,1,1,1,5,8,9,8,1,1,1,0,1,8,8,8,5,8,,0
5288, 5/25/2022 10:45,3,1,Trust_promise,1,0,0,0,0,1,6,0,23,0,2,0,1,1,0,2,1,6,6,0,0,0,0,0,1,11,11,1,2,1,0
5289,  5/24/2022 4:02,3,1,Control,0,0,0,0,0,,1,0,29,1,3,1,1,1,0,9,9,11,8,0,1,1,1,1,11,8,11,7,6,0,0
5290,  5/24/2022 2:38,3,1,Default_yes,0,0,0,1,0,1,3,1,47,1,3,1,1,1,1,6,11,9,9,1,1,1,0,1,9,9,9,9,9,,1
5291,  5/24/2022 2:29,3,1,Trust,0,1,0,0,0,,4,0,60,1,3,1,1,1,1,1,1,11,6,1,0,0,1,0,6,6,6,2,6,,0
5292,  5/24/2022 4:46,3,1,Trust_promise,1,0,0,0,0,1,4,0,52,0,3,1,1,1,1,1,1,11,9,1,0,0,1,1,6,6,9,6,6,1,0
5293,  5/24/2022 1:12,3,1,Default_no,0,0,0,0,1,1,3,1,55,1,2,0,3,0,0,8,11,11,1,1,1,1,1,0,11,11,11,11,11,,1
5294, 5/24/2022 12:24,3,1,Default_yes,0,0,0,1,0,1,5,0,40,0,2,0,1,1,1,3,5,11,9,1,0,0,1,1,11,11,11,1,11,,1
5295,  5/24/2022 6:38,3,1,Trust_promise,1,0,0,0,0,1,6,0,31,1,5,1,1,1,1,6,7,7,6,0,1,1,0,0,8,6,6,9,7,1,0
5296, 5/24/2022 11:14,3,1,Default_no,0,0,0,0,1,1,4,0,37,1,3,1,1,1,0,1,1,6,5,1,0,0,0,0,11,11,11,11,6,,1
5297,  5/24/2022 1:57,3,1,Promise,0,0,1,0,0,1,3,1,36,0,3,1,1,1,1,1,1,5,4,1,0,0,0,0,11,11,11,11,11,1,0
5298,  5/24/2022 1:45,3,1,Trust,0,1,0,0,0,,4,0,69,1,2,0,3,0,0,3,2,9,7,1,0,0,0,0,11,11,11,11,6,,0
5299,  5/25/2022 9:23,3,1,Default_yes,0,0,0,1,0,1,4,1,22,0,2,0,2,1,0,1,2,10,9,0,0,0,0,1,11,11,11,9,10,,1
5300,  5/24/2022 7:00,3,1,Default_no,0,0,0,0,1,1,1,0,32,1,4,1,1,1,0,6,11,11,1,0,1,1,1,0,11,11,11,11,11,,1
5301,  5/24/2022 2:32,3,1,Trust_promise,1,0,0,0,0,1,2,0,41,1,3,1,2,1,1,2,1,10,9,1,0,0,0,1,11,11,11,11,11,1,0
5302,  5/24/2022 5:23,3,1,Trust,0,1,0,0,0,,4,1,36,0,2,0,1,1,1,1,9,9,5,1,0,1,0,0,11,11,11,11,11,,0
5303,  5/24/2022 2:04,3,1,Trust_promise,1,0,0,0,0,1,5,1,37,0,3,1,1,1,0,1,1,11,9,1,0,0,1,1,11,11,11,9,11,1,0
5304,  5/24/2022 6:10,3,1,Trust_promise,1,0,0,0,0,1,1,1,39,0,3,1,2,1,1,7,9,9,5,1,1,1,0,0,6,7,9,4,9,1,0
5305,  5/24/2022 1:25,3,1,Control,0,0,0,0,0,,3,1,28,0,2,0,1,1,1,5,1,10,7,0,1,0,0,0,10,10,11,10,10,0,0
5306, 5/24/2022 10:46,3,1,Trust_promise,1,0,0,0,0,1,5,1,22,0,3,1,2,1,0,6,11,11,1,0,1,1,1,0,11,11,11,6,6,1,0
5307,  5/24/2022 7:18,3,1,Trust_promise,1,0,0,0,0,1,1,0,38,1,2,0,1,1,0,6,1,8,6,1,1,0,0,0,11,11,11,4,6,1,0
5308,  5/24/2022 1:31,3,1,Trust_promise,1,0,0,0,0,1,4,0,40,1,4,1,2,1,1,2,10,11,5,1,0,1,1,0,11,11,11,1,6,1,0
5309, 5/24/2022 12:48,3,1,Default_no,0,0,0,0,1,1,5,1,68,0,3,1,1,1,1,3,1,9,9,1,0,0,0,1,11,11,11,11,11,,1
5310, 5/24/2022 12:25,3,1,Promise,0,0,1,0,0,1,6,0,61,1,3,1,1,1,1,2,3,10,6,1,0,0,0,0,6,7,8,4,5,1,0
5311,  5/24/2022 1:20,3,1,Trust_promise,1,0,0,0,0,1,3,0,20,0,2,0,3,0,0,9,11,5,1,0,1,1,0,0,8,10,8,9,8,1,0
5312,  5/24/2022 2:07,3,1,Trust,0,1,0,0,0,,5,0,43,1,2,0,2,1,1,2,8,11,2,1,0,1,1,0,11,11,11,11,11,,0
5313,  5/24/2022 3:49,3,1,Default_yes,0,0,0,1,0,1,2,0,42,0,3,1,1,1,1,5,11,8,4,1,1,1,0,0,6,9,9,2,6,,1
5314, 5/24/2022 12:31,3,1,Trust,0,1,0,0,0,,2,1,34,0,3,1,2,1,0,1,1,2,1,0,0,0,0,0,11,11,11,11,11,,0
5315, 5/24/2022 12:34,3,1,Promise,0,0,1,0,0,1,4,1,39,0,3,1,1,1,1,7,1,1,5,1,1,0,0,0,11,2,2,2,3,1,0
5316, 5/24/2022 11:44,3,1,Promise,0,0,1,0,0,1,6,0,51,0,4,1,1,1,1,1,1,7,3,1,0,0,0,0,11,11,11,11,11,1,0
5317,  5/24/2022 5:39,3,1,Trust,0,1,0,0,0,,2,1,43,0,2,0,2,1,0,8,6,11,6,1,1,1,1,0,11,11,11,11,11,,0
5318, 5/24/2022 12:00,3,1,Control,0,0,0,0,0,,4,1,61,0,3,1,1,1,1,1,1,6,6,1,0,0,0,0,6,1,1,1,1,0,0
5319,  5/24/2022 3:35,3,1,Promise,0,0,1,0,0,1,1,1,21,1,3,1,2,1,0,3,6,6,8,0,0,1,0,1,6,9,10,9,5,1,0
5320, 5/24/2022 12:16,3,1,Default_no,0,0,0,0,1,1,1,1,26,0,3,1,3,0,0,1,1,11,3,0,0,0,1,0,11,7,6,3,2,,1
5321,  5/24/2022 4:00,3,1,Default_yes,0,0,0,1,0,1,3,1,24,1,3,1,1,1,1,6,7,11,3,0,1,1,1,0,10,10,10,3,9,,1
5322, 5/24/2022 12:45,3,1,Trust,0,1,0,0,0,,3,0,28,1,2,0,3,0,0,11,11,11,8,0,1,1,1,1,11,11,11,11,11,,0
5323, 5/24/2022 10:53,3,1,Trust_promise,1,0,0,0,0,1,3,0,35,0,2,0,1,1,0,2,2,11,9,1,0,0,1,1,11,11,11,11,11,1,0
5324,  5/24/2022 1:15,3,1,Control,0,0,0,0,0,,2,1,20,1,2,0,1,1,0,1,10,10,2,0,0,1,0,0,11,11,11,11,11,0,0
5325,  5/24/2022 3:54,3,1,Promise,0,0,1,0,0,1,5,1,35,0,3,1,3,0,0,1,6,11,4,1,0,1,1,0,6,11,11,11,9,1,0
5326, 5/24/2022 10:05,3,1,Promise,0,0,1,0,0,1,4,1,30,0,3,1,1,1,1,6,1,11,11,0,1,0,1,1,10,10,11,11,6,1,0
5327, 5/24/2022 11:51,3,1,Promise,0,0,1,0,0,1,6,1,34,0,2,0,1,1,0,6,1,9,5,0,1,0,0,0,11,11,11,9,11,1,0
5328, 5/24/2022 12:37,3,1,Trust,0,1,0,0,0,,3,0,35,0,2,0,1,1,0,3,1,11,3,1,0,0,1,0,7,9,10,8,6,,0
5329, 5/24/2022 12:43,3,1,Control,0,0,0,0,0,,1,0,41,0,2,0,3,0,0,1,1,10,6,1,0,0,0,0,6,11,11,11,8,0,0
5330,  5/24/2022 3:15,3,1,Trust,0,1,0,0,0,,3,1,40,1,3,1,1,1,1,8,11,6,3,1,1,1,0,0,11,11,11,6,11,,0
5331, 5/24/2022 12:32,3,1,Default_yes,0,0,0,1,0,1,6,1,23,1,3,1,3,0,0,8,6,10,7,0,1,1,0,0,11,11,11,9,10,,1
5332,  5/24/2022 6:46,3,1,Default_no,0,0,0,0,1,1,6,0,74,0,3,1,3,0,0,8,11,11,7,1,1,1,1,0,10,11,11,9,11,,1
5333,  5/24/2022 2:56,3,1,Default_yes,0,0,0,1,0,1,4,0,31,0,2,0,2,1,1,1,1,11,6,0,0,0,1,0,11,11,11,11,11,,1
5334,  5/24/2022 4:50,3,1,Default_no,0,0,0,0,1,1,3,1,39,1,3,1,2,1,0,3,11,7,8,1,0,1,0,1,6,10,10,9,10,,1
5335,  5/24/2022 5:34,3,1,Control,0,0,0,0,0,,1,1,20,0,2,0,3,0,0,1,2,11,6,0,0,0,1,0,1,6,8,6,3,0,0
5336,  5/24/2022 1:54,3,1,Trust_promise,1,0,0,0,0,1,5,0,31,1,2,0,2,1,0,6,2,8,5,0,1,0,0,0,10,10,10,9,9,1,0
5337, 5/24/2022 11:26,3,1,Control,0,0,0,0,0,,6,0,60,0,3,1,1,1,1,3,1,11,7,1,0,0,1,0,9,8,8,7,8,0,0
5338, 5/24/2022 11:51,3,1,Promise,0,0,1,0,0,1,5,1,67,0,2,0,3,0,1,8,11,10,2,1,1,1,0,0,11,11,11,10,11,1,0
5339,  5/24/2022 9:56,3,1,Promise,0,0,1,0,0,1,1,0,21,0,2,0,2,1,0,6,8,9,8,0,1,1,0,1,11,11,11,11,11,1,0
5340,  5/24/2022 4:12,3,1,Control,0,0,0,0,0,,6,0,47,1,2,0,3,0,0,6,11,11,6,1,1,1,1,0,11,11,11,7,11,0,0
5341,  5/24/2022 7:37,3,1,Trust_promise,1,0,0,0,0,1,2,1,36,1,2,0,3,0,0,6,1,11,9,1,1,0,1,1,11,11,11,11,11,1,0
5342,  5/24/2022 2:31,3,1,Default_yes,0,0,0,1,0,1,3,1,23,0,3,1,1,1,0,3,11,10,9,0,0,1,0,1,11,11,11,10,11,,1
5343, 5/24/2022 11:18,3,1,Default_no,0,0,0,0,1,1,5,0,29,0,3,1,1,1,1,6,7,11,4,0,1,1,1,0,11,11,11,11,11,,1
5344,  5/24/2022 4:40,3,1,Promise,0,0,1,0,0,1,3,1,21,1,4,1,2,1,0,5,10,8,5,0,1,1,0,0,11,10,11,11,9,1,0
5345,  5/24/2022 2:27,3,1,Default_no,0,0,0,0,1,1,6,1,39,0,3,1,1,1,1,5,7,9,9,1,1,1,0,1,11,11,11,10,10,,1
5346, 5/24/2022 11:16,3,1,Control,0,0,0,0,0,,1,1,30,0,2,0,3,0,0,3,6,9,5,0,0,1,0,0,1,1,1,1,11,0,0
5347,  5/25/2022 9:20,3,1,Trust,0,1,0,0,0,,1,0,35,0,3,1,1,1,1,3,1,11,8,1,0,0,1,1,11,11,11,11,11,,0
5348, 5/24/2022 12:04,3,1,Control,0,0,0,0,0,,1,0,45,0,2,0,1,1,1,6,11,9,4,1,1,1,0,0,11,11,11,11,11,0,0
5349,  5/24/2022 3:30,3,1,Trust,0,1,0,0,0,,5,1,59,0,3,1,1,1,1,6,6,6,1,1,1,1,0,0,11,11,11,11,11,,0
5350, 5/24/2022 12:17,3,1,Promise,0,0,1,0,0,1,6,1,35,0,4,1,1,1,1,3,11,11,4,1,0,1,1,0,11,11,11,11,11,1,0
5351,  5/24/2022 2:51,3,1,Default_yes,0,0,0,1,0,1,1,1,24,0,3,1,1,1,0,2,1,9,7,0,0,0,0,0,8,8,9,9,8,,1
5352,  5/24/2022 2:28,3,1,Default_yes,0,0,0,1,0,1,6,1,52,0,3,1,2,1,1,3,3,8,7,1,0,0,0,0,11,11,10,11,7,,1
5353, 5/24/2022 11:29,3,1,Trust,0,1,0,0,0,,5,1,19,1,2,0,3,0,0,2,9,10,8,0,0,1,0,1,9,9,10,8,3,,0
5354, 5/24/2022 12:16,3,1,Control,0,0,0,0,0,,5,0,21,1,2,0,2,1,0,6,11,11,9,0,1,1,1,1,11,11,11,11,11,0,0
5355,  5/24/2022 3:39,3,1,Trust_promise,1,0,0,0,0,1,3,1,23,1,2,0,2,1,0,1,11,11,8,0,0,1,1,1,11,11,11,11,11,1,0
5356,  5/24/2022 2:17,3,1,Control,0,0,0,0,0,,4,0,36,1,1,0,3,0,0,6,7,9,7,1,1,1,0,0,1,8,9,8,4,0,0
5357,  5/24/2022 3:46,3,1,Trust_promise,1,0,0,0,0,1,3,0,18,1,2,0,3,0,0,4,9,9,8,0,0,1,0,1,8,8,8,7,9,1,0
5358,  5/24/2022 2:25,3,1,Default_yes,0,0,0,1,0,1,2,0,38,0,2,0,1,1,1,1,1,6,4,1,0,0,0,0,11,11,11,11,11,,1
5359, 5/24/2022 12:31,3,1,Control,0,0,0,0,0,,2,0,44,0,3,1,1,1,1,4,10,9,8,1,0,1,0,1,10,10,11,9,11,0,0
5360, 5/24/2022 12:40,3,1,Trust,0,1,0,0,0,,6,0,66,0,5,1,1,1,0,3,1,11,8,1,0,0,1,1,6,11,11,6,6,,0
5361,  5/24/2022 5:14,3,1,Trust_promise,1,0,0,0,0,1,2,0,30,1,2,0,2,1,0,7,9,7,8,0,1,1,0,1,8,7,7,9,6,1,0
5362, 5/24/2022 10:41,3,1,Promise,0,0,1,0,0,1,6,1,19,1,2,0,2,1,0,8,11,8,9,0,1,1,0,1,10,10,10,11,10,1,0
5363,  5/24/2022 6:31,3,1,Promise,0,0,1,0,0,1,6,0,18,1,2,0,3,0,0,1,6,11,7,0,0,1,1,0,6,8,8,3,3,1,0
5364,  5/24/2022 7:25,3,1,Promise,0,0,1,0,0,1,5,0,32,0,3,1,1,1,1,5,1,8,4,0,1,0,0,0,8,8,11,11,9,1,0
5365,  5/24/2022 1:01,3,1,Promise,0,0,1,0,0,1,5,0,39,0,3,1,2,1,1,6,9,11,9,1,1,1,1,1,11,11,11,9,11,1,0
5366,  5/24/2022 3:24,3,1,Default_yes,0,0,0,1,0,1,1,1,57,1,1,0,1,1,1,11,11,11,4,1,1,1,1,0,11,11,11,11,11,,1
5367, 5/24/2022 11:26,3,1,Control,0,0,0,0,0,,1,1,19,0,2,0,3,0,0,1,3,11,6,0,0,0,1,0,11,11,11,11,11,0,0
5368,  5/24/2022 3:07,3,1,Trust_promise,1,0,0,0,0,1,4,1,21,1,2,0,1,1,0,8,9,11,6,0,1,1,1,0,3,7,8,9,6,1,0
5369,  5/24/2022 1:42,3,1,Promise,0,0,1,0,0,1,1,0,41,1,4,1,1,1,0,1,1,7,7,1,0,0,0,0,9,9,9,4,9,1,0
5370,  5/24/2022 6:15,3,1,Trust_promise,1,0,0,0,0,1,2,0,21,1,2,0,1,1,0,6,9,10,6,0,1,1,0,0,1,8,9,7,4,1,0
5371,  5/24/2022 2:18,3,1,Default_yes,0,0,0,1,0,1,1,1,27,0,2,0,3,0,0,2,1,8,1,0,0,0,0,0,10,5,3,7,2,,1
5372,  5/24/2022 6:16,3,1,Promise,0,0,1,0,0,1,1,0,27,0,2,0,3,0,0,2,3,7,5,0,0,0,0,0,7,10,8,8,7,1,0
5373, 5/25/2022 10:47,3,1,Default_yes,0,0,0,1,0,1,3,1,40,0,2,0,1,1,1,9,10,9,6,1,1,1,0,0,11,11,11,11,11,,1
5374, 5/24/2022 12:50,3,1,Promise,0,0,1,0,0,1,3,1,54,0,3,1,1,1,1,6,1,10,5,1,1,0,0,0,9,9,9,6,6,1,0
5375,  5/24/2022 1:52,3,1,Trust_promise,1,0,0,0,0,1,5,0,19,0,2,0,2,1,0,5,1,11,2,0,1,0,1,0,8,5,7,8,5,1,0
5376, 5/24/2022 12:35,3,1,Default_yes,0,0,0,1,0,1,4,1,43,1,3,1,1,1,0,2,11,11,8,1,0,1,1,1,11,11,11,11,1,,1
5377, 5/24/2022 10:42,3,1,Trust,0,1,0,0,0,,2,1,39,1,3,1,2,1,0,5,11,9,6,1,1,1,0,0,11,11,11,11,11,,0
5378, 5/24/2022 11:58,3,1,Control,0,0,0,0,0,,1,0,23,1,2,0,2,1,0,3,3,8,6,0,0,0,0,0,9,11,9,10,11,0,0
5379,  5/24/2022 4:45,3,1,Default_yes,0,0,0,1,0,1,3,1,63,1,2,0,3,0,0,3,6,10,9,1,0,1,0,1,9,11,11,11,9,,1
5380,  5/24/2022 9:45,3,1,Trust,0,1,0,0,0,,4,1,75,0,2,0,3,0,0,5,1,9,5,1,1,0,0,0,6,10,10,6,6,,0
5381,  5/24/2022 2:27,3,1,Trust,0,1,0,0,0,,1,0,52,1,3,1,1,1,1,1,6,11,6,1,0,1,1,0,11,11,11,11,11,,0
5382, 5/24/2022 12:42,3,1,Default_no,0,0,0,0,1,1,6,0,45,0,2,0,1,1,0,8,11,11,9,1,1,1,1,1,11,11,11,11,1,,1
5383, 5/24/2022 12:21,3,1,Default_no,0,0,0,0,1,1,4,0,23,0,2,0,2,1,0,1,1,10,6,0,0,0,0,0,11,11,11,11,11,,1
5384,  5/24/2022 3:33,3,1,Trust_promise,1,0,0,0,0,1,4,1,57,1,4,1,1,1,1,3,4,8,8,1,0,0,0,1,11,11,11,11,9,1,0
5385, 5/24/2022 12:44,3,1,Default_yes,0,0,0,1,0,1,2,0,35,1,2,0,1,1,1,1,1,11,11,1,0,0,1,1,11,11,11,3,7,,1
5386,  5/24/2022 2:15,3,1,Promise,0,0,1,0,0,1,6,0,21,0,3,1,3,0,0,6,11,9,9,0,1,1,0,1,11,11,11,11,11,1,0
5387,  5/24/2022 5:52,3,1,Control,0,0,0,0,0,,1,0,42,1,4,1,2,1,0,2,11,11,5,1,0,1,1,0,11,11,11,9,10,0,0
5388, 5/24/2022 12:04,3,1,Trust,0,1,0,0,0,,3,0,41,1,2,0,1,1,0,6,1,9,4,1,1,0,0,0,7,8,6,3,7,,0
5389,  5/24/2022 3:07,3,1,Trust,0,1,0,0,0,,3,0,33,1,2,0,1,1,0,3,8,10,8,0,0,1,0,1,11,11,11,4,11,,0
5390, 5/24/2022 12:40,3,1,Default_yes,0,0,0,1,0,1,3,0,44,0,4,1,1,1,1,7,11,8,7,1,1,1,0,0,11,11,11,11,9,,1
5391,  5/24/2022 1:36,3,1,Trust,0,1,0,0,0,,6,1,31,1,3,1,2,1,1,11,11,11,7,0,1,1,1,0,11,11,11,11,11,,0
5392, 5/24/2022 11:18,3,1,Default_no,0,0,0,0,1,1,2,0,29,1,2,0,2,1,0,1,3,8,9,0,0,0,0,1,11,9,11,9,8,,1
5393, 5/24/2022 12:09,3,1,Default_yes,0,0,0,1,0,1,3,0,22,0,2,0,3,0,0,5,1,10,8,0,1,0,0,1,8,9,10,11,9,,1
5394,  5/24/2022 6:24,3,1,Control,0,0,0,0,0,,6,0,31,1,4,1,1,1,1,2,1,8,7,0,0,0,0,0,9,7,8,9,9,0,0
5395,  5/24/2022 1:58,3,1,Control,0,0,0,0,0,,4,0,40,1,3,1,2,1,0,3,6,8,5,1,0,1,0,0,11,11,11,4,9,0,0
5396, 5/24/2022 10:58,3,1,Promise,0,0,1,0,0,1,1,0,42,1,2,0,3,0,1,6,8,8,4,1,1,1,0,0,11,11,11,9,4,1,0
5397,  5/24/2022 5:16,3,1,Promise,0,0,1,0,0,1,3,0,63,0,4,1,3,0,1,9,2,10,9,1,1,0,0,1,11,9,11,9,8,1,0
5398, 5/24/2022 11:33,3,1,Default_no,0,0,0,0,1,1,2,0,23,1,3,1,1,1,0,2,6,9,9,0,0,1,0,1,7,8,7,5,4,,1
5399, 5/24/2022 12:54,3,1,Trust_promise,1,0,0,0,0,1,6,0,48,1,1,0,2,1,0,6,11,11,8,1,1,1,1,1,11,11,11,6,11,1,0
5400, 5/24/2022 12:37,3,1,Promise,0,0,1,0,0,1,5,1,23,1,3,1,1,1,0,8,11,11,5,0,1,1,1,0,8,11,11,5,9,1,0
5401, 5/25/2022 12:55,3,1,Trust,0,1,0,0,0,,3,1,56,0,2,0,1,1,1,4,6,11,8,1,0,1,1,1,11,11,11,11,11,,0
5402, 5/24/2022 12:53,3,1,Default_yes,0,0,0,1,0,1,6,0,24,1,3,1,1,1,0,2,2,9,3,0,0,0,0,0,11,11,11,11,10,,1
5403,  5/24/2022 4:08,3,1,Trust_promise,1,0,0,0,0,1,5,1,19,1,2,0,1,1,0,4,9,11,7,0,0,1,1,0,10,10,11,11,11,1,0
5404,  5/24/2022 4:38,3,1,Default_no,0,0,0,0,1,1,4,0,39,0,2,0,1,1,1,11,11,8,9,1,1,1,0,1,11,10,11,11,11,,1
5405,  5/24/2022 3:15,3,1,Control,0,0,0,0,0,,3,0,45,0,4,1,1,1,1,8,7,8,7,1,1,1,0,0,8,8,9,6,9,0,0
5406, 5/24/2022 12:40,3,1,Default_yes,0,0,0,1,0,1,3,1,32,1,3,1,1,1,0,1,1,11,9,0,0,0,1,1,6,11,11,1,1,,1
5407,  5/24/2022 3:01,3,1,Default_no,0,0,0,0,1,1,2,1,36,1,4,1,2,1,0,6,10,9,4,1,1,1,0,0,10,9,10,10,11,,1
5408,  5/24/2022 7:20,3,1,Promise,0,0,1,0,0,1,1,0,34,1,3,1,2,1,1,4,5,8,8,0,0,0,0,1,8,10,10,10,10,1,0
5409,  5/24/2022 6:30,3,1,Trust_promise,1,0,0,0,0,1,2,0,31,1,4,1,1,1,1,2,8,7,6,0,0,1,0,0,11,11,11,9,11,1,0
5410,  5/24/2022 3:21,3,1,Trust_promise,1,0,0,0,0,1,1,0,21,0,2,0,1,1,0,3,7,9,6,0,0,1,0,0,10,10,10,10,10,1,0
5411,  5/24/2022 9:47,3,1,Default_no,0,0,0,0,1,1,6,1,29,0,3,1,1,1,0,3,4,10,4,0,0,0,0,0,9,9,8,9,7,,1
5412,  5/25/2022 7:56,3,1,Control,0,0,0,0,0,,4,1,49,0,3,1,1,1,0,6,2,8,4,1,1,0,0,0,11,11,11,11,6,0,0
5413,  5/24/2022 2:47,3,1,Trust_promise,1,0,0,0,0,1,4,1,24,1,3,1,2,1,0,1,6,7,8,0,0,1,0,1,11,11,11,11,11,1,0
5414,  5/24/2022 6:47,3,1,Promise,0,0,1,0,0,1,2,1,22,0,2,0,1,1,0,2,3,9,6,0,0,0,0,0,10,11,10,8,9,1,0
5415, 5/24/2022 11:23,3,1,Default_yes,0,0,0,1,0,1,2,0,31,1,4,1,1,1,1,2,3,9,9,0,0,0,0,1,8,9,10,9,9,,1
5416,  5/24/2022 3:02,3,1,Control,0,0,0,0,0,,4,0,30,0,2,0,3,0,0,8,11,8,3,0,1,1,0,0,6,9,10,6,9,0,0
5417, 5/24/2022 12:32,3,1,Default_no,0,0,0,0,1,1,3,1,35,0,3,1,1,1,1,2,11,7,7,1,0,1,0,0,8,10,11,6,8,,1
5418, 5/24/2022 12:13,3,1,Default_no,0,0,0,0,1,1,1,0,35,1,2,0,2,1,0,5,6,11,11,1,1,1,1,1,11,11,11,11,6,,1
5419,  5/24/2022 1:11,3,1,Promise,0,0,1,0,0,1,1,0,37,0,5,1,1,1,1,7,3,6,9,1,1,0,0,1,11,11,11,11,11,1,0
5420,  5/24/2022 7:05,3,1,Promise,0,0,1,0,0,1,6,1,33,0,3,1,1,1,1,7,11,11,10,0,1,1,1,1,11,11,11,11,11,1,0
5421,  5/24/2022 3:34,3,1,Default_no,0,0,0,0,1,1,1,1,25,0,2,0,3,0,0,7,11,11,1,0,1,1,1,0,9,11,11,3,3,,1
5422,  5/24/2022 3:21,3,1,Trust_promise,1,0,0,0,0,1,4,0,41,0,3,1,1,1,1,7,1,8,3,1,1,0,0,0,11,10,10,11,11,1,0
5423, 5/24/2022 12:06,3,1,Trust,0,1,0,0,0,,6,1,37,0,1,0,1,1,0,1,1,11,4,1,0,0,1,0,9,8,8,4,1,,0
5424, 5/24/2022 10:31,3,1,Control,0,0,0,0,0,,4,0,67,0,5,1,3,0,1,3,1,11,10,1,0,0,1,1,10,10,11,1,1,0,0
5425,  5/25/2022 8:15,3,1,Trust_promise,1,0,0,0,0,1,1,0,55,0,3,1,1,1,1,3,1,11,8,1,0,0,1,1,11,9,11,3,9,1,0
5426,  5/24/2022 7:25,3,1,Default_yes,0,0,0,1,0,1,2,1,35,1,4,1,2,1,1,4,6,7,6,1,0,1,0,0,9,10,10,9,8,,1
5427, 5/24/2022 11:49,3,1,Trust_promise,1,0,0,0,0,1,5,0,49,0,3,1,1,1,1,1,1,9,10,1,0,0,0,1,9,10,10,8,9,1,0
5428,  5/25/2022 9:01,3,1,Promise,0,0,1,0,0,1,6,1,29,0,4,1,1,1,1,11,11,9,7,0,1,1,0,0,10,7,8,8,9,1,0
5429,  5/24/2022 4:27,3,1,Control,0,0,0,0,0,,2,0,21,1,2,0,1,1,0,2,4,7,9,0,0,0,0,1,8,9,9,9,8,0,0
5430,  5/24/2022 1:04,3,1,Trust_promise,1,0,0,0,0,1,1,0,55,1,2,0,3,0,1,9,11,11,11,1,1,1,1,1,11,11,11,11,11,1,0
5431,  5/24/2022 1:38,3,1,Trust,0,1,0,0,0,,4,0,43,1,4,1,2,1,1,11,11,11,9,1,1,1,1,1,11,11,11,11,11,,0
5432,  5/24/2022 9:48,3,1,Promise,0,0,1,0,0,1,1,0,33,0,3,1,1,1,0,6,8,9,7,0,1,1,0,0,7,11,11,8,9,1,0
5433,  5/24/2022 5:08,3,1,Promise,0,0,1,0,0,1,6,0,22,0,2,0,2,1,0,2,2,11,5,0,0,0,1,0,11,11,11,6,1,1,0
5434,  5/24/2022 7:47,3,1,Default_no,0,0,0,0,1,1,2,1,34,1,2,0,3,0,0,1,1,11,8,0,0,0,1,1,9,8,10,7,6,,1
5435,  5/24/2022 1:15,3,1,Trust,0,1,0,0,0,,2,0,22,1,2,0,3,0,0,1,1,9,7,0,0,0,0,0,7,8,11,11,11,,0
5436, 5/24/2022 10:48,3,1,Promise,0,0,1,0,0,1,6,1,37,0,4,1,2,1,1,3,11,11,9,1,0,1,1,1,11,11,11,1,1,1,0
5437,  5/24/2022 1:18,3,1,Promise,0,0,1,0,0,1,3,1,39,0,3,1,2,1,0,1,1,11,3,1,0,0,1,0,6,6,8,3,9,1,0
5438,  5/24/2022 3:01,3,1,Default_no,0,0,0,0,1,1,6,1,53,0,4,1,1,1,1,1,1,4,7,1,0,0,0,0,9,10,10,9,11,,1
5439, 5/24/2022 12:46,3,1,Default_yes,0,0,0,1,0,1,5,1,39,0,2,0,1,1,1,3,4,8,8,1,0,0,0,1,11,6,11,11,6,,1
5440,  5/24/2022 3:00,3,1,Control,0,0,0,0,0,,4,1,48,1,4,1,1,1,0,3,3,9,9,1,0,0,0,1,11,11,11,11,11,0,0
5441,  5/24/2022 1:06,3,1,Control,0,0,0,0,0,,2,1,48,0,2,0,3,0,0,3,3,6,8,1,0,0,0,1,1,1,11,3,7,0,0
5442,  5/24/2022 9:39,3,1,Trust,0,1,0,0,0,,1,0,73,0,2,0,3,0,1,6,11,11,8,1,1,1,1,1,11,11,11,11,11,,0
5443, 5/24/2022 11:38,3,1,Control,0,0,0,0,0,,3,1,35,0,3,1,1,1,1,1,1,11,7,1,0,0,1,0,10,8,7,2,2,0,0
5444,  5/24/2022 3:43,3,1,Promise,0,0,1,0,0,1,1,0,24,1,3,1,3,0,0,4,3,11,3,0,0,0,1,0,9,10,10,10,9,1,0
5445, 5/24/2022 11:16,3,1,Trust_promise,1,0,0,0,0,1,3,1,21,1,2,0,2,1,0,5,1,9,9,0,1,0,0,1,11,11,10,10,9,1,0
5446,  5/25/2022 3:41,3,1,Default_no,0,0,0,0,1,1,2,1,31,0,2,0,1,1,0,3,3,9,4,0,0,0,0,0,9,10,10,7,10,,1
5447,  5/24/2022 2:32,3,1,Trust_promise,1,0,0,0,0,1,2,0,54,1,4,1,1,1,1,6,1,8,3,1,1,0,0,0,11,11,11,11,11,1,0
5448,  5/24/2022 2:43,3,1,Trust_promise,1,0,0,0,0,1,6,0,39,1,2,0,1,1,0,8,11,9,2,1,1,1,0,0,11,11,11,11,11,1,0
5449,  5/24/2022 3:20,3,1,Promise,0,0,1,0,0,1,5,1,52,0,2,0,2,1,0,10,9,11,6,1,1,1,1,0,11,10,11,11,2,1,0
5450,  5/24/2022 4:14,3,1,Control,0,0,0,0,0,,4,1,24,1,3,1,1,1,1,1,1,11,9,0,0,0,1,1,11,11,11,11,11,0,0
5451,  5/24/2022 3:35,3,1,Control,0,0,0,0,0,,1,1,20,1,2,0,3,0,1,2,2,11,6,0,0,0,1,0,11,11,11,11,11,0,0
5452,  5/24/2022 1:04,3,1,Trust_promise,1,0,0,0,0,1,5,0,23,1,3,1,1,1,0,3,2,10,6,0,0,0,0,0,10,9,11,10,10,1,0
5453, 5/24/2022 10:35,3,1,Default_yes,0,0,0,1,0,1,6,0,35,0,2,0,1,1,1,6,3,8,3,1,1,0,0,0,10,11,11,11,10,,1
5454, 5/24/2022 11:17,3,1,Trust,0,1,0,0,0,,6,1,28,1,2,0,1,1,0,1,8,11,6,0,0,1,1,0,11,11,11,11,11,,0
5455, 5/24/2022 12:07,3,1,Control,0,0,0,0,0,,2,0,55,0,5,1,2,1,1,11,11,11,7,1,1,1,1,0,9,10,10,8,7,0,0
5456,  5/24/2022 5:52,3,1,Default_yes,0,0,0,1,0,1,5,1,23,0,2,0,1,1,0,5,8,1,4,0,1,1,0,0,10,11,11,10,11,,1
5457, 5/24/2022 12:20,3,1,Control,0,0,0,0,0,,3,0,29,1,2,0,3,0,0,11,11,11,4,0,1,1,1,0,7,11,11,8,4,0,0
5458, 5/24/2022 12:20,3,1,Control,0,0,0,0,0,,4,1,33,0,3,1,1,1,1,11,9,8,8,0,1,1,0,1,11,11,11,11,11,0,0
5459, 5/24/2022 11:56,3,1,Default_no,0,0,0,0,1,1,1,0,52,0,3,1,2,1,1,1,11,11,9,1,0,1,1,1,11,11,11,11,6,,1
5460,  5/24/2022 7:54,3,1,Promise,0,0,1,0,0,1,6,1,23,1,2,0,2,1,0,3,2,11,3,0,0,0,1,0,3,11,11,1,1,1,0
5461, 5/25/2022 10:40,3,1,Trust,0,1,0,0,0,,2,1,21,0,2,0,1,1,0,11,11,11,5,0,1,1,1,0,9,11,11,11,9,,0
5462,  5/25/2022 5:51,3,1,Trust,0,1,0,0,0,,5,0,27,0,3,1,2,1,1,3,1,7,9,0,0,0,0,1,10,10,11,11,5,,0
5463,  5/24/2022 4:19,3,1,Promise,0,0,1,0,0,1,6,0,35,1,2,0,3,0,0,5,9,8,8,1,1,1,0,1,11,11,11,11,9,1,0
5464,  5/24/2022 4:34,3,1,Trust_promise,1,0,0,0,0,1,4,0,24,0,3,1,1,1,1,3,7,10,4,0,0,1,0,0,11,11,9,9,9,1,0
5465,  5/24/2022 1:39,3,1,Default_yes,0,0,0,1,0,1,5,0,44,1,4,1,1,1,1,6,9,8,8,1,1,1,0,1,11,9,9,8,8,,1
5466,  5/24/2022 3:41,3,1,Control,0,0,0,0,0,,1,0,33,1,3,1,1,1,1,3,11,11,6,0,0,1,1,0,6,11,11,11,11,0,0
5467,  5/24/2022 2:56,3,1,Trust_promise,1,0,0,0,0,1,6,0,50,0,2,0,1,1,1,1,7,11,8,1,0,1,1,1,9,11,11,10,10,1,0
5468,  5/24/2022 4:42,3,1,Default_yes,0,0,0,1,0,1,2,0,38,1,5,1,1,1,1,6,1,11,1,1,1,0,1,0,9,6,6,1,8,,1
5469, 5/24/2022 11:16,3,1,Default_yes,0,0,0,1,0,1,1,0,32,0,4,1,1,1,1,3,2,11,6,0,0,0,1,0,8,9,9,6,9,,1
5470,  5/24/2022 3:36,3,1,Trust_promise,1,0,0,0,0,1,4,1,31,0,2,0,1,1,0,6,11,11,8,0,1,1,1,1,11,11,11,1,11,1,0
5471, 5/24/2022 11:56,3,1,Promise,0,0,1,0,0,1,3,0,20,1,2,0,3,0,0,3,1,9,6,0,0,0,0,0,8,11,10,7,10,1,0
5472, 5/24/2022 12:44,3,1,Trust,0,1,0,0,0,,2,1,40,0,3,1,1,1,1,11,9,11,9,1,1,1,1,1,11,11,11,11,11,,0
5473,  5/24/2022 4:37,3,1,Control,0,0,0,0,0,,5,1,24,0,3,1,1,1,0,5,6,9,7,0,1,1,0,0,8,10,9,9,4,0,0
5474,  5/24/2022 5:58,3,1,Trust_promise,1,0,0,0,0,1,5,0,46,1,3,1,1,1,1,6,5,10,9,1,1,0,0,1,8,10,9,10,9,1,0
5475,  5/24/2022 2:51,3,1,Default_no,0,0,0,0,1,1,6,0,21,1,2,0,2,1,0,3,2,10,8,0,0,0,0,1,10,11,11,10,9,,1
5476, 5/24/2022 12:49,3,1,Promise,0,0,1,0,0,1,3,1,28,1,3,1,1,1,1,1,1,9,7,0,0,0,0,0,11,2,5,4,8,1,0
5477,  5/24/2022 2:50,3,1,Trust,0,1,0,0,0,,1,1,43,0,2,0,1,1,1,2,1,11,9,1,0,0,1,1,11,11,11,8,11,,0
5478, 5/24/2022 11:44,3,1,Promise,0,0,1,0,0,1,3,0,33,1,2,0,1,1,1,6,2,9,6,0,1,0,0,0,1,1,11,1,1,1,0
5479,  5/24/2022 2:19,3,1,Trust_promise,1,0,0,0,0,1,3,0,68,1,2,0,3,0,0,2,11,9,10,1,0,1,0,1,11,11,11,10,8,1,0
5480,  5/24/2022 5:44,3,1,Default_no,0,0,0,0,1,1,1,0,36,1,2,0,2,1,0,1,1,7,7,1,0,0,0,0,11,11,11,11,11,,1
5481, 5/24/2022 11:48,3,1,Control,0,0,0,0,0,,5,0,53,1,2,0,3,0,0,4,10,10,9,1,0,1,0,1,1,11,6,6,6,0,0
5482,  5/24/2022 1:34,3,1,Trust,0,1,0,0,0,,5,0,27,0,2,0,1,1,0,4,1,11,8,0,0,0,1,1,11,11,11,1,1,,0
5483, 5/24/2022 12:17,3,1,Trust,0,1,0,0,0,,5,1,25,0,2,0,3,0,0,3,1,11,3,0,0,0,1,0,9,11,11,11,9,,0
5484,  5/24/2022 2:17,3,1,Control,0,0,0,0,0,,3,0,37,1,3,1,3,0,0,3,9,7,8,1,0,1,0,1,9,7,9,8,7,0,0
5485,  5/24/2022 4:44,3,1,Promise,0,0,1,0,0,1,5,1,18,1,2,0,3,0,0,1,4,8,6,0,0,0,0,0,11,11,11,11,11,1,0
5486,  5/24/2022 9:17,3,1,Control,0,0,0,0,0,,2,1,37,0,5,1,1,1,1,1,1,11,1,1,0,0,1,0,11,11,11,1,11,0,0
5487,  5/24/2022 3:10,3,1,Trust,0,1,0,0,0,,3,0,36,1,3,1,3,0,0,2,1,10,7,1,0,0,0,0,8,9,8,8,9,,0
5488,  5/25/2022 8:48,3,1,Default_yes,0,0,0,1,0,1,2,0,57,0,3,1,1,1,1,7,6,11,1,1,1,1,1,0,11,11,11,11,11,,1
5489,  5/24/2022 1:07,3,1,Trust_promise,1,0,0,0,0,1,1,0,45,1,4,1,1,1,1,1,1,10,4,1,0,0,0,0,8,11,11,10,6,1,0
5490, 5/24/2022 12:25,3,1,Trust_promise,1,0,0,0,0,1,2,0,71,0,4,1,3,0,0,7,6,11,1,1,1,1,1,0,1,1,1,1,1,1,0
5491,  5/24/2022 1:15,3,1,Promise,0,0,1,0,0,1,5,1,43,0,3,1,1,1,1,5,9,10,8,1,1,1,0,1,2,1,1,1,1,1,0
5492,  5/24/2022 2:40,3,1,Trust_promise,1,0,0,0,0,1,6,1,45,0,2,0,2,1,0,6,3,8,2,1,1,0,0,0,11,11,11,11,11,1,0
5493, 5/24/2022 12:30,3,1,Trust,0,1,0,0,0,,3,1,37,1,3,1,1,1,1,3,3,9,2,1,0,0,0,0,10,11,11,10,3,,0
5494,  5/24/2022 3:33,3,1,Default_yes,0,0,0,1,0,1,6,0,20,1,2,0,2,1,0,4,9,9,7,0,0,1,0,0,10,9,9,10,10,,1
5495,  5/24/2022 9:42,3,1,Default_yes,0,0,0,1,0,1,3,1,33,0,4,1,2,1,1,1,1,10,9,0,0,0,0,1,11,11,11,11,11,,1
5496,  5/24/2022 2:53,3,1,Control,0,0,0,0,0,,4,1,22,0,3,1,3,0,0,3,1,9,8,0,0,0,0,1,9,11,10,11,11,0,0
5497,  5/24/2022 2:56,3,1,Default_yes,0,0,0,1,0,1,4,0,64,1,2,0,1,1,1,6,10,11,9,1,1,1,1,1,10,11,11,4,7,,1
5498, 5/24/2022 12:08,3,1,Default_yes,0,0,0,1,0,1,3,0,52,1,4,1,3,0,1,1,1,7,10,1,0,0,0,1,6,11,6,6,6,,1
5499,  5/24/2022 3:53,3,1,Trust,0,1,0,0,0,,4,1,34,0,2,0,1,1,1,1,1,8,6,0,0,0,0,0,8,9,11,11,11,,0
5500,  5/24/2022 1:19,3,1,Default_yes,0,0,0,1,0,1,6,1,63,1,4,1,3,0,0,9,11,10,10,1,1,1,0,1,8,8,8,7,7,,1
5501, 5/24/2022 12:23,3,1,Default_no,0,0,0,0,1,1,3,0,37,0,4,1,1,1,1,3,1,11,9,1,0,0,1,1,9,7,8,9,5,,1
5502, 5/24/2022 12:40,3,1,Default_no,0,0,0,0,1,1,1,1,45,0,3,1,2,1,1,7,8,9,8,1,1,1,0,1,6,8,6,3,7,,1
5503,  5/24/2022 7:51,3,1,Promise,0,0,1,0,0,1,6,0,41,1,3,1,1,1,1,1,1,10,8,1,0,0,0,1,11,11,11,10,10,1,0
5504,  5/24/2022 1:37,3,1,Default_yes,0,0,0,1,0,1,5,0,52,0,3,1,2,1,1,4,4,8,5,1,0,0,0,0,8,11,11,11,11,,1
5505,  5/24/2022 1:03,3,1,Promise,0,0,1,0,0,1,4,0,26,0,4,1,2,1,1,5,3,9,8,0,1,0,0,1,9,8,9,8,8,1,0
5506,  5/24/2022 9:26,3,1,Default_yes,0,0,0,1,0,1,4,0,55,0,3,1,1,1,1,1,1,11,1,1,0,0,1,0,6,6,11,1,6,,1
5507,  5/24/2022 3:02,3,1,Trust,0,1,0,0,0,,6,1,63,1,4,1,1,1,1,6,11,11,9,1,1,1,1,1,11,11,11,11,11,,0
5508,  5/24/2022 3:17,3,1,Default_no,0,0,0,0,1,1,3,1,58,0,5,1,1,1,1,6,11,10,10,1,1,1,0,1,11,11,11,11,11,,1
5509, 5/24/2022 11:49,3,1,Control,0,0,0,0,0,,3,0,54,1,2,0,1,1,1,6,6,11,6,1,1,1,1,0,11,11,11,1,11,0,0
5510,  5/24/2022 1:33,3,1,Trust_promise,1,0,0,0,0,1,1,1,43,0,4,1,1,1,1,1,10,10,2,1,0,1,0,0,11,10,2,4,2,1,0
5511, 5/24/2022 12:31,3,1,Trust_promise,1,0,0,0,0,1,3,1,34,1,2,0,3,0,0,4,1,7,6,0,0,0,0,0,11,11,11,11,11,1,0
5512,  5/24/2022 2:45,3,1,Trust,0,1,0,0,0,,6,0,55,1,3,1,1,1,0,3,1,8,5,1,0,0,0,0,11,11,11,10,11,,0
5513, 5/24/2022 12:27,3,1,Trust_promise,1,0,0,0,0,1,6,1,24,1,4,1,1,1,1,6,1,6,6,0,1,0,0,0,8,8,8,8,8,1,0
5514, 5/24/2022 12:04,3,1,Default_no,0,0,0,0,1,1,3,1,35,1,3,1,1,1,0,5,11,11,4,1,1,1,1,0,10,10,10,10,7,,1
5515, 5/24/2022 11:50,3,1,Trust,0,1,0,0,0,,1,0,35,0,5,1,1,1,1,6,11,10,7,1,1,1,0,0,9,9,11,10,10,,0
5516, 5/24/2022 12:51,3,1,Default_yes,0,0,0,1,0,1,4,1,39,1,2,0,3,0,0,6,6,11,9,1,1,1,1,1,11,11,11,11,11,,1
5517,  5/25/2022 8:21,3,1,Promise,0,0,1,0,0,1,5,1,42,0,4,1,1,1,1,1,1,6,6,1,0,0,0,0,11,11,11,11,11,1,0
5518, 5/24/2022 10:58,3,1,Default_yes,0,0,0,1,0,1,6,1,40,0,3,1,1,1,0,3,1,11,4,1,0,0,1,0,11,11,11,11,11,,1
5519,  5/24/2022 2:05,3,1,Default_no,0,0,0,0,1,1,3,0,40,1,2,0,2,1,0,9,11,10,8,1,1,1,0,1,10,11,11,11,10,,1
5520,  5/24/2022 1:02,3,1,Control,0,0,0,0,0,,4,0,34,0,3,1,2,1,0,2,2,10,6,0,0,0,0,0,9,10,7,10,6,0,0
5521,  5/24/2022 3:14,3,1,Control,0,0,0,0,0,,5,0,50,1,2,0,2,1,0,2,11,11,6,1,0,1,1,0,6,6,6,6,6,0,0
5522,  5/25/2022 6:25,3,1,Default_no,0,0,0,0,1,1,4,1,40,0,5,1,2,1,1,2,1,11,1,1,0,0,1,0,11,1,1,1,1,,1
5523,  5/24/2022 4:41,3,1,Promise,0,0,1,0,0,1,3,1,27,0,3,1,1,1,0,1,8,9,8,0,0,1,0,1,11,10,11,11,11,1,0
5524,  5/24/2022 4:26,3,1,Promise,0,0,1,0,0,1,4,1,29,0,3,1,1,1,1,8,8,10,9,0,1,1,0,1,11,11,11,8,6,1,0
5525,  5/24/2022 1:49,3,1,Default_yes,0,0,0,1,0,1,1,0,33,0,2,0,3,0,0,1,6,8,8,0,0,1,0,1,9,10,10,8,5,,1
5526, 5/24/2022 11:10,3,1,Default_yes,0,0,0,1,0,1,3,0,47,0,3,1,1,1,1,6,1,3,8,1,1,0,0,1,11,11,11,11,11,,1
5527, 5/24/2022 12:14,3,1,Promise,0,0,1,0,0,1,5,0,29,0,3,1,3,0,0,3,4,8,8,0,0,0,0,1,10,11,11,11,10,1,0
5528,  5/24/2022 3:38,3,1,Default_no,0,0,0,0,1,1,2,0,21,1,2,0,3,0,0,3,10,8,5,0,0,1,0,0,11,11,11,11,10,,1
5529, 5/24/2022 10:47,3,1,Control,0,0,0,0,0,,3,1,34,0,3,1,1,1,0,1,1,9,5,0,0,0,0,0,11,11,11,11,10,0,0
5530, 5/24/2022 11:56,3,1,Default_no,0,0,0,0,1,1,2,1,41,0,2,0,1,1,1,6,1,11,9,1,1,0,1,1,11,11,11,11,11,,1
5531, 5/24/2022 12:46,3,1,Trust_promise,1,0,0,0,0,1,3,1,55,1,4,1,2,1,1,2,2,10,8,1,0,0,0,1,9,9,9,8,8,1,0
5532,  5/24/2022 4:52,3,1,Trust_promise,1,0,0,0,0,1,4,0,28,0,3,1,2,1,1,5,8,11,4,0,1,1,1,0,8,9,9,9,9,1,0
5533, 5/24/2022 12:10,3,1,Trust,0,1,0,0,0,,3,0,46,0,3,1,1,1,1,5,1,7,8,1,1,0,0,1,6,6,6,1,1,,0
5534, 5/24/2022 12:25,3,1,Promise,0,0,1,0,0,1,1,0,48,0,3,1,1,1,1,6,11,6,7,1,1,1,0,0,6,1,11,11,11,1,0
5535,  5/24/2022 3:31,3,1,Control,0,0,0,0,0,,6,0,35,1,2,0,3,0,0,1,6,9,7,1,0,1,0,0,11,11,11,6,3,0,0
5536,  5/24/2022 1:04,3,1,Trust,0,1,0,0,0,,2,1,54,1,2,0,2,1,0,2,1,11,8,1,0,0,1,1,11,11,11,11,11,,0
5537, 5/24/2022 11:56,3,1,Trust_promise,1,0,0,0,0,1,1,1,28,0,2,0,1,1,0,4,1,4,4,0,0,0,0,0,11,11,11,11,6,1,0
5538,  5/24/2022 1:11,3,1,Trust,0,1,0,0,0,,3,1,57,1,3,1,2,1,1,1,5,8,8,1,0,0,0,1,4,7,10,6,6,,0
5539, 5/24/2022 12:32,3,1,Default_no,0,0,0,0,1,1,2,0,52,1,3,1,3,0,0,11,11,11,7,1,1,1,1,0,11,11,11,11,11,,1
5540, 5/25/2022 10:39,3,1,Default_yes,0,0,0,1,0,1,3,1,20,0,2,0,2,1,0,9,1,11,6,0,1,0,1,0,4,1,1,1,6,,1
5541,  5/24/2022 7:39,3,1,Trust_promise,1,0,0,0,0,1,2,1,37,0,4,1,1,1,1,1,11,9,6,1,0,1,0,0,9,10,9,5,8,1,0
5542,  5/24/2022 7:01,3,1,Promise,0,0,1,0,0,1,6,0,22,1,3,1,2,1,0,1,1,11,6,0,0,0,1,0,11,3,3,3,6,1,0
5543, 5/24/2022 11:39,3,1,Promise,0,0,1,0,0,1,5,1,27,0,1,0,3,0,0,4,2,9,3,0,0,0,0,0,3,5,6,8,5,1,0
5544,  5/24/2022 1:11,3,1,Default_yes,0,0,0,1,0,1,5,1,50,1,2,0,1,1,1,6,8,7,5,1,1,1,0,0,5,7,5,6,8,,1
5545,  5/24/2022 5:16,3,1,Control,0,0,0,0,0,,6,0,26,0,4,1,1,1,1,11,11,10,5,0,1,1,0,0,10,11,11,10,9,0,0
5546, 5/24/2022 10:33,3,1,Promise,0,0,1,0,0,1,1,0,37,0,2,0,1,1,1,1,1,6,4,1,0,0,0,0,4,3,4,3,4,1,0
5547,  5/24/2022 8:00,3,1,Control,0,0,0,0,0,,2,0,19,1,2,0,3,0,0,1,3,8,4,0,0,0,0,0,8,9,10,10,10,0,0
5548,  5/24/2022 7:53,3,1,Promise,0,0,1,0,0,1,4,1,31,0,3,1,1,1,0,5,1,9,5,0,1,0,0,0,11,11,7,10,6,1,0
5549,  5/24/2022 2:35,3,1,Control,0,0,0,0,0,,2,0,45,1,2,0,1,1,0,5,11,11,8,1,1,1,1,1,9,11,11,11,8,0,0
5550, 5/24/2022 12:37,3,1,Default_no,0,0,0,0,1,1,1,0,34,0,2,0,3,0,0,8,3,11,5,0,1,0,1,0,9,11,9,7,11,,1
5551,  5/24/2022 1:44,3,1,Trust_promise,1,0,0,0,0,1,1,1,28,0,3,1,2,1,1,2,1,11,9,0,0,0,1,1,11,11,11,11,11,1,0
5552,  5/24/2022 6:59,3,1,Promise,0,0,1,0,0,1,5,0,20,1,2,0,3,0,0,4,11,11,5,0,0,1,1,0,11,11,11,11,8,1,0
5553, 5/24/2022 11:23,3,1,Default_no,0,0,0,0,1,1,1,0,25,0,3,1,2,1,0,1,1,11,10,0,0,0,1,1,11,11,9,10,4,,1
5554, 5/24/2022 11:56,3,1,Default_yes,0,0,0,1,0,1,5,0,61,0,4,1,2,1,1,3,11,11,6,1,0,1,1,0,11,11,11,11,1,,1
5555,  5/24/2022 3:55,3,1,Trust_promise,1,0,0,0,0,1,6,1,34,1,2,0,2,1,0,3,7,9,1,0,0,1,0,0,1,1,1,1,1,1,0
5556, 5/24/2022 12:31,3,1,Promise,0,0,1,0,0,1,1,0,24,1,3,1,2,1,1,1,3,11,4,0,0,0,1,0,6,11,11,11,11,1,0
5557,  5/25/2022 9:07,3,1,Promise,0,0,1,0,0,1,6,0,33,0,3,1,1,1,1,8,3,7,6,0,1,0,0,0,9,10,10,11,9,1,0
5558, 5/24/2022 11:16,3,1,Default_no,0,0,0,0,1,1,6,0,21,1,2,0,1,1,0,3,9,7,5,0,0,1,0,0,5,9,9,7,7,,1
5559, 5/24/2022 11:33,3,1,Control,0,0,0,0,0,,6,0,27,0,2,0,2,1,1,2,1,8,7,0,0,0,0,0,10,11,11,11,11,0,0
5560,  5/24/2022 6:57,3,1,Default_yes,0,0,0,1,0,1,2,0,43,1,3,1,2,1,0,11,11,11,1,1,1,1,1,0,11,11,11,11,11,,1
5561, 5/24/2022 11:45,3,1,Trust,0,1,0,0,0,,6,0,37,0,3,1,1,1,0,6,1,10,5,1,1,0,0,0,6,11,11,9,2,,0
5562,  5/24/2022 7:27,3,1,Trust,0,1,0,0,0,,6,1,37,1,2,0,3,0,0,9,7,9,8,1,1,1,0,1,10,11,9,8,9,,0
5563, 5/24/2022 12:28,3,1,Default_yes,0,0,0,1,0,1,4,1,35,1,2,0,2,1,0,6,7,7,7,1,1,1,0,0,10,9,9,9,9,,1
5564,  5/24/2022 8:45,3,1,Promise,0,0,1,0,0,1,4,0,39,0,2,0,1,1,1,3,1,11,9,1,0,0,1,1,11,11,11,11,11,1,0
5565, 5/24/2022 12:20,3,1,Default_yes,0,0,0,1,0,1,6,1,39,1,2,0,1,1,0,6,4,8,3,1,1,0,0,0,11,11,11,9,6,,1
5566,  5/25/2022 1:32,3,1,Default_no,0,0,0,0,1,1,5,0,24,0,4,1,2,1,1,3,9,9,8,0,0,1,0,1,11,11,11,11,7,,1
5567,  5/24/2022 3:53,3,1,Control,0,0,0,0,0,,6,0,24,1,3,1,2,1,1,6,11,10,6,0,1,1,0,0,11,11,11,2,11,0,0
5568, 5/24/2022 12:12,3,1,Default_no,0,0,0,0,1,1,6,1,31,1,2,0,1,1,0,7,1,9,8,0,1,0,0,1,10,11,11,10,10,,1
5569,  5/24/2022 6:36,3,1,Default_yes,0,0,0,1,0,1,4,1,21,1,2,0,3,0,0,1,1,11,6,0,0,0,1,0,11,11,11,11,11,,1
5570, 5/24/2022 12:04,3,1,Default_no,0,0,0,0,1,1,6,1,57,1,5,1,2,1,1,6,2,10,8,1,1,0,0,1,11,11,11,11,11,,1
5571,  5/24/2022 1:26,3,1,Promise,0,0,1,0,0,1,4,0,35,1,3,1,3,0,0,6,11,10,3,1,1,1,0,0,11,11,11,11,11,1,0
5572,  5/24/2022 9:22,3,1,Trust,0,1,0,0,0,,3,1,38,0,4,1,1,1,1,4,11,11,10,1,0,1,1,1,10,11,11,11,10,,0
5573,  5/24/2022 5:57,3,1,Promise,0,0,1,0,0,1,2,1,21,0,2,0,1,1,1,7,1,8,6,0,1,0,0,0,9,4,6,2,4,1,0
5574,  5/24/2022 7:49,3,1,Control,0,0,0,0,0,,6,1,25,0,2,0,1,1,1,1,11,9,4,0,0,1,0,0,9,10,11,11,6,0,0
5575,  5/24/2022 7:11,3,1,Promise,0,0,1,0,0,1,3,0,68,0,3,1,3,0,0,1,2,10,9,1,0,0,0,1,9,10,10,10,10,1,0
5576, 5/24/2022 12:36,3,1,Default_yes,0,0,0,1,0,1,4,1,30,1,2,0,2,1,0,8,11,11,3,0,1,1,1,0,11,11,11,11,7,,1
5577,  5/25/2022 7:16,3,1,Default_yes,0,0,0,1,0,1,4,0,35,0,3,1,1,1,1,6,3,4,6,1,1,0,0,0,10,10,10,4,7,,1
5578,  5/24/2022 1:29,3,1,Trust,0,1,0,0,0,,3,0,55,1,3,1,3,0,0,6,11,10,7,1,1,1,0,0,11,11,11,10,1,,0
5579, 5/24/2022 12:14,3,1,Trust_promise,1,0,0,0,0,1,2,0,36,0,2,0,1,1,1,2,11,11,6,1,0,1,1,0,11,11,11,5,8,1,0
5580, 5/24/2022 12:03,3,1,Trust_promise,1,0,0,0,0,1,2,0,72,0,3,1,3,0,0,4,9,7,8,1,0,1,0,1,9,10,10,10,8,1,0
5581,  5/24/2022 4:58,3,1,Default_no,0,0,0,0,1,1,5,0,34,0,4,1,1,1,1,6,9,9,6,0,1,1,0,0,7,10,10,10,10,,1
5582,  5/24/2022 2:46,3,1,Trust_promise,1,0,0,0,0,1,5,0,41,1,3,1,3,0,0,9,11,9,6,1,1,1,0,0,11,11,11,11,11,1,0
5583,  5/24/2022 7:51,3,1,Trust_promise,1,0,0,0,0,1,4,1,61,0,4,1,2,1,1,3,6,11,9,1,0,1,1,1,11,11,11,11,11,1,0
5584,  5/25/2022 3:11,3,1,Default_yes,0,0,0,1,0,1,2,1,25,0,2,0,2,1,0,3,1,3,5,0,0,0,0,0,9,8,11,9,10,,1
5585,  5/24/2022 2:50,3,1,Trust_promise,1,0,0,0,0,1,5,1,46,0,2,0,3,0,0,7,11,11,6,1,1,1,1,0,11,11,11,11,11,1,0
5586, 5/24/2022 11:07,3,1,Default_yes,0,0,0,1,0,1,3,0,51,0,2,0,1,1,1,9,3,9,9,1,1,0,0,1,10,10,10,9,9,,1
5587,  5/24/2022 8:05,3,1,Trust_promise,1,0,0,0,0,1,2,1,21,1,2,0,3,0,0,1,1,9,7,0,0,0,0,0,8,9,8,9,8,1,0
5588, 5/24/2022 12:40,3,1,Trust,0,1,0,0,0,,4,1,36,1,3,1,1,1,1,2,2,5,5,1,0,0,0,0,6,5,5,5,4,,0
5589, 5/24/2022 12:09,3,1,Trust_promise,1,0,0,0,0,1,6,1,25,0,3,1,1,1,1,5,2,9,8,0,1,0,0,1,8,8,7,7,6,1,0
5590, 5/24/2022 12:52,3,1,Promise,0,0,1,0,0,1,6,0,31,1,2,0,2,1,0,8,11,11,2,0,1,1,1,0,11,11,11,1,11,1,0
5591, 5/24/2022 12:20,3,1,Control,0,0,0,0,0,,6,1,30,1,3,1,1,1,1,6,8,10,9,0,1,1,0,1,10,10,11,11,10,0,0
5592, 5/24/2022 12:07,3,1,Control,0,0,0,0,0,,5,0,31,1,3,1,2,1,1,1,1,9,7,0,0,0,0,0,11,11,11,11,9,0,0
5593, 5/24/2022 11:45,3,1,Promise,0,0,1,0,0,1,1,0,44,1,2,0,1,1,0,6,1,8,8,1,1,0,0,1,9,11,11,11,11,1,0
5594, 5/24/2022 10:47,3,1,Trust,0,1,0,0,0,,2,0,25,1,3,1,1,1,0,4,11,8,7,0,0,1,0,0,11,11,11,8,11,,0
5595, 5/24/2022 12:55,3,1,Trust,0,1,0,0,0,,5,0,32,1,3,1,2,1,1,3,8,11,8,0,0,1,1,1,9,10,10,8,9,,0
5596, 5/24/2022 12:11,3,1,Promise,0,0,1,0,0,1,6,1,42,0,2,0,1,1,1,6,9,8,5,1,1,1,0,0,10,11,11,11,8,1,0
5597,  5/24/2022 1:14,3,1,Trust,0,1,0,0,0,,3,1,36,0,1,0,1,1,0,1,1,10,6,1,0,0,0,0,1,1,6,1,6,,0
5598,  5/24/2022 1:50,3,1,Promise,0,0,1,0,0,1,6,0,29,0,3,1,2,1,1,10,11,11,9,0,1,1,1,1,7,11,11,9,9,1,0
5599,  5/24/2022 1:14,3,1,Trust_promise,1,0,0,0,0,1,6,1,47,0,3,1,1,1,1,7,11,11,9,1,1,1,1,1,11,11,11,11,11,1,0
5600, 5/24/2022 11:20,3,1,Default_no,0,0,0,0,1,1,5,0,47,0,3,1,1,1,1,1,8,9,8,1,0,1,0,1,3,11,11,11,11,,1
5601,  5/24/2022 8:07,3,1,Control,0,0,0,0,0,,2,1,55,0,2,0,2,1,0,7,3,10,9,1,1,0,0,1,6,8,9,9,9,0,0
5602,  5/24/2022 5:38,3,1,Trust,0,1,0,0,0,,1,0,33,0,2,0,1,1,0,3,2,5,5,0,0,0,0,0,9,10,8,9,9,,0
5603, 5/24/2022 11:59,3,1,Default_no,0,0,0,0,1,1,1,0,48,0,2,0,1,1,1,2,1,10,8,1,0,0,0,1,10,11,10,11,6,,1
5604,  5/24/2022 4:51,3,1,Trust_promise,1,0,0,0,0,1,3,1,35,1,2,0,2,1,1,6,9,10,8,1,1,1,0,1,11,11,11,11,11,1,0
5605,  5/24/2022 1:28,3,1,Default_yes,0,0,0,1,0,1,6,1,25,0,3,1,1,1,1,6,11,9,4,0,1,1,0,0,11,11,11,11,11,,1
5606, 5/24/2022 11:17,3,1,Trust_promise,1,0,0,0,0,1,3,0,50,0,3,1,1,1,1,10,11,10,3,1,1,1,0,0,11,11,11,9,9,1,0
5607, 5/24/2022 11:32,3,1,Trust,0,1,0,0,0,,5,1,22,1,2,0,2,1,0,4,1,7,9,0,0,0,0,1,9,7,6,7,6,,0
5608, 5/24/2022 11:53,3,1,Control,0,0,0,0,0,,1,0,41,0,3,1,1,1,1,7,11,8,6,1,1,1,0,0,10,11,11,11,9,0,0
5609,  5/24/2022 6:03,3,1,Trust_promise,1,0,0,0,0,1,6,1,33,0,3,1,2,1,0,6,11,11,6,0,1,1,1,0,11,11,11,11,11,1,0
5610, 5/24/2022 11:35,3,1,Trust_promise,1,0,0,0,0,1,1,1,28,0,2,0,2,1,0,1,1,9,7,0,0,0,0,0,3,1,6,1,4,1,0
5611, 5/24/2022 11:45,3,1,Trust,0,1,0,0,0,,5,1,42,0,2,0,1,1,0,7,4,10,6,1,1,0,0,0,10,10,10,8,9,,0
5612,  5/25/2022 3:00,3,1,Promise,0,0,1,0,0,1,3,1,32,0,3,1,1,1,1,4,10,11,8,0,0,1,1,1,11,10,11,10,11,1,0
5613, 5/24/2022 12:14,3,1,Default_no,0,0,0,0,1,1,3,1,46,0,3,1,3,0,0,1,1,9,8,1,0,0,0,1,9,11,11,10,9,,1
5614, 5/24/2022 11:25,3,1,Trust,0,1,0,0,0,,3,1,78,0,4,1,3,0,1,8,9,10,7,1,1,1,0,0,11,11,11,11,1,,0
5615, 5/25/2022 11:15,3,1,Promise,0,0,1,0,0,1,6,1,25,0,3,1,1,1,1,1,1,11,8,0,0,0,1,1,11,11,11,11,11,1,0
5616,  5/24/2022 6:57,3,1,Default_no,0,0,0,0,1,1,4,1,33,1,4,1,1,1,1,6,4,11,8,0,1,0,1,1,11,11,11,11,1,,1
5617,  5/24/2022 1:26,3,1,Trust_promise,1,0,0,0,0,1,2,1,47,0,3,1,1,1,1,9,11,9,9,1,1,1,0,1,11,11,11,11,11,1,0
5618,  5/25/2022 4:21,3,1,Promise,0,0,1,0,0,1,1,0,29,0,4,1,1,1,0,1,4,10,3,0,0,0,0,0,9,8,8,4,5,1,0
5619,  5/24/2022 3:11,3,1,Default_no,0,0,0,0,1,1,3,0,29,1,3,1,1,1,1,6,6,8,9,0,1,1,0,1,4,11,11,11,11,,1
5620, 5/24/2022 12:12,3,1,Control,0,0,0,0,0,,5,1,36,1,3,1,1,1,1,1,1,11,6,1,0,0,1,0,11,11,11,11,11,0,0
5621, 5/24/2022 12:22,3,1,Default_yes,0,0,0,1,0,1,6,0,52,0,2,0,3,0,0,5,3,10,7,1,1,0,0,0,8,9,10,10,8,,1
5622, 5/24/2022 12:27,3,1,Control,0,0,0,0,0,,5,0,41,1,2,0,3,0,0,11,11,11,9,1,1,1,1,1,11,11,11,11,11,0,0
5623,  5/24/2022 8:03,3,1,Default_no,0,0,0,0,1,1,3,0,38,1,2,0,3,0,0,4,5,6,3,1,0,0,0,0,11,11,11,11,11,,1
5624,  5/24/2022 4:14,3,1,Trust,0,1,0,0,0,,6,1,21,1,2,0,2,1,0,1,1,10,6,0,0,0,0,0,6,9,10,11,9,,0
5625, 5/24/2022 11:26,3,1,Trust_promise,1,0,0,0,0,1,2,0,48,1,4,1,1,1,1,6,6,6,9,1,1,1,0,1,11,11,11,11,6,1,0
5626,  5/24/2022 5:51,3,1,Default_no,0,0,0,0,1,1,5,1,30,0,2,0,2,1,0,1,11,11,8,0,0,1,1,1,11,11,11,11,11,,1
5627, 5/24/2022 12:56,3,1,Promise,0,0,1,0,0,1,4,0,19,1,2,0,2,1,0,2,4,10,5,0,0,0,0,0,10,11,11,10,11,1,0
5628,  5/25/2022 7:03,3,1,Control,0,0,0,0,0,,1,0,37,0,2,0,3,0,0,2,1,7,4,1,0,0,0,0,2,1,1,1,1,0,0
5629, 5/24/2022 12:56,3,1,Default_no,0,0,0,0,1,1,5,1,30,1,2,0,2,1,0,4,3,8,9,0,0,0,0,1,8,7,8,7,7,,1
5630,  5/24/2022 4:00,3,1,Trust_promise,1,0,0,0,0,1,4,1,27,0,4,1,2,1,1,5,10,8,5,0,1,1,0,0,11,11,9,4,11,1,0
5631, 5/24/2022 10:58,3,1,Control,0,0,0,0,0,,5,0,28,0,3,1,3,0,0,2,2,2,9,0,0,0,0,1,10,10,10,10,10,0,0
5632, 5/24/2022 11:19,3,1,Default_yes,0,0,0,1,0,1,6,1,76,0,2,0,3,0,1,6,1,9,8,1,1,0,0,1,11,11,11,11,11,,1
5633,  5/24/2022 2:15,3,1,Trust,0,1,0,0,0,,1,1,21,1,3,1,2,1,1,3,10,11,8,0,0,1,1,1,9,10,11,9,11,,0
5634,  5/24/2022 7:02,3,1,Control,0,0,0,0,0,,5,1,57,0,2,0,2,1,1,9,10,8,10,1,1,1,0,1,11,11,11,11,11,0,0
5635,  5/24/2022 7:45,3,1,Trust_promise,1,0,0,0,0,1,6,0,22,1,2,0,3,0,0,4,6,9,8,0,0,1,0,1,9,9,4,3,6,1,0
5636,  5/25/2022 6:00,3,1,Default_no,0,0,0,0,1,1,3,0,24,0,4,1,2,1,1,1,1,7,6,0,0,0,0,0,9,9,9,9,9,,1
5637,  5/24/2022 3:11,3,1,Trust,0,1,0,0,0,,6,0,69,0,3,1,1,1,1,9,11,11,9,1,1,1,1,1,1,11,11,11,6,,0
5638,  5/24/2022 5:08,3,1,Default_yes,0,0,0,1,0,1,5,0,29,0,3,1,1,1,1,4,1,11,9,0,0,0,1,1,11,11,11,11,11,,1
5639,  5/24/2022 3:16,3,1,Trust,0,1,0,0,0,,2,1,33,0,2,0,2,1,0,10,11,9,7,0,1,1,0,0,9,11,11,1,1,,0
5640, 5/24/2022 11:35,3,1,Trust_promise,1,0,0,0,0,1,5,0,24,1,3,1,1,1,0,4,1,9,8,0,0,0,0,1,11,11,6,11,6,1,0
5641,  5/24/2022 1:06,3,1,Control,0,0,0,0,0,,2,1,33,0,3,1,1,1,1,11,11,11,6,0,1,1,1,0,11,11,11,1,11,0,0
5642, 5/24/2022 11:41,3,1,Control,0,0,0,0,0,,4,0,27,0,3,1,1,1,1,3,1,11,3,0,0,0,1,0,10,11,11,9,9,0,0
5643,  5/24/2022 9:12,3,1,Control,0,0,0,0,0,,1,0,30,0,3,1,1,1,1,6,2,9,6,0,1,0,0,0,6,7,10,7,7,0,0
5644, 5/24/2022 11:26,3,1,Control,0,0,0,0,0,,3,1,18,0,2,0,3,0,0,6,4,6,6,0,1,0,0,0,11,11,7,8,6,0,0
5645,  5/24/2022 3:48,3,1,Default_yes,0,0,0,1,0,1,6,0,45,1,3,1,2,1,0,7,11,11,7,1,1,1,1,0,11,11,11,9,11,,1
5646, 5/24/2022 12:55,3,1,Promise,0,0,1,0,0,1,4,1,28,1,4,1,2,1,1,4,1,8,9,0,0,0,0,1,11,11,11,11,11,1,0
5647, 5/24/2022 11:10,3,1,Control,0,0,0,0,0,,6,1,25,1,3,1,2,1,0,9,11,11,7,0,1,1,1,0,11,11,11,11,11,0,0
5648,  5/24/2022 1:41,3,1,Promise,0,0,1,0,0,1,3,1,51,0,3,1,1,1,1,11,11,11,1,1,1,1,1,0,11,11,11,11,11,1,0
5649,  5/24/2022 1:19,3,1,Default_no,0,0,0,0,1,1,1,0,52,0,3,1,2,1,0,1,1,8,4,1,0,0,0,0,6,8,9,7,8,,1
5650, 5/24/2022 12:40,3,1,Default_no,0,0,0,0,1,1,6,1,41,0,3,1,3,0,0,3,2,4,1,1,0,0,0,0,11,11,11,9,6,,1
5651,  5/24/2022 5:49,3,1,Trust,0,1,0,0,0,,4,0,58,1,2,0,1,1,0,4,5,8,9,1,0,0,0,1,11,11,11,11,11,,0
5652, 5/24/2022 12:15,3,1,Default_yes,0,0,0,1,0,1,6,0,49,1,3,1,3,0,0,7,11,11,8,1,1,1,1,1,11,11,11,11,11,,1
5653,  5/25/2022 6:17,3,1,Default_yes,0,0,0,1,0,1,3,1,33,0,3,1,1,1,1,5,11,9,6,0,1,1,0,0,8,9,10,4,5,,1
5654,  5/25/2022 6:03,3,1,Default_no,0,0,0,0,1,1,1,0,27,0,3,1,1,1,1,6,11,11,6,0,1,1,1,0,11,11,11,11,11,,1
5655, 5/24/2022 12:27,3,1,Trust_promise,1,0,0,0,0,1,1,0,19,0,2,0,3,0,0,5,11,11,8,0,1,1,1,1,11,11,11,11,11,1,0
5656, 5/24/2022 12:26,3,1,Trust_promise,1,0,0,0,0,1,5,0,39,1,3,1,3,0,0,9,11,10,3,1,1,1,0,0,10,11,11,11,11,1,0
5657, 5/24/2022 12:29,3,1,Trust_promise,1,0,0,0,0,1,4,1,37,1,3,1,3,0,0,7,8,10,10,1,1,1,0,1,11,11,11,11,11,1,0
5658,  5/24/2022 8:27,3,1,Trust_promise,1,0,0,0,0,1,4,0,39,0,4,1,1,1,1,2,1,10,8,1,0,0,0,1,11,11,11,10,11,1,0
5659,  5/24/2022 6:41,3,1,Control,0,0,0,0,0,,6,0,56,1,3,1,2,1,1,6,11,9,8,1,1,1,0,1,11,11,11,7,11,0,0
5660,  5/24/2022 4:44,3,1,Trust,0,1,0,0,0,,6,1,58,0,2,0,1,1,1,8,1,9,9,1,1,0,0,1,11,11,11,11,11,,0
5661,  5/25/2022 7:04,3,1,Default_no,0,0,0,0,1,1,6,0,34,0,3,1,1,1,0,3,11,10,10,0,0,1,0,1,11,11,11,11,11,,1
5662, 5/24/2022 12:16,3,1,Promise,0,0,1,0,0,1,6,1,33,0,3,1,1,1,1,2,1,10,10,0,0,0,0,1,11,11,11,11,1,1,0
5663,  5/24/2022 1:25,3,1,Promise,0,0,1,0,0,1,4,0,57,1,4,1,1,1,0,2,2,11,9,1,0,0,1,1,6,11,11,8,8,1,0
5664,  5/24/2022 2:22,3,1,Promise,0,0,1,0,0,1,3,0,25,1,2,0,2,1,0,9,7,9,8,0,1,1,0,1,11,11,11,11,11,1,0
5665,  5/24/2022 1:45,3,1,Trust_promise,1,0,0,0,0,1,4,1,62,0,2,0,1,1,1,9,1,10,2,1,1,0,0,0,9,9,8,8,9,1,0
5666, 5/24/2022 12:52,3,1,Default_no,0,0,0,0,1,1,5,0,36,1,5,1,2,1,1,1,1,11,6,1,0,0,1,0,6,6,6,10,1,,1
5667,  5/24/2022 5:43,3,1,Default_no,0,0,0,0,1,1,1,0,55,1,2,0,1,1,1,1,11,11,7,1,0,1,1,0,11,11,11,11,11,,1
5668,  5/24/2022 1:52,3,1,Default_no,0,0,0,0,1,1,2,0,63,0,2,0,3,0,0,10,7,9,6,1,1,1,0,0,7,8,9,8,7,,1
5669,  5/24/2022 2:04,3,1,Default_yes,0,0,0,1,0,1,4,1,27,1,2,0,1,1,1,7,1,11,7,0,1,0,1,0,10,11,10,10,10,,1
5670,  5/24/2022 7:39,3,1,Promise,0,0,1,0,0,1,1,0,25,1,4,1,2,1,1,5,9,7,7,0,1,1,0,0,11,11,11,10,11,1,0
5671, 5/24/2022 11:37,3,1,Default_no,0,0,0,0,1,1,6,1,48,1,4,1,2,1,1,3,1,10,7,1,0,0,0,0,11,4,8,8,3,,1
5672,  5/25/2022 6:18,3,1,Control,0,0,0,0,0,,6,0,33,0,3,1,1,1,1,5,1,11,7,0,1,0,1,0,11,11,11,11,11,0,0
5673, 5/24/2022 12:55,3,1,Trust,0,1,0,0,0,,5,0,46,0,3,1,1,1,1,1,1,11,9,1,0,0,1,1,8,3,3,3,6,,0
5674,  5/24/2022 1:38,3,1,Default_no,0,0,0,0,1,1,3,0,43,0,3,1,1,1,1,7,11,11,8,1,1,1,1,1,11,11,11,11,6,,1
5675,  5/24/2022 4:44,3,1,Trust,0,1,0,0,0,,4,1,21,1,2,0,3,0,0,1,2,8,5,0,0,0,0,0,7,6,9,9,7,,0
5676,  5/25/2022 5:55,3,1,Promise,0,0,1,0,0,1,5,0,25,0,3,1,2,1,0,2,3,7,7,0,0,0,0,0,11,11,11,10,11,1,0
5677,  5/24/2022 8:06,3,1,Trust,0,1,0,0,0,,2,0,61,1,3,1,3,0,1,5,1,9,7,1,1,0,0,0,11,11,11,8,10,,0
5678, 5/24/2022 11:15,3,1,Default_yes,0,0,0,1,0,1,6,1,35,0,4,1,1,1,1,4,10,8,5,1,0,1,0,0,9,6,9,6,8,,1
5679, 5/24/2022 12:06,3,1,Default_yes,0,0,0,1,0,1,3,0,30,0,4,1,1,1,1,6,10,11,10,0,1,1,1,1,11,11,11,11,11,,1
5680,  5/24/2022 4:17,3,1,Trust_promise,1,0,0,0,0,1,4,1,37,1,4,1,1,1,0,1,2,10,9,1,0,0,0,1,5,11,11,11,11,1,0
5681,  5/24/2022 1:43,3,1,Default_yes,0,0,0,1,0,1,2,1,46,0,4,1,1,1,1,2,11,11,6,1,0,1,1,0,11,11,11,1,11,,1
5682, 5/24/2022 12:02,3,1,Trust,0,1,0,0,0,,4,0,24,1,3,1,1,1,1,1,6,8,7,0,0,1,0,0,5,11,11,11,11,,0
5683,  5/24/2022 3:17,3,1,Trust_promise,1,0,0,0,0,1,2,1,26,0,3,1,1,1,1,11,1,11,1,0,1,0,1,0,6,6,11,1,1,1,0
5684, 5/24/2022 12:03,3,1,Promise,0,0,1,0,0,1,6,1,24,0,3,1,2,1,0,5,7,10,7,0,1,1,0,0,8,9,8,7,8,1,0
5685,  5/24/2022 5:05,3,1,Trust_promise,1,0,0,0,0,1,2,0,36,1,5,1,1,1,1,3,1,8,9,1,0,0,0,1,8,10,11,1,5,1,0
5686, 5/24/2022 12:53,3,1,Control,0,0,0,0,0,,1,1,57,1,4,1,1,1,1,6,4,8,10,1,1,0,0,1,11,11,11,11,11,0,0
5687,  5/25/2022 2:48,3,1,Trust_promise,1,0,0,0,0,1,2,0,46,0,2,0,1,1,0,6,6,11,9,1,1,1,1,1,10,10,10,8,8,1,0
5688,  5/24/2022 3:50,3,1,Control,0,0,0,0,0,,2,0,29,1,2,0,2,1,0,1,2,9,6,0,0,0,0,0,9,9,9,9,5,0,0
5689, 5/24/2022 12:38,3,1,Promise,0,0,1,0,0,1,5,1,32,0,2,0,3,0,0,7,1,1,4,0,1,0,0,0,6,8,8,8,9,1,0
5690,  5/24/2022 7:35,3,1,Default_no,0,0,0,0,1,1,3,0,59,1,2,0,3,0,1,3,2,6,7,1,0,0,0,0,8,9,10,9,10,,1
5691,  5/24/2022 5:01,3,1,Trust,0,1,0,0,0,,6,0,34,1,4,1,2,1,1,5,11,11,7,0,1,1,1,0,9,11,11,11,8,,0
5692,  5/25/2022 7:17,3,1,Trust_promise,1,0,0,0,0,1,2,0,34,0,3,1,1,1,1,3,3,11,9,0,0,0,1,1,11,11,11,11,11,1,0
5693,  5/24/2022 1:07,3,1,Trust,0,1,0,0,0,,5,0,33,1,4,1,1,1,0,3,10,11,7,0,0,1,1,0,11,11,11,9,11,,0
5694, 5/24/2022 12:28,3,1,Control,0,0,0,0,0,,3,1,28,0,3,1,2,1,0,1,1,9,5,0,0,0,0,0,6,9,9,8,9,0,0
5695,  5/25/2022 8:03,3,1,Default_yes,0,0,0,1,0,1,1,0,41,0,3,1,1,1,1,9,11,11,6,1,1,1,1,0,1,11,11,1,10,,1
5696, 5/24/2022 12:16,3,1,Promise,0,0,1,0,0,1,3,1,40,0,3,1,2,1,1,6,1,11,8,1,1,0,1,1,11,11,11,11,11,1,0
5697, 5/24/2022 11:47,3,1,Trust_promise,1,0,0,0,0,1,6,0,57,1,2,0,1,1,0,7,11,8,8,1,1,1,0,1,8,11,11,10,7,1,0
5698,  5/24/2022 1:37,3,1,Trust,0,1,0,0,0,,1,0,73,1,3,1,1,1,1,6,1,11,6,1,1,0,1,0,8,10,10,10,10,,0
5699, 5/24/2022 12:30,3,1,Default_no,0,0,0,0,1,1,3,1,29,0,2,0,3,0,0,1,1,11,8,0,0,0,1,1,1,1,1,1,1,,1
5700,  5/24/2022 7:02,3,1,Control,0,0,0,0,0,,6,1,32,1,3,1,1,1,1,6,9,11,6,0,1,1,1,0,11,11,11,11,11,0,0
5701,  5/24/2022 2:36,3,1,Promise,0,0,1,0,0,1,2,1,23,1,2,0,2,1,0,2,11,11,6,0,0,1,1,0,10,11,9,7,11,1,0
5702,  5/24/2022 5:02,3,1,Control,0,0,0,0,0,,5,0,35,1,4,1,2,1,1,4,1,9,7,1,0,0,0,0,10,10,10,10,10,0,0
5703, 5/24/2022 11:28,3,1,Default_no,0,0,0,0,1,1,1,1,31,1,4,1,1,1,1,4,1,10,9,0,0,0,0,1,10,9,8,9,9,,1
5704, 5/24/2022 11:03,3,1,Control,0,0,0,0,0,,1,0,22,0,2,0,3,0,0,4,3,9,9,0,0,0,0,1,11,11,11,9,6,0,0
5705, 5/24/2022 11:24,3,1,Control,0,0,0,0,0,,1,0,43,1,3,1,1,1,0,9,11,11,6,1,1,1,1,0,10,11,11,6,10,0,0
5706,  5/24/2022 2:22,3,1,Trust,0,1,0,0,0,,5,0,52,0,3,1,1,1,1,3,1,5,7,1,0,0,0,0,11,11,11,4,5,,0
5707,  5/24/2022 7:55,3,1,Default_no,0,0,0,0,1,1,3,1,37,0,4,1,1,1,1,6,11,11,1,1,1,1,1,0,8,11,11,10,11,,1
5708, 5/24/2022 11:43,3,1,Default_no,0,0,0,0,1,1,6,1,30,1,3,1,1,1,0,1,1,9,8,0,0,0,0,1,11,11,11,11,11,,1
5709,  5/24/2022 4:05,3,1,Trust,0,1,0,0,0,,5,0,48,1,3,1,1,1,0,11,11,11,6,1,1,1,1,0,11,11,11,7,11,,0
5710, 5/24/2022 11:05,3,1,Default_yes,0,0,0,1,0,1,6,0,64,0,3,1,1,1,1,2,1,8,9,1,0,0,0,1,11,11,11,11,6,,1
5711, 5/24/2022 12:01,3,1,Control,0,0,0,0,0,,6,1,32,0,3,1,1,1,1,3,1,11,8,0,0,0,1,1,6,6,6,6,6,0,0
5712, 5/24/2022 12:52,3,1,Default_no,0,0,0,0,1,1,2,0,24,0,2,0,1,1,0,10,1,11,5,0,1,0,1,0,10,11,11,11,11,,1
5713,  5/24/2022 3:06,3,1,Default_yes,0,0,0,1,0,1,2,1,24,1,4,1,1,1,1,2,1,9,8,0,0,0,0,1,10,11,11,11,11,,1
5714, 5/24/2022 12:38,3,1,Default_yes,0,0,0,1,0,1,2,0,56,1,3,1,1,1,1,5,10,10,6,1,1,1,0,0,9,11,10,1,11,,1
5715, 5/24/2022 10:57,3,1,Default_no,0,0,0,0,1,1,4,1,21,1,3,1,2,1,0,5,3,5,6,0,1,0,0,0,7,8,9,8,7,,1
5716, 5/24/2022 11:22,3,1,Control,0,0,0,0,0,,6,1,28,0,3,1,1,1,1,3,2,8,9,0,0,0,0,1,9,10,11,11,11,0,0
5717,  5/24/2022 5:22,3,1,Control,0,0,0,0,0,,6,1,36,0,2,0,3,0,0,6,11,11,1,1,1,1,1,0,11,1,6,1,1,0,0
5718,  5/24/2022 1:14,3,1,Default_no,0,0,0,0,1,1,2,0,60,1,3,1,1,1,0,3,11,9,9,1,0,1,0,1,11,11,11,11,11,,1
5719,  5/24/2022 1:38,3,1,Default_yes,0,0,0,1,0,1,5,0,27,0,2,0,1,1,0,6,9,8,9,0,1,1,0,1,6,7,9,7,8,,1
5720,  5/24/2022 3:46,3,1,Trust_promise,1,0,0,0,0,1,3,1,27,1,3,1,1,1,1,6,1,3,1,0,1,0,0,0,11,11,11,11,11,1,0
5721,  5/24/2022 6:45,3,1,Promise,0,0,1,0,0,1,4,1,34,0,2,0,3,0,0,6,11,9,3,0,1,1,0,0,11,10,10,3,10,1,0
5722, 5/24/2022 12:34,3,1,Default_no,0,0,0,0,1,1,2,1,24,1,3,1,2,1,1,2,1,5,7,0,0,0,0,0,1,1,1,1,1,,1
5723, 5/25/2022 10:54,3,1,Control,0,0,0,0,0,,1,0,66,0,2,0,3,0,0,4,1,11,5,1,0,0,1,0,3,9,9,3,7,0,0
5724,  5/24/2022 2:31,3,1,Control,0,0,0,0,0,,2,1,19,1,2,0,3,0,0,3,4,9,5,0,0,0,0,0,11,11,11,11,11,0,0
5725, 5/24/2022 12:43,3,1,Promise,0,0,1,0,0,1,6,0,33,0,3,1,3,0,0,7,1,11,8,0,1,0,1,1,8,8,8,7,8,1,0
5726,  5/24/2022 1:15,3,1,Promise,0,0,1,0,0,1,4,1,52,1,3,1,1,1,1,5,4,9,6,1,1,0,0,0,3,3,5,4,6,1,0
5727,  5/24/2022 1:39,3,1,Default_yes,0,0,0,1,0,1,4,1,19,1,2,0,2,1,0,1,8,9,8,0,0,1,0,1,11,11,11,11,11,,1
5728, 5/24/2022 12:16,3,1,Promise,0,0,1,0,0,1,1,0,41,1,4,1,2,1,1,6,11,11,2,1,1,1,1,0,10,11,11,4,11,1,0
5729,  5/24/2022 2:51,3,1,Trust_promise,1,0,0,0,0,1,5,0,35,0,2,0,3,0,0,4,9,11,7,1,0,1,1,0,9,11,11,10,9,1,0
5730, 5/24/2022 11:44,3,1,Control,0,0,0,0,0,,6,0,27,1,3,1,3,0,0,1,6,8,6,0,0,1,0,0,8,7,11,11,11,0,0
5731, 5/24/2022 11:39,3,1,Default_yes,0,0,0,1,0,1,2,1,32,1,3,1,1,1,0,1,1,9,9,0,0,0,0,1,11,11,11,11,11,,1
5732, 5/24/2022 12:10,3,1,Promise,0,0,1,0,0,1,6,0,26,0,3,1,1,1,1,2,1,9,4,0,0,0,0,0,3,3,9,3,3,1,0
5733,  5/24/2022 1:05,3,1,Default_no,0,0,0,0,1,1,3,1,49,1,3,1,1,1,1,3,1,11,10,1,0,0,1,1,10,9,9,9,9,,1
5734,  5/25/2022 7:48,3,1,Promise,0,0,1,0,0,1,1,0,42,0,3,1,2,1,1,6,8,11,9,1,1,1,1,1,6,10,10,10,10,1,0
5735,  5/24/2022 7:46,3,1,Trust_promise,1,0,0,0,0,1,4,1,27,1,3,1,1,1,1,2,11,11,9,0,0,1,1,1,11,11,11,11,11,1,0
5736,  5/25/2022 6:31,3,1,Trust,0,1,0,0,0,,6,0,25,0,2,0,2,1,0,6,9,11,6,0,1,1,1,0,11,11,11,11,1,,0
5737,  5/24/2022 2:15,3,1,Trust,0,1,0,0,0,,6,0,37,0,3,1,1,1,1,3,1,11,11,1,0,0,1,1,11,10,11,6,7,,0
5738, 5/24/2022 12:57,3,1,Default_yes,0,0,0,1,0,1,1,0,52,1,3,1,1,1,1,11,11,11,7,1,1,1,1,0,11,11,11,11,11,,1
5739,  5/24/2022 4:57,3,1,Trust,0,1,0,0,0,,2,0,21,1,2,0,3,0,0,3,9,8,6,0,0,1,0,0,11,11,11,10,9,,0
5740,  5/24/2022 5:08,3,1,Default_no,0,0,0,0,1,1,6,1,25,1,2,0,2,1,0,6,6,10,3,0,1,1,0,0,11,11,11,11,11,,1
5741, 5/24/2022 12:05,3,1,Default_yes,0,0,0,1,0,1,2,1,25,1,3,1,1,1,1,6,9,9,6,0,1,1,0,0,9,7,8,2,9,,1
5742,  5/24/2022 1:51,3,1,Control,0,0,0,0,0,,5,0,41,0,4,1,1,1,1,9,11,11,8,1,1,1,1,1,1,1,1,11,11,0,0
5743,  5/24/2022 7:28,3,1,Default_no,0,0,0,0,1,1,3,0,29,1,2,0,2,1,1,6,11,6,3,0,1,1,0,0,9,10,10,6,6,,1
5744,  5/24/2022 2:19,3,1,Default_no,0,0,0,0,1,1,5,1,37,1,2,0,1,1,1,1,2,7,9,1,0,0,0,1,11,11,11,11,11,,1
5745, 5/24/2022 11:26,3,1,Trust,0,1,0,0,0,,2,1,48,0,2,0,3,0,0,3,9,10,7,1,0,1,0,0,10,11,11,4,10,,0
5746, 5/24/2022 12:28,3,1,Control,0,0,0,0,0,,3,0,26,0,2,0,1,1,0,7,1,9,9,0,1,0,0,1,4,9,9,4,9,0,0
5747,  5/24/2022 4:49,3,1,Trust_promise,1,0,0,0,0,1,6,0,58,1,3,1,2,1,1,4,1,5,5,1,0,0,0,0,6,11,11,6,6,1,0
5748,  5/24/2022 1:28,3,1,Default_no,0,0,0,0,1,1,5,1,34,1,3,1,1,1,0,1,1,9,8,0,0,0,0,1,11,11,11,6,11,,1
5749, 5/24/2022 12:28,3,1,Trust_promise,1,0,0,0,0,1,6,0,30,1,3,1,2,1,1,1,1,11,6,0,0,0,1,0,9,9,9,9,9,1,0
5750, 5/24/2022 12:22,3,1,Control,0,0,0,0,0,,3,0,24,1,3,1,1,1,1,4,3,9,9,0,0,0,0,1,8,11,11,11,9,0,0
5751, 5/24/2022 12:35,3,1,Promise,0,0,1,0,0,1,1,1,45,0,3,1,1,1,0,7,11,11,6,1,1,1,1,0,6,6,6,1,6,1,0
5752,  5/24/2022 6:26,3,1,Default_yes,0,0,0,1,0,1,2,1,43,1,3,1,2,1,1,3,9,8,7,1,0,1,0,0,10,11,11,10,11,,1
5753,  5/24/2022 7:05,3,1,Trust_promise,1,0,0,0,0,1,5,1,26,1,3,1,2,1,1,2,8,10,7,0,0,1,0,0,11,11,11,11,11,1,0
5754, 5/24/2022 12:40,3,1,Default_yes,0,0,0,1,0,1,6,0,28,0,3,1,3,0,0,5,1,9,3,0,1,0,0,0,11,6,7,1,6,,1
5755,  5/24/2022 8:15,3,1,Control,0,0,0,0,0,,1,1,50,0,3,1,1,1,0,6,6,11,7,1,1,1,1,0,11,11,11,11,11,0,0
5756, 5/24/2022 10:53,3,1,Trust_promise,1,0,0,0,0,1,5,1,39,1,2,0,3,0,0,3,4,9,9,1,0,0,0,1,11,11,11,11,11,1,0
5757,  5/24/2022 2:37,3,1,Default_no,0,0,0,0,1,1,6,0,54,1,2,0,3,0,0,1,11,11,6,1,0,1,1,0,11,11,11,1,11,,1
5758,  5/24/2022 8:16,3,1,Promise,0,0,1,0,0,1,5,1,42,0,3,1,2,1,1,5,1,9,1,1,1,0,0,0,3,3,2,7,2,1,0
5759,  5/24/2022 1:36,3,1,Promise,0,0,1,0,0,1,4,1,44,0,4,1,1,1,0,6,6,6,4,1,1,1,0,0,6,9,8,8,8,1,0
5760,  5/24/2022 6:43,3,1,Promise,0,0,1,0,0,1,3,1,33,0,3,1,1,1,0,1,11,9,1,0,0,1,0,0,5,9,9,8,7,1,0
5761,  5/24/2022 5:50,3,1,Default_yes,0,0,0,1,0,1,3,1,25,1,3,1,1,1,1,3,11,11,11,0,0,1,1,1,11,11,11,11,11,,1
5762, 5/24/2022 12:35,3,1,Promise,0,0,1,0,0,1,1,0,46,1,3,1,2,1,0,2,1,5,7,1,0,0,0,0,1,6,11,6,11,1,0
5763, 5/24/2022 12:26,3,1,Trust,0,1,0,0,0,,1,0,65,0,2,0,3,0,0,1,1,11,8,1,0,0,1,1,11,11,11,6,11,,0
5764, 5/24/2022 12:08,3,1,Default_yes,0,0,0,1,0,1,2,0,24,0,2,0,3,0,0,1,1,5,9,0,0,0,0,1,11,11,11,11,11,,1
5765,  5/24/2022 1:41,3,1,Default_yes,0,0,0,1,0,1,1,0,22,1,3,1,2,1,0,3,2,10,6,0,0,0,0,0,11,11,11,10,9,,1
5766,  5/24/2022 2:35,3,1,Trust,0,1,0,0,0,,2,0,66,0,3,1,3,0,0,11,11,11,1,1,1,1,1,0,11,1,11,1,1,,0
5767, 5/24/2022 11:58,3,1,Trust,0,1,0,0,0,,5,0,34,1,3,1,3,0,1,5,11,11,9,0,1,1,1,1,11,11,11,11,9,,0
5768, 5/24/2022 11:29,3,1,Control,0,0,0,0,0,,6,0,59,0,3,1,1,1,0,8,2,10,7,1,1,0,0,0,10,10,11,8,11,0,0
5769,  5/24/2022 2:17,3,1,Control,0,0,0,0,0,,1,0,33,1,3,1,1,1,0,6,9,4,6,0,1,1,0,0,11,11,11,11,4,0,0
5770,  5/24/2022 7:00,3,1,Trust_promise,1,0,0,0,0,1,4,0,58,1,4,1,1,1,1,3,11,11,10,1,0,1,1,1,11,11,11,11,11,1,0
5771,  5/25/2022 5:29,3,1,Trust,0,1,0,0,0,,1,0,41,0,4,1,3,0,0,3,10,6,7,1,0,1,0,0,11,11,11,10,11,,0
5772,  5/24/2022 3:36,3,1,Default_yes,0,0,0,1,0,1,6,1,49,1,2,0,2,1,0,9,11,9,9,1,1,1,0,1,11,11,11,11,8,,1
5773, 5/24/2022 12:28,3,1,Default_yes,0,0,0,1,0,1,1,1,65,0,4,1,1,1,1,6,8,8,10,1,1,1,0,1,9,9,10,7,10,,1
5774, 5/24/2022 11:18,3,1,Default_yes,0,0,0,1,0,1,3,0,48,0,3,1,3,0,0,3,1,11,1,1,0,0,1,0,11,11,11,11,11,,1
5775, 5/24/2022 11:56,3,1,Control,0,0,0,0,0,,5,0,42,0,2,0,1,1,0,7,11,11,9,1,1,1,1,1,11,11,11,11,11,0,0
5776, 5/24/2022 12:52,3,1,Trust_promise,1,0,0,0,0,1,2,0,35,0,3,1,1,1,0,4,1,11,9,1,0,0,1,1,11,11,11,11,10,1,0
5777,  5/24/2022 3:34,3,1,Control,0,0,0,0,0,,5,1,25,1,3,1,2,1,0,4,8,11,2,0,0,1,1,0,10,11,11,11,11,0,0
5778,  5/24/2022 2:47,3,1,Default_no,0,0,0,0,1,1,1,0,49,0,2,0,1,1,0,7,7,7,3,1,1,1,0,0,11,11,11,11,6,,1
5779, 5/24/2022 10:54,3,1,Default_no,0,0,0,0,1,1,1,0,31,1,2,0,1,1,0,3,7,9,5,0,0,1,0,0,9,11,10,7,4,,1
5780,  5/24/2022 5:52,3,1,Control,0,0,0,0,0,,6,1,34,0,3,1,1,1,1,1,4,10,5,0,0,0,0,0,11,11,11,10,10,0,0
5781,  5/24/2022 3:01,3,1,Default_no,0,0,0,0,1,1,3,1,29,1,2,0,2,1,0,1,1,10,8,0,0,0,0,1,8,11,11,1,11,,1
5782, 5/24/2022 12:59,3,1,Default_no,0,0,0,0,1,1,4,1,74,1,2,0,3,0,0,11,11,11,9,1,1,1,1,1,11,11,11,10,11,,1
5783,  5/24/2022 1:07,3,1,Trust,0,1,0,0,0,,6,0,56,1,3,1,1,1,0,1,8,9,6,1,0,1,0,0,9,11,11,9,11,,0
5784,  5/24/2022 1:18,3,1,Trust,0,1,0,0,0,,4,1,34,1,3,1,1,1,0,1,11,11,6,0,0,1,1,0,11,11,11,11,11,,0
5785,  5/24/2022 5:38,3,1,Trust_promise,1,0,0,0,0,1,6,1,37,1,3,1,2,1,0,3,6,11,9,1,0,1,1,1,11,11,11,11,11,1,0
5786, 5/24/2022 12:04,3,1,Trust_promise,1,0,0,0,0,1,2,1,28,1,3,1,1,1,1,4,6,7,8,0,0,1,0,1,7,5,8,5,6,1,0
5787,  5/24/2022 5:50,3,1,Default_no,0,0,0,0,1,1,4,0,57,0,5,1,2,1,1,2,8,10,9,1,0,1,0,1,10,10,10,8,9,,1
5788,  5/24/2022 6:41,3,1,Default_yes,0,0,0,1,0,1,4,1,23,1,3,1,2,1,0,11,11,11,4,0,1,1,1,0,11,11,11,11,11,,1
5789,  5/24/2022 2:42,3,1,Trust_promise,1,0,0,0,0,1,6,1,34,1,2,0,2,1,1,1,11,11,11,0,0,1,1,1,11,11,11,11,11,1,0
5790,  5/24/2022 5:34,3,1,Trust_promise,1,0,0,0,0,1,6,0,48,1,3,1,2,1,0,7,11,11,9,1,1,1,1,1,10,11,10,10,9,1,0
5791,  5/24/2022 7:56,3,1,Control,0,0,0,0,0,,2,0,65,1,2,0,3,0,0,1,9,9,6,1,0,1,0,0,10,11,11,11,11,0,0
5792, 5/24/2022 12:50,3,1,Trust,0,1,0,0,0,,5,0,29,1,3,1,1,1,1,6,6,6,6,0,1,1,0,0,6,1,1,1,1,,0
5793,  5/24/2022 9:56,3,1,Control,0,0,0,0,0,,5,0,64,0,4,1,1,1,1,2,1,11,9,1,0,0,1,1,11,11,11,11,11,0,0
5794,  5/24/2022 2:25,3,1,Default_no,0,0,0,0,1,1,4,0,49,1,3,1,1,1,1,4,10,10,8,1,0,1,0,1,9,11,11,11,11,,1
5795,  5/24/2022 6:55,3,1,Control,0,0,0,0,0,,2,1,65,1,3,1,3,0,1,5,1,11,9,1,1,0,1,1,10,10,10,6,9,0,0
5796,  5/24/2022 1:43,3,1,Control,0,0,0,0,0,,3,0,68,0,3,1,2,1,0,8,8,9,7,1,1,1,0,0,9,11,10,10,11,0,0
5797, 5/25/2022 10:15,3,1,Promise,0,0,1,0,0,1,4,1,44,0,3,1,2,1,1,7,5,9,3,1,1,0,0,0,11,9,8,11,10,1,0
5798, 5/25/2022 10:26,3,1,Default_yes,0,0,0,1,0,1,1,1,26,0,2,0,3,0,1,2,1,11,7,0,0,0,1,0,11,11,11,11,11,,1
5799,  5/24/2022 4:34,3,1,Default_yes,0,0,0,1,0,1,4,1,54,0,5,1,2,1,0,9,11,9,7,1,1,1,0,0,6,6,4,4,4,,1
5800,  5/24/2022 5:08,3,1,Trust_promise,1,0,0,0,0,1,4,1,29,0,2,0,1,1,0,6,11,11,6,0,1,1,1,0,11,10,11,1,9,1,0
5801,  5/24/2022 1:03,3,1,Promise,0,0,1,0,0,1,4,1,36,0,3,1,2,1,1,1,1,9,6,1,0,0,0,0,11,11,11,11,11,1,0
5802,  5/24/2022 6:47,3,1,Default_no,0,0,0,0,1,1,2,1,35,1,2,0,2,1,0,6,6,11,7,1,1,1,1,0,7,9,10,11,1,,1
5803,  5/24/2022 6:57,3,1,Promise,0,0,1,0,0,1,2,0,68,1,5,1,3,0,0,3,11,11,10,1,0,1,1,1,11,11,11,11,11,1,0
5804, 5/24/2022 12:49,3,1,Trust,0,1,0,0,0,,5,0,23,1,3,1,1,1,0,6,11,11,8,0,1,1,1,1,11,11,11,11,11,,0
5805, 5/24/2022 11:49,3,1,Trust_promise,1,0,0,0,0,1,3,0,41,0,3,1,1,1,1,10,10,9,6,1,1,1,0,0,11,11,11,10,11,1,0
5806, 5/24/2022 12:05,3,1,Promise,0,0,1,0,0,1,2,1,19,1,2,0,3,0,0,3,9,8,6,0,0,1,0,0,7,8,9,9,8,1,0
5807,  5/24/2022 2:00,3,1,Default_yes,0,0,0,1,0,1,6,1,32,1,2,0,3,0,0,1,8,7,7,0,0,1,0,0,6,7,7,2,4,,1
5808, 5/24/2022 11:20,3,1,Trust,0,1,0,0,0,,3,0,48,1,3,1,1,1,1,7,8,10,8,1,1,1,0,1,11,11,11,11,9,,0
5809, 5/24/2022 11:11,3,1,Default_no,0,0,0,0,1,1,3,0,35,0,2,0,1,1,0,8,6,9,6,1,1,1,0,0,8,11,9,10,7,,1
5810,  5/24/2022 5:16,3,1,Default_yes,0,0,0,1,0,1,3,0,36,1,4,1,2,1,1,6,7,11,5,1,1,1,1,0,6,11,11,11,11,,1
5811, 5/24/2022 12:25,3,1,Promise,0,0,1,0,0,1,3,1,31,0,3,1,1,1,1,5,1,11,6,0,1,0,1,0,11,11,11,11,11,1,0
5812, 5/24/2022 12:37,3,1,Control,0,0,0,0,0,,5,1,29,0,2,0,2,1,0,6,11,11,8,0,1,1,1,1,8,11,11,1,11,0,0
5813,  5/24/2022 3:11,3,1,Trust,0,1,0,0,0,,5,1,38,0,3,1,2,1,1,7,1,10,10,1,1,0,0,1,9,9,9,9,9,,0
5814, 5/24/2022 11:21,3,1,Default_no,0,0,0,0,1,1,2,1,63,0,4,1,1,1,1,8,1,11,9,1,1,0,1,1,1,6,11,1,1,,1
5815,  5/24/2022 1:44,3,1,Default_yes,0,0,0,1,0,1,5,0,25,0,3,1,1,1,0,4,1,4,5,0,0,0,0,0,2,11,11,9,8,,1
5816,  5/24/2022 6:51,3,1,Promise,0,0,1,0,0,1,5,0,27,0,4,1,2,1,1,1,1,1,3,0,0,0,0,0,6,9,7,2,7,1,0
5817,  5/24/2022 1:28,3,1,Trust,0,1,0,0,0,,2,0,35,1,3,1,1,1,1,1,2,11,6,1,0,0,1,0,5,2,3,2,5,,0
5818,  5/24/2022 7:45,3,1,Default_no,0,0,0,0,1,1,1,1,37,0,4,1,2,1,1,2,7,10,6,1,0,1,0,0,10,9,10,10,10,,1
5819, 5/24/2022 12:23,3,1,Default_no,0,0,0,0,1,1,2,1,27,0,3,1,1,1,1,4,1,11,8,0,0,0,1,1,8,11,11,11,11,,1
5820, 5/24/2022 12:21,3,1,Default_no,0,0,0,0,1,1,5,0,55,0,3,1,1,1,1,9,11,11,10,1,1,1,1,1,11,11,11,6,11,,1
5821,  5/24/2022 7:51,3,1,Default_yes,0,0,0,1,0,1,3,1,21,1,3,1,2,1,0,6,11,11,2,0,1,1,1,0,4,3,2,6,2,,1
5822,  5/24/2022 2:19,3,1,Trust,0,1,0,0,0,,1,0,40,0,3,1,2,1,1,1,2,11,8,1,0,0,1,1,9,10,10,3,10,,0
5823,  5/24/2022 6:06,3,1,Promise,0,0,1,0,0,1,1,0,68,0,4,1,1,1,1,6,11,10,9,1,1,1,0,1,9,11,11,9,10,1,0
5824,  5/24/2022 2:19,3,1,Promise,0,0,1,0,0,1,6,0,41,0,3,1,1,1,1,4,5,10,9,1,0,0,0,1,11,11,11,11,11,1,0
5825, 5/24/2022 12:00,3,1,Default_no,0,0,0,0,1,1,3,0,65,1,2,0,1,1,1,1,1,11,9,1,0,0,1,1,11,11,11,11,11,,1
5826, 5/24/2022 11:59,3,1,Control,0,0,0,0,0,,4,1,30,0,2,0,1,1,0,6,1,6,4,0,1,0,0,0,7,10,10,8,8,0,0
5827,  5/24/2022 6:45,3,1,Control,0,0,0,0,0,,4,1,38,0,3,1,2,1,1,3,5,10,6,1,0,0,0,0,7,8,9,8,8,0,0
5828,  5/24/2022 4:26,3,1,Trust,0,1,0,0,0,,2,0,40,0,2,0,2,1,1,6,11,10,7,1,1,1,0,0,10,9,9,4,7,,0
5829,  5/24/2022 8:48,3,1,Promise,0,0,1,0,0,1,1,1,28,0,3,1,3,0,0,2,4,11,8,0,0,0,1,1,11,11,11,11,11,1,0
5830,  5/24/2022 2:34,3,1,Promise,0,0,1,0,0,1,4,1,22,1,3,1,3,0,0,1,3,11,6,0,0,0,1,0,3,10,9,8,8,1,0
5831, 5/24/2022 12:16,3,1,Default_no,0,0,0,0,1,1,1,1,49,0,2,0,1,1,0,3,1,8,5,1,0,0,0,0,10,10,11,7,6,,1
5832, 5/24/2022 11:31,3,1,Default_no,0,0,0,0,1,1,1,1,31,1,3,1,1,1,0,5,1,7,5,0,1,0,0,0,11,11,11,9,1,,1
5833, 5/24/2022 11:15,3,1,Promise,0,0,1,0,0,1,4,1,45,0,5,1,1,1,0,2,1,8,8,1,0,0,0,1,9,10,11,11,7,1,0
5834, 5/24/2022 11:39,3,1,Default_no,0,0,0,0,1,1,1,1,34,0,2,0,3,0,0,6,1,8,1,0,1,0,0,0,11,10,11,11,11,,1
5835, 5/24/2022 10:40,3,1,Default_yes,0,0,0,1,0,1,4,1,42,0,4,1,1,1,1,1,11,10,11,1,0,1,0,1,9,11,10,1,10,,1
5836, 5/24/2022 11:30,3,1,Trust_promise,1,0,0,0,0,1,1,0,42,1,3,1,1,1,1,4,1,11,8,1,0,0,1,1,11,11,11,11,11,1,0
5837,  5/24/2022 8:48,3,1,Default_no,0,0,0,0,1,1,6,1,25,0,2,0,3,0,0,3,1,1,1,0,0,0,0,0,11,11,11,11,5,,1
5838,  5/24/2022 4:37,3,1,Default_yes,0,0,0,1,0,1,6,0,36,0,2,0,2,1,1,3,3,9,8,1,0,0,0,1,11,11,10,8,8,,1
5839,  5/24/2022 5:44,3,1,Trust_promise,1,0,0,0,0,1,5,1,35,1,3,1,2,1,0,6,10,11,9,1,1,1,1,1,11,11,11,11,11,1,0
5840,  5/24/2022 3:08,3,1,Control,0,0,0,0,0,,3,1,49,0,3,1,2,1,1,3,1,8,8,1,0,0,0,1,11,11,11,6,11,0,0
5841, 5/24/2022 12:57,3,1,Trust_promise,1,0,0,0,0,1,1,1,25,0,2,0,1,1,0,6,11,11,8,0,1,1,1,1,10,10,10,5,5,1,0
5842,  5/24/2022 3:42,3,1,Trust,0,1,0,0,0,,2,0,44,1,2,0,1,1,0,1,1,11,9,1,0,0,1,1,9,11,11,8,9,,0
5843,  5/24/2022 4:05,3,1,Default_no,0,0,0,0,1,1,1,1,52,0,2,0,1,1,1,8,6,10,8,1,1,1,0,1,9,11,10,5,9,,1
5844,  5/24/2022 4:23,3,1,Default_yes,0,0,0,1,0,1,3,1,35,0,3,1,1,1,0,1,1,9,7,1,0,0,0,0,9,9,8,8,6,,1
5845, 5/24/2022 11:17,3,1,Promise,0,0,1,0,0,1,4,1,39,0,4,1,2,1,1,1,10,11,8,1,0,1,1,1,3,1,6,3,6,1,0
5846,  5/25/2022 8:32,3,1,Trust_promise,1,0,0,0,0,1,1,0,27,0,2,0,3,0,0,1,2,11,6,0,0,0,1,0,11,11,11,11,11,1,0
5847, 5/25/2022 10:58,3,1,Control,0,0,0,0,0,,4,0,73,0,4,1,3,0,0,1,8,6,6,1,0,1,0,0,10,10,11,10,10,0,0
5848, 5/24/2022 12:15,3,1,Control,0,0,0,0,0,,3,1,31,0,3,1,2,1,1,4,3,8,6,0,0,0,0,0,7,7,8,6,7,0,0
5849,  5/24/2022 2:08,3,1,Promise,0,0,1,0,0,1,4,0,49,1,3,1,1,1,0,8,11,11,9,1,1,1,1,1,11,11,11,11,11,1,0
5850, 5/24/2022 12:07,3,1,Promise,0,0,1,0,0,1,1,0,43,1,3,1,3,0,0,3,1,11,9,1,0,0,1,1,11,11,11,11,9,1,0
5851, 5/24/2022 11:58,3,1,Default_yes,0,0,0,1,0,1,1,0,29,1,2,0,2,1,0,6,9,7,5,0,1,1,0,0,6,10,10,11,11,,1
5852,  5/24/2022 4:27,3,1,Trust,0,1,0,0,0,,1,1,60,0,3,1,2,1,1,6,1,6,8,1,1,0,0,1,7,7,7,2,10,,0
5853,  5/24/2022 1:39,3,1,Trust_promise,1,0,0,0,0,1,3,1,36,1,5,1,3,0,0,2,2,10,8,1,0,0,0,1,10,10,10,8,5,1,0
5854,  5/24/2022 2:05,3,1,Trust,0,1,0,0,0,,3,0,32,1,4,1,2,1,1,1,1,10,9,0,0,0,0,1,11,11,11,9,10,,0
5855, 5/24/2022 12:05,3,1,Default_no,0,0,0,0,1,1,2,0,35,0,3,1,1,1,1,3,2,9,1,1,0,0,0,0,11,11,11,7,1,,1
5856, 5/24/2022 12:06,3,1,Default_yes,0,0,0,1,0,1,3,0,37,0,2,0,1,1,0,1,11,11,8,1,0,1,1,1,11,11,11,6,6,,1
5857,  5/24/2022 7:57,3,1,Trust_promise,1,0,0,0,0,1,6,1,20,1,2,0,3,0,0,2,7,9,6,0,0,1,0,0,10,11,10,10,10,1,0
5858, 5/24/2022 11:19,3,1,Promise,0,0,1,0,0,1,1,0,41,0,3,1,1,1,1,5,8,8,8,1,1,1,0,1,10,9,10,10,10,1,0
5859,  5/24/2022 1:07,3,1,Default_yes,0,0,0,1,0,1,6,1,24,0,2,0,3,0,0,1,1,3,4,0,0,0,0,0,11,11,11,11,11,,1
5860, 5/24/2022 10:47,3,1,Default_yes,0,0,0,1,0,1,5,0,35,1,5,1,1,1,1,4,1,9,7,1,0,0,0,0,1,1,8,1,1,,1
5861,  5/24/2022 1:11,3,1,Control,0,0,0,0,0,,3,0,29,1,3,1,1,1,0,2,2,9,9,0,0,0,0,1,10,10,10,10,10,0,0
5862,  5/24/2022 1:13,3,1,Trust_promise,1,0,0,0,0,1,3,1,31,1,5,1,1,1,1,3,1,9,7,0,0,0,0,0,11,11,11,11,8,1,0
5863,  5/24/2022 2:18,3,1,Default_no,0,0,0,0,1,1,2,1,28,1,2,0,1,1,1,2,1,11,6,0,0,0,1,0,10,10,10,2,9,,1
5864, 5/24/2022 12:21,3,1,Default_no,0,0,0,0,1,1,4,0,60,1,3,1,1,1,1,10,11,11,8,1,1,1,1,1,11,11,11,11,11,,1
5865,  5/24/2022 6:34,3,1,Default_no,0,0,0,0,1,1,1,0,30,1,2,0,1,1,1,1,3,9,7,0,0,0,0,0,11,11,11,11,11,,1
5866,  5/24/2022 2:03,3,1,Control,0,0,0,0,0,,4,1,31,1,3,1,1,1,1,1,1,6,5,0,0,0,0,0,11,3,2,1,1,0,0
5867, 5/24/2022 12:21,3,1,Default_no,0,0,0,0,1,1,6,0,40,1,2,0,2,1,0,7,11,11,8,1,1,1,1,1,8,11,11,10,6,,1
5868, 5/24/2022 12:05,3,1,Trust,0,1,0,0,0,,2,0,32,0,2,0,1,1,1,9,6,8,4,0,1,1,0,0,9,10,10,5,5,,0
5869,  5/24/2022 6:10,3,1,Default_no,0,0,0,0,1,1,5,1,34,1,3,1,2,1,0,3,1,9,6,0,0,0,0,0,9,9,8,8,8,,1
5870,  5/24/2022 2:29,3,1,Default_yes,0,0,0,1,0,1,5,0,39,1,3,1,1,1,1,8,8,11,8,1,1,1,1,1,11,11,11,11,11,,1
5871,  5/24/2022 5:02,3,1,Trust,0,1,0,0,0,,5,0,31,1,2,0,2,1,1,1,1,11,5,0,0,0,1,0,11,11,11,11,11,,0
5872,  5/25/2022 1:54,3,1,Trust_promise,1,0,0,0,0,1,1,1,33,0,2,0,1,1,0,5,11,11,4,0,1,1,1,0,11,11,10,10,10,1,0
5873, 5/24/2022 12:40,3,1,Default_yes,0,0,0,1,0,1,4,1,36,1,4,1,2,1,1,3,2,11,6,1,0,0,1,0,11,11,11,11,11,,1
5874,  5/24/2022 7:32,3,1,Trust_promise,1,0,0,0,0,1,3,0,38,1,2,0,1,1,1,3,3,8,7,1,0,0,0,0,11,11,11,11,11,1,0
5875,  5/24/2022 1:36,3,1,Default_no,0,0,0,0,1,1,1,1,18,0,2,0,3,0,0,5,1,11,5,0,1,0,1,0,7,10,10,9,8,,1
5876,  5/24/2022 6:18,3,1,Control,0,0,0,0,0,,4,1,35,0,2,0,1,1,0,1,1,8,6,1,0,0,0,0,10,11,10,11,9,0,0
5877, 5/24/2022 10:54,3,1,Default_no,0,0,0,0,1,1,1,1,23,1,2,0,2,1,1,6,11,11,8,0,1,1,1,1,10,7,9,10,10,,1
5878,  5/24/2022 6:49,3,1,Promise,0,0,1,0,0,1,3,0,24,1,3,1,2,1,0,5,1,9,4,0,1,0,0,0,9,6,9,9,5,1,0
5879, 5/24/2022 11:20,3,1,Default_yes,0,0,0,1,0,1,3,0,27,0,3,1,2,1,0,1,7,11,4,0,0,1,1,0,11,10,11,6,6,,1
5880,  5/25/2022 9:18,3,1,Default_yes,0,0,0,1,0,1,4,1,46,0,2,0,1,1,1,6,10,11,8,1,1,1,1,1,11,11,11,11,11,,1
5881, 5/24/2022 12:18,3,1,Default_no,0,0,0,0,1,1,6,0,55,1,2,0,1,1,0,7,11,11,6,1,1,1,1,0,11,11,11,11,11,,1
5882,  5/24/2022 9:34,3,1,Control,0,0,0,0,0,,5,0,38,0,3,1,1,1,0,4,2,11,7,1,0,0,1,0,9,7,11,3,8,0,0
5883,  5/24/2022 1:18,3,1,Trust,0,1,0,0,0,,1,1,30,0,3,1,1,1,1,2,1,11,3,0,0,0,1,0,11,11,11,11,11,,0
5884, 5/24/2022 12:24,3,1,Default_no,0,0,0,0,1,1,2,0,24,0,2,0,2,1,1,6,6,11,8,0,1,1,1,1,11,11,11,11,11,,1
5885,  5/25/2022 1:06,3,1,Promise,0,0,1,0,0,1,6,0,41,0,2,0,1,1,1,6,10,6,3,1,1,1,0,0,1,11,11,2,10,1,0
5886, 5/24/2022 12:58,3,1,Promise,0,0,1,0,0,1,3,0,57,1,2,0,2,1,1,5,1,11,6,1,1,0,1,0,1,1,1,2,1,1,0
5887,  5/24/2022 1:35,3,1,Trust,0,1,0,0,0,,3,0,19,0,2,0,2,1,0,4,1,9,6,0,0,0,0,0,9,9,7,8,6,,0
5888, 5/24/2022 11:05,3,1,Trust_promise,1,0,0,0,0,1,5,1,29,1,2,0,1,1,1,5,1,11,2,0,1,0,1,0,10,6,6,6,6,1,0
5889,  5/24/2022 8:02,3,1,Promise,0,0,1,0,0,1,4,1,19,0,2,0,1,1,0,8,6,9,9,0,1,1,0,1,11,11,10,11,10,1,0
5890, 5/24/2022 12:52,3,1,Promise,0,0,1,0,0,1,1,0,59,1,4,1,3,0,0,2,2,3,5,1,0,0,0,0,11,11,10,9,10,1,0
5891,  5/24/2022 1:12,3,1,Control,0,0,0,0,0,,4,0,22,0,2,0,2,1,0,4,1,11,6,0,0,0,1,0,11,11,11,11,11,0,0
5892,  5/24/2022 5:53,3,1,Promise,0,0,1,0,0,1,2,0,21,1,2,0,2,1,0,8,11,9,8,0,1,1,0,1,9,10,8,9,9,1,0
5893, 5/24/2022 12:43,3,1,Promise,0,0,1,0,0,1,5,0,71,0,4,1,3,0,0,4,1,11,8,1,0,0,1,1,8,9,11,8,7,1,0
5894,  5/24/2022 3:58,3,1,Control,0,0,0,0,0,,3,1,64,1,3,1,3,0,1,10,11,10,7,1,1,1,0,0,11,11,11,11,11,0,0
5895,  5/24/2022 2:15,3,1,Trust_promise,1,0,0,0,0,1,2,0,44,0,3,1,2,1,1,6,6,8,8,1,1,1,0,1,11,9,11,10,10,1,0
5896, 5/24/2022 11:58,3,1,Trust_promise,1,0,0,0,0,1,4,0,51,0,3,1,2,1,1,7,9,9,9,1,1,1,0,1,11,11,11,11,11,1,0
5897,  5/25/2022 6:02,3,1,Control,0,0,0,0,0,,3,0,58,0,4,1,1,1,1,7,6,8,8,1,1,1,0,1,7,11,11,11,7,0,0
5898,  5/24/2022 2:43,3,1,Trust,0,1,0,0,0,,6,0,38,0,3,1,1,1,1,7,1,9,3,1,1,0,0,0,5,11,11,2,9,,0
5899,  5/24/2022 5:26,3,1,Trust_promise,1,0,0,0,0,1,5,0,51,0,2,0,3,0,0,6,6,11,5,1,1,1,1,0,11,11,11,11,11,1,0
5900,  5/24/2022 2:36,3,1,Trust,0,1,0,0,0,,6,0,55,0,3,1,2,1,1,10,11,10,8,1,1,1,0,1,11,11,11,11,11,,0
5901,  5/24/2022 6:27,3,1,Default_yes,0,0,0,1,0,1,5,0,29,0,3,1,1,1,0,10,7,11,9,0,1,1,1,1,6,11,11,6,6,,1
5902,  5/25/2022 8:12,3,1,Default_yes,0,0,0,1,0,1,3,0,29,0,5,1,1,1,1,4,2,8,9,0,0,0,0,1,10,9,11,10,10,,1
5903,  5/24/2022 6:01,3,1,Default_yes,0,0,0,1,0,1,2,0,20,0,2,0,3,0,0,6,1,11,8,0,1,0,1,1,11,11,10,11,10,,1
5904,  5/24/2022 1:02,3,1,Trust,0,1,0,0,0,,1,0,51,1,3,1,2,1,1,4,9,9,4,1,0,1,0,0,11,11,11,11,11,,0
5905, 5/24/2022 11:48,3,1,Default_no,0,0,0,0,1,1,2,0,32,0,3,1,1,1,1,9,1,11,8,0,1,0,1,1,9,11,11,2,11,,1
5906,  5/24/2022 3:32,3,1,Trust_promise,1,0,0,0,0,1,6,0,27,1,3,1,1,1,1,9,9,10,9,0,1,1,0,1,11,11,11,11,1,1,0
5907, 5/25/2022 12:16,3,1,Promise,0,0,1,0,0,1,4,1,18,0,2,0,3,0,0,1,1,1,4,0,0,0,0,0,7,3,3,4,3,1,0
5908, 5/24/2022 12:06,3,1,Promise,0,0,1,0,0,1,1,0,67,0,2,0,3,0,0,3,1,11,4,1,0,0,1,0,6,6,6,6,6,1,0
5909, 5/24/2022 12:23,3,1,Promise,0,0,1,0,0,1,5,1,34,1,2,0,1,1,0,1,1,11,6,0,0,0,1,0,11,11,11,6,6,1,0
5910, 5/24/2022 12:15,3,1,Trust,0,1,0,0,0,,6,1,26,1,3,1,2,1,0,2,11,8,4,0,0,1,0,0,11,11,11,11,11,,0
5911,  5/24/2022 7:37,3,1,Control,0,0,0,0,0,,4,0,39,1,3,1,1,1,1,2,2,10,7,1,0,0,0,0,11,11,11,7,9,0,0
5912,  5/25/2022 8:06,3,1,Trust,0,1,0,0,0,,1,1,29,0,4,1,1,1,1,7,11,11,6,0,1,1,1,0,11,11,11,11,1,,0
5913,  5/24/2022 3:42,3,1,Trust_promise,1,0,0,0,0,1,5,1,33,1,4,1,2,1,1,1,1,8,5,0,0,0,0,0,7,5,5,4,4,1,0
5914,  5/25/2022 5:39,3,1,Default_yes,0,0,0,1,0,1,5,0,29,0,3,1,1,1,1,3,2,10,9,0,0,0,0,1,8,6,9,9,10,,1
5915,  5/24/2022 5:05,3,1,Default_no,0,0,0,0,1,1,6,0,51,0,3,1,1,1,1,10,11,10,9,1,1,1,0,1,8,8,9,9,9,,1
5916, 5/25/2022 11:02,3,1,Default_yes,0,0,0,1,0,1,6,0,65,0,2,0,3,0,1,4,1,9,7,1,0,0,0,0,9,9,10,10,9,,1
5917, 5/24/2022 11:02,3,1,Trust_promise,1,0,0,0,0,1,2,1,37,1,3,1,2,1,1,6,11,11,7,1,1,1,1,0,11,11,11,11,11,1,0
5918, 5/25/2022 12:36,3,1,Promise,0,0,1,0,0,1,2,0,27,0,3,1,1,1,1,5,1,10,5,0,1,0,0,0,11,11,11,8,9,1,0
5919, 5/24/2022 11:25,3,1,Control,0,0,0,0,0,,5,0,50,0,2,0,1,1,1,9,11,11,5,1,1,1,1,0,11,11,11,11,10,0,0
5920,  5/24/2022 1:33,3,1,Trust,0,1,0,0,0,,2,0,35,1,5,1,1,1,1,1,3,9,8,1,0,0,0,1,11,9,11,6,6,,0
5921,  5/24/2022 1:04,3,1,Default_no,0,0,0,0,1,1,3,1,55,0,3,1,1,1,1,8,6,8,3,1,1,1,0,0,8,6,8,6,6,,1
5922,  5/24/2022 1:40,3,1,Promise,0,0,1,0,0,1,2,0,25,0,3,1,1,1,1,1,1,10,8,0,0,0,0,1,9,9,9,9,9,1,0
5923, 5/24/2022 12:42,3,1,Promise,0,0,1,0,0,1,1,0,49,1,3,1,3,0,0,11,11,11,8,1,1,1,1,1,11,11,11,11,11,1,0
5924, 5/24/2022 12:36,3,1,Trust_promise,1,0,0,0,0,1,6,0,23,0,2,0,2,1,0,4,1,6,5,0,0,0,0,0,9,9,6,6,7,1,0
5925, 5/24/2022 12:49,3,1,Trust_promise,1,0,0,0,0,1,2,0,57,1,2,0,3,0,0,6,11,11,6,1,1,1,1,0,11,11,11,1,1,1,0
5926, 5/24/2022 12:09,3,1,Trust,0,1,0,0,0,,2,1,63,1,4,1,1,1,0,1,3,7,6,1,0,0,0,0,10,10,10,8,10,,0
5927, 5/24/2022 12:49,3,1,Trust_promise,1,0,0,0,0,1,6,1,33,0,3,1,1,1,1,7,11,10,8,0,1,1,0,1,1,6,6,1,1,1,0
5928,  5/24/2022 7:14,3,1,Trust_promise,1,0,0,0,0,1,5,0,49,0,4,1,2,1,1,6,8,9,3,1,1,1,0,0,11,11,11,11,11,1,0
5929, 5/24/2022 10:49,3,1,Default_no,0,0,0,0,1,1,1,0,37,0,2,0,1,1,0,3,1,3,2,1,0,0,0,0,10,11,11,10,10,,1
5930,  5/24/2022 1:18,3,1,Promise,0,0,1,0,0,1,5,0,22,1,2,0,3,0,0,1,3,10,8,0,0,0,0,1,8,9,8,10,8,1,0
5931,  5/24/2022 1:26,3,1,Trust_promise,1,0,0,0,0,1,1,0,34,0,3,1,1,1,1,9,11,11,3,0,1,1,1,0,5,9,10,1,10,1,0
5932,  5/24/2022 4:39,3,1,Promise,0,0,1,0,0,1,4,0,21,1,2,0,2,1,0,2,3,9,9,0,0,0,0,1,8,10,10,10,11,1,0
5933,  5/24/2022 5:51,3,1,Promise,0,0,1,0,0,1,4,1,55,1,4,1,3,0,0,6,9,8,8,1,1,1,0,1,9,10,9,9,6,1,0
5934,  5/24/2022 2:26,3,1,Trust_promise,1,0,0,0,0,1,6,0,30,1,3,1,2,1,1,3,11,10,6,0,0,1,0,0,11,11,11,11,11,1,0
5935, 5/24/2022 11:14,3,1,Control,0,0,0,0,0,,1,0,37,0,5,1,1,1,1,3,3,11,7,1,0,0,1,0,11,11,11,2,9,0,0
5936,  5/24/2022 4:17,3,1,Control,0,0,0,0,0,,1,1,20,1,2,0,3,0,0,1,1,11,6,0,0,0,1,0,6,4,4,3,6,0,0
5937, 5/24/2022 12:07,3,1,Promise,0,0,1,0,0,1,6,1,23,0,2,0,2,1,1,9,7,9,7,0,1,1,0,0,9,9,10,8,9,1,0
5938,  5/24/2022 2:42,3,1,Default_yes,0,0,0,1,0,1,1,0,51,1,3,1,1,1,1,6,8,9,7,1,1,1,0,0,11,11,11,11,11,,1
5939,  5/24/2022 1:10,3,1,Default_no,0,0,0,0,1,1,5,0,63,0,2,0,3,0,0,3,11,11,8,1,0,1,1,1,6,10,6,6,6,,1
5940,  5/24/2022 8:49,3,1,Trust,0,1,0,0,0,,2,1,53,0,2,0,2,1,1,7,1,11,6,1,1,0,1,0,11,11,11,11,11,,0
5941,  5/24/2022 1:36,3,1,Control,0,0,0,0,0,,5,0,21,1,3,1,1,1,0,4,9,8,5,0,0,1,0,0,11,10,10,10,10,0,0
5942,  5/24/2022 1:33,3,1,Control,0,0,0,0,0,,2,0,67,0,4,1,2,1,1,11,11,11,9,1,1,1,1,1,11,6,11,1,9,0,0
5943, 5/24/2022 11:46,3,1,Default_yes,0,0,0,1,0,1,6,1,27,0,3,1,3,0,0,2,1,10,5,0,0,0,0,0,9,11,11,11,11,,1
5944,  5/24/2022 1:52,3,1,Trust,0,1,0,0,0,,3,0,26,1,3,1,2,1,0,2,4,9,8,0,0,0,0,1,8,11,9,10,7,,0
5945, 5/24/2022 11:22,3,1,Trust_promise,1,0,0,0,0,1,4,0,33,0,3,1,1,1,1,3,1,11,6,0,0,0,1,0,11,11,11,11,11,1,0
5946, 5/24/2022 11:31,3,1,Trust,0,1,0,0,0,,2,1,27,0,2,0,3,0,0,2,1,11,6,0,0,0,1,0,11,11,11,11,11,,0
5947, 5/24/2022 11:13,3,1,Default_yes,0,0,0,1,0,1,6,0,21,1,2,0,3,0,0,2,1,11,5,0,0,0,1,0,11,11,11,11,11,,1
5948,  5/24/2022 2:36,3,1,Promise,0,0,1,0,0,1,1,0,59,1,3,1,3,0,0,9,11,9,8,1,1,1,0,1,11,11,11,11,11,1,0
5949,  5/24/2022 4:17,3,1,Default_yes,0,0,0,1,0,1,1,0,68,1,2,0,3,0,0,6,6,10,8,1,1,1,0,1,11,6,11,4,7,,1
5950,  5/24/2022 3:32,3,1,Default_no,0,0,0,0,1,1,6,1,34,0,3,1,2,1,1,6,9,9,11,0,1,1,0,1,11,11,11,11,11,,1
5951,  5/24/2022 2:59,3,1,Trust,0,1,0,0,0,,2,0,21,1,2,0,1,1,0,10,11,10,8,0,1,1,0,1,7,8,8,8,8,,0
5952, 5/24/2022 12:37,3,1,Default_yes,0,0,0,1,0,1,5,0,60,0,4,1,2,1,1,11,11,7,5,1,1,1,0,0,6,11,11,1,1,,1
5953,  5/24/2022 1:19,3,1,Trust_promise,1,0,0,0,0,1,3,1,21,0,2,0,2,1,0,1,1,1,9,0,0,0,0,1,1,11,11,11,11,1,0
5954,  5/24/2022 1:48,3,1,Trust_promise,1,0,0,0,0,1,5,0,69,0,3,1,3,0,0,10,10,10,7,1,1,1,0,0,11,11,11,11,11,1,0
5955,  5/24/2022 1:38,3,1,Trust,0,1,0,0,0,,4,0,35,1,4,1,2,1,1,6,6,11,8,1,1,1,1,1,11,11,11,11,11,,0
5956, 5/24/2022 12:46,3,1,Promise,0,0,1,0,0,1,5,1,33,0,3,1,1,1,1,2,9,10,9,0,0,1,0,1,8,11,11,11,1,1,0
5957, 5/24/2022 11:53,3,1,Promise,0,0,1,0,0,1,6,0,34,1,3,1,1,1,1,3,1,11,6,0,0,0,1,0,11,11,11,11,11,1,0
5958,  5/24/2022 1:14,3,1,Default_no,0,0,0,0,1,1,3,1,31,0,2,0,3,0,0,1,1,11,6,0,0,0,1,0,11,11,11,11,11,,1
5959,  5/24/2022 1:01,3,1,Trust,0,1,0,0,0,,5,0,20,1,3,1,2,1,0,3,11,10,7,0,0,1,0,0,8,10,10,10,10,,0
5960,  5/25/2022 5:22,3,1,Default_no,0,0,0,0,1,1,6,0,56,0,3,1,2,1,1,10,11,11,10,1,1,1,1,1,11,11,11,11,11,,1
5961,  5/24/2022 5:13,3,1,Default_no,0,0,0,0,1,1,4,0,22,1,3,1,2,1,0,1,7,6,7,0,0,1,0,0,4,11,9,5,7,,1
5962, 5/24/2022 11:19,3,1,Trust_promise,1,0,0,0,0,1,6,0,34,0,3,1,1,1,1,5,11,11,6,0,1,1,1,0,11,1,11,11,11,1,0
5963,  5/24/2022 3:50,3,1,Trust_promise,1,0,0,0,0,1,3,1,31,1,2,0,2,1,0,1,1,11,6,0,0,0,1,0,11,11,11,11,11,1,0
5964,  5/24/2022 3:24,3,1,Default_yes,0,0,0,1,0,1,5,0,27,0,4,1,1,1,0,4,11,10,9,0,0,1,0,1,5,10,8,6,8,,1
5965, 5/24/2022 12:20,3,1,Default_no,0,0,0,0,1,1,3,0,52,0,3,1,1,1,1,7,11,11,9,1,1,1,1,1,6,9,8,3,6,,1
5966, 5/24/2022 12:57,3,1,Trust,0,1,0,0,0,,4,0,23,0,2,0,3,0,0,4,11,8,7,0,0,1,0,0,9,9,10,8,8,,0
5967,  5/24/2022 1:20,3,1,Default_no,0,0,0,0,1,1,2,0,67,1,2,0,3,0,0,2,10,9,5,1,0,1,0,0,11,11,11,11,11,,1
5968, 5/24/2022 12:47,3,1,Promise,0,0,1,0,0,1,6,1,60,1,4,1,3,0,0,1,3,7,9,1,0,0,0,1,9,11,11,11,11,1,0
5969, 5/24/2022 12:00,3,1,Trust_promise,1,0,0,0,0,1,4,0,61,1,2,0,2,1,1,9,1,11,6,1,1,0,1,0,11,11,11,11,11,1,0
5970,  5/24/2022 4:13,3,1,Trust,0,1,0,0,0,,4,1,38,0,3,1,1,1,1,2,1,11,6,1,0,0,1,0,11,11,11,11,11,,0
5971, 5/24/2022 12:53,3,1,Control,0,0,0,0,0,,3,0,35,1,3,1,2,1,1,1,7,11,7,1,0,1,1,0,11,11,11,11,11,0,0
5972, 5/24/2022 12:51,3,1,Promise,0,0,1,0,0,1,6,0,25,0,4,1,2,1,0,1,3,6,4,0,0,0,0,0,9,6,8,8,6,1,0
5973, 5/24/2022 12:24,3,1,Trust,0,1,0,0,0,,3,1,33,1,3,1,1,1,1,11,11,11,6,0,1,1,1,0,11,11,11,1,11,,0
5974,  5/24/2022 1:20,3,1,Trust,0,1,0,0,0,,4,1,50,1,3,1,2,1,1,9,11,11,11,1,1,1,1,1,11,11,11,11,11,,0
5975,  5/24/2022 1:50,3,1,Promise,0,0,1,0,0,1,3,1,29,0,2,0,3,0,0,1,1,8,8,0,0,0,0,1,6,9,11,11,11,1,0
5976,  5/24/2022 2:44,3,1,Trust,0,1,0,0,0,,3,1,57,0,3,1,3,0,0,6,1,11,8,1,1,0,1,1,11,7,10,4,8,,0
5977,  5/25/2022 8:17,3,1,Default_no,0,0,0,0,1,1,6,0,42,0,3,1,1,1,0,1,1,10,10,1,0,0,0,1,11,11,11,4,8,,1
5978,  5/24/2022 1:00,3,1,Trust,0,1,0,0,0,,3,1,51,0,3,1,2,1,1,6,1,11,6,1,1,0,1,0,11,11,11,11,11,,0
5979, 5/24/2022 12:56,3,1,Promise,0,0,1,0,0,1,6,0,70,1,2,0,3,0,0,6,9,7,8,1,1,1,0,1,10,9,8,7,7,1,0
5980, 5/24/2022 12:19,3,1,Trust_promise,1,0,0,0,0,1,5,1,32,1,3,1,3,0,0,1,1,9,7,0,0,0,0,0,8,11,11,11,11,1,0
5981,  5/24/2022 1:41,3,1,Promise,0,0,1,0,0,1,4,0,30,0,4,1,1,1,0,4,10,8,2,0,0,1,0,0,11,11,11,11,11,1,0
5982,  5/24/2022 3:55,3,1,Default_no,0,0,0,0,1,1,4,0,47,1,2,0,3,0,0,1,1,9,7,1,0,0,0,0,11,11,11,9,11,,1
5983,  5/24/2022 5:37,3,1,Control,0,0,0,0,0,,4,1,23,1,3,1,3,0,0,3,3,4,3,0,0,0,0,0,8,11,8,8,8,0,0
5984, 5/24/2022 12:14,3,1,Control,0,0,0,0,0,,2,1,36,1,2,0,3,0,0,6,11,11,3,1,1,1,1,0,10,10,10,8,7,0,0
5985, 5/24/2022 11:42,3,1,Default_no,0,0,0,0,1,1,3,1,68,0,4,1,3,0,1,1,1,1,8,1,0,0,0,1,11,6,11,1,1,,1
5986,  5/24/2022 1:35,3,1,Control,0,0,0,0,0,,1,0,34,0,4,1,2,1,1,1,4,8,9,0,0,0,0,1,9,11,10,5,5,0,0
5987,  5/24/2022 8:53,3,1,Promise,0,0,1,0,0,1,3,1,39,0,2,0,3,0,0,11,11,11,8,1,1,1,1,1,11,11,11,2,2,1,0
5988,  5/24/2022 2:18,3,1,Promise,0,0,1,0,0,1,3,0,45,0,3,1,1,1,1,2,1,8,7,1,0,0,0,0,8,9,9,9,9,1,0
5989,  5/24/2022 7:23,3,1,Default_yes,0,0,0,1,0,1,1,0,34,1,4,1,2,1,1,1,2,10,10,0,0,0,0,1,11,11,11,4,5,,1
5990, 5/24/2022 11:56,3,1,Control,0,0,0,0,0,,3,0,30,1,3,1,1,1,0,1,3,8,7,0,0,0,0,0,11,11,11,11,10,0,0
5991, 5/24/2022 11:07,3,1,Control,0,0,0,0,0,,5,1,23,0,3,1,3,0,0,3,1,8,6,0,0,0,0,0,5,5,7,4,4,0,0
5992, 5/24/2022 12:44,3,1,Default_no,0,0,0,0,1,1,1,1,33,0,3,1,2,1,1,8,1,10,3,0,1,0,0,0,9,10,10,11,10,,1
5993,  5/24/2022 1:51,3,1,Default_no,0,0,0,0,1,1,2,0,31,1,3,1,2,1,0,2,7,9,6,0,0,1,0,0,11,11,11,11,11,,1
5994,  5/24/2022 2:08,3,1,Trust_promise,1,0,0,0,0,1,5,0,30,1,2,0,2,1,0,3,1,9,5,0,0,0,0,0,10,11,11,11,11,1,0
5995, 5/24/2022 12:20,3,1,Control,0,0,0,0,0,,6,1,25,1,2,0,1,1,0,6,1,11,10,0,1,0,1,1,11,10,9,10,9,0,0
5996,  5/24/2022 8:46,3,1,Default_yes,0,0,0,1,0,1,3,0,28,0,5,1,1,1,1,4,2,9,9,0,0,0,0,1,11,6,11,6,7,,1
5997,  5/24/2022 7:30,3,1,Promise,0,0,1,0,0,1,2,0,49,0,3,1,1,1,1,6,11,11,1,1,1,1,1,0,11,11,11,9,8,1,0
5998, 5/24/2022 12:07,3,1,Trust,0,1,0,0,0,,3,0,45,1,4,1,2,1,1,2,11,10,8,1,0,1,0,1,11,11,11,11,5,,0
5999,  5/24/2022 3:58,3,1,Trust_promise,1,0,0,0,0,1,1,0,41,1,4,1,3,0,0,2,8,7,9,1,0,1,0,1,11,11,9,4,8,1,0
6000,  5/24/2022 1:36,3,1,Trust,0,1,0,0,0,,1,0,39,0,2,0,2,1,0,3,1,11,1,1,0,0,1,0,11,9,8,7,1,,0
6001,  5/24/2022 1:18,3,1,Trust_promise,1,0,0,0,0,1,2,0,33,1,3,1,1,1,1,3,1,6,5,0,0,0,0,0,11,11,7,9,7,1,0
6002,  5/24/2022 2:02,3,1,Promise,0,0,1,0,0,1,5,1,25,1,2,0,2,1,0,4,9,10,2,0,0,1,0,0,8,8,9,8,10,1,0
6003,  5/25/2022 8:31,3,1,Trust_promise,1,0,0,0,0,1,6,1,24,0,4,1,1,1,1,4,1,11,6,0,0,0,1,0,3,3,6,1,6,1,0
6004, 5/24/2022 11:46,3,1,Control,0,0,0,0,0,,6,1,28,0,3,1,3,0,0,1,1,11,6,0,0,0,1,0,9,4,8,3,5,0,0
6005,  5/24/2022 1:43,3,1,Trust_promise,1,0,0,0,0,1,5,1,32,1,2,0,1,1,1,4,1,6,5,0,0,0,0,0,6,9,7,8,6,1,0
6006,  5/24/2022 8:05,3,1,Default_yes,0,0,0,1,0,1,5,0,53,0,4,1,1,1,1,3,1,11,6,1,0,0,1,0,6,6,6,6,6,,1
6007,  5/24/2022 2:19,3,1,Control,0,0,0,0,0,,1,1,24,1,3,1,3,0,1,3,3,8,6,0,0,0,0,0,7,6,7,5,7,0,0
6008,  5/25/2022 6:45,3,1,Trust,0,1,0,0,0,,3,0,39,0,4,1,2,1,1,3,1,11,3,1,0,0,1,0,4,11,11,9,11,,0
6009, 5/24/2022 12:39,3,1,Trust_promise,1,0,0,0,0,1,2,0,44,1,3,1,1,1,1,6,10,9,7,1,1,1,0,0,10,11,11,10,10,1,0
6010, 5/24/2022 10:48,3,1,Trust,0,1,0,0,0,,4,1,59,1,3,1,1,1,1,3,8,2,6,1,0,1,0,0,9,10,10,2,1,,0
6011, 5/24/2022 12:53,3,1,Promise,0,0,1,0,0,1,2,1,59,0,2,0,2,1,1,5,2,10,9,1,1,0,0,1,9,11,11,11,11,1,0
6012, 5/24/2022 11:55,3,1,Default_yes,0,0,0,1,0,1,5,1,55,0,2,0,1,1,1,10,11,11,9,1,1,1,1,1,11,11,11,11,11,,1
6013,  5/25/2022 6:22,3,1,Trust,0,1,0,0,0,,1,0,29,0,4,1,1,1,1,6,11,11,4,0,1,1,1,0,11,11,11,10,1,,0
6014,  5/24/2022 7:07,3,1,Default_yes,0,0,0,1,0,1,5,0,25,1,4,1,1,1,0,1,6,11,8,0,0,1,1,1,8,6,10,4,6,,1
6015,  5/24/2022 2:36,3,1,Default_no,0,0,0,0,1,1,3,1,34,0,3,1,1,1,1,6,1,6,1,0,1,0,0,0,9,10,9,6,6,,1
6016,  5/24/2022 2:23,3,1,Trust_promise,1,0,0,0,0,1,4,0,24,1,3,1,2,1,1,6,1,11,3,0,1,0,1,0,11,11,11,11,6,1,0
6017, 5/24/2022 12:52,3,1,Control,0,0,0,0,0,,3,0,48,1,3,1,1,1,0,3,2,7,7,1,0,0,0,0,1,11,8,2,7,0,0
6018, 5/24/2022 12:06,3,1,Promise,0,0,1,0,0,1,5,1,49,1,4,1,3,0,0,5,6,9,8,1,1,1,0,1,11,11,11,11,11,1,0
6019, 5/24/2022 10:51,3,1,Promise,0,0,1,0,0,1,6,0,37,0,2,0,3,0,0,3,3,7,8,1,0,0,0,1,7,9,10,7,8,1,0
6020,  5/24/2022 1:47,3,1,Default_no,0,0,0,0,1,1,5,1,28,0,2,0,3,0,0,9,11,9,8,0,1,1,0,1,11,11,11,11,9,,1
6021, 5/24/2022 12:56,3,1,Default_yes,0,0,0,1,0,1,2,0,28,0,2,0,1,1,0,6,11,11,7,0,1,1,1,0,11,11,11,11,11,,1
6022,  5/25/2022 9:27,3,1,Default_yes,0,0,0,1,0,1,4,0,29,0,3,1,2,1,1,6,11,8,3,0,1,1,0,0,8,8,8,1,1,,1
6023, 5/24/2022 12:58,3,1,Trust_promise,1,0,0,0,0,1,4,1,33,0,3,1,1,1,0,5,1,9,1,0,1,0,0,0,11,1,6,1,1,1,0
6024,  5/25/2022 5:52,3,1,Default_yes,0,0,0,1,0,1,4,0,67,0,2,0,3,0,1,8,1,11,7,1,1,0,1,0,11,11,11,11,11,,1
6025, 5/24/2022 12:58,3,1,Trust_promise,1,0,0,0,0,1,3,0,28,1,3,1,1,1,1,3,11,11,7,0,0,1,1,0,11,11,11,9,10,1,0
6026, 5/24/2022 12:40,3,1,Default_yes,0,0,0,1,0,1,4,0,43,0,2,0,1,1,1,1,1,11,6,1,0,0,1,0,11,11,11,11,11,,1
6027,  5/25/2022 5:04,3,1,Default_no,0,0,0,0,1,1,4,0,37,0,4,1,1,1,1,5,1,10,7,1,1,0,0,0,8,5,10,3,9,,1
6028,  5/24/2022 6:15,3,1,Default_no,0,0,0,0,1,1,4,0,27,1,3,1,3,0,1,1,1,7,6,0,0,0,0,0,11,11,11,11,11,,1
6029,  5/24/2022 6:50,3,1,Default_yes,0,0,0,1,0,1,1,0,26,1,5,1,1,1,1,6,9,9,5,0,1,1,0,0,11,11,11,11,11,,1
6030,  5/24/2022 5:34,3,1,Trust_promise,1,0,0,0,0,1,3,0,53,0,3,1,1,1,1,7,3,6,3,1,1,0,0,0,9,9,9,11,9,1,0
6031,  5/24/2022 7:30,3,1,Promise,0,0,1,0,0,1,6,0,23,1,3,1,3,0,0,6,3,11,8,0,1,0,1,1,11,11,11,11,11,1,0
6032,  5/24/2022 6:30,3,1,Control,0,0,0,0,0,,2,0,34,1,2,0,2,1,1,3,1,11,1,0,0,0,1,0,11,11,11,11,11,0,0
6033,  5/24/2022 4:48,3,1,Trust_promise,1,0,0,0,0,1,4,1,67,1,2,0,2,1,0,9,7,11,8,1,1,1,1,1,11,11,11,11,11,1,0
6034,  5/24/2022 6:33,3,1,Default_no,0,0,0,0,1,1,2,0,32,1,3,1,2,1,1,1,6,9,6,0,0,1,0,0,11,11,11,10,11,,1
6035,  5/24/2022 2:41,3,1,Default_no,0,0,0,0,1,1,2,0,50,0,4,1,1,1,0,3,1,11,2,1,0,0,1,0,6,6,6,6,6,,1
6036,  5/24/2022 1:43,3,1,Trust_promise,1,0,0,0,0,1,4,1,41,1,3,1,1,1,1,4,2,11,4,1,0,0,1,0,10,10,10,10,10,1,0
6037, 5/24/2022 12:18,3,1,Control,0,0,0,0,0,,1,1,23,0,3,1,3,0,0,4,5,10,5,0,0,0,0,0,1,4,9,7,6,0,0
6038,  5/24/2022 1:23,3,1,Control,0,0,0,0,0,,2,0,19,1,2,0,1,1,0,1,8,10,3,0,0,1,0,0,11,11,11,11,11,0,0
6039, 5/24/2022 10:22,3,1,Default_no,0,0,0,0,1,1,1,1,31,0,4,1,2,1,1,6,9,11,1,0,1,1,1,0,8,11,10,11,1,,1
6040,  5/24/2022 2:15,3,1,Trust_promise,1,0,0,0,0,1,2,1,24,1,3,1,1,1,1,2,1,8,6,0,0,0,0,0,8,6,7,7,8,1,0
6041,  5/24/2022 4:05,3,1,Trust_promise,1,0,0,0,0,1,3,0,34,1,2,0,2,1,0,6,7,8,6,0,1,1,0,0,6,11,11,11,11,1,0
6042,  5/24/2022 6:17,3,1,Trust,0,1,0,0,0,,1,1,29,1,3,1,2,1,1,2,10,11,9,0,0,1,1,1,11,11,11,11,6,,0
6043,  5/24/2022 1:21,3,1,Control,0,0,0,0,0,,3,1,28,1,3,1,1,1,1,11,11,11,6,0,1,1,1,0,9,8,8,9,9,0,0
6044,  5/24/2022 3:22,3,1,Trust,0,1,0,0,0,,6,1,41,0,3,1,2,1,1,7,11,11,7,1,1,1,1,0,11,11,11,11,11,,0
6045, 5/24/2022 10:29,3,1,Promise,0,0,1,0,0,1,5,1,56,0,2,0,1,1,0,7,7,9,10,1,1,1,0,1,4,11,11,11,6,1,0
6046, 5/24/2022 12:25,3,1,Trust,0,1,0,0,0,,2,0,50,0,2,0,1,1,0,8,9,10,4,1,1,1,0,0,9,10,10,3,10,,0
6047, 5/24/2022 10:49,3,1,Promise,0,0,1,0,0,1,5,1,20,1,2,0,3,0,0,4,11,10,5,0,0,1,0,0,8,8,10,4,9,1,0
6048,  5/24/2022 4:29,3,1,Control,0,0,0,0,0,,3,1,28,1,5,1,2,1,1,6,5,10,7,0,1,0,0,0,4,9,9,9,9,0,0
6049,  5/25/2022 6:00,3,1,Default_yes,0,0,0,1,0,1,2,1,33,0,4,1,1,1,1,1,2,11,6,0,0,0,1,0,11,11,11,11,11,,1
6050, 5/24/2022 11:48,3,1,Control,0,0,0,0,0,,4,0,28,1,3,1,3,0,0,1,4,11,3,0,0,0,1,0,6,1,11,11,11,0,0
6051, 5/24/2022 12:15,3,1,Default_no,0,0,0,0,1,1,3,0,34,1,3,1,1,1,0,1,2,11,4,0,0,0,1,0,11,11,10,10,10,,1
6052, 5/24/2022 12:51,3,1,Control,0,0,0,0,0,,5,0,39,1,4,1,2,1,1,2,2,9,8,1,0,0,0,1,6,6,8,9,7,0,0
6053, 5/24/2022 11:28,3,1,Promise,0,0,1,0,0,1,3,1,28,0,2,0,1,1,0,6,8,11,3,0,1,1,1,0,1,1,1,1,1,1,0
6054, 5/24/2022 12:24,3,1,Default_no,0,0,0,0,1,1,4,1,36,0,2,0,1,1,0,10,2,11,4,1,1,0,1,0,8,1,1,1,1,,1
6055,  5/25/2022 9:33,3,1,Trust_promise,1,0,0,0,0,1,5,1,38,0,3,1,1,1,1,1,1,11,6,1,0,0,1,0,11,11,11,11,11,1,0
6056,  5/24/2022 2:26,3,1,Default_yes,0,0,0,1,0,1,6,0,29,1,3,1,3,0,0,5,11,11,1,0,1,1,1,0,11,11,11,4,6,,1
6057,  5/25/2022 9:20,3,1,Default_yes,0,0,0,1,0,1,6,1,38,0,3,1,1,1,1,7,4,7,3,1,1,0,0,0,9,11,9,10,11,,1
6058,  5/25/2022 7:07,3,1,Trust_promise,1,0,0,0,0,1,5,1,39,0,3,1,1,1,1,2,1,9,8,1,0,0,0,1,11,11,11,11,11,1,0
6059, 5/24/2022 12:13,3,1,Promise,0,0,1,0,0,1,4,0,44,1,2,0,2,1,0,11,8,11,1,1,1,1,1,0,11,11,11,1,11,1,0
6060, 5/24/2022 12:46,3,1,Control,0,0,0,0,0,,2,1,43,0,2,0,1,1,1,2,9,11,8,1,0,1,1,1,8,9,9,9,9,0,0
6061, 5/24/2022 12:33,3,1,Trust_promise,1,0,0,0,0,1,3,1,36,0,3,1,1,1,1,11,11,11,1,1,1,1,1,0,11,1,1,1,1,1,0
6062,  5/24/2022 3:16,3,1,Trust,0,1,0,0,0,,4,0,20,1,2,0,1,1,0,3,2,9,6,0,0,0,0,0,8,9,8,5,6,,0
6063,  5/24/2022 2:39,3,1,Default_yes,0,0,0,1,0,1,3,1,24,0,2,0,1,1,0,1,2,10,7,0,0,0,0,0,7,2,4,1,2,,1
6064,  5/24/2022 3:55,3,1,Promise,0,0,1,0,0,1,4,0,45,1,4,1,2,1,0,10,8,10,3,1,1,1,0,0,10,1,11,11,6,1,0
6065, 5/24/2022 12:16,3,1,Promise,0,0,1,0,0,1,4,0,44,1,3,1,1,1,0,6,2,9,4,1,1,0,0,0,6,10,10,6,3,1,0
6066, 5/24/2022 12:02,3,1,Trust,0,1,0,0,0,,1,0,33,1,2,0,1,1,0,2,11,9,3,0,0,1,0,0,11,11,11,5,3,,0
6067,  5/24/2022 1:25,3,1,Default_yes,0,0,0,1,0,1,2,0,32,0,3,1,1,1,1,5,2,10,1,0,1,0,0,0,11,11,11,11,11,,1
6068, 5/24/2022 12:22,3,1,Trust_promise,1,0,0,0,0,1,1,0,43,0,3,1,1,1,1,9,1,11,4,1,1,0,1,0,9,11,11,4,8,1,0
6069,  5/24/2022 5:29,3,1,Trust,0,1,0,0,0,,1,0,40,1,4,1,2,1,1,4,8,11,7,1,0,1,1,0,8,10,9,7,7,,0
6070, 5/24/2022 12:26,3,1,Control,0,0,0,0,0,,6,0,43,1,2,0,3,0,0,4,6,6,6,1,0,1,0,0,10,10,10,10,10,0,0
6071, 5/24/2022 11:30,3,1,Control,0,0,0,0,0,,5,1,24,1,2,0,2,1,1,1,1,7,7,0,0,0,0,0,11,11,11,11,11,0,0
6072,  5/24/2022 6:18,3,1,Trust_promise,1,0,0,0,0,1,4,0,24,1,3,1,2,1,0,9,11,10,8,0,1,1,0,1,11,11,11,11,11,1,0
6073,  5/24/2022 4:14,3,1,Default_yes,0,0,0,1,0,1,2,0,21,1,2,0,2,1,0,1,2,9,9,0,0,0,0,1,11,11,10,11,10,,1
6074,  5/24/2022 4:27,3,1,Default_no,0,0,0,0,1,1,4,0,61,0,2,0,2,1,1,5,1,10,8,1,1,0,0,1,3,11,11,7,11,,1
6075, 5/24/2022 11:44,3,1,Trust,0,1,0,0,0,,3,1,30,0,3,1,2,1,1,4,3,11,9,0,0,0,1,1,9,11,11,11,11,,0
6076, 5/24/2022 12:35,3,1,Trust_promise,1,0,0,0,0,1,3,0,24,0,2,0,3,0,0,3,4,9,7,0,0,0,0,0,10,9,9,8,11,1,0
6077, 5/24/2022 10:24,3,1,Trust_promise,1,0,0,0,0,1,6,0,35,0,3,1,1,1,1,7,2,11,8,1,1,0,1,1,11,11,11,10,10,1,0
6078,  5/24/2022 5:05,3,1,Promise,0,0,1,0,0,1,1,0,37,1,2,0,1,1,0,4,6,9,9,1,0,1,0,1,11,11,11,11,11,1,0
6079, 5/24/2022 12:16,3,1,Default_no,0,0,0,0,1,1,4,1,18,1,2,0,3,0,1,6,6,8,6,0,1,1,0,0,10,11,11,10,9,,1
6080,  5/24/2022 7:26,3,1,Control,0,0,0,0,0,,6,0,22,1,3,1,3,0,0,3,8,11,8,0,0,1,1,1,9,9,9,10,10,0,0
6081, 5/24/2022 10:32,3,1,Default_yes,0,0,0,1,0,1,2,0,21,0,3,1,1,1,1,5,1,11,2,0,1,0,1,0,11,9,9,8,11,,1
6082, 5/24/2022 12:36,3,1,Control,0,0,0,0,0,,2,0,30,0,3,1,1,1,0,6,1,11,5,0,1,0,1,0,8,11,11,9,11,0,0
6083,  5/24/2022 1:28,3,1,Promise,0,0,1,0,0,1,5,0,31,1,2,0,3,0,1,4,11,11,11,0,0,1,1,1,11,11,11,11,11,1,0
6084,  5/24/2022 6:39,3,1,Promise,0,0,1,0,0,1,1,1,22,0,3,1,2,1,0,3,1,9,5,0,0,0,0,0,11,11,11,11,11,1,0
6085,  5/24/2022 3:04,3,1,Control,0,0,0,0,0,,2,0,44,0,4,1,2,1,1,3,5,11,9,1,0,0,1,1,11,11,11,11,11,0,0
6086, 5/24/2022 12:44,3,1,Default_yes,0,0,0,1,0,1,2,0,36,0,4,1,1,1,1,5,2,11,10,1,1,0,1,1,10,11,11,3,10,,1
6087,  5/24/2022 2:18,3,1,Default_yes,0,0,0,1,0,1,5,1,29,0,3,1,1,1,0,7,7,8,7,0,1,1,0,0,10,10,10,9,10,,1
6088,  5/24/2022 1:17,3,1,Trust,0,1,0,0,0,,2,0,38,1,3,1,3,0,0,9,11,11,9,1,1,1,1,1,11,11,11,11,11,,0
6089, 5/24/2022 12:08,3,1,Default_yes,0,0,0,1,0,1,3,0,24,1,2,0,2,1,0,4,9,7,7,0,0,1,0,0,9,9,9,6,9,,1
6090, 5/24/2022 12:38,3,1,Promise,0,0,1,0,0,1,1,0,22,1,2,0,3,0,0,3,11,11,8,0,0,1,1,1,11,11,11,11,11,1,0
6091,  5/24/2022 7:55,3,1,Control,0,0,0,0,0,,1,1,29,0,3,1,2,1,1,6,11,11,6,0,1,1,1,0,9,9,9,9,3,0,0
6092, 5/24/2022 12:24,3,1,Trust,0,1,0,0,0,,5,0,41,0,3,1,2,1,1,6,11,11,6,1,1,1,1,0,11,11,11,11,11,,0
6093,  5/24/2022 5:42,3,1,Trust,0,1,0,0,0,,3,0,27,1,4,1,1,1,1,2,1,8,7,0,0,0,0,0,11,11,9,3,9,,0
6094,  5/24/2022 6:14,3,1,Control,0,0,0,0,0,,6,1,55,0,2,0,1,1,1,3,1,9,8,1,0,0,0,1,10,10,10,10,10,0,0
6095,  5/24/2022 3:57,3,1,Default_no,0,0,0,0,1,1,1,1,30,0,2,0,3,0,0,6,4,7,5,0,1,0,0,0,9,10,9,9,10,,1
6096,  5/24/2022 7:24,3,1,Default_no,0,0,0,0,1,1,5,0,26,1,4,1,1,1,0,1,8,11,11,0,0,1,1,1,1,11,11,11,11,,1
6097,  5/24/2022 6:09,3,1,Default_yes,0,0,0,1,0,1,6,0,55,0,2,0,3,0,0,6,8,6,1,1,1,1,0,0,11,11,11,5,11,,1
6098,  5/24/2022 2:51,3,1,Trust,0,1,0,0,0,,4,1,25,1,3,1,3,0,0,9,11,11,5,0,1,1,1,0,3,11,11,11,11,,0
6099, 5/24/2022 11:48,3,1,Trust_promise,1,0,0,0,0,1,5,0,22,1,3,1,1,1,1,5,7,9,5,0,1,1,0,0,11,11,11,11,11,1,0
6100, 5/24/2022 12:14,3,1,Default_no,0,0,0,0,1,1,5,1,34,1,2,0,2,1,0,6,1,4,1,0,1,0,0,0,1,3,1,1,1,,1
6101, 5/24/2022 12:10,3,1,Default_yes,0,0,0,1,0,1,1,0,26,1,3,1,2,1,0,7,3,9,7,0,1,0,0,0,11,11,11,11,11,,1
6102, 5/24/2022 12:28,3,1,Default_no,0,0,0,0,1,1,4,0,32,0,4,1,2,1,1,6,10,10,7,0,1,1,0,0,10,11,10,9,10,,1
6103, 5/24/2022 11:13,3,1,Promise,0,0,1,0,0,1,3,1,19,1,2,0,1,1,0,4,1,1,7,0,0,0,0,0,10,11,11,11,11,1,0
6104,  5/24/2022 7:54,3,1,Trust_promise,1,0,0,0,0,1,1,1,24,0,3,1,1,1,1,5,1,9,8,0,1,0,0,1,8,8,8,8,7,1,0
6105,  5/24/2022 8:01,3,1,Default_yes,0,0,0,1,0,1,1,1,27,0,2,0,1,1,0,2,4,9,8,0,0,0,0,1,10,10,10,10,10,,1
6106,  5/24/2022 7:28,3,1,Promise,0,0,1,0,0,1,1,0,30,0,4,1,2,1,0,6,11,10,7,0,1,1,0,0,5,6,9,3,6,1,0
6107,  5/24/2022 7:17,3,1,Trust,0,1,0,0,0,,2,0,33,1,2,0,2,1,0,3,1,9,5,0,0,0,0,0,9,10,11,11,7,,0
6108,  5/24/2022 2:27,3,1,Trust_promise,1,0,0,0,0,1,2,1,28,1,4,1,1,1,1,5,1,5,5,0,1,0,0,0,9,10,10,5,5,1,0
6109,  5/24/2022 3:45,3,1,Promise,0,0,1,0,0,1,5,0,24,0,4,1,1,1,0,8,5,8,4,0,1,0,0,0,11,10,11,6,8,1,0
6110, 5/24/2022 10:51,3,1,Trust_promise,1,0,0,0,0,1,4,0,50,1,3,1,2,1,0,1,11,11,7,1,0,1,1,0,11,11,11,11,11,1,0
6111,  5/24/2022 1:42,3,1,Default_no,0,0,0,0,1,1,5,0,44,0,2,0,2,1,1,7,7,9,6,1,1,1,0,0,10,9,10,10,10,,1
6112,  5/24/2022 4:23,3,1,Trust,0,1,0,0,0,,5,1,23,1,2,0,2,1,0,2,1,11,8,0,0,0,1,1,11,11,11,11,11,,0
6113,  5/24/2022 1:31,3,1,Control,0,0,0,0,0,,5,0,28,0,3,1,1,1,1,7,2,10,6,0,1,0,0,0,11,8,10,11,8,0,0
6114, 5/25/2022 12:53,3,1,Control,0,0,0,0,0,,2,1,26,0,2,0,2,1,0,6,8,10,8,0,1,1,0,1,9,11,10,11,11,0,0
6115, 5/24/2022 11:47,3,1,Default_yes,0,0,0,1,0,1,4,0,41,1,2,0,1,1,0,9,11,9,2,1,1,1,0,0,3,11,11,11,9,,1
6116, 5/24/2022 11:04,3,1,Trust_promise,1,0,0,0,0,1,1,0,33,0,2,0,3,0,0,2,6,11,3,0,0,1,1,0,11,2,7,2,10,1,0
6117,  5/24/2022 4:13,3,1,Default_yes,0,0,0,1,0,1,5,0,27,1,3,1,2,1,0,3,5,4,4,0,0,0,0,0,2,11,11,11,7,,1
6118, 5/24/2022 10:23,3,1,Promise,0,0,1,0,0,1,5,0,35,1,2,0,1,1,1,1,2,11,5,1,0,0,1,0,11,9,9,6,5,1,0
6119,  5/25/2022 9:49,3,1,Trust_promise,1,0,0,0,0,1,5,1,45,0,4,1,2,1,1,3,1,9,9,1,0,0,0,1,11,11,11,11,11,1,0
6120,  5/24/2022 3:14,3,1,Trust,0,1,0,0,0,,6,1,34,1,3,1,3,0,0,6,5,11,9,0,1,0,1,1,11,11,11,11,11,,0
6121, 5/24/2022 12:35,3,1,Trust,0,1,0,0,0,,4,1,37,0,3,1,1,1,1,6,11,11,5,1,1,1,1,0,6,11,11,11,1,,0
6122,  5/24/2022 6:39,3,1,Trust_promise,1,0,0,0,0,1,2,0,31,1,3,1,1,1,0,4,2,9,7,0,0,0,0,0,10,11,10,10,10,1,0
6123, 5/24/2022 12:07,3,1,Trust_promise,1,0,0,0,0,1,4,1,46,1,3,1,3,0,0,3,2,8,9,1,0,0,0,1,11,11,11,11,11,1,0
6124,  5/24/2022 2:00,3,1,Trust_promise,1,0,0,0,0,1,2,0,21,1,2,0,1,1,0,1,6,10,4,0,0,1,0,0,10,7,10,11,8,1,0
6125,  5/24/2022 2:27,3,1,Default_no,0,0,0,0,1,1,1,0,26,1,4,1,2,1,1,6,11,10,7,0,1,1,0,0,11,11,11,11,9,,1
6126, 5/24/2022 11:58,3,1,Control,0,0,0,0,0,,5,0,61,1,5,1,3,0,1,6,9,9,9,1,1,1,0,1,10,10,10,10,8,0,0
6127,  5/24/2022 2:33,3,1,Promise,0,0,1,0,0,1,4,1,37,1,2,0,3,0,1,1,9,11,5,1,0,1,1,0,6,6,6,6,6,1,0
6128,  5/24/2022 4:27,3,1,Trust,0,1,0,0,0,,2,1,24,1,3,1,1,1,0,2,10,10,1,0,0,1,0,0,6,6,6,6,6,,0
6129,  5/24/2022 4:50,3,1,Trust_promise,1,0,0,0,0,1,1,0,38,1,2,0,3,0,0,1,9,9,3,1,0,1,0,0,11,11,11,11,5,1,0
6130, 5/24/2022 11:52,3,1,Trust_promise,1,0,0,0,0,1,3,1,37,0,3,1,1,1,1,7,9,8,7,1,1,1,0,0,6,6,6,3,4,1,0
6131, 5/24/2022 12:22,3,1,Promise,0,0,1,0,0,1,5,0,31,0,2,0,1,1,1,3,3,11,8,0,0,0,1,1,9,10,11,10,10,1,0
6132, 5/24/2022 12:29,3,1,Default_no,0,0,0,0,1,1,5,0,23,1,3,1,1,1,1,6,11,10,10,0,1,1,0,1,9,3,11,6,9,,1
6133,  5/25/2022 4:13,3,1,Promise,0,0,1,0,0,1,2,0,26,0,3,1,1,1,1,4,3,9,8,0,0,0,0,1,10,10,11,9,9,1,0
6134,  5/24/2022 1:03,3,1,Control,0,0,0,0,0,,2,0,22,0,2,0,3,0,0,1,8,11,7,0,0,1,1,0,11,11,11,11,11,0,0
6135,  5/24/2022 7:01,3,1,Default_no,0,0,0,0,1,1,2,1,56,0,3,1,2,1,1,6,11,9,9,1,1,1,0,1,11,11,11,11,11,,1
6136, 5/24/2022 10:52,3,1,Trust_promise,1,0,0,0,0,1,3,0,26,1,3,1,1,1,1,3,3,7,6,0,0,0,0,0,7,9,10,8,8,1,0
6137,  5/24/2022 2:19,3,1,Default_no,0,0,0,0,1,1,2,1,54,1,5,1,1,1,1,7,9,8,6,1,1,1,0,0,10,8,8,9,9,,1
6138, 5/24/2022 12:50,3,1,Default_no,0,0,0,0,1,1,4,1,51,0,3,1,1,1,1,3,1,9,6,1,0,0,0,0,11,11,11,11,11,,1
6139,  5/24/2022 5:27,3,1,Promise,0,0,1,0,0,1,6,0,33,1,3,1,1,1,1,6,9,9,5,0,1,1,0,0,9,9,9,9,9,1,0
6140, 5/24/2022 12:38,3,1,Trust_promise,1,0,0,0,0,1,3,0,33,0,3,1,1,1,1,6,3,10,8,0,1,0,0,1,10,9,9,6,9,1,0
6141, 5/24/2022 12:22,3,1,Default_no,0,0,0,0,1,1,4,1,45,1,4,1,2,1,1,4,3,11,6,1,0,0,1,0,7,11,11,11,1,,1
6142,  5/24/2022 3:18,3,1,Trust,0,1,0,0,0,,5,0,40,1,2,0,1,1,1,2,2,10,3,1,0,0,0,0,11,11,11,11,11,,0
6143,  5/25/2022 9:26,3,1,Promise,0,0,1,0,0,1,6,0,29,0,4,1,2,1,1,1,3,11,7,0,0,0,1,0,10,10,10,10,3,1,0
6144, 5/24/2022 12:02,3,1,Trust_promise,1,0,0,0,0,1,4,0,70,1,5,1,3,0,1,11,11,11,3,1,1,1,1,0,11,11,11,11,11,1,0
6145,  5/24/2022 3:16,3,1,Default_no,0,0,0,0,1,1,5,1,54,0,2,0,1,1,1,4,1,11,5,1,0,0,1,0,11,6,9,10,7,,1
6146, 5/24/2022 12:15,3,1,Control,0,0,0,0,0,,2,0,29,0,3,1,2,1,1,4,2,4,4,0,0,0,0,0,11,11,11,11,11,0,0
6147, 5/24/2022 12:10,3,1,Trust,0,1,0,0,0,,5,1,32,0,3,1,1,1,1,3,2,10,6,0,0,0,0,0,2,3,3,1,3,,0
6148,  5/24/2022 2:13,3,1,Control,0,0,0,0,0,,6,1,58,0,4,1,3,0,1,8,9,10,8,1,1,1,0,1,10,10,10,10,10,0,0
6149, 5/24/2022 11:39,3,1,Trust_promise,1,0,0,0,0,1,6,0,52,0,3,1,2,1,1,6,7,8,9,1,1,1,0,1,8,10,10,10,9,1,0
6150,  5/24/2022 5:11,3,1,Default_yes,0,0,0,1,0,1,2,1,32,0,4,1,1,1,1,6,1,11,7,0,1,0,1,0,9,10,10,10,9,,1
6151,  5/24/2022 6:10,3,1,Control,0,0,0,0,0,,1,1,28,1,2,0,1,1,1,2,1,11,7,0,0,0,1,0,11,11,11,10,11,0,0
6152,  5/25/2022 8:24,3,1,Default_yes,0,0,0,1,0,1,2,1,48,0,2,0,1,1,1,9,11,10,1,1,1,1,0,0,8,9,9,9,10,,1
6153,  5/24/2022 7:07,3,1,Default_yes,0,0,0,1,0,1,2,0,57,0,4,1,1,1,0,3,1,8,6,1,0,0,0,0,4,8,6,3,3,,1
6154,  5/24/2022 1:23,3,1,Trust,0,1,0,0,0,,3,1,52,1,2,0,1,1,1,6,11,11,9,1,1,1,1,1,11,11,11,11,11,,0
6155,  5/24/2022 1:25,3,1,Default_no,0,0,0,0,1,1,3,1,38,1,2,0,3,0,0,10,7,10,8,1,1,1,0,1,11,11,11,11,11,,1
6156,  5/24/2022 1:09,3,1,Control,0,0,0,0,0,,2,0,29,1,3,1,2,1,1,3,5,6,6,0,0,0,0,0,10,10,11,11,11,0,0
6157,  5/24/2022 8:02,3,1,Trust,0,1,0,0,0,,5,0,45,1,2,0,2,1,1,7,7,9,3,1,1,1,0,0,11,11,10,10,11,,0
6158,  5/24/2022 1:42,3,1,Trust,0,1,0,0,0,,6,1,39,0,3,1,2,1,1,7,1,11,8,1,1,0,1,1,10,11,11,9,11,,0
6159, 5/24/2022 12:04,3,1,Default_no,0,0,0,0,1,1,6,0,34,1,4,1,3,0,0,1,9,10,7,0,0,1,0,0,5,11,10,8,4,,1
6160, 5/24/2022 12:58,3,1,Default_no,0,0,0,0,1,1,3,0,47,0,2,0,1,1,1,11,11,10,7,1,1,1,0,0,11,11,11,11,11,,1
6161,  5/24/2022 5:12,3,1,Trust_promise,1,0,0,0,0,1,2,0,27,0,3,1,1,1,1,1,1,10,4,0,0,0,0,0,11,11,11,3,4,1,0
6162, 5/24/2022 11:11,3,1,Default_no,0,0,0,0,1,1,2,1,20,1,2,0,2,1,0,1,4,11,5,0,0,0,1,0,1,1,1,1,1,,1
6163,  5/24/2022 1:04,3,1,Control,0,0,0,0,0,,3,0,49,1,3,1,3,0,0,4,10,11,8,1,0,1,1,1,11,11,11,11,11,0,0
6164, 5/24/2022 11:57,3,1,Promise,0,0,1,0,0,1,2,1,23,0,3,1,2,1,0,6,2,10,7,0,1,0,0,0,11,10,11,10,11,1,0
6165, 5/24/2022 12:27,3,1,Default_yes,0,0,0,1,0,1,3,0,34,1,3,1,1,1,1,3,9,10,6,0,0,1,0,0,10,11,11,11,11,,1
6166,  5/24/2022 1:08,3,1,Trust_promise,1,0,0,0,0,1,6,1,32,1,2,0,1,1,0,2,4,6,5,0,0,0,0,0,11,11,11,11,10,1,0
6167,  5/25/2022 1:04,3,1,Control,0,0,0,0,0,,1,0,28,0,3,1,2,1,0,1,1,1,8,0,0,0,0,1,7,4,4,6,4,0,0
6168, 5/24/2022 11:50,3,1,Default_yes,0,0,0,1,0,1,2,1,38,0,5,1,1,1,1,4,7,8,10,1,0,1,0,1,11,11,11,11,11,,1
6169,  5/24/2022 5:08,3,1,Control,0,0,0,0,0,,6,0,51,1,2,0,2,1,0,10,8,10,10,1,1,1,0,1,10,11,10,11,9,0,0
6170, 5/24/2022 11:25,3,1,Control,0,0,0,0,0,,3,1,37,1,3,1,3,0,0,3,9,8,9,1,0,1,0,1,10,11,11,7,9,0,0
6171, 5/24/2022 12:41,3,1,Trust,0,1,0,0,0,,1,1,19,1,2,0,2,1,0,9,11,11,6,0,1,1,1,0,9,9,9,10,9,,0
6172, 5/24/2022 12:53,3,1,Trust,0,1,0,0,0,,2,0,19,0,2,0,2,1,0,4,1,8,8,0,0,0,0,1,8,9,9,9,9,,0
6173,  5/24/2022 3:10,3,1,Promise,0,0,1,0,0,1,3,0,61,1,2,0,2,1,0,2,1,6,4,1,0,0,0,0,11,11,11,11,11,1,0
6174,  5/24/2022 5:08,3,1,Default_yes,0,0,0,1,0,1,5,0,37,0,2,0,1,1,1,2,11,11,11,1,0,1,1,1,11,11,11,11,6,,1
6175, 5/24/2022 12:36,3,1,Trust,0,1,0,0,0,,5,1,32,0,4,1,1,1,1,6,1,10,9,0,1,0,0,1,3,1,6,1,1,,0
6176, 5/24/2022 12:59,3,1,Trust,0,1,0,0,0,,4,1,51,1,3,1,1,1,1,1,1,11,6,1,0,0,1,0,9,9,9,9,9,,0
6177, 5/24/2022 12:35,3,1,Control,0,0,0,0,0,,5,0,67,0,2,0,3,0,0,10,8,11,9,1,1,1,1,1,11,11,11,11,11,0,0
6178,  5/24/2022 4:36,3,1,Default_no,0,0,0,0,1,1,4,1,42,1,4,1,2,1,1,3,1,9,9,1,0,0,0,1,10,10,8,10,4,,1
6179,  5/24/2022 2:28,3,1,Default_no,0,0,0,0,1,1,3,1,52,1,3,1,1,1,1,8,10,11,6,1,1,1,1,0,10,10,10,10,10,,1
6180,  5/24/2022 1:40,3,1,Trust,0,1,0,0,0,,2,0,34,1,3,1,1,1,0,6,10,11,11,0,1,1,1,1,11,11,11,11,11,,0
6181,  5/24/2022 3:22,3,1,Promise,0,0,1,0,0,1,3,0,61,1,3,1,3,0,1,2,10,10,10,1,0,1,0,1,11,11,11,11,11,1,0
6182,  5/25/2022 6:38,3,1,Control,0,0,0,0,0,,1,0,39,0,3,1,1,1,1,6,1,11,6,1,1,0,1,0,6,6,6,6,6,0,0
6183,  5/24/2022 2:33,3,1,Trust,0,1,0,0,0,,2,0,55,1,3,1,1,1,1,3,11,11,6,1,0,1,1,0,6,8,6,3,5,,0
6184,  5/24/2022 4:47,3,1,Trust,0,1,0,0,0,,6,0,33,0,2,0,1,1,0,11,11,9,7,0,1,1,0,0,11,11,11,11,11,,0
6185, 5/24/2022 11:55,3,1,Default_no,0,0,0,0,1,1,1,0,31,0,4,1,2,1,1,6,11,11,9,0,1,1,1,1,11,11,11,11,11,,1
6186, 5/24/2022 11:21,3,1,Default_yes,0,0,0,1,0,1,5,1,41,0,3,1,1,1,1,10,9,8,6,1,1,1,0,0,8,8,9,7,7,,1
6187,  5/24/2022 5:24,3,1,Control,0,0,0,0,0,,3,1,61,1,4,1,2,1,1,6,11,11,9,1,1,1,1,1,11,11,11,11,11,0,0
6188, 5/24/2022 11:49,3,1,Trust_promise,1,0,0,0,0,1,1,1,40,0,2,0,1,1,0,8,1,6,3,1,1,0,0,0,8,8,9,6,6,1,0
6189, 5/24/2022 10:59,3,1,Default_yes,0,0,0,1,0,1,3,0,27,0,3,1,2,1,0,6,8,7,2,0,1,1,0,0,11,11,11,4,5,,1
6190, 5/24/2022 11:02,3,1,Default_no,0,0,0,0,1,1,1,0,33,0,4,1,1,1,1,6,11,11,1,0,1,1,1,0,11,11,11,6,11,,1
6191,  5/24/2022 4:37,3,1,Default_yes,0,0,0,1,0,1,2,0,35,0,3,1,2,1,0,2,1,8,7,1,0,0,0,0,10,10,9,8,9,,1
6192,  5/24/2022 3:00,3,1,Default_yes,0,0,0,1,0,1,2,0,20,0,2,0,3,0,0,9,11,11,8,0,1,1,1,1,11,11,11,11,1,,1
6193,  5/25/2022 9:06,3,1,Trust_promise,1,0,0,0,0,1,3,1,35,0,3,1,1,1,1,6,6,11,4,1,1,1,1,0,11,11,11,11,11,1,0
6194, 5/24/2022 12:03,3,1,Default_no,0,0,0,0,1,1,4,1,54,1,3,1,1,1,1,6,2,10,6,1,1,0,0,0,2,2,2,2,2,,1
6195,  5/24/2022 2:51,3,1,Promise,0,0,1,0,0,1,5,1,20,1,2,0,1,1,1,2,1,8,7,0,0,0,0,0,7,7,7,7,7,1,0
6196,  5/24/2022 2:36,3,1,Promise,0,0,1,0,0,1,2,0,54,0,2,0,1,1,1,3,2,11,9,1,0,0,1,1,11,11,11,11,11,1,0
6197, 5/24/2022 11:46,3,1,Trust_promise,1,0,0,0,0,1,5,1,30,1,5,1,3,0,0,6,7,9,8,0,1,1,0,1,3,5,8,8,7,1,0
6198,  5/24/2022 1:10,3,1,Control,0,0,0,0,0,,3,0,74,1,3,1,1,1,0,3,1,4,6,1,0,0,0,0,6,11,11,10,11,0,0
6199,  5/24/2022 4:59,3,1,Control,0,0,0,0,0,,5,0,39,1,3,1,1,1,0,3,2,8,6,1,0,0,0,0,9,11,11,11,11,0,0
6200,  5/24/2022 9:59,3,1,Control,0,0,0,0,0,,4,1,59,0,3,1,2,1,1,6,11,11,7,1,1,1,1,0,11,11,11,11,11,0,0
6201, 5/24/2022 11:19,3,1,Default_yes,0,0,0,1,0,1,4,0,57,0,3,1,3,0,1,11,11,11,9,1,1,1,1,1,11,11,11,11,11,,1
6202, 5/24/2022 11:59,3,1,Default_yes,0,0,0,1,0,1,6,1,22,1,2,0,2,1,0,1,6,11,6,0,0,1,1,0,10,10,10,10,10,,1
6203,  5/25/2022 6:03,3,1,Default_yes,0,0,0,1,0,1,2,0,25,0,3,1,1,1,0,7,9,11,9,0,1,1,1,1,11,11,11,9,10,,1
6204,  5/24/2022 1:23,3,1,Default_yes,0,0,0,1,0,1,4,1,29,0,3,1,1,1,1,7,9,11,1,0,1,1,1,0,11,4,9,1,5,,1
6205,  5/25/2022 6:34,3,1,Trust_promise,1,0,0,0,0,1,3,0,42,0,4,1,1,1,1,3,1,11,4,1,0,0,1,0,11,6,11,11,6,1,0
6206, 5/24/2022 12:42,3,1,Control,0,0,0,0,0,,6,0,47,0,5,1,1,1,1,3,1,6,6,1,0,0,0,0,11,11,8,6,6,0,0
6207,  5/24/2022 9:37,3,1,Default_no,0,0,0,0,1,1,1,1,39,0,2,0,3,0,0,4,1,7,5,1,0,0,0,0,4,4,2,3,3,,1
6208,  5/24/2022 1:38,3,1,Default_no,0,0,0,0,1,1,3,0,34,1,3,1,1,1,0,6,11,11,9,0,1,1,1,1,11,11,11,7,10,,1
6209,  5/24/2022 7:34,3,1,Trust,0,1,0,0,0,,1,0,46,0,3,1,1,1,1,3,4,7,5,1,0,0,0,0,6,5,7,3,6,,0
6210,  5/24/2022 6:41,3,1,Default_no,0,0,0,0,1,1,2,0,51,1,2,0,3,0,0,11,9,11,8,1,1,1,1,1,11,11,11,11,11,,1
6211, 5/24/2022 10:53,3,1,Promise,0,0,1,0,0,1,2,0,33,0,5,1,2,1,1,2,2,8,7,0,0,0,0,0,10,11,9,8,9,1,0
6212,  5/24/2022 1:25,3,1,Trust_promise,1,0,0,0,0,1,6,0,74,0,4,1,1,1,1,3,11,10,8,1,0,1,0,1,9,9,9,7,7,1,0
6213, 5/24/2022 11:52,3,1,Default_yes,0,0,0,1,0,1,3,0,34,0,2,0,1,1,1,1,2,10,5,0,0,0,0,0,8,9,7,8,8,,1
6214,  5/24/2022 1:14,3,1,Trust,0,1,0,0,0,,6,1,23,0,3,1,1,1,1,5,1,8,7,0,1,0,0,0,6,6,6,6,6,,0
6215, 5/24/2022 12:18,3,1,Default_no,0,0,0,0,1,1,1,0,40,0,2,0,2,1,0,9,11,11,7,1,1,1,1,0,10,11,11,11,11,,1
6216, 5/24/2022 11:37,3,1,Trust_promise,1,0,0,0,0,1,1,1,29,1,2,0,1,1,1,6,9,11,6,0,1,1,1,0,11,11,11,1,1,1,0
6217,  5/24/2022 3:04,3,1,Promise,0,0,1,0,0,1,2,1,34,0,3,1,1,1,0,5,1,6,3,0,1,0,0,0,1,1,1,1,1,1,0
6218,  5/25/2022 4:39,3,1,Default_no,0,0,0,0,1,1,6,1,20,0,2,0,3,0,0,4,6,10,8,0,0,1,0,1,11,11,11,10,10,,1
6219, 5/24/2022 12:35,3,1,Trust_promise,1,0,0,0,0,1,2,1,25,0,1,0,3,0,0,1,1,9,8,0,0,0,0,1,11,11,11,10,10,1,0
6220, 5/24/2022 11:32,3,1,Default_yes,0,0,0,1,0,1,6,1,26,0,2,0,2,1,0,6,2,5,1,0,1,0,0,0,9,9,9,7,7,,1
6221,  5/24/2022 7:51,3,1,Trust_promise,1,0,0,0,0,1,1,1,36,0,3,1,2,1,0,6,10,11,9,1,1,1,1,1,11,6,11,9,11,1,0
6222, 5/24/2022 12:58,3,1,Default_no,0,0,0,0,1,1,3,1,21,1,2,0,3,0,0,2,1,8,5,0,0,0,0,0,11,11,11,11,11,,1
6223,  5/24/2022 5:47,3,1,Trust,0,1,0,0,0,,3,1,28,0,3,1,1,1,1,1,1,10,9,0,0,0,0,1,9,8,10,10,9,,0
6224, 5/24/2022 12:40,3,1,Default_yes,0,0,0,1,0,1,1,0,41,0,3,1,1,1,1,6,11,10,5,1,1,1,0,0,10,9,9,9,9,,1
6225,  5/24/2022 9:51,3,1,Promise,0,0,1,0,0,1,5,0,19,0,2,0,2,1,1,7,5,1,5,0,1,0,0,0,10,11,11,6,9,1,0
6226,  5/25/2022 4:44,3,1,Default_no,0,0,0,0,1,1,4,1,36,0,3,1,1,1,0,7,11,11,8,1,1,1,1,1,11,11,11,11,11,,1
6227,  5/24/2022 6:30,3,1,Trust_promise,1,0,0,0,0,1,5,1,61,0,3,1,1,1,1,6,1,1,8,1,1,0,0,1,6,8,3,1,6,1,0
6228,  5/24/2022 3:07,3,1,Promise,0,0,1,0,0,1,5,0,19,1,2,0,3,0,0,6,11,9,6,0,1,1,0,0,11,11,11,11,10,1,0
6229,  5/24/2022 1:35,3,1,Default_no,0,0,0,0,1,1,2,0,61,1,3,1,1,1,1,4,9,11,6,1,0,1,1,0,9,11,11,8,9,,1
6230, 5/24/2022 11:47,3,1,Promise,0,0,1,0,0,1,4,0,34,1,2,0,3,0,0,6,1,11,2,0,1,0,1,0,9,8,9,6,7,1,0
6231, 5/24/2022 10:53,3,1,Trust_promise,1,0,0,0,0,1,1,1,47,1,2,0,2,1,1,6,11,11,11,1,1,1,1,1,11,11,11,11,11,1,0
6232, 5/24/2022 12:03,3,1,Default_yes,0,0,0,1,0,1,3,1,45,1,3,1,1,1,0,8,9,9,8,1,1,1,0,1,1,1,11,1,6,,1
6233,  5/24/2022 3:38,3,1,Trust_promise,1,0,0,0,0,1,2,1,42,0,3,1,2,1,1,2,1,11,8,1,0,0,1,1,11,1,11,1,1,1,0
6234,  5/24/2022 1:41,3,1,Default_yes,0,0,0,1,0,1,5,0,40,1,2,0,3,0,0,3,9,5,5,1,0,1,0,0,9,11,5,7,5,,1
6235, 5/24/2022 12:17,3,1,Default_yes,0,0,0,1,0,1,5,0,21,0,2,0,3,0,0,3,11,11,7,0,0,1,1,0,11,11,11,9,8,,1
6236,  5/24/2022 1:18,3,1,Trust,0,1,0,0,0,,5,1,35,0,3,1,1,1,0,9,11,6,3,1,1,1,0,0,11,6,6,6,6,,0
6237,  5/24/2022 4:17,3,1,Trust_promise,1,0,0,0,0,1,2,0,46,0,3,1,1,1,1,10,11,11,10,1,1,1,1,1,11,11,11,10,10,1,0
6238,  5/24/2022 4:42,3,1,Default_no,0,0,0,0,1,1,4,1,62,0,3,1,1,1,0,7,2,6,5,1,1,0,0,0,5,11,11,11,5,,1
6239,  5/24/2022 6:10,3,1,Promise,0,0,1,0,0,1,5,1,32,0,3,1,1,1,1,1,1,11,5,0,0,0,1,0,5,8,9,9,9,1,0
6240,  5/24/2022 2:50,3,1,Trust_promise,1,0,0,0,0,1,1,0,55,1,3,1,3,0,0,3,2,11,9,1,0,0,1,1,10,10,10,1,10,1,0
6241,  5/25/2022 5:24,3,1,Control,0,0,0,0,0,,6,1,36,0,3,1,1,1,1,6,1,9,8,1,1,0,0,1,6,11,11,9,11,0,0
6242,  5/24/2022 6:50,3,1,Control,0,0,0,0,0,,6,0,51,1,2,0,3,0,0,10,11,10,8,1,1,1,0,1,11,11,11,11,9,0,0
6243,  5/24/2022 8:01,3,1,Default_yes,0,0,0,1,0,1,1,0,62,0,2,0,1,1,0,7,9,11,4,1,1,1,1,0,6,6,11,9,3,,1
6244,  5/24/2022 7:41,3,1,Control,0,0,0,0,0,,1,0,30,1,2,0,3,0,0,3,3,11,6,0,0,0,1,0,11,6,8,4,6,0,0
6245,  5/24/2022 3:59,3,1,Trust,0,1,0,0,0,,6,1,28,1,3,1,3,0,0,1,1,11,5,0,0,0,1,0,11,11,6,11,6,,0
6246, 5/24/2022 12:57,3,1,Default_yes,0,0,0,1,0,1,5,0,29,1,4,1,1,1,1,2,2,6,4,0,0,0,0,0,11,11,11,11,4,,1
6247,  5/24/2022 7:12,3,1,Control,0,0,0,0,0,,6,0,31,1,3,1,1,1,1,4,1,11,5,0,0,0,1,0,7,11,11,11,7,0,0
6248, 5/24/2022 11:16,3,1,Default_no,0,0,0,0,1,1,5,1,20,1,2,0,3,0,0,2,4,7,9,0,0,0,0,1,10,10,10,9,8,,1
6249, 5/24/2022 10:55,3,1,Default_no,0,0,0,0,1,1,5,0,32,0,3,1,1,1,1,9,11,6,6,0,1,1,0,0,11,11,11,11,11,,1
6250,  5/24/2022 1:40,3,1,Control,0,0,0,0,0,,1,1,28,0,3,1,2,1,1,3,5,9,8,0,0,0,0,1,10,11,11,9,11,0,0
6251, 5/24/2022 11:59,3,1,Promise,0,0,1,0,0,1,6,1,33,0,3,1,1,1,1,5,10,8,7,0,1,1,0,0,9,10,9,9,9,1,0
6252,  5/24/2022 1:57,3,1,Control,0,0,0,0,0,,1,0,23,1,3,1,2,1,0,2,1,11,4,0,0,0,1,0,9,9,11,11,11,0,0
6253,  5/24/2022 7:20,3,1,Default_no,0,0,0,0,1,1,5,1,30,1,3,1,1,1,1,1,1,11,9,0,0,0,1,1,11,11,11,10,9,,1
6254,  5/24/2022 3:33,3,1,Default_yes,0,0,0,1,0,1,2,0,40,1,4,1,1,1,1,9,11,11,8,1,1,1,1,1,6,9,10,5,9,,1
6255,  5/24/2022 2:13,3,1,Trust,0,1,0,0,0,,3,0,18,0,2,0,1,1,0,6,11,11,6,0,1,1,1,0,11,11,11,11,6,,0
6256, 5/24/2022 12:17,3,1,Default_yes,0,0,0,1,0,1,5,0,27,0,3,1,1,1,1,7,10,10,8,0,1,1,0,1,10,10,10,10,10,,1
6257,  5/24/2022 1:10,3,1,Promise,0,0,1,0,0,1,4,0,49,1,3,1,1,1,0,6,11,11,6,1,1,1,1,0,11,11,11,11,11,1,0
6258, 5/24/2022 10:50,3,1,Default_no,0,0,0,0,1,1,3,1,54,0,3,1,1,1,1,6,1,11,2,1,1,0,1,0,1,1,1,1,1,,1
6259,  5/24/2022 2:31,3,1,Promise,0,0,1,0,0,1,3,1,48,1,5,1,2,1,1,1,3,5,7,1,0,0,0,0,2,11,11,1,11,1,0
6260,  5/24/2022 2:30,3,1,Control,0,0,0,0,0,,1,0,45,0,2,0,1,1,0,5,1,7,6,1,1,0,0,0,8,11,11,11,9,0,0
6261,  5/24/2022 3:20,3,1,Trust,0,1,0,0,0,,4,1,32,1,3,1,1,1,0,3,10,10,6,0,0,1,0,0,11,11,11,11,11,,0
6262,  5/24/2022 5:18,3,1,Promise,0,0,1,0,0,1,2,0,53,1,2,0,2,1,0,11,11,11,8,1,1,1,1,1,11,11,11,11,11,1,0
6263,  5/24/2022 7:49,3,1,Trust,0,1,0,0,0,,6,1,38,0,5,1,2,1,1,4,1,9,9,1,0,0,0,1,9,11,10,9,11,,0
6264,  5/24/2022 7:10,3,1,Default_no,0,0,0,0,1,1,3,1,36,0,3,1,1,1,1,5,1,10,5,1,1,0,0,0,8,6,6,4,6,,1
6265,  5/24/2022 5:12,3,1,Default_no,0,0,0,0,1,1,1,0,29,0,2,0,2,1,0,1,3,11,7,0,0,0,1,0,1,1,11,1,11,,1
6266,  5/24/2022 1:12,3,1,Trust_promise,1,0,0,0,0,1,2,0,76,1,3,1,3,0,0,3,6,4,6,1,0,1,0,0,11,11,11,11,11,1,0
6267,  5/24/2022 2:34,3,1,Trust_promise,1,0,0,0,0,1,5,0,52,0,3,1,2,1,1,8,11,10,7,1,1,1,0,0,6,9,10,2,3,1,0
6268,  5/24/2022 6:54,3,1,Trust,0,1,0,0,0,,3,0,58,1,2,0,1,1,0,6,11,11,1,1,1,1,1,0,11,11,11,1,11,,0
6269,  5/24/2022 1:16,3,1,Default_no,0,0,0,0,1,1,5,0,60,1,2,0,1,1,0,9,11,10,10,1,1,1,0,1,11,11,11,10,10,,1
6270, 5/24/2022 12:51,3,1,Trust_promise,1,0,0,0,0,1,3,1,36,0,3,1,1,1,1,2,2,11,10,1,0,0,1,1,11,11,11,11,11,1,0
6271,  5/24/2022 1:02,3,1,Trust_promise,1,0,0,0,0,1,3,0,42,1,2,0,1,1,0,6,11,7,6,1,1,1,0,0,11,11,11,10,11,1,0
6272,  5/24/2022 1:33,3,1,Trust,0,1,0,0,0,,6,0,64,1,2,0,3,0,0,7,6,9,8,1,1,1,0,1,9,11,11,11,11,,0
6273,  5/24/2022 5:42,3,1,Default_yes,0,0,0,1,0,1,4,1,29,0,3,1,2,1,0,2,1,10,7,0,0,0,0,0,4,3,3,2,2,,1
6274,  5/24/2022 5:51,3,1,Default_yes,0,0,0,1,0,1,5,0,54,1,2,0,3,0,0,6,10,10,1,1,1,1,0,0,11,11,11,11,11,,1
6275, 5/24/2022 10:44,3,1,Trust_promise,1,0,0,0,0,1,3,1,40,0,2,0,2,1,1,7,4,11,7,1,1,0,1,0,6,11,10,11,1,1,0
6276,  5/25/2022 1:55,3,1,Trust,0,1,0,0,0,,3,0,36,0,3,1,1,1,1,4,5,6,5,1,0,0,0,0,7,6,8,4,6,,0
6277, 5/25/2022 10:22,3,1,Control,0,0,0,0,0,,2,0,37,0,4,1,1,1,1,7,3,11,6,1,1,0,1,0,6,11,11,8,6,0,0
6278,  5/24/2022 6:59,3,1,Default_no,0,0,0,0,1,1,5,0,21,0,2,0,2,1,1,3,2,9,9,0,0,0,0,1,8,9,3,7,9,,1
6279,  5/24/2022 3:53,3,1,Trust_promise,1,0,0,0,0,1,2,0,39,1,3,1,1,1,1,4,9,11,9,1,0,1,1,1,11,11,11,11,11,1,0
6280,  5/24/2022 7:11,3,1,Default_yes,0,0,0,1,0,1,4,1,23,1,2,0,2,1,0,1,1,8,3,0,0,0,0,0,11,11,11,8,9,,1
6281, 5/24/2022 12:17,3,1,Default_no,0,0,0,0,1,1,6,0,36,0,3,1,1,1,1,1,1,8,7,1,0,0,0,0,2,10,9,1,1,,1
6282,  5/24/2022 1:42,3,1,Default_no,0,0,0,0,1,1,2,0,27,1,3,1,1,1,1,2,1,10,9,0,0,0,0,1,10,10,11,10,7,,1
6283,  5/24/2022 1:16,3,1,Trust_promise,1,0,0,0,0,1,1,0,71,1,4,1,3,0,1,4,2,11,6,1,0,0,1,0,1,11,11,9,6,1,0
6284,  5/24/2022 7:33,3,1,Control,0,0,0,0,0,,2,0,38,1,5,1,1,1,1,2,2,11,6,1,0,0,1,0,11,11,11,6,6,0,0
6285,  5/24/2022 5:28,3,1,Promise,0,0,1,0,0,1,2,1,31,1,4,1,2,1,1,2,10,9,8,0,0,1,0,1,11,11,11,11,11,1,0
6286,  5/24/2022 1:54,3,1,Trust_promise,1,0,0,0,0,1,1,1,32,1,3,1,2,1,1,3,1,10,8,0,0,0,0,1,11,11,11,11,11,1,0
6287,  5/24/2022 4:33,3,1,Promise,0,0,1,0,0,1,6,1,19,1,2,0,2,1,0,7,11,11,8,0,1,1,1,1,11,11,11,9,11,1,0
6288,  5/24/2022 1:21,3,1,Control,0,0,0,0,0,,6,0,44,1,3,1,1,1,0,6,10,9,8,1,1,1,0,1,6,10,10,9,8,0,0
6289,  5/24/2022 8:48,3,1,Trust,0,1,0,0,0,,2,1,30,0,5,1,1,1,1,3,2,9,8,0,0,0,0,1,2,7,9,1,8,,0
6290, 5/24/2022 12:08,3,1,Control,0,0,0,0,0,,2,0,30,0,3,1,1,1,1,6,8,9,9,0,1,1,0,1,7,11,11,11,11,0,0
6291, 5/24/2022 11:16,3,1,Trust,0,1,0,0,0,,5,1,32,0,5,1,2,1,1,6,5,7,7,0,1,0,0,0,4,4,3,2,3,,0
6292,  5/24/2022 4:51,3,1,Promise,0,0,1,0,0,1,2,0,30,1,5,1,2,1,1,1,1,9,7,0,0,0,0,0,9,9,9,8,9,1,0
6293,  5/24/2022 4:17,3,1,Trust,0,1,0,0,0,,6,0,64,1,3,1,1,1,1,11,11,11,2,1,1,1,1,0,11,11,11,11,11,,0
6294,  5/24/2022 2:06,3,1,Trust_promise,1,0,0,0,0,1,2,1,57,1,3,1,3,0,0,1,2,7,4,1,0,0,0,0,11,11,11,11,11,1,0
6295,  5/24/2022 3:00,3,1,Default_no,0,0,0,0,1,1,5,1,28,1,2,0,2,1,0,1,1,11,7,0,0,0,1,0,11,5,11,7,11,,1
6296,  5/24/2022 4:33,3,1,Control,0,0,0,0,0,,1,1,27,0,4,1,1,1,1,4,11,11,11,0,0,1,1,1,11,11,11,11,11,0,0
6297,  5/24/2022 5:12,3,1,Default_yes,0,0,0,1,0,1,5,1,25,0,2,0,3,0,0,1,1,9,6,0,0,0,0,0,7,6,6,6,7,,1
6298, 5/24/2022 12:48,3,1,Default_yes,0,0,0,1,0,1,2,1,30,0,3,1,1,1,1,7,2,7,5,0,1,0,0,0,8,9,9,8,9,,1
6299, 5/24/2022 12:47,3,1,Control,0,0,0,0,0,,4,1,29,1,3,1,1,1,0,1,2,9,3,0,0,0,0,0,11,11,11,11,11,0,0
6300, 5/24/2022 10:53,3,1,Trust_promise,1,0,0,0,0,1,5,0,41,1,2,0,2,1,0,2,11,9,6,1,0,1,0,0,11,11,11,11,11,1,0
6301, 5/24/2022 12:50,3,1,Promise,0,0,1,0,0,1,4,0,56,0,2,0,3,0,0,11,6,11,8,1,1,1,1,1,6,11,11,11,7,1,0
6302,  5/25/2022 9:52,3,1,Default_yes,0,0,0,1,0,1,4,0,44,0,3,1,1,1,1,6,4,10,3,1,1,0,0,0,6,10,9,9,10,,1
6303, 5/24/2022 12:54,3,1,Control,0,0,0,0,0,,3,1,46,1,5,1,1,1,1,4,9,9,6,1,0,1,0,0,11,11,11,11,10,0,0
6304, 5/24/2022 12:34,3,1,Trust_promise,1,0,0,0,0,1,5,1,65,1,2,0,2,1,1,11,11,11,8,1,1,1,1,1,9,11,11,11,11,1,0
6305, 5/25/2022 12:03,3,1,Trust_promise,1,0,0,0,0,1,3,0,23,0,2,0,1,1,0,5,2,10,4,0,1,0,0,0,10,10,11,11,10,1,0
6306, 5/24/2022 11:26,3,1,Trust_promise,1,0,0,0,0,1,6,1,23,0,2,0,1,1,0,3,7,8,6,0,0,1,0,0,9,9,8,9,8,1,0
6307,  5/24/2022 2:03,3,1,Default_no,0,0,0,0,1,1,6,0,39,0,3,1,1,1,1,3,5,11,7,1,0,0,1,0,9,11,11,11,11,,1
6308,  5/24/2022 1:04,3,1,Trust_promise,1,0,0,0,0,1,6,0,77,1,4,1,3,0,0,2,11,6,7,1,0,1,0,0,11,11,11,11,11,1,0
6309,  5/24/2022 4:28,3,1,Trust_promise,1,0,0,0,0,1,6,0,25,0,3,1,1,1,1,1,7,7,8,0,0,1,0,1,11,10,10,8,6,1,0
6310,  5/24/2022 1:32,3,1,Trust_promise,1,0,0,0,0,1,2,1,22,1,2,0,1,1,0,11,11,11,7,0,1,1,1,0,11,11,11,1,1,1,0
6311, 5/24/2022 11:10,3,1,Trust_promise,1,0,0,0,0,1,2,1,28,0,3,1,2,1,0,6,1,10,5,0,1,0,0,0,11,11,11,9,5,1,0
6312,  5/24/2022 4:31,3,1,Trust,0,1,0,0,0,,1,0,53,1,4,1,1,1,0,2,1,7,5,1,0,0,0,0,11,11,11,11,11,,0
6313,  5/24/2022 2:10,3,1,Default_no,0,0,0,0,1,1,6,0,53,0,3,1,1,1,1,10,11,11,10,1,1,1,1,1,11,11,11,6,11,,1
6314, 5/24/2022 12:13,3,1,Default_no,0,0,0,0,1,1,5,0,42,0,4,1,1,1,1,6,11,11,7,1,1,1,1,0,10,11,11,9,7,,1
6315,  5/24/2022 1:18,3,1,Default_yes,0,0,0,1,0,1,3,1,38,0,3,1,1,1,1,2,8,11,8,1,0,1,1,1,11,10,10,11,9,,1
6316, 5/24/2022 12:37,3,1,Default_yes,0,0,0,1,0,1,4,0,41,0,3,1,1,1,1,9,9,11,7,1,1,1,1,0,11,11,11,1,11,,1
6317,  5/24/2022 2:31,3,1,Promise,0,0,1,0,0,1,3,0,50,1,3,1,2,1,1,11,11,11,8,1,1,1,1,1,9,9,9,3,9,1,0
6318,  5/24/2022 2:46,3,1,Default_no,0,0,0,0,1,1,5,0,33,1,2,0,2,1,1,9,11,11,6,0,1,1,1,0,11,11,11,9,11,,1
6319,  5/24/2022 5:53,3,1,Trust_promise,1,0,0,0,0,1,2,0,25,1,3,1,1,1,1,6,2,8,7,0,1,0,0,0,11,11,11,4,2,1,0
6320,  5/25/2022 4:13,3,1,Default_yes,0,0,0,1,0,1,6,0,18,0,2,0,3,0,0,6,1,8,6,0,1,0,0,0,3,9,9,8,10,,1
6321,  5/24/2022 7:21,3,1,Promise,0,0,1,0,0,1,3,0,57,1,3,1,2,1,1,3,10,9,8,1,0,1,0,1,11,11,10,11,11,1,0
6322, 5/24/2022 12:50,3,1,Trust_promise,1,0,0,0,0,1,1,0,31,1,3,1,1,1,0,1,1,8,9,0,0,0,0,1,10,10,11,11,7,1,0
6323, 5/24/2022 11:44,3,1,Trust,0,1,0,0,0,,3,1,27,0,2,0,1,1,1,6,1,10,3,0,1,0,0,0,11,11,11,11,10,,0
6324,  5/24/2022 5:45,3,1,Control,0,0,0,0,0,,6,1,30,0,3,1,1,1,0,1,1,11,9,0,0,0,1,1,11,11,1,1,7,0,0
6325, 5/24/2022 12:34,3,1,Trust_promise,1,0,0,0,0,1,5,1,38,1,3,1,1,1,0,1,1,11,6,1,0,0,1,0,11,11,11,11,11,1,0
6326, 5/24/2022 11:55,3,1,Promise,0,0,1,0,0,1,3,0,45,0,3,1,1,1,1,2,6,9,7,1,0,1,0,0,10,10,10,10,8,1,0
6327,  5/24/2022 4:53,3,1,Trust_promise,1,0,0,0,0,1,6,1,24,1,3,1,1,1,1,10,11,11,10,0,1,1,1,1,11,11,11,11,11,1,0
6328,  5/24/2022 2:07,3,1,Default_yes,0,0,0,1,0,1,3,1,27,1,2,0,2,1,0,3,1,11,9,0,0,0,1,1,11,11,11,11,11,,1
6329,  5/24/2022 2:48,3,1,Default_no,0,0,0,0,1,1,6,1,50,1,4,1,1,1,1,6,3,6,8,1,1,0,0,1,11,11,11,11,11,,1
6330,  5/24/2022 2:51,3,1,Trust,0,1,0,0,0,,4,0,67,0,3,1,3,0,0,7,8,7,5,1,1,1,0,0,8,8,8,8,6,,0
6331,  5/24/2022 6:54,3,1,Default_no,0,0,0,0,1,1,1,1,26,0,3,1,2,1,0,9,5,9,5,0,1,0,0,0,9,8,8,6,7,,1
6332,  5/24/2022 7:17,3,1,Default_yes,0,0,0,1,0,1,5,0,48,1,2,0,1,1,1,11,11,11,9,1,1,1,1,1,10,11,11,9,10,,1
6333,  5/24/2022 4:25,3,1,Trust,0,1,0,0,0,,4,0,37,1,3,1,1,1,1,8,8,10,6,1,1,1,0,0,6,11,11,11,11,,0
6334,  5/24/2022 6:08,3,1,Default_no,0,0,0,0,1,1,1,0,27,1,3,1,2,1,0,1,1,11,5,0,0,0,1,0,9,11,11,11,10,,1
6335,  5/24/2022 1:36,3,1,Default_no,0,0,0,0,1,1,5,1,30,0,2,0,1,1,1,6,1,11,7,0,1,0,1,0,11,9,9,9,8,,1
6336, 5/24/2022 12:25,3,1,Default_no,0,0,0,0,1,1,5,0,23,1,3,1,1,1,0,2,1,11,6,0,0,0,1,0,11,11,11,11,11,,1
6337,  5/24/2022 4:56,3,1,Default_yes,0,0,0,1,0,1,6,0,41,1,2,0,1,1,0,4,11,10,4,1,0,1,0,0,10,10,10,10,10,,1
6338,  5/24/2022 3:31,3,1,Promise,0,0,1,0,0,1,4,1,35,0,3,1,1,1,0,2,1,9,1,1,0,0,0,0,9,11,10,8,11,1,0
6339,  5/24/2022 3:38,3,1,Control,0,0,0,0,0,,6,0,27,0,3,1,2,1,1,5,8,9,8,0,1,1,0,1,11,11,11,9,9,0,0
6340,  5/24/2022 9:51,3,1,Default_yes,0,0,0,1,0,1,5,1,20,0,2,0,2,1,0,4,1,11,6,0,0,0,1,0,11,11,9,11,10,,1
6341, 5/24/2022 11:35,3,1,Promise,0,0,1,0,0,1,4,1,36,0,3,1,3,0,0,1,2,5,4,1,0,0,0,0,11,11,9,9,11,1,0
6342, 5/24/2022 10:39,3,1,Trust_promise,1,0,0,0,0,1,1,0,25,1,3,1,2,1,1,2,11,9,4,0,0,1,0,0,3,11,11,11,11,1,0
6343,  5/24/2022 6:06,3,1,Default_no,0,0,0,0,1,1,6,0,56,0,2,0,1,1,1,7,9,10,8,1,1,1,0,1,11,11,11,1,1,,1
6344,  5/25/2022 4:11,3,1,Trust_promise,1,0,0,0,0,1,1,0,31,0,2,0,1,1,1,2,1,11,9,0,0,0,1,1,11,11,11,11,11,1,0
6345,  5/24/2022 2:02,3,1,Default_no,0,0,0,0,1,1,2,0,21,1,3,1,2,1,0,8,11,11,7,0,1,1,1,0,10,9,9,9,2,,1
6346,  5/24/2022 1:14,3,1,Default_yes,0,0,0,1,0,1,1,0,35,1,2,0,1,1,1,4,8,7,9,1,0,1,0,1,7,11,9,11,11,,1
6347,  5/24/2022 1:20,3,1,Trust_promise,1,0,0,0,0,1,6,1,31,0,3,1,2,1,1,1,1,10,8,0,0,0,0,1,10,9,9,7,7,1,0
6348,  5/24/2022 4:42,3,1,Trust,0,1,0,0,0,,6,0,20,1,3,1,1,1,0,2,1,8,8,0,0,0,0,1,11,11,11,10,6,,0
6349,  5/24/2022 6:50,3,1,Trust_promise,1,0,0,0,0,1,6,1,49,1,4,1,1,1,0,6,11,9,1,1,1,1,0,0,11,11,11,11,11,1,0
6350,  5/24/2022 1:03,3,1,Default_no,0,0,0,0,1,1,3,0,43,1,4,1,2,1,1,6,11,11,5,1,1,1,1,0,9,11,11,7,5,,1
6351,  5/24/2022 2:23,3,1,Promise,0,0,1,0,0,1,3,0,37,1,2,0,3,0,0,3,10,10,3,1,0,1,0,0,11,11,10,3,5,1,0
6352, 5/24/2022 12:20,3,1,Default_yes,0,0,0,1,0,1,4,1,42,0,3,1,2,1,1,7,11,11,7,1,1,1,1,0,10,10,9,9,10,,1
6353,  5/24/2022 1:34,3,1,Control,0,0,0,0,0,,2,1,26,1,4,1,2,1,1,4,6,7,5,0,0,1,0,0,5,7,7,5,7,0,0
6354,  5/24/2022 4:09,3,1,Control,0,0,0,0,0,,1,1,18,0,2,0,3,0,0,3,8,11,5,0,0,1,1,0,1,4,4,4,3,0,0
6355,  5/24/2022 5:11,3,1,Trust_promise,1,0,0,0,0,1,2,0,35,1,4,1,2,1,1,1,1,8,6,1,0,0,0,0,11,11,10,4,6,1,0
6356, 5/24/2022 11:50,3,1,Trust_promise,1,0,0,0,0,1,2,0,31,0,2,0,1,1,0,3,3,11,4,0,0,0,1,0,11,10,10,7,8,1,0
6357, 5/24/2022 12:18,3,1,Default_yes,0,0,0,1,0,1,2,1,34,0,3,1,1,1,1,6,1,6,9,0,1,0,0,1,6,5,5,5,5,,1
6358,  5/24/2022 2:18,3,1,Control,0,0,0,0,0,,3,0,65,1,2,0,3,0,0,6,11,10,9,1,1,1,0,1,8,10,11,3,11,0,0
6359,  5/24/2022 7:51,3,1,Trust,0,1,0,0,0,,5,1,19,0,2,0,1,1,0,2,1,3,8,0,0,0,0,1,9,8,9,7,7,,0
6360, 5/24/2022 11:56,3,1,Control,0,0,0,0,0,,6,1,46,0,2,0,3,0,0,1,1,11,10,1,0,0,1,1,11,11,11,1,11,0,0
6361,  5/25/2022 9:06,3,1,Promise,0,0,1,0,0,1,4,1,31,0,3,1,1,1,1,1,1,11,6,0,0,0,1,0,8,7,6,5,5,1,0
6362,  5/24/2022 6:54,3,1,Trust,0,1,0,0,0,,4,1,39,0,3,1,1,1,1,6,1,1,1,1,1,0,0,0,10,10,10,9,10,,0
6363,  5/24/2022 6:03,3,1,Control,0,0,0,0,0,,1,1,23,1,3,1,1,1,1,1,1,3,8,0,0,0,0,1,11,11,11,4,1,0,0
6364, 5/24/2022 12:46,3,1,Trust,0,1,0,0,0,,3,0,64,1,3,1,1,1,0,2,1,11,9,1,0,0,1,1,11,11,11,11,8,,0
6365,  5/24/2022 6:13,3,1,Default_no,0,0,0,0,1,1,1,0,35,1,4,1,1,1,0,1,1,6,7,1,0,0,0,0,10,10,11,11,11,,1
6366,  5/24/2022 4:08,3,1,Control,0,0,0,0,0,,3,1,29,0,2,0,3,0,0,5,11,10,6,0,1,1,0,0,4,9,11,11,9,0,0
6367, 5/24/2022 11:46,3,1,Control,0,0,0,0,0,,1,0,30,1,3,1,2,1,1,11,11,11,3,0,1,1,1,0,9,9,10,10,10,0,0
6368, 5/24/2022 12:42,3,1,Default_yes,0,0,0,1,0,1,5,1,27,0,3,1,3,0,1,2,2,6,7,0,0,0,0,0,11,11,11,11,11,,1
6369,  5/24/2022 3:26,3,1,Control,0,0,0,0,0,,3,1,43,1,3,1,1,1,1,2,9,9,6,1,0,1,0,0,11,11,11,11,11,0,0
6370,  5/24/2022 3:05,3,1,Default_yes,0,0,0,1,0,1,1,1,37,1,3,1,2,1,1,5,1,10,3,1,1,0,0,0,3,3,3,5,5,,1
6371,  5/24/2022 1:53,3,1,Default_no,0,0,0,0,1,1,2,1,47,1,2,0,3,0,1,1,6,1,7,1,0,1,0,0,11,11,11,11,11,,1
6372,  5/24/2022 1:05,3,1,Promise,0,0,1,0,0,1,4,0,37,0,2,0,2,1,1,5,10,11,9,1,1,1,1,1,10,9,11,7,8,1,0
6373,  5/24/2022 9:19,3,1,Trust_promise,1,0,0,0,0,1,6,1,26,0,2,0,2,1,0,4,2,10,3,0,0,0,0,0,11,9,11,10,10,1,0
6374,  5/24/2022 4:25,3,1,Default_no,0,0,0,0,1,1,4,0,75,0,5,1,1,1,1,1,2,11,9,1,0,0,1,1,4,11,11,5,1,,1
6375,  5/24/2022 1:44,3,1,Promise,0,0,1,0,0,1,4,1,28,0,3,1,2,1,1,4,2,8,5,0,0,0,0,0,11,11,11,11,11,1,0
6376,  5/24/2022 1:15,3,1,Trust_promise,1,0,0,0,0,1,2,0,55,1,2,0,1,1,0,9,11,9,9,1,1,1,0,1,9,11,11,3,9,1,0
6377,  5/24/2022 7:21,3,1,Trust_promise,1,0,0,0,0,1,2,0,27,1,3,1,1,1,1,3,1,6,6,0,0,0,0,0,11,11,11,11,11,1,0
6378,  5/24/2022 3:04,3,1,Default_yes,0,0,0,1,0,1,4,0,71,1,4,1,3,0,0,1,1,11,9,1,0,0,1,1,11,11,11,6,8,,1
6379,  5/24/2022 5:57,3,1,Default_yes,0,0,0,1,0,1,6,0,24,1,2,0,2,1,0,1,5,11,8,0,0,0,1,1,11,11,11,11,11,,1
6380,  5/24/2022 2:33,3,1,Trust_promise,1,0,0,0,0,1,6,1,71,1,2,0,3,0,1,6,11,11,4,1,1,1,1,0,11,11,11,11,11,1,0
6381, 5/25/2022 10:52,3,1,Trust_promise,1,0,0,0,0,1,3,1,25,0,2,0,3,0,0,5,2,8,4,0,1,0,0,0,11,11,11,11,11,1,0
6382, 5/24/2022 11:52,3,1,Trust,0,1,0,0,0,,6,0,45,0,3,1,1,1,1,4,1,10,8,1,0,0,0,1,8,9,10,8,9,,0
6383,  5/24/2022 6:16,3,1,Control,0,0,0,0,0,,2,0,26,1,3,1,2,1,1,3,2,10,7,0,0,0,0,0,11,11,10,11,9,0,0
6384,  5/24/2022 2:02,3,1,Default_no,0,0,0,0,1,1,3,0,66,1,4,1,2,1,1,11,11,11,10,1,1,1,1,1,11,11,11,11,11,,1
6385,  5/24/2022 5:51,3,1,Promise,0,0,1,0,0,1,1,0,23,1,3,1,1,1,0,5,1,11,5,0,1,0,1,0,11,11,11,8,9,1,0
6386,  5/25/2022 5:05,3,1,Trust_promise,1,0,0,0,0,1,1,0,61,0,2,0,1,1,0,7,7,10,9,1,1,1,0,1,6,11,11,6,6,1,0
6387,  5/24/2022 2:34,3,1,Trust,0,1,0,0,0,,1,1,62,1,3,1,1,1,0,1,7,8,8,1,0,1,0,1,8,9,9,9,8,,0
6388, 5/24/2022 11:50,3,1,Control,0,0,0,0,0,,4,1,23,0,2,0,1,1,0,1,1,10,5,0,0,0,0,0,9,10,9,9,9,0,0
6389,  5/24/2022 1:09,3,1,Trust_promise,1,0,0,0,0,1,6,0,26,1,3,1,1,1,0,3,5,9,5,0,0,0,0,0,11,10,10,10,10,1,0
6390,  5/24/2022 3:43,3,1,Trust_promise,1,0,0,0,0,1,3,1,25,1,4,1,1,1,1,2,5,4,6,0,0,0,0,0,10,10,10,10,8,1,0
6391,  5/24/2022 2:48,3,1,Control,0,0,0,0,0,,3,1,29,1,2,0,1,1,0,2,1,11,6,0,0,0,1,0,11,11,11,11,11,0,0
6392,  5/24/2022 3:16,3,1,Promise,0,0,1,0,0,1,4,1,58,1,2,0,1,1,0,3,2,9,8,1,0,0,0,1,11,11,11,10,11,1,0
6393,  5/24/2022 2:49,3,1,Promise,0,0,1,0,0,1,4,0,39,0,3,1,2,1,1,6,1,11,5,1,1,0,1,0,6,6,10,8,8,1,0
6394,  5/25/2022 8:09,3,1,Default_yes,0,0,0,1,0,1,4,0,65,0,2,0,3,0,0,1,2,11,7,1,0,0,1,0,11,11,11,11,11,,1
6395,  5/24/2022 1:13,3,1,Trust_promise,1,0,0,0,0,1,5,0,48,1,3,1,2,1,0,2,2,9,7,1,0,0,0,0,11,11,11,6,6,1,0
6396,  5/24/2022 7:16,3,1,Control,0,0,0,0,0,,6,1,29,1,3,1,1,1,1,2,9,8,5,0,0,1,0,0,11,8,9,11,11,0,0
6397,  5/24/2022 1:41,3,1,Trust_promise,1,0,0,0,0,1,3,0,50,1,4,1,2,1,1,4,11,11,8,1,0,1,1,1,11,11,11,11,11,1,0
6398, 5/24/2022 11:25,3,1,Default_yes,0,0,0,1,0,1,5,0,40,0,4,1,1,1,1,11,11,11,9,1,1,1,1,1,10,9,10,10,10,,1
6399, 5/24/2022 12:57,3,1,Default_no,0,0,0,0,1,1,3,1,36,0,3,1,1,1,0,4,2,9,5,1,0,0,0,0,11,8,8,7,2,,1
6400,  5/24/2022 2:38,3,1,Trust_promise,1,0,0,0,0,1,2,0,79,0,2,0,3,0,1,9,7,11,10,1,1,1,1,1,11,11,11,4,10,1,0
6401,  5/24/2022 3:18,3,1,Control,0,0,0,0,0,,6,1,36,0,3,1,1,1,0,2,1,11,7,1,0,0,1,0,4,7,6,2,7,0,0
6402, 5/24/2022 11:01,3,1,Promise,0,0,1,0,0,1,5,1,29,0,3,1,1,1,1,6,11,9,7,0,1,1,0,0,9,9,10,9,9,1,0
6403,  5/24/2022 1:07,3,1,Trust_promise,1,0,0,0,0,1,5,1,31,0,3,1,1,1,0,3,3,8,7,0,0,0,0,0,11,9,10,7,7,1,0
6404,  5/24/2022 7:22,3,1,Trust,0,1,0,0,0,,3,1,52,1,2,0,3,0,0,6,11,11,6,1,1,1,1,0,11,11,11,11,11,,0
6405,  5/24/2022 2:28,3,1,Default_no,0,0,0,0,1,1,1,0,26,1,3,1,3,0,0,11,11,11,1,0,1,1,1,0,11,11,11,11,11,,1
6406,  5/24/2022 6:55,3,1,Control,0,0,0,0,0,,5,1,32,0,2,0,1,1,0,1,3,9,3,0,0,0,0,0,7,9,10,6,9,0,0
6407, 5/24/2022 11:09,3,1,Default_no,0,0,0,0,1,1,3,1,56,0,2,0,2,1,0,10,10,9,4,1,1,1,0,0,5,5,5,5,5,,1
6408,  5/24/2022 6:41,3,1,Default_no,0,0,0,0,1,1,4,0,30,1,2,0,1,1,1,3,1,9,9,0,0,0,0,1,11,11,11,11,11,,1
6409,  5/24/2022 4:35,3,1,Promise,0,0,1,0,0,1,2,1,50,0,3,1,1,1,1,6,11,11,9,1,1,1,1,1,5,5,5,5,5,1,0
6410,  5/24/2022 6:27,3,1,Control,0,0,0,0,0,,3,0,20,1,2,0,3,0,0,4,5,9,7,0,0,0,0,0,11,11,11,11,11,0,0
6411,  5/24/2022 1:49,3,1,Default_yes,0,0,0,1,0,1,3,1,24,1,2,0,2,1,0,1,8,11,6,0,0,1,1,0,11,11,11,11,11,,1
6412, 5/24/2022 12:16,3,1,Trust_promise,1,0,0,0,0,1,5,0,51,0,4,1,2,1,1,9,11,11,8,1,1,1,1,1,11,11,11,4,7,1,0
6413, 5/24/2022 11:51,3,1,Trust,0,1,0,0,0,,1,1,34,0,2,0,3,0,0,6,3,4,4,0,1,0,0,0,11,8,8,2,1,,0
6414, 5/24/2022 12:02,3,1,Default_no,0,0,0,0,1,1,5,1,38,0,3,1,1,1,0,4,10,11,11,1,0,1,1,1,11,11,11,9,11,,1
6415,  5/24/2022 4:59,3,1,Default_yes,0,0,0,1,0,1,6,0,25,0,2,0,1,1,0,5,1,8,7,0,1,0,0,0,10,10,10,11,10,,1
6416,  5/24/2022 4:26,3,1,Control,0,0,0,0,0,,5,1,26,0,2,0,3,0,0,3,1,11,6,0,0,0,1,0,10,9,10,9,4,0,0
6417,  5/24/2022 3:26,3,1,Promise,0,0,1,0,0,1,2,0,31,0,3,1,1,1,1,7,7,7,9,0,1,1,0,1,4,9,11,9,9,1,0
6418,  5/24/2022 2:48,3,1,Default_yes,0,0,0,1,0,1,5,0,36,1,3,1,3,0,0,1,6,8,6,1,0,1,0,0,11,11,11,11,11,,1
6419, 5/24/2022 12:24,3,1,Trust,0,1,0,0,0,,5,1,39,0,2,0,1,1,0,1,1,6,7,1,0,0,0,0,7,9,6,8,8,,0
6420, 5/24/2022 12:08,3,1,Trust,0,1,0,0,0,,2,1,29,1,3,1,3,0,0,1,3,11,3,0,0,0,1,0,11,11,11,6,1,,0
6421, 5/24/2022 10:50,3,1,Default_no,0,0,0,0,1,1,2,1,35,0,3,1,1,1,1,2,2,11,3,1,0,0,1,0,8,7,4,3,3,,1
6422,  5/24/2022 3:16,3,1,Promise,0,0,1,0,0,1,6,0,69,0,4,1,1,1,1,2,1,8,8,1,0,0,0,1,8,8,8,8,6,1,0
6423,  5/24/2022 7:43,3,1,Trust,0,1,0,0,0,,1,0,25,0,4,1,2,1,0,1,1,11,6,0,0,0,1,0,6,11,11,11,11,,0
6424,  5/24/2022 2:45,3,1,Default_no,0,0,0,0,1,1,2,1,51,0,2,0,1,1,0,1,6,11,9,1,0,1,1,1,6,7,11,6,3,,1
6425, 5/24/2022 11:26,3,1,Promise,0,0,1,0,0,1,3,1,42,1,3,1,1,1,1,1,1,6,8,1,0,0,0,1,11,11,11,11,11,1,0
6426,  5/24/2022 1:12,3,1,Default_no,0,0,0,0,1,1,2,1,43,1,3,1,2,1,1,1,1,10,9,1,0,0,0,1,11,11,11,10,11,,1
6427,  5/24/2022 1:36,3,1,Default_yes,0,0,0,1,0,1,3,0,28,0,2,0,1,1,0,8,1,11,4,0,1,0,1,0,11,11,11,11,9,,1
6428,  5/24/2022 1:21,3,1,Trust,0,1,0,0,0,,2,0,39,1,2,0,1,1,0,4,6,11,6,1,0,1,1,0,11,11,11,11,11,,0
6429,  5/24/2022 4:33,3,1,Default_no,0,0,0,0,1,1,4,1,45,1,3,1,2,1,1,6,11,9,9,1,1,1,0,1,11,11,11,11,11,,1
6430,  5/24/2022 3:17,3,1,Control,0,0,0,0,0,,3,1,31,0,4,1,1,1,1,6,8,9,6,0,1,1,0,0,7,8,9,7,5,0,0
6431, 5/24/2022 11:52,3,1,Default_no,0,0,0,0,1,1,3,1,35,0,3,1,1,1,1,1,1,10,7,1,0,0,0,0,8,6,7,3,4,,1
6432,  5/24/2022 6:34,3,1,Trust,0,1,0,0,0,,3,1,32,1,3,1,1,1,1,6,1,11,8,0,1,0,1,1,11,10,10,11,9,,0
6433, 5/24/2022 12:40,3,1,Control,0,0,0,0,0,,5,0,76,0,3,1,3,0,1,2,1,9,9,1,0,0,0,1,11,11,11,11,11,0,0
6434,  5/24/2022 2:07,3,1,Default_no,0,0,0,0,1,1,1,1,24,1,3,1,3,0,0,4,1,9,8,0,0,0,0,1,11,11,11,11,11,,1
6435, 5/24/2022 11:09,3,1,Control,0,0,0,0,0,,5,0,24,1,3,1,1,1,1,8,11,8,4,0,1,1,0,0,11,11,11,10,11,0,0
6436,  5/24/2022 6:02,3,1,Default_yes,0,0,0,1,0,1,2,0,18,1,2,0,3,0,0,6,7,7,5,0,1,1,0,0,11,11,11,11,11,,1
6437,  5/24/2022 2:58,3,1,Promise,0,0,1,0,0,1,2,0,35,0,3,1,2,1,1,3,1,11,10,1,0,0,1,1,1,11,11,11,11,1,0
6438,  5/24/2022 1:58,3,1,Trust_promise,1,0,0,0,0,1,3,0,31,1,3,1,2,1,1,2,7,7,5,0,0,1,0,0,11,11,11,11,11,1,0
6439, 5/24/2022 12:12,3,1,Default_yes,0,0,0,1,0,1,1,0,38,0,3,1,1,1,0,3,1,7,7,1,0,0,0,0,9,7,9,5,6,,1
6440,  5/24/2022 1:10,3,1,Default_no,0,0,0,0,1,1,2,0,22,1,3,1,2,1,0,3,11,11,4,0,0,1,1,0,9,11,11,11,11,,1
6441,  5/24/2022 5:43,3,1,Default_no,0,0,0,0,1,1,4,1,34,1,4,1,2,1,1,6,11,8,7,0,1,1,0,0,11,11,11,10,10,,1
6442,  5/24/2022 2:45,3,1,Default_yes,0,0,0,1,0,1,2,0,23,1,2,0,1,1,0,1,7,11,3,0,0,1,1,0,10,10,10,10,10,,1
6443, 5/24/2022 12:20,3,1,Promise,0,0,1,0,0,1,1,0,38,0,4,1,1,1,1,9,1,11,7,1,1,0,1,0,11,11,11,11,11,1,0
6444, 5/24/2022 12:48,3,1,Default_no,0,0,0,0,1,1,1,0,34,1,3,1,1,1,0,3,8,11,7,0,0,1,1,0,9,10,8,10,8,,1
6445, 5/24/2022 12:31,3,1,Default_yes,0,0,0,1,0,1,6,0,21,0,2,0,3,0,0,1,2,9,8,0,0,0,0,1,8,8,10,9,9,,1
6446, 5/24/2022 11:28,3,1,Trust_promise,1,0,0,0,0,1,2,0,32,0,5,1,2,1,0,6,11,7,8,0,1,1,0,1,10,10,10,10,10,1,0
6447, 5/24/2022 12:31,3,1,Trust_promise,1,0,0,0,0,1,1,0,18,1,2,0,3,0,0,4,2,10,9,0,0,0,0,1,9,11,10,8,8,1,0
6448,  5/24/2022 3:54,3,1,Trust_promise,1,0,0,0,0,1,3,1,30,0,3,1,1,1,1,6,2,10,7,0,1,0,0,0,10,10,10,8,10,1,0
6449, 5/24/2022 10:08,3,1,Trust_promise,1,0,0,0,0,1,2,1,28,0,3,1,1,1,1,6,11,10,8,0,1,1,0,1,8,10,9,8,7,1,0
6450, 5/24/2022 12:20,3,1,Control,0,0,0,0,0,,2,1,34,0,4,1,1,1,1,11,11,11,8,0,1,1,1,1,11,11,11,11,11,0,0
6451,  5/24/2022 2:42,3,1,Promise,0,0,1,0,0,1,2,1,49,1,3,1,1,1,1,2,1,10,8,1,0,0,0,1,8,11,11,11,11,1,0
6452,  5/24/2022 1:40,3,1,Trust,0,1,0,0,0,,5,1,25,0,3,1,2,1,1,2,7,8,9,0,0,1,0,1,4,3,3,5,2,,0
6453,  5/24/2022 5:36,3,1,Trust,0,1,0,0,0,,2,0,23,1,3,1,1,1,1,1,1,9,8,0,0,0,0,1,11,11,11,11,11,,0
6454,  5/24/2022 1:33,3,1,Control,0,0,0,0,0,,3,0,55,1,3,1,2,1,1,10,11,9,8,1,1,1,0,1,11,11,11,11,9,0,0
6455,  5/24/2022 8:40,3,1,Default_no,0,0,0,0,1,1,4,1,47,0,2,0,1,1,1,7,1,10,9,1,1,0,0,1,10,10,11,10,10,,1
6456, 5/24/2022 11:28,3,1,Trust_promise,1,0,0,0,0,1,6,0,28,0,3,1,3,0,0,7,1,3,7,0,1,0,0,0,3,5,7,10,6,1,0
6457,  5/24/2022 4:48,3,1,Default_no,0,0,0,0,1,1,2,1,20,1,2,0,3,0,0,1,1,9,7,0,0,0,0,0,5,5,4,4,3,,1
6458,  5/24/2022 7:15,3,1,Control,0,0,0,0,0,,2,1,20,0,3,1,3,0,0,7,1,11,3,0,1,0,1,0,1,1,1,1,1,0,0
6459,  5/24/2022 7:07,3,1,Default_no,0,0,0,0,1,1,4,0,57,1,2,0,1,1,0,1,3,11,11,1,0,0,1,1,11,11,11,8,9,,1
6460,  5/24/2022 7:55,3,1,Promise,0,0,1,0,0,1,2,0,27,1,2,0,3,0,0,11,11,11,1,0,1,1,1,0,11,11,11,11,11,1,0
6461,  5/24/2022 6:21,3,1,Default_yes,0,0,0,1,0,1,4,1,42,1,2,0,3,0,0,6,8,11,6,1,1,1,1,0,11,11,11,11,11,,1
6462,  5/24/2022 2:00,3,1,Default_no,0,0,0,0,1,1,4,1,22,1,2,0,1,1,0,1,1,11,5,0,0,0,1,0,11,11,11,11,11,,1
6463,  5/24/2022 5:02,3,1,Default_no,0,0,0,0,1,1,4,1,28,1,4,1,1,1,1,3,1,11,8,0,0,0,1,1,11,11,11,11,11,,1
6464,  5/24/2022 1:52,3,1,Promise,0,0,1,0,0,1,4,1,37,0,4,1,2,1,1,7,9,8,3,1,1,1,0,0,9,9,9,9,9,1,0
6465, 5/24/2022 12:44,3,1,Promise,0,0,1,0,0,1,6,1,22,1,3,1,3,0,0,1,1,3,5,0,0,0,0,0,10,11,11,11,10,1,0
6466,  5/24/2022 5:41,3,1,Default_no,0,0,0,0,1,1,5,1,25,0,2,0,2,1,0,6,11,11,8,0,1,1,1,1,11,11,11,11,11,,1
6467, 5/24/2022 11:54,3,1,Trust_promise,1,0,0,0,0,1,5,0,26,0,3,1,1,1,0,6,1,9,4,0,1,0,0,0,6,9,10,10,4,1,0
6468,  5/24/2022 2:25,3,1,Control,0,0,0,0,0,,4,1,32,1,4,1,1,1,1,6,2,11,8,0,1,0,1,1,6,11,11,6,6,0,0
6469,  5/24/2022 4:42,3,1,Trust_promise,1,0,0,0,0,1,6,1,25,1,2,0,2,1,0,1,1,10,6,0,0,0,0,0,10,11,11,10,11,1,0
6470,  5/24/2022 2:48,3,1,Default_yes,0,0,0,1,0,1,6,0,25,0,2,0,2,1,0,4,3,8,6,0,0,0,0,0,6,8,6,4,5,,1
6471, 5/24/2022 11:26,3,1,Promise,0,0,1,0,0,1,4,1,21,1,2,0,3,0,0,1,1,8,4,0,0,0,0,0,9,10,9,10,10,1,0
6472,  5/24/2022 6:11,3,1,Default_no,0,0,0,0,1,1,5,0,23,0,2,0,3,0,0,5,6,2,6,0,1,1,0,0,9,10,10,5,9,,1
6473,  5/24/2022 4:18,3,1,Promise,0,0,1,0,0,1,1,0,19,0,2,0,1,1,0,3,2,5,7,0,0,0,0,0,9,7,9,8,6,1,0
6474,  5/24/2022 1:25,3,1,Promise,0,0,1,0,0,1,6,1,33,0,2,0,2,1,1,6,9,11,6,0,1,1,1,0,11,11,11,11,11,1,0
6475, 5/24/2022 11:50,3,1,Promise,0,0,1,0,0,1,3,0,31,0,3,1,2,1,0,5,1,8,4,0,1,0,0,0,11,11,11,11,8,1,0
6476,  5/24/2022 4:37,3,1,Default_no,0,0,0,0,1,1,2,0,34,0,4,1,1,1,0,1,1,11,5,0,0,0,1,0,6,1,6,9,9,,1
6477, 5/24/2022 12:30,3,1,Default_yes,0,0,0,1,0,1,3,0,45,1,2,0,1,1,0,2,1,8,1,1,0,0,0,0,11,11,11,11,11,,1
6478, 5/24/2022 11:37,3,1,Trust,0,1,0,0,0,,3,0,38,0,2,0,1,1,1,3,1,11,2,1,0,0,1,0,11,11,11,11,11,,0
6479, 5/24/2022 12:17,3,1,Trust,0,1,0,0,0,,4,0,44,0,2,0,1,1,1,5,11,10,7,1,1,1,0,0,10,10,10,8,9,,0
6480,  5/24/2022 2:35,3,1,Control,0,0,0,0,0,,6,1,25,1,3,1,2,1,0,2,11,10,4,0,0,1,0,0,9,7,7,8,9,0,0
6481,  5/24/2022 4:51,3,1,Control,0,0,0,0,0,,4,0,55,1,2,0,3,0,0,1,1,10,7,1,0,0,0,0,11,11,11,11,8,0,0
6482, 5/24/2022 11:31,3,1,Trust,0,1,0,0,0,,5,1,29,0,2,0,3,0,0,8,1,11,8,0,1,0,1,1,7,7,7,6,4,,0
6483,  5/25/2022 8:24,3,1,Trust,0,1,0,0,0,,3,1,23,0,2,0,3,0,0,1,3,11,4,0,0,0,1,0,6,3,3,1,2,,0
6484,  5/24/2022 3:39,3,1,Default_no,0,0,0,0,1,1,1,0,53,1,3,1,1,1,0,1,1,10,8,1,0,0,0,1,11,11,11,11,10,,1
6485,  5/24/2022 1:19,3,1,Default_no,0,0,0,0,1,1,1,0,20,1,2,0,1,1,0,3,2,8,6,0,0,0,0,0,9,8,8,7,5,,1
6486, 5/24/2022 11:45,3,1,Trust,0,1,0,0,0,,1,1,27,0,3,1,1,1,1,1,1,10,9,0,0,0,0,1,8,10,9,9,10,,0
6487,  5/24/2022 3:07,3,1,Default_yes,0,0,0,1,0,1,5,1,40,1,2,0,1,1,0,1,1,11,1,1,0,0,1,0,11,11,11,11,11,,1
6488,  5/24/2022 9:25,3,1,Control,0,0,0,0,0,,5,1,44,0,3,1,2,1,1,9,11,11,9,1,1,1,1,1,8,10,10,10,10,0,0
6489, 5/24/2022 12:47,3,1,Default_yes,0,0,0,1,0,1,1,1,24,0,2,0,2,1,0,6,6,11,9,0,1,1,1,1,1,1,1,1,1,,1
6490,  5/25/2022 2:14,3,1,Promise,0,0,1,0,0,1,2,0,21,0,2,0,3,0,0,1,1,11,5,0,0,0,1,0,11,11,10,11,9,1,0
6491, 5/24/2022 12:44,3,1,Control,0,0,0,0,0,,6,0,38,0,3,1,1,1,1,4,10,9,4,1,0,1,0,0,10,10,10,10,10,0,0
6492, 5/24/2022 11:27,3,1,Control,0,0,0,0,0,,5,0,38,0,5,1,2,1,1,6,9,9,6,1,1,1,0,0,11,11,11,8,8,0,0
6493,  5/25/2022 1:41,3,1,Trust_promise,1,0,0,0,0,1,1,1,66,0,3,1,3,0,0,11,11,10,9,1,1,1,0,1,11,11,11,11,11,1,0
6494,  5/24/2022 1:25,3,1,Trust_promise,1,0,0,0,0,1,5,0,42,0,2,0,3,0,0,1,1,11,4,1,0,0,1,0,1,11,11,11,11,1,0
6495, 5/24/2022 11:29,3,1,Control,0,0,0,0,0,,3,1,38,0,3,1,1,1,1,7,7,7,6,1,1,1,0,0,8,8,8,8,8,0,0
6496,  5/24/2022 1:59,3,1,Promise,0,0,1,0,0,1,3,0,34,1,2,0,1,1,1,3,3,9,9,0,0,0,0,1,7,10,10,6,10,1,0
6497, 5/24/2022 12:10,3,1,Control,0,0,0,0,0,,3,1,32,0,4,1,1,1,1,6,10,10,10,0,1,1,0,1,10,11,11,11,11,0,0
6498,  5/24/2022 1:02,3,1,Trust_promise,1,0,0,0,0,1,3,1,25,1,3,1,1,1,1,2,1,11,7,0,0,0,1,0,11,10,11,11,9,1,0
6499,  5/24/2022 6:57,3,1,Promise,0,0,1,0,0,1,1,0,50,0,3,1,1,1,1,9,8,11,5,1,1,1,1,0,11,11,11,11,11,1,0
6500,  5/24/2022 4:13,3,1,Control,0,0,0,0,0,,3,1,26,0,2,0,3,0,1,7,1,9,4,0,1,0,0,0,6,5,5,3,1,0,0
6501,  5/25/2022 7:45,3,1,Default_no,0,0,0,0,1,1,2,1,58,0,3,1,1,1,1,4,9,10,9,1,0,1,0,1,9,10,10,8,7,,1
6502,  5/25/2022 5:13,3,1,Default_yes,0,0,0,1,0,1,6,0,34,0,3,1,2,1,1,1,1,8,7,0,0,0,0,0,1,11,11,6,11,,1
6503,  5/24/2022 2:09,3,1,Promise,0,0,1,0,0,1,4,1,39,0,3,1,1,1,1,5,1,9,3,1,1,0,0,0,11,7,11,6,4,1,0
6504,  5/24/2022 1:14,3,1,Promise,0,0,1,0,0,1,6,0,55,1,2,0,3,0,1,8,11,11,7,1,1,1,1,0,11,11,11,11,11,1,0
6505,  5/24/2022 6:21,3,1,Default_yes,0,0,0,1,0,1,5,0,72,0,2,0,3,0,1,3,1,9,8,1,0,0,0,1,9,9,11,6,11,,1
6506, 5/24/2022 12:41,3,1,Default_yes,0,0,0,1,0,1,1,0,56,1,4,1,2,1,1,2,8,11,8,1,0,1,1,1,11,11,11,11,11,,1
6507,  5/24/2022 4:04,3,1,Trust,0,1,0,0,0,,2,1,23,0,2,0,3,0,0,5,1,7,5,0,1,0,0,0,11,11,11,11,9,,0
6508,  5/24/2022 1:13,3,1,Default_no,0,0,0,0,1,1,4,1,33,0,4,1,1,1,1,3,1,10,9,0,0,0,0,1,9,10,10,9,10,,1
6509,  5/24/2022 1:45,3,1,Promise,0,0,1,0,0,1,3,0,68,0,3,1,1,1,0,1,1,7,6,1,0,0,0,0,7,11,11,9,9,1,0
6510,  5/24/2022 1:49,3,1,Promise,0,0,1,0,0,1,3,0,22,1,3,1,3,0,0,1,4,7,7,0,0,0,0,0,11,11,11,11,11,1,0
6511,  5/24/2022 1:01,3,1,Promise,0,0,1,0,0,1,3,0,34,0,2,0,1,1,0,11,11,1,1,0,1,1,0,0,11,11,11,11,1,1,0
6512,  5/24/2022 1:20,3,1,Trust,0,1,0,0,0,,5,0,56,1,3,1,1,1,1,1,1,6,5,1,0,0,0,0,11,11,11,11,6,,0
6513, 5/24/2022 11:32,3,1,Trust,0,1,0,0,0,,4,1,29,0,2,0,2,1,0,6,3,10,4,0,1,0,0,0,1,1,1,1,1,,0
6514, 5/24/2022 12:31,3,1,Default_no,0,0,0,0,1,1,4,1,40,0,4,1,2,1,1,8,11,10,9,1,1,1,0,1,9,11,11,9,10,,1
6515, 5/24/2022 12:08,3,1,Trust_promise,1,0,0,0,0,1,4,0,33,0,3,1,1,1,1,6,10,11,9,0,1,1,1,1,11,11,11,11,11,1,0
6516,  5/24/2022 2:44,3,1,Trust,0,1,0,0,0,,5,0,25,1,2,0,3,0,0,1,1,6,7,0,0,0,0,0,11,11,11,9,11,,0
6517, 5/24/2022 12:26,3,1,Promise,0,0,1,0,0,1,1,1,36,0,3,1,1,1,1,1,1,11,7,1,0,0,1,0,6,8,7,4,5,1,0
6518, 5/24/2022 12:21,3,1,Trust,0,1,0,0,0,,5,1,34,0,3,1,2,1,0,11,11,11,11,0,1,1,1,1,11,11,11,11,11,,0
6519,  5/24/2022 1:46,3,1,Default_yes,0,0,0,1,0,1,1,0,29,0,4,1,1,1,0,2,2,10,7,0,0,0,0,0,11,11,11,11,11,,1
6520,  5/24/2022 5:24,3,1,Promise,0,0,1,0,0,1,6,0,32,1,2,0,2,1,0,6,1,10,9,0,1,0,0,1,11,11,11,11,11,1,0
6521,  5/24/2022 8:47,3,1,Trust_promise,1,0,0,0,0,1,6,0,36,0,2,0,1,1,1,3,1,8,5,1,0,0,0,0,11,11,11,6,9,1,0
6522,  5/25/2022 9:02,3,1,Promise,0,0,1,0,0,1,2,0,54,0,5,1,2,1,1,3,2,7,7,1,0,0,0,0,6,9,9,9,7,1,0
6523,  5/24/2022 6:42,3,1,Default_yes,0,0,0,1,0,1,3,1,25,0,2,0,2,1,0,6,9,4,4,0,1,1,0,0,8,8,10,7,11,,1
6524, 5/24/2022 12:43,3,1,Promise,0,0,1,0,0,1,4,0,22,0,2,0,3,0,0,6,11,9,5,0,1,1,0,0,8,10,11,5,5,1,0
6525,  5/24/2022 1:28,3,1,Trust_promise,1,0,0,0,0,1,2,0,24,1,3,1,1,1,1,5,2,9,7,0,1,0,0,0,10,10,10,10,9,1,0
6526, 5/24/2022 12:19,3,1,Default_yes,0,0,0,1,0,1,4,0,55,1,3,1,1,1,1,2,9,10,6,1,0,1,0,0,11,11,11,11,11,,1
6527,  5/24/2022 2:42,3,1,Control,0,0,0,0,0,,1,0,70,1,4,1,2,1,1,5,3,10,9,1,1,0,0,1,11,11,11,11,11,0,0
6528,  5/24/2022 1:49,3,1,Trust_promise,1,0,0,0,0,1,1,0,72,0,3,1,3,0,1,9,11,11,10,1,1,1,1,1,10,11,11,10,10,1,0
6529,  5/24/2022 2:07,3,1,Control,0,0,0,0,0,,1,0,41,1,3,1,3,0,1,6,10,9,7,1,1,1,0,0,6,9,9,7,8,0,0
6530, 5/24/2022 12:23,3,1,Default_yes,0,0,0,1,0,1,6,1,23,1,3,1,2,1,1,3,1,9,8,0,0,0,0,1,11,11,11,11,11,,1
6531,  5/24/2022 2:15,3,1,Default_no,0,0,0,0,1,1,6,1,27,1,3,1,2,1,1,5,5,9,4,0,1,0,0,0,5,10,11,11,8,,1
6532,  5/24/2022 5:40,3,1,Default_yes,0,0,0,1,0,1,1,1,24,0,2,0,3,0,1,1,5,8,8,0,0,0,0,1,9,5,6,6,6,,1
6533,  5/24/2022 3:17,3,1,Control,0,0,0,0,0,,1,1,22,1,3,1,1,1,1,6,11,5,7,0,1,1,0,0,3,1,1,1,7,0,0
6534, 5/24/2022 12:36,3,1,Default_no,0,0,0,0,1,1,3,1,27,0,3,1,1,1,1,1,10,11,9,0,0,1,1,1,1,1,10,1,11,,1
6535,  5/24/2022 1:22,3,1,Default_no,0,0,0,0,1,1,4,1,61,1,2,0,1,1,0,6,10,11,10,1,1,1,1,1,11,11,11,6,6,,1
6536, 5/24/2022 10:47,3,1,Default_yes,0,0,0,1,0,1,2,1,23,1,3,1,1,1,1,4,2,8,4,0,0,0,0,0,7,8,8,9,8,,1
6537,  5/24/2022 1:12,3,1,Control,0,0,0,0,0,,1,0,24,0,2,0,3,0,0,5,1,10,9,0,1,0,0,1,11,11,11,9,10,0,0
6538,  5/24/2022 4:53,3,1,Trust,0,1,0,0,0,,5,1,31,1,4,1,1,1,1,1,1,10,9,0,0,0,0,1,10,10,8,9,7,,0
6539, 5/24/2022 11:59,3,1,Default_yes,0,0,0,1,0,1,5,1,36,0,5,1,1,1,1,4,2,11,8,1,0,0,1,1,8,10,9,8,10,,1
6540,  5/24/2022 1:57,3,1,Trust_promise,1,0,0,0,0,1,4,1,22,1,3,1,3,0,0,4,7,9,7,0,0,1,0,0,11,11,11,11,11,1,0
6541,  5/24/2022 3:30,3,1,Control,0,0,0,0,0,,2,0,56,0,2,0,2,1,1,6,11,10,1,1,1,1,0,0,11,11,11,11,1,0,0
6542,  5/24/2022 2:36,3,1,Control,0,0,0,0,0,,3,0,29,1,4,1,1,1,1,1,2,9,8,0,0,0,0,1,9,9,9,7,10,0,0
6543,  5/24/2022 1:38,3,1,Promise,0,0,1,0,0,1,6,1,37,0,3,1,1,1,1,2,1,4,1,1,0,0,0,0,8,8,4,2,7,1,0
6544,  5/24/2022 3:41,3,1,Promise,0,0,1,0,0,1,3,0,30,1,2,0,3,0,0,1,2,11,9,0,0,0,1,1,4,11,11,8,6,1,0
6545, 5/24/2022 11:33,3,1,Trust,0,1,0,0,0,,2,0,33,1,2,0,1,1,0,10,11,11,8,0,1,1,1,1,4,11,11,8,11,,0
6546,  5/24/2022 6:16,3,1,Trust,0,1,0,0,0,,3,1,23,1,3,1,1,1,1,2,1,9,6,0,0,0,0,0,10,10,10,10,10,,0
6547, 5/25/2022 10:59,3,1,Default_yes,0,0,0,1,0,1,5,0,19,0,2,0,2,1,0,2,3,11,10,0,0,0,1,1,11,11,9,10,8,,1
6548,  5/24/2022 7:18,3,1,Default_yes,0,0,0,1,0,1,1,0,23,1,4,1,1,1,1,2,3,9,7,0,0,0,0,0,11,11,11,11,11,,1
6549,  5/24/2022 3:58,3,1,Default_no,0,0,0,0,1,1,3,1,20,1,2,0,1,1,0,4,8,6,2,0,0,1,0,0,11,11,11,11,11,,1
6550,  5/24/2022 3:08,3,1,Trust_promise,1,0,0,0,0,1,4,1,26,1,3,1,3,0,0,1,1,11,8,0,0,0,1,1,11,11,11,11,11,1,0
6551,  5/24/2022 2:05,3,1,Trust_promise,1,0,0,0,0,1,4,0,18,0,2,0,1,1,0,1,1,9,7,0,0,0,0,0,7,10,11,3,8,1,0
6552,  5/24/2022 2:48,3,1,Control,0,0,0,0,0,,4,1,31,0,4,1,2,1,1,4,1,7,9,0,0,0,0,1,11,11,9,9,6,0,0
6553, 5/24/2022 11:40,3,1,Trust_promise,1,0,0,0,0,1,5,0,30,0,3,1,1,1,0,6,1,6,6,0,1,0,0,0,6,9,10,8,6,1,0
6554, 5/24/2022 12:08,3,1,Control,0,0,0,0,0,,5,1,53,0,3,1,2,1,1,4,3,7,8,1,0,0,0,1,9,9,9,8,9,0,0
6555,  5/24/2022 1:20,3,1,Promise,0,0,1,0,0,1,2,0,35,1,4,1,1,1,1,1,2,8,8,1,0,0,0,1,6,6,6,1,7,1,0
6556, 5/24/2022 11:52,3,1,Promise,0,0,1,0,0,1,6,1,25,1,4,1,2,1,1,3,11,8,7,0,0,1,0,0,4,11,1,9,5,1,0
6557,  5/24/2022 5:10,3,1,Default_no,0,0,0,0,1,1,1,1,39,1,2,0,1,1,0,5,1,11,7,1,1,0,1,0,11,11,11,11,11,,1
6558,  5/25/2022 8:56,3,1,Control,0,0,0,0,0,,3,1,30,0,3,1,1,1,1,2,1,11,10,0,0,0,1,1,11,11,10,8,6,0,0
6559, 5/24/2022 12:59,3,1,Default_no,0,0,0,0,1,1,1,0,47,1,2,0,1,1,1,9,11,10,2,1,1,1,0,0,11,11,11,11,10,,1
6560,  5/24/2022 3:49,3,1,Trust_promise,1,0,0,0,0,1,2,0,68,0,3,1,3,0,1,2,1,6,6,1,0,0,0,0,9,9,9,6,6,1,0
6561,  5/24/2022 1:44,3,1,Trust,0,1,0,0,0,,5,0,30,1,4,1,1,1,1,6,9,8,4,0,1,1,0,0,11,11,11,11,11,,0
6562, 5/24/2022 12:08,3,1,Promise,0,0,1,0,0,1,2,1,31,0,4,1,1,1,1,2,8,9,6,0,0,1,0,0,11,11,11,11,11,1,0
6563, 5/24/2022 11:56,3,1,Promise,0,0,1,0,0,1,5,1,44,1,3,1,1,1,1,7,11,11,9,1,1,1,1,1,11,11,11,3,1,1,0
6564, 5/24/2022 12:52,3,1,Control,0,0,0,0,0,,3,0,61,1,3,1,2,1,0,2,3,11,2,1,0,0,1,0,11,11,11,6,11,0,0
6565,  5/24/2022 1:28,3,1,Promise,0,0,1,0,0,1,3,0,40,1,2,0,2,1,0,6,3,8,8,1,1,0,0,1,11,11,11,11,11,1,0
6566,  5/24/2022 8:06,3,1,Default_no,0,0,0,0,1,1,5,0,21,1,2,0,2,1,0,3,11,11,7,0,0,1,1,0,9,11,8,11,11,,1
6567, 5/24/2022 12:27,3,1,Promise,0,0,1,0,0,1,6,0,47,1,3,1,1,1,1,9,2,10,8,1,1,0,0,1,11,11,11,11,11,1,0
6568,  5/25/2022 8:54,3,1,Trust,0,1,0,0,0,,4,1,29,0,3,1,1,1,1,3,1,11,8,0,0,0,1,1,11,11,11,11,11,,0
6569, 5/24/2022 11:46,3,1,Default_no,0,0,0,0,1,1,2,0,33,0,3,1,1,1,0,11,11,10,4,0,1,1,0,0,11,11,11,11,11,,1
6570,  5/25/2022 4:42,3,1,Control,0,0,0,0,0,,6,0,40,0,3,1,2,1,1,1,1,11,10,1,0,0,1,1,11,11,11,11,11,0,0
6571,  5/24/2022 4:41,3,1,Trust_promise,1,0,0,0,0,1,2,0,55,1,3,1,2,1,0,3,11,11,6,1,0,1,1,0,11,11,11,11,10,1,0
6572,  5/24/2022 7:47,3,1,Trust_promise,1,0,0,0,0,1,4,1,35,0,3,1,2,1,1,6,11,8,8,1,1,1,0,1,11,11,11,11,10,1,0
6573,  5/24/2022 2:34,3,1,Trust_promise,1,0,0,0,0,1,6,1,62,1,2,0,1,1,0,8,11,11,8,1,1,1,1,1,11,11,11,11,1,1,0
6574,  5/25/2022 9:00,3,1,Trust,0,1,0,0,0,,4,0,39,0,3,1,1,1,1,4,9,9,6,1,0,1,0,0,8,8,8,6,8,,0
6575, 5/25/2022 10:38,3,1,Trust_promise,1,0,0,0,0,1,5,0,23,0,3,1,2,1,0,2,1,11,6,0,0,0,1,0,11,11,11,9,11,1,0
6576,  5/24/2022 1:33,3,1,Default_no,0,0,0,0,1,1,1,1,22,1,2,0,2,1,0,1,11,8,1,0,0,1,0,0,11,11,11,11,11,,1
6577,  5/24/2022 3:13,3,1,Trust,0,1,0,0,0,,2,0,50,1,2,0,1,1,0,6,9,11,8,1,1,1,1,1,11,11,11,10,11,,0
6578,  5/24/2022 1:00,3,1,Promise,0,0,1,0,0,1,4,0,28,0,3,1,2,1,1,6,1,10,7,0,1,0,0,0,9,11,11,10,4,1,0
6579,  5/24/2022 3:51,3,1,Default_yes,0,0,0,1,0,1,4,0,40,0,3,1,2,1,0,4,10,10,7,1,0,1,0,0,10,10,10,11,10,,1
6580,  5/24/2022 5:19,3,1,Promise,0,0,1,0,0,1,6,0,36,0,2,0,1,1,0,6,8,11,9,1,1,1,1,1,11,11,11,11,10,1,0
6581,  5/24/2022 6:13,3,1,Control,0,0,0,0,0,,4,0,23,1,3,1,1,1,0,6,6,6,5,0,1,1,0,0,11,11,11,6,7,0,0
6582,  5/24/2022 7:50,3,1,Default_no,0,0,0,0,1,1,5,0,30,0,2,0,2,1,0,6,11,11,8,0,1,1,1,1,11,11,11,1,8,,1
6583, 5/24/2022 12:58,3,1,Promise,0,0,1,0,0,1,5,1,28,0,4,1,1,1,1,1,1,9,4,0,0,0,0,0,11,11,11,10,10,1,0
6584,  5/24/2022 1:43,3,1,Promise,0,0,1,0,0,1,6,1,25,1,3,1,2,1,1,7,7,9,6,0,1,1,0,0,9,11,9,8,8,1,0
6585, 5/24/2022 12:31,3,1,Control,0,0,0,0,0,,3,1,34,1,2,0,1,1,0,3,11,11,6,0,0,1,1,0,11,11,11,11,11,0,0
6586, 5/24/2022 10:51,3,1,Trust,0,1,0,0,0,,3,0,31,1,2,0,2,1,0,10,11,10,8,0,1,1,0,1,10,11,11,10,2,,0
6587,  5/24/2022 3:06,3,1,Default_yes,0,0,0,1,0,1,3,1,52,1,4,1,1,1,1,5,2,8,6,1,1,0,0,0,6,11,11,1,11,,1
6588, 5/24/2022 11:48,3,1,Default_yes,0,0,0,1,0,1,6,0,51,1,3,1,1,1,0,7,11,11,8,1,1,1,1,1,11,11,11,11,7,,1
6589, 5/24/2022 12:33,3,1,Trust_promise,1,0,0,0,0,1,2,1,35,1,3,1,1,1,1,10,11,8,3,1,1,1,0,0,4,2,4,3,2,1,0
6590,  5/24/2022 3:24,3,1,Trust,0,1,0,0,0,,2,1,28,1,2,0,3,0,0,6,6,8,6,0,1,1,0,0,9,11,11,11,11,,0
6591,  5/24/2022 3:08,3,1,Control,0,0,0,0,0,,5,0,22,1,3,1,2,1,0,5,3,10,7,0,1,0,0,0,8,9,9,9,9,0,0
6592,  5/24/2022 1:48,3,1,Control,0,0,0,0,0,,6,1,22,0,2,0,1,1,1,10,8,11,1,0,1,1,1,0,9,11,11,8,10,0,0
6593,  5/24/2022 1:14,3,1,Default_no,0,0,0,0,1,1,3,1,64,0,5,1,3,0,1,7,11,10,7,1,1,1,0,0,11,11,11,11,11,,1
6594, 5/24/2022 12:34,3,1,Promise,0,0,1,0,0,1,3,0,23,1,3,1,3,0,0,6,6,8,4,0,1,1,0,0,11,11,11,11,10,1,0
6595, 5/24/2022 10:53,3,1,Trust_promise,1,0,0,0,0,1,3,1,57,1,3,1,1,1,1,6,1,11,5,1,1,0,1,0,10,10,10,11,9,1,0
6596,  5/24/2022 1:28,3,1,Control,0,0,0,0,0,,4,1,19,1,2,0,3,0,0,2,2,8,8,0,0,0,0,1,3,8,6,4,4,0,0
6597,  5/24/2022 1:01,3,1,Default_yes,0,0,0,1,0,1,1,0,45,1,3,1,1,1,0,4,1,11,7,1,0,0,1,0,10,11,11,6,7,,1
6598,  5/24/2022 2:20,3,1,Promise,0,0,1,0,0,1,4,0,40,0,3,1,1,1,1,7,2,11,8,1,1,0,1,1,11,11,11,11,11,1,0
6599,  5/24/2022 5:43,3,1,Promise,0,0,1,0,0,1,2,0,51,1,3,1,2,1,0,1,1,11,10,1,0,0,1,1,9,11,11,11,11,1,0
6600,  5/24/2022 6:57,3,1,Trust_promise,1,0,0,0,0,1,2,0,37,1,4,1,1,1,1,7,6,10,7,1,1,1,0,0,9,11,10,11,7,1,0
6601, 5/24/2022 11:15,3,1,Default_yes,0,0,0,1,0,1,3,0,26,0,2,0,1,1,0,3,1,9,6,0,0,0,0,0,11,10,10,10,9,,1
6602, 5/24/2022 12:09,3,1,Trust_promise,1,0,0,0,0,1,6,1,31,0,3,1,2,1,0,11,11,6,6,0,1,1,0,0,9,10,10,10,10,1,0
6603,  5/24/2022 3:08,3,1,Default_no,0,0,0,0,1,1,1,0,50,0,2,0,1,1,1,9,11,9,7,1,1,1,0,0,9,9,11,11,4,,1
6604, 5/25/2022 11:09,3,1,Control,0,0,0,0,0,,3,1,29,0,3,1,1,1,1,6,2,10,3,0,1,0,0,0,9,9,9,7,9,0,0
6605,  5/25/2022 6:10,3,1,Promise,0,0,1,0,0,1,2,1,28,0,3,1,2,1,1,5,2,9,8,0,1,0,0,1,7,10,8,11,11,1,0
6606, 5/25/2022 12:31,3,1,Default_no,0,0,0,0,1,1,5,1,37,0,3,1,1,1,1,1,6,8,6,1,0,1,0,0,9,9,8,8,6,,1
6607,  5/24/2022 1:31,3,1,Promise,0,0,1,0,0,1,2,0,38,1,3,1,1,1,0,6,8,9,8,1,1,1,0,1,11,11,11,11,11,1,0
6608, 5/24/2022 12:16,3,1,Trust_promise,1,0,0,0,0,1,5,0,20,1,2,0,3,0,0,3,11,9,4,0,0,1,0,0,9,11,11,11,11,1,0
6609,  5/24/2022 7:32,3,1,Default_no,0,0,0,0,1,1,5,1,26,0,4,1,1,1,1,4,3,9,8,0,0,0,0,1,9,10,9,8,3,,1
6610, 5/24/2022 11:49,3,1,Promise,0,0,1,0,0,1,6,0,56,0,5,1,2,1,1,6,11,9,7,1,1,1,0,0,11,11,11,9,10,1,0
6611,  5/24/2022 2:23,3,1,Trust,0,1,0,0,0,,2,1,36,0,2,0,2,1,1,5,1,6,6,1,1,0,0,0,6,6,6,6,6,,0
6612,  5/24/2022 1:23,3,1,Trust_promise,1,0,0,0,0,1,5,0,31,1,2,0,3,0,0,1,1,11,5,0,0,0,1,0,10,11,11,11,11,1,0
6613,  5/24/2022 1:03,3,1,Promise,0,0,1,0,0,1,4,1,37,0,3,1,1,1,1,6,1,5,8,1,1,0,0,1,10,10,11,10,8,1,0
6614, 5/24/2022 11:15,3,1,Control,0,0,0,0,0,,2,1,30,0,3,1,1,1,1,5,1,6,5,0,1,0,0,0,8,6,8,8,10,0,0
6615, 5/24/2022 11:38,3,1,Default_no,0,0,0,0,1,1,6,0,44,0,4,1,2,1,1,3,1,10,8,1,0,0,0,1,11,11,11,11,10,,1
6616,  5/24/2022 2:35,3,1,Trust,0,1,0,0,0,,5,0,41,0,3,1,1,1,1,1,1,11,1,1,0,0,1,0,11,11,11,11,11,,0
6617,  5/24/2022 1:03,3,1,Default_yes,0,0,0,1,0,1,5,1,39,1,2,0,3,0,0,6,1,8,5,1,1,0,0,0,11,11,11,11,11,,1
6618,  5/24/2022 4:52,3,1,Promise,0,0,1,0,0,1,5,0,27,0,3,1,2,1,0,6,7,6,7,0,1,1,0,0,8,9,9,8,9,1,0
6619,  5/24/2022 6:38,3,1,Default_no,0,0,0,0,1,1,2,1,36,1,4,1,1,1,0,4,1,11,7,1,0,0,1,0,6,6,4,5,1,,1
6620, 5/24/2022 12:57,3,1,Trust_promise,1,0,0,0,0,1,4,0,39,0,3,1,1,1,1,1,1,8,4,1,0,0,0,0,6,9,9,8,3,1,0
6621,  5/24/2022 6:36,3,1,Control,0,0,0,0,0,,6,0,23,1,2,0,3,0,0,6,3,7,6,0,1,0,0,0,9,11,11,11,10,0,0
6622,  5/24/2022 6:07,3,1,Trust,0,1,0,0,0,,4,0,23,1,3,1,1,1,0,4,1,9,4,0,0,0,0,0,10,11,11,11,11,,0
6623,  5/24/2022 4:32,3,1,Promise,0,0,1,0,0,1,5,1,38,1,2,0,1,1,0,11,11,11,5,1,1,1,1,0,11,11,11,11,11,1,0
6624,  5/24/2022 6:13,3,1,Default_no,0,0,0,0,1,1,1,0,30,1,3,1,1,1,1,6,11,10,6,0,1,1,0,0,9,11,10,10,10,,1
6625,  5/24/2022 2:03,3,1,Trust_promise,1,0,0,0,0,1,4,0,53,1,2,0,2,1,0,8,11,9,7,1,1,1,0,0,11,11,11,11,11,1,0
6626, 5/24/2022 12:25,3,1,Default_yes,0,0,0,1,0,1,6,0,37,0,3,1,1,1,1,9,11,11,10,1,1,1,1,1,11,11,11,11,5,,1
6627,  5/24/2022 2:57,3,1,Trust,0,1,0,0,0,,3,1,33,0,3,1,1,1,0,3,3,10,3,0,0,0,0,0,10,8,10,10,4,,0
6628, 5/24/2022 12:49,3,1,Default_yes,0,0,0,1,0,1,3,1,39,0,3,1,1,1,1,1,1,8,6,1,0,0,0,0,5,4,8,5,6,,1
6629, 5/24/2022 10:47,3,1,Trust,0,1,0,0,0,,6,1,35,1,2,0,1,1,1,1,1,11,4,1,0,0,1,0,6,11,10,11,11,,0
6630,  5/24/2022 7:15,3,1,Promise,0,0,1,0,0,1,6,0,38,1,3,1,2,1,1,4,11,11,8,1,0,1,1,1,11,11,11,11,11,1,0
6631,  5/24/2022 3:34,3,1,Default_no,0,0,0,0,1,1,1,0,37,0,3,1,3,0,0,6,2,7,1,1,1,0,0,0,3,4,1,1,1,,1
6632, 5/24/2022 11:17,3,1,Default_no,0,0,0,0,1,1,2,0,20,1,2,0,2,1,0,6,8,10,8,0,1,1,0,1,11,11,11,11,11,,1
6633,  5/24/2022 3:39,3,1,Trust,0,1,0,0,0,,6,0,41,1,2,0,1,1,0,1,1,9,8,1,0,0,0,1,9,9,9,9,9,,0
6634, 5/24/2022 11:10,3,1,Trust,0,1,0,0,0,,5,0,23,1,2,0,2,1,0,3,1,7,4,0,0,0,0,0,9,8,10,9,7,,0
6635,  5/24/2022 4:20,3,1,Default_no,0,0,0,0,1,1,1,0,26,0,2,0,1,1,0,1,1,11,9,0,0,0,1,1,11,11,11,3,6,,1
6636, 5/24/2022 10:36,3,1,Promise,0,0,1,0,0,1,6,0,60,0,3,1,3,0,0,6,1,10,7,1,1,0,0,0,6,11,11,6,11,1,0
6637,  5/25/2022 8:28,3,1,Default_no,0,0,0,0,1,1,2,0,44,0,3,1,1,1,0,9,9,11,5,1,1,1,1,0,11,11,11,5,6,,1
6638,  5/24/2022 1:28,3,1,Default_no,0,0,0,0,1,1,6,0,74,1,4,1,1,1,0,1,9,11,7,1,0,1,1,0,11,11,11,11,11,,1
6639,  5/24/2022 6:11,3,1,Promise,0,0,1,0,0,1,6,0,32,0,4,1,2,1,1,1,1,5,7,0,0,0,0,0,3,5,7,7,6,1,0
6640, 5/24/2022 12:33,3,1,Default_yes,0,0,0,1,0,1,4,0,41,0,5,1,1,1,1,11,11,11,1,1,1,1,1,0,9,9,9,9,9,,1
6641,  5/25/2022 9:47,3,1,Trust_promise,1,0,0,0,0,1,2,0,71,0,3,1,3,0,1,2,6,9,9,1,0,1,0,1,9,11,11,3,11,1,0
6642,  5/24/2022 1:52,3,1,Trust_promise,1,0,0,0,0,1,3,0,31,0,3,1,3,0,0,3,1,9,8,0,0,0,0,1,6,9,10,10,6,1,0
6643,  5/24/2022 7:30,3,1,Trust_promise,1,0,0,0,0,1,5,0,70,0,4,1,3,0,1,10,10,10,9,1,1,1,0,1,11,11,11,10,10,1,0
6644,  5/24/2022 1:05,3,1,Control,0,0,0,0,0,,3,1,66,1,3,1,1,1,0,9,9,11,9,1,1,1,1,1,11,11,11,11,1,0,0
6645,  5/24/2022 2:30,3,1,Promise,0,0,1,0,0,1,6,0,64,1,3,1,1,1,0,1,1,11,9,1,0,0,1,1,11,11,11,11,11,1,0
6646, 5/24/2022 12:24,3,1,Control,0,0,0,0,0,,3,0,24,1,3,1,2,1,1,2,3,7,9,0,0,0,0,1,11,11,11,11,11,0,0
6647,  5/25/2022 7:57,3,1,Default_yes,0,0,0,1,0,1,6,0,19,0,2,0,3,0,0,1,3,11,4,0,0,0,1,0,11,1,1,1,5,,1
6648, 5/24/2022 11:35,3,1,Control,0,0,0,0,0,,6,0,25,1,3,1,2,1,0,3,7,5,6,0,0,1,0,0,11,11,11,5,10,0,0
6649,  5/24/2022 4:21,3,1,Promise,0,0,1,0,0,1,1,0,29,1,3,1,2,1,1,1,1,11,1,0,0,0,1,0,11,9,5,1,1,1,0
6650,  5/25/2022 8:40,3,1,Trust_promise,1,0,0,0,0,1,6,1,31,0,2,0,1,1,0,1,1,11,8,0,0,0,1,1,11,11,11,6,11,1,0
6651,  5/24/2022 1:11,3,1,Trust,0,1,0,0,0,,4,1,25,1,3,1,1,1,1,5,11,9,9,0,1,1,0,1,11,11,11,11,11,,0
6652,  5/24/2022 2:41,3,1,Trust,0,1,0,0,0,,4,1,60,0,3,1,1,1,1,3,1,9,8,1,0,0,0,1,10,11,10,11,7,,0
6653, 5/24/2022 11:37,3,1,Trust,0,1,0,0,0,,6,0,32,0,2,0,3,0,0,5,1,11,10,0,1,0,1,1,11,10,11,9,11,,0
6654,  5/25/2022 8:02,3,1,Promise,0,0,1,0,0,1,2,0,26,0,2,0,3,0,0,8,11,11,8,0,1,1,1,1,11,11,11,11,11,1,0
6655,  5/24/2022 1:46,3,1,Control,0,0,0,0,0,,6,0,61,1,3,1,1,1,1,5,4,10,9,1,1,0,0,1,11,11,11,9,10,0,0
6656, 5/24/2022 12:41,3,1,Control,0,0,0,0,0,,2,0,43,0,3,1,1,1,1,1,1,11,7,1,0,0,1,0,11,11,11,11,11,0,0
6657, 5/24/2022 11:00,3,1,Trust,0,1,0,0,0,,3,0,42,0,5,1,2,1,1,3,4,10,7,1,0,0,0,0,11,11,11,11,11,,0
6658,  5/24/2022 3:36,3,1,Trust,0,1,0,0,0,,5,0,38,0,3,1,1,1,1,3,2,11,9,1,0,0,1,1,11,11,11,11,11,,0
6659, 5/24/2022 11:53,3,1,Trust_promise,1,0,0,0,0,1,2,1,45,0,3,1,1,1,1,6,3,10,9,1,1,0,0,1,9,10,10,11,11,1,0
6660, 5/24/2022 12:37,3,1,Default_yes,0,0,0,1,0,1,5,0,57,0,3,1,2,1,1,10,11,11,7,1,1,1,1,0,6,11,11,6,1,,1
6661, 5/24/2022 12:27,3,1,Trust_promise,1,0,0,0,0,1,2,0,40,0,3,1,1,1,1,6,1,3,8,1,1,0,0,1,7,8,8,6,6,1,0
6662,  5/24/2022 6:49,3,1,Default_yes,0,0,0,1,0,1,4,1,40,0,3,1,1,1,1,7,4,11,9,1,1,0,1,1,6,10,10,9,9,,1
6663, 5/24/2022 12:48,3,1,Default_no,0,0,0,0,1,1,6,0,27,0,2,0,1,1,0,5,2,7,3,0,1,0,0,0,11,11,11,5,5,,1
6664,  5/24/2022 7:31,3,1,Trust,0,1,0,0,0,,2,0,51,1,4,1,1,1,1,5,3,9,8,1,1,0,0,1,6,9,11,9,7,,0
6665,  5/24/2022 2:20,3,1,Default_no,0,0,0,0,1,1,3,0,28,1,2,0,2,1,0,6,11,11,6,0,1,1,1,0,11,11,11,11,11,,1
6666,  5/24/2022 5:01,3,1,Control,0,0,0,0,0,,4,1,22,1,2,0,3,0,0,1,7,3,9,0,0,1,0,1,11,11,11,1,11,0,0
6667, 5/24/2022 12:27,3,1,Default_no,0,0,0,0,1,1,1,0,38,0,3,1,1,1,0,3,6,8,5,1,0,1,0,0,9,8,8,9,7,,1
6668,  5/24/2022 6:00,3,1,Default_no,0,0,0,0,1,1,1,1,53,1,3,1,1,1,0,11,11,11,3,1,1,1,1,0,9,6,6,1,1,,1
6669,  5/24/2022 2:23,3,1,Default_no,0,0,0,0,1,1,5,1,33,1,2,0,1,1,1,6,4,9,2,0,1,0,0,0,6,6,2,10,7,,1
6670, 5/24/2022 11:33,3,1,Default_yes,0,0,0,1,0,1,2,0,38,0,2,0,1,1,0,8,10,10,5,1,1,1,0,0,7,10,10,8,6,,1
6671, 5/24/2022 12:24,3,1,Trust,0,1,0,0,0,,2,0,57,1,3,1,1,1,1,4,1,10,6,1,0,0,0,0,11,11,11,11,8,,0
6672, 5/25/2022 12:09,3,1,Trust,0,1,0,0,0,,5,1,35,0,3,1,1,1,1,11,4,11,11,1,1,0,1,1,11,11,11,11,11,,0
6673, 5/24/2022 12:21,3,1,Promise,0,0,1,0,0,1,2,0,39,0,3,1,1,1,1,1,1,11,8,1,0,0,1,1,11,11,11,1,11,1,0
6674, 5/24/2022 11:52,3,1,Trust_promise,1,0,0,0,0,1,5,0,49,0,3,1,1,1,1,8,9,11,10,1,1,1,1,1,11,11,11,10,11,1,0
6675, 5/24/2022 12:49,3,1,Trust,0,1,0,0,0,,4,0,21,1,2,0,2,1,0,6,11,11,8,0,1,1,1,1,10,10,11,8,8,,0
6676, 5/24/2022 12:26,3,1,Default_no,0,0,0,0,1,1,2,0,50,0,4,1,2,1,1,2,1,7,6,1,0,0,0,0,7,9,10,10,8,,1
6677, 5/24/2022 11:47,3,1,Trust,0,1,0,0,0,,1,1,23,0,2,0,3,0,0,6,6,11,6,0,1,1,1,0,11,1,6,1,1,,0
6678,  5/24/2022 4:25,3,1,Control,0,0,0,0,0,,6,1,50,1,3,1,3,0,0,1,11,11,11,1,0,1,1,1,11,1,11,1,11,0,0
6679, 5/24/2022 11:47,3,1,Default_yes,0,0,0,1,0,1,2,1,24,0,3,1,2,1,0,6,2,9,4,0,1,0,0,0,11,11,11,11,11,,1
6680,  5/24/2022 2:49,3,1,Default_yes,0,0,0,1,0,1,3,1,23,1,2,0,3,0,0,6,6,7,4,0,1,1,0,0,9,7,9,5,3,,1
6681,  5/25/2022 5:30,3,1,Trust_promise,1,0,0,0,0,1,2,0,36,0,3,1,3,0,0,5,1,6,3,1,1,0,0,0,8,11,10,9,8,1,0
6682,  5/24/2022 5:56,3,1,Trust,0,1,0,0,0,,2,1,23,1,2,0,2,1,0,1,3,11,8,0,0,0,1,1,11,11,11,11,11,,0
6683,  5/24/2022 2:23,3,1,Trust,0,1,0,0,0,,4,1,71,1,3,1,3,0,0,6,8,10,6,1,1,1,0,0,6,8,8,6,7,,0
6684,  5/24/2022 2:14,3,1,Trust,0,1,0,0,0,,5,1,41,1,4,1,1,1,0,9,11,11,9,1,1,1,1,1,6,8,8,3,6,,0
6685,  5/24/2022 5:03,3,1,Trust,0,1,0,0,0,,3,1,40,0,4,1,1,1,1,1,4,11,1,1,0,0,1,0,11,11,11,10,11,,0
6686, 5/24/2022 12:09,3,1,Control,0,0,0,0,0,,3,1,27,0,4,1,1,1,1,6,9,9,8,0,1,1,0,1,9,5,4,4,5,0,0
6687, 5/24/2022 11:27,3,1,Trust,0,1,0,0,0,,4,1,49,0,3,1,2,1,1,3,10,11,8,1,0,1,1,1,11,11,11,11,11,,0
6688, 5/24/2022 12:27,3,1,Promise,0,0,1,0,0,1,3,1,39,0,4,1,1,1,1,6,2,9,9,1,1,0,0,1,8,9,9,10,9,1,0
6689, 5/24/2022 12:35,3,1,Default_yes,0,0,0,1,0,1,1,1,44,0,2,0,2,1,0,7,11,8,6,1,1,1,0,0,11,11,11,11,11,,1
6690, 5/24/2022 11:51,3,1,Default_yes,0,0,0,1,0,1,4,0,64,1,2,0,1,1,0,7,11,11,8,1,1,1,1,1,6,11,11,1,6,,1
6691,  5/24/2022 2:28,3,1,Default_yes,0,0,0,1,0,1,5,0,27,1,2,0,1,1,1,6,6,6,8,0,1,1,0,1,1,1,1,1,6,,1
6692, 5/24/2022 12:27,3,1,Default_yes,0,0,0,1,0,1,6,1,57,1,3,1,3,0,0,1,1,11,8,1,0,0,1,1,9,11,10,10,10,,1
6693, 5/24/2022 12:53,3,1,Control,0,0,0,0,0,,6,0,46,1,2,0,2,1,1,3,6,9,9,1,0,1,0,1,11,11,11,11,11,0,0
6694,  5/24/2022 4:42,3,1,Default_yes,0,0,0,1,0,1,2,0,62,1,3,1,1,1,1,8,10,8,10,1,1,1,0,1,9,11,11,10,3,,1
6695,  5/24/2022 1:20,3,1,Control,0,0,0,0,0,,5,1,40,0,3,1,1,1,1,6,10,11,9,1,1,1,1,1,6,7,6,8,8,0,0
6696,  5/24/2022 3:58,3,1,Default_no,0,0,0,0,1,1,4,1,35,1,3,1,2,1,1,2,5,7,6,1,0,0,0,0,8,8,8,6,6,,1
6697,  5/24/2022 3:18,3,1,Promise,0,0,1,0,0,1,4,0,32,0,2,0,3,0,0,5,2,11,2,0,1,0,1,0,2,9,9,7,11,1,0
6698, 5/24/2022 11:53,3,1,Control,0,0,0,0,0,,4,0,31,1,3,1,1,1,0,1,1,9,6,0,0,0,0,0,11,11,11,11,11,0,0
6699, 5/24/2022 10:20,3,1,Promise,0,0,1,0,0,1,4,1,22,0,3,1,1,1,1,7,8,5,8,0,1,1,0,1,10,11,8,6,8,1,0
6700, 5/24/2022 12:21,3,1,Trust_promise,1,0,0,0,0,1,1,1,27,0,2,0,3,0,0,4,1,9,8,0,0,0,0,1,9,10,10,9,9,1,0
6701, 5/24/2022 11:43,3,1,Trust_promise,1,0,0,0,0,1,3,0,36,1,2,0,3,0,0,5,11,8,8,1,1,1,0,1,9,11,11,11,11,1,0
6702,  5/24/2022 1:20,3,1,Control,0,0,0,0,0,,2,1,35,0,4,1,2,1,1,5,7,8,9,1,1,1,0,1,11,10,10,8,9,0,0
6703,  5/24/2022 1:14,3,1,Trust,0,1,0,0,0,,1,0,32,0,2,0,1,1,0,3,1,11,4,0,0,0,1,0,11,11,11,11,11,,0
6704, 5/24/2022 12:39,3,1,Control,0,0,0,0,0,,1,0,71,1,4,1,3,0,1,2,6,11,9,1,0,1,1,1,6,11,11,6,6,0,0
6705,  5/24/2022 1:32,3,1,Default_yes,0,0,0,1,0,1,3,1,39,1,3,1,1,1,1,1,7,6,6,1,0,1,0,0,11,11,11,11,11,,1
6706, 5/24/2022 12:35,3,1,Trust,0,1,0,0,0,,3,1,25,1,3,1,1,1,0,1,10,8,6,0,0,1,0,0,8,9,9,8,8,,0
6707, 5/24/2022 11:25,3,1,Trust_promise,1,0,0,0,0,1,4,1,32,0,2,0,1,1,1,6,3,9,1,0,1,0,0,0,11,11,11,11,11,1,0
6708, 5/24/2022 12:59,3,1,Promise,0,0,1,0,0,1,5,1,29,0,2,0,2,1,0,1,1,10,8,0,0,0,0,1,11,9,9,9,1,1,0
6709,  5/25/2022 4:13,3,1,Trust_promise,1,0,0,0,0,1,4,0,36,0,3,1,2,1,0,8,11,10,5,1,1,1,0,0,10,10,10,10,10,1,0
6710, 5/24/2022 12:08,3,1,Control,0,0,0,0,0,,4,0,24,0,4,1,1,1,0,1,4,9,5,0,0,0,0,0,6,11,9,11,7,0,0
6711, 5/24/2022 10:23,3,1,Default_yes,0,0,0,1,0,1,2,0,25,0,3,1,1,1,1,3,6,8,5,0,0,1,0,0,10,8,9,6,6,,1
6712,  5/24/2022 1:39,3,1,Control,0,0,0,0,0,,2,0,20,1,3,1,1,1,0,7,7,10,1,0,1,1,0,0,11,11,11,11,11,0,0
6713,  5/24/2022 7:15,3,1,Trust,0,1,0,0,0,,4,1,27,1,3,1,1,1,1,3,1,11,5,0,0,0,1,0,11,11,11,1,1,,0
6714,  5/24/2022 1:13,3,1,Promise,0,0,1,0,0,1,1,0,30,1,5,1,1,1,1,6,2,10,6,0,1,0,0,0,11,11,11,11,11,1,0
6715,  5/24/2022 6:32,3,1,Trust_promise,1,0,0,0,0,1,2,1,32,0,2,0,1,1,0,4,3,9,6,0,0,0,0,0,9,6,6,4,6,1,0
6716, 5/24/2022 12:04,3,1,Control,0,0,0,0,0,,4,1,30,0,2,0,3,0,0,1,1,11,4,0,0,0,1,0,11,1,8,1,1,0,0
6717,  5/24/2022 1:29,3,1,Promise,0,0,1,0,0,1,3,0,55,0,2,0,1,1,0,2,10,10,7,1,0,1,0,0,10,11,11,11,11,1,0
6718,  5/24/2022 1:44,3,1,Control,0,0,0,0,0,,2,1,19,0,2,0,3,0,0,5,2,9,9,0,1,0,0,1,10,11,11,11,10,0,0
6719,  5/24/2022 1:13,3,1,Control,0,0,0,0,0,,6,0,33,1,4,1,2,1,1,3,11,11,7,0,0,1,1,0,11,11,11,9,9,0,0
6720, 5/24/2022 12:54,3,1,Trust,0,1,0,0,0,,5,0,25,1,3,1,2,1,1,6,2,9,8,0,1,0,0,1,11,11,11,11,5,,0
6721,  5/24/2022 6:10,3,1,Promise,0,0,1,0,0,1,4,0,33,1,3,1,3,0,0,1,1,6,3,0,0,0,0,0,11,11,11,11,11,1,0
6722,  5/24/2022 2:59,3,1,Trust_promise,1,0,0,0,0,1,5,0,30,1,3,1,1,1,1,1,4,8,9,0,0,0,0,1,11,11,11,11,11,1,0
6723,  5/24/2022 5:59,3,1,Trust_promise,1,0,0,0,0,1,4,0,45,0,3,1,1,1,1,5,3,11,9,1,1,0,1,1,11,11,11,11,11,1,0
6724, 5/24/2022 10:37,3,1,Default_no,0,0,0,0,1,1,5,0,49,1,3,1,2,1,0,6,6,9,7,1,1,1,0,0,6,10,6,6,6,,1
6725,  5/24/2022 1:53,3,1,Default_yes,0,0,0,1,0,1,6,1,42,1,2,0,1,1,0,5,1,11,8,1,1,0,1,1,11,11,11,11,11,,1
6726, 5/24/2022 12:39,3,1,Trust_promise,1,0,0,0,0,1,2,1,23,1,4,1,2,1,1,7,5,10,7,0,1,0,0,0,11,10,11,10,10,1,0
6727,  5/24/2022 3:37,3,1,Trust_promise,1,0,0,0,0,1,3,0,43,0,2,0,3,0,0,6,3,8,6,1,1,0,0,0,6,6,6,7,6,1,0
6728,  5/24/2022 6:04,3,1,Trust_promise,1,0,0,0,0,1,1,0,45,1,2,0,1,1,1,6,11,6,6,1,1,1,0,0,1,1,1,1,1,1,0
6729,  5/24/2022 5:12,3,1,Default_no,0,0,0,0,1,1,6,1,21,0,2,0,1,1,0,1,1,8,8,0,0,0,0,1,11,10,11,11,10,,1
6730, 5/24/2022 12:51,3,1,Default_no,0,0,0,0,1,1,4,1,24,1,4,1,2,1,0,1,4,11,3,0,0,0,1,0,11,11,11,11,11,,1
6731, 5/24/2022 10:55,3,1,Control,0,0,0,0,0,,2,0,38,0,3,1,1,1,1,1,10,9,7,1,0,1,0,0,6,9,11,3,7,0,0
6732,  5/24/2022 6:21,3,1,Default_yes,0,0,0,1,0,1,6,0,55,1,4,1,1,1,1,6,6,8,6,1,1,1,0,0,11,11,11,4,4,,1
6733,  5/24/2022 4:04,3,1,Default_no,0,0,0,0,1,1,5,0,43,1,2,0,1,1,1,5,11,8,8,1,1,1,0,1,8,8,8,8,7,,1
6734, 5/24/2022 12:33,3,1,Promise,0,0,1,0,0,1,1,0,33,0,4,1,1,1,1,10,9,10,8,0,1,1,0,1,11,11,11,10,10,1,0
6735, 5/24/2022 11:27,3,1,Default_yes,0,0,0,1,0,1,5,0,23,0,3,1,3,0,0,4,8,10,8,0,0,1,0,1,11,11,11,8,10,,1
6736,  5/24/2022 9:29,3,1,Trust,0,1,0,0,0,,2,1,34,0,2,0,2,1,1,6,4,11,1,0,1,0,1,0,11,11,11,11,11,,0
6737, 5/24/2022 11:05,3,1,Promise,0,0,1,0,0,1,3,1,29,1,4,1,2,1,1,6,11,11,1,0,1,1,1,0,8,8,8,8,8,1,0
6738, 5/24/2022 12:49,3,1,Promise,0,0,1,0,0,1,6,0,53,0,3,1,1,1,0,6,11,1,8,1,1,1,0,1,10,10,10,6,8,1,0
6739,  5/24/2022 3:38,3,1,Promise,0,0,1,0,0,1,2,0,57,0,2,0,1,1,0,1,1,8,6,1,0,0,0,0,6,10,10,5,10,1,0
6740, 5/24/2022 11:41,3,1,Control,0,0,0,0,0,,2,0,33,1,4,1,1,1,0,6,6,10,6,0,1,1,0,0,11,11,11,11,7,0,0
6741,  5/24/2022 8:03,3,1,Default_yes,0,0,0,1,0,1,4,1,21,1,2,0,1,1,0,7,11,11,8,0,1,1,1,1,3,11,11,9,9,,1
6742,  5/25/2022 6:57,3,1,Promise,0,0,1,0,0,1,2,0,32,0,2,0,2,1,0,6,11,11,5,0,1,1,1,0,11,11,11,11,11,1,0
6743, 5/24/2022 11:58,3,1,Trust_promise,1,0,0,0,0,1,3,1,21,0,3,1,2,1,0,6,10,9,1,0,1,1,0,0,11,10,11,9,6,1,0
6744,  5/25/2022 5:04,3,1,Promise,0,0,1,0,0,1,5,1,38,0,3,1,1,1,1,3,11,11,10,1,0,1,1,1,11,11,11,11,11,1,0
6745,  5/25/2022 2:46,3,1,Promise,0,0,1,0,0,1,3,1,31,0,2,0,3,0,0,1,11,11,5,0,0,1,1,0,11,11,11,11,11,1,0
6746,  5/24/2022 7:06,3,1,Control,0,0,0,0,0,,4,1,52,1,3,1,2,1,1,1,10,11,4,1,0,1,1,0,7,6,10,10,10,0,0
6747,  5/24/2022 6:12,3,1,Default_no,0,0,0,0,1,1,6,0,44,0,4,1,2,1,1,6,2,11,9,1,1,0,1,1,11,11,11,11,11,,1
6748,  5/24/2022 2:24,3,1,Control,0,0,0,0,0,,3,1,56,1,2,0,1,1,1,3,9,9,9,1,0,1,0,1,11,11,11,11,11,0,0
6749,  5/25/2022 9:27,3,1,Default_no,0,0,0,0,1,1,3,1,34,0,2,0,1,1,1,1,1,9,4,0,0,0,0,0,6,6,6,2,7,,1
6750, 5/24/2022 11:04,3,1,Default_yes,0,0,0,1,0,1,1,0,37,1,5,1,3,0,0,6,1,8,4,1,1,0,0,0,11,11,11,11,11,,1
6751, 5/24/2022 11:56,3,1,Default_yes,0,0,0,1,0,1,2,0,63,0,2,0,3,0,0,1,1,10,10,1,0,0,0,1,9,9,9,2,4,,1
6752, 5/24/2022 11:00,3,1,Control,0,0,0,0,0,,3,1,24,0,2,0,2,1,1,4,1,10,6,0,0,0,0,0,8,9,11,4,8,0,0
6753,  5/24/2022 6:12,3,1,Promise,0,0,1,0,0,1,1,0,20,1,2,0,3,0,0,4,6,8,7,0,0,1,0,0,9,8,10,6,4,1,0
6754,  5/24/2022 5:15,3,1,Default_yes,0,0,0,1,0,1,5,0,20,1,2,0,2,1,0,10,11,8,3,0,1,1,0,0,10,10,10,11,10,,1
6755,  5/24/2022 1:04,3,1,Default_yes,0,0,0,1,0,1,5,1,34,1,3,1,1,1,1,3,1,10,7,0,0,0,0,0,11,11,11,11,11,,1
6756, 5/24/2022 12:42,3,1,Default_yes,0,0,0,1,0,1,5,0,39,0,3,1,1,1,1,6,5,10,8,1,1,0,0,1,8,9,9,6,6,,1
6757, 5/24/2022 12:24,3,1,Control,0,0,0,0,0,,6,1,45,0,2,0,1,1,0,11,1,11,1,1,1,0,1,0,11,11,11,11,11,0,0
6758, 5/24/2022 12:39,3,1,Default_no,0,0,0,0,1,1,6,1,47,1,2,0,2,1,0,10,11,8,5,1,1,1,0,0,11,11,11,11,11,,1
6759, 5/24/2022 11:18,3,1,Default_yes,0,0,0,1,0,1,2,0,32,0,3,1,1,1,0,1,1,10,2,0,0,0,0,0,11,11,11,11,11,,1
6760, 5/24/2022 11:46,3,1,Default_no,0,0,0,0,1,1,3,1,36,0,2,0,2,1,0,2,2,6,8,1,0,0,0,1,8,9,9,8,7,,1
6761,  5/24/2022 6:27,3,1,Default_no,0,0,0,0,1,1,2,1,22,0,2,0,2,1,0,5,4,11,7,0,1,0,1,0,6,8,11,6,10,,1
6762,  5/24/2022 4:44,3,1,Control,0,0,0,0,0,,1,1,22,1,2,0,1,1,1,6,4,11,9,0,1,0,1,1,9,7,9,7,11,0,0
6763, 5/25/2022 10:14,3,1,Default_yes,0,0,0,1,0,1,4,1,25,0,3,1,2,1,0,6,10,11,8,0,1,1,1,1,10,11,11,11,11,,1
6764,  5/24/2022 5:56,3,1,Promise,0,0,1,0,0,1,5,0,19,0,2,0,2,1,1,1,2,10,7,0,0,0,0,0,10,8,11,10,9,1,0
6765, 5/24/2022 12:17,3,1,Trust_promise,1,0,0,0,0,1,1,1,42,1,3,1,2,1,0,5,1,11,4,1,1,0,1,0,7,9,8,9,8,1,0
6766,  5/24/2022 3:12,3,1,Control,0,0,0,0,0,,4,1,38,0,3,1,1,1,1,4,1,9,8,1,0,0,0,1,11,11,11,11,11,0,0
6767, 5/24/2022 12:57,3,1,Trust,0,1,0,0,0,,5,1,26,0,2,0,1,1,1,5,5,11,8,0,1,0,1,1,11,11,11,11,11,,0
6768, 5/24/2022 12:35,3,1,Promise,0,0,1,0,0,1,5,0,51,1,2,0,2,1,0,2,11,10,6,1,0,1,0,0,11,11,11,11,11,1,0
6769, 5/24/2022 12:18,3,1,Trust,0,1,0,0,0,,5,1,32,0,3,1,1,1,1,6,11,10,7,0,1,1,0,0,10,11,11,9,10,,0
6770,  5/24/2022 6:22,3,1,Default_yes,0,0,0,1,0,1,3,1,33,0,2,0,1,1,0,2,1,11,4,0,0,0,1,0,11,11,11,11,11,,1
6771,  5/24/2022 1:50,3,1,Trust_promise,1,0,0,0,0,1,2,0,34,0,2,0,1,1,0,8,9,11,8,0,1,1,1,1,6,4,6,1,6,1,0
6772,  5/24/2022 1:25,3,1,Trust,0,1,0,0,0,,5,0,26,1,3,1,2,1,0,1,1,8,7,0,0,0,0,0,7,8,8,8,5,,0
6773, 5/24/2022 12:18,3,1,Default_no,0,0,0,0,1,1,3,0,24,1,4,1,1,1,1,5,9,6,5,0,1,1,0,0,11,11,11,11,10,,1
6774,  5/24/2022 2:06,3,1,Trust,0,1,0,0,0,,6,1,31,1,3,1,1,1,1,1,8,11,4,0,0,1,1,0,11,11,11,9,11,,0
6775,  5/24/2022 2:13,3,1,Default_no,0,0,0,0,1,1,3,0,58,1,2,0,2,1,0,7,8,9,7,1,1,1,0,0,11,11,11,11,11,,1
6776,  5/24/2022 1:17,3,1,Trust,0,1,0,0,0,,6,1,22,1,2,0,3,0,0,1,3,8,6,0,0,0,0,0,11,11,9,10,8,,0
6777, 5/24/2022 12:52,3,1,Trust_promise,1,0,0,0,0,1,6,1,28,0,3,1,1,1,1,1,9,8,9,0,0,1,0,1,9,10,10,4,7,1,0
6778,  5/24/2022 3:53,3,1,Trust_promise,1,0,0,0,0,1,1,0,18,0,2,0,2,1,0,6,7,11,9,0,1,1,1,1,11,11,11,11,11,1,0
6779,  5/24/2022 4:42,3,1,Trust_promise,1,0,0,0,0,1,3,0,53,1,4,1,1,1,1,5,2,4,6,1,1,0,0,0,11,11,11,1,1,1,0
6780,  5/24/2022 2:29,3,1,Default_yes,0,0,0,1,0,1,2,0,28,0,3,1,2,1,0,4,1,11,5,0,0,0,1,0,11,11,11,10,11,,1
6781,  5/24/2022 1:08,3,1,Trust,0,1,0,0,0,,4,1,26,0,2,0,3,0,0,3,1,9,7,0,0,0,0,0,9,4,8,5,8,,0
6782,  5/24/2022 4:18,3,1,Control,0,0,0,0,0,,5,0,31,0,1,0,3,0,0,1,1,10,6,0,0,0,0,0,11,11,11,10,10,0,0
6783,  5/24/2022 2:20,3,1,Default_yes,0,0,0,1,0,1,5,0,56,1,4,1,1,1,0,1,11,9,9,1,0,1,0,1,6,11,11,11,6,,1
6784,  5/24/2022 4:30,3,1,Trust,0,1,0,0,0,,6,1,29,0,3,1,1,1,1,1,2,10,10,0,0,0,0,1,8,7,9,6,7,,0
6785, 5/24/2022 12:00,3,1,Control,0,0,0,0,0,,6,1,34,0,3,1,1,1,0,1,1,6,6,0,0,0,0,0,6,9,6,1,6,0,0
6786,  5/24/2022 2:21,3,1,Default_yes,0,0,0,1,0,1,2,1,25,0,3,1,1,1,1,5,2,8,7,0,1,0,0,0,8,8,7,8,8,,1
6787, 5/24/2022 11:56,3,1,Default_yes,0,0,0,1,0,1,4,0,20,0,2,0,2,1,0,1,1,10,8,0,0,0,0,1,10,11,11,11,11,,1
6788, 5/24/2022 10:46,3,1,Default_no,0,0,0,0,1,1,4,1,26,1,4,1,1,1,1,2,1,11,7,0,0,0,1,0,11,11,11,11,11,,1
6789,  5/24/2022 7:10,3,1,Control,0,0,0,0,0,,2,1,26,1,3,1,1,1,1,6,8,11,6,0,1,1,1,0,9,11,11,11,11,0,0
6790,  5/24/2022 1:31,3,1,Control,0,0,0,0,0,,6,1,31,1,2,0,3,0,0,8,2,10,4,0,1,0,0,0,5,5,6,7,4,0,0
6791, 5/24/2022 12:45,3,1,Promise,0,0,1,0,0,1,5,1,37,0,2,0,1,1,0,8,10,11,9,1,1,1,1,1,11,11,11,11,11,1,0
6792,  5/24/2022 7:29,3,1,Trust_promise,1,0,0,0,0,1,5,1,18,1,2,0,3,0,0,3,7,11,5,0,0,1,1,0,11,11,11,11,8,1,0
6793, 5/24/2022 11:48,3,1,Trust,0,1,0,0,0,,6,0,52,1,2,0,1,1,1,6,10,10,10,1,1,1,0,1,11,11,11,11,11,,0
6794,  5/24/2022 4:46,3,1,Trust_promise,1,0,0,0,0,1,1,0,65,0,3,1,2,1,1,10,11,11,10,1,1,1,1,1,10,10,11,10,11,1,0
6795,  5/24/2022 5:27,3,1,Default_yes,0,0,0,1,0,1,6,0,30,1,4,1,1,1,1,1,1,11,8,0,0,0,1,1,11,1,8,6,6,,1
6796,  5/24/2022 3:37,3,1,Default_no,0,0,0,0,1,1,5,1,45,0,2,0,1,1,0,6,9,11,6,1,1,1,1,0,9,9,8,6,7,,1
6797, 5/24/2022 12:43,3,1,Default_no,0,0,0,0,1,1,1,0,21,1,2,0,1,1,0,1,9,9,1,0,0,1,0,0,10,11,11,11,7,,1
6798, 5/24/2022 12:09,3,1,Default_yes,0,0,0,1,0,1,5,0,47,1,2,0,3,0,0,11,11,11,4,1,1,1,1,0,11,11,11,11,11,,1
6799, 5/25/2022 10:35,3,1,Promise,0,0,1,0,0,1,4,1,34,0,3,1,1,1,1,1,1,11,8,0,0,0,1,1,9,9,11,9,9,1,0
6800, 5/24/2022 11:38,3,1,Default_yes,0,0,0,1,0,1,6,1,35,1,3,1,1,1,1,2,2,9,7,1,0,0,0,0,10,9,9,9,9,,1
6801,  5/24/2022 1:24,3,1,Control,0,0,0,0,0,,1,0,53,1,3,1,1,1,1,3,10,11,7,1,0,1,1,0,10,10,10,11,2,0,0
6802,  5/24/2022 7:03,3,1,Trust,0,1,0,0,0,,4,1,25,0,3,1,3,0,0,1,1,11,7,0,0,0,1,0,3,5,4,1,1,,0
6803,  5/24/2022 2:07,3,1,Trust_promise,1,0,0,0,0,1,3,1,28,0,4,1,2,1,0,4,9,8,9,0,0,1,0,1,3,8,11,1,11,1,0
6804,  5/24/2022 3:41,3,1,Promise,0,0,1,0,0,1,6,1,19,1,2,0,3,0,0,1,2,11,6,0,0,0,1,0,7,11,11,11,11,1,0
6805, 5/24/2022 10:49,3,1,Control,0,0,0,0,0,,5,0,39,0,4,1,1,1,1,3,1,9,8,1,0,0,0,1,11,11,11,11,11,0,0
6806,  5/24/2022 2:36,3,1,Promise,0,0,1,0,0,1,4,0,35,1,2,0,1,1,0,10,11,11,6,1,1,1,1,0,7,10,10,9,6,1,0
6807, 5/24/2022 11:31,3,1,Trust_promise,1,0,0,0,0,1,3,1,27,1,4,1,2,1,1,7,8,8,7,0,1,1,0,0,9,9,9,5,7,1,0
6808,  5/25/2022 9:46,3,1,Promise,0,0,1,0,0,1,4,0,45,0,5,1,1,1,1,11,11,11,9,1,1,1,1,1,11,11,11,10,10,1,0
6809,  5/24/2022 6:09,3,1,Default_yes,0,0,0,1,0,1,5,0,35,1,3,1,1,1,0,3,1,9,6,1,0,0,0,0,6,11,11,6,6,,1
6810, 5/24/2022 11:49,3,1,Trust,0,1,0,0,0,,2,0,40,1,3,1,2,1,1,2,2,10,6,1,0,0,0,0,11,11,11,11,11,,0
6811, 5/25/2022 12:16,3,1,Control,0,0,0,0,0,,1,1,34,0,3,1,1,1,1,6,11,11,11,0,1,1,1,1,11,11,11,11,11,0,0
6812, 5/24/2022 12:43,3,1,Trust,0,1,0,0,0,,6,0,60,1,3,1,1,1,1,3,1,11,8,1,0,0,1,1,9,10,10,1,9,,0
6813,  5/24/2022 3:34,3,1,Promise,0,0,1,0,0,1,5,0,53,1,2,0,1,1,1,7,7,9,3,1,1,1,0,0,7,11,10,10,7,1,0
6814,  5/24/2022 2:25,3,1,Promise,0,0,1,0,0,1,1,0,25,0,3,1,1,1,1,3,1,11,6,0,0,0,1,0,10,11,10,11,11,1,0
6815, 5/24/2022 11:58,3,1,Promise,0,0,1,0,0,1,1,0,31,1,2,0,1,1,1,1,1,10,7,0,0,0,0,0,7,11,11,11,10,1,0
6816,  5/24/2022 1:06,3,1,Trust_promise,1,0,0,0,0,1,2,1,21,1,3,1,2,1,1,3,2,10,6,0,0,0,0,0,10,9,10,8,9,1,0
6817, 5/24/2022 12:45,3,1,Trust_promise,1,0,0,0,0,1,4,1,43,0,3,1,1,1,1,6,11,9,8,1,1,1,0,1,11,11,11,10,1,1,0
6818, 5/24/2022 11:11,3,1,Default_no,0,0,0,0,1,1,4,1,22,0,3,1,2,1,1,7,10,10,5,0,1,1,0,0,9,10,9,9,10,,1
6819,  5/24/2022 4:05,3,1,Default_no,0,0,0,0,1,1,1,1,45,1,2,0,1,1,0,7,10,8,4,1,1,1,0,0,6,1,6,1,1,,1
6820, 5/24/2022 11:58,3,1,Default_no,0,0,0,0,1,1,3,1,26,0,3,1,1,1,1,2,1,6,6,0,0,0,0,0,8,6,7,3,4,,1
6821, 5/24/2022 12:54,3,1,Default_no,0,0,0,0,1,1,2,0,34,1,4,1,2,1,0,6,8,8,8,0,1,1,0,1,11,11,11,11,11,,1
6822, 5/24/2022 10:47,3,1,Promise,0,0,1,0,0,1,1,0,30,1,2,0,2,1,1,3,2,11,8,0,0,0,1,1,10,11,11,11,10,1,0
6823,  5/24/2022 5:05,3,1,Control,0,0,0,0,0,,1,0,53,0,3,1,3,0,0,4,2,10,7,1,0,0,0,0,11,11,11,11,11,0,0
6824,  5/24/2022 1:26,3,1,Control,0,0,0,0,0,,5,1,43,0,2,0,1,1,1,2,1,11,6,1,0,0,1,0,11,11,11,11,11,0,0
6825, 5/24/2022 12:10,3,1,Control,0,0,0,0,0,,2,0,27,1,3,1,2,1,1,2,2,10,8,0,0,0,0,1,11,11,11,11,11,0,0
6826,  5/24/2022 1:00,3,1,Default_no,0,0,0,0,1,1,6,0,59,0,3,1,3,0,1,5,3,9,9,1,1,0,0,1,8,9,10,8,8,,1
6827, 5/24/2022 12:02,3,1,Promise,0,0,1,0,0,1,3,1,40,0,2,0,1,1,0,6,6,11,4,1,1,1,1,0,11,11,11,11,11,1,0
6828,  5/25/2022 8:21,3,1,Trust,0,1,0,0,0,,4,1,53,0,3,1,1,1,0,4,1,3,8,1,0,0,0,1,11,11,11,11,11,,0
6829, 5/24/2022 12:32,3,1,Promise,0,0,1,0,0,1,3,0,58,0,4,1,1,1,0,1,1,11,3,1,0,0,1,0,11,11,11,11,9,1,0
6830, 5/24/2022 12:26,3,1,Trust_promise,1,0,0,0,0,1,5,1,41,1,3,1,2,1,0,1,11,9,8,1,0,1,0,1,11,11,11,11,11,1,0
6831,  5/24/2022 5:01,3,1,Trust_promise,1,0,0,0,0,1,2,1,55,1,4,1,2,1,1,3,2,6,4,1,0,0,0,0,8,8,6,2,4,1,0
6832, 5/25/2022 11:07,3,1,Default_no,0,0,0,0,1,1,1,1,30,0,2,0,2,1,1,6,1,10,8,0,1,0,0,1,8,10,9,7,3,,1
6833, 5/24/2022 12:16,3,1,Trust,0,1,0,0,0,,2,1,35,1,3,1,2,1,1,5,1,9,6,1,1,0,0,0,8,7,8,9,10,,0
6834,  5/24/2022 6:06,3,1,Default_no,0,0,0,0,1,1,4,0,65,1,2,0,3,0,0,1,2,6,8,1,0,0,0,1,11,11,11,11,11,,1
6835,  5/24/2022 2:29,3,1,Default_yes,0,0,0,1,0,1,2,1,46,1,3,1,1,1,1,9,3,9,8,1,1,0,0,1,8,9,6,2,3,,1
6836,  5/24/2022 3:21,3,1,Promise,0,0,1,0,0,1,1,0,51,0,3,1,1,1,1,2,3,9,7,1,0,0,0,0,11,11,11,11,11,1,0
6837,  5/24/2022 1:24,3,1,Default_yes,0,0,0,1,0,1,2,0,51,0,2,0,3,0,0,5,1,8,8,1,1,0,0,1,6,11,6,9,3,,1
6838,  5/24/2022 1:12,3,1,Promise,0,0,1,0,0,1,6,1,41,0,3,1,1,1,1,9,11,5,8,1,1,1,0,1,10,11,11,10,11,1,0
6839, 5/24/2022 12:35,3,1,Trust,0,1,0,0,0,,3,1,35,1,3,1,1,1,1,5,8,8,8,1,1,1,0,1,8,8,8,8,8,,0
6840,  5/24/2022 6:11,3,1,Promise,0,0,1,0,0,1,6,0,67,1,3,1,2,1,1,2,8,11,7,1,0,1,1,0,9,9,10,9,9,1,0
6841, 5/24/2022 11:57,3,1,Promise,0,0,1,0,0,1,6,0,35,0,2,0,1,1,1,4,1,11,7,1,0,0,1,0,9,11,11,11,5,1,0
6842,  5/24/2022 1:35,3,1,Default_no,0,0,0,0,1,1,1,1,36,0,3,1,1,1,1,11,9,11,9,1,1,1,1,1,3,2,6,1,1,,1
6843, 5/24/2022 11:44,3,1,Trust_promise,1,0,0,0,0,1,4,0,52,0,5,1,1,1,1,10,11,10,10,1,1,1,0,1,10,10,10,10,10,1,0
6844, 5/24/2022 12:15,3,1,Default_yes,0,0,0,1,0,1,2,0,57,1,2,0,2,1,1,6,11,11,6,1,1,1,1,0,11,11,11,11,11,,1
6845, 5/24/2022 12:42,3,1,Trust_promise,1,0,0,0,0,1,3,0,22,1,3,1,1,1,0,4,8,9,8,0,0,1,0,1,9,10,11,11,9,1,0
6846,  5/24/2022 1:30,3,1,Control,0,0,0,0,0,,4,1,44,1,2,0,1,1,0,1,7,9,8,1,0,1,0,1,11,11,11,11,11,0,0
6847,  5/24/2022 3:05,3,1,Default_no,0,0,0,0,1,1,1,0,22,0,2,0,3,0,0,5,11,11,11,0,1,1,1,1,11,11,4,11,11,,1
6848,  5/25/2022 2:09,3,1,Default_yes,0,0,0,1,0,1,2,0,36,0,2,0,1,1,1,1,1,4,3,1,0,0,0,0,5,6,7,1,2,,1
6849, 5/24/2022 12:31,3,1,Trust,0,1,0,0,0,,6,1,33,0,2,0,1,1,1,9,11,11,6,0,1,1,1,0,10,9,10,6,9,,0
6850, 5/24/2022 11:29,3,1,Default_yes,0,0,0,1,0,1,4,0,27,0,3,1,1,1,1,2,1,3,6,0,0,0,0,0,6,10,11,11,6,,1
6851, 5/24/2022 12:58,3,1,Promise,0,0,1,0,0,1,3,1,45,1,3,1,2,1,1,5,1,9,8,1,1,0,0,1,11,11,9,11,6,1,0
6852,  5/24/2022 2:29,3,1,Default_yes,0,0,0,1,0,1,4,1,28,1,3,1,2,1,0,1,2,10,3,0,0,0,0,0,11,11,11,11,11,,1
6853,  5/24/2022 1:36,3,1,Control,0,0,0,0,0,,4,0,36,0,3,1,1,1,1,5,2,11,7,1,1,0,1,0,9,9,9,7,2,0,0
6854, 5/24/2022 12:40,3,1,Default_no,0,0,0,0,1,1,5,1,27,1,3,1,3,0,0,1,1,11,8,0,0,0,1,1,6,6,10,8,9,,1
6855, 5/24/2022 12:47,3,1,Default_no,0,0,0,0,1,1,3,0,66,0,4,1,3,0,1,3,1,9,9,1,0,0,0,1,8,9,10,8,7,,1
6856,  5/24/2022 6:29,3,1,Trust_promise,1,0,0,0,0,1,3,1,36,0,5,1,2,1,1,9,11,11,6,1,1,1,1,0,3,9,9,9,9,1,0
6857,  5/25/2022 8:27,3,1,Control,0,0,0,0,0,,4,1,23,0,3,1,2,1,0,1,1,11,7,0,0,0,1,0,9,11,11,11,11,0,0
6858, 5/24/2022 11:31,3,1,Control,0,0,0,0,0,,4,0,22,0,3,1,3,0,0,2,1,6,6,0,0,0,0,0,9,8,8,10,7,0,0
6859,  5/24/2022 3:43,3,1,Trust_promise,1,0,0,0,0,1,6,0,51,1,2,0,3,0,0,6,11,9,7,1,1,1,0,0,8,10,10,8,7,1,0
6860,  5/24/2022 1:08,3,1,Default_no,0,0,0,0,1,1,4,1,30,0,3,1,2,1,1,6,11,11,6,0,1,1,1,0,11,11,11,11,11,,1
6861, 5/24/2022 12:41,3,1,Trust_promise,1,0,0,0,0,1,5,1,27,1,2,0,3,0,0,3,2,6,5,0,0,0,0,0,9,9,9,8,9,1,0
6862, 5/24/2022 12:58,3,1,Promise,0,0,1,0,0,1,5,0,52,1,4,1,2,1,1,2,2,8,8,1,0,0,0,1,11,11,11,11,11,1,0
6863,  5/24/2022 2:05,3,1,Control,0,0,0,0,0,,4,0,31,1,3,1,1,1,1,2,1,10,3,0,0,0,0,0,10,11,11,9,9,0,0
6864,  5/24/2022 7:08,3,1,Control,0,0,0,0,0,,1,0,22,1,3,1,3,0,0,3,3,8,8,0,0,0,0,1,7,9,8,8,8,0,0
6865, 5/24/2022 12:55,3,1,Trust,0,1,0,0,0,,4,1,23,0,3,1,3,0,0,1,1,10,8,0,0,0,0,1,11,11,11,11,11,,0
6866,  5/24/2022 1:14,3,1,Default_yes,0,0,0,1,0,1,1,0,44,1,2,0,3,0,0,6,11,11,4,1,1,1,1,0,1,8,11,3,11,,1
6867,  5/24/2022 4:22,3,1,Default_yes,0,0,0,1,0,1,4,1,59,0,3,1,1,1,0,1,2,8,6,1,0,0,0,0,11,11,11,11,11,,1
6868,  5/24/2022 1:38,3,1,Trust_promise,1,0,0,0,0,1,6,0,40,1,3,1,1,1,0,7,11,9,5,1,1,1,0,0,6,4,8,1,2,1,0
6869,  5/24/2022 3:12,3,1,Trust,0,1,0,0,0,,2,1,21,0,3,1,2,1,0,6,1,9,6,0,1,0,0,0,10,11,8,10,9,,0
6870,  5/24/2022 4:24,3,1,Control,0,0,0,0,0,,5,1,52,0,3,1,1,1,1,2,3,10,8,1,0,0,0,1,3,2,8,3,9,0,0
6871,  5/24/2022 7:36,3,1,Trust_promise,1,0,0,0,0,1,4,0,29,0,3,1,1,1,1,3,1,11,10,0,0,0,1,1,11,11,11,11,11,1,0
6872,  5/25/2022 8:06,3,1,Default_no,0,0,0,0,1,1,2,1,21,0,3,1,1,1,1,6,2,10,6,0,1,0,0,0,6,6,6,6,6,,1
6873,  5/24/2022 1:59,3,1,Control,0,0,0,0,0,,2,1,26,0,3,1,3,0,0,9,1,10,3,0,1,0,0,0,3,3,4,3,2,0,0
6874,  5/24/2022 2:12,3,1,Control,0,0,0,0,0,,1,1,29,1,3,1,1,1,0,1,1,11,4,0,0,0,1,0,8,6,6,4,6,0,0
6875,  5/24/2022 2:22,3,1,Default_yes,0,0,0,1,0,1,5,0,62,1,3,1,3,0,1,4,10,11,6,1,0,1,1,0,8,11,11,10,8,,1
6876,  5/24/2022 2:08,3,1,Default_yes,0,0,0,1,0,1,6,0,49,0,3,1,3,0,0,6,10,10,9,1,1,1,0,1,8,11,11,11,11,,1
6877,  5/24/2022 6:38,3,1,Control,0,0,0,0,0,,1,0,23,1,3,1,3,0,0,6,8,9,3,0,1,1,0,0,3,10,11,10,10,0,0
6878,  5/24/2022 9:07,3,1,Trust,0,1,0,0,0,,1,1,25,0,2,0,3,0,0,5,11,10,6,0,1,1,0,0,10,11,9,11,9,,0
6879,  5/24/2022 4:00,3,1,Trust,0,1,0,0,0,,5,0,49,0,2,0,1,1,1,5,11,9,7,1,1,1,0,0,9,8,9,7,8,,0
6880, 5/24/2022 12:37,3,1,Promise,0,0,1,0,0,1,1,0,53,0,3,1,1,1,0,6,11,9,9,1,1,1,0,1,11,11,10,10,9,1,0
6881,  5/25/2022 2:16,3,1,Trust,0,1,0,0,0,,5,1,31,0,3,1,1,1,0,3,4,11,1,0,0,0,1,0,11,11,11,11,11,,0
6882,  5/24/2022 3:53,3,1,Trust_promise,1,0,0,0,0,1,1,1,35,0,3,1,2,1,1,5,8,9,4,1,1,1,0,0,8,9,9,7,7,1,0
6883,  5/24/2022 1:35,3,1,Default_no,0,0,0,0,1,1,2,1,34,1,2,0,1,1,1,6,3,7,8,0,1,0,0,1,11,11,11,11,10,,1
6884,  5/24/2022 7:16,3,1,Promise,0,0,1,0,0,1,3,1,35,1,3,1,1,1,1,7,5,8,7,1,1,0,0,0,11,11,11,1,1,1,0
6885,  5/24/2022 1:24,3,1,Trust,0,1,0,0,0,,3,0,43,1,2,0,2,1,1,6,1,11,8,1,1,0,1,1,11,11,11,11,11,,0
6886,  5/24/2022 3:28,3,1,Default_no,0,0,0,0,1,1,3,0,21,0,2,0,1,1,1,3,5,9,8,0,0,0,0,1,11,11,11,8,10,,1
6887,  5/24/2022 4:38,3,1,Default_no,0,0,0,0,1,1,1,0,31,1,2,0,1,1,1,5,1,11,6,0,1,0,1,0,6,11,11,11,11,,1
6888, 5/24/2022 12:32,3,1,Trust,0,1,0,0,0,,3,1,33,0,3,1,1,1,1,6,5,7,7,0,1,0,0,0,8,7,9,8,8,,0
6889,  5/24/2022 1:05,3,1,Default_no,0,0,0,0,1,1,1,0,33,1,4,1,2,1,1,1,8,8,3,0,0,1,0,0,10,10,11,10,9,,1
6890, 5/24/2022 12:54,3,1,Promise,0,0,1,0,0,1,3,0,52,1,2,0,1,1,1,10,11,10,8,1,1,1,0,1,9,11,10,6,9,1,0
6891,  5/24/2022 1:04,3,1,Trust,0,1,0,0,0,,5,0,37,1,2,0,1,1,0,7,5,11,9,1,1,0,1,1,11,11,11,11,11,,0
6892, 5/24/2022 11:41,3,1,Default_no,0,0,0,0,1,1,5,0,53,1,3,1,1,1,0,7,11,10,6,1,1,1,0,0,10,10,10,9,7,,1
6893, 5/24/2022 12:04,3,1,Default_yes,0,0,0,1,0,1,5,1,25,1,3,1,2,1,0,1,11,11,8,0,0,1,1,1,9,11,8,11,10,,1
6894,  5/24/2022 2:08,3,1,Promise,0,0,1,0,0,1,6,1,21,1,2,0,1,1,0,3,2,10,9,0,0,0,0,1,11,11,11,9,1,1,0
6895,  5/24/2022 5:06,3,1,Default_no,0,0,0,0,1,1,4,0,29,0,4,1,1,1,0,4,11,11,8,0,0,1,1,1,11,11,11,1,11,,1
6896, 5/24/2022 12:33,3,1,Default_yes,0,0,0,1,0,1,1,0,73,0,2,0,3,0,1,1,1,4,6,1,0,0,0,0,11,11,11,6,7,,1
6897,  5/24/2022 5:43,3,1,Trust,0,1,0,0,0,,2,0,47,0,3,1,2,1,1,11,11,9,8,1,1,1,0,1,9,11,11,11,11,,0
6898,  5/24/2022 5:57,3,1,Control,0,0,0,0,0,,3,1,27,1,2,0,2,1,0,3,11,11,7,0,0,1,1,0,11,11,11,10,10,0,0
6899,  5/24/2022 3:24,3,1,Promise,0,0,1,0,0,1,3,1,29,1,3,1,1,1,1,2,10,11,8,0,0,1,1,1,8,9,11,1,11,1,0
6900,  5/25/2022 5:14,3,1,Trust,0,1,0,0,0,,3,1,45,0,2,0,1,1,1,7,9,9,7,1,1,1,0,0,11,11,11,11,11,,0
6901, 5/24/2022 12:03,3,1,Trust,0,1,0,0,0,,1,0,46,1,3,1,2,1,0,9,11,11,9,1,1,1,1,1,11,11,11,11,11,,0
6902, 5/24/2022 11:29,3,1,Default_no,0,0,0,0,1,1,1,0,37,0,3,1,1,1,1,6,2,10,6,1,1,0,0,0,11,11,11,11,11,,1
6903,  5/24/2022 7:26,3,1,Promise,0,0,1,0,0,1,5,1,19,1,2,0,3,0,0,6,11,9,7,0,1,1,0,0,4,4,5,3,4,1,0
6904,  5/24/2022 7:27,3,1,Promise,0,0,1,0,0,1,4,1,27,1,4,1,1,1,1,5,4,9,3,0,1,0,0,0,9,10,9,10,9,1,0
6905, 5/24/2022 12:44,3,1,Default_yes,0,0,0,1,0,1,1,1,26,1,3,1,2,1,0,3,8,7,6,0,0,1,0,0,10,10,9,10,11,,1
6906,  5/24/2022 4:21,3,1,Promise,0,0,1,0,0,1,3,0,58,1,3,1,2,1,1,10,11,10,7,1,1,1,0,0,11,11,11,11,11,1,0
6907, 5/24/2022 11:06,3,1,Promise,0,0,1,0,0,1,1,0,25,0,2,0,2,1,1,3,9,11,9,0,0,1,1,1,9,11,11,10,10,1,0
6908,  5/24/2022 9:18,3,1,Default_no,0,0,0,0,1,1,5,0,35,0,2,0,3,0,0,1,1,8,3,1,0,0,0,0,11,11,11,11,11,,1
6909, 5/24/2022 11:31,3,1,Trust,0,1,0,0,0,,4,0,31,0,3,1,1,1,0,5,1,8,5,0,1,0,0,0,11,11,11,11,11,,0
6910, 5/24/2022 12:26,3,1,Default_no,0,0,0,0,1,1,2,1,42,1,2,0,1,1,0,5,2,11,7,1,1,0,1,0,11,6,11,1,11,,1
6911,  5/24/2022 5:51,3,1,Promise,0,0,1,0,0,1,1,0,37,0,3,1,1,1,0,2,1,9,8,1,0,0,0,1,9,7,9,5,3,1,0
6912,  5/24/2022 3:12,3,1,Trust,0,1,0,0,0,,3,1,22,1,3,1,2,1,1,4,8,8,6,0,0,1,0,0,9,11,9,9,11,,0
6913, 5/24/2022 12:50,3,1,Trust_promise,1,0,0,0,0,1,2,0,35,0,2,0,3,0,0,4,10,11,11,1,0,1,1,1,6,11,11,11,11,1,0
6914,  5/24/2022 2:20,3,1,Default_yes,0,0,0,1,0,1,1,0,53,0,3,1,2,1,1,5,1,11,4,1,1,0,1,0,11,11,11,9,9,,1
6915, 5/24/2022 12:18,3,1,Promise,0,0,1,0,0,1,1,0,34,0,3,1,1,1,0,6,7,9,6,0,1,1,0,0,11,11,11,11,10,1,0
6916,  5/24/2022 1:09,3,1,Promise,0,0,1,0,0,1,6,1,59,0,4,1,2,1,1,10,11,9,8,1,1,1,0,1,11,11,11,1,11,1,0
6917, 5/25/2022 11:05,3,1,Trust_promise,1,0,0,0,0,1,3,0,61,0,4,1,1,1,1,8,11,11,8,1,1,1,1,1,11,11,11,8,8,1,0
6918,  5/24/2022 7:23,3,1,Promise,0,0,1,0,0,1,6,0,34,1,4,1,2,1,1,2,1,10,8,0,0,0,0,1,6,6,4,5,7,1,0
6919, 5/25/2022 10:22,3,1,Promise,0,0,1,0,0,1,3,0,62,0,5,1,1,1,1,2,3,6,6,1,0,0,0,0,9,9,9,6,6,1,0
6920,  5/24/2022 1:27,3,1,Trust,0,1,0,0,0,,5,1,51,0,3,1,1,1,1,7,3,10,8,1,1,0,0,1,9,11,11,11,9,,0
6921,  5/24/2022 1:00,3,1,Promise,0,0,1,0,0,1,4,1,31,1,3,1,1,1,1,1,3,11,7,0,0,0,1,0,11,11,11,11,11,1,0
6922, 5/24/2022 11:50,3,1,Control,0,0,0,0,0,,2,0,26,0,2,0,3,0,0,1,1,10,3,0,0,0,0,0,9,11,11,11,9,0,0
6923, 5/24/2022 11:03,3,1,Trust,0,1,0,0,0,,4,1,29,0,4,1,1,1,1,7,8,11,8,0,1,1,1,1,7,11,11,9,11,,0
6924, 5/24/2022 11:27,3,1,Trust,0,1,0,0,0,,1,0,25,1,2,0,2,1,0,3,11,6,5,0,0,1,0,0,8,8,8,3,7,,0
6925, 5/24/2022 11:29,3,1,Default_no,0,0,0,0,1,0,6,1,37,0,3,1,2,1,1,5,1,10,8,1,1,0,0,1,8,11,10,11,10,,1
6926, 5/24/2022 11:20,3,1,Trust_promise,1,0,0,0,0,1,2,0,37,0,3,1,3,0,0,3,1,5,3,1,0,0,0,0,3,11,11,1,1,1,0
6927, 5/24/2022 12:18,3,1,Promise,0,0,1,0,0,1,4,1,61,1,2,0,3,0,0,5,9,10,10,1,1,1,0,1,11,11,11,11,10,1,0
6928, 5/24/2022 10:32,3,1,Trust_promise,1,0,0,0,0,1,3,0,54,0,2,0,1,1,1,5,1,11,4,1,1,0,1,0,8,11,10,11,10,1,0
6929,  5/24/2022 1:06,3,1,Control,0,0,0,0,0,,3,0,68,1,3,1,2,1,0,5,3,10,9,1,1,0,0,1,11,11,11,11,11,0,0
6930,  5/24/2022 1:08,3,1,Trust_promise,1,0,0,0,0,1,4,0,65,0,3,1,3,0,1,1,1,11,9,1,0,0,1,1,11,11,10,3,3,1,0
6931, 5/24/2022 12:38,3,1,Trust_promise,1,0,0,0,0,1,4,0,38,0,2,0,1,1,1,5,1,7,3,1,1,0,0,0,11,11,11,11,11,1,0
6932, 5/24/2022 12:05,3,1,Promise,0,0,1,0,0,1,6,0,24,1,3,1,1,1,0,1,6,11,2,0,0,1,1,0,10,10,11,6,2,1,0
6933, 5/24/2022 11:33,3,1,Control,0,0,0,0,0,,3,1,49,1,2,0,1,1,0,3,1,10,8,1,0,0,0,1,6,9,9,3,8,0,0
6934, 5/24/2022 12:42,3,1,Trust,0,1,0,0,0,,2,0,46,1,4,1,1,1,0,6,9,8,5,1,1,1,0,0,9,10,8,8,7,,0
6935, 5/24/2022 11:03,3,1,Default_yes,0,0,0,1,0,1,6,1,24,1,3,1,1,1,1,1,1,8,9,0,0,0,0,1,11,10,10,11,11,,1
6936, 5/24/2022 11:45,3,1,Trust_promise,1,0,0,0,0,1,3,1,32,0,3,1,2,1,1,3,11,11,1,0,0,1,1,0,11,11,11,11,11,1,0
6937, 5/24/2022 11:58,3,1,Trust_promise,1,0,0,0,0,1,4,0,70,0,3,1,1,1,0,7,9,10,8,1,1,1,0,1,11,11,11,7,1,1,0
6938, 5/24/2022 12:53,3,1,Trust_promise,1,0,0,0,0,1,1,0,21,1,2,0,2,1,0,1,2,10,8,0,0,0,0,1,10,10,11,10,10,1,0
6939,  5/24/2022 5:17,3,1,Default_yes,0,0,0,1,0,1,5,0,40,1,5,1,1,1,0,2,1,6,7,1,0,0,0,0,1,6,11,11,11,,1
6940,  5/24/2022 6:12,3,1,Default_no,0,0,0,0,1,1,3,0,23,1,3,1,2,1,1,1,7,8,7,0,0,1,0,0,8,10,10,10,1,,1
6941,  5/24/2022 5:11,3,1,Trust_promise,1,0,0,0,0,1,3,1,29,1,3,1,2,1,1,6,3,9,6,0,1,0,0,0,11,10,11,11,11,1,0
6942,  5/24/2022 2:19,3,1,Trust_promise,1,0,0,0,0,1,6,1,28,0,2,0,3,0,0,5,4,8,5,0,1,0,0,0,11,11,11,11,11,1,0
6943,  5/25/2022 1:16,3,1,Control,0,0,0,0,0,,2,1,56,0,3,1,1,1,1,6,8,11,9,1,1,1,1,1,1,1,6,1,6,0,0
6944,  5/24/2022 6:24,3,1,Trust_promise,1,0,0,0,0,1,3,0,74,1,2,0,3,0,0,10,11,11,9,1,1,1,1,1,1,11,11,1,1,1,0
6945, 5/24/2022 10:55,3,1,Trust,0,1,0,0,0,,3,1,26,0,3,1,2,1,0,5,2,9,8,0,1,0,0,1,6,6,6,3,5,,0
6946, 5/24/2022 11:03,3,1,Default_yes,0,0,0,1,0,1,6,0,24,0,3,1,1,1,1,1,1,5,3,0,0,0,0,0,5,2,2,2,6,,1
6947, 5/25/2022 10:06,3,1,Control,0,0,0,0,0,,1,1,37,0,1,0,1,1,1,6,1,11,6,1,1,0,1,0,1,10,10,11,11,0,0
6948,  5/24/2022 5:35,3,1,Promise,0,0,1,0,0,1,5,1,35,0,4,1,1,1,1,6,1,5,4,1,1,0,0,0,11,11,11,11,11,1,0
6949,  5/25/2022 7:02,3,1,Default_yes,0,0,0,1,0,1,4,1,30,0,2,0,1,1,1,2,11,11,9,0,0,1,1,1,11,11,11,11,10,,1
6950, 5/24/2022 10:31,3,1,Default_no,0,0,0,0,1,1,4,0,41,0,3,1,1,1,0,5,9,9,7,1,1,1,0,0,6,10,8,6,6,,1
6951, 5/24/2022 12:03,3,1,Trust_promise,1,0,0,0,0,1,4,1,28,1,4,1,2,1,1,9,11,11,5,0,1,1,1,0,11,11,11,11,11,1,0
6952, 5/24/2022 12:40,3,1,Trust,0,1,0,0,0,,1,0,35,0,3,1,1,1,0,3,1,8,3,1,0,0,0,0,6,3,3,8,3,,0
6953,  5/24/2022 6:17,3,1,Default_no,0,0,0,0,1,1,1,0,43,1,4,1,2,1,1,2,3,10,6,1,0,0,0,0,11,11,11,11,11,,1
6954, 5/24/2022 12:30,3,1,Trust,0,1,0,0,0,,1,0,62,0,2,0,3,0,0,6,11,11,9,1,1,1,1,1,11,11,11,11,11,,0
6955,  5/24/2022 1:42,3,1,Trust,0,1,0,0,0,,6,0,39,1,2,0,1,1,0,3,10,11,8,1,0,1,1,1,11,11,11,10,9,,0
6956, 5/24/2022 12:37,3,1,Control,0,0,0,0,0,,3,0,64,1,3,1,1,1,0,1,1,8,5,1,0,0,0,0,11,11,11,11,6,0,0
6957, 5/24/2022 12:50,3,1,Promise,0,0,1,0,0,1,3,0,61,1,2,0,1,1,0,5,1,9,6,1,1,0,0,0,11,11,11,11,11,1,0
6958, 5/24/2022 12:56,3,1,Promise,0,0,1,0,0,1,3,1,30,0,3,1,1,1,1,9,9,10,7,0,1,1,0,0,9,10,8,10,7,1,0
6959,  5/24/2022 8:03,3,1,Trust_promise,1,0,0,0,0,1,6,0,45,0,3,1,1,1,1,1,1,10,8,1,0,0,0,1,1,3,10,1,9,1,0
6960,  5/24/2022 1:20,3,1,Control,0,0,0,0,0,,2,1,36,1,3,1,1,1,1,1,1,11,3,1,0,0,1,0,10,10,11,9,10,0,0
6961,  5/24/2022 4:56,3,1,Default_yes,0,0,0,1,0,1,6,0,24,1,2,0,1,1,0,3,6,8,7,0,0,1,0,0,10,7,8,1,7,,1
6962,  5/24/2022 3:09,3,1,Control,0,0,0,0,0,,1,0,43,0,4,1,2,1,0,5,11,11,9,1,1,1,1,1,9,11,11,9,11,0,0
6963,  5/24/2022 1:41,3,1,Trust,0,1,0,0,0,,6,0,33,1,2,0,1,1,0,6,5,11,10,0,1,0,1,1,6,6,9,8,6,,0
6964,  5/24/2022 1:05,3,1,Trust_promise,1,0,0,0,0,1,5,1,26,0,2,0,2,1,0,11,1,6,4,0,1,0,0,0,11,11,11,9,11,1,0
6965, 5/24/2022 11:53,3,1,Trust_promise,1,0,0,0,0,1,6,1,37,1,4,1,1,1,0,9,11,11,9,1,1,1,1,1,6,9,11,8,6,1,0
6966,  5/24/2022 8:29,3,1,Promise,0,0,1,0,0,1,5,0,61,0,4,1,1,1,1,6,1,9,1,1,1,0,0,0,11,11,11,11,11,1,0
6967,  5/24/2022 4:39,3,1,Control,0,0,0,0,0,,2,1,20,0,2,0,1,1,0,6,11,9,3,0,1,1,0,0,9,10,11,1,1,0,0
6968,  5/24/2022 2:55,3,1,Control,0,0,0,0,0,,1,1,22,0,3,1,1,1,1,5,2,11,9,0,1,0,1,1,11,10,10,6,1,0,0
6969,  5/24/2022 1:12,3,1,Control,0,0,0,0,0,,6,1,37,0,3,1,1,1,0,2,1,1,9,1,0,0,0,1,1,1,1,1,1,0,0
6970, 5/24/2022 11:56,3,1,Promise,0,0,1,0,0,1,5,1,24,0,3,1,3,0,0,1,1,9,11,0,0,0,0,1,10,11,11,9,11,1,0
6971, 5/24/2022 12:43,3,1,Promise,0,0,1,0,0,1,5,1,31,0,3,1,1,1,1,4,1,9,9,0,0,0,0,1,9,5,7,9,7,1,0
6972,  5/24/2022 2:43,3,1,Promise,0,0,1,0,0,1,5,1,26,1,3,1,1,1,0,2,1,3,6,0,0,0,0,0,11,11,11,11,11,1,0
6973,  5/24/2022 3:54,3,1,Promise,0,0,1,0,0,1,2,1,22,1,2,0,3,0,0,5,3,7,7,0,1,0,0,0,11,11,11,11,11,1,0
6974,  5/24/2022 1:46,3,1,Trust_promise,1,0,0,0,0,1,1,1,40,0,2,0,3,0,0,6,2,6,6,1,1,0,0,0,11,11,11,11,11,1,0
6975,  5/24/2022 4:44,3,1,Trust,0,1,0,0,0,,4,0,18,1,2,0,2,1,0,3,6,7,5,0,0,1,0,0,9,10,9,9,6,,0
6976, 5/24/2022 12:56,3,1,Default_no,0,0,0,0,1,1,6,0,20,1,2,0,2,1,0,1,1,11,7,0,0,0,1,0,10,11,11,11,11,,1
6977,  5/24/2022 2:18,3,1,Default_no,0,0,0,0,1,1,4,1,65,1,2,0,1,1,0,6,1,11,10,1,1,0,1,1,11,11,11,11,11,,1
6978,  5/24/2022 5:12,3,1,Control,0,0,0,0,0,,4,1,24,1,3,1,1,1,0,1,1,6,5,0,0,0,0,0,9,9,8,10,7,0,0
6979,  5/24/2022 6:34,3,1,Control,0,0,0,0,0,,4,1,35,0,2,0,1,1,0,3,2,10,5,1,0,0,0,0,5,5,7,4,5,0,0
6980, 5/24/2022 10:53,3,1,Control,0,0,0,0,0,,2,1,24,1,2,0,1,1,0,3,5,6,1,0,0,0,0,0,11,11,11,11,11,0,0
6981,  5/24/2022 1:11,3,1,Promise,0,0,1,0,0,1,6,0,48,1,2,0,3,0,0,7,6,11,6,1,1,1,1,0,11,11,11,11,11,1,0
6982,  5/24/2022 1:09,3,1,Trust,0,1,0,0,0,,2,0,66,0,4,1,1,1,1,5,6,11,5,1,1,1,1,0,11,11,11,10,10,,0
6983,  5/24/2022 7:48,3,1,Default_no,0,0,0,0,1,1,5,1,34,1,2,0,1,1,0,6,11,11,1,0,1,1,1,0,11,11,11,11,1,,1
6984, 5/25/2022 11:03,3,1,Trust,0,1,0,0,0,,1,1,19,0,2,0,2,1,0,6,7,9,6,0,1,1,0,0,1,5,9,8,4,,0
6985,  5/24/2022 8:42,3,1,Trust,0,1,0,0,0,,1,0,40,0,5,1,2,1,1,6,11,11,8,1,1,1,1,1,9,11,7,6,8,,0
6986,  5/24/2022 1:29,3,1,Default_no,0,0,0,0,1,1,3,1,22,1,2,0,3,0,0,5,7,10,3,0,1,1,0,0,9,11,11,8,10,,1
6987,  5/24/2022 5:45,3,1,Default_yes,0,0,0,1,0,1,6,1,46,1,3,1,2,1,1,8,11,8,9,1,1,1,0,1,11,11,11,7,1,,1
6988, 5/24/2022 11:59,3,1,Default_yes,0,0,0,1,0,1,3,1,60,0,2,0,3,0,0,9,10,10,8,1,1,1,0,1,9,4,10,7,8,,1
6989, 5/24/2022 12:23,3,1,Default_yes,0,0,0,1,0,1,6,1,61,0,4,1,1,1,1,2,2,9,4,1,0,0,0,0,11,11,11,11,11,,1
6990, 5/24/2022 12:15,3,1,Promise,0,0,1,0,0,1,6,1,66,1,3,1,3,0,0,3,1,9,9,1,0,0,0,1,11,11,11,11,11,1,0
6991,  5/24/2022 5:46,3,1,Default_yes,0,0,0,1,0,1,5,1,47,0,3,1,2,1,1,2,10,9,8,1,0,1,0,1,10,11,11,11,11,,1
6992,  5/24/2022 3:26,3,1,Trust_promise,1,0,0,0,0,1,4,1,31,1,2,0,1,1,0,7,3,8,3,0,1,0,0,0,8,4,4,1,2,1,0
6993,  5/24/2022 7:09,3,1,Trust,0,1,0,0,0,,5,1,21,1,2,0,2,1,0,4,7,11,9,0,0,1,1,1,5,8,8,5,5,,0
6994, 5/24/2022 12:21,3,1,Control,0,0,0,0,0,,4,1,19,1,2,0,2,1,0,6,1,9,4,0,1,0,0,0,11,11,11,6,8,0,0
6995,  5/24/2022 1:33,3,1,Trust,0,1,0,0,0,,4,0,51,0,3,1,1,1,1,4,8,11,9,1,0,1,1,1,9,11,11,6,11,,0
6996,  5/24/2022 2:02,3,1,Trust,0,1,0,0,0,,2,1,26,0,2,0,2,1,1,2,2,11,1,0,0,0,1,0,11,10,11,10,5,,0
6997,  5/24/2022 3:44,3,1,Default_no,0,0,0,0,1,1,1,0,46,1,3,1,1,1,0,9,11,11,6,1,1,1,1,0,11,11,11,11,1,,1
6998, 5/24/2022 10:49,3,1,Promise,0,0,1,0,0,1,6,0,24,1,2,0,3,0,0,2,1,11,8,0,0,0,1,1,9,11,11,11,11,1,0
6999, 5/24/2022 12:07,3,1,Trust_promise,1,0,0,0,0,1,6,0,65,1,3,1,1,1,1,2,6,10,1,1,0,1,0,0,6,10,10,2,6,1,0
7000,  5/25/2022 7:24,3,1,Control,0,0,0,0,0,,1,1,52,0,4,1,1,1,1,7,4,11,8,1,1,0,1,1,3,8,8,10,9,0,0
7001, 5/24/2022 11:06,3,1,Default_yes,0,0,0,1,0,1,1,0,37,0,2,0,1,1,0,7,4,11,8,1,1,0,1,1,8,10,10,10,8,,1
7002, 5/24/2022 11:54,3,1,Default_no,0,0,0,0,1,1,6,1,31,1,3,1,1,1,1,2,6,11,11,0,0,1,1,1,11,11,11,11,11,,1
7003, 5/24/2022 11:35,3,1,Trust,0,1,0,0,0,,4,0,20,1,3,1,3,0,0,1,2,8,3,0,0,0,0,0,9,11,11,10,8,,0
7004, 5/24/2022 12:47,3,1,Default_yes,0,0,0,1,0,1,4,0,60,1,3,1,3,0,0,1,1,8,7,1,0,0,0,0,11,11,10,11,10,,1
7005,  5/24/2022 4:01,3,1,Trust_promise,1,0,0,0,0,1,2,0,58,1,3,1,2,1,0,9,11,9,7,1,1,1,0,0,6,10,11,6,10,1,0
7006, 5/24/2022 11:09,3,1,Trust,0,1,0,0,0,,4,1,28,0,5,1,1,1,1,3,6,11,8,0,0,1,1,1,11,11,11,11,11,,0
7007, 5/24/2022 11:04,3,1,Default_yes,0,0,0,1,0,1,2,0,74,0,3,1,1,1,0,10,1,11,3,1,1,0,1,0,11,11,11,3,11,,1
7008, 5/24/2022 12:12,3,1,Default_yes,0,0,0,1,0,1,6,0,32,0,3,1,1,1,1,3,3,10,6,0,0,0,0,0,11,11,11,11,11,,1
7009, 5/24/2022 12:25,3,1,Default_no,0,0,0,0,1,1,3,0,24,0,3,1,1,1,1,6,2,11,3,0,1,0,1,0,6,7,9,2,2,,1
7010, 5/24/2022 12:10,3,1,Promise,0,0,1,0,0,1,4,1,36,0,3,1,2,1,1,4,1,11,8,1,0,0,1,1,11,11,11,11,11,1,0
7011, 5/24/2022 11:19,3,1,Trust_promise,1,0,0,0,0,1,5,0,19,1,2,0,1,1,0,2,7,8,5,0,0,1,0,0,11,11,11,11,9,1,0
7012,  5/24/2022 4:10,3,1,Default_no,0,0,0,0,1,1,5,0,72,1,4,1,2,1,1,7,6,11,8,1,1,1,1,1,11,11,11,11,11,,1
7013,  5/24/2022 6:14,3,1,Control,0,0,0,0,0,,6,1,52,1,3,1,1,1,0,7,9,9,6,1,1,1,0,0,6,6,6,9,7,0,0
7014,  5/24/2022 3:57,3,1,Control,0,0,0,0,0,,2,1,51,0,3,1,3,0,1,6,6,1,9,1,1,1,0,1,9,9,11,11,11,0,0
7015,  5/24/2022 4:11,3,1,Trust,0,1,0,0,0,,3,1,26,0,2,0,1,1,1,1,1,9,7,0,0,0,0,0,9,9,10,8,7,,0
7016,  5/24/2022 5:10,3,1,Promise,0,0,1,0,0,1,6,0,52,0,2,0,2,1,1,10,11,11,8,1,1,1,1,1,11,11,11,11,11,1,0
7017, 5/24/2022 12:36,3,1,Trust,0,1,0,0,0,,2,0,44,0,3,1,1,1,1,2,1,10,2,1,0,0,0,0,9,11,11,11,9,,0
7018, 5/24/2022 12:15,3,1,Trust_promise,1,0,0,0,0,1,5,0,71,0,4,1,1,1,1,11,11,11,9,1,1,1,1,1,10,9,10,8,9,1,0
7019,  5/24/2022 3:45,3,1,Promise,0,0,1,0,0,1,4,1,37,1,3,1,1,1,0,1,1,6,5,1,0,0,0,0,11,11,11,11,1,1,0
7020, 5/25/2022 12:17,3,1,Promise,0,0,1,0,0,1,6,0,40,0,5,1,1,1,0,8,3,9,9,1,1,0,0,1,1,11,11,1,11,1,0
7021,  5/24/2022 6:36,3,1,Control,0,0,0,0,0,,3,1,29,0,3,1,1,1,1,6,3,10,8,0,1,0,0,1,11,11,11,11,11,0,0
7022, 5/25/2022 12:13,3,1,Trust,0,1,0,0,0,,5,1,28,0,3,1,1,1,1,1,11,11,6,0,0,1,1,0,11,6,9,9,9,,0
7023, 5/24/2022 12:38,3,1,Promise,0,0,1,0,0,1,5,0,37,0,3,1,2,1,1,1,1,8,7,1,0,0,0,0,8,10,10,8,6,1,0
7024,  5/25/2022 7:19,3,1,Promise,0,0,1,0,0,1,3,1,32,0,4,1,2,1,1,11,11,11,1,0,1,1,1,0,11,11,11,11,11,1,0
7025,  5/24/2022 8:49,3,1,Default_no,0,0,0,0,1,1,1,0,36,0,2,0,1,1,1,10,11,11,5,1,1,1,1,0,1,11,11,1,11,,1
7026,  5/24/2022 1:27,3,1,Trust_promise,1,0,0,0,0,1,4,0,53,1,2,0,2,1,0,6,2,8,8,1,1,0,0,1,9,9,10,10,9,1,0
7027,  5/24/2022 8:09,3,1,Default_yes,0,0,0,1,0,1,3,1,34,0,2,0,1,1,0,6,4,8,7,0,1,0,0,0,8,10,10,8,9,,1
7028,  5/24/2022 4:43,3,1,Trust,0,1,0,0,0,,3,0,22,1,3,1,2,1,0,2,7,8,9,0,0,1,0,1,10,11,11,10,10,,0
7029, 5/24/2022 11:26,3,1,Default_no,0,0,0,0,1,1,4,1,19,1,2,0,2,1,0,3,11,10,10,0,0,1,0,1,3,3,8,3,1,,1
7030, 5/24/2022 10:04,3,1,Trust_promise,1,0,0,0,0,1,5,0,41,0,4,1,1,1,1,6,1,9,7,1,1,0,0,0,10,11,10,11,10,1,0
7031,  5/24/2022 1:19,3,1,Promise,0,0,1,0,0,1,6,1,20,1,2,0,1,1,1,3,6,11,6,0,0,1,1,0,11,11,11,11,11,1,0
7032,  5/25/2022 9:23,3,1,Control,0,0,0,0,0,,3,0,44,0,2,0,1,1,0,3,9,10,6,1,0,1,0,0,6,6,8,7,6,0,0
7033,  5/24/2022 1:06,3,1,Promise,0,0,1,0,0,1,5,0,23,0,3,1,1,1,1,7,9,11,9,0,1,1,1,1,11,11,11,11,11,1,0
7034,  5/24/2022 3:04,3,1,Default_no,0,0,0,0,1,1,6,1,26,0,3,1,1,1,1,4,1,10,9,0,0,0,0,1,11,11,11,10,10,,1
7035,  5/24/2022 6:07,3,1,Default_yes,0,0,0,1,0,1,3,0,63,0,3,1,1,1,1,1,1,9,7,1,0,0,0,0,11,11,11,9,7,,1
7036,  5/24/2022 6:46,3,1,Default_yes,0,0,0,1,0,1,5,0,47,1,4,1,2,1,1,5,10,9,8,1,1,1,0,1,10,10,10,10,10,,1
7037, 5/24/2022 12:11,3,1,Promise,0,0,1,0,0,1,4,1,40,0,2,0,3,0,0,9,11,11,2,1,1,1,1,0,11,11,11,11,1,1,0
7038,  5/24/2022 3:10,3,1,Default_no,0,0,0,0,1,1,5,1,23,0,2,0,1,1,1,11,11,11,3,0,1,1,1,0,11,11,11,11,11,,1
7039,  5/24/2022 6:40,3,1,Default_no,0,0,0,0,1,1,1,1,24,0,5,1,2,1,1,1,1,9,9,0,0,0,0,1,11,10,10,10,7,,1
7040, 5/24/2022 12:09,3,1,Default_yes,0,0,0,1,0,1,6,0,29,0,3,1,1,1,1,1,1,11,6,0,0,0,1,0,11,11,11,11,9,,1
7041,  5/24/2022 1:58,3,1,Control,0,0,0,0,0,,5,0,26,0,2,0,3,0,0,1,1,11,6,0,0,0,1,0,11,11,11,11,11,0,0
7042,  5/24/2022 4:48,3,1,Control,0,0,0,0,0,,2,1,20,0,2,0,3,0,1,1,1,11,8,0,0,0,1,1,7,8,8,6,8,0,0
7043,  5/24/2022 2:10,3,1,Trust,0,1,0,0,0,,2,0,24,0,2,0,2,1,0,5,5,5,2,0,1,0,0,0,11,2,11,11,11,,0
7044, 5/24/2022 11:58,3,1,Promise,0,0,1,0,0,1,1,1,28,0,3,1,2,1,1,11,2,8,10,0,1,0,0,1,9,10,11,8,11,1,0
7045,  5/24/2022 3:26,3,1,Control,0,0,0,0,0,,3,1,23,1,3,1,1,1,1,1,11,3,4,0,0,1,0,0,3,2,3,3,2,0,0
7046,  5/24/2022 1:50,3,1,Trust_promise,1,0,0,0,0,1,6,0,57,0,3,1,3,0,0,5,11,9,7,1,1,1,0,0,11,11,11,11,6,1,0
7047,  5/24/2022 7:12,3,1,Trust_promise,1,0,0,0,0,1,2,0,56,1,4,1,1,1,1,6,9,8,7,1,1,1,0,0,11,11,11,11,11,1,0
7048, 5/24/2022 12:47,3,1,Control,0,0,0,0,0,,5,0,72,1,2,0,3,0,0,2,10,8,9,1,0,1,0,1,11,11,11,11,11,0,0
7049,  5/24/2022 2:09,3,1,Default_yes,0,0,0,1,0,1,3,1,26,0,4,1,1,1,0,5,3,9,5,0,1,0,0,0,6,10,11,11,11,,1
7050,  5/24/2022 2:37,3,1,Trust,0,1,0,0,0,,4,0,31,1,3,1,2,1,1,3,11,11,7,0,0,1,1,0,11,11,11,11,11,,0
7051,  5/24/2022 7:00,3,1,Trust_promise,1,0,0,0,0,1,1,0,43,0,3,1,1,1,1,2,9,9,8,1,0,1,0,1,11,1,11,1,5,1,0
7052,  5/24/2022 1:09,3,1,Default_yes,0,0,0,1,0,1,2,0,60,0,3,1,1,1,1,11,11,11,4,1,1,1,1,0,6,11,11,11,6,,1
7053,  5/24/2022 7:14,3,1,Trust_promise,1,0,0,0,0,1,5,1,38,0,2,0,1,1,1,9,6,8,7,1,1,1,0,0,8,8,8,6,6,1,0
7054,  5/24/2022 1:19,3,1,Trust,0,1,0,0,0,,3,1,54,1,5,1,1,1,1,2,10,10,10,1,0,1,0,1,6,11,11,11,11,,0
7055, 5/24/2022 12:03,3,1,Default_yes,0,0,0,1,0,1,5,1,62,1,2,0,3,0,1,8,7,11,10,1,1,1,1,1,11,11,11,11,11,,1
7056, 5/24/2022 11:04,3,1,Default_yes,0,0,0,1,0,1,4,1,30,0,3,1,2,1,1,1,1,11,7,0,0,0,1,0,11,11,11,11,11,,1
7057, 5/24/2022 12:47,3,1,Control,0,0,0,0,0,,4,0,45,0,3,1,3,0,0,10,11,11,6,1,1,1,1,0,5,11,11,11,10,0,0
7058, 5/24/2022 11:45,3,1,Control,0,0,0,0,0,,5,1,19,1,2,0,3,0,0,3,11,9,6,0,0,1,0,0,11,11,11,10,10,0,0
7059,  5/24/2022 1:49,3,1,Control,0,0,0,0,0,,5,1,24,1,3,1,2,1,1,5,5,11,8,0,1,0,1,1,6,11,10,11,2,0,0
7060,  5/24/2022 3:45,3,1,Promise,0,0,1,0,0,1,5,0,36,0,4,1,1,1,1,7,10,10,7,1,1,1,0,0,11,10,10,10,10,1,0
7061,  5/24/2022 8:07,3,1,Promise,0,0,1,0,0,1,4,0,34,1,2,0,1,1,0,9,11,11,4,0,1,1,1,0,9,11,11,10,11,1,0
7062,  5/24/2022 5:13,3,1,Default_yes,0,0,0,1,0,1,1,0,59,1,2,0,1,1,0,4,11,9,8,1,0,1,0,1,11,11,11,11,11,,1
7063,  5/24/2022 5:22,3,1,Default_yes,0,0,0,1,0,1,3,0,56,1,3,1,3,0,0,6,2,11,8,1,1,0,1,1,1,1,1,1,1,,1
7064,  5/24/2022 2:22,3,1,Default_no,0,0,0,0,1,1,5,0,20,1,2,0,3,0,0,1,1,11,11,0,0,0,1,1,10,11,11,11,9,,1
7065,  5/24/2022 7:12,3,1,Default_no,0,0,0,0,1,1,5,0,24,0,2,0,1,1,0,3,3,11,8,0,0,0,1,1,11,11,11,11,11,,1
7066,  5/24/2022 1:49,3,1,Trust_promise,1,0,0,0,0,1,2,0,27,1,2,0,1,1,1,8,6,6,8,0,1,1,0,1,11,11,11,11,9,1,0
7067,  5/24/2022 1:13,3,1,Promise,0,0,1,0,0,1,3,0,45,0,3,1,1,1,1,3,9,9,5,1,0,1,0,0,11,11,11,11,9,1,0
7068,  5/24/2022 2:02,3,1,Control,0,0,0,0,0,,1,0,28,0,2,0,3,0,0,5,6,7,4,0,1,1,0,0,11,11,11,11,11,0,0
7069,  5/24/2022 9:54,3,1,Trust_promise,1,0,0,0,0,1,4,1,26,0,2,0,1,1,0,1,6,11,1,0,0,1,1,0,11,11,11,9,11,1,0
7070, 5/24/2022 12:25,3,1,Trust_promise,1,0,0,0,0,1,6,0,29,0,2,0,1,1,0,6,1,4,6,0,1,0,0,0,9,11,11,11,11,1,0
7071,  5/24/2022 4:01,3,1,Control,0,0,0,0,0,,5,0,54,1,3,1,2,1,1,4,8,9,7,1,0,1,0,0,10,11,10,9,5,0,0
7072, 5/24/2022 12:17,3,1,Control,0,0,0,0,0,,5,1,54,1,3,1,1,1,1,2,11,9,3,1,0,1,0,0,11,11,11,11,11,0,0
7073,  5/24/2022 2:17,3,1,Trust_promise,1,0,0,0,0,1,1,0,27,0,3,1,1,1,1,2,2,11,8,0,0,0,1,1,10,10,11,11,2,1,0
7074, 5/24/2022 12:02,3,1,Default_yes,0,0,0,1,0,1,1,0,32,1,3,1,1,1,1,2,4,8,8,0,0,0,0,1,1,11,11,1,11,,1
7075,  5/25/2022 7:16,3,1,Trust,0,1,0,0,0,,3,0,42,0,3,1,2,1,1,6,9,8,7,1,1,1,0,0,11,11,11,11,11,,0
7076,  5/24/2022 3:30,3,1,Trust_promise,1,0,0,0,0,1,4,1,38,0,4,1,2,1,1,2,11,9,8,1,0,1,0,1,11,11,11,11,11,1,0
7077,  5/24/2022 1:12,3,1,Default_yes,0,0,0,1,0,1,1,1,37,1,3,1,2,1,1,3,3,9,8,1,0,0,0,1,10,11,10,11,10,,1
7078,  5/25/2022 6:37,3,1,Default_no,0,0,0,0,1,1,5,0,43,0,2,0,1,1,1,3,4,9,7,1,0,0,0,0,8,10,10,10,9,,1
7079, 5/24/2022 12:14,3,1,Trust,0,1,0,0,0,,4,0,27,0,2,0,1,1,0,5,9,11,8,0,1,1,1,1,9,9,10,8,8,,0
7080, 5/24/2022 11:36,3,1,Default_no,0,0,0,0,1,1,4,1,39,0,3,1,1,1,1,11,11,10,3,1,1,1,0,0,5,3,3,1,1,,1
7081,  5/25/2022 6:30,3,1,Default_no,0,0,0,0,1,1,2,0,41,0,1,0,2,1,0,1,1,11,1,1,0,0,1,0,11,11,11,11,11,,1
7082, 5/24/2022 12:26,3,1,Default_yes,0,0,0,1,0,1,1,0,42,0,2,0,3,0,0,1,11,8,7,1,0,1,0,0,10,11,11,10,10,,1
7083,  5/25/2022 8:16,3,1,Default_no,0,0,0,0,1,1,2,1,61,0,3,1,3,0,0,1,1,8,9,1,0,0,0,1,11,11,11,11,11,,1
7084, 5/24/2022 12:23,3,1,Trust,0,1,0,0,0,,6,1,31,1,3,1,1,1,0,7,9,10,11,0,1,1,0,1,11,11,11,11,11,,0
7085, 5/24/2022 12:00,3,1,Trust,0,1,0,0,0,,4,0,21,1,2,0,2,1,0,6,6,9,6,0,1,1,0,0,9,9,9,9,8,,0
7086,  5/24/2022 5:51,3,1,Promise,0,0,1,0,0,1,2,1,22,1,3,1,3,0,0,1,2,11,7,0,0,0,1,0,11,11,11,11,11,1,0
7087, 5/24/2022 12:17,3,1,Control,0,0,0,0,0,,4,0,55,1,3,1,1,1,1,7,2,9,10,1,1,0,0,1,10,11,10,11,6,0,0
7088, 5/24/2022 12:37,3,1,Default_yes,0,0,0,1,0,1,4,1,25,1,3,1,1,1,0,7,11,10,4,0,1,1,0,0,10,11,11,11,11,,1
7089,  5/24/2022 2:33,3,1,Default_no,0,0,0,0,1,1,2,1,32,1,3,1,1,1,1,3,11,8,10,0,0,1,0,1,11,11,11,7,1,,1
7090, 5/24/2022 12:27,3,1,Trust,0,1,0,0,0,,6,0,40,0,3,1,2,1,1,2,1,10,6,1,0,0,0,0,11,11,11,8,9,,0
7091,  5/24/2022 8:06,3,1,Trust,0,1,0,0,0,,1,1,36,0,2,0,1,1,0,3,1,10,8,1,0,0,0,1,11,11,11,9,11,,0
7092,  5/24/2022 2:13,3,1,Trust_promise,1,0,0,0,0,1,5,0,37,1,2,0,1,1,0,6,1,11,6,1,1,0,1,0,11,11,11,11,11,1,0
7093,  5/25/2022 9:47,3,1,Default_yes,0,0,0,1,0,1,1,0,31,0,3,1,1,1,0,4,1,11,7,0,0,0,1,0,5,9,9,9,8,,1
7094,  5/24/2022 6:36,3,1,Trust,0,1,0,0,0,,2,1,60,0,3,1,3,0,0,3,11,11,5,1,0,1,1,0,10,11,11,11,6,,0
7095,  5/24/2022 3:40,3,1,Trust_promise,1,0,0,0,0,1,2,1,20,0,2,0,3,0,0,1,1,11,1,0,0,0,1,0,11,11,11,1,11,1,0
7096, 5/24/2022 12:43,3,1,Trust,0,1,0,0,0,,6,0,21,0,2,0,3,0,0,9,11,11,9,0,1,1,1,1,11,11,11,1,6,,0
7097,  5/24/2022 1:31,3,1,Promise,0,0,1,0,0,1,4,0,35,1,4,1,1,1,1,1,2,11,7,1,0,0,1,0,9,10,10,1,1,1,0
7098, 5/24/2022 12:56,3,1,Trust_promise,1,0,0,0,0,1,6,0,24,1,3,1,2,1,1,7,2,11,6,0,1,0,1,0,11,11,11,11,11,1,0
7099,  5/24/2022 6:26,3,1,Promise,0,0,1,0,0,1,5,1,25,0,3,1,1,1,1,1,1,10,4,0,0,0,0,0,8,6,6,4,5,1,0
7100,  5/24/2022 4:37,3,1,Trust_promise,1,0,0,0,0,1,6,1,53,1,2,0,2,1,1,6,11,9,9,1,1,1,0,1,11,11,11,1,11,1,0
7101,  5/24/2022 1:11,3,1,Trust,0,1,0,0,0,,3,0,74,1,2,0,1,1,1,1,1,11,6,1,0,0,1,0,8,6,6,6,6,,0
7102,  5/24/2022 2:02,3,1,Default_yes,0,0,0,1,0,1,5,0,54,0,4,1,1,1,1,8,11,8,9,1,1,1,0,1,10,11,11,11,1,,1
7103,  5/24/2022 1:20,3,1,Trust_promise,1,0,0,0,0,1,1,0,50,1,3,1,1,1,1,5,3,10,7,1,1,0,0,0,11,11,11,9,11,1,0
7104, 5/24/2022 12:35,3,1,Promise,0,0,1,0,0,1,5,1,26,1,3,1,3,0,0,1,1,11,8,0,0,0,1,1,11,11,11,11,11,1,0
7105,  5/24/2022 8:02,3,1,Control,0,0,0,0,0,,2,1,37,1,3,1,2,1,0,2,1,9,4,1,0,0,0,0,11,11,11,1,11,0,0
7106, 5/24/2022 11:48,3,1,Trust,0,1,0,0,0,,1,0,20,1,2,0,2,1,0,6,11,11,2,0,1,1,1,0,1,1,11,1,1,,0
7107,  5/24/2022 1:23,3,1,Default_no,0,0,0,0,1,1,6,0,22,1,3,1,1,1,1,1,2,10,8,0,0,0,0,1,8,8,8,9,7,,1
7108,  5/24/2022 5:09,3,1,Default_no,0,0,0,0,1,1,1,0,36,0,4,1,1,1,1,4,3,9,1,1,0,0,0,0,9,10,11,7,8,,1
7109, 5/24/2022 12:38,3,1,Trust_promise,1,0,0,0,0,1,5,0,38,0,3,1,1,1,1,4,2,8,7,1,0,0,0,0,11,11,11,11,11,1,0
7110,  5/24/2022 1:57,3,1,Trust,0,1,0,0,0,,4,0,18,0,2,0,1,1,0,6,4,9,5,0,1,0,0,0,11,11,11,10,10,,0
7111,  5/24/2022 7:50,3,1,Default_no,0,0,0,0,1,1,4,1,24,0,2,0,3,0,0,1,1,11,9,0,0,0,1,1,11,11,10,9,11,,1
7112, 5/24/2022 12:41,3,1,Control,0,0,0,0,0,,4,1,31,0,3,1,2,1,1,5,1,10,7,0,1,0,0,0,1,3,4,1,5,0,0
7113, 5/24/2022 12:59,3,1,Default_no,0,0,0,0,1,1,6,0,48,1,3,1,1,1,1,4,6,8,6,1,0,1,0,0,9,5,11,3,6,,1
7114,  5/24/2022 5:03,3,1,Default_no,0,0,0,0,1,1,6,1,28,0,5,1,1,1,1,5,3,9,3,0,1,0,0,0,3,3,6,3,3,,1
7115, 5/24/2022 10:59,3,1,Trust,0,1,0,0,0,,1,0,23,1,3,1,3,0,0,1,4,11,7,0,0,0,1,0,4,10,8,7,4,,0
7116, 5/24/2022 12:47,3,1,Default_yes,0,0,0,1,0,1,6,0,47,1,2,0,1,1,0,6,6,10,4,1,1,1,0,0,10,11,11,6,10,,1
7117,  5/24/2022 1:27,3,1,Control,0,0,0,0,0,,5,1,26,1,2,0,3,0,0,1,3,9,8,0,0,0,0,1,5,11,11,11,11,0,0
7118,  5/24/2022 1:11,3,1,Promise,0,0,1,0,0,1,2,1,64,1,2,0,3,0,0,6,11,11,9,1,1,1,1,1,6,7,11,11,11,1,0
7119, 5/24/2022 12:54,3,1,Default_no,0,0,0,0,1,1,3,1,66,1,4,1,1,1,0,1,1,9,6,1,0,0,0,0,6,8,8,8,8,,1
7120,  5/24/2022 4:17,3,1,Trust,0,1,0,0,0,,6,0,63,1,3,1,1,1,1,2,5,11,8,1,0,0,1,1,11,11,11,7,4,,0
7121, 5/24/2022 12:14,3,1,Control,0,0,0,0,0,,4,1,27,1,3,1,1,1,1,3,6,10,8,0,0,1,0,1,9,9,10,10,6,0,0
7122,  5/24/2022 6:33,3,1,Trust,0,1,0,0,0,,5,1,27,1,2,0,1,1,1,11,11,11,5,0,1,1,1,0,11,11,11,11,11,,0
7123,  5/24/2022 3:53,3,1,Default_no,0,0,0,0,1,1,3,1,67,1,4,1,2,1,1,2,10,11,10,1,0,1,1,1,11,9,11,10,10,,1
7124, 5/24/2022 12:51,3,1,Default_no,0,0,0,0,1,1,3,0,28,1,3,1,1,1,1,1,1,11,11,0,0,0,1,1,1,6,6,1,1,,1
7125,  5/24/2022 4:14,3,1,Trust,0,1,0,0,0,,3,1,27,1,2,0,1,1,0,3,2,8,5,0,0,0,0,0,11,11,11,11,11,,0
7126, 5/24/2022 12:21,3,1,Trust_promise,1,0,0,0,0,1,5,0,57,1,3,1,2,1,0,5,11,11,7,1,1,1,1,0,11,11,11,11,11,1,0
7127,  5/24/2022 5:46,3,1,Trust_promise,1,0,0,0,0,1,4,0,55,0,4,1,2,1,1,9,2,10,3,1,1,0,0,0,2,8,10,3,8,1,0
7128,  5/25/2022 8:17,3,1,Promise,0,0,1,0,0,1,4,1,32,0,3,1,2,1,1,6,8,8,7,0,1,1,0,0,11,9,10,9,11,1,0
7129, 5/24/2022 12:30,3,1,Default_yes,0,0,0,1,0,1,1,1,44,1,4,1,1,1,1,1,1,11,1,1,0,0,1,0,7,9,8,6,6,,1
7130, 5/24/2022 12:23,3,1,Control,0,0,0,0,0,,4,1,42,1,2,0,2,1,1,1,1,11,10,1,0,0,1,1,11,11,11,11,11,0,0
7131,  5/24/2022 5:45,3,1,Trust_promise,1,0,0,0,0,1,1,0,65,0,3,1,1,1,1,6,7,10,10,1,1,1,0,1,11,11,11,11,11,1,0
7132, 5/24/2022 12:25,3,1,Trust_promise,1,0,0,0,0,1,4,1,33,0,4,1,1,1,1,11,11,10,2,0,1,1,0,0,8,8,9,8,8,1,0
7133, 5/24/2022 12:58,3,1,Trust,0,1,0,0,0,,4,0,60,1,3,1,3,0,0,3,1,9,7,1,0,0,0,0,11,11,10,11,10,,0
7134,  5/24/2022 1:31,3,1,Promise,0,0,1,0,0,1,6,0,31,0,4,1,1,1,1,7,1,11,5,0,1,0,1,0,9,11,11,11,11,1,0
7135,  5/24/2022 5:52,3,1,Trust_promise,1,0,0,0,0,1,6,1,28,0,3,1,1,1,1,2,11,10,7,0,0,1,0,0,11,11,11,11,11,1,0
7136,  5/24/2022 1:46,3,1,Trust_promise,1,0,0,0,0,1,1,1,32,0,3,1,1,1,0,5,9,9,6,0,1,1,0,0,8,9,11,9,6,1,0
7137, 5/24/2022 10:41,3,1,Trust_promise,1,0,0,0,0,1,3,1,30,0,4,1,1,1,1,5,11,8,6,0,1,1,0,0,8,8,8,8,8,1,0
7138,  5/24/2022 5:56,3,1,Control,0,0,0,0,0,,6,0,56,1,3,1,2,1,0,3,10,10,9,1,0,1,0,1,3,9,10,8,10,0,0
7139,  5/24/2022 7:20,3,1,Promise,0,0,1,0,0,1,4,0,39,0,3,1,2,1,1,6,11,11,1,1,1,1,1,0,11,11,11,6,11,1,0
7140,  5/24/2022 7:06,3,1,Trust_promise,1,0,0,0,0,1,4,1,33,0,4,1,1,1,1,2,4,1,10,0,0,0,0,1,9,10,10,1,9,1,0
7141, 5/24/2022 12:05,3,1,Trust,0,1,0,0,0,,4,1,28,1,2,0,2,1,0,6,1,8,7,0,1,0,0,0,11,11,11,11,11,,0
7142,  5/25/2022 5:48,3,1,Default_no,0,0,0,0,1,1,2,0,31,0,5,1,1,1,1,6,11,11,9,0,1,1,1,1,11,11,11,9,10,,1
7143, 5/24/2022 10:56,3,1,Control,0,0,0,0,0,,2,1,31,1,2,0,3,0,0,5,8,7,6,0,1,1,0,0,9,11,11,11,11,0,0
7144,  5/24/2022 1:51,3,1,Default_yes,0,0,0,1,0,1,4,1,24,0,2,0,1,1,0,6,10,11,8,0,1,1,1,1,11,11,11,11,11,,1
7145,  5/24/2022 1:43,3,1,Trust,0,1,0,0,0,,6,0,22,0,2,0,1,1,1,1,1,8,7,0,0,0,0,0,11,9,11,2,3,,0
7146,  5/24/2022 3:10,3,1,Trust_promise,1,0,0,0,0,1,2,0,45,0,4,1,1,1,1,6,11,4,6,1,1,1,0,0,6,8,6,9,2,1,0
7147, 5/24/2022 12:25,3,1,Promise,0,0,1,0,0,1,2,1,33,0,2,0,1,1,0,2,1,2,8,0,0,0,0,1,1,1,1,1,1,1,0
7148, 5/24/2022 11:40,3,1,Default_yes,0,0,0,1,0,1,5,1,19,0,2,0,3,0,0,6,8,11,3,0,1,1,1,0,10,11,11,10,11,,1
7149, 5/24/2022 12:49,3,1,Promise,0,0,1,0,0,1,2,0,36,1,3,1,3,0,0,6,1,6,4,1,1,0,0,0,11,11,10,11,11,1,0
7150,  5/24/2022 1:05,3,1,Default_no,0,0,0,0,1,1,4,1,43,1,5,1,1,1,1,4,9,6,8,1,0,1,0,1,11,9,11,1,11,,1
7151,  5/24/2022 6:47,3,1,Default_no,0,0,0,0,1,1,2,1,54,1,2,0,1,1,0,1,4,9,8,1,0,0,0,1,11,11,11,10,6,,1
7152, 5/24/2022 12:58,3,1,Promise,0,0,1,0,0,1,2,1,29,0,3,1,1,1,1,3,1,10,6,0,0,0,0,0,6,6,6,3,3,1,0
7153, 5/24/2022 11:59,3,1,Control,0,0,0,0,0,,2,0,20,0,2,0,3,0,0,7,3,9,5,0,1,0,0,0,8,8,8,5,6,0,0
7154,  5/24/2022 7:06,3,1,Default_yes,0,0,0,1,0,1,5,0,52,0,2,0,2,1,0,4,11,11,8,1,0,1,1,1,7,11,11,9,8,,1
7155,  5/24/2022 2:25,3,1,Trust,0,1,0,0,0,,2,1,39,0,3,1,1,1,1,1,1,11,6,1,0,0,1,0,11,11,11,1,1,,0
7156,  5/24/2022 1:10,3,1,Trust,0,1,0,0,0,,4,1,34,0,3,1,1,1,1,1,1,8,7,0,0,0,0,0,7,8,6,4,7,,0
7157,  5/24/2022 4:08,3,1,Promise,0,0,1,0,0,1,5,0,37,1,3,1,1,1,1,3,11,9,5,1,0,1,0,0,5,8,9,6,2,1,0
7158,  5/24/2022 1:27,3,1,Control,0,0,0,0,0,,5,1,36,1,3,1,1,1,0,5,11,11,6,1,1,1,1,0,11,11,11,11,11,0,0
7159,  5/24/2022 5:35,3,1,Promise,0,0,1,0,0,1,3,0,42,1,2,0,3,0,1,7,11,9,6,1,1,1,0,0,11,11,11,8,11,1,0
7160,  5/24/2022 2:46,3,1,Trust,0,1,0,0,0,,1,0,19,1,2,0,1,1,0,1,1,7,5,0,0,0,0,0,8,9,11,11,11,,0
7161, 5/24/2022 11:33,3,1,Control,0,0,0,0,0,,5,0,37,1,3,1,1,1,0,3,2,11,6,1,0,0,1,0,9,7,11,9,10,0,0
7162, 5/24/2022 12:16,3,1,Default_yes,0,0,0,1,0,1,4,0,59,0,3,1,1,1,1,11,11,10,4,1,1,1,0,0,9,9,10,9,9,,1
7163, 5/24/2022 11:10,3,1,Promise,0,0,1,0,0,1,6,0,34,1,4,1,2,1,1,3,1,11,5,0,0,0,1,0,9,11,11,8,11,1,0
7164,  5/24/2022 3:27,3,1,Trust_promise,1,0,0,0,0,1,4,1,18,1,2,0,3,0,0,6,8,11,9,0,1,1,1,1,11,11,11,11,1,1,0
7165, 5/24/2022 12:25,3,1,Default_no,0,0,0,0,1,1,4,1,18,0,2,0,1,1,0,3,2,11,5,0,0,0,1,0,8,10,10,10,10,,1
7166,  5/24/2022 2:57,3,1,Default_yes,0,0,0,1,0,1,3,1,26,0,2,0,1,1,0,3,2,9,8,0,0,0,0,1,11,10,10,10,11,,1
7167,  5/24/2022 5:06,3,1,Trust_promise,1,0,0,0,0,1,5,0,47,0,3,1,3,0,0,3,2,7,8,1,0,0,0,1,11,11,11,11,11,1,0
7168, 5/24/2022 12:27,3,1,Default_yes,0,0,0,1,0,1,6,0,43,0,4,1,2,1,1,6,11,9,10,1,1,1,0,1,6,11,11,7,8,,1
7169,  5/24/2022 1:24,3,1,Default_no,0,0,0,0,1,1,4,1,26,1,2,0,1,1,0,2,1,10,6,0,0,0,0,0,11,11,11,9,11,,1
7170, 5/24/2022 11:07,3,1,Promise,0,0,1,0,0,1,6,1,20,0,2,0,3,0,0,2,2,6,6,0,0,0,0,0,7,7,6,6,6,1,0
7171, 5/24/2022 11:44,3,1,Promise,0,0,1,0,0,1,5,0,42,1,2,0,1,1,1,4,11,11,8,1,0,1,1,1,11,11,11,11,11,1,0
7172, 5/24/2022 11:33,3,1,Control,0,0,0,0,0,,2,0,70,0,4,1,3,0,1,11,11,11,8,1,1,1,1,1,9,11,11,11,9,0,0
7173,  5/24/2022 3:38,3,1,Trust,0,1,0,0,0,,5,1,22,1,2,0,2,1,0,3,10,7,5,0,0,1,0,0,8,10,10,10,10,,0
7174, 5/24/2022 12:35,3,1,Trust_promise,1,0,0,0,0,1,6,0,26,1,2,0,1,1,0,6,11,9,7,0,1,1,0,0,11,10,8,8,7,1,0
7175,  5/24/2022 2:08,3,1,Promise,0,0,1,0,0,1,3,0,42,0,4,1,1,1,0,2,1,10,8,1,0,0,0,1,8,9,9,9,4,1,0
7176,  5/24/2022 2:47,3,1,Control,0,0,0,0,0,,5,1,38,0,4,1,2,1,1,9,11,11,10,1,1,1,1,1,10,10,10,11,11,0,0
7177, 5/24/2022 12:38,3,1,Trust_promise,1,0,0,0,0,1,1,0,37,0,3,1,1,1,1,10,3,11,7,1,1,0,1,0,9,11,11,11,11,1,0
7178,  5/24/2022 2:32,3,1,Control,0,0,0,0,0,,4,1,22,1,3,1,2,1,1,3,1,9,9,0,0,0,0,1,9,10,9,10,10,0,0
7179,  5/24/2022 2:43,3,1,Control,0,0,0,0,0,,6,0,50,1,2,0,1,1,0,10,11,11,8,1,1,1,1,1,11,11,11,11,11,0,0
7180, 5/24/2022 12:38,3,1,Default_no,0,0,0,0,1,1,6,1,24,0,4,1,1,1,1,6,5,9,5,0,1,0,0,0,11,11,11,11,11,,1
7181,  5/24/2022 3:40,3,1,Default_no,0,0,0,0,1,1,5,0,34,0,3,1,3,0,0,3,1,9,9,0,0,0,0,1,11,11,11,10,7,,1
7182, 5/24/2022 10:50,3,1,Default_yes,0,0,0,1,0,1,2,0,38,1,2,0,3,0,0,9,8,11,1,1,1,1,1,0,11,11,11,11,11,,1
7183,  5/24/2022 1:03,3,1,Trust_promise,1,0,0,0,0,1,6,1,38,0,4,1,2,1,1,1,6,6,2,1,0,1,0,0,11,11,11,1,11,1,0
7184,  5/24/2022 7:46,3,1,Trust,0,1,0,0,0,,3,0,19,0,2,0,2,1,0,1,1,10,1,0,0,0,0,0,8,9,3,2,7,,0
7185,  5/24/2022 6:30,3,1,Control,0,0,0,0,0,,5,1,37,1,3,1,2,1,1,4,9,8,5,1,0,1,0,0,11,11,11,11,11,0,0
7186,  5/24/2022 3:02,3,1,Trust,0,1,0,0,0,,1,1,38,0,2,0,1,1,0,7,9,11,1,1,1,1,1,0,6,6,6,1,6,,0
7187, 5/25/2022 12:58,3,1,Trust,0,1,0,0,0,,6,0,29,0,3,1,1,1,1,1,2,10,9,0,0,0,0,1,11,11,11,8,10,,0
7188, 5/24/2022 11:39,3,1,Trust_promise,1,0,0,0,0,1,2,1,48,0,2,0,1,1,0,2,1,9,8,1,0,0,0,1,11,11,11,11,11,1,0
7189,  5/24/2022 1:16,3,1,Default_no,0,0,0,0,1,1,2,0,64,1,3,1,3,0,0,4,9,9,7,1,0,1,0,0,11,11,11,10,9,,1
7190, 5/24/2022 12:52,3,1,Default_yes,0,0,0,1,0,1,2,1,48,0,3,1,1,1,1,3,2,9,8,1,0,0,0,1,9,9,10,9,8,,1
7191, 5/24/2022 11:59,3,1,Default_yes,0,0,0,1,0,1,2,1,29,0,3,1,1,1,1,4,1,10,6,0,0,0,0,0,7,8,9,8,9,,1
7192,  5/24/2022 4:18,3,1,Trust,0,1,0,0,0,,5,1,41,1,3,1,3,0,1,3,1,8,8,1,0,0,0,1,9,9,9,9,9,,0
7193,  5/24/2022 6:17,3,1,Default_yes,0,0,0,1,0,1,6,1,65,1,3,1,3,0,0,1,1,11,7,1,0,0,1,0,11,11,11,11,11,,1
7194,  5/24/2022 6:44,3,1,Default_yes,0,0,0,1,0,1,4,0,53,1,3,1,1,1,0,2,11,9,5,1,0,1,0,0,11,10,9,8,10,,1
7195,  5/24/2022 2:43,3,1,Control,0,0,0,0,0,,1,0,37,1,4,1,1,1,1,1,1,10,7,1,0,0,0,0,10,10,10,8,10,0,0
7196,  5/24/2022 1:53,3,1,Trust_promise,1,0,0,0,0,1,1,0,59,1,3,1,3,0,0,3,1,9,9,1,0,0,0,1,11,11,11,11,11,1,0
7197,  5/24/2022 6:44,3,1,Promise,0,0,1,0,0,1,6,1,32,1,3,1,3,0,0,1,6,4,1,0,0,1,0,0,9,8,11,11,11,1,0
7198,  5/24/2022 2:25,3,1,Trust_promise,1,0,0,0,0,1,5,0,19,0,2,0,3,0,0,6,1,5,8,0,1,0,0,1,6,10,11,9,10,1,0
7199,  5/24/2022 4:10,3,1,Promise,0,0,1,0,0,1,3,1,34,0,3,1,1,1,0,1,1,8,7,0,0,0,0,0,10,9,10,10,8,1,0
7200,  5/24/2022 6:58,3,1,Default_yes,0,0,0,1,0,1,3,0,31,1,2,0,2,1,1,6,1,8,7,0,1,0,0,0,11,11,11,11,9,,1
